match_id,matchup_id,game_number,competitor,repetition,checkpoint_path,seat,points,pudding,opponent_competitor,opponent_repetition,opponent_points,opponent_pudding,opponent_competitors,opponent_repetitions,opponent_points_all,opponent_puddings,outcome
match_000001,matchup_0001,1,variable_2_4,1,/home/thlamz/SushiGo_MARL/results/league/variable_2_4/repetition_1/model.pt,0,59,3,random,1,30,1,random|variable_encoder_2_4,1|1,30|54,1|3,win
match_000001,matchup_0001,1,random,1,/home/thlamz/SushiGo_MARL/random,1,30,1,variable_2_4,1,59,3,variable_2_4|variable_encoder_2_4,1|1,59|54,3|3,loss
match_000001,matchup_0001,1,variable_encoder_2_4,1,/home/thlamz/SushiGo_MARL/results/league/variable_encoder_2_4/repetition_1/model.pt,2,54,3,variable_2_4,1,59,3,variable_2_4|random,1|1,59|30,3|1,loss
match_000002,matchup_0001,2,variable_2_4,1,/home/thlamz/SushiGo_MARL/results/league/variable_2_4/repetition_1/model.pt,0,52,3,random,1,13,2,random|variable_encoder_2_4,1|1,13|45,2|4,win
match_000002,matchup_0001,2,random,1,/home/thlamz/SushiGo_MARL/random,1,13,2,variable_2_4,1,52,3,variable_2_4|variable_encoder_2_4,1|1,52|45,3|4,loss
match_000002,matchup_0001,2,variable_encoder_2_4,1,/home/thlamz/SushiGo_MARL/results/league/variable_encoder_2_4/repetition_1/model.pt,2,45,4,variable_2_4,1,52,3,variable_2_4|random,1|1,52|13,3|2,loss
match_000003,matchup_0001,3,variable_2_4,1,/home/thlamz/SushiGo_MARL/results/league/variable_2_4/repetition_1/model.pt,0,47,5,random,1,23,3,random|variable_encoder_2_4,1|1,23|60,3|0,loss
match_000003,matchup_0001,3,random,1,/home/thlamz/SushiGo_MARL/random,1,23,3,variable_2_4,1,47,5,variable_2_4|variable_encoder_2_4,1|1,47|60,5|0,loss
match_000003,matchup_0001,3,variable_encoder_2_4,1,/home/thlamz/SushiGo_MARL/results/league/variable_encoder_2_4/repetition_1/model.pt,2,60,0,variable_2_4,1,47,5,variable_2_4|random,1|1,47|23,5|3,win
match_000004,matchup_0001,4,variable_encoder_2_4,1,/home/thlamz/SushiGo_MARL/results/league/variable_encoder_2_4/repetition_1/model.pt,0,50,3,variable_2_4,1,54,4,variable_2_4|random,1|1,54|30,4|1,loss
match_000004,matchup_0001,4,variable_2_4,1,/home/thlamz/SushiGo_MARL/results/league/variable_2_4/repetition_1/model.pt,1,54,4,variable_encoder_2_4,1,50,3,variable_encoder_2_4|random,1|1,50|30,3|1,win
match_000004,matchup_0001,4,random,1,/home/thlamz/SushiGo_MARL/random,2,30,1,variable_encoder_2_4,1,50,3,variable_encoder_2_4|variable_2_4,1|1,50|54,3|4,loss
match_000005,matchup_0001,5,variable_encoder_2_4,1,/home/thlamz/SushiGo_MARL/results/league/variable_encoder_2_4/repetition_1/model.pt,0,55,2,variable_2_4,1,51,4,variable_2_4|random,1|1,51|23,4|2,win
match_000005,matchup_0001,5,variable_2_4,1,/home/thlamz/SushiGo_MARL/results/league/variable_2_4/repetition_1/model.pt,1,51,4,variable_encoder_2_4,1,55,2,variable_encoder_2_4|random,1|1,55|23,2|2,loss
match_000005,matchup_0001,5,random,1,/home/thlamz/SushiGo_MARL/random,2,23,2,variable_encoder_2_4,1,55,2,variable_encoder_2_4|variable_2_4,1|1,55|51,2|4,loss
match_000006,matchup_0001,6,variable_2_4,1,/home/thlamz/SushiGo_MARL/results/league/variable_2_4/repetition_1/model.pt,0,52,3,random,1,20,1,random|variable_encoder_2_4,1|1,20|51,1|3,win
match_000006,matchup_0001,6,random,1,/home/thlamz/SushiGo_MARL/random,1,20,1,variable_2_4,1,52,3,variable_2_4|variable_encoder_2_4,1|1,52|51,3|3,loss
match_000006,matchup_0001,6,variable_encoder_2_4,1,/home/thlamz/SushiGo_MARL/results/league/variable_encoder_2_4/repetition_1/model.pt,2,51,3,variable_2_4,1,52,3,variable_2_4|random,1|1,52|20,3|1,loss
match_000007,matchup_0001,7,random,1,/home/thlamz/SushiGo_MARL/random,0,14,1,variable_encoder_2_4,1,51,2,variable_encoder_2_4|variable_2_4,1|1,51|47,2|4,loss
match_000007,matchup_0001,7,variable_encoder_2_4,1,/home/thlamz/SushiGo_MARL/results/league/variable_encoder_2_4/repetition_1/model.pt,1,51,2,random,1,14,1,random|variable_2_4,1|1,14|47,1|4,win
match_000007,matchup_0001,7,variable_2_4,1,/home/thlamz/SushiGo_MARL/results/league/variable_2_4/repetition_1/model.pt,2,47,4,random,1,14,1,random|variable_encoder_2_4,1|1,14|51,1|2,loss
match_000008,matchup_0001,8,variable_encoder_2_4,1,/home/thlamz/SushiGo_MARL/results/league/variable_encoder_2_4/repetition_1/model.pt,0,55,3,random,1,25,1,random|variable_2_4,1|1,25|59,1|4,loss
match_000008,matchup_0001,8,random,1,/home/thlamz/SushiGo_MARL/random,1,25,1,variable_encoder_2_4,1,55,3,variable_encoder_2_4|variable_2_4,1|1,55|59,3|4,loss
match_000008,matchup_0001,8,variable_2_4,1,/home/thlamz/SushiGo_MARL/results/league/variable_2_4/repetition_1/model.pt,2,59,4,variable_encoder_2_4,1,55,3,variable_encoder_2_4|random,1|1,55|25,3|1,win
match_000009,matchup_0001,9,variable_2_4,1,/home/thlamz/SushiGo_MARL/results/league/variable_2_4/repetition_1/model.pt,0,47,3,random,1,17,1,random|variable_encoder_2_4,1|1,17|60,1|3,loss
match_000009,matchup_0001,9,random,1,/home/thlamz/SushiGo_MARL/random,1,17,1,variable_2_4,1,47,3,variable_2_4|variable_encoder_2_4,1|1,47|60,3|3,loss
match_000009,matchup_0001,9,variable_encoder_2_4,1,/home/thlamz/SushiGo_MARL/results/league/variable_encoder_2_4/repetition_1/model.pt,2,60,3,variable_2_4,1,47,3,variable_2_4|random,1|1,47|17,3|1,win
match_000010,matchup_0001,10,variable_2_4,1,/home/thlamz/SushiGo_MARL/results/league/variable_2_4/repetition_1/model.pt,0,55,1,random,1,23,1,random|variable_encoder_2_4,1|1,23|59,1|2,loss
match_000010,matchup_0001,10,random,1,/home/thlamz/SushiGo_MARL/random,1,23,1,variable_2_4,1,55,1,variable_2_4|variable_encoder_2_4,1|1,55|59,1|2,loss
match_000010,matchup_0001,10,variable_encoder_2_4,1,/home/thlamz/SushiGo_MARL/results/league/variable_encoder_2_4/repetition_1/model.pt,2,59,2,variable_2_4,1,55,1,variable_2_4|random,1|1,55|23,1|1,win
match_000011,matchup_0001,11,random,1,/home/thlamz/SushiGo_MARL/random,0,23,0,variable_2_4,1,59,4,variable_2_4|variable_encoder_2_4,1|1,59|53,4|3,loss
match_000011,matchup_0001,11,variable_2_4,1,/home/thlamz/SushiGo_MARL/results/league/variable_2_4/repetition_1/model.pt,1,59,4,random,1,23,0,random|variable_encoder_2_4,1|1,23|53,0|3,win
match_000011,matchup_0001,11,variable_encoder_2_4,1,/home/thlamz/SushiGo_MARL/results/league/variable_encoder_2_4/repetition_1/model.pt,2,53,3,random,1,23,0,random|variable_2_4,1|1,23|59,0|4,loss
match_000012,matchup_0001,12,variable_2_4,1,/home/thlamz/SushiGo_MARL/results/league/variable_2_4/repetition_1/model.pt,0,54,4,variable_encoder_2_4,1,34,0,variable_encoder_2_4|random,1|1,34|27,0|4,win
match_000012,matchup_0001,12,variable_encoder_2_4,1,/home/thlamz/SushiGo_MARL/results/league/variable_encoder_2_4/repetition_1/model.pt,1,34,0,variable_2_4,1,54,4,variable_2_4|random,1|1,54|27,4|4,loss
match_000012,matchup_0001,12,random,1,/home/thlamz/SushiGo_MARL/random,2,27,4,variable_2_4,1,54,4,variable_2_4|variable_encoder_2_4,1|1,54|34,4|0,loss
match_000013,matchup_0001,13,random,1,/home/thlamz/SushiGo_MARL/random,0,42,2,variable_2_4,1,55,3,variable_2_4|variable_encoder_2_4,1|1,55|47,3|2,loss
match_000013,matchup_0001,13,variable_2_4,1,/home/thlamz/SushiGo_MARL/results/league/variable_2_4/repetition_1/model.pt,1,55,3,random,1,42,2,random|variable_encoder_2_4,1|1,42|47,2|2,win
match_000013,matchup_0001,13,variable_encoder_2_4,1,/home/thlamz/SushiGo_MARL/results/league/variable_encoder_2_4/repetition_1/model.pt,2,47,2,random,1,42,2,random|variable_2_4,1|1,42|55,2|3,loss
match_000014,matchup_0001,14,random,1,/home/thlamz/SushiGo_MARL/random,0,22,2,variable_2_4,1,47,3,variable_2_4|variable_encoder_2_4,1|1,47|51,3|4,loss
match_000014,matchup_0001,14,variable_2_4,1,/home/thlamz/SushiGo_MARL/results/league/variable_2_4/repetition_1/model.pt,1,47,3,random,1,22,2,random|variable_encoder_2_4,1|1,22|51,2|4,loss
match_000014,matchup_0001,14,variable_encoder_2_4,1,/home/thlamz/SushiGo_MARL/results/league/variable_encoder_2_4/repetition_1/model.pt,2,51,4,random,1,22,2,random|variable_2_4,1|1,22|47,2|3,win
match_000015,matchup_0001,15,variable_encoder_2_4,1,/home/thlamz/SushiGo_MARL/results/league/variable_encoder_2_4/repetition_1/model.pt,0,51,2,variable_2_4,1,58,4,variable_2_4|random,1|1,58|37,4|2,loss
match_000015,matchup_0001,15,variable_2_4,1,/home/thlamz/SushiGo_MARL/results/league/variable_2_4/repetition_1/model.pt,1,58,4,variable_encoder_2_4,1,51,2,variable_encoder_2_4|random,1|1,51|37,2|2,win
match_000015,matchup_0001,15,random,1,/home/thlamz/SushiGo_MARL/random,2,37,2,variable_encoder_2_4,1,51,2,variable_encoder_2_4|variable_2_4,1|1,51|58,2|4,loss
match_000016,matchup_0001,16,variable_2_4,1,/home/thlamz/SushiGo_MARL/results/league/variable_2_4/repetition_1/model.pt,0,51,2,variable_encoder_2_4,1,49,0,variable_encoder_2_4|random,1|1,49|43,0|4,win
match_000016,matchup_0001,16,variable_encoder_2_4,1,/home/thlamz/SushiGo_MARL/results/league/variable_encoder_2_4/repetition_1/model.pt,1,49,0,variable_2_4,1,51,2,variable_2_4|random,1|1,51|43,2|4,loss
match_000016,matchup_0001,16,random,1,/home/thlamz/SushiGo_MARL/random,2,43,4,variable_2_4,1,51,2,variable_2_4|variable_encoder_2_4,1|1,51|49,2|0,loss
match_000017,matchup_0001,17,variable_2_4,1,/home/thlamz/SushiGo_MARL/results/league/variable_2_4/repetition_1/model.pt,0,48,2,variable_encoder_2_4,1,50,3,variable_encoder_2_4|random,1|1,50|23,3|2,loss
match_000017,matchup_0001,17,variable_encoder_2_4,1,/home/thlamz/SushiGo_MARL/results/league/variable_encoder_2_4/repetition_1/model.pt,1,50,3,variable_2_4,1,48,2,variable_2_4|random,1|1,48|23,2|2,win
match_000017,matchup_0001,17,random,1,/home/thlamz/SushiGo_MARL/random,2,23,2,variable_2_4,1,48,2,variable_2_4|variable_encoder_2_4,1|1,48|50,2|3,loss
match_000018,matchup_0001,18,variable_encoder_2_4,1,/home/thlamz/SushiGo_MARL/results/league/variable_encoder_2_4/repetition_1/model.pt,0,55,4,random,1,28,3,random|variable_2_4,1|1,28|47,3|1,win
match_000018,matchup_0001,18,random,1,/home/thlamz/SushiGo_MARL/random,1,28,3,variable_encoder_2_4,1,55,4,variable_encoder_2_4|variable_2_4,1|1,55|47,4|1,loss
match_000018,matchup_0001,18,variable_2_4,1,/home/thlamz/SushiGo_MARL/results/league/variable_2_4/repetition_1/model.pt,2,47,1,variable_encoder_2_4,1,55,4,variable_encoder_2_4|random,1|1,55|28,4|3,loss
match_000019,matchup_0001,19,variable_2_4,1,/home/thlamz/SushiGo_MARL/results/league/variable_2_4/repetition_1/model.pt,0,62,2,random,1,26,1,random|variable_encoder_2_4,1|1,26|60,1|2,win
match_000019,matchup_0001,19,random,1,/home/thlamz/SushiGo_MARL/random,1,26,1,variable_2_4,1,62,2,variable_2_4|variable_encoder_2_4,1|1,62|60,2|2,loss
match_000019,matchup_0001,19,variable_encoder_2_4,1,/home/thlamz/SushiGo_MARL/results/league/variable_encoder_2_4/repetition_1/model.pt,2,60,2,variable_2_4,1,62,2,variable_2_4|random,1|1,62|26,2|1,loss
match_000020,matchup_0001,20,variable_2_4,1,/home/thlamz/SushiGo_MARL/results/league/variable_2_4/repetition_1/model.pt,0,57,3,variable_encoder_2_4,1,50,3,variable_encoder_2_4|random,1|1,50|11,3|1,win
match_000020,matchup_0001,20,variable_encoder_2_4,1,/home/thlamz/SushiGo_MARL/results/league/variable_encoder_2_4/repetition_1/model.pt,1,50,3,variable_2_4,1,57,3,variable_2_4|random,1|1,57|11,3|1,loss
match_000020,matchup_0001,20,random,1,/home/thlamz/SushiGo_MARL/random,2,11,1,variable_2_4,1,57,3,variable_2_4|variable_encoder_2_4,1|1,57|50,3|3,loss
match_000021,matchup_0001,21,variable_2_4,1,/home/thlamz/SushiGo_MARL/results/league/variable_2_4/repetition_1/model.pt,0,58,4,random,1,23,0,random|variable_encoder_2_4,1|1,23|54,0|3,win
match_000021,matchup_0001,21,random,1,/home/thlamz/SushiGo_MARL/random,1,23,0,variable_2_4,1,58,4,variable_2_4|variable_encoder_2_4,1|1,58|54,4|3,loss
match_000021,matchup_0001,21,variable_encoder_2_4,1,/home/thlamz/SushiGo_MARL/results/league/variable_encoder_2_4/repetition_1/model.pt,2,54,3,variable_2_4,1,58,4,variable_2_4|random,1|1,58|23,4|0,loss
match_000022,matchup_0001,22,random,1,/home/thlamz/SushiGo_MARL/random,0,14,1,variable_2_4,1,48,3,variable_2_4|variable_encoder_2_4,1|1,48|50,3|2,loss
match_000022,matchup_0001,22,variable_2_4,1,/home/thlamz/SushiGo_MARL/results/league/variable_2_4/repetition_1/model.pt,1,48,3,random,1,14,1,random|variable_encoder_2_4,1|1,14|50,1|2,loss
match_000022,matchup_0001,22,variable_encoder_2_4,1,/home/thlamz/SushiGo_MARL/results/league/variable_encoder_2_4/repetition_1/model.pt,2,50,2,random,1,14,1,random|variable_2_4,1|1,14|48,1|3,win
match_000023,matchup_0001,23,random,1,/home/thlamz/SushiGo_MARL/random,0,26,1,variable_2_4,1,45,6,variable_2_4|variable_encoder_2_4,1|1,45|46,6|1,loss
match_000023,matchup_0001,23,variable_2_4,1,/home/thlamz/SushiGo_MARL/results/league/variable_2_4/repetition_1/model.pt,1,45,6,random,1,26,1,random|variable_encoder_2_4,1|1,26|46,1|1,loss
match_000023,matchup_0001,23,variable_encoder_2_4,1,/home/thlamz/SushiGo_MARL/results/league/variable_encoder_2_4/repetition_1/model.pt,2,46,1,random,1,26,1,random|variable_2_4,1|1,26|45,1|6,win
match_000024,matchup_0001,24,variable_2_4,1,/home/thlamz/SushiGo_MARL/results/league/variable_2_4/repetition_1/model.pt,0,62,4,random,1,33,1,random|variable_encoder_2_4,1|1,33|52,1|3,win
match_000024,matchup_0001,24,random,1,/home/thlamz/SushiGo_MARL/random,1,33,1,variable_2_4,1,62,4,variable_2_4|variable_encoder_2_4,1|1,62|52,4|3,loss
match_000024,matchup_0001,24,variable_encoder_2_4,1,/home/thlamz/SushiGo_MARL/results/league/variable_encoder_2_4/repetition_1/model.pt,2,52,3,variable_2_4,1,62,4,variable_2_4|random,1|1,62|33,4|1,loss
match_000025,matchup_0001,25,random,1,/home/thlamz/SushiGo_MARL/random,0,20,4,variable_2_4,1,48,5,variable_2_4|variable_encoder_2_4,1|1,48|50,5|0,loss
match_000025,matchup_0001,25,variable_2_4,1,/home/thlamz/SushiGo_MARL/results/league/variable_2_4/repetition_1/model.pt,1,48,5,random,1,20,4,random|variable_encoder_2_4,1|1,20|50,4|0,loss
match_000025,matchup_0001,25,variable_encoder_2_4,1,/home/thlamz/SushiGo_MARL/results/league/variable_encoder_2_4/repetition_1/model.pt,2,50,0,random,1,20,4,random|variable_2_4,1|1,20|48,4|5,win
match_000026,matchup_0001,26,random,1,/home/thlamz/SushiGo_MARL/random,0,12,1,variable_2_4,1,58,5,variable_2_4|variable_encoder_2_4,1|1,58|55,5|3,loss
match_000026,matchup_0001,26,variable_2_4,1,/home/thlamz/SushiGo_MARL/results/league/variable_2_4/repetition_1/model.pt,1,58,5,random,1,12,1,random|variable_encoder_2_4,1|1,12|55,1|3,win
match_000026,matchup_0001,26,variable_encoder_2_4,1,/home/thlamz/SushiGo_MARL/results/league/variable_encoder_2_4/repetition_1/model.pt,2,55,3,random,1,12,1,random|variable_2_4,1|1,12|58,1|5,loss
match_000027,matchup_0001,27,random,1,/home/thlamz/SushiGo_MARL/random,0,31,0,variable_encoder_2_4,1,58,2,variable_encoder_2_4|variable_2_4,1|1,58|49,2|3,loss
match_000027,matchup_0001,27,variable_encoder_2_4,1,/home/thlamz/SushiGo_MARL/results/league/variable_encoder_2_4/repetition_1/model.pt,1,58,2,random,1,31,0,random|variable_2_4,1|1,31|49,0|3,win
match_000027,matchup_0001,27,variable_2_4,1,/home/thlamz/SushiGo_MARL/results/league/variable_2_4/repetition_1/model.pt,2,49,3,random,1,31,0,random|variable_encoder_2_4,1|1,31|58,0|2,loss
match_000028,matchup_0001,28,random,1,/home/thlamz/SushiGo_MARL/random,0,29,0,variable_encoder_2_4,1,46,4,variable_encoder_2_4|variable_2_4,1|1,46|47,4|4,loss
match_000028,matchup_0001,28,variable_encoder_2_4,1,/home/thlamz/SushiGo_MARL/results/league/variable_encoder_2_4/repetition_1/model.pt,1,46,4,random,1,29,0,random|variable_2_4,1|1,29|47,0|4,loss
match_000028,matchup_0001,28,variable_2_4,1,/home/thlamz/SushiGo_MARL/results/league/variable_2_4/repetition_1/model.pt,2,47,4,random,1,29,0,random|variable_encoder_2_4,1|1,29|46,0|4,win
match_000029,matchup_0001,29,random,1,/home/thlamz/SushiGo_MARL/random,0,25,2,variable_2_4,1,63,3,variable_2_4|variable_encoder_2_4,1|1,63|46,3|3,loss
match_000029,matchup_0001,29,variable_2_4,1,/home/thlamz/SushiGo_MARL/results/league/variable_2_4/repetition_1/model.pt,1,63,3,random,1,25,2,random|variable_encoder_2_4,1|1,25|46,2|3,win
match_000029,matchup_0001,29,variable_encoder_2_4,1,/home/thlamz/SushiGo_MARL/results/league/variable_encoder_2_4/repetition_1/model.pt,2,46,3,random,1,25,2,random|variable_2_4,1|1,25|63,2|3,loss
match_000030,matchup_0001,30,variable_2_4,1,/home/thlamz/SushiGo_MARL/results/league/variable_2_4/repetition_1/model.pt,0,56,4,random,1,34,2,random|variable_encoder_2_4,1|1,34|45,2|3,win
match_000030,matchup_0001,30,random,1,/home/thlamz/SushiGo_MARL/random,1,34,2,variable_2_4,1,56,4,variable_2_4|variable_encoder_2_4,1|1,56|45,4|3,loss
match_000030,matchup_0001,30,variable_encoder_2_4,1,/home/thlamz/SushiGo_MARL/results/league/variable_encoder_2_4/repetition_1/model.pt,2,45,3,variable_2_4,1,56,4,variable_2_4|random,1|1,56|34,4|2,loss
match_000031,matchup_0001,31,random,1,/home/thlamz/SushiGo_MARL/random,0,32,2,variable_encoder_2_4,1,55,1,variable_encoder_2_4|variable_2_4,1|1,55|47,1|5,loss
match_000031,matchup_0001,31,variable_encoder_2_4,1,/home/thlamz/SushiGo_MARL/results/league/variable_encoder_2_4/repetition_1/model.pt,1,55,1,random,1,32,2,random|variable_2_4,1|1,32|47,2|5,win
match_000031,matchup_0001,31,variable_2_4,1,/home/thlamz/SushiGo_MARL/results/league/variable_2_4/repetition_1/model.pt,2,47,5,random,1,32,2,random|variable_encoder_2_4,1|1,32|55,2|1,loss
match_000032,matchup_0001,32,variable_encoder_2_4,1,/home/thlamz/SushiGo_MARL/results/league/variable_encoder_2_4/repetition_1/model.pt,0,51,4,random,1,32,1,random|variable_2_4,1|1,32|46,1|5,win
match_000032,matchup_0001,32,random,1,/home/thlamz/SushiGo_MARL/random,1,32,1,variable_encoder_2_4,1,51,4,variable_encoder_2_4|variable_2_4,1|1,51|46,4|5,loss
match_000032,matchup_0001,32,variable_2_4,1,/home/thlamz/SushiGo_MARL/results/league/variable_2_4/repetition_1/model.pt,2,46,5,variable_encoder_2_4,1,51,4,variable_encoder_2_4|random,1|1,51|32,4|1,loss
match_000033,matchup_0001,33,variable_encoder_2_4,1,/home/thlamz/SushiGo_MARL/results/league/variable_encoder_2_4/repetition_1/model.pt,0,39,3,variable_2_4,1,51,4,variable_2_4|random,1|1,51|22,4|1,loss
match_000033,matchup_0001,33,variable_2_4,1,/home/thlamz/SushiGo_MARL/results/league/variable_2_4/repetition_1/model.pt,1,51,4,variable_encoder_2_4,1,39,3,variable_encoder_2_4|random,1|1,39|22,3|1,win
match_000033,matchup_0001,33,random,1,/home/thlamz/SushiGo_MARL/random,2,22,1,variable_encoder_2_4,1,39,3,variable_encoder_2_4|variable_2_4,1|1,39|51,3|4,loss
match_000034,matchup_0001,34,variable_encoder_2_4,1,/home/thlamz/SushiGo_MARL/results/league/variable_encoder_2_4/repetition_1/model.pt,0,44,3,variable_2_4,1,53,4,variable_2_4|random,1|1,53|23,4|1,loss
match_000034,matchup_0001,34,variable_2_4,1,/home/thlamz/SushiGo_MARL/results/league/variable_2_4/repetition_1/model.pt,1,53,4,variable_encoder_2_4,1,44,3,variable_encoder_2_4|random,1|1,44|23,3|1,win
match_000034,matchup_0001,34,random,1,/home/thlamz/SushiGo_MARL/random,2,23,1,variable_encoder_2_4,1,44,3,variable_encoder_2_4|variable_2_4,1|1,44|53,3|4,loss
match_000035,matchup_0001,35,variable_encoder_2_4,1,/home/thlamz/SushiGo_MARL/results/league/variable_encoder_2_4/repetition_1/model.pt,0,55,3,variable_2_4,1,57,3,variable_2_4|random,1|1,57|20,3|0,loss
match_000035,matchup_0001,35,variable_2_4,1,/home/thlamz/SushiGo_MARL/results/league/variable_2_4/repetition_1/model.pt,1,57,3,variable_encoder_2_4,1,55,3,variable_encoder_2_4|random,1|1,55|20,3|0,win
match_000035,matchup_0001,35,random,1,/home/thlamz/SushiGo_MARL/random,2,20,0,variable_encoder_2_4,1,55,3,variable_encoder_2_4|variable_2_4,1|1,55|57,3|3,loss
match_000036,matchup_0001,36,random,1,/home/thlamz/SushiGo_MARL/random,0,34,0,variable_2_4,1,56,3,variable_2_4|variable_encoder_2_4,1|1,56|63,3|3,loss
match_000036,matchup_0001,36,variable_2_4,1,/home/thlamz/SushiGo_MARL/results/league/variable_2_4/repetition_1/model.pt,1,56,3,random,1,34,0,random|variable_encoder_2_4,1|1,34|63,0|3,loss
match_000036,matchup_0001,36,variable_encoder_2_4,1,/home/thlamz/SushiGo_MARL/results/league/variable_encoder_2_4/repetition_1/model.pt,2,63,3,random,1,34,0,random|variable_2_4,1|1,34|56,0|3,win
match_000037,matchup_0001,37,variable_encoder_2_4,1,/home/thlamz/SushiGo_MARL/results/league/variable_encoder_2_4/repetition_1/model.pt,0,59,0,variable_2_4,1,51,4,variable_2_4|random,1|1,51|32,4|4,win
match_000037,matchup_0001,37,variable_2_4,1,/home/thlamz/SushiGo_MARL/results/league/variable_2_4/repetition_1/model.pt,1,51,4,variable_encoder_2_4,1,59,0,variable_encoder_2_4|random,1|1,59|32,0|4,loss
match_000037,matchup_0001,37,random,1,/home/thlamz/SushiGo_MARL/random,2,32,4,variable_encoder_2_4,1,59,0,variable_encoder_2_4|variable_2_4,1|1,59|51,0|4,loss
match_000038,matchup_0001,38,random,1,/home/thlamz/SushiGo_MARL/random,0,26,2,variable_encoder_2_4,1,60,3,variable_encoder_2_4|variable_2_4,1|1,60|41,3|2,loss
match_000038,matchup_0001,38,variable_encoder_2_4,1,/home/thlamz/SushiGo_MARL/results/league/variable_encoder_2_4/repetition_1/model.pt,1,60,3,random,1,26,2,random|variable_2_4,1|1,26|41,2|2,win
match_000038,matchup_0001,38,variable_2_4,1,/home/thlamz/SushiGo_MARL/results/league/variable_2_4/repetition_1/model.pt,2,41,2,random,1,26,2,random|variable_encoder_2_4,1|1,26|60,2|3,loss
match_000039,matchup_0001,39,variable_encoder_2_4,1,/home/thlamz/SushiGo_MARL/results/league/variable_encoder_2_4/repetition_1/model.pt,0,46,3,variable_2_4,1,44,3,variable_2_4|random,1|1,44|29,3|1,win
match_000039,matchup_0001,39,variable_2_4,1,/home/thlamz/SushiGo_MARL/results/league/variable_2_4/repetition_1/model.pt,1,44,3,variable_encoder_2_4,1,46,3,variable_encoder_2_4|random,1|1,46|29,3|1,loss
match_000039,matchup_0001,39,random,1,/home/thlamz/SushiGo_MARL/random,2,29,1,variable_encoder_2_4,1,46,3,variable_encoder_2_4|variable_2_4,1|1,46|44,3|3,loss
match_000040,matchup_0001,40,variable_encoder_2_4,1,/home/thlamz/SushiGo_MARL/results/league/variable_encoder_2_4/repetition_1/model.pt,0,52,3,random,1,25,2,random|variable_2_4,1|1,25|53,2|3,loss
match_000040,matchup_0001,40,random,1,/home/thlamz/SushiGo_MARL/random,1,25,2,variable_encoder_2_4,1,52,3,variable_encoder_2_4|variable_2_4,1|1,52|53,3|3,loss
match_000040,matchup_0001,40,variable_2_4,1,/home/thlamz/SushiGo_MARL/results/league/variable_2_4/repetition_1/model.pt,2,53,3,variable_encoder_2_4,1,52,3,variable_encoder_2_4|random,1|1,52|25,3|2,win
match_000041,matchup_0001,41,variable_2_4,1,/home/thlamz/SushiGo_MARL/results/league/variable_2_4/repetition_1/model.pt,0,47,2,random,1,35,3,random|variable_encoder_2_4,1|1,35|54,3|3,loss
match_000041,matchup_0001,41,random,1,/home/thlamz/SushiGo_MARL/random,1,35,3,variable_2_4,1,47,2,variable_2_4|variable_encoder_2_4,1|1,47|54,2|3,loss
match_000041,matchup_0001,41,variable_encoder_2_4,1,/home/thlamz/SushiGo_MARL/results/league/variable_encoder_2_4/repetition_1/model.pt,2,54,3,variable_2_4,1,47,2,variable_2_4|random,1|1,47|35,2|3,win
match_000042,matchup_0001,42,variable_2_4,1,/home/thlamz/SushiGo_MARL/results/league/variable_2_4/repetition_1/model.pt,0,55,2,variable_encoder_2_4,1,52,0,variable_encoder_2_4|random,1|1,52|26,0|4,win
match_000042,matchup_0001,42,variable_encoder_2_4,1,/home/thlamz/SushiGo_MARL/results/league/variable_encoder_2_4/repetition_1/model.pt,1,52,0,variable_2_4,1,55,2,variable_2_4|random,1|1,55|26,2|4,loss
match_000042,matchup_0001,42,random,1,/home/thlamz/SushiGo_MARL/random,2,26,4,variable_2_4,1,55,2,variable_2_4|variable_encoder_2_4,1|1,55|52,2|0,loss
match_000043,matchup_0001,43,variable_encoder_2_4,1,/home/thlamz/SushiGo_MARL/results/league/variable_encoder_2_4/repetition_1/model.pt,0,47,3,random,1,27,2,random|variable_2_4,1|1,27|53,2|4,loss
match_000043,matchup_0001,43,random,1,/home/thlamz/SushiGo_MARL/random,1,27,2,variable_encoder_2_4,1,47,3,variable_encoder_2_4|variable_2_4,1|1,47|53,3|4,loss
match_000043,matchup_0001,43,variable_2_4,1,/home/thlamz/SushiGo_MARL/results/league/variable_2_4/repetition_1/model.pt,2,53,4,variable_encoder_2_4,1,47,3,variable_encoder_2_4|random,1|1,47|27,3|2,win
match_000044,matchup_0001,44,random,1,/home/thlamz/SushiGo_MARL/random,0,33,1,variable_encoder_2_4,1,54,2,variable_encoder_2_4|variable_2_4,1|1,54|44,2|2,loss
match_000044,matchup_0001,44,variable_encoder_2_4,1,/home/thlamz/SushiGo_MARL/results/league/variable_encoder_2_4/repetition_1/model.pt,1,54,2,random,1,33,1,random|variable_2_4,1|1,33|44,1|2,win
match_000044,matchup_0001,44,variable_2_4,1,/home/thlamz/SushiGo_MARL/results/league/variable_2_4/repetition_1/model.pt,2,44,2,random,1,33,1,random|variable_encoder_2_4,1|1,33|54,1|2,loss
match_000045,matchup_0001,45,variable_2_4,1,/home/thlamz/SushiGo_MARL/results/league/variable_2_4/repetition_1/model.pt,0,47,3,variable_encoder_2_4,1,49,4,variable_encoder_2_4|random,1|1,49|21,4|1,loss
match_000045,matchup_0001,45,variable_encoder_2_4,1,/home/thlamz/SushiGo_MARL/results/league/variable_encoder_2_4/repetition_1/model.pt,1,49,4,variable_2_4,1,47,3,variable_2_4|random,1|1,47|21,3|1,win
match_000045,matchup_0001,45,random,1,/home/thlamz/SushiGo_MARL/random,2,21,1,variable_2_4,1,47,3,variable_2_4|variable_encoder_2_4,1|1,47|49,3|4,loss
match_000046,matchup_0001,46,random,1,/home/thlamz/SushiGo_MARL/random,0,29,1,variable_encoder_2_4,1,54,3,variable_encoder_2_4|variable_2_4,1|1,54|58,3|4,loss
match_000046,matchup_0001,46,variable_encoder_2_4,1,/home/thlamz/SushiGo_MARL/results/league/variable_encoder_2_4/repetition_1/model.pt,1,54,3,random,1,29,1,random|variable_2_4,1|1,29|58,1|4,loss
match_000046,matchup_0001,46,variable_2_4,1,/home/thlamz/SushiGo_MARL/results/league/variable_2_4/repetition_1/model.pt,2,58,4,random,1,29,1,random|variable_encoder_2_4,1|1,29|54,1|3,win
match_000047,matchup_0001,47,variable_2_4,1,/home/thlamz/SushiGo_MARL/results/league/variable_2_4/repetition_1/model.pt,0,50,4,variable_encoder_2_4,1,48,2,variable_encoder_2_4|random,1|1,48|23,2|2,win
match_000047,matchup_0001,47,variable_encoder_2_4,1,/home/thlamz/SushiGo_MARL/results/league/variable_encoder_2_4/repetition_1/model.pt,1,48,2,variable_2_4,1,50,4,variable_2_4|random,1|1,50|23,4|2,loss
match_000047,matchup_0001,47,random,1,/home/thlamz/SushiGo_MARL/random,2,23,2,variable_2_4,1,50,4,variable_2_4|variable_encoder_2_4,1|1,50|48,4|2,loss
match_000048,matchup_0001,48,variable_encoder_2_4,1,/home/thlamz/SushiGo_MARL/results/league/variable_encoder_2_4/repetition_1/model.pt,0,49,3,variable_2_4,1,50,4,variable_2_4|random,1|1,50|30,4|2,loss
match_000048,matchup_0001,48,variable_2_4,1,/home/thlamz/SushiGo_MARL/results/league/variable_2_4/repetition_1/model.pt,1,50,4,variable_encoder_2_4,1,49,3,variable_encoder_2_4|random,1|1,49|30,3|2,win
match_000048,matchup_0001,48,random,1,/home/thlamz/SushiGo_MARL/random,2,30,2,variable_encoder_2_4,1,49,3,variable_encoder_2_4|variable_2_4,1|1,49|50,3|4,loss
match_000049,matchup_0001,49,variable_encoder_2_4,1,/home/thlamz/SushiGo_MARL/results/league/variable_encoder_2_4/repetition_1/model.pt,0,59,3,random,1,25,2,random|variable_2_4,1|1,25|51,2|3,win
match_000049,matchup_0001,49,random,1,/home/thlamz/SushiGo_MARL/random,1,25,2,variable_encoder_2_4,1,59,3,variable_encoder_2_4|variable_2_4,1|1,59|51,3|3,loss
match_000049,matchup_0001,49,variable_2_4,1,/home/thlamz/SushiGo_MARL/results/league/variable_2_4/repetition_1/model.pt,2,51,3,variable_encoder_2_4,1,59,3,variable_encoder_2_4|random,1|1,59|25,3|2,loss
match_000050,matchup_0001,50,variable_encoder_2_4,1,/home/thlamz/SushiGo_MARL/results/league/variable_encoder_2_4/repetition_1/model.pt,0,53,4,variable_2_4,1,44,4,variable_2_4|random,1|1,44|26,4|1,win
match_000050,matchup_0001,50,variable_2_4,1,/home/thlamz/SushiGo_MARL/results/league/variable_2_4/repetition_1/model.pt,1,44,4,variable_encoder_2_4,1,53,4,variable_encoder_2_4|random,1|1,53|26,4|1,loss
match_000050,matchup_0001,50,random,1,/home/thlamz/SushiGo_MARL/random,2,26,1,variable_encoder_2_4,1,53,4,variable_encoder_2_4|variable_2_4,1|1,53|44,4|4,loss
match_000051,matchup_0001,51,variable_encoder_2_4,1,/home/thlamz/SushiGo_MARL/results/league/variable_encoder_2_4/repetition_1/model.pt,0,49,4,random,1,25,0,random|variable_2_4,1|1,25|54,0|4,loss
match_000051,matchup_0001,51,random,1,/home/thlamz/SushiGo_MARL/random,1,25,0,variable_encoder_2_4,1,49,4,variable_encoder_2_4|variable_2_4,1|1,49|54,4|4,loss
match_000051,matchup_0001,51,variable_2_4,1,/home/thlamz/SushiGo_MARL/results/league/variable_2_4/repetition_1/model.pt,2,54,4,variable_encoder_2_4,1,49,4,variable_encoder_2_4|random,1|1,49|25,4|0,win
match_000052,matchup_0001,52,variable_2_4,1,/home/thlamz/SushiGo_MARL/results/league/variable_2_4/repetition_1/model.pt,0,50,3,random,1,23,1,random|variable_encoder_2_4,1|1,23|60,1|3,loss
match_000052,matchup_0001,52,random,1,/home/thlamz/SushiGo_MARL/random,1,23,1,variable_2_4,1,50,3,variable_2_4|variable_encoder_2_4,1|1,50|60,3|3,loss
match_000052,matchup_0001,52,variable_encoder_2_4,1,/home/thlamz/SushiGo_MARL/results/league/variable_encoder_2_4/repetition_1/model.pt,2,60,3,variable_2_4,1,50,3,variable_2_4|random,1|1,50|23,3|1,win
match_000053,matchup_0001,53,variable_encoder_2_4,1,/home/thlamz/SushiGo_MARL/results/league/variable_encoder_2_4/repetition_1/model.pt,0,56,3,random,1,18,1,random|variable_2_4,1|1,18|47,1|4,win
match_000053,matchup_0001,53,random,1,/home/thlamz/SushiGo_MARL/random,1,18,1,variable_encoder_2_4,1,56,3,variable_encoder_2_4|variable_2_4,1|1,56|47,3|4,loss
match_000053,matchup_0001,53,variable_2_4,1,/home/thlamz/SushiGo_MARL/results/league/variable_2_4/repetition_1/model.pt,2,47,4,variable_encoder_2_4,1,56,3,variable_encoder_2_4|random,1|1,56|18,3|1,loss
match_000054,matchup_0001,54,variable_2_4,1,/home/thlamz/SushiGo_MARL/results/league/variable_2_4/repetition_1/model.pt,0,40,6,random,1,37,0,random|variable_encoder_2_4,1|1,37|54,0|0,loss
match_000054,matchup_0001,54,random,1,/home/thlamz/SushiGo_MARL/random,1,37,0,variable_2_4,1,40,6,variable_2_4|variable_encoder_2_4,1|1,40|54,6|0,loss
match_000054,matchup_0001,54,variable_encoder_2_4,1,/home/thlamz/SushiGo_MARL/results/league/variable_encoder_2_4/repetition_1/model.pt,2,54,0,variable_2_4,1,40,6,variable_2_4|random,1|1,40|37,6|0,win
match_000055,matchup_0001,55,random,1,/home/thlamz/SushiGo_MARL/random,0,14,1,variable_2_4,1,53,3,variable_2_4|variable_encoder_2_4,1|1,53|59,3|3,loss
match_000055,matchup_0001,55,variable_2_4,1,/home/thlamz/SushiGo_MARL/results/league/variable_2_4/repetition_1/model.pt,1,53,3,random,1,14,1,random|variable_encoder_2_4,1|1,14|59,1|3,loss
match_000055,matchup_0001,55,variable_encoder_2_4,1,/home/thlamz/SushiGo_MARL/results/league/variable_encoder_2_4/repetition_1/model.pt,2,59,3,random,1,14,1,random|variable_2_4,1|1,14|53,1|3,win
match_000056,matchup_0001,56,variable_encoder_2_4,1,/home/thlamz/SushiGo_MARL/results/league/variable_encoder_2_4/repetition_1/model.pt,0,47,2,random,1,30,3,random|variable_2_4,1|1,30|56,3|2,loss
match_000056,matchup_0001,56,random,1,/home/thlamz/SushiGo_MARL/random,1,30,3,variable_encoder_2_4,1,47,2,variable_encoder_2_4|variable_2_4,1|1,47|56,2|2,loss
match_000056,matchup_0001,56,variable_2_4,1,/home/thlamz/SushiGo_MARL/results/league/variable_2_4/repetition_1/model.pt,2,56,2,variable_encoder_2_4,1,47,2,variable_encoder_2_4|random,1|1,47|30,2|3,win
match_000057,matchup_0001,57,variable_2_4,1,/home/thlamz/SushiGo_MARL/results/league/variable_2_4/repetition_1/model.pt,0,42,2,random,1,39,3,random|variable_encoder_2_4,1|1,39|59,3|3,loss
match_000057,matchup_0001,57,random,1,/home/thlamz/SushiGo_MARL/random,1,39,3,variable_2_4,1,42,2,variable_2_4|variable_encoder_2_4,1|1,42|59,2|3,loss
match_000057,matchup_0001,57,variable_encoder_2_4,1,/home/thlamz/SushiGo_MARL/results/league/variable_encoder_2_4/repetition_1/model.pt,2,59,3,variable_2_4,1,42,2,variable_2_4|random,1|1,42|39,2|3,win
match_000058,matchup_0001,58,variable_2_4,1,/home/thlamz/SushiGo_MARL/results/league/variable_2_4/repetition_1/model.pt,0,48,5,random,1,33,3,random|variable_encoder_2_4,1|1,33|53,3|0,loss
match_000058,matchup_0001,58,random,1,/home/thlamz/SushiGo_MARL/random,1,33,3,variable_2_4,1,48,5,variable_2_4|variable_encoder_2_4,1|1,48|53,5|0,loss
match_000058,matchup_0001,58,variable_encoder_2_4,1,/home/thlamz/SushiGo_MARL/results/league/variable_encoder_2_4/repetition_1/model.pt,2,53,0,variable_2_4,1,48,5,variable_2_4|random,1|1,48|33,5|3,win
match_000059,matchup_0001,59,variable_encoder_2_4,1,/home/thlamz/SushiGo_MARL/results/league/variable_encoder_2_4/repetition_1/model.pt,0,48,0,random,1,29,3,random|variable_2_4,1|1,29|47,3|5,win
match_000059,matchup_0001,59,random,1,/home/thlamz/SushiGo_MARL/random,1,29,3,variable_encoder_2_4,1,48,0,variable_encoder_2_4|variable_2_4,1|1,48|47,0|5,loss
match_000059,matchup_0001,59,variable_2_4,1,/home/thlamz/SushiGo_MARL/results/league/variable_2_4/repetition_1/model.pt,2,47,5,variable_encoder_2_4,1,48,0,variable_encoder_2_4|random,1|1,48|29,0|3,loss
match_000060,matchup_0001,60,variable_encoder_2_4,1,/home/thlamz/SushiGo_MARL/results/league/variable_encoder_2_4/repetition_1/model.pt,0,62,3,variable_2_4,1,46,2,variable_2_4|random,1|1,46|45,2|2,win
match_000060,matchup_0001,60,variable_2_4,1,/home/thlamz/SushiGo_MARL/results/league/variable_2_4/repetition_1/model.pt,1,46,2,variable_encoder_2_4,1,62,3,variable_encoder_2_4|random,1|1,62|45,3|2,loss
match_000060,matchup_0001,60,random,1,/home/thlamz/SushiGo_MARL/random,2,45,2,variable_encoder_2_4,1,62,3,variable_encoder_2_4|variable_2_4,1|1,62|46,3|2,loss
match_000061,matchup_0001,61,random,1,/home/thlamz/SushiGo_MARL/random,0,26,3,variable_2_4,1,49,2,variable_2_4|variable_encoder_2_4,1|1,49|38,2|2,loss
match_000061,matchup_0001,61,variable_2_4,1,/home/thlamz/SushiGo_MARL/results/league/variable_2_4/repetition_1/model.pt,1,49,2,random,1,26,3,random|variable_encoder_2_4,1|1,26|38,3|2,win
match_000061,matchup_0001,61,variable_encoder_2_4,1,/home/thlamz/SushiGo_MARL/results/league/variable_encoder_2_4/repetition_1/model.pt,2,38,2,random,1,26,3,random|variable_2_4,1|1,26|49,3|2,loss
match_000062,matchup_0001,62,variable_encoder_2_4,1,/home/thlamz/SushiGo_MARL/results/league/variable_encoder_2_4/repetition_1/model.pt,0,45,0,variable_2_4,1,41,5,variable_2_4|random,1|1,41|29,5|1,win
match_000062,matchup_0001,62,variable_2_4,1,/home/thlamz/SushiGo_MARL/results/league/variable_2_4/repetition_1/model.pt,1,41,5,variable_encoder_2_4,1,45,0,variable_encoder_2_4|random,1|1,45|29,0|1,loss
match_000062,matchup_0001,62,random,1,/home/thlamz/SushiGo_MARL/random,2,29,1,variable_encoder_2_4,1,45,0,variable_encoder_2_4|variable_2_4,1|1,45|41,0|5,loss
match_000063,matchup_0001,63,random,1,/home/thlamz/SushiGo_MARL/random,0,21,2,variable_encoder_2_4,1,61,3,variable_encoder_2_4|variable_2_4,1|1,61|53,3|2,loss
match_000063,matchup_0001,63,variable_encoder_2_4,1,/home/thlamz/SushiGo_MARL/results/league/variable_encoder_2_4/repetition_1/model.pt,1,61,3,random,1,21,2,random|variable_2_4,1|1,21|53,2|2,win
match_000063,matchup_0001,63,variable_2_4,1,/home/thlamz/SushiGo_MARL/results/league/variable_2_4/repetition_1/model.pt,2,53,2,random,1,21,2,random|variable_encoder_2_4,1|1,21|61,2|3,loss
match_000064,matchup_0001,64,variable_2_4,1,/home/thlamz/SushiGo_MARL/results/league/variable_2_4/repetition_1/model.pt,0,58,3,variable_encoder_2_4,1,58,3,variable_encoder_2_4|random,1|1,58|23,3|1,tie
match_000064,matchup_0001,64,variable_encoder_2_4,1,/home/thlamz/SushiGo_MARL/results/league/variable_encoder_2_4/repetition_1/model.pt,1,58,3,variable_2_4,1,58,3,variable_2_4|random,1|1,58|23,3|1,tie
match_000064,matchup_0001,64,random,1,/home/thlamz/SushiGo_MARL/random,2,23,1,variable_2_4,1,58,3,variable_2_4|variable_encoder_2_4,1|1,58|58,3|3,loss
match_000065,matchup_0001,65,variable_2_4,1,/home/thlamz/SushiGo_MARL/results/league/variable_2_4/repetition_1/model.pt,0,53,2,random,1,21,1,random|variable_encoder_2_4,1|1,21|50,1|3,win
match_000065,matchup_0001,65,random,1,/home/thlamz/SushiGo_MARL/random,1,21,1,variable_2_4,1,53,2,variable_2_4|variable_encoder_2_4,1|1,53|50,2|3,loss
match_000065,matchup_0001,65,variable_encoder_2_4,1,/home/thlamz/SushiGo_MARL/results/league/variable_encoder_2_4/repetition_1/model.pt,2,50,3,variable_2_4,1,53,2,variable_2_4|random,1|1,53|21,2|1,loss
match_000066,matchup_0001,66,variable_encoder_2_4,1,/home/thlamz/SushiGo_MARL/results/league/variable_encoder_2_4/repetition_1/model.pt,0,55,3,variable_2_4,1,46,4,variable_2_4|random,1|1,46|21,4|0,win
match_000066,matchup_0001,66,variable_2_4,1,/home/thlamz/SushiGo_MARL/results/league/variable_2_4/repetition_1/model.pt,1,46,4,variable_encoder_2_4,1,55,3,variable_encoder_2_4|random,1|1,55|21,3|0,loss
match_000066,matchup_0001,66,random,1,/home/thlamz/SushiGo_MARL/random,2,21,0,variable_encoder_2_4,1,55,3,variable_encoder_2_4|variable_2_4,1|1,55|46,3|4,loss
match_000067,matchup_0001,67,variable_2_4,1,/home/thlamz/SushiGo_MARL/results/league/variable_2_4/repetition_1/model.pt,0,58,2,variable_encoder_2_4,1,63,3,variable_encoder_2_4|random,1|1,63|32,3|1,loss
match_000067,matchup_0001,67,variable_encoder_2_4,1,/home/thlamz/SushiGo_MARL/results/league/variable_encoder_2_4/repetition_1/model.pt,1,63,3,variable_2_4,1,58,2,variable_2_4|random,1|1,58|32,2|1,win
match_000067,matchup_0001,67,random,1,/home/thlamz/SushiGo_MARL/random,2,32,1,variable_2_4,1,58,2,variable_2_4|variable_encoder_2_4,1|1,58|63,2|3,loss
match_000068,matchup_0001,68,random,1,/home/thlamz/SushiGo_MARL/random,0,22,3,variable_2_4,1,46,2,variable_2_4|variable_encoder_2_4,1|1,46|60,2|3,loss
match_000068,matchup_0001,68,variable_2_4,1,/home/thlamz/SushiGo_MARL/results/league/variable_2_4/repetition_1/model.pt,1,46,2,random,1,22,3,random|variable_encoder_2_4,1|1,22|60,3|3,loss
match_000068,matchup_0001,68,variable_encoder_2_4,1,/home/thlamz/SushiGo_MARL/results/league/variable_encoder_2_4/repetition_1/model.pt,2,60,3,random,1,22,3,random|variable_2_4,1|1,22|46,3|2,win
match_000069,matchup_0001,69,variable_2_4,1,/home/thlamz/SushiGo_MARL/results/league/variable_2_4/repetition_1/model.pt,0,46,5,variable_encoder_2_4,1,56,0,variable_encoder_2_4|random,1|1,56|25,0|2,loss
match_000069,matchup_0001,69,variable_encoder_2_4,1,/home/thlamz/SushiGo_MARL/results/league/variable_encoder_2_4/repetition_1/model.pt,1,56,0,variable_2_4,1,46,5,variable_2_4|random,1|1,46|25,5|2,win
match_000069,matchup_0001,69,random,1,/home/thlamz/SushiGo_MARL/random,2,25,2,variable_2_4,1,46,5,variable_2_4|variable_encoder_2_4,1|1,46|56,5|0,loss
match_000070,matchup_0001,70,variable_encoder_2_4,1,/home/thlamz/SushiGo_MARL/results/league/variable_encoder_2_4/repetition_1/model.pt,0,54,3,random,1,32,1,random|variable_2_4,1|1,32|43,1|3,win
match_000070,matchup_0001,70,random,1,/home/thlamz/SushiGo_MARL/random,1,32,1,variable_encoder_2_4,1,54,3,variable_encoder_2_4|variable_2_4,1|1,54|43,3|3,loss
match_000070,matchup_0001,70,variable_2_4,1,/home/thlamz/SushiGo_MARL/results/league/variable_2_4/repetition_1/model.pt,2,43,3,variable_encoder_2_4,1,54,3,variable_encoder_2_4|random,1|1,54|32,3|1,loss
match_000071,matchup_0001,71,random,1,/home/thlamz/SushiGo_MARL/random,0,36,1,variable_encoder_2_4,1,50,3,variable_encoder_2_4|variable_2_4,1|1,50|48,3|4,loss
match_000071,matchup_0001,71,variable_encoder_2_4,1,/home/thlamz/SushiGo_MARL/results/league/variable_encoder_2_4/repetition_1/model.pt,1,50,3,random,1,36,1,random|variable_2_4,1|1,36|48,1|4,win
match_000071,matchup_0001,71,variable_2_4,1,/home/thlamz/SushiGo_MARL/results/league/variable_2_4/repetition_1/model.pt,2,48,4,random,1,36,1,random|variable_encoder_2_4,1|1,36|50,1|3,loss
match_000072,matchup_0001,72,variable_2_4,1,/home/thlamz/SushiGo_MARL/results/league/variable_2_4/repetition_1/model.pt,0,50,2,variable_encoder_2_4,1,55,3,variable_encoder_2_4|random,1|1,55|26,3|3,loss
match_000072,matchup_0001,72,variable_encoder_2_4,1,/home/thlamz/SushiGo_MARL/results/league/variable_encoder_2_4/repetition_1/model.pt,1,55,3,variable_2_4,1,50,2,variable_2_4|random,1|1,50|26,2|3,win
match_000072,matchup_0001,72,random,1,/home/thlamz/SushiGo_MARL/random,2,26,3,variable_2_4,1,50,2,variable_2_4|variable_encoder_2_4,1|1,50|55,2|3,loss
match_000073,matchup_0001,73,variable_2_4,1,/home/thlamz/SushiGo_MARL/results/league/variable_2_4/repetition_1/model.pt,0,56,4,random,1,26,1,random|variable_encoder_2_4,1|1,26|55,1|4,win
match_000073,matchup_0001,73,random,1,/home/thlamz/SushiGo_MARL/random,1,26,1,variable_2_4,1,56,4,variable_2_4|variable_encoder_2_4,1|1,56|55,4|4,loss
match_000073,matchup_0001,73,variable_encoder_2_4,1,/home/thlamz/SushiGo_MARL/results/league/variable_encoder_2_4/repetition_1/model.pt,2,55,4,variable_2_4,1,56,4,variable_2_4|random,1|1,56|26,4|1,loss
match_000074,matchup_0001,74,random,1,/home/thlamz/SushiGo_MARL/random,0,25,1,variable_2_4,1,52,3,variable_2_4|variable_encoder_2_4,1|1,52|53,3|3,loss
match_000074,matchup_0001,74,variable_2_4,1,/home/thlamz/SushiGo_MARL/results/league/variable_2_4/repetition_1/model.pt,1,52,3,random,1,25,1,random|variable_encoder_2_4,1|1,25|53,1|3,loss
match_000074,matchup_0001,74,variable_encoder_2_4,1,/home/thlamz/SushiGo_MARL/results/league/variable_encoder_2_4/repetition_1/model.pt,2,53,3,random,1,25,1,random|variable_2_4,1|1,25|52,1|3,win
match_000075,matchup_0001,75,random,1,/home/thlamz/SushiGo_MARL/random,0,32,3,variable_encoder_2_4,1,50,2,variable_encoder_2_4|variable_2_4,1|1,50|44,2|2,loss
match_000075,matchup_0001,75,variable_encoder_2_4,1,/home/thlamz/SushiGo_MARL/results/league/variable_encoder_2_4/repetition_1/model.pt,1,50,2,random,1,32,3,random|variable_2_4,1|1,32|44,3|2,win
match_000075,matchup_0001,75,variable_2_4,1,/home/thlamz/SushiGo_MARL/results/league/variable_2_4/repetition_1/model.pt,2,44,2,random,1,32,3,random|variable_encoder_2_4,1|1,32|50,3|2,loss
match_000076,matchup_0001,76,variable_encoder_2_4,1,/home/thlamz/SushiGo_MARL/results/league/variable_encoder_2_4/repetition_1/model.pt,0,51,2,random,1,22,1,random|variable_2_4,1|1,22|57,1|2,loss
match_000076,matchup_0001,76,random,1,/home/thlamz/SushiGo_MARL/random,1,22,1,variable_encoder_2_4,1,51,2,variable_encoder_2_4|variable_2_4,1|1,51|57,2|2,loss
match_000076,matchup_0001,76,variable_2_4,1,/home/thlamz/SushiGo_MARL/results/league/variable_2_4/repetition_1/model.pt,2,57,2,variable_encoder_2_4,1,51,2,variable_encoder_2_4|random,1|1,51|22,2|1,win
match_000077,matchup_0001,77,variable_encoder_2_4,1,/home/thlamz/SushiGo_MARL/results/league/variable_encoder_2_4/repetition_1/model.pt,0,59,3,variable_2_4,1,57,2,variable_2_4|random,1|1,57|25,2|2,win
match_000077,matchup_0001,77,variable_2_4,1,/home/thlamz/SushiGo_MARL/results/league/variable_2_4/repetition_1/model.pt,1,57,2,variable_encoder_2_4,1,59,3,variable_encoder_2_4|random,1|1,59|25,3|2,loss
match_000077,matchup_0001,77,random,1,/home/thlamz/SushiGo_MARL/random,2,25,2,variable_encoder_2_4,1,59,3,variable_encoder_2_4|variable_2_4,1|1,59|57,3|2,loss
match_000078,matchup_0001,78,random,1,/home/thlamz/SushiGo_MARL/random,0,29,4,variable_encoder_2_4,1,56,0,variable_encoder_2_4|variable_2_4,1|1,56|58,0|4,loss
match_000078,matchup_0001,78,variable_encoder_2_4,1,/home/thlamz/SushiGo_MARL/results/league/variable_encoder_2_4/repetition_1/model.pt,1,56,0,random,1,29,4,random|variable_2_4,1|1,29|58,4|4,loss
match_000078,matchup_0001,78,variable_2_4,1,/home/thlamz/SushiGo_MARL/results/league/variable_2_4/repetition_1/model.pt,2,58,4,random,1,29,4,random|variable_encoder_2_4,1|1,29|56,4|0,win
match_000079,matchup_0001,79,random,1,/home/thlamz/SushiGo_MARL/random,0,32,3,variable_encoder_2_4,1,56,4,variable_encoder_2_4|variable_2_4,1|1,56|46,4|2,loss
match_000079,matchup_0001,79,variable_encoder_2_4,1,/home/thlamz/SushiGo_MARL/results/league/variable_encoder_2_4/repetition_1/model.pt,1,56,4,random,1,32,3,random|variable_2_4,1|1,32|46,3|2,win
match_000079,matchup_0001,79,variable_2_4,1,/home/thlamz/SushiGo_MARL/results/league/variable_2_4/repetition_1/model.pt,2,46,2,random,1,32,3,random|variable_encoder_2_4,1|1,32|56,3|4,loss
match_000080,matchup_0001,80,variable_encoder_2_4,1,/home/thlamz/SushiGo_MARL/results/league/variable_encoder_2_4/repetition_1/model.pt,0,46,0,variable_2_4,1,52,5,variable_2_4|random,1|1,52|34,5|3,loss
match_000080,matchup_0001,80,variable_2_4,1,/home/thlamz/SushiGo_MARL/results/league/variable_2_4/repetition_1/model.pt,1,52,5,variable_encoder_2_4,1,46,0,variable_encoder_2_4|random,1|1,46|34,0|3,win
match_000080,matchup_0001,80,random,1,/home/thlamz/SushiGo_MARL/random,2,34,3,variable_encoder_2_4,1,46,0,variable_encoder_2_4|variable_2_4,1|1,46|52,0|5,loss
match_000081,matchup_0001,81,variable_2_4,1,/home/thlamz/SushiGo_MARL/results/league/variable_2_4/repetition_1/model.pt,0,58,3,variable_encoder_2_4,1,53,3,variable_encoder_2_4|random,1|1,53|24,3|1,win
match_000081,matchup_0001,81,variable_encoder_2_4,1,/home/thlamz/SushiGo_MARL/results/league/variable_encoder_2_4/repetition_1/model.pt,1,53,3,variable_2_4,1,58,3,variable_2_4|random,1|1,58|24,3|1,loss
match_000081,matchup_0001,81,random,1,/home/thlamz/SushiGo_MARL/random,2,24,1,variable_2_4,1,58,3,variable_2_4|variable_encoder_2_4,1|1,58|53,3|3,loss
match_000082,matchup_0001,82,random,1,/home/thlamz/SushiGo_MARL/random,0,24,1,variable_encoder_2_4,1,49,2,variable_encoder_2_4|variable_2_4,1|1,49|50,2|5,loss
match_000082,matchup_0001,82,variable_encoder_2_4,1,/home/thlamz/SushiGo_MARL/results/league/variable_encoder_2_4/repetition_1/model.pt,1,49,2,random,1,24,1,random|variable_2_4,1|1,24|50,1|5,loss
match_000082,matchup_0001,82,variable_2_4,1,/home/thlamz/SushiGo_MARL/results/league/variable_2_4/repetition_1/model.pt,2,50,5,random,1,24,1,random|variable_encoder_2_4,1|1,24|49,1|2,win
match_000083,matchup_0001,83,variable_2_4,1,/home/thlamz/SushiGo_MARL/results/league/variable_2_4/repetition_1/model.pt,0,55,4,random,1,34,1,random|variable_encoder_2_4,1|1,34|63,1|2,loss
match_000083,matchup_0001,83,random,1,/home/thlamz/SushiGo_MARL/random,1,34,1,variable_2_4,1,55,4,variable_2_4|variable_encoder_2_4,1|1,55|63,4|2,loss
match_000083,matchup_0001,83,variable_encoder_2_4,1,/home/thlamz/SushiGo_MARL/results/league/variable_encoder_2_4/repetition_1/model.pt,2,63,2,variable_2_4,1,55,4,variable_2_4|random,1|1,55|34,4|1,win
match_000084,matchup_0001,84,variable_encoder_2_4,1,/home/thlamz/SushiGo_MARL/results/league/variable_encoder_2_4/repetition_1/model.pt,0,46,0,variable_2_4,1,51,4,variable_2_4|random,1|1,51|22,4|3,loss
match_000084,matchup_0001,84,variable_2_4,1,/home/thlamz/SushiGo_MARL/results/league/variable_2_4/repetition_1/model.pt,1,51,4,variable_encoder_2_4,1,46,0,variable_encoder_2_4|random,1|1,46|22,0|3,win
match_000084,matchup_0001,84,random,1,/home/thlamz/SushiGo_MARL/random,2,22,3,variable_encoder_2_4,1,46,0,variable_encoder_2_4|variable_2_4,1|1,46|51,0|4,loss
match_000085,matchup_0001,85,variable_2_4,1,/home/thlamz/SushiGo_MARL/results/league/variable_2_4/repetition_1/model.pt,0,60,4,variable_encoder_2_4,1,59,3,variable_encoder_2_4|random,1|1,59|23,3|2,win
match_000085,matchup_0001,85,variable_encoder_2_4,1,/home/thlamz/SushiGo_MARL/results/league/variable_encoder_2_4/repetition_1/model.pt,1,59,3,variable_2_4,1,60,4,variable_2_4|random,1|1,60|23,4|2,loss
match_000085,matchup_0001,85,random,1,/home/thlamz/SushiGo_MARL/random,2,23,2,variable_2_4,1,60,4,variable_2_4|variable_encoder_2_4,1|1,60|59,4|3,loss
match_000086,matchup_0001,86,variable_2_4,1,/home/thlamz/SushiGo_MARL/results/league/variable_2_4/repetition_1/model.pt,0,50,2,variable_encoder_2_4,1,45,4,variable_encoder_2_4|random,1|1,45|29,4|0,win
match_000086,matchup_0001,86,variable_encoder_2_4,1,/home/thlamz/SushiGo_MARL/results/league/variable_encoder_2_4/repetition_1/model.pt,1,45,4,variable_2_4,1,50,2,variable_2_4|random,1|1,50|29,2|0,loss
match_000086,matchup_0001,86,random,1,/home/thlamz/SushiGo_MARL/random,2,29,0,variable_2_4,1,50,2,variable_2_4|variable_encoder_2_4,1|1,50|45,2|4,loss
match_000087,matchup_0001,87,random,1,/home/thlamz/SushiGo_MARL/random,0,17,3,variable_2_4,1,47,6,variable_2_4|variable_encoder_2_4,1|1,47|49,6|0,loss
match_000087,matchup_0001,87,variable_2_4,1,/home/thlamz/SushiGo_MARL/results/league/variable_2_4/repetition_1/model.pt,1,47,6,random,1,17,3,random|variable_encoder_2_4,1|1,17|49,3|0,loss
match_000087,matchup_0001,87,variable_encoder_2_4,1,/home/thlamz/SushiGo_MARL/results/league/variable_encoder_2_4/repetition_1/model.pt,2,49,0,random,1,17,3,random|variable_2_4,1|1,17|47,3|6,win
match_000088,matchup_0001,88,variable_encoder_2_4,1,/home/thlamz/SushiGo_MARL/results/league/variable_encoder_2_4/repetition_1/model.pt,0,60,0,variable_2_4,1,54,4,variable_2_4|random,1|1,54|29,4|3,win
match_000088,matchup_0001,88,variable_2_4,1,/home/thlamz/SushiGo_MARL/results/league/variable_2_4/repetition_1/model.pt,1,54,4,variable_encoder_2_4,1,60,0,variable_encoder_2_4|random,1|1,60|29,0|3,loss
match_000088,matchup_0001,88,random,1,/home/thlamz/SushiGo_MARL/random,2,29,3,variable_encoder_2_4,1,60,0,variable_encoder_2_4|variable_2_4,1|1,60|54,0|4,loss
match_000089,matchup_0001,89,variable_encoder_2_4,1,/home/thlamz/SushiGo_MARL/results/league/variable_encoder_2_4/repetition_1/model.pt,0,55,2,variable_2_4,1,58,3,variable_2_4|random,1|1,58|20,3|2,loss
match_000089,matchup_0001,89,variable_2_4,1,/home/thlamz/SushiGo_MARL/results/league/variable_2_4/repetition_1/model.pt,1,58,3,variable_encoder_2_4,1,55,2,variable_encoder_2_4|random,1|1,55|20,2|2,win
match_000089,matchup_0001,89,random,1,/home/thlamz/SushiGo_MARL/random,2,20,2,variable_encoder_2_4,1,55,2,variable_encoder_2_4|variable_2_4,1|1,55|58,2|3,loss
match_000090,matchup_0001,90,variable_encoder_2_4,1,/home/thlamz/SushiGo_MARL/results/league/variable_encoder_2_4/repetition_1/model.pt,0,60,3,variable_2_4,1,61,3,variable_2_4|random,1|1,61|23,3|2,loss
match_000090,matchup_0001,90,variable_2_4,1,/home/thlamz/SushiGo_MARL/results/league/variable_2_4/repetition_1/model.pt,1,61,3,variable_encoder_2_4,1,60,3,variable_encoder_2_4|random,1|1,60|23,3|2,win
match_000090,matchup_0001,90,random,1,/home/thlamz/SushiGo_MARL/random,2,23,2,variable_encoder_2_4,1,60,3,variable_encoder_2_4|variable_2_4,1|1,60|61,3|3,loss
match_000091,matchup_0001,91,random,1,/home/thlamz/SushiGo_MARL/random,0,32,3,variable_encoder_2_4,1,44,2,variable_encoder_2_4|variable_2_4,1|1,44|53,2|1,loss
match_000091,matchup_0001,91,variable_encoder_2_4,1,/home/thlamz/SushiGo_MARL/results/league/variable_encoder_2_4/repetition_1/model.pt,1,44,2,random,1,32,3,random|variable_2_4,1|1,32|53,3|1,loss
match_000091,matchup_0001,91,variable_2_4,1,/home/thlamz/SushiGo_MARL/results/league/variable_2_4/repetition_1/model.pt,2,53,1,random,1,32,3,random|variable_encoder_2_4,1|1,32|44,3|2,win
match_000092,matchup_0001,92,variable_encoder_2_4,1,/home/thlamz/SushiGo_MARL/results/league/variable_encoder_2_4/repetition_1/model.pt,0,61,2,variable_2_4,1,62,5,variable_2_4|random,1|1,62|27,5|1,loss
match_000092,matchup_0001,92,variable_2_4,1,/home/thlamz/SushiGo_MARL/results/league/variable_2_4/repetition_1/model.pt,1,62,5,variable_encoder_2_4,1,61,2,variable_encoder_2_4|random,1|1,61|27,2|1,win
match_000092,matchup_0001,92,random,1,/home/thlamz/SushiGo_MARL/random,2,27,1,variable_encoder_2_4,1,61,2,variable_encoder_2_4|variable_2_4,1|1,61|62,2|5,loss
match_000093,matchup_0001,93,variable_encoder_2_4,1,/home/thlamz/SushiGo_MARL/results/league/variable_encoder_2_4/repetition_1/model.pt,0,53,0,variable_2_4,1,55,4,variable_2_4|random,1|1,55|36,4|6,loss
match_000093,matchup_0001,93,variable_2_4,1,/home/thlamz/SushiGo_MARL/results/league/variable_2_4/repetition_1/model.pt,1,55,4,variable_encoder_2_4,1,53,0,variable_encoder_2_4|random,1|1,53|36,0|6,win
match_000093,matchup_0001,93,random,1,/home/thlamz/SushiGo_MARL/random,2,36,6,variable_encoder_2_4,1,53,0,variable_encoder_2_4|variable_2_4,1|1,53|55,0|4,loss
match_000094,matchup_0001,94,random,1,/home/thlamz/SushiGo_MARL/random,0,28,2,variable_encoder_2_4,1,58,4,variable_encoder_2_4|variable_2_4,1|1,58|50,4|3,loss
match_000094,matchup_0001,94,variable_encoder_2_4,1,/home/thlamz/SushiGo_MARL/results/league/variable_encoder_2_4/repetition_1/model.pt,1,58,4,random,1,28,2,random|variable_2_4,1|1,28|50,2|3,win
match_000094,matchup_0001,94,variable_2_4,1,/home/thlamz/SushiGo_MARL/results/league/variable_2_4/repetition_1/model.pt,2,50,3,random,1,28,2,random|variable_encoder_2_4,1|1,28|58,2|4,loss
match_000095,matchup_0001,95,variable_2_4,1,/home/thlamz/SushiGo_MARL/results/league/variable_2_4/repetition_1/model.pt,0,46,2,variable_encoder_2_4,1,41,3,variable_encoder_2_4|random,1|1,41|20,3|1,win
match_000095,matchup_0001,95,variable_encoder_2_4,1,/home/thlamz/SushiGo_MARL/results/league/variable_encoder_2_4/repetition_1/model.pt,1,41,3,variable_2_4,1,46,2,variable_2_4|random,1|1,46|20,2|1,loss
match_000095,matchup_0001,95,random,1,/home/thlamz/SushiGo_MARL/random,2,20,1,variable_2_4,1,46,2,variable_2_4|variable_encoder_2_4,1|1,46|41,2|3,loss
match_000096,matchup_0001,96,random,1,/home/thlamz/SushiGo_MARL/random,0,34,2,variable_2_4,1,51,3,variable_2_4|variable_encoder_2_4,1|1,51|51,3|2,loss
match_000096,matchup_0001,96,variable_2_4,1,/home/thlamz/SushiGo_MARL/results/league/variable_2_4/repetition_1/model.pt,1,51,3,random,1,34,2,random|variable_encoder_2_4,1|1,34|51,2|2,win
match_000096,matchup_0001,96,variable_encoder_2_4,1,/home/thlamz/SushiGo_MARL/results/league/variable_encoder_2_4/repetition_1/model.pt,2,51,2,random,1,34,2,random|variable_2_4,1|1,34|51,2|3,loss
match_000097,matchup_0001,97,variable_2_4,1,/home/thlamz/SushiGo_MARL/results/league/variable_2_4/repetition_1/model.pt,0,55,4,random,1,29,0,random|variable_encoder_2_4,1|1,29|59,0|3,loss
match_000097,matchup_0001,97,random,1,/home/thlamz/SushiGo_MARL/random,1,29,0,variable_2_4,1,55,4,variable_2_4|variable_encoder_2_4,1|1,55|59,4|3,loss
match_000097,matchup_0001,97,variable_encoder_2_4,1,/home/thlamz/SushiGo_MARL/results/league/variable_encoder_2_4/repetition_1/model.pt,2,59,3,variable_2_4,1,55,4,variable_2_4|random,1|1,55|29,4|0,win
match_000098,matchup_0001,98,random,1,/home/thlamz/SushiGo_MARL/random,0,21,1,variable_encoder_2_4,1,40,4,variable_encoder_2_4|variable_2_4,1|1,40|41,4|4,loss
match_000098,matchup_0001,98,variable_encoder_2_4,1,/home/thlamz/SushiGo_MARL/results/league/variable_encoder_2_4/repetition_1/model.pt,1,40,4,random,1,21,1,random|variable_2_4,1|1,21|41,1|4,loss
match_000098,matchup_0001,98,variable_2_4,1,/home/thlamz/SushiGo_MARL/results/league/variable_2_4/repetition_1/model.pt,2,41,4,random,1,21,1,random|variable_encoder_2_4,1|1,21|40,1|4,win
match_000099,matchup_0001,99,variable_encoder_2_4,1,/home/thlamz/SushiGo_MARL/results/league/variable_encoder_2_4/repetition_1/model.pt,0,55,0,variable_2_4,1,58,4,variable_2_4|random,1|1,58|24,4|3,loss
match_000099,matchup_0001,99,variable_2_4,1,/home/thlamz/SushiGo_MARL/results/league/variable_2_4/repetition_1/model.pt,1,58,4,variable_encoder_2_4,1,55,0,variable_encoder_2_4|random,1|1,55|24,0|3,win
match_000099,matchup_0001,99,random,1,/home/thlamz/SushiGo_MARL/random,2,24,3,variable_encoder_2_4,1,55,0,variable_encoder_2_4|variable_2_4,1|1,55|58,0|4,loss
match_000100,matchup_0001,100,random,1,/home/thlamz/SushiGo_MARL/random,0,22,1,variable_2_4,1,53,4,variable_2_4|variable_encoder_2_4,1|1,53|51,4|4,loss
match_000100,matchup_0001,100,variable_2_4,1,/home/thlamz/SushiGo_MARL/results/league/variable_2_4/repetition_1/model.pt,1,53,4,random,1,22,1,random|variable_encoder_2_4,1|1,22|51,1|4,win
match_000100,matchup_0001,100,variable_encoder_2_4,1,/home/thlamz/SushiGo_MARL/results/league/variable_encoder_2_4/repetition_1/model.pt,2,51,4,random,1,22,1,random|variable_2_4,1|1,22|53,1|4,loss
match_000101,matchup_0002,1,variable_encoder_2_4,1,/home/thlamz/SushiGo_MARL/results/league/variable_encoder_2_4/repetition_1/model.pt,0,44,1,fixed_3p,1,50,4,fixed_3p|variable_2_4,1|1,50|54,4|1,loss
match_000101,matchup_0002,1,fixed_3p,1,/home/thlamz/SushiGo_MARL/results/league/fixed_3p/repetition_1/model.pt,1,50,4,variable_encoder_2_4,1,44,1,variable_encoder_2_4|variable_2_4,1|1,44|54,1|1,loss
match_000101,matchup_0002,1,variable_2_4,1,/home/thlamz/SushiGo_MARL/results/league/variable_2_4/repetition_1/model.pt,2,54,1,variable_encoder_2_4,1,44,1,variable_encoder_2_4|fixed_3p,1|1,44|50,1|4,win
match_000102,matchup_0002,2,variable_2_4,1,/home/thlamz/SushiGo_MARL/results/league/variable_2_4/repetition_1/model.pt,0,55,4,fixed_3p,1,49,3,fixed_3p|variable_encoder_2_4,1|1,49|47,3|1,win
match_000102,matchup_0002,2,fixed_3p,1,/home/thlamz/SushiGo_MARL/results/league/fixed_3p/repetition_1/model.pt,1,49,3,variable_2_4,1,55,4,variable_2_4|variable_encoder_2_4,1|1,55|47,4|1,loss
match_000102,matchup_0002,2,variable_encoder_2_4,1,/home/thlamz/SushiGo_MARL/results/league/variable_encoder_2_4/repetition_1/model.pt,2,47,1,variable_2_4,1,55,4,variable_2_4|fixed_3p,1|1,55|49,4|3,loss
match_000103,matchup_0002,3,variable_2_4,1,/home/thlamz/SushiGo_MARL/results/league/variable_2_4/repetition_1/model.pt,0,37,2,variable_encoder_2_4,1,49,4,variable_encoder_2_4|fixed_3p,1|1,49|49,4|3,loss
match_000103,matchup_0002,3,variable_encoder_2_4,1,/home/thlamz/SushiGo_MARL/results/league/variable_encoder_2_4/repetition_1/model.pt,1,49,4,variable_2_4,1,37,2,variable_2_4|fixed_3p,1|1,37|49,2|3,win
match_000103,matchup_0002,3,fixed_3p,1,/home/thlamz/SushiGo_MARL/results/league/fixed_3p/repetition_1/model.pt,2,49,3,variable_2_4,1,37,2,variable_2_4|variable_encoder_2_4,1|1,37|49,2|4,loss
match_000104,matchup_0002,4,fixed_3p,1,/home/thlamz/SushiGo_MARL/results/league/fixed_3p/repetition_1/model.pt,0,55,2,variable_2_4,1,49,1,variable_2_4|variable_encoder_2_4,1|1,49|42,1|3,win
match_000104,matchup_0002,4,variable_2_4,1,/home/thlamz/SushiGo_MARL/results/league/variable_2_4/repetition_1/model.pt,1,49,1,fixed_3p,1,55,2,fixed_3p|variable_encoder_2_4,1|1,55|42,2|3,loss
match_000104,matchup_0002,4,variable_encoder_2_4,1,/home/thlamz/SushiGo_MARL/results/league/variable_encoder_2_4/repetition_1/model.pt,2,42,3,fixed_3p,1,55,2,fixed_3p|variable_2_4,1|1,55|49,2|1,loss
match_000105,matchup_0002,5,variable_encoder_2_4,1,/home/thlamz/SushiGo_MARL/results/league/variable_encoder_2_4/repetition_1/model.pt,0,53,1,fixed_3p,1,56,3,fixed_3p|variable_2_4,1|1,56|48,3|3,loss
match_000105,matchup_0002,5,fixed_3p,1,/home/thlamz/SushiGo_MARL/results/league/fixed_3p/repetition_1/model.pt,1,56,3,variable_encoder_2_4,1,53,1,variable_encoder_2_4|variable_2_4,1|1,53|48,1|3,win
match_000105,matchup_0002,5,variable_2_4,1,/home/thlamz/SushiGo_MARL/results/league/variable_2_4/repetition_1/model.pt,2,48,3,variable_encoder_2_4,1,53,1,variable_encoder_2_4|fixed_3p,1|1,53|56,1|3,loss
match_000106,matchup_0002,6,variable_2_4,1,/home/thlamz/SushiGo_MARL/results/league/variable_2_4/repetition_1/model.pt,0,51,2,fixed_3p,1,38,2,fixed_3p|variable_encoder_2_4,1|1,38|47,2|3,win
match_000106,matchup_0002,6,fixed_3p,1,/home/thlamz/SushiGo_MARL/results/league/fixed_3p/repetition_1/model.pt,1,38,2,variable_2_4,1,51,2,variable_2_4|variable_encoder_2_4,1|1,51|47,2|3,loss
match_000106,matchup_0002,6,variable_encoder_2_4,1,/home/thlamz/SushiGo_MARL/results/league/variable_encoder_2_4/repetition_1/model.pt,2,47,3,variable_2_4,1,51,2,variable_2_4|fixed_3p,1|1,51|38,2|2,loss
match_000107,matchup_0002,7,variable_encoder_2_4,1,/home/thlamz/SushiGo_MARL/results/league/variable_encoder_2_4/repetition_1/model.pt,0,46,0,variable_2_4,1,63,5,variable_2_4|fixed_3p,1|1,63|36,5|4,loss
match_000107,matchup_0002,7,variable_2_4,1,/home/thlamz/SushiGo_MARL/results/league/variable_2_4/repetition_1/model.pt,1,63,5,variable_encoder_2_4,1,46,0,variable_encoder_2_4|fixed_3p,1|1,46|36,0|4,win
match_000107,matchup_0002,7,fixed_3p,1,/home/thlamz/SushiGo_MARL/results/league/fixed_3p/repetition_1/model.pt,2,36,4,variable_encoder_2_4,1,46,0,variable_encoder_2_4|variable_2_4,1|1,46|63,0|5,loss
match_000108,matchup_0002,8,variable_encoder_2_4,1,/home/thlamz/SushiGo_MARL/results/league/variable_encoder_2_4/repetition_1/model.pt,0,42,0,fixed_3p,1,53,4,fixed_3p|variable_2_4,1|1,53|41,4|4,loss
match_000108,matchup_0002,8,fixed_3p,1,/home/thlamz/SushiGo_MARL/results/league/fixed_3p/repetition_1/model.pt,1,53,4,variable_encoder_2_4,1,42,0,variable_encoder_2_4|variable_2_4,1|1,42|41,0|4,win
match_000108,matchup_0002,8,variable_2_4,1,/home/thlamz/SushiGo_MARL/results/league/variable_2_4/repetition_1/model.pt,2,41,4,variable_encoder_2_4,1,42,0,variable_encoder_2_4|fixed_3p,1|1,42|53,0|4,loss
match_000109,matchup_0002,9,fixed_3p,1,/home/thlamz/SushiGo_MARL/results/league/fixed_3p/repetition_1/model.pt,0,49,2,variable_2_4,1,41,2,variable_2_4|variable_encoder_2_4,1|1,41|44,2|2,win
match_000109,matchup_0002,9,variable_2_4,1,/home/thlamz/SushiGo_MARL/results/league/variable_2_4/repetition_1/model.pt,1,41,2,fixed_3p,1,49,2,fixed_3p|variable_encoder_2_4,1|1,49|44,2|2,loss
match_000109,matchup_0002,9,variable_encoder_2_4,1,/home/thlamz/SushiGo_MARL/results/league/variable_encoder_2_4/repetition_1/model.pt,2,44,2,fixed_3p,1,49,2,fixed_3p|variable_2_4,1|1,49|41,2|2,loss
match_000110,matchup_0002,10,variable_2_4,1,/home/thlamz/SushiGo_MARL/results/league/variable_2_4/repetition_1/model.pt,0,42,3,variable_encoder_2_4,1,45,0,variable_encoder_2_4|fixed_3p,1|1,45|51,0|4,loss
match_000110,matchup_0002,10,variable_encoder_2_4,1,/home/thlamz/SushiGo_MARL/results/league/variable_encoder_2_4/repetition_1/model.pt,1,45,0,variable_2_4,1,42,3,variable_2_4|fixed_3p,1|1,42|51,3|4,loss
match_000110,matchup_0002,10,fixed_3p,1,/home/thlamz/SushiGo_MARL/results/league/fixed_3p/repetition_1/model.pt,2,51,4,variable_2_4,1,42,3,variable_2_4|variable_encoder_2_4,1|1,42|45,3|0,win
match_000111,matchup_0002,11,fixed_3p,1,/home/thlamz/SushiGo_MARL/results/league/fixed_3p/repetition_1/model.pt,0,51,0,variable_2_4,1,42,3,variable_2_4|variable_encoder_2_4,1|1,42|47,3|4,win
match_000111,matchup_0002,11,variable_2_4,1,/home/thlamz/SushiGo_MARL/results/league/variable_2_4/repetition_1/model.pt,1,42,3,fixed_3p,1,51,0,fixed_3p|variable_encoder_2_4,1|1,51|47,0|4,loss
match_000111,matchup_0002,11,variable_encoder_2_4,1,/home/thlamz/SushiGo_MARL/results/league/variable_encoder_2_4/repetition_1/model.pt,2,47,4,fixed_3p,1,51,0,fixed_3p|variable_2_4,1|1,51|42,0|3,loss
match_000112,matchup_0002,12,variable_2_4,1,/home/thlamz/SushiGo_MARL/results/league/variable_2_4/repetition_1/model.pt,0,62,3,fixed_3p,1,40,2,fixed_3p|variable_encoder_2_4,1|1,40|50,2|1,win
match_000112,matchup_0002,12,fixed_3p,1,/home/thlamz/SushiGo_MARL/results/league/fixed_3p/repetition_1/model.pt,1,40,2,variable_2_4,1,62,3,variable_2_4|variable_encoder_2_4,1|1,62|50,3|1,loss
match_000112,matchup_0002,12,variable_encoder_2_4,1,/home/thlamz/SushiGo_MARL/results/league/variable_encoder_2_4/repetition_1/model.pt,2,50,1,variable_2_4,1,62,3,variable_2_4|fixed_3p,1|1,62|40,3|2,loss
match_000113,matchup_0002,13,variable_encoder_2_4,1,/home/thlamz/SushiGo_MARL/results/league/variable_encoder_2_4/repetition_1/model.pt,0,48,3,fixed_3p,1,46,3,fixed_3p|variable_2_4,1|1,46|33,3|1,win
match_000113,matchup_0002,13,fixed_3p,1,/home/thlamz/SushiGo_MARL/results/league/fixed_3p/repetition_1/model.pt,1,46,3,variable_encoder_2_4,1,48,3,variable_encoder_2_4|variable_2_4,1|1,48|33,3|1,loss
match_000113,matchup_0002,13,variable_2_4,1,/home/thlamz/SushiGo_MARL/results/league/variable_2_4/repetition_1/model.pt,2,33,1,variable_encoder_2_4,1,48,3,variable_encoder_2_4|fixed_3p,1|1,48|46,3|3,loss
match_000114,matchup_0002,14,variable_2_4,1,/home/thlamz/SushiGo_MARL/results/league/variable_2_4/repetition_1/model.pt,0,49,4,variable_encoder_2_4,1,49,1,variable_encoder_2_4|fixed_3p,1|1,49|46,1|3,win
match_000114,matchup_0002,14,variable_encoder_2_4,1,/home/thlamz/SushiGo_MARL/results/league/variable_encoder_2_4/repetition_1/model.pt,1,49,1,variable_2_4,1,49,4,variable_2_4|fixed_3p,1|1,49|46,4|3,loss
match_000114,matchup_0002,14,fixed_3p,1,/home/thlamz/SushiGo_MARL/results/league/fixed_3p/repetition_1/model.pt,2,46,3,variable_2_4,1,49,4,variable_2_4|variable_encoder_2_4,1|1,49|49,4|1,loss
match_000115,matchup_0002,15,variable_2_4,1,/home/thlamz/SushiGo_MARL/results/league/variable_2_4/repetition_1/model.pt,0,52,1,variable_encoder_2_4,1,38,4,variable_encoder_2_4|fixed_3p,1|1,38|48,4|4,win
match_000115,matchup_0002,15,variable_encoder_2_4,1,/home/thlamz/SushiGo_MARL/results/league/variable_encoder_2_4/repetition_1/model.pt,1,38,4,variable_2_4,1,52,1,variable_2_4|fixed_3p,1|1,52|48,1|4,loss
match_000115,matchup_0002,15,fixed_3p,1,/home/thlamz/SushiGo_MARL/results/league/fixed_3p/repetition_1/model.pt,2,48,4,variable_2_4,1,52,1,variable_2_4|variable_encoder_2_4,1|1,52|38,1|4,loss
match_000116,matchup_0002,16,fixed_3p,1,/home/thlamz/SushiGo_MARL/results/league/fixed_3p/repetition_1/model.pt,0,46,0,variable_2_4,1,49,3,variable_2_4|variable_encoder_2_4,1|1,49|52,3|3,loss
match_000116,matchup_0002,16,variable_2_4,1,/home/thlamz/SushiGo_MARL/results/league/variable_2_4/repetition_1/model.pt,1,49,3,fixed_3p,1,46,0,fixed_3p|variable_encoder_2_4,1|1,46|52,0|3,loss
match_000116,matchup_0002,16,variable_encoder_2_4,1,/home/thlamz/SushiGo_MARL/results/league/variable_encoder_2_4/repetition_1/model.pt,2,52,3,fixed_3p,1,46,0,fixed_3p|variable_2_4,1|1,46|49,0|3,win
match_000117,matchup_0002,17,variable_2_4,1,/home/thlamz/SushiGo_MARL/results/league/variable_2_4/repetition_1/model.pt,0,45,2,fixed_3p,1,47,5,fixed_3p|variable_encoder_2_4,1|1,47|47,5|0,loss
match_000117,matchup_0002,17,fixed_3p,1,/home/thlamz/SushiGo_MARL/results/league/fixed_3p/repetition_1/model.pt,1,47,5,variable_2_4,1,45,2,variable_2_4|variable_encoder_2_4,1|1,45|47,2|0,win
match_000117,matchup_0002,17,variable_encoder_2_4,1,/home/thlamz/SushiGo_MARL/results/league/variable_encoder_2_4/repetition_1/model.pt,2,47,0,variable_2_4,1,45,2,variable_2_4|fixed_3p,1|1,45|47,2|5,loss
match_000118,matchup_0002,18,variable_encoder_2_4,1,/home/thlamz/SushiGo_MARL/results/league/variable_encoder_2_4/repetition_1/model.pt,0,58,3,variable_2_4,1,43,2,variable_2_4|fixed_3p,1|1,43|39,2|2,win
match_000118,matchup_0002,18,variable_2_4,1,/home/thlamz/SushiGo_MARL/results/league/variable_2_4/repetition_1/model.pt,1,43,2,variable_encoder_2_4,1,58,3,variable_encoder_2_4|fixed_3p,1|1,58|39,3|2,loss
match_000118,matchup_0002,18,fixed_3p,1,/home/thlamz/SushiGo_MARL/results/league/fixed_3p/repetition_1/model.pt,2,39,2,variable_encoder_2_4,1,58,3,variable_encoder_2_4|variable_2_4,1|1,58|43,3|2,loss
match_000119,matchup_0002,19,variable_2_4,1,/home/thlamz/SushiGo_MARL/results/league/variable_2_4/repetition_1/model.pt,0,45,2,fixed_3p,1,45,3,fixed_3p|variable_encoder_2_4,1|1,45|49,3|3,loss
match_000119,matchup_0002,19,fixed_3p,1,/home/thlamz/SushiGo_MARL/results/league/fixed_3p/repetition_1/model.pt,1,45,3,variable_2_4,1,45,2,variable_2_4|variable_encoder_2_4,1|1,45|49,2|3,loss
match_000119,matchup_0002,19,variable_encoder_2_4,1,/home/thlamz/SushiGo_MARL/results/league/variable_encoder_2_4/repetition_1/model.pt,2,49,3,variable_2_4,1,45,2,variable_2_4|fixed_3p,1|1,45|45,2|3,win
match_000120,matchup_0002,20,fixed_3p,1,/home/thlamz/SushiGo_MARL/results/league/fixed_3p/repetition_1/model.pt,0,48,4,variable_2_4,1,47,5,variable_2_4|variable_encoder_2_4,1|1,47|43,5|0,win
match_000120,matchup_0002,20,variable_2_4,1,/home/thlamz/SushiGo_MARL/results/league/variable_2_4/repetition_1/model.pt,1,47,5,fixed_3p,1,48,4,fixed_3p|variable_encoder_2_4,1|1,48|43,4|0,loss
match_000120,matchup_0002,20,variable_encoder_2_4,1,/home/thlamz/SushiGo_MARL/results/league/variable_encoder_2_4/repetition_1/model.pt,2,43,0,fixed_3p,1,48,4,fixed_3p|variable_2_4,1|1,48|47,4|5,loss
match_000121,matchup_0002,21,variable_2_4,1,/home/thlamz/SushiGo_MARL/results/league/variable_2_4/repetition_1/model.pt,0,45,3,variable_encoder_2_4,1,50,0,variable_encoder_2_4|fixed_3p,1|1,50|45,0|3,loss
match_000121,matchup_0002,21,variable_encoder_2_4,1,/home/thlamz/SushiGo_MARL/results/league/variable_encoder_2_4/repetition_1/model.pt,1,50,0,variable_2_4,1,45,3,variable_2_4|fixed_3p,1|1,45|45,3|3,win
match_000121,matchup_0002,21,fixed_3p,1,/home/thlamz/SushiGo_MARL/results/league/fixed_3p/repetition_1/model.pt,2,45,3,variable_2_4,1,45,3,variable_2_4|variable_encoder_2_4,1|1,45|50,3|0,loss
match_000122,matchup_0002,22,variable_encoder_2_4,1,/home/thlamz/SushiGo_MARL/results/league/variable_encoder_2_4/repetition_1/model.pt,0,36,2,fixed_3p,1,46,4,fixed_3p|variable_2_4,1|1,46|47,4|3,loss
match_000122,matchup_0002,22,fixed_3p,1,/home/thlamz/SushiGo_MARL/results/league/fixed_3p/repetition_1/model.pt,1,46,4,variable_encoder_2_4,1,36,2,variable_encoder_2_4|variable_2_4,1|1,36|47,2|3,loss
match_000122,matchup_0002,22,variable_2_4,1,/home/thlamz/SushiGo_MARL/results/league/variable_2_4/repetition_1/model.pt,2,47,3,variable_encoder_2_4,1,36,2,variable_encoder_2_4|fixed_3p,1|1,36|46,2|4,win
match_000123,matchup_0002,23,fixed_3p,1,/home/thlamz/SushiGo_MARL/results/league/fixed_3p/repetition_1/model.pt,0,53,3,variable_2_4,1,51,3,variable_2_4|variable_encoder_2_4,1|1,51|45,3|3,win
match_000123,matchup_0002,23,variable_2_4,1,/home/thlamz/SushiGo_MARL/results/league/variable_2_4/repetition_1/model.pt,1,51,3,fixed_3p,1,53,3,fixed_3p|variable_encoder_2_4,1|1,53|45,3|3,loss
match_000123,matchup_0002,23,variable_encoder_2_4,1,/home/thlamz/SushiGo_MARL/results/league/variable_encoder_2_4/repetition_1/model.pt,2,45,3,fixed_3p,1,53,3,fixed_3p|variable_2_4,1|1,53|51,3|3,loss
match_000124,matchup_0002,24,variable_encoder_2_4,1,/home/thlamz/SushiGo_MARL/results/league/variable_encoder_2_4/repetition_1/model.pt,0,46,2,variable_2_4,1,46,1,variable_2_4|fixed_3p,1|1,46|46,1|2,tie
match_000124,matchup_0002,24,variable_2_4,1,/home/thlamz/SushiGo_MARL/results/league/variable_2_4/repetition_1/model.pt,1,46,1,variable_encoder_2_4,1,46,2,variable_encoder_2_4|fixed_3p,1|1,46|46,2|2,loss
match_000124,matchup_0002,24,fixed_3p,1,/home/thlamz/SushiGo_MARL/results/league/fixed_3p/repetition_1/model.pt,2,46,2,variable_encoder_2_4,1,46,2,variable_encoder_2_4|variable_2_4,1|1,46|46,2|1,tie
match_000125,matchup_0002,25,fixed_3p,1,/home/thlamz/SushiGo_MARL/results/league/fixed_3p/repetition_1/model.pt,0,41,4,variable_encoder_2_4,1,41,0,variable_encoder_2_4|variable_2_4,1|1,41|40,0|6,win
match_000125,matchup_0002,25,variable_encoder_2_4,1,/home/thlamz/SushiGo_MARL/results/league/variable_encoder_2_4/repetition_1/model.pt,1,41,0,fixed_3p,1,41,4,fixed_3p|variable_2_4,1|1,41|40,4|6,loss
match_000125,matchup_0002,25,variable_2_4,1,/home/thlamz/SushiGo_MARL/results/league/variable_2_4/repetition_1/model.pt,2,40,6,fixed_3p,1,41,4,fixed_3p|variable_encoder_2_4,1|1,41|41,4|0,loss
match_000126,matchup_0002,26,variable_encoder_2_4,1,/home/thlamz/SushiGo_MARL/results/league/variable_encoder_2_4/repetition_1/model.pt,0,48,2,variable_2_4,1,46,1,variable_2_4|fixed_3p,1|1,46|43,1|4,win
match_000126,matchup_0002,26,variable_2_4,1,/home/thlamz/SushiGo_MARL/results/league/variable_2_4/repetition_1/model.pt,1,46,1,variable_encoder_2_4,1,48,2,variable_encoder_2_4|fixed_3p,1|1,48|43,2|4,loss
match_000126,matchup_0002,26,fixed_3p,1,/home/thlamz/SushiGo_MARL/results/league/fixed_3p/repetition_1/model.pt,2,43,4,variable_encoder_2_4,1,48,2,variable_encoder_2_4|variable_2_4,1|1,48|46,2|1,loss
match_000127,matchup_0002,27,fixed_3p,1,/home/thlamz/SushiGo_MARL/results/league/fixed_3p/repetition_1/model.pt,0,42,4,variable_encoder_2_4,1,44,0,variable_encoder_2_4|variable_2_4,1|1,44|40,0|4,loss
match_000127,matchup_0002,27,variable_encoder_2_4,1,/home/thlamz/SushiGo_MARL/results/league/variable_encoder_2_4/repetition_1/model.pt,1,44,0,fixed_3p,1,42,4,fixed_3p|variable_2_4,1|1,42|40,4|4,win
match_000127,matchup_0002,27,variable_2_4,1,/home/thlamz/SushiGo_MARL/results/league/variable_2_4/repetition_1/model.pt,2,40,4,fixed_3p,1,42,4,fixed_3p|variable_encoder_2_4,1|1,42|44,4|0,loss
match_000128,matchup_0002,28,variable_encoder_2_4,1,/home/thlamz/SushiGo_MARL/results/league/variable_encoder_2_4/repetition_1/model.pt,0,40,3,variable_2_4,1,48,3,variable_2_4|fixed_3p,1|1,48|46,3|2,loss
match_000128,matchup_0002,28,variable_2_4,1,/home/thlamz/SushiGo_MARL/results/league/variable_2_4/repetition_1/model.pt,1,48,3,variable_encoder_2_4,1,40,3,variable_encoder_2_4|fixed_3p,1|1,40|46,3|2,win
match_000128,matchup_0002,28,fixed_3p,1,/home/thlamz/SushiGo_MARL/results/league/fixed_3p/repetition_1/model.pt,2,46,2,variable_encoder_2_4,1,40,3,variable_encoder_2_4|variable_2_4,1|1,40|48,3|3,loss
match_000129,matchup_0002,29,fixed_3p,1,/home/thlamz/SushiGo_MARL/results/league/fixed_3p/repetition_1/model.pt,0,42,4,variable_encoder_2_4,1,47,4,variable_encoder_2_4|variable_2_4,1|1,47|53,4|2,loss
match_000129,matchup_0002,29,variable_encoder_2_4,1,/home/thlamz/SushiGo_MARL/results/league/variable_encoder_2_4/repetition_1/model.pt,1,47,4,fixed_3p,1,42,4,fixed_3p|variable_2_4,1|1,42|53,4|2,loss
match_000129,matchup_0002,29,variable_2_4,1,/home/thlamz/SushiGo_MARL/results/league/variable_2_4/repetition_1/model.pt,2,53,2,fixed_3p,1,42,4,fixed_3p|variable_encoder_2_4,1|1,42|47,4|4,win
match_000130,matchup_0002,30,variable_2_4,1,/home/thlamz/SushiGo_MARL/results/league/variable_2_4/repetition_1/model.pt,0,43,0,variable_encoder_2_4,1,41,2,variable_encoder_2_4|fixed_3p,1|1,41|47,2|2,loss
match_000130,matchup_0002,30,variable_encoder_2_4,1,/home/thlamz/SushiGo_MARL/results/league/variable_encoder_2_4/repetition_1/model.pt,1,41,2,variable_2_4,1,43,0,variable_2_4|fixed_3p,1|1,43|47,0|2,loss
match_000130,matchup_0002,30,fixed_3p,1,/home/thlamz/SushiGo_MARL/results/league/fixed_3p/repetition_1/model.pt,2,47,2,variable_2_4,1,43,0,variable_2_4|variable_encoder_2_4,1|1,43|41,0|2,win
match_000131,matchup_0002,31,variable_encoder_2_4,1,/home/thlamz/SushiGo_MARL/results/league/variable_encoder_2_4/repetition_1/model.pt,0,49,0,variable_2_4,1,46,5,variable_2_4|fixed_3p,1|1,46|41,5|3,win
match_000131,matchup_0002,31,variable_2_4,1,/home/thlamz/SushiGo_MARL/results/league/variable_2_4/repetition_1/model.pt,1,46,5,variable_encoder_2_4,1,49,0,variable_encoder_2_4|fixed_3p,1|1,49|41,0|3,loss
match_000131,matchup_0002,31,fixed_3p,1,/home/thlamz/SushiGo_MARL/results/league/fixed_3p/repetition_1/model.pt,2,41,3,variable_encoder_2_4,1,49,0,variable_encoder_2_4|variable_2_4,1|1,49|46,0|5,loss
match_000132,matchup_0002,32,variable_encoder_2_4,1,/home/thlamz/SushiGo_MARL/results/league/variable_encoder_2_4/repetition_1/model.pt,0,54,3,variable_2_4,1,38,2,variable_2_4|fixed_3p,1|1,38|60,2|3,loss
match_000132,matchup_0002,32,variable_2_4,1,/home/thlamz/SushiGo_MARL/results/league/variable_2_4/repetition_1/model.pt,1,38,2,variable_encoder_2_4,1,54,3,variable_encoder_2_4|fixed_3p,1|1,54|60,3|3,loss
match_000132,matchup_0002,32,fixed_3p,1,/home/thlamz/SushiGo_MARL/results/league/fixed_3p/repetition_1/model.pt,2,60,3,variable_encoder_2_4,1,54,3,variable_encoder_2_4|variable_2_4,1|1,54|38,3|2,win
match_000133,matchup_0002,33,variable_2_4,1,/home/thlamz/SushiGo_MARL/results/league/variable_2_4/repetition_1/model.pt,0,47,3,variable_encoder_2_4,1,40,2,variable_encoder_2_4|fixed_3p,1|1,40|42,2|3,win
match_000133,matchup_0002,33,variable_encoder_2_4,1,/home/thlamz/SushiGo_MARL/results/league/variable_encoder_2_4/repetition_1/model.pt,1,40,2,variable_2_4,1,47,3,variable_2_4|fixed_3p,1|1,47|42,3|3,loss
match_000133,matchup_0002,33,fixed_3p,1,/home/thlamz/SushiGo_MARL/results/league/fixed_3p/repetition_1/model.pt,2,42,3,variable_2_4,1,47,3,variable_2_4|variable_encoder_2_4,1|1,47|40,3|2,loss
match_000134,matchup_0002,34,variable_encoder_2_4,1,/home/thlamz/SushiGo_MARL/results/league/variable_encoder_2_4/repetition_1/model.pt,0,51,0,variable_2_4,1,41,4,variable_2_4|fixed_3p,1|1,41|39,4|3,win
match_000134,matchup_0002,34,variable_2_4,1,/home/thlamz/SushiGo_MARL/results/league/variable_2_4/repetition_1/model.pt,1,41,4,variable_encoder_2_4,1,51,0,variable_encoder_2_4|fixed_3p,1|1,51|39,0|3,loss
match_000134,matchup_0002,34,fixed_3p,1,/home/thlamz/SushiGo_MARL/results/league/fixed_3p/repetition_1/model.pt,2,39,3,variable_encoder_2_4,1,51,0,variable_encoder_2_4|variable_2_4,1|1,51|41,0|4,loss
match_000135,matchup_0002,35,fixed_3p,1,/home/thlamz/SushiGo_MARL/results/league/fixed_3p/repetition_1/model.pt,0,45,4,variable_2_4,1,46,5,variable_2_4|variable_encoder_2_4,1|1,46|49,5|0,loss
match_000135,matchup_0002,35,variable_2_4,1,/home/thlamz/SushiGo_MARL/results/league/variable_2_4/repetition_1/model.pt,1,46,5,fixed_3p,1,45,4,fixed_3p|variable_encoder_2_4,1|1,45|49,4|0,loss
match_000135,matchup_0002,35,variable_encoder_2_4,1,/home/thlamz/SushiGo_MARL/results/league/variable_encoder_2_4/repetition_1/model.pt,2,49,0,fixed_3p,1,45,4,fixed_3p|variable_2_4,1|1,45|46,4|5,win
match_000136,matchup_0002,36,fixed_3p,1,/home/thlamz/SushiGo_MARL/results/league/fixed_3p/repetition_1/model.pt,0,51,5,variable_2_4,1,48,4,variable_2_4|variable_encoder_2_4,1|1,48|44,4|0,win
match_000136,matchup_0002,36,variable_2_4,1,/home/thlamz/SushiGo_MARL/results/league/variable_2_4/repetition_1/model.pt,1,48,4,fixed_3p,1,51,5,fixed_3p|variable_encoder_2_4,1|1,51|44,5|0,loss
match_000136,matchup_0002,36,variable_encoder_2_4,1,/home/thlamz/SushiGo_MARL/results/league/variable_encoder_2_4/repetition_1/model.pt,2,44,0,fixed_3p,1,51,5,fixed_3p|variable_2_4,1|1,51|48,5|4,loss
match_000137,matchup_0002,37,fixed_3p,1,/home/thlamz/SushiGo_MARL/results/league/fixed_3p/repetition_1/model.pt,0,45,3,variable_2_4,1,45,5,variable_2_4|variable_encoder_2_4,1|1,45|48,5|0,loss
match_000137,matchup_0002,37,variable_2_4,1,/home/thlamz/SushiGo_MARL/results/league/variable_2_4/repetition_1/model.pt,1,45,5,fixed_3p,1,45,3,fixed_3p|variable_encoder_2_4,1|1,45|48,3|0,loss
match_000137,matchup_0002,37,variable_encoder_2_4,1,/home/thlamz/SushiGo_MARL/results/league/variable_encoder_2_4/repetition_1/model.pt,2,48,0,fixed_3p,1,45,3,fixed_3p|variable_2_4,1|1,45|45,3|5,win
match_000138,matchup_0002,38,variable_encoder_2_4,1,/home/thlamz/SushiGo_MARL/results/league/variable_encoder_2_4/repetition_1/model.pt,0,48,0,variable_2_4,1,59,3,variable_2_4|fixed_3p,1|1,59|44,3|2,loss
match_000138,matchup_0002,38,variable_2_4,1,/home/thlamz/SushiGo_MARL/results/league/variable_2_4/repetition_1/model.pt,1,59,3,variable_encoder_2_4,1,48,0,variable_encoder_2_4|fixed_3p,1|1,48|44,0|2,win
match_000138,matchup_0002,38,fixed_3p,1,/home/thlamz/SushiGo_MARL/results/league/fixed_3p/repetition_1/model.pt,2,44,2,variable_encoder_2_4,1,48,0,variable_encoder_2_4|variable_2_4,1|1,48|59,0|3,loss
match_000139,matchup_0002,39,variable_encoder_2_4,1,/home/thlamz/SushiGo_MARL/results/league/variable_encoder_2_4/repetition_1/model.pt,0,49,2,variable_2_4,1,53,2,variable_2_4|fixed_3p,1|1,53|44,2|4,loss
match_000139,matchup_0002,39,variable_2_4,1,/home/thlamz/SushiGo_MARL/results/league/variable_2_4/repetition_1/model.pt,1,53,2,variable_encoder_2_4,1,49,2,variable_encoder_2_4|fixed_3p,1|1,49|44,2|4,win
match_000139,matchup_0002,39,fixed_3p,1,/home/thlamz/SushiGo_MARL/results/league/fixed_3p/repetition_1/model.pt,2,44,4,variable_encoder_2_4,1,49,2,variable_encoder_2_4|variable_2_4,1|1,49|53,2|2,loss
match_000140,matchup_0002,40,fixed_3p,1,/home/thlamz/SushiGo_MARL/results/league/fixed_3p/repetition_1/model.pt,0,45,1,variable_encoder_2_4,1,46,2,variable_encoder_2_4|variable_2_4,1|1,46|41,2|2,loss
match_000140,matchup_0002,40,variable_encoder_2_4,1,/home/thlamz/SushiGo_MARL/results/league/variable_encoder_2_4/repetition_1/model.pt,1,46,2,fixed_3p,1,45,1,fixed_3p|variable_2_4,1|1,45|41,1|2,win
match_000140,matchup_0002,40,variable_2_4,1,/home/thlamz/SushiGo_MARL/results/league/variable_2_4/repetition_1/model.pt,2,41,2,fixed_3p,1,45,1,fixed_3p|variable_encoder_2_4,1|1,45|46,1|2,loss
match_000141,matchup_0002,41,variable_encoder_2_4,1,/home/thlamz/SushiGo_MARL/results/league/variable_encoder_2_4/repetition_1/model.pt,0,44,2,fixed_3p,1,49,0,fixed_3p|variable_2_4,1|1,49|45,0|3,loss
match_000141,matchup_0002,41,fixed_3p,1,/home/thlamz/SushiGo_MARL/results/league/fixed_3p/repetition_1/model.pt,1,49,0,variable_encoder_2_4,1,44,2,variable_encoder_2_4|variable_2_4,1|1,44|45,2|3,win
match_000141,matchup_0002,41,variable_2_4,1,/home/thlamz/SushiGo_MARL/results/league/variable_2_4/repetition_1/model.pt,2,45,3,variable_encoder_2_4,1,44,2,variable_encoder_2_4|fixed_3p,1|1,44|49,2|0,loss
match_000142,matchup_0002,42,variable_encoder_2_4,1,/home/thlamz/SushiGo_MARL/results/league/variable_encoder_2_4/repetition_1/model.pt,0,45,0,variable_2_4,1,50,4,variable_2_4|fixed_3p,1|1,50|52,4|4,loss
match_000142,matchup_0002,42,variable_2_4,1,/home/thlamz/SushiGo_MARL/results/league/variable_2_4/repetition_1/model.pt,1,50,4,variable_encoder_2_4,1,45,0,variable_encoder_2_4|fixed_3p,1|1,45|52,0|4,loss
match_000142,matchup_0002,42,fixed_3p,1,/home/thlamz/SushiGo_MARL/results/league/fixed_3p/repetition_1/model.pt,2,52,4,variable_encoder_2_4,1,45,0,variable_encoder_2_4|variable_2_4,1|1,45|50,0|4,win
match_000143,matchup_0002,43,variable_encoder_2_4,1,/home/thlamz/SushiGo_MARL/results/league/variable_encoder_2_4/repetition_1/model.pt,0,31,1,variable_2_4,1,45,4,variable_2_4|fixed_3p,1|1,45|42,4|3,loss
match_000143,matchup_0002,43,variable_2_4,1,/home/thlamz/SushiGo_MARL/results/league/variable_2_4/repetition_1/model.pt,1,45,4,variable_encoder_2_4,1,31,1,variable_encoder_2_4|fixed_3p,1|1,31|42,1|3,win
match_000143,matchup_0002,43,fixed_3p,1,/home/thlamz/SushiGo_MARL/results/league/fixed_3p/repetition_1/model.pt,2,42,3,variable_encoder_2_4,1,31,1,variable_encoder_2_4|variable_2_4,1|1,31|45,1|4,loss
match_000144,matchup_0002,44,fixed_3p,1,/home/thlamz/SushiGo_MARL/results/league/fixed_3p/repetition_1/model.pt,0,52,3,variable_2_4,1,48,2,variable_2_4|variable_encoder_2_4,1|1,48|51,2|3,win
match_000144,matchup_0002,44,variable_2_4,1,/home/thlamz/SushiGo_MARL/results/league/variable_2_4/repetition_1/model.pt,1,48,2,fixed_3p,1,52,3,fixed_3p|variable_encoder_2_4,1|1,52|51,3|3,loss
match_000144,matchup_0002,44,variable_encoder_2_4,1,/home/thlamz/SushiGo_MARL/results/league/variable_encoder_2_4/repetition_1/model.pt,2,51,3,fixed_3p,1,52,3,fixed_3p|variable_2_4,1|1,52|48,3|2,loss
match_000145,matchup_0002,45,fixed_3p,1,/home/thlamz/SushiGo_MARL/results/league/fixed_3p/repetition_1/model.pt,0,46,3,variable_encoder_2_4,1,42,0,variable_encoder_2_4|variable_2_4,1|1,42|39,0|2,win
match_000145,matchup_0002,45,variable_encoder_2_4,1,/home/thlamz/SushiGo_MARL/results/league/variable_encoder_2_4/repetition_1/model.pt,1,42,0,fixed_3p,1,46,3,fixed_3p|variable_2_4,1|1,46|39,3|2,loss
match_000145,matchup_0002,45,variable_2_4,1,/home/thlamz/SushiGo_MARL/results/league/variable_2_4/repetition_1/model.pt,2,39,2,fixed_3p,1,46,3,fixed_3p|variable_encoder_2_4,1|1,46|42,3|0,loss
match_000146,matchup_0002,46,variable_2_4,1,/home/thlamz/SushiGo_MARL/results/league/variable_2_4/repetition_1/model.pt,0,34,3,fixed_3p,1,43,3,fixed_3p|variable_encoder_2_4,1|1,43|54,3|4,loss
match_000146,matchup_0002,46,fixed_3p,1,/home/thlamz/SushiGo_MARL/results/league/fixed_3p/repetition_1/model.pt,1,43,3,variable_2_4,1,34,3,variable_2_4|variable_encoder_2_4,1|1,34|54,3|4,loss
match_000146,matchup_0002,46,variable_encoder_2_4,1,/home/thlamz/SushiGo_MARL/results/league/variable_encoder_2_4/repetition_1/model.pt,2,54,4,variable_2_4,1,34,3,variable_2_4|fixed_3p,1|1,34|43,3|3,win
match_000147,matchup_0002,47,fixed_3p,1,/home/thlamz/SushiGo_MARL/results/league/fixed_3p/repetition_1/model.pt,0,40,1,variable_encoder_2_4,1,51,3,variable_encoder_2_4|variable_2_4,1|1,51|41,3|3,loss
match_000147,matchup_0002,47,variable_encoder_2_4,1,/home/thlamz/SushiGo_MARL/results/league/variable_encoder_2_4/repetition_1/model.pt,1,51,3,fixed_3p,1,40,1,fixed_3p|variable_2_4,1|1,40|41,1|3,win
match_000147,matchup_0002,47,variable_2_4,1,/home/thlamz/SushiGo_MARL/results/league/variable_2_4/repetition_1/model.pt,2,41,3,fixed_3p,1,40,1,fixed_3p|variable_encoder_2_4,1|1,40|51,1|3,loss
match_000148,matchup_0002,48,variable_2_4,1,/home/thlamz/SushiGo_MARL/results/league/variable_2_4/repetition_1/model.pt,0,46,2,fixed_3p,1,60,3,fixed_3p|variable_encoder_2_4,1|1,60|46,3|2,loss
match_000148,matchup_0002,48,fixed_3p,1,/home/thlamz/SushiGo_MARL/results/league/fixed_3p/repetition_1/model.pt,1,60,3,variable_2_4,1,46,2,variable_2_4|variable_encoder_2_4,1|1,46|46,2|2,win
match_000148,matchup_0002,48,variable_encoder_2_4,1,/home/thlamz/SushiGo_MARL/results/league/variable_encoder_2_4/repetition_1/model.pt,2,46,2,variable_2_4,1,46,2,variable_2_4|fixed_3p,1|1,46|60,2|3,loss
match_000149,matchup_0002,49,variable_2_4,1,/home/thlamz/SushiGo_MARL/results/league/variable_2_4/repetition_1/model.pt,0,41,3,variable_encoder_2_4,1,55,3,variable_encoder_2_4|fixed_3p,1|1,55|37,3|1,loss
match_000149,matchup_0002,49,variable_encoder_2_4,1,/home/thlamz/SushiGo_MARL/results/league/variable_encoder_2_4/repetition_1/model.pt,1,55,3,variable_2_4,1,41,3,variable_2_4|fixed_3p,1|1,41|37,3|1,win
match_000149,matchup_0002,49,fixed_3p,1,/home/thlamz/SushiGo_MARL/results/league/fixed_3p/repetition_1/model.pt,2,37,1,variable_2_4,1,41,3,variable_2_4|variable_encoder_2_4,1|1,41|55,3|3,loss
match_000150,matchup_0002,50,variable_2_4,1,/home/thlamz/SushiGo_MARL/results/league/variable_2_4/repetition_1/model.pt,0,55,4,variable_encoder_2_4,1,46,0,variable_encoder_2_4|fixed_3p,1|1,46|45,0|4,win
match_000150,matchup_0002,50,variable_encoder_2_4,1,/home/thlamz/SushiGo_MARL/results/league/variable_encoder_2_4/repetition_1/model.pt,1,46,0,variable_2_4,1,55,4,variable_2_4|fixed_3p,1|1,55|45,4|4,loss
match_000150,matchup_0002,50,fixed_3p,1,/home/thlamz/SushiGo_MARL/results/league/fixed_3p/repetition_1/model.pt,2,45,4,variable_2_4,1,55,4,variable_2_4|variable_encoder_2_4,1|1,55|46,4|0,loss
match_000151,matchup_0002,51,variable_2_4,1,/home/thlamz/SushiGo_MARL/results/league/variable_2_4/repetition_1/model.pt,0,45,4,variable_encoder_2_4,1,48,1,variable_encoder_2_4|fixed_3p,1|1,48|43,1|0,loss
match_000151,matchup_0002,51,variable_encoder_2_4,1,/home/thlamz/SushiGo_MARL/results/league/variable_encoder_2_4/repetition_1/model.pt,1,48,1,variable_2_4,1,45,4,variable_2_4|fixed_3p,1|1,45|43,4|0,win
match_000151,matchup_0002,51,fixed_3p,1,/home/thlamz/SushiGo_MARL/results/league/fixed_3p/repetition_1/model.pt,2,43,0,variable_2_4,1,45,4,variable_2_4|variable_encoder_2_4,1|1,45|48,4|1,loss
match_000152,matchup_0002,52,variable_encoder_2_4,1,/home/thlamz/SushiGo_MARL/results/league/variable_encoder_2_4/repetition_1/model.pt,0,48,1,variable_2_4,1,48,4,variable_2_4|fixed_3p,1|1,48|43,4|4,loss
match_000152,matchup_0002,52,variable_2_4,1,/home/thlamz/SushiGo_MARL/results/league/variable_2_4/repetition_1/model.pt,1,48,4,variable_encoder_2_4,1,48,1,variable_encoder_2_4|fixed_3p,1|1,48|43,1|4,win
match_000152,matchup_0002,52,fixed_3p,1,/home/thlamz/SushiGo_MARL/results/league/fixed_3p/repetition_1/model.pt,2,43,4,variable_encoder_2_4,1,48,1,variable_encoder_2_4|variable_2_4,1|1,48|48,1|4,loss
match_000153,matchup_0002,53,fixed_3p,1,/home/thlamz/SushiGo_MARL/results/league/fixed_3p/repetition_1/model.pt,0,42,2,variable_2_4,1,49,4,variable_2_4|variable_encoder_2_4,1|1,49|42,4|1,loss
match_000153,matchup_0002,53,variable_2_4,1,/home/thlamz/SushiGo_MARL/results/league/variable_2_4/repetition_1/model.pt,1,49,4,fixed_3p,1,42,2,fixed_3p|variable_encoder_2_4,1|1,42|42,2|1,win
match_000153,matchup_0002,53,variable_encoder_2_4,1,/home/thlamz/SushiGo_MARL/results/league/variable_encoder_2_4/repetition_1/model.pt,2,42,1,fixed_3p,1,42,2,fixed_3p|variable_2_4,1|1,42|49,2|4,loss
match_000154,matchup_0002,54,fixed_3p,1,/home/thlamz/SushiGo_MARL/results/league/fixed_3p/repetition_1/model.pt,0,41,2,variable_2_4,1,54,3,variable_2_4|variable_encoder_2_4,1|1,54|49,3|3,loss
match_000154,matchup_0002,54,variable_2_4,1,/home/thlamz/SushiGo_MARL/results/league/variable_2_4/repetition_1/model.pt,1,54,3,fixed_3p,1,41,2,fixed_3p|variable_encoder_2_4,1|1,41|49,2|3,win
match_000154,matchup_0002,54,variable_encoder_2_4,1,/home/thlamz/SushiGo_MARL/results/league/variable_encoder_2_4/repetition_1/model.pt,2,49,3,fixed_3p,1,41,2,fixed_3p|variable_2_4,1|1,41|54,2|3,loss
match_000155,matchup_0002,55,variable_2_4,1,/home/thlamz/SushiGo_MARL/results/league/variable_2_4/repetition_1/model.pt,0,39,3,variable_encoder_2_4,1,43,2,variable_encoder_2_4|fixed_3p,1|1,43|41,2|3,loss
match_000155,matchup_0002,55,variable_encoder_2_4,1,/home/thlamz/SushiGo_MARL/results/league/variable_encoder_2_4/repetition_1/model.pt,1,43,2,variable_2_4,1,39,3,variable_2_4|fixed_3p,1|1,39|41,3|3,win
match_000155,matchup_0002,55,fixed_3p,1,/home/thlamz/SushiGo_MARL/results/league/fixed_3p/repetition_1/model.pt,2,41,3,variable_2_4,1,39,3,variable_2_4|variable_encoder_2_4,1|1,39|43,3|2,loss
match_000156,matchup_0002,56,variable_encoder_2_4,1,/home/thlamz/SushiGo_MARL/results/league/variable_encoder_2_4/repetition_1/model.pt,0,43,0,variable_2_4,1,52,4,variable_2_4|fixed_3p,1|1,52|53,4|2,loss
match_000156,matchup_0002,56,variable_2_4,1,/home/thlamz/SushiGo_MARL/results/league/variable_2_4/repetition_1/model.pt,1,52,4,variable_encoder_2_4,1,43,0,variable_encoder_2_4|fixed_3p,1|1,43|53,0|2,loss
match_000156,matchup_0002,56,fixed_3p,1,/home/thlamz/SushiGo_MARL/results/league/fixed_3p/repetition_1/model.pt,2,53,2,variable_encoder_2_4,1,43,0,variable_encoder_2_4|variable_2_4,1|1,43|52,0|4,win
match_000157,matchup_0002,57,fixed_3p,1,/home/thlamz/SushiGo_MARL/results/league/fixed_3p/repetition_1/model.pt,0,41,3,variable_encoder_2_4,1,47,4,variable_encoder_2_4|variable_2_4,1|1,47|50,4|1,loss
match_000157,matchup_0002,57,variable_encoder_2_4,1,/home/thlamz/SushiGo_MARL/results/league/variable_encoder_2_4/repetition_1/model.pt,1,47,4,fixed_3p,1,41,3,fixed_3p|variable_2_4,1|1,41|50,3|1,loss
match_000157,matchup_0002,57,variable_2_4,1,/home/thlamz/SushiGo_MARL/results/league/variable_2_4/repetition_1/model.pt,2,50,1,fixed_3p,1,41,3,fixed_3p|variable_encoder_2_4,1|1,41|47,3|4,win
match_000158,matchup_0002,58,variable_encoder_2_4,1,/home/thlamz/SushiGo_MARL/results/league/variable_encoder_2_4/repetition_1/model.pt,0,55,0,variable_2_4,1,47,4,variable_2_4|fixed_3p,1|1,47|44,4|4,win
match_000158,matchup_0002,58,variable_2_4,1,/home/thlamz/SushiGo_MARL/results/league/variable_2_4/repetition_1/model.pt,1,47,4,variable_encoder_2_4,1,55,0,variable_encoder_2_4|fixed_3p,1|1,55|44,0|4,loss
match_000158,matchup_0002,58,fixed_3p,1,/home/thlamz/SushiGo_MARL/results/league/fixed_3p/repetition_1/model.pt,2,44,4,variable_encoder_2_4,1,55,0,variable_encoder_2_4|variable_2_4,1|1,55|47,0|4,loss
match_000159,matchup_0002,59,variable_2_4,1,/home/thlamz/SushiGo_MARL/results/league/variable_2_4/repetition_1/model.pt,0,49,4,fixed_3p,1,45,0,fixed_3p|variable_encoder_2_4,1|1,45|42,0|5,win
match_000159,matchup_0002,59,fixed_3p,1,/home/thlamz/SushiGo_MARL/results/league/fixed_3p/repetition_1/model.pt,1,45,0,variable_2_4,1,49,4,variable_2_4|variable_encoder_2_4,1|1,49|42,4|5,loss
match_000159,matchup_0002,59,variable_encoder_2_4,1,/home/thlamz/SushiGo_MARL/results/league/variable_encoder_2_4/repetition_1/model.pt,2,42,5,variable_2_4,1,49,4,variable_2_4|fixed_3p,1|1,49|45,4|0,loss
match_000160,matchup_0002,60,fixed_3p,1,/home/thlamz/SushiGo_MARL/results/league/fixed_3p/repetition_1/model.pt,0,59,2,variable_2_4,1,51,2,variable_2_4|variable_encoder_2_4,1|1,51|37,2|0,win
match_000160,matchup_0002,60,variable_2_4,1,/home/thlamz/SushiGo_MARL/results/league/variable_2_4/repetition_1/model.pt,1,51,2,fixed_3p,1,59,2,fixed_3p|variable_encoder_2_4,1|1,59|37,2|0,loss
match_000160,matchup_0002,60,variable_encoder_2_4,1,/home/thlamz/SushiGo_MARL/results/league/variable_encoder_2_4/repetition_1/model.pt,2,37,0,fixed_3p,1,59,2,fixed_3p|variable_2_4,1|1,59|51,2|2,loss
match_000161,matchup_0002,61,variable_encoder_2_4,1,/home/thlamz/SushiGo_MARL/results/league/variable_encoder_2_4/repetition_1/model.pt,0,41,2,fixed_3p,1,38,3,fixed_3p|variable_2_4,1|1,38|50,3|4,loss
match_000161,matchup_0002,61,fixed_3p,1,/home/thlamz/SushiGo_MARL/results/league/fixed_3p/repetition_1/model.pt,1,38,3,variable_encoder_2_4,1,41,2,variable_encoder_2_4|variable_2_4,1|1,41|50,2|4,loss
match_000161,matchup_0002,61,variable_2_4,1,/home/thlamz/SushiGo_MARL/results/league/variable_2_4/repetition_1/model.pt,2,50,4,variable_encoder_2_4,1,41,2,variable_encoder_2_4|fixed_3p,1|1,41|38,2|3,win
match_000162,matchup_0002,62,variable_encoder_2_4,1,/home/thlamz/SushiGo_MARL/results/league/variable_encoder_2_4/repetition_1/model.pt,0,45,0,variable_2_4,1,44,3,variable_2_4|fixed_3p,1|1,44|49,3|4,loss
match_000162,matchup_0002,62,variable_2_4,1,/home/thlamz/SushiGo_MARL/results/league/variable_2_4/repetition_1/model.pt,1,44,3,variable_encoder_2_4,1,45,0,variable_encoder_2_4|fixed_3p,1|1,45|49,0|4,loss
match_000162,matchup_0002,62,fixed_3p,1,/home/thlamz/SushiGo_MARL/results/league/fixed_3p/repetition_1/model.pt,2,49,4,variable_encoder_2_4,1,45,0,variable_encoder_2_4|variable_2_4,1|1,45|44,0|3,win
match_000163,matchup_0002,63,variable_encoder_2_4,1,/home/thlamz/SushiGo_MARL/results/league/variable_encoder_2_4/repetition_1/model.pt,0,38,2,fixed_3p,1,43,3,fixed_3p|variable_2_4,1|1,43|40,3|3,loss
match_000163,matchup_0002,63,fixed_3p,1,/home/thlamz/SushiGo_MARL/results/league/fixed_3p/repetition_1/model.pt,1,43,3,variable_encoder_2_4,1,38,2,variable_encoder_2_4|variable_2_4,1|1,38|40,2|3,win
match_000163,matchup_0002,63,variable_2_4,1,/home/thlamz/SushiGo_MARL/results/league/variable_2_4/repetition_1/model.pt,2,40,3,variable_encoder_2_4,1,38,2,variable_encoder_2_4|fixed_3p,1|1,38|43,2|3,loss
match_000164,matchup_0002,64,variable_encoder_2_4,1,/home/thlamz/SushiGo_MARL/results/league/variable_encoder_2_4/repetition_1/model.pt,0,37,1,variable_2_4,1,44,1,variable_2_4|fixed_3p,1|1,44|49,1|2,loss
match_000164,matchup_0002,64,variable_2_4,1,/home/thlamz/SushiGo_MARL/results/league/variable_2_4/repetition_1/model.pt,1,44,1,variable_encoder_2_4,1,37,1,variable_encoder_2_4|fixed_3p,1|1,37|49,1|2,loss
match_000164,matchup_0002,64,fixed_3p,1,/home/thlamz/SushiGo_MARL/results/league/fixed_3p/repetition_1/model.pt,2,49,2,variable_encoder_2_4,1,37,1,variable_encoder_2_4|variable_2_4,1|1,37|44,1|1,win
match_000165,matchup_0002,65,variable_encoder_2_4,1,/home/thlamz/SushiGo_MARL/results/league/variable_encoder_2_4/repetition_1/model.pt,0,43,0,fixed_3p,1,45,5,fixed_3p|variable_2_4,1|1,45|41,5|3,loss
match_000165,matchup_0002,65,fixed_3p,1,/home/thlamz/SushiGo_MARL/results/league/fixed_3p/repetition_1/model.pt,1,45,5,variable_encoder_2_4,1,43,0,variable_encoder_2_4|variable_2_4,1|1,43|41,0|3,win
match_000165,matchup_0002,65,variable_2_4,1,/home/thlamz/SushiGo_MARL/results/league/variable_2_4/repetition_1/model.pt,2,41,3,variable_encoder_2_4,1,43,0,variable_encoder_2_4|fixed_3p,1|1,43|45,0|5,loss
match_000166,matchup_0002,66,fixed_3p,1,/home/thlamz/SushiGo_MARL/results/league/fixed_3p/repetition_1/model.pt,0,35,4,variable_2_4,1,39,3,variable_2_4|variable_encoder_2_4,1|1,39|36,3|0,loss
match_000166,matchup_0002,66,variable_2_4,1,/home/thlamz/SushiGo_MARL/results/league/variable_2_4/repetition_1/model.pt,1,39,3,fixed_3p,1,35,4,fixed_3p|variable_encoder_2_4,1|1,35|36,4|0,win
match_000166,matchup_0002,66,variable_encoder_2_4,1,/home/thlamz/SushiGo_MARL/results/league/variable_encoder_2_4/repetition_1/model.pt,2,36,0,fixed_3p,1,35,4,fixed_3p|variable_2_4,1|1,35|39,4|3,loss
match_000167,matchup_0002,67,fixed_3p,1,/home/thlamz/SushiGo_MARL/results/league/fixed_3p/repetition_1/model.pt,0,44,3,variable_2_4,1,43,3,variable_2_4|variable_encoder_2_4,1|1,43|51,3|0,loss
match_000167,matchup_0002,67,variable_2_4,1,/home/thlamz/SushiGo_MARL/results/league/variable_2_4/repetition_1/model.pt,1,43,3,fixed_3p,1,44,3,fixed_3p|variable_encoder_2_4,1|1,44|51,3|0,loss
match_000167,matchup_0002,67,variable_encoder_2_4,1,/home/thlamz/SushiGo_MARL/results/league/variable_encoder_2_4/repetition_1/model.pt,2,51,0,fixed_3p,1,44,3,fixed_3p|variable_2_4,1|1,44|43,3|3,win
match_000168,matchup_0002,68,fixed_3p,1,/home/thlamz/SushiGo_MARL/results/league/fixed_3p/repetition_1/model.pt,0,40,3,variable_encoder_2_4,1,44,0,variable_encoder_2_4|variable_2_4,1|1,44|46,0|4,loss
match_000168,matchup_0002,68,variable_encoder_2_4,1,/home/thlamz/SushiGo_MARL/results/league/variable_encoder_2_4/repetition_1/model.pt,1,44,0,fixed_3p,1,40,3,fixed_3p|variable_2_4,1|1,40|46,3|4,loss
match_000168,matchup_0002,68,variable_2_4,1,/home/thlamz/SushiGo_MARL/results/league/variable_2_4/repetition_1/model.pt,2,46,4,fixed_3p,1,40,3,fixed_3p|variable_encoder_2_4,1|1,40|44,3|0,win
match_000169,matchup_0002,69,fixed_3p,1,/home/thlamz/SushiGo_MARL/results/league/fixed_3p/repetition_1/model.pt,0,43,4,variable_encoder_2_4,1,46,0,variable_encoder_2_4|variable_2_4,1|1,46|50,0|3,loss
match_000169,matchup_0002,69,variable_encoder_2_4,1,/home/thlamz/SushiGo_MARL/results/league/variable_encoder_2_4/repetition_1/model.pt,1,46,0,fixed_3p,1,43,4,fixed_3p|variable_2_4,1|1,43|50,4|3,loss
match_000169,matchup_0002,69,variable_2_4,1,/home/thlamz/SushiGo_MARL/results/league/variable_2_4/repetition_1/model.pt,2,50,3,fixed_3p,1,43,4,fixed_3p|variable_encoder_2_4,1|1,43|46,4|0,win
match_000170,matchup_0002,70,fixed_3p,1,/home/thlamz/SushiGo_MARL/results/league/fixed_3p/repetition_1/model.pt,0,55,2,variable_encoder_2_4,1,41,0,variable_encoder_2_4|variable_2_4,1|1,41|52,0|3,win
match_000170,matchup_0002,70,variable_encoder_2_4,1,/home/thlamz/SushiGo_MARL/results/league/variable_encoder_2_4/repetition_1/model.pt,1,41,0,fixed_3p,1,55,2,fixed_3p|variable_2_4,1|1,55|52,2|3,loss
match_000170,matchup_0002,70,variable_2_4,1,/home/thlamz/SushiGo_MARL/results/league/variable_2_4/repetition_1/model.pt,2,52,3,fixed_3p,1,55,2,fixed_3p|variable_encoder_2_4,1|1,55|41,2|0,loss
match_000171,matchup_0002,71,variable_2_4,1,/home/thlamz/SushiGo_MARL/results/league/variable_2_4/repetition_1/model.pt,0,49,1,variable_encoder_2_4,1,49,3,variable_encoder_2_4|fixed_3p,1|1,49|50,3|3,loss
match_000171,matchup_0002,71,variable_encoder_2_4,1,/home/thlamz/SushiGo_MARL/results/league/variable_encoder_2_4/repetition_1/model.pt,1,49,3,variable_2_4,1,49,1,variable_2_4|fixed_3p,1|1,49|50,1|3,loss
match_000171,matchup_0002,71,fixed_3p,1,/home/thlamz/SushiGo_MARL/results/league/fixed_3p/repetition_1/model.pt,2,50,3,variable_2_4,1,49,1,variable_2_4|variable_encoder_2_4,1|1,49|49,1|3,win
match_000172,matchup_0002,72,variable_2_4,1,/home/thlamz/SushiGo_MARL/results/league/variable_2_4/repetition_1/model.pt,0,56,2,variable_encoder_2_4,1,48,3,variable_encoder_2_4|fixed_3p,1|1,48|43,3|1,win
match_000172,matchup_0002,72,variable_encoder_2_4,1,/home/thlamz/SushiGo_MARL/results/league/variable_encoder_2_4/repetition_1/model.pt,1,48,3,variable_2_4,1,56,2,variable_2_4|fixed_3p,1|1,56|43,2|1,loss
match_000172,matchup_0002,72,fixed_3p,1,/home/thlamz/SushiGo_MARL/results/league/fixed_3p/repetition_1/model.pt,2,43,1,variable_2_4,1,56,2,variable_2_4|variable_encoder_2_4,1|1,56|48,2|3,loss
match_000173,matchup_0002,73,variable_2_4,1,/home/thlamz/SushiGo_MARL/results/league/variable_2_4/repetition_1/model.pt,0,43,2,variable_encoder_2_4,1,45,2,variable_encoder_2_4|fixed_3p,1|1,45|46,2|4,loss
match_000173,matchup_0002,73,variable_encoder_2_4,1,/home/thlamz/SushiGo_MARL/results/league/variable_encoder_2_4/repetition_1/model.pt,1,45,2,variable_2_4,1,43,2,variable_2_4|fixed_3p,1|1,43|46,2|4,loss
match_000173,matchup_0002,73,fixed_3p,1,/home/thlamz/SushiGo_MARL/results/league/fixed_3p/repetition_1/model.pt,2,46,4,variable_2_4,1,43,2,variable_2_4|variable_encoder_2_4,1|1,43|45,2|2,win
match_000174,matchup_0002,74,fixed_3p,1,/home/thlamz/SushiGo_MARL/results/league/fixed_3p/repetition_1/model.pt,0,44,3,variable_encoder_2_4,1,51,3,variable_encoder_2_4|variable_2_4,1|1,51|36,3|2,loss
match_000174,matchup_0002,74,variable_encoder_2_4,1,/home/thlamz/SushiGo_MARL/results/league/variable_encoder_2_4/repetition_1/model.pt,1,51,3,fixed_3p,1,44,3,fixed_3p|variable_2_4,1|1,44|36,3|2,win
match_000174,matchup_0002,74,variable_2_4,1,/home/thlamz/SushiGo_MARL/results/league/variable_2_4/repetition_1/model.pt,2,36,2,fixed_3p,1,44,3,fixed_3p|variable_encoder_2_4,1|1,44|51,3|3,loss
match_000175,matchup_0002,75,variable_2_4,1,/home/thlamz/SushiGo_MARL/results/league/variable_2_4/repetition_1/model.pt,0,50,3,variable_encoder_2_4,1,35,3,variable_encoder_2_4|fixed_3p,1|1,35|49,3|4,win
match_000175,matchup_0002,75,variable_encoder_2_4,1,/home/thlamz/SushiGo_MARL/results/league/variable_encoder_2_4/repetition_1/model.pt,1,35,3,variable_2_4,1,50,3,variable_2_4|fixed_3p,1|1,50|49,3|4,loss
match_000175,matchup_0002,75,fixed_3p,1,/home/thlamz/SushiGo_MARL/results/league/fixed_3p/repetition_1/model.pt,2,49,4,variable_2_4,1,50,3,variable_2_4|variable_encoder_2_4,1|1,50|35,3|3,loss
match_000176,matchup_0002,76,variable_encoder_2_4,1,/home/thlamz/SushiGo_MARL/results/league/variable_encoder_2_4/repetition_1/model.pt,0,42,0,fixed_3p,1,45,2,fixed_3p|variable_2_4,1|1,45|50,2|2,loss
match_000176,matchup_0002,76,fixed_3p,1,/home/thlamz/SushiGo_MARL/results/league/fixed_3p/repetition_1/model.pt,1,45,2,variable_encoder_2_4,1,42,0,variable_encoder_2_4|variable_2_4,1|1,42|50,0|2,loss
match_000176,matchup_0002,76,variable_2_4,1,/home/thlamz/SushiGo_MARL/results/league/variable_2_4/repetition_1/model.pt,2,50,2,variable_encoder_2_4,1,42,0,variable_encoder_2_4|fixed_3p,1|1,42|45,0|2,win
match_000177,matchup_0002,77,variable_encoder_2_4,1,/home/thlamz/SushiGo_MARL/results/league/variable_encoder_2_4/repetition_1/model.pt,0,45,0,variable_2_4,1,42,4,variable_2_4|fixed_3p,1|1,42|49,4|5,loss
match_000177,matchup_0002,77,variable_2_4,1,/home/thlamz/SushiGo_MARL/results/league/variable_2_4/repetition_1/model.pt,1,42,4,variable_encoder_2_4,1,45,0,variable_encoder_2_4|fixed_3p,1|1,45|49,0|5,loss
match_000177,matchup_0002,77,fixed_3p,1,/home/thlamz/SushiGo_MARL/results/league/fixed_3p/repetition_1/model.pt,2,49,5,variable_encoder_2_4,1,45,0,variable_encoder_2_4|variable_2_4,1|1,45|42,0|4,win
match_000178,matchup_0002,78,fixed_3p,1,/home/thlamz/SushiGo_MARL/results/league/fixed_3p/repetition_1/model.pt,0,46,3,variable_encoder_2_4,1,46,0,variable_encoder_2_4|variable_2_4,1|1,46|55,0|4,loss
match_000178,matchup_0002,78,variable_encoder_2_4,1,/home/thlamz/SushiGo_MARL/results/league/variable_encoder_2_4/repetition_1/model.pt,1,46,0,fixed_3p,1,46,3,fixed_3p|variable_2_4,1|1,46|55,3|4,loss
match_000178,matchup_0002,78,variable_2_4,1,/home/thlamz/SushiGo_MARL/results/league/variable_2_4/repetition_1/model.pt,2,55,4,fixed_3p,1,46,3,fixed_3p|variable_encoder_2_4,1|1,46|46,3|0,win
match_000179,matchup_0002,79,fixed_3p,1,/home/thlamz/SushiGo_MARL/results/league/fixed_3p/repetition_1/model.pt,0,47,4,variable_encoder_2_4,1,49,1,variable_encoder_2_4|variable_2_4,1|1,49|46,1|3,loss
match_000179,matchup_0002,79,variable_encoder_2_4,1,/home/thlamz/SushiGo_MARL/results/league/variable_encoder_2_4/repetition_1/model.pt,1,49,1,fixed_3p,1,47,4,fixed_3p|variable_2_4,1|1,47|46,4|3,win
match_000179,matchup_0002,79,variable_2_4,1,/home/thlamz/SushiGo_MARL/results/league/variable_2_4/repetition_1/model.pt,2,46,3,fixed_3p,1,47,4,fixed_3p|variable_encoder_2_4,1|1,47|49,4|1,loss
match_000180,matchup_0002,80,variable_2_4,1,/home/thlamz/SushiGo_MARL/results/league/variable_2_4/repetition_1/model.pt,0,46,0,variable_encoder_2_4,1,47,4,variable_encoder_2_4|fixed_3p,1|1,47|48,4|3,loss
match_000180,matchup_0002,80,variable_encoder_2_4,1,/home/thlamz/SushiGo_MARL/results/league/variable_encoder_2_4/repetition_1/model.pt,1,47,4,variable_2_4,1,46,0,variable_2_4|fixed_3p,1|1,46|48,0|3,loss
match_000180,matchup_0002,80,fixed_3p,1,/home/thlamz/SushiGo_MARL/results/league/fixed_3p/repetition_1/model.pt,2,48,3,variable_2_4,1,46,0,variable_2_4|variable_encoder_2_4,1|1,46|47,0|4,win
match_000181,matchup_0002,81,fixed_3p,1,/home/thlamz/SushiGo_MARL/results/league/fixed_3p/repetition_1/model.pt,0,44,4,variable_2_4,1,44,1,variable_2_4|variable_encoder_2_4,1|1,44|46,1|3,loss
match_000181,matchup_0002,81,variable_2_4,1,/home/thlamz/SushiGo_MARL/results/league/variable_2_4/repetition_1/model.pt,1,44,1,fixed_3p,1,44,4,fixed_3p|variable_encoder_2_4,1|1,44|46,4|3,loss
match_000181,matchup_0002,81,variable_encoder_2_4,1,/home/thlamz/SushiGo_MARL/results/league/variable_encoder_2_4/repetition_1/model.pt,2,46,3,fixed_3p,1,44,4,fixed_3p|variable_2_4,1|1,44|44,4|1,win
match_000182,matchup_0002,82,variable_encoder_2_4,1,/home/thlamz/SushiGo_MARL/results/league/variable_encoder_2_4/repetition_1/model.pt,0,45,1,fixed_3p,1,51,3,fixed_3p|variable_2_4,1|1,51|38,3|2,loss
match_000182,matchup_0002,82,fixed_3p,1,/home/thlamz/SushiGo_MARL/results/league/fixed_3p/repetition_1/model.pt,1,51,3,variable_encoder_2_4,1,45,1,variable_encoder_2_4|variable_2_4,1|1,45|38,1|2,win
match_000182,matchup_0002,82,variable_2_4,1,/home/thlamz/SushiGo_MARL/results/league/variable_2_4/repetition_1/model.pt,2,38,2,variable_encoder_2_4,1,45,1,variable_encoder_2_4|fixed_3p,1|1,45|51,1|3,loss
match_000183,matchup_0002,83,variable_2_4,1,/home/thlamz/SushiGo_MARL/results/league/variable_2_4/repetition_1/model.pt,0,54,4,variable_encoder_2_4,1,49,1,variable_encoder_2_4|fixed_3p,1|1,49|44,1|4,win
match_000183,matchup_0002,83,variable_encoder_2_4,1,/home/thlamz/SushiGo_MARL/results/league/variable_encoder_2_4/repetition_1/model.pt,1,49,1,variable_2_4,1,54,4,variable_2_4|fixed_3p,1|1,54|44,4|4,loss
match_000183,matchup_0002,83,fixed_3p,1,/home/thlamz/SushiGo_MARL/results/league/fixed_3p/repetition_1/model.pt,2,44,4,variable_2_4,1,54,4,variable_2_4|variable_encoder_2_4,1|1,54|49,4|1,loss
match_000184,matchup_0002,84,variable_encoder_2_4,1,/home/thlamz/SushiGo_MARL/results/league/variable_encoder_2_4/repetition_1/model.pt,0,41,3,variable_2_4,1,50,4,variable_2_4|fixed_3p,1|1,50|41,4|1,loss
match_000184,matchup_0002,84,variable_2_4,1,/home/thlamz/SushiGo_MARL/results/league/variable_2_4/repetition_1/model.pt,1,50,4,variable_encoder_2_4,1,41,3,variable_encoder_2_4|fixed_3p,1|1,41|41,3|1,win
match_000184,matchup_0002,84,fixed_3p,1,/home/thlamz/SushiGo_MARL/results/league/fixed_3p/repetition_1/model.pt,2,41,1,variable_encoder_2_4,1,41,3,variable_encoder_2_4|variable_2_4,1|1,41|50,3|4,loss
match_000185,matchup_0002,85,variable_encoder_2_4,1,/home/thlamz/SushiGo_MARL/results/league/variable_encoder_2_4/repetition_1/model.pt,0,49,4,fixed_3p,1,55,2,fixed_3p|variable_2_4,1|1,55|36,2|2,loss
match_000185,matchup_0002,85,fixed_3p,1,/home/thlamz/SushiGo_MARL/results/league/fixed_3p/repetition_1/model.pt,1,55,2,variable_encoder_2_4,1,49,4,variable_encoder_2_4|variable_2_4,1|1,49|36,4|2,win
match_000185,matchup_0002,85,variable_2_4,1,/home/thlamz/SushiGo_MARL/results/league/variable_2_4/repetition_1/model.pt,2,36,2,variable_encoder_2_4,1,49,4,variable_encoder_2_4|fixed_3p,1|1,49|55,4|2,loss
match_000186,matchup_0002,86,variable_2_4,1,/home/thlamz/SushiGo_MARL/results/league/variable_2_4/repetition_1/model.pt,0,51,5,fixed_3p,1,45,3,fixed_3p|variable_encoder_2_4,1|1,45|51,3|1,win
match_000186,matchup_0002,86,fixed_3p,1,/home/thlamz/SushiGo_MARL/results/league/fixed_3p/repetition_1/model.pt,1,45,3,variable_2_4,1,51,5,variable_2_4|variable_encoder_2_4,1|1,51|51,5|1,loss
match_000186,matchup_0002,86,variable_encoder_2_4,1,/home/thlamz/SushiGo_MARL/results/league/variable_encoder_2_4/repetition_1/model.pt,2,51,1,variable_2_4,1,51,5,variable_2_4|fixed_3p,1|1,51|45,5|3,loss
match_000187,matchup_0002,87,fixed_3p,1,/home/thlamz/SushiGo_MARL/results/league/fixed_3p/repetition_1/model.pt,0,57,3,variable_2_4,1,43,2,variable_2_4|variable_encoder_2_4,1|1,43|46,2|3,win
match_000187,matchup_0002,87,variable_2_4,1,/home/thlamz/SushiGo_MARL/results/league/variable_2_4/repetition_1/model.pt,1,43,2,fixed_3p,1,57,3,fixed_3p|variable_encoder_2_4,1|1,57|46,3|3,loss
match_000187,matchup_0002,87,variable_encoder_2_4,1,/home/thlamz/SushiGo_MARL/results/league/variable_encoder_2_4/repetition_1/model.pt,2,46,3,fixed_3p,1,57,3,fixed_3p|variable_2_4,1|1,57|43,3|2,loss
match_000188,matchup_0002,88,fixed_3p,1,/home/thlamz/SushiGo_MARL/results/league/fixed_3p/repetition_1/model.pt,0,38,3,variable_encoder_2_4,1,45,0,variable_encoder_2_4|variable_2_4,1|1,45|55,0|4,loss
match_000188,matchup_0002,88,variable_encoder_2_4,1,/home/thlamz/SushiGo_MARL/results/league/variable_encoder_2_4/repetition_1/model.pt,1,45,0,fixed_3p,1,38,3,fixed_3p|variable_2_4,1|1,38|55,3|4,loss
match_000188,matchup_0002,88,variable_2_4,1,/home/thlamz/SushiGo_MARL/results/league/variable_2_4/repetition_1/model.pt,2,55,4,fixed_3p,1,38,3,fixed_3p|variable_encoder_2_4,1|1,38|45,3|0,win
match_000189,matchup_0002,89,fixed_3p,1,/home/thlamz/SushiGo_MARL/results/league/fixed_3p/repetition_1/model.pt,0,60,4,variable_encoder_2_4,1,46,1,variable_encoder_2_4|variable_2_4,1|1,46|48,1|3,win
match_000189,matchup_0002,89,variable_encoder_2_4,1,/home/thlamz/SushiGo_MARL/results/league/variable_encoder_2_4/repetition_1/model.pt,1,46,1,fixed_3p,1,60,4,fixed_3p|variable_2_4,1|1,60|48,4|3,loss
match_000189,matchup_0002,89,variable_2_4,1,/home/thlamz/SushiGo_MARL/results/league/variable_2_4/repetition_1/model.pt,2,48,3,fixed_3p,1,60,4,fixed_3p|variable_encoder_2_4,1|1,60|46,4|1,loss
match_000190,matchup_0002,90,fixed_3p,1,/home/thlamz/SushiGo_MARL/results/league/fixed_3p/repetition_1/model.pt,0,49,4,variable_2_4,1,46,3,variable_2_4|variable_encoder_2_4,1|1,46|46,3|0,win
match_000190,matchup_0002,90,variable_2_4,1,/home/thlamz/SushiGo_MARL/results/league/variable_2_4/repetition_1/model.pt,1,46,3,fixed_3p,1,49,4,fixed_3p|variable_encoder_2_4,1|1,49|46,4|0,loss
match_000190,matchup_0002,90,variable_encoder_2_4,1,/home/thlamz/SushiGo_MARL/results/league/variable_encoder_2_4/repetition_1/model.pt,2,46,0,fixed_3p,1,49,4,fixed_3p|variable_2_4,1|1,49|46,4|3,loss
match_000191,matchup_0002,91,variable_2_4,1,/home/thlamz/SushiGo_MARL/results/league/variable_2_4/repetition_1/model.pt,0,35,1,fixed_3p,1,50,3,fixed_3p|variable_encoder_2_4,1|1,50|40,3|2,loss
match_000191,matchup_0002,91,fixed_3p,1,/home/thlamz/SushiGo_MARL/results/league/fixed_3p/repetition_1/model.pt,1,50,3,variable_2_4,1,35,1,variable_2_4|variable_encoder_2_4,1|1,35|40,1|2,win
match_000191,matchup_0002,91,variable_encoder_2_4,1,/home/thlamz/SushiGo_MARL/results/league/variable_encoder_2_4/repetition_1/model.pt,2,40,2,variable_2_4,1,35,1,variable_2_4|fixed_3p,1|1,35|50,1|3,loss
match_000192,matchup_0002,92,fixed_3p,1,/home/thlamz/SushiGo_MARL/results/league/fixed_3p/repetition_1/model.pt,0,45,2,variable_encoder_2_4,1,49,3,variable_encoder_2_4|variable_2_4,1|1,49|30,3|2,loss
match_000192,matchup_0002,92,variable_encoder_2_4,1,/home/thlamz/SushiGo_MARL/results/league/variable_encoder_2_4/repetition_1/model.pt,1,49,3,fixed_3p,1,45,2,fixed_3p|variable_2_4,1|1,45|30,2|2,win
match_000192,matchup_0002,92,variable_2_4,1,/home/thlamz/SushiGo_MARL/results/league/variable_2_4/repetition_1/model.pt,2,30,2,fixed_3p,1,45,2,fixed_3p|variable_encoder_2_4,1|1,45|49,2|3,loss
match_000193,matchup_0002,93,variable_2_4,1,/home/thlamz/SushiGo_MARL/results/league/variable_2_4/repetition_1/model.pt,0,57,2,variable_encoder_2_4,1,47,1,variable_encoder_2_4|fixed_3p,1|1,47|53,1|2,win
match_000193,matchup_0002,93,variable_encoder_2_4,1,/home/thlamz/SushiGo_MARL/results/league/variable_encoder_2_4/repetition_1/model.pt,1,47,1,variable_2_4,1,57,2,variable_2_4|fixed_3p,1|1,57|53,2|2,loss
match_000193,matchup_0002,93,fixed_3p,1,/home/thlamz/SushiGo_MARL/results/league/fixed_3p/repetition_1/model.pt,2,53,2,variable_2_4,1,57,2,variable_2_4|variable_encoder_2_4,1|1,57|47,2|1,loss
match_000194,matchup_0002,94,variable_encoder_2_4,1,/home/thlamz/SushiGo_MARL/results/league/variable_encoder_2_4/repetition_1/model.pt,0,56,2,variable_2_4,1,38,4,variable_2_4|fixed_3p,1|1,38|41,4|2,win
match_000194,matchup_0002,94,variable_2_4,1,/home/thlamz/SushiGo_MARL/results/league/variable_2_4/repetition_1/model.pt,1,38,4,variable_encoder_2_4,1,56,2,variable_encoder_2_4|fixed_3p,1|1,56|41,2|2,loss
match_000194,matchup_0002,94,fixed_3p,1,/home/thlamz/SushiGo_MARL/results/league/fixed_3p/repetition_1/model.pt,2,41,2,variable_encoder_2_4,1,56,2,variable_encoder_2_4|variable_2_4,1|1,56|38,2|4,loss
match_000195,matchup_0002,95,variable_encoder_2_4,1,/home/thlamz/SushiGo_MARL/results/league/variable_encoder_2_4/repetition_1/model.pt,0,45,4,variable_2_4,1,39,1,variable_2_4|fixed_3p,1|1,39|47,1|4,loss
match_000195,matchup_0002,95,variable_2_4,1,/home/thlamz/SushiGo_MARL/results/league/variable_2_4/repetition_1/model.pt,1,39,1,variable_encoder_2_4,1,45,4,variable_encoder_2_4|fixed_3p,1|1,45|47,4|4,loss
match_000195,matchup_0002,95,fixed_3p,1,/home/thlamz/SushiGo_MARL/results/league/fixed_3p/repetition_1/model.pt,2,47,4,variable_encoder_2_4,1,45,4,variable_encoder_2_4|variable_2_4,1|1,45|39,4|1,win
match_000196,matchup_0002,96,variable_2_4,1,/home/thlamz/SushiGo_MARL/results/league/variable_2_4/repetition_1/model.pt,0,49,5,fixed_3p,1,48,4,fixed_3p|variable_encoder_2_4,1|1,48|53,4|0,loss
match_000196,matchup_0002,96,fixed_3p,1,/home/thlamz/SushiGo_MARL/results/league/fixed_3p/repetition_1/model.pt,1,48,4,variable_2_4,1,49,5,variable_2_4|variable_encoder_2_4,1|1,49|53,5|0,loss
match_000196,matchup_0002,96,variable_encoder_2_4,1,/home/thlamz/SushiGo_MARL/results/league/variable_encoder_2_4/repetition_1/model.pt,2,53,0,variable_2_4,1,49,5,variable_2_4|fixed_3p,1|1,49|48,5|4,win
match_000197,matchup_0002,97,variable_encoder_2_4,1,/home/thlamz/SushiGo_MARL/results/league/variable_encoder_2_4/repetition_1/model.pt,0,43,2,fixed_3p,1,40,4,fixed_3p|variable_2_4,1|1,40|51,4|0,loss
match_000197,matchup_0002,97,fixed_3p,1,/home/thlamz/SushiGo_MARL/results/league/fixed_3p/repetition_1/model.pt,1,40,4,variable_encoder_2_4,1,43,2,variable_encoder_2_4|variable_2_4,1|1,43|51,2|0,loss
match_000197,matchup_0002,97,variable_2_4,1,/home/thlamz/SushiGo_MARL/results/league/variable_2_4/repetition_1/model.pt,2,51,0,variable_encoder_2_4,1,43,2,variable_encoder_2_4|fixed_3p,1|1,43|40,2|4,win
match_000198,matchup_0002,98,variable_encoder_2_4,1,/home/thlamz/SushiGo_MARL/results/league/variable_encoder_2_4/repetition_1/model.pt,0,49,2,variable_2_4,1,47,3,variable_2_4|fixed_3p,1|1,47|46,3|4,win
match_000198,matchup_0002,98,variable_2_4,1,/home/thlamz/SushiGo_MARL/results/league/variable_2_4/repetition_1/model.pt,1,47,3,variable_encoder_2_4,1,49,2,variable_encoder_2_4|fixed_3p,1|1,49|46,2|4,loss
match_000198,matchup_0002,98,fixed_3p,1,/home/thlamz/SushiGo_MARL/results/league/fixed_3p/repetition_1/model.pt,2,46,4,variable_encoder_2_4,1,49,2,variable_encoder_2_4|variable_2_4,1|1,49|47,2|3,loss
match_000199,matchup_0002,99,fixed_3p,1,/home/thlamz/SushiGo_MARL/results/league/fixed_3p/repetition_1/model.pt,0,44,4,variable_2_4,1,49,4,variable_2_4|variable_encoder_2_4,1|1,49|40,4|0,loss
match_000199,matchup_0002,99,variable_2_4,1,/home/thlamz/SushiGo_MARL/results/league/variable_2_4/repetition_1/model.pt,1,49,4,fixed_3p,1,44,4,fixed_3p|variable_encoder_2_4,1|1,44|40,4|0,win
match_000199,matchup_0002,99,variable_encoder_2_4,1,/home/thlamz/SushiGo_MARL/results/league/variable_encoder_2_4/repetition_1/model.pt,2,40,0,fixed_3p,1,44,4,fixed_3p|variable_2_4,1|1,44|49,4|4,loss
match_000200,matchup_0002,100,variable_2_4,1,/home/thlamz/SushiGo_MARL/results/league/variable_2_4/repetition_1/model.pt,0,50,2,variable_encoder_2_4,1,48,3,variable_encoder_2_4|fixed_3p,1|1,48|38,3|1,win
match_000200,matchup_0002,100,variable_encoder_2_4,1,/home/thlamz/SushiGo_MARL/results/league/variable_encoder_2_4/repetition_1/model.pt,1,48,3,variable_2_4,1,50,2,variable_2_4|fixed_3p,1|1,50|38,2|1,loss
match_000200,matchup_0002,100,fixed_3p,1,/home/thlamz/SushiGo_MARL/results/league/fixed_3p/repetition_1/model.pt,2,38,1,variable_2_4,1,50,2,variable_2_4|variable_encoder_2_4,1|1,50|48,2|3,loss
match_000201,matchup_0003,1,random,1,/home/thlamz/SushiGo_MARL/random,0,21,1,variable_2_4,1,51,3,variable_2_4|fixed_3p,1|1,51|46,3|3,loss
match_000201,matchup_0003,1,variable_2_4,1,/home/thlamz/SushiGo_MARL/results/league/variable_2_4/repetition_1/model.pt,1,51,3,random,1,21,1,random|fixed_3p,1|1,21|46,1|3,win
match_000201,matchup_0003,1,fixed_3p,1,/home/thlamz/SushiGo_MARL/results/league/fixed_3p/repetition_1/model.pt,2,46,3,random,1,21,1,random|variable_2_4,1|1,21|51,1|3,loss
match_000202,matchup_0003,2,random,1,/home/thlamz/SushiGo_MARL/random,0,21,1,variable_2_4,1,47,5,variable_2_4|fixed_3p,1|1,47|55,5|2,loss
match_000202,matchup_0003,2,variable_2_4,1,/home/thlamz/SushiGo_MARL/results/league/variable_2_4/repetition_1/model.pt,1,47,5,random,1,21,1,random|fixed_3p,1|1,21|55,1|2,loss
match_000202,matchup_0003,2,fixed_3p,1,/home/thlamz/SushiGo_MARL/results/league/fixed_3p/repetition_1/model.pt,2,55,2,random,1,21,1,random|variable_2_4,1|1,21|47,1|5,win
match_000203,matchup_0003,3,random,1,/home/thlamz/SushiGo_MARL/random,0,39,2,variable_2_4,1,45,2,variable_2_4|fixed_3p,1|1,45|43,2|3,loss
match_000203,matchup_0003,3,variable_2_4,1,/home/thlamz/SushiGo_MARL/results/league/variable_2_4/repetition_1/model.pt,1,45,2,random,1,39,2,random|fixed_3p,1|1,39|43,2|3,win
match_000203,matchup_0003,3,fixed_3p,1,/home/thlamz/SushiGo_MARL/results/league/fixed_3p/repetition_1/model.pt,2,43,3,random,1,39,2,random|variable_2_4,1|1,39|45,2|2,loss
match_000204,matchup_0003,4,random,1,/home/thlamz/SushiGo_MARL/random,0,24,2,fixed_3p,1,45,4,fixed_3p|variable_2_4,1|1,45|52,4|3,loss
match_000204,matchup_0003,4,fixed_3p,1,/home/thlamz/SushiGo_MARL/results/league/fixed_3p/repetition_1/model.pt,1,45,4,random,1,24,2,random|variable_2_4,1|1,24|52,2|3,loss
match_000204,matchup_0003,4,variable_2_4,1,/home/thlamz/SushiGo_MARL/results/league/variable_2_4/repetition_1/model.pt,2,52,3,random,1,24,2,random|fixed_3p,1|1,24|45,2|4,win
match_000205,matchup_0003,5,fixed_3p,1,/home/thlamz/SushiGo_MARL/results/league/fixed_3p/repetition_1/model.pt,0,46,1,variable_2_4,1,48,3,variable_2_4|random,1|1,48|38,3|3,loss
match_000205,matchup_0003,5,variable_2_4,1,/home/thlamz/SushiGo_MARL/results/league/variable_2_4/repetition_1/model.pt,1,48,3,fixed_3p,1,46,1,fixed_3p|random,1|1,46|38,1|3,win
match_000205,matchup_0003,5,random,1,/home/thlamz/SushiGo_MARL/random,2,38,3,fixed_3p,1,46,1,fixed_3p|variable_2_4,1|1,46|48,1|3,loss
match_000206,matchup_0003,6,fixed_3p,1,/home/thlamz/SushiGo_MARL/results/league/fixed_3p/repetition_1/model.pt,0,50,2,variable_2_4,1,49,2,variable_2_4|random,1|1,49|35,2|1,win
match_000206,matchup_0003,6,variable_2_4,1,/home/thlamz/SushiGo_MARL/results/league/variable_2_4/repetition_1/model.pt,1,49,2,fixed_3p,1,50,2,fixed_3p|random,1|1,50|35,2|1,loss
match_000206,matchup_0003,6,random,1,/home/thlamz/SushiGo_MARL/random,2,35,1,fixed_3p,1,50,2,fixed_3p|variable_2_4,1|1,50|49,2|2,loss
match_000207,matchup_0003,7,variable_2_4,1,/home/thlamz/SushiGo_MARL/results/league/variable_2_4/repetition_1/model.pt,0,61,2,fixed_3p,1,51,2,fixed_3p|random,1|1,51|30,2|2,win
match_000207,matchup_0003,7,fixed_3p,1,/home/thlamz/SushiGo_MARL/results/league/fixed_3p/repetition_1/model.pt,1,51,2,variable_2_4,1,61,2,variable_2_4|random,1|1,61|30,2|2,loss
match_000207,matchup_0003,7,random,1,/home/thlamz/SushiGo_MARL/random,2,30,2,variable_2_4,1,61,2,variable_2_4|fixed_3p,1|1,61|51,2|2,loss
match_000208,matchup_0003,8,random,1,/home/thlamz/SushiGo_MARL/random,0,33,3,fixed_3p,1,49,2,fixed_3p|variable_2_4,1|1,49|47,2|3,loss
match_000208,matchup_0003,8,fixed_3p,1,/home/thlamz/SushiGo_MARL/results/league/fixed_3p/repetition_1/model.pt,1,49,2,random,1,33,3,random|variable_2_4,1|1,33|47,3|3,win
match_000208,matchup_0003,8,variable_2_4,1,/home/thlamz/SushiGo_MARL/results/league/variable_2_4/repetition_1/model.pt,2,47,3,random,1,33,3,random|fixed_3p,1|1,33|49,3|2,loss
match_000209,matchup_0003,9,random,1,/home/thlamz/SushiGo_MARL/random,0,23,1,fixed_3p,1,50,3,fixed_3p|variable_2_4,1|1,50|52,3|4,loss
match_000209,matchup_0003,9,fixed_3p,1,/home/thlamz/SushiGo_MARL/results/league/fixed_3p/repetition_1/model.pt,1,50,3,random,1,23,1,random|variable_2_4,1|1,23|52,1|4,loss
match_000209,matchup_0003,9,variable_2_4,1,/home/thlamz/SushiGo_MARL/results/league/variable_2_4/repetition_1/model.pt,2,52,4,random,1,23,1,random|fixed_3p,1|1,23|50,1|3,win
match_000210,matchup_0003,10,random,1,/home/thlamz/SushiGo_MARL/random,0,37,2,variable_2_4,1,47,4,variable_2_4|fixed_3p,1|1,47|47,4|4,loss
match_000210,matchup_0003,10,variable_2_4,1,/home/thlamz/SushiGo_MARL/results/league/variable_2_4/repetition_1/model.pt,1,47,4,random,1,37,2,random|fixed_3p,1|1,37|47,2|4,tie
match_000210,matchup_0003,10,fixed_3p,1,/home/thlamz/SushiGo_MARL/results/league/fixed_3p/repetition_1/model.pt,2,47,4,random,1,37,2,random|variable_2_4,1|1,37|47,2|4,tie
match_000211,matchup_0003,11,fixed_3p,1,/home/thlamz/SushiGo_MARL/results/league/fixed_3p/repetition_1/model.pt,0,48,3,random,1,31,0,random|variable_2_4,1|1,31|54,0|4,loss
match_000211,matchup_0003,11,random,1,/home/thlamz/SushiGo_MARL/random,1,31,0,fixed_3p,1,48,3,fixed_3p|variable_2_4,1|1,48|54,3|4,loss
match_000211,matchup_0003,11,variable_2_4,1,/home/thlamz/SushiGo_MARL/results/league/variable_2_4/repetition_1/model.pt,2,54,4,fixed_3p,1,48,3,fixed_3p|random,1|1,48|31,3|0,win
match_000212,matchup_0003,12,fixed_3p,1,/home/thlamz/SushiGo_MARL/results/league/fixed_3p/repetition_1/model.pt,0,50,4,variable_2_4,1,53,4,variable_2_4|random,1|1,53|42,4|2,loss
match_000212,matchup_0003,12,variable_2_4,1,/home/thlamz/SushiGo_MARL/results/league/variable_2_4/repetition_1/model.pt,1,53,4,fixed_3p,1,50,4,fixed_3p|random,1|1,50|42,4|2,win
match_000212,matchup_0003,12,random,1,/home/thlamz/SushiGo_MARL/random,2,42,2,fixed_3p,1,50,4,fixed_3p|variable_2_4,1|1,50|53,4|4,loss
match_000213,matchup_0003,13,random,1,/home/thlamz/SushiGo_MARL/random,0,26,1,fixed_3p,1,47,4,fixed_3p|variable_2_4,1|1,47|47,4|4,loss
match_000213,matchup_0003,13,fixed_3p,1,/home/thlamz/SushiGo_MARL/results/league/fixed_3p/repetition_1/model.pt,1,47,4,random,1,26,1,random|variable_2_4,1|1,26|47,1|4,tie
match_000213,matchup_0003,13,variable_2_4,1,/home/thlamz/SushiGo_MARL/results/league/variable_2_4/repetition_1/model.pt,2,47,4,random,1,26,1,random|fixed_3p,1|1,26|47,1|4,tie
match_000214,matchup_0003,14,fixed_3p,1,/home/thlamz/SushiGo_MARL/results/league/fixed_3p/repetition_1/model.pt,0,50,0,random,1,27,3,random|variable_2_4,1|1,27|57,3|4,loss
match_000214,matchup_0003,14,random,1,/home/thlamz/SushiGo_MARL/random,1,27,3,fixed_3p,1,50,0,fixed_3p|variable_2_4,1|1,50|57,0|4,loss
match_000214,matchup_0003,14,variable_2_4,1,/home/thlamz/SushiGo_MARL/results/league/variable_2_4/repetition_1/model.pt,2,57,4,fixed_3p,1,50,0,fixed_3p|random,1|1,50|27,0|3,win
match_000215,matchup_0003,15,random,1,/home/thlamz/SushiGo_MARL/random,0,26,3,variable_2_4,1,40,3,variable_2_4|fixed_3p,1|1,40|55,3|0,loss
match_000215,matchup_0003,15,variable_2_4,1,/home/thlamz/SushiGo_MARL/results/league/variable_2_4/repetition_1/model.pt,1,40,3,random,1,26,3,random|fixed_3p,1|1,26|55,3|0,loss
match_000215,matchup_0003,15,fixed_3p,1,/home/thlamz/SushiGo_MARL/results/league/fixed_3p/repetition_1/model.pt,2,55,0,random,1,26,3,random|variable_2_4,1|1,26|40,3|3,win
match_000216,matchup_0003,16,fixed_3p,1,/home/thlamz/SushiGo_MARL/results/league/fixed_3p/repetition_1/model.pt,0,52,1,variable_2_4,1,52,3,variable_2_4|random,1|1,52|19,3|2,loss
match_000216,matchup_0003,16,variable_2_4,1,/home/thlamz/SushiGo_MARL/results/league/variable_2_4/repetition_1/model.pt,1,52,3,fixed_3p,1,52,1,fixed_3p|random,1|1,52|19,1|2,win
match_000216,matchup_0003,16,random,1,/home/thlamz/SushiGo_MARL/random,2,19,2,fixed_3p,1,52,1,fixed_3p|variable_2_4,1|1,52|52,1|3,loss
match_000217,matchup_0003,17,random,1,/home/thlamz/SushiGo_MARL/random,0,17,3,fixed_3p,1,54,3,fixed_3p|variable_2_4,1|1,54|54,3|1,loss
match_000217,matchup_0003,17,fixed_3p,1,/home/thlamz/SushiGo_MARL/results/league/fixed_3p/repetition_1/model.pt,1,54,3,random,1,17,3,random|variable_2_4,1|1,17|54,3|1,win
match_000217,matchup_0003,17,variable_2_4,1,/home/thlamz/SushiGo_MARL/results/league/variable_2_4/repetition_1/model.pt,2,54,1,random,1,17,3,random|fixed_3p,1|1,17|54,3|3,loss
match_000218,matchup_0003,18,variable_2_4,1,/home/thlamz/SushiGo_MARL/results/league/variable_2_4/repetition_1/model.pt,0,44,2,random,1,40,3,random|fixed_3p,1|1,40|47,3|5,loss
match_000218,matchup_0003,18,random,1,/home/thlamz/SushiGo_MARL/random,1,40,3,variable_2_4,1,44,2,variable_2_4|fixed_3p,1|1,44|47,2|5,loss
match_000218,matchup_0003,18,fixed_3p,1,/home/thlamz/SushiGo_MARL/results/league/fixed_3p/repetition_1/model.pt,2,47,5,variable_2_4,1,44,2,variable_2_4|random,1|1,44|40,2|3,win
match_000219,matchup_0003,19,fixed_3p,1,/home/thlamz/SushiGo_MARL/results/league/fixed_3p/repetition_1/model.pt,0,46,4,random,1,32,1,random|variable_2_4,1|1,32|41,1|2,win
match_000219,matchup_0003,19,random,1,/home/thlamz/SushiGo_MARL/random,1,32,1,fixed_3p,1,46,4,fixed_3p|variable_2_4,1|1,46|41,4|2,loss
match_000219,matchup_0003,19,variable_2_4,1,/home/thlamz/SushiGo_MARL/results/league/variable_2_4/repetition_1/model.pt,2,41,2,fixed_3p,1,46,4,fixed_3p|random,1|1,46|32,4|1,loss
match_000220,matchup_0003,20,variable_2_4,1,/home/thlamz/SushiGo_MARL/results/league/variable_2_4/repetition_1/model.pt,0,47,4,fixed_3p,1,39,3,fixed_3p|random,1|1,39|20,3|2,win
match_000220,matchup_0003,20,fixed_3p,1,/home/thlamz/SushiGo_MARL/results/league/fixed_3p/repetition_1/model.pt,1,39,3,variable_2_4,1,47,4,variable_2_4|random,1|1,47|20,4|2,loss
match_000220,matchup_0003,20,random,1,/home/thlamz/SushiGo_MARL/random,2,20,2,variable_2_4,1,47,4,variable_2_4|fixed_3p,1|1,47|39,4|3,loss
match_000221,matchup_0003,21,fixed_3p,1,/home/thlamz/SushiGo_MARL/results/league/fixed_3p/repetition_1/model.pt,0,52,2,random,1,22,1,random|variable_2_4,1|1,22|51,1|3,win
match_000221,matchup_0003,21,random,1,/home/thlamz/SushiGo_MARL/random,1,22,1,fixed_3p,1,52,2,fixed_3p|variable_2_4,1|1,52|51,2|3,loss
match_000221,matchup_0003,21,variable_2_4,1,/home/thlamz/SushiGo_MARL/results/league/variable_2_4/repetition_1/model.pt,2,51,3,fixed_3p,1,52,2,fixed_3p|random,1|1,52|22,2|1,loss
match_000222,matchup_0003,22,random,1,/home/thlamz/SushiGo_MARL/random,0,27,3,fixed_3p,1,63,4,fixed_3p|variable_2_4,1|1,63|49,4|3,loss
match_000222,matchup_0003,22,fixed_3p,1,/home/thlamz/SushiGo_MARL/results/league/fixed_3p/repetition_1/model.pt,1,63,4,random,1,27,3,random|variable_2_4,1|1,27|49,3|3,win
match_000222,matchup_0003,22,variable_2_4,1,/home/thlamz/SushiGo_MARL/results/league/variable_2_4/repetition_1/model.pt,2,49,3,random,1,27,3,random|fixed_3p,1|1,27|63,3|4,loss
match_000223,matchup_0003,23,fixed_3p,1,/home/thlamz/SushiGo_MARL/results/league/fixed_3p/repetition_1/model.pt,0,45,3,variable_2_4,1,53,3,variable_2_4|random,1|1,53|25,3|2,loss
match_000223,matchup_0003,23,variable_2_4,1,/home/thlamz/SushiGo_MARL/results/league/variable_2_4/repetition_1/model.pt,1,53,3,fixed_3p,1,45,3,fixed_3p|random,1|1,45|25,3|2,win
match_000223,matchup_0003,23,random,1,/home/thlamz/SushiGo_MARL/random,2,25,2,fixed_3p,1,45,3,fixed_3p|variable_2_4,1|1,45|53,3|3,loss
match_000224,matchup_0003,24,random,1,/home/thlamz/SushiGo_MARL/random,0,23,2,fixed_3p,1,39,4,fixed_3p|variable_2_4,1|1,39|54,4|4,loss
match_000224,matchup_0003,24,fixed_3p,1,/home/thlamz/SushiGo_MARL/results/league/fixed_3p/repetition_1/model.pt,1,39,4,random,1,23,2,random|variable_2_4,1|1,23|54,2|4,loss
match_000224,matchup_0003,24,variable_2_4,1,/home/thlamz/SushiGo_MARL/results/league/variable_2_4/repetition_1/model.pt,2,54,4,random,1,23,2,random|fixed_3p,1|1,23|39,2|4,win
match_000225,matchup_0003,25,variable_2_4,1,/home/thlamz/SushiGo_MARL/results/league/variable_2_4/repetition_1/model.pt,0,50,4,random,1,40,1,random|fixed_3p,1|1,40|52,1|3,loss
match_000225,matchup_0003,25,random,1,/home/thlamz/SushiGo_MARL/random,1,40,1,variable_2_4,1,50,4,variable_2_4|fixed_3p,1|1,50|52,4|3,loss
match_000225,matchup_0003,25,fixed_3p,1,/home/thlamz/SushiGo_MARL/results/league/fixed_3p/repetition_1/model.pt,2,52,3,variable_2_4,1,50,4,variable_2_4|random,1|1,50|40,4|1,win
match_000226,matchup_0003,26,variable_2_4,1,/home/thlamz/SushiGo_MARL/results/league/variable_2_4/repetition_1/model.pt,0,39,3,random,1,27,2,random|fixed_3p,1|1,27|46,2|3,loss
match_000226,matchup_0003,26,random,1,/home/thlamz/SushiGo_MARL/random,1,27,2,variable_2_4,1,39,3,variable_2_4|fixed_3p,1|1,39|46,3|3,loss
match_000226,matchup_0003,26,fixed_3p,1,/home/thlamz/SushiGo_MARL/results/league/fixed_3p/repetition_1/model.pt,2,46,3,variable_2_4,1,39,3,variable_2_4|random,1|1,39|27,3|2,win
match_000227,matchup_0003,27,fixed_3p,1,/home/thlamz/SushiGo_MARL/results/league/fixed_3p/repetition_1/model.pt,0,47,2,random,1,30,1,random|variable_2_4,1|1,30|59,1|3,loss
match_000227,matchup_0003,27,random,1,/home/thlamz/SushiGo_MARL/random,1,30,1,fixed_3p,1,47,2,fixed_3p|variable_2_4,1|1,47|59,2|3,loss
match_000227,matchup_0003,27,variable_2_4,1,/home/thlamz/SushiGo_MARL/results/league/variable_2_4/repetition_1/model.pt,2,59,3,fixed_3p,1,47,2,fixed_3p|random,1|1,47|30,2|1,win
match_000228,matchup_0003,28,fixed_3p,1,/home/thlamz/SushiGo_MARL/results/league/fixed_3p/repetition_1/model.pt,0,54,3,random,1,17,1,random|variable_2_4,1|1,17|60,1|3,loss
match_000228,matchup_0003,28,random,1,/home/thlamz/SushiGo_MARL/random,1,17,1,fixed_3p,1,54,3,fixed_3p|variable_2_4,1|1,54|60,3|3,loss
match_000228,matchup_0003,28,variable_2_4,1,/home/thlamz/SushiGo_MARL/results/league/variable_2_4/repetition_1/model.pt,2,60,3,fixed_3p,1,54,3,fixed_3p|random,1|1,54|17,3|1,win
match_000229,matchup_0003,29,variable_2_4,1,/home/thlamz/SushiGo_MARL/results/league/variable_2_4/repetition_1/model.pt,0,49,3,fixed_3p,1,55,3,fixed_3p|random,1|1,55|31,3|1,loss
match_000229,matchup_0003,29,fixed_3p,1,/home/thlamz/SushiGo_MARL/results/league/fixed_3p/repetition_1/model.pt,1,55,3,variable_2_4,1,49,3,variable_2_4|random,1|1,49|31,3|1,win
match_000229,matchup_0003,29,random,1,/home/thlamz/SushiGo_MARL/random,2,31,1,variable_2_4,1,49,3,variable_2_4|fixed_3p,1|1,49|55,3|3,loss
match_000230,matchup_0003,30,variable_2_4,1,/home/thlamz/SushiGo_MARL/results/league/variable_2_4/repetition_1/model.pt,0,44,3,random,1,25,1,random|fixed_3p,1|1,25|54,1|3,loss
match_000230,matchup_0003,30,random,1,/home/thlamz/SushiGo_MARL/random,1,25,1,variable_2_4,1,44,3,variable_2_4|fixed_3p,1|1,44|54,3|3,loss
match_000230,matchup_0003,30,fixed_3p,1,/home/thlamz/SushiGo_MARL/results/league/fixed_3p/repetition_1/model.pt,2,54,3,variable_2_4,1,44,3,variable_2_4|random,1|1,44|25,3|1,win
match_000231,matchup_0003,31,fixed_3p,1,/home/thlamz/SushiGo_MARL/results/league/fixed_3p/repetition_1/model.pt,0,59,0,variable_2_4,1,49,5,variable_2_4|random,1|1,49|28,5|5,win
match_000231,matchup_0003,31,variable_2_4,1,/home/thlamz/SushiGo_MARL/results/league/variable_2_4/repetition_1/model.pt,1,49,5,fixed_3p,1,59,0,fixed_3p|random,1|1,59|28,0|5,loss
match_000231,matchup_0003,31,random,1,/home/thlamz/SushiGo_MARL/random,2,28,5,fixed_3p,1,59,0,fixed_3p|variable_2_4,1|1,59|49,0|5,loss
match_000232,matchup_0003,32,fixed_3p,1,/home/thlamz/SushiGo_MARL/results/league/fixed_3p/repetition_1/model.pt,0,49,3,random,1,30,1,random|variable_2_4,1|1,30|55,1|4,loss
match_000232,matchup_0003,32,random,1,/home/thlamz/SushiGo_MARL/random,1,30,1,fixed_3p,1,49,3,fixed_3p|variable_2_4,1|1,49|55,3|4,loss
match_000232,matchup_0003,32,variable_2_4,1,/home/thlamz/SushiGo_MARL/results/league/variable_2_4/repetition_1/model.pt,2,55,4,fixed_3p,1,49,3,fixed_3p|random,1|1,49|30,3|1,win
match_000233,matchup_0003,33,fixed_3p,1,/home/thlamz/SushiGo_MARL/results/league/fixed_3p/repetition_1/model.pt,0,55,3,variable_2_4,1,47,4,variable_2_4|random,1|1,47|19,4|2,win
match_000233,matchup_0003,33,variable_2_4,1,/home/thlamz/SushiGo_MARL/results/league/variable_2_4/repetition_1/model.pt,1,47,4,fixed_3p,1,55,3,fixed_3p|random,1|1,55|19,3|2,loss
match_000233,matchup_0003,33,random,1,/home/thlamz/SushiGo_MARL/random,2,19,2,fixed_3p,1,55,3,fixed_3p|variable_2_4,1|1,55|47,3|4,loss
match_000234,matchup_0003,34,variable_2_4,1,/home/thlamz/SushiGo_MARL/results/league/variable_2_4/repetition_1/model.pt,0,59,3,fixed_3p,1,50,3,fixed_3p|random,1|1,50|27,3|1,win
match_000234,matchup_0003,34,fixed_3p,1,/home/thlamz/SushiGo_MARL/results/league/fixed_3p/repetition_1/model.pt,1,50,3,variable_2_4,1,59,3,variable_2_4|random,1|1,59|27,3|1,loss
match_000234,matchup_0003,34,random,1,/home/thlamz/SushiGo_MARL/random,2,27,1,variable_2_4,1,59,3,variable_2_4|fixed_3p,1|1,59|50,3|3,loss
match_000235,matchup_0003,35,random,1,/home/thlamz/SushiGo_MARL/random,0,28,2,fixed_3p,1,57,3,fixed_3p|variable_2_4,1|1,57|52,3|3,loss
match_000235,matchup_0003,35,fixed_3p,1,/home/thlamz/SushiGo_MARL/results/league/fixed_3p/repetition_1/model.pt,1,57,3,random,1,28,2,random|variable_2_4,1|1,28|52,2|3,win
match_000235,matchup_0003,35,variable_2_4,1,/home/thlamz/SushiGo_MARL/results/league/variable_2_4/repetition_1/model.pt,2,52,3,random,1,28,2,random|fixed_3p,1|1,28|57,2|3,loss
match_000236,matchup_0003,36,random,1,/home/thlamz/SushiGo_MARL/random,0,29,0,variable_2_4,1,49,3,variable_2_4|fixed_3p,1|1,49|46,3|2,loss
match_000236,matchup_0003,36,variable_2_4,1,/home/thlamz/SushiGo_MARL/results/league/variable_2_4/repetition_1/model.pt,1,49,3,random,1,29,0,random|fixed_3p,1|1,29|46,0|2,win
match_000236,matchup_0003,36,fixed_3p,1,/home/thlamz/SushiGo_MARL/results/league/fixed_3p/repetition_1/model.pt,2,46,2,random,1,29,0,random|variable_2_4,1|1,29|49,0|3,loss
match_000237,matchup_0003,37,fixed_3p,1,/home/thlamz/SushiGo_MARL/results/league/fixed_3p/repetition_1/model.pt,0,55,3,random,1,27,1,random|variable_2_4,1|1,27|50,1|2,win
match_000237,matchup_0003,37,random,1,/home/thlamz/SushiGo_MARL/random,1,27,1,fixed_3p,1,55,3,fixed_3p|variable_2_4,1|1,55|50,3|2,loss
match_000237,matchup_0003,37,variable_2_4,1,/home/thlamz/SushiGo_MARL/results/league/variable_2_4/repetition_1/model.pt,2,50,2,fixed_3p,1,55,3,fixed_3p|random,1|1,55|27,3|1,loss
match_000238,matchup_0003,38,fixed_3p,1,/home/thlamz/SushiGo_MARL/results/league/fixed_3p/repetition_1/model.pt,0,55,1,random,1,26,2,random|variable_2_4,1|1,26|48,2|4,win
match_000238,matchup_0003,38,random,1,/home/thlamz/SushiGo_MARL/random,1,26,2,fixed_3p,1,55,1,fixed_3p|variable_2_4,1|1,55|48,1|4,loss
match_000238,matchup_0003,38,variable_2_4,1,/home/thlamz/SushiGo_MARL/results/league/variable_2_4/repetition_1/model.pt,2,48,4,fixed_3p,1,55,1,fixed_3p|random,1|1,55|26,1|2,loss
match_000239,matchup_0003,39,random,1,/home/thlamz/SushiGo_MARL/random,0,29,1,variable_2_4,1,57,3,variable_2_4|fixed_3p,1|1,57|53,3|2,loss
match_000239,matchup_0003,39,variable_2_4,1,/home/thlamz/SushiGo_MARL/results/league/variable_2_4/repetition_1/model.pt,1,57,3,random,1,29,1,random|fixed_3p,1|1,29|53,1|2,win
match_000239,matchup_0003,39,fixed_3p,1,/home/thlamz/SushiGo_MARL/results/league/fixed_3p/repetition_1/model.pt,2,53,2,random,1,29,1,random|variable_2_4,1|1,29|57,1|3,loss
match_000240,matchup_0003,40,random,1,/home/thlamz/SushiGo_MARL/random,0,23,2,variable_2_4,1,49,0,variable_2_4|fixed_3p,1|1,49|52,0|3,loss
match_000240,matchup_0003,40,variable_2_4,1,/home/thlamz/SushiGo_MARL/results/league/variable_2_4/repetition_1/model.pt,1,49,0,random,1,23,2,random|fixed_3p,1|1,23|52,2|3,loss
match_000240,matchup_0003,40,fixed_3p,1,/home/thlamz/SushiGo_MARL/results/league/fixed_3p/repetition_1/model.pt,2,52,3,random,1,23,2,random|variable_2_4,1|1,23|49,2|0,win
match_000241,matchup_0003,41,variable_2_4,1,/home/thlamz/SushiGo_MARL/results/league/variable_2_4/repetition_1/model.pt,0,36,3,random,1,37,2,random|fixed_3p,1|1,37|47,2|4,loss
match_000241,matchup_0003,41,random,1,/home/thlamz/SushiGo_MARL/random,1,37,2,variable_2_4,1,36,3,variable_2_4|fixed_3p,1|1,36|47,3|4,loss
match_000241,matchup_0003,41,fixed_3p,1,/home/thlamz/SushiGo_MARL/results/league/fixed_3p/repetition_1/model.pt,2,47,4,variable_2_4,1,36,3,variable_2_4|random,1|1,36|37,3|2,win
match_000242,matchup_0003,42,variable_2_4,1,/home/thlamz/SushiGo_MARL/results/league/variable_2_4/repetition_1/model.pt,0,53,3,fixed_3p,1,46,4,fixed_3p|random,1|1,46|26,4|0,win
match_000242,matchup_0003,42,fixed_3p,1,/home/thlamz/SushiGo_MARL/results/league/fixed_3p/repetition_1/model.pt,1,46,4,variable_2_4,1,53,3,variable_2_4|random,1|1,53|26,3|0,loss
match_000242,matchup_0003,42,random,1,/home/thlamz/SushiGo_MARL/random,2,26,0,variable_2_4,1,53,3,variable_2_4|fixed_3p,1|1,53|46,3|4,loss
match_000243,matchup_0003,43,variable_2_4,1,/home/thlamz/SushiGo_MARL/results/league/variable_2_4/repetition_1/model.pt,0,60,3,fixed_3p,1,48,3,fixed_3p|random,1|1,48|21,3|0,win
match_000243,matchup_0003,43,fixed_3p,1,/home/thlamz/SushiGo_MARL/results/league/fixed_3p/repetition_1/model.pt,1,48,3,variable_2_4,1,60,3,variable_2_4|random,1|1,60|21,3|0,loss
match_000243,matchup_0003,43,random,1,/home/thlamz/SushiGo_MARL/random,2,21,0,variable_2_4,1,60,3,variable_2_4|fixed_3p,1|1,60|48,3|3,loss
match_000244,matchup_0003,44,random,1,/home/thlamz/SushiGo_MARL/random,0,31,2,fixed_3p,1,55,3,fixed_3p|variable_2_4,1|1,55|49,3|3,loss
match_000244,matchup_0003,44,fixed_3p,1,/home/thlamz/SushiGo_MARL/results/league/fixed_3p/repetition_1/model.pt,1,55,3,random,1,31,2,random|variable_2_4,1|1,31|49,2|3,win
match_000244,matchup_0003,44,variable_2_4,1,/home/thlamz/SushiGo_MARL/results/league/variable_2_4/repetition_1/model.pt,2,49,3,random,1,31,2,random|fixed_3p,1|1,31|55,2|3,loss
match_000245,matchup_0003,45,variable_2_4,1,/home/thlamz/SushiGo_MARL/results/league/variable_2_4/repetition_1/model.pt,0,52,4,fixed_3p,1,36,3,fixed_3p|random,1|1,36|32,3|2,win
match_000245,matchup_0003,45,fixed_3p,1,/home/thlamz/SushiGo_MARL/results/league/fixed_3p/repetition_1/model.pt,1,36,3,variable_2_4,1,52,4,variable_2_4|random,1|1,52|32,4|2,loss
match_000245,matchup_0003,45,random,1,/home/thlamz/SushiGo_MARL/random,2,32,2,variable_2_4,1,52,4,variable_2_4|fixed_3p,1|1,52|36,4|3,loss
match_000246,matchup_0003,46,fixed_3p,1,/home/thlamz/SushiGo_MARL/results/league/fixed_3p/repetition_1/model.pt,0,45,4,variable_2_4,1,41,2,variable_2_4|random,1|1,41|30,2|1,win
match_000246,matchup_0003,46,variable_2_4,1,/home/thlamz/SushiGo_MARL/results/league/variable_2_4/repetition_1/model.pt,1,41,2,fixed_3p,1,45,4,fixed_3p|random,1|1,45|30,4|1,loss
match_000246,matchup_0003,46,random,1,/home/thlamz/SushiGo_MARL/random,2,30,1,fixed_3p,1,45,4,fixed_3p|variable_2_4,1|1,45|41,4|2,loss
match_000247,matchup_0003,47,fixed_3p,1,/home/thlamz/SushiGo_MARL/results/league/fixed_3p/repetition_1/model.pt,0,52,4,variable_2_4,1,40,4,variable_2_4|random,1|1,40|28,4|1,win
match_000247,matchup_0003,47,variable_2_4,1,/home/thlamz/SushiGo_MARL/results/league/variable_2_4/repetition_1/model.pt,1,40,4,fixed_3p,1,52,4,fixed_3p|random,1|1,52|28,4|1,loss
match_000247,matchup_0003,47,random,1,/home/thlamz/SushiGo_MARL/random,2,28,1,fixed_3p,1,52,4,fixed_3p|variable_2_4,1|1,52|40,4|4,loss
match_000248,matchup_0003,48,fixed_3p,1,/home/thlamz/SushiGo_MARL/results/league/fixed_3p/repetition_1/model.pt,0,62,4,variable_2_4,1,46,4,variable_2_4|random,1|1,46|29,4|1,win
match_000248,matchup_0003,48,variable_2_4,1,/home/thlamz/SushiGo_MARL/results/league/variable_2_4/repetition_1/model.pt,1,46,4,fixed_3p,1,62,4,fixed_3p|random,1|1,62|29,4|1,loss
match_000248,matchup_0003,48,random,1,/home/thlamz/SushiGo_MARL/random,2,29,1,fixed_3p,1,62,4,fixed_3p|variable_2_4,1|1,62|46,4|4,loss
match_000249,matchup_0003,49,fixed_3p,1,/home/thlamz/SushiGo_MARL/results/league/fixed_3p/repetition_1/model.pt,0,48,3,random,1,26,3,random|variable_2_4,1|1,26|52,3|3,loss
match_000249,matchup_0003,49,random,1,/home/thlamz/SushiGo_MARL/random,1,26,3,fixed_3p,1,48,3,fixed_3p|variable_2_4,1|1,48|52,3|3,loss
match_000249,matchup_0003,49,variable_2_4,1,/home/thlamz/SushiGo_MARL/results/league/variable_2_4/repetition_1/model.pt,2,52,3,fixed_3p,1,48,3,fixed_3p|random,1|1,48|26,3|3,win
match_000250,matchup_0003,50,variable_2_4,1,/home/thlamz/SushiGo_MARL/results/league/variable_2_4/repetition_1/model.pt,0,59,4,fixed_3p,1,48,3,fixed_3p|random,1|1,48|27,3|1,win
match_000250,matchup_0003,50,fixed_3p,1,/home/thlamz/SushiGo_MARL/results/league/fixed_3p/repetition_1/model.pt,1,48,3,variable_2_4,1,59,4,variable_2_4|random,1|1,59|27,4|1,loss
match_000250,matchup_0003,50,random,1,/home/thlamz/SushiGo_MARL/random,2,27,1,variable_2_4,1,59,4,variable_2_4|fixed_3p,1|1,59|48,4|3,loss
match_000251,matchup_0003,51,variable_2_4,1,/home/thlamz/SushiGo_MARL/results/league/variable_2_4/repetition_1/model.pt,0,53,3,random,1,25,1,random|fixed_3p,1|1,25|57,1|3,loss
match_000251,matchup_0003,51,random,1,/home/thlamz/SushiGo_MARL/random,1,25,1,variable_2_4,1,53,3,variable_2_4|fixed_3p,1|1,53|57,3|3,loss
match_000251,matchup_0003,51,fixed_3p,1,/home/thlamz/SushiGo_MARL/results/league/fixed_3p/repetition_1/model.pt,2,57,3,variable_2_4,1,53,3,variable_2_4|random,1|1,53|25,3|1,win
match_000252,matchup_0003,52,random,1,/home/thlamz/SushiGo_MARL/random,0,32,2,variable_2_4,1,52,3,variable_2_4|fixed_3p,1|1,52|47,3|1,loss
match_000252,matchup_0003,52,variable_2_4,1,/home/thlamz/SushiGo_MARL/results/league/variable_2_4/repetition_1/model.pt,1,52,3,random,1,32,2,random|fixed_3p,1|1,32|47,2|1,win
match_000252,matchup_0003,52,fixed_3p,1,/home/thlamz/SushiGo_MARL/results/league/fixed_3p/repetition_1/model.pt,2,47,1,random,1,32,2,random|variable_2_4,1|1,32|52,2|3,loss
match_000253,matchup_0003,53,variable_2_4,1,/home/thlamz/SushiGo_MARL/results/league/variable_2_4/repetition_1/model.pt,0,42,2,fixed_3p,1,46,2,fixed_3p|random,1|1,46|25,2|1,loss
match_000253,matchup_0003,53,fixed_3p,1,/home/thlamz/SushiGo_MARL/results/league/fixed_3p/repetition_1/model.pt,1,46,2,variable_2_4,1,42,2,variable_2_4|random,1|1,42|25,2|1,win
match_000253,matchup_0003,53,random,1,/home/thlamz/SushiGo_MARL/random,2,25,1,variable_2_4,1,42,2,variable_2_4|fixed_3p,1|1,42|46,2|2,loss
match_000254,matchup_0003,54,fixed_3p,1,/home/thlamz/SushiGo_MARL/results/league/fixed_3p/repetition_1/model.pt,0,59,3,variable_2_4,1,58,2,variable_2_4|random,1|1,58|14,2|1,win
match_000254,matchup_0003,54,variable_2_4,1,/home/thlamz/SushiGo_MARL/results/league/variable_2_4/repetition_1/model.pt,1,58,2,fixed_3p,1,59,3,fixed_3p|random,1|1,59|14,3|1,loss
match_000254,matchup_0003,54,random,1,/home/thlamz/SushiGo_MARL/random,2,14,1,fixed_3p,1,59,3,fixed_3p|variable_2_4,1|1,59|58,3|2,loss
match_000255,matchup_0003,55,random,1,/home/thlamz/SushiGo_MARL/random,0,29,0,variable_2_4,1,67,3,variable_2_4|fixed_3p,1|1,67|54,3|2,loss
match_000255,matchup_0003,55,variable_2_4,1,/home/thlamz/SushiGo_MARL/results/league/variable_2_4/repetition_1/model.pt,1,67,3,random,1,29,0,random|fixed_3p,1|1,29|54,0|2,win
match_000255,matchup_0003,55,fixed_3p,1,/home/thlamz/SushiGo_MARL/results/league/fixed_3p/repetition_1/model.pt,2,54,2,random,1,29,0,random|variable_2_4,1|1,29|67,0|3,loss
match_000256,matchup_0003,56,random,1,/home/thlamz/SushiGo_MARL/random,0,16,1,variable_2_4,1,56,4,variable_2_4|fixed_3p,1|1,56|50,4|2,loss
match_000256,matchup_0003,56,variable_2_4,1,/home/thlamz/SushiGo_MARL/results/league/variable_2_4/repetition_1/model.pt,1,56,4,random,1,16,1,random|fixed_3p,1|1,16|50,1|2,win
match_000256,matchup_0003,56,fixed_3p,1,/home/thlamz/SushiGo_MARL/results/league/fixed_3p/repetition_1/model.pt,2,50,2,random,1,16,1,random|variable_2_4,1|1,16|56,1|4,loss
match_000257,matchup_0003,57,fixed_3p,1,/home/thlamz/SushiGo_MARL/results/league/fixed_3p/repetition_1/model.pt,0,56,0,variable_2_4,1,40,4,variable_2_4|random,1|1,40|22,4|4,win
match_000257,matchup_0003,57,variable_2_4,1,/home/thlamz/SushiGo_MARL/results/league/variable_2_4/repetition_1/model.pt,1,40,4,fixed_3p,1,56,0,fixed_3p|random,1|1,56|22,0|4,loss
match_000257,matchup_0003,57,random,1,/home/thlamz/SushiGo_MARL/random,2,22,4,fixed_3p,1,56,0,fixed_3p|variable_2_4,1|1,56|40,0|4,loss
match_000258,matchup_0003,58,variable_2_4,1,/home/thlamz/SushiGo_MARL/results/league/variable_2_4/repetition_1/model.pt,0,46,2,random,1,33,1,random|fixed_3p,1|1,33|52,1|3,loss
match_000258,matchup_0003,58,random,1,/home/thlamz/SushiGo_MARL/random,1,33,1,variable_2_4,1,46,2,variable_2_4|fixed_3p,1|1,46|52,2|3,loss
match_000258,matchup_0003,58,fixed_3p,1,/home/thlamz/SushiGo_MARL/results/league/fixed_3p/repetition_1/model.pt,2,52,3,variable_2_4,1,46,2,variable_2_4|random,1|1,46|33,2|1,win
match_000259,matchup_0003,59,variable_2_4,1,/home/thlamz/SushiGo_MARL/results/league/variable_2_4/repetition_1/model.pt,0,57,2,random,1,30,1,random|fixed_3p,1|1,30|55,1|2,win
match_000259,matchup_0003,59,random,1,/home/thlamz/SushiGo_MARL/random,1,30,1,variable_2_4,1,57,2,variable_2_4|fixed_3p,1|1,57|55,2|2,loss
match_000259,matchup_0003,59,fixed_3p,1,/home/thlamz/SushiGo_MARL/results/league/fixed_3p/repetition_1/model.pt,2,55,2,variable_2_4,1,57,2,variable_2_4|random,1|1,57|30,2|1,loss
match_000260,matchup_0003,60,random,1,/home/thlamz/SushiGo_MARL/random,0,20,2,fixed_3p,1,54,4,fixed_3p|variable_2_4,1|1,54|52,4|2,loss
match_000260,matchup_0003,60,fixed_3p,1,/home/thlamz/SushiGo_MARL/results/league/fixed_3p/repetition_1/model.pt,1,54,4,random,1,20,2,random|variable_2_4,1|1,20|52,2|2,win
match_000260,matchup_0003,60,variable_2_4,1,/home/thlamz/SushiGo_MARL/results/league/variable_2_4/repetition_1/model.pt,2,52,2,random,1,20,2,random|fixed_3p,1|1,20|54,2|4,loss
match_000261,matchup_0003,61,variable_2_4,1,/home/thlamz/SushiGo_MARL/results/league/variable_2_4/repetition_1/model.pt,0,45,4,fixed_3p,1,35,3,fixed_3p|random,1|1,35|28,3|1,win
match_000261,matchup_0003,61,fixed_3p,1,/home/thlamz/SushiGo_MARL/results/league/fixed_3p/repetition_1/model.pt,1,35,3,variable_2_4,1,45,4,variable_2_4|random,1|1,45|28,4|1,loss
match_000261,matchup_0003,61,random,1,/home/thlamz/SushiGo_MARL/random,2,28,1,variable_2_4,1,45,4,variable_2_4|fixed_3p,1|1,45|35,4|3,loss
match_000262,matchup_0003,62,random,1,/home/thlamz/SushiGo_MARL/random,0,22,1,fixed_3p,1,51,4,fixed_3p|variable_2_4,1|1,51|45,4|2,loss
match_000262,matchup_0003,62,fixed_3p,1,/home/thlamz/SushiGo_MARL/results/league/fixed_3p/repetition_1/model.pt,1,51,4,random,1,22,1,random|variable_2_4,1|1,22|45,1|2,win
match_000262,matchup_0003,62,variable_2_4,1,/home/thlamz/SushiGo_MARL/results/league/variable_2_4/repetition_1/model.pt,2,45,2,random,1,22,1,random|fixed_3p,1|1,22|51,1|4,loss
match_000263,matchup_0003,63,fixed_3p,1,/home/thlamz/SushiGo_MARL/results/league/fixed_3p/repetition_1/model.pt,0,57,3,random,1,37,1,random|variable_2_4,1|1,37|60,1|2,loss
match_000263,matchup_0003,63,random,1,/home/thlamz/SushiGo_MARL/random,1,37,1,fixed_3p,1,57,3,fixed_3p|variable_2_4,1|1,57|60,3|2,loss
match_000263,matchup_0003,63,variable_2_4,1,/home/thlamz/SushiGo_MARL/results/league/variable_2_4/repetition_1/model.pt,2,60,2,fixed_3p,1,57,3,fixed_3p|random,1|1,57|37,3|1,win
match_000264,matchup_0003,64,random,1,/home/thlamz/SushiGo_MARL/random,0,26,1,fixed_3p,1,52,3,fixed_3p|variable_2_4,1|1,52|53,3|3,loss
match_000264,matchup_0003,64,fixed_3p,1,/home/thlamz/SushiGo_MARL/results/league/fixed_3p/repetition_1/model.pt,1,52,3,random,1,26,1,random|variable_2_4,1|1,26|53,1|3,loss
match_000264,matchup_0003,64,variable_2_4,1,/home/thlamz/SushiGo_MARL/results/league/variable_2_4/repetition_1/model.pt,2,53,3,random,1,26,1,random|fixed_3p,1|1,26|52,1|3,win
match_000265,matchup_0003,65,variable_2_4,1,/home/thlamz/SushiGo_MARL/results/league/variable_2_4/repetition_1/model.pt,0,57,2,fixed_3p,1,54,4,fixed_3p|random,1|1,54|23,4|2,win
match_000265,matchup_0003,65,fixed_3p,1,/home/thlamz/SushiGo_MARL/results/league/fixed_3p/repetition_1/model.pt,1,54,4,variable_2_4,1,57,2,variable_2_4|random,1|1,57|23,2|2,loss
match_000265,matchup_0003,65,random,1,/home/thlamz/SushiGo_MARL/random,2,23,2,variable_2_4,1,57,2,variable_2_4|fixed_3p,1|1,57|54,2|4,loss
match_000266,matchup_0003,66,fixed_3p,1,/home/thlamz/SushiGo_MARL/results/league/fixed_3p/repetition_1/model.pt,0,40,4,random,1,18,1,random|variable_2_4,1|1,18|54,1|4,loss
match_000266,matchup_0003,66,random,1,/home/thlamz/SushiGo_MARL/random,1,18,1,fixed_3p,1,40,4,fixed_3p|variable_2_4,1|1,40|54,4|4,loss
match_000266,matchup_0003,66,variable_2_4,1,/home/thlamz/SushiGo_MARL/results/league/variable_2_4/repetition_1/model.pt,2,54,4,fixed_3p,1,40,4,fixed_3p|random,1|1,40|18,4|1,win
match_000267,matchup_0003,67,variable_2_4,1,/home/thlamz/SushiGo_MARL/results/league/variable_2_4/repetition_1/model.pt,0,53,4,random,1,27,3,random|fixed_3p,1|1,27|58,3|0,loss
match_000267,matchup_0003,67,random,1,/home/thlamz/SushiGo_MARL/random,1,27,3,variable_2_4,1,53,4,variable_2_4|fixed_3p,1|1,53|58,4|0,loss
match_000267,matchup_0003,67,fixed_3p,1,/home/thlamz/SushiGo_MARL/results/league/fixed_3p/repetition_1/model.pt,2,58,0,variable_2_4,1,53,4,variable_2_4|random,1|1,53|27,4|3,win
match_000268,matchup_0003,68,variable_2_4,1,/home/thlamz/SushiGo_MARL/results/league/variable_2_4/repetition_1/model.pt,0,50,3,random,1,22,0,random|fixed_3p,1|1,22|57,0|3,loss
match_000268,matchup_0003,68,random,1,/home/thlamz/SushiGo_MARL/random,1,22,0,variable_2_4,1,50,3,variable_2_4|fixed_3p,1|1,50|57,3|3,loss
match_000268,matchup_0003,68,fixed_3p,1,/home/thlamz/SushiGo_MARL/results/league/fixed_3p/repetition_1/model.pt,2,57,3,variable_2_4,1,50,3,variable_2_4|random,1|1,50|22,3|0,win
match_000269,matchup_0003,69,variable_2_4,1,/home/thlamz/SushiGo_MARL/results/league/variable_2_4/repetition_1/model.pt,0,54,5,random,1,21,1,random|fixed_3p,1|1,21|49,1|3,win
match_000269,matchup_0003,69,random,1,/home/thlamz/SushiGo_MARL/random,1,21,1,variable_2_4,1,54,5,variable_2_4|fixed_3p,1|1,54|49,5|3,loss
match_000269,matchup_0003,69,fixed_3p,1,/home/thlamz/SushiGo_MARL/results/league/fixed_3p/repetition_1/model.pt,2,49,3,variable_2_4,1,54,5,variable_2_4|random,1|1,54|21,5|1,loss
match_000270,matchup_0003,70,fixed_3p,1,/home/thlamz/SushiGo_MARL/results/league/fixed_3p/repetition_1/model.pt,0,50,4,variable_2_4,1,51,2,variable_2_4|random,1|1,51|15,2|2,loss
match_000270,matchup_0003,70,variable_2_4,1,/home/thlamz/SushiGo_MARL/results/league/variable_2_4/repetition_1/model.pt,1,51,2,fixed_3p,1,50,4,fixed_3p|random,1|1,50|15,4|2,win
match_000270,matchup_0003,70,random,1,/home/thlamz/SushiGo_MARL/random,2,15,2,fixed_3p,1,50,4,fixed_3p|variable_2_4,1|1,50|51,4|2,loss
match_000271,matchup_0003,71,variable_2_4,1,/home/thlamz/SushiGo_MARL/results/league/variable_2_4/repetition_1/model.pt,0,55,4,fixed_3p,1,42,0,fixed_3p|random,1|1,42|31,0|3,win
match_000271,matchup_0003,71,fixed_3p,1,/home/thlamz/SushiGo_MARL/results/league/fixed_3p/repetition_1/model.pt,1,42,0,variable_2_4,1,55,4,variable_2_4|random,1|1,55|31,4|3,loss
match_000271,matchup_0003,71,random,1,/home/thlamz/SushiGo_MARL/random,2,31,3,variable_2_4,1,55,4,variable_2_4|fixed_3p,1|1,55|42,4|0,loss
match_000272,matchup_0003,72,variable_2_4,1,/home/thlamz/SushiGo_MARL/results/league/variable_2_4/repetition_1/model.pt,0,52,3,random,1,22,1,random|fixed_3p,1|1,22|68,1|4,loss
match_000272,matchup_0003,72,random,1,/home/thlamz/SushiGo_MARL/random,1,22,1,variable_2_4,1,52,3,variable_2_4|fixed_3p,1|1,52|68,3|4,loss
match_000272,matchup_0003,72,fixed_3p,1,/home/thlamz/SushiGo_MARL/results/league/fixed_3p/repetition_1/model.pt,2,68,4,variable_2_4,1,52,3,variable_2_4|random,1|1,52|22,3|1,win
match_000273,matchup_0003,73,random,1,/home/thlamz/SushiGo_MARL/random,0,28,0,variable_2_4,1,59,3,variable_2_4|fixed_3p,1|1,59|43,3|2,loss
match_000273,matchup_0003,73,variable_2_4,1,/home/thlamz/SushiGo_MARL/results/league/variable_2_4/repetition_1/model.pt,1,59,3,random,1,28,0,random|fixed_3p,1|1,28|43,0|2,win
match_000273,matchup_0003,73,fixed_3p,1,/home/thlamz/SushiGo_MARL/results/league/fixed_3p/repetition_1/model.pt,2,43,2,random,1,28,0,random|variable_2_4,1|1,28|59,0|3,loss
match_000274,matchup_0003,74,random,1,/home/thlamz/SushiGo_MARL/random,0,36,2,fixed_3p,1,60,0,fixed_3p|variable_2_4,1|1,60|53,0|5,loss
match_000274,matchup_0003,74,fixed_3p,1,/home/thlamz/SushiGo_MARL/results/league/fixed_3p/repetition_1/model.pt,1,60,0,random,1,36,2,random|variable_2_4,1|1,36|53,2|5,win
match_000274,matchup_0003,74,variable_2_4,1,/home/thlamz/SushiGo_MARL/results/league/variable_2_4/repetition_1/model.pt,2,53,5,random,1,36,2,random|fixed_3p,1|1,36|60,2|0,loss
match_000275,matchup_0003,75,variable_2_4,1,/home/thlamz/SushiGo_MARL/results/league/variable_2_4/repetition_1/model.pt,0,43,3,random,1,18,3,random|fixed_3p,1|1,18|43,3|3,tie
match_000275,matchup_0003,75,random,1,/home/thlamz/SushiGo_MARL/random,1,18,3,variable_2_4,1,43,3,variable_2_4|fixed_3p,1|1,43|43,3|3,loss
match_000275,matchup_0003,75,fixed_3p,1,/home/thlamz/SushiGo_MARL/results/league/fixed_3p/repetition_1/model.pt,2,43,3,variable_2_4,1,43,3,variable_2_4|random,1|1,43|18,3|3,tie
match_000276,matchup_0003,76,random,1,/home/thlamz/SushiGo_MARL/random,0,12,1,fixed_3p,1,54,3,fixed_3p|variable_2_4,1|1,54|48,3|4,loss
match_000276,matchup_0003,76,fixed_3p,1,/home/thlamz/SushiGo_MARL/results/league/fixed_3p/repetition_1/model.pt,1,54,3,random,1,12,1,random|variable_2_4,1|1,12|48,1|4,win
match_000276,matchup_0003,76,variable_2_4,1,/home/thlamz/SushiGo_MARL/results/league/variable_2_4/repetition_1/model.pt,2,48,4,random,1,12,1,random|fixed_3p,1|1,12|54,1|3,loss
match_000277,matchup_0003,77,fixed_3p,1,/home/thlamz/SushiGo_MARL/results/league/fixed_3p/repetition_1/model.pt,0,52,4,variable_2_4,1,40,3,variable_2_4|random,1|1,40|20,3|2,win
match_000277,matchup_0003,77,variable_2_4,1,/home/thlamz/SushiGo_MARL/results/league/variable_2_4/repetition_1/model.pt,1,40,3,fixed_3p,1,52,4,fixed_3p|random,1|1,52|20,4|2,loss
match_000277,matchup_0003,77,random,1,/home/thlamz/SushiGo_MARL/random,2,20,2,fixed_3p,1,52,4,fixed_3p|variable_2_4,1|1,52|40,4|3,loss
match_000278,matchup_0003,78,variable_2_4,1,/home/thlamz/SushiGo_MARL/results/league/variable_2_4/repetition_1/model.pt,0,50,3,random,1,19,0,random|fixed_3p,1|1,19|48,0|3,win
match_000278,matchup_0003,78,random,1,/home/thlamz/SushiGo_MARL/random,1,19,0,variable_2_4,1,50,3,variable_2_4|fixed_3p,1|1,50|48,3|3,loss
match_000278,matchup_0003,78,fixed_3p,1,/home/thlamz/SushiGo_MARL/results/league/fixed_3p/repetition_1/model.pt,2,48,3,variable_2_4,1,50,3,variable_2_4|random,1|1,50|19,3|0,loss
match_000279,matchup_0003,79,variable_2_4,1,/home/thlamz/SushiGo_MARL/results/league/variable_2_4/repetition_1/model.pt,0,50,3,random,1,21,1,random|fixed_3p,1|1,21|57,1|4,loss
match_000279,matchup_0003,79,random,1,/home/thlamz/SushiGo_MARL/random,1,21,1,variable_2_4,1,50,3,variable_2_4|fixed_3p,1|1,50|57,3|4,loss
match_000279,matchup_0003,79,fixed_3p,1,/home/thlamz/SushiGo_MARL/results/league/fixed_3p/repetition_1/model.pt,2,57,4,variable_2_4,1,50,3,variable_2_4|random,1|1,50|21,3|1,win
match_000280,matchup_0003,80,random,1,/home/thlamz/SushiGo_MARL/random,0,21,1,fixed_3p,1,50,3,fixed_3p|variable_2_4,1|1,50|42,3|4,loss
match_000280,matchup_0003,80,fixed_3p,1,/home/thlamz/SushiGo_MARL/results/league/fixed_3p/repetition_1/model.pt,1,50,3,random,1,21,1,random|variable_2_4,1|1,21|42,1|4,win
match_000280,matchup_0003,80,variable_2_4,1,/home/thlamz/SushiGo_MARL/results/league/variable_2_4/repetition_1/model.pt,2,42,4,random,1,21,1,random|fixed_3p,1|1,21|50,1|3,loss
match_000281,matchup_0003,81,variable_2_4,1,/home/thlamz/SushiGo_MARL/results/league/variable_2_4/repetition_1/model.pt,0,46,4,random,1,33,0,random|fixed_3p,1|1,33|39,0|3,win
match_000281,matchup_0003,81,random,1,/home/thlamz/SushiGo_MARL/random,1,33,0,variable_2_4,1,46,4,variable_2_4|fixed_3p,1|1,46|39,4|3,loss
match_000281,matchup_0003,81,fixed_3p,1,/home/thlamz/SushiGo_MARL/results/league/fixed_3p/repetition_1/model.pt,2,39,3,variable_2_4,1,46,4,variable_2_4|random,1|1,46|33,4|0,loss
match_000282,matchup_0003,82,fixed_3p,1,/home/thlamz/SushiGo_MARL/results/league/fixed_3p/repetition_1/model.pt,0,49,4,random,1,20,0,random|variable_2_4,1|1,20|52,0|5,loss
match_000282,matchup_0003,82,random,1,/home/thlamz/SushiGo_MARL/random,1,20,0,fixed_3p,1,49,4,fixed_3p|variable_2_4,1|1,49|52,4|5,loss
match_000282,matchup_0003,82,variable_2_4,1,/home/thlamz/SushiGo_MARL/results/league/variable_2_4/repetition_1/model.pt,2,52,5,fixed_3p,1,49,4,fixed_3p|random,1|1,49|20,4|0,win
match_000283,matchup_0003,83,random,1,/home/thlamz/SushiGo_MARL/random,0,36,1,variable_2_4,1,58,2,variable_2_4|fixed_3p,1|1,58|48,2|3,loss
match_000283,matchup_0003,83,variable_2_4,1,/home/thlamz/SushiGo_MARL/results/league/variable_2_4/repetition_1/model.pt,1,58,2,random,1,36,1,random|fixed_3p,1|1,36|48,1|3,win
match_000283,matchup_0003,83,fixed_3p,1,/home/thlamz/SushiGo_MARL/results/league/fixed_3p/repetition_1/model.pt,2,48,3,random,1,36,1,random|variable_2_4,1|1,36|58,1|2,loss
match_000284,matchup_0003,84,variable_2_4,1,/home/thlamz/SushiGo_MARL/results/league/variable_2_4/repetition_1/model.pt,0,60,3,random,1,27,2,random|fixed_3p,1|1,27|53,2|3,win
match_000284,matchup_0003,84,random,1,/home/thlamz/SushiGo_MARL/random,1,27,2,variable_2_4,1,60,3,variable_2_4|fixed_3p,1|1,60|53,3|3,loss
match_000284,matchup_0003,84,fixed_3p,1,/home/thlamz/SushiGo_MARL/results/league/fixed_3p/repetition_1/model.pt,2,53,3,variable_2_4,1,60,3,variable_2_4|random,1|1,60|27,3|2,loss
match_000285,matchup_0003,85,fixed_3p,1,/home/thlamz/SushiGo_MARL/results/league/fixed_3p/repetition_1/model.pt,0,43,1,random,1,34,3,random|variable_2_4,1|1,34|54,3|5,loss
match_000285,matchup_0003,85,random,1,/home/thlamz/SushiGo_MARL/random,1,34,3,fixed_3p,1,43,1,fixed_3p|variable_2_4,1|1,43|54,1|5,loss
match_000285,matchup_0003,85,variable_2_4,1,/home/thlamz/SushiGo_MARL/results/league/variable_2_4/repetition_1/model.pt,2,54,5,fixed_3p,1,43,1,fixed_3p|random,1|1,43|34,1|3,win
match_000286,matchup_0003,86,fixed_3p,1,/home/thlamz/SushiGo_MARL/results/league/fixed_3p/repetition_1/model.pt,0,58,3,random,1,21,0,random|variable_2_4,1|1,21|48,0|2,win
match_000286,matchup_0003,86,random,1,/home/thlamz/SushiGo_MARL/random,1,21,0,fixed_3p,1,58,3,fixed_3p|variable_2_4,1|1,58|48,3|2,loss
match_000286,matchup_0003,86,variable_2_4,1,/home/thlamz/SushiGo_MARL/results/league/variable_2_4/repetition_1/model.pt,2,48,2,fixed_3p,1,58,3,fixed_3p|random,1|1,58|21,3|0,loss
match_000287,matchup_0003,87,fixed_3p,1,/home/thlamz/SushiGo_MARL/results/league/fixed_3p/repetition_1/model.pt,0,51,2,random,1,24,1,random|variable_2_4,1|1,24|56,1|4,loss
match_000287,matchup_0003,87,random,1,/home/thlamz/SushiGo_MARL/random,1,24,1,fixed_3p,1,51,2,fixed_3p|variable_2_4,1|1,51|56,2|4,loss
match_000287,matchup_0003,87,variable_2_4,1,/home/thlamz/SushiGo_MARL/results/league/variable_2_4/repetition_1/model.pt,2,56,4,fixed_3p,1,51,2,fixed_3p|random,1|1,51|24,2|1,win
match_000288,matchup_0003,88,fixed_3p,1,/home/thlamz/SushiGo_MARL/results/league/fixed_3p/repetition_1/model.pt,0,63,3,variable_2_4,1,54,3,variable_2_4|random,1|1,54|24,3|1,win
match_000288,matchup_0003,88,variable_2_4,1,/home/thlamz/SushiGo_MARL/results/league/variable_2_4/repetition_1/model.pt,1,54,3,fixed_3p,1,63,3,fixed_3p|random,1|1,63|24,3|1,loss
match_000288,matchup_0003,88,random,1,/home/thlamz/SushiGo_MARL/random,2,24,1,fixed_3p,1,63,3,fixed_3p|variable_2_4,1|1,63|54,3|3,loss
match_000289,matchup_0003,89,random,1,/home/thlamz/SushiGo_MARL/random,0,24,2,fixed_3p,1,59,3,fixed_3p|variable_2_4,1|1,59|46,3|3,loss
match_000289,matchup_0003,89,fixed_3p,1,/home/thlamz/SushiGo_MARL/results/league/fixed_3p/repetition_1/model.pt,1,59,3,random,1,24,2,random|variable_2_4,1|1,24|46,2|3,win
match_000289,matchup_0003,89,variable_2_4,1,/home/thlamz/SushiGo_MARL/results/league/variable_2_4/repetition_1/model.pt,2,46,3,random,1,24,2,random|fixed_3p,1|1,24|59,2|3,loss
match_000290,matchup_0003,90,random,1,/home/thlamz/SushiGo_MARL/random,0,33,2,fixed_3p,1,58,3,fixed_3p|variable_2_4,1|1,58|52,3|3,loss
match_000290,matchup_0003,90,fixed_3p,1,/home/thlamz/SushiGo_MARL/results/league/fixed_3p/repetition_1/model.pt,1,58,3,random,1,33,2,random|variable_2_4,1|1,33|52,2|3,win
match_000290,matchup_0003,90,variable_2_4,1,/home/thlamz/SushiGo_MARL/results/league/variable_2_4/repetition_1/model.pt,2,52,3,random,1,33,2,random|fixed_3p,1|1,33|58,2|3,loss
match_000291,matchup_0003,91,fixed_3p,1,/home/thlamz/SushiGo_MARL/results/league/fixed_3p/repetition_1/model.pt,0,34,3,random,1,26,2,random|variable_2_4,1|1,26|50,2|4,loss
match_000291,matchup_0003,91,random,1,/home/thlamz/SushiGo_MARL/random,1,26,2,fixed_3p,1,34,3,fixed_3p|variable_2_4,1|1,34|50,3|4,loss
match_000291,matchup_0003,91,variable_2_4,1,/home/thlamz/SushiGo_MARL/results/league/variable_2_4/repetition_1/model.pt,2,50,4,fixed_3p,1,34,3,fixed_3p|random,1|1,34|26,3|2,win
match_000292,matchup_0003,92,variable_2_4,1,/home/thlamz/SushiGo_MARL/results/league/variable_2_4/repetition_1/model.pt,0,50,4,random,1,23,1,random|fixed_3p,1|1,23|56,1|4,loss
match_000292,matchup_0003,92,random,1,/home/thlamz/SushiGo_MARL/random,1,23,1,variable_2_4,1,50,4,variable_2_4|fixed_3p,1|1,50|56,4|4,loss
match_000292,matchup_0003,92,fixed_3p,1,/home/thlamz/SushiGo_MARL/results/league/fixed_3p/repetition_1/model.pt,2,56,4,variable_2_4,1,50,4,variable_2_4|random,1|1,50|23,4|1,win
match_000293,matchup_0003,93,fixed_3p,1,/home/thlamz/SushiGo_MARL/results/league/fixed_3p/repetition_1/model.pt,0,61,4,variable_2_4,1,49,2,variable_2_4|random,1|1,49|19,2|2,win
match_000293,matchup_0003,93,variable_2_4,1,/home/thlamz/SushiGo_MARL/results/league/variable_2_4/repetition_1/model.pt,1,49,2,fixed_3p,1,61,4,fixed_3p|random,1|1,61|19,4|2,loss
match_000293,matchup_0003,93,random,1,/home/thlamz/SushiGo_MARL/random,2,19,2,fixed_3p,1,61,4,fixed_3p|variable_2_4,1|1,61|49,4|2,loss
match_000294,matchup_0003,94,random,1,/home/thlamz/SushiGo_MARL/random,0,27,0,variable_2_4,1,56,2,variable_2_4|fixed_3p,1|1,56|58,2|3,loss
match_000294,matchup_0003,94,variable_2_4,1,/home/thlamz/SushiGo_MARL/results/league/variable_2_4/repetition_1/model.pt,1,56,2,random,1,27,0,random|fixed_3p,1|1,27|58,0|3,loss
match_000294,matchup_0003,94,fixed_3p,1,/home/thlamz/SushiGo_MARL/results/league/fixed_3p/repetition_1/model.pt,2,58,3,random,1,27,0,random|variable_2_4,1|1,27|56,0|2,win
match_000295,matchup_0003,95,variable_2_4,1,/home/thlamz/SushiGo_MARL/results/league/variable_2_4/repetition_1/model.pt,0,48,3,random,1,17,2,random|fixed_3p,1|1,17|52,2|3,loss
match_000295,matchup_0003,95,random,1,/home/thlamz/SushiGo_MARL/random,1,17,2,variable_2_4,1,48,3,variable_2_4|fixed_3p,1|1,48|52,3|3,loss
match_000295,matchup_0003,95,fixed_3p,1,/home/thlamz/SushiGo_MARL/results/league/fixed_3p/repetition_1/model.pt,2,52,3,variable_2_4,1,48,3,variable_2_4|random,1|1,48|17,3|2,win
match_000296,matchup_0003,96,random,1,/home/thlamz/SushiGo_MARL/random,0,37,4,variable_2_4,1,50,1,variable_2_4|fixed_3p,1|1,50|50,1|5,loss
match_000296,matchup_0003,96,variable_2_4,1,/home/thlamz/SushiGo_MARL/results/league/variable_2_4/repetition_1/model.pt,1,50,1,random,1,37,4,random|fixed_3p,1|1,37|50,4|5,loss
match_000296,matchup_0003,96,fixed_3p,1,/home/thlamz/SushiGo_MARL/results/league/fixed_3p/repetition_1/model.pt,2,50,5,random,1,37,4,random|variable_2_4,1|1,37|50,4|1,win
match_000297,matchup_0003,97,fixed_3p,1,/home/thlamz/SushiGo_MARL/results/league/fixed_3p/repetition_1/model.pt,0,44,3,variable_2_4,1,59,5,variable_2_4|random,1|1,59|19,5|1,loss
match_000297,matchup_0003,97,variable_2_4,1,/home/thlamz/SushiGo_MARL/results/league/variable_2_4/repetition_1/model.pt,1,59,5,fixed_3p,1,44,3,fixed_3p|random,1|1,44|19,3|1,win
match_000297,matchup_0003,97,random,1,/home/thlamz/SushiGo_MARL/random,2,19,1,fixed_3p,1,44,3,fixed_3p|variable_2_4,1|1,44|59,3|5,loss
match_000298,matchup_0003,98,random,1,/home/thlamz/SushiGo_MARL/random,0,29,2,variable_2_4,1,58,1,variable_2_4|fixed_3p,1|1,58|46,1|2,loss
match_000298,matchup_0003,98,variable_2_4,1,/home/thlamz/SushiGo_MARL/results/league/variable_2_4/repetition_1/model.pt,1,58,1,random,1,29,2,random|fixed_3p,1|1,29|46,2|2,win
match_000298,matchup_0003,98,fixed_3p,1,/home/thlamz/SushiGo_MARL/results/league/fixed_3p/repetition_1/model.pt,2,46,2,random,1,29,2,random|variable_2_4,1|1,29|58,2|1,loss
match_000299,matchup_0003,99,random,1,/home/thlamz/SushiGo_MARL/random,0,38,1,variable_2_4,1,57,2,variable_2_4|fixed_3p,1|1,57|56,2|3,loss
match_000299,matchup_0003,99,variable_2_4,1,/home/thlamz/SushiGo_MARL/results/league/variable_2_4/repetition_1/model.pt,1,57,2,random,1,38,1,random|fixed_3p,1|1,38|56,1|3,win
match_000299,matchup_0003,99,fixed_3p,1,/home/thlamz/SushiGo_MARL/results/league/fixed_3p/repetition_1/model.pt,2,56,3,random,1,38,1,random|variable_2_4,1|1,38|57,1|2,loss
match_000300,matchup_0003,100,variable_2_4,1,/home/thlamz/SushiGo_MARL/results/league/variable_2_4/repetition_1/model.pt,0,50,5,random,1,26,3,random|fixed_3p,1|1,26|52,3|0,loss
match_000300,matchup_0003,100,random,1,/home/thlamz/SushiGo_MARL/random,1,26,3,variable_2_4,1,50,5,variable_2_4|fixed_3p,1|1,50|52,5|0,loss
match_000300,matchup_0003,100,fixed_3p,1,/home/thlamz/SushiGo_MARL/results/league/fixed_3p/repetition_1/model.pt,2,52,0,variable_2_4,1,50,5,variable_2_4|random,1|1,50|26,5|3,win
match_000301,matchup_0004,1,fixed_3p,1,/home/thlamz/SushiGo_MARL/results/league/fixed_3p/repetition_1/model.pt,0,47,3,variable_encoder_2_4,1,33,3,variable_encoder_2_4|random,1|1,33|22,3|2,win
match_000301,matchup_0004,1,variable_encoder_2_4,1,/home/thlamz/SushiGo_MARL/results/league/variable_encoder_2_4/repetition_1/model.pt,1,33,3,fixed_3p,1,47,3,fixed_3p|random,1|1,47|22,3|2,loss
match_000301,matchup_0004,1,random,1,/home/thlamz/SushiGo_MARL/random,2,22,2,fixed_3p,1,47,3,fixed_3p|variable_encoder_2_4,1|1,47|33,3|3,loss
match_000302,matchup_0004,2,random,1,/home/thlamz/SushiGo_MARL/random,0,35,4,variable_encoder_2_4,1,48,2,variable_encoder_2_4|fixed_3p,1|1,48|52,2|3,loss
match_000302,matchup_0004,2,variable_encoder_2_4,1,/home/thlamz/SushiGo_MARL/results/league/variable_encoder_2_4/repetition_1/model.pt,1,48,2,random,1,35,4,random|fixed_3p,1|1,35|52,4|3,loss
match_000302,matchup_0004,2,fixed_3p,1,/home/thlamz/SushiGo_MARL/results/league/fixed_3p/repetition_1/model.pt,2,52,3,random,1,35,4,random|variable_encoder_2_4,1|1,35|48,4|2,win
match_000303,matchup_0004,3,fixed_3p,1,/home/thlamz/SushiGo_MARL/results/league/fixed_3p/repetition_1/model.pt,0,47,4,random,1,27,0,random|variable_encoder_2_4,1|1,27|61,0|4,loss
match_000303,matchup_0004,3,random,1,/home/thlamz/SushiGo_MARL/random,1,27,0,fixed_3p,1,47,4,fixed_3p|variable_encoder_2_4,1|1,47|61,4|4,loss
match_000303,matchup_0004,3,variable_encoder_2_4,1,/home/thlamz/SushiGo_MARL/results/league/variable_encoder_2_4/repetition_1/model.pt,2,61,4,fixed_3p,1,47,4,fixed_3p|random,1|1,47|27,4|0,win
match_000304,matchup_0004,4,fixed_3p,1,/home/thlamz/SushiGo_MARL/results/league/fixed_3p/repetition_1/model.pt,0,49,4,variable_encoder_2_4,1,47,3,variable_encoder_2_4|random,1|1,47|18,3|2,win
match_000304,matchup_0004,4,variable_encoder_2_4,1,/home/thlamz/SushiGo_MARL/results/league/variable_encoder_2_4/repetition_1/model.pt,1,47,3,fixed_3p,1,49,4,fixed_3p|random,1|1,49|18,4|2,loss
match_000304,matchup_0004,4,random,1,/home/thlamz/SushiGo_MARL/random,2,18,2,fixed_3p,1,49,4,fixed_3p|variable_encoder_2_4,1|1,49|47,4|3,loss
match_000305,matchup_0004,5,fixed_3p,1,/home/thlamz/SushiGo_MARL/results/league/fixed_3p/repetition_1/model.pt,0,49,5,variable_encoder_2_4,1,52,4,variable_encoder_2_4|random,1|1,52|29,4|0,loss
match_000305,matchup_0004,5,variable_encoder_2_4,1,/home/thlamz/SushiGo_MARL/results/league/variable_encoder_2_4/repetition_1/model.pt,1,52,4,fixed_3p,1,49,5,fixed_3p|random,1|1,49|29,5|0,win
match_000305,matchup_0004,5,random,1,/home/thlamz/SushiGo_MARL/random,2,29,0,fixed_3p,1,49,5,fixed_3p|variable_encoder_2_4,1|1,49|52,5|4,loss
match_000306,matchup_0004,6,fixed_3p,1,/home/thlamz/SushiGo_MARL/results/league/fixed_3p/repetition_1/model.pt,0,57,4,random,1,27,0,random|variable_encoder_2_4,1|1,27|57,0|4,tie
match_000306,matchup_0004,6,random,1,/home/thlamz/SushiGo_MARL/random,1,27,0,fixed_3p,1,57,4,fixed_3p|variable_encoder_2_4,1|1,57|57,4|4,loss
match_000306,matchup_0004,6,variable_encoder_2_4,1,/home/thlamz/SushiGo_MARL/results/league/variable_encoder_2_4/repetition_1/model.pt,2,57,4,fixed_3p,1,57,4,fixed_3p|random,1|1,57|27,4|0,tie
match_000307,matchup_0004,7,fixed_3p,1,/home/thlamz/SushiGo_MARL/results/league/fixed_3p/repetition_1/model.pt,0,50,3,random,1,22,1,random|variable_encoder_2_4,1|1,22|51,1|4,loss
match_000307,matchup_0004,7,random,1,/home/thlamz/SushiGo_MARL/random,1,22,1,fixed_3p,1,50,3,fixed_3p|variable_encoder_2_4,1|1,50|51,3|4,loss
match_000307,matchup_0004,7,variable_encoder_2_4,1,/home/thlamz/SushiGo_MARL/results/league/variable_encoder_2_4/repetition_1/model.pt,2,51,4,fixed_3p,1,50,3,fixed_3p|random,1|1,50|22,3|1,win
match_000308,matchup_0004,8,fixed_3p,1,/home/thlamz/SushiGo_MARL/results/league/fixed_3p/repetition_1/model.pt,0,47,5,random,1,39,1,random|variable_encoder_2_4,1|1,39|46,1|2,win
match_000308,matchup_0004,8,random,1,/home/thlamz/SushiGo_MARL/random,1,39,1,fixed_3p,1,47,5,fixed_3p|variable_encoder_2_4,1|1,47|46,5|2,loss
match_000308,matchup_0004,8,variable_encoder_2_4,1,/home/thlamz/SushiGo_MARL/results/league/variable_encoder_2_4/repetition_1/model.pt,2,46,2,fixed_3p,1,47,5,fixed_3p|random,1|1,47|39,5|1,loss
match_000309,matchup_0004,9,variable_encoder_2_4,1,/home/thlamz/SushiGo_MARL/results/league/variable_encoder_2_4/repetition_1/model.pt,0,47,0,random,1,24,3,random|fixed_3p,1|1,24|40,3|5,win
match_000309,matchup_0004,9,random,1,/home/thlamz/SushiGo_MARL/random,1,24,3,variable_encoder_2_4,1,47,0,variable_encoder_2_4|fixed_3p,1|1,47|40,0|5,loss
match_000309,matchup_0004,9,fixed_3p,1,/home/thlamz/SushiGo_MARL/results/league/fixed_3p/repetition_1/model.pt,2,40,5,variable_encoder_2_4,1,47,0,variable_encoder_2_4|random,1|1,47|24,0|3,loss
match_000310,matchup_0004,10,random,1,/home/thlamz/SushiGo_MARL/random,0,32,2,variable_encoder_2_4,1,55,2,variable_encoder_2_4|fixed_3p,1|1,55|49,2|2,loss
match_000310,matchup_0004,10,variable_encoder_2_4,1,/home/thlamz/SushiGo_MARL/results/league/variable_encoder_2_4/repetition_1/model.pt,1,55,2,random,1,32,2,random|fixed_3p,1|1,32|49,2|2,win
match_000310,matchup_0004,10,fixed_3p,1,/home/thlamz/SushiGo_MARL/results/league/fixed_3p/repetition_1/model.pt,2,49,2,random,1,32,2,random|variable_encoder_2_4,1|1,32|55,2|2,loss
match_000311,matchup_0004,11,variable_encoder_2_4,1,/home/thlamz/SushiGo_MARL/results/league/variable_encoder_2_4/repetition_1/model.pt,0,46,4,random,1,26,1,random|fixed_3p,1|1,26|43,1|4,win
match_000311,matchup_0004,11,random,1,/home/thlamz/SushiGo_MARL/random,1,26,1,variable_encoder_2_4,1,46,4,variable_encoder_2_4|fixed_3p,1|1,46|43,4|4,loss
match_000311,matchup_0004,11,fixed_3p,1,/home/thlamz/SushiGo_MARL/results/league/fixed_3p/repetition_1/model.pt,2,43,4,variable_encoder_2_4,1,46,4,variable_encoder_2_4|random,1|1,46|26,4|1,loss
match_000312,matchup_0004,12,random,1,/home/thlamz/SushiGo_MARL/random,0,25,2,fixed_3p,1,49,4,fixed_3p|variable_encoder_2_4,1|1,49|47,4|4,loss
match_000312,matchup_0004,12,fixed_3p,1,/home/thlamz/SushiGo_MARL/results/league/fixed_3p/repetition_1/model.pt,1,49,4,random,1,25,2,random|variable_encoder_2_4,1|1,25|47,2|4,win
match_000312,matchup_0004,12,variable_encoder_2_4,1,/home/thlamz/SushiGo_MARL/results/league/variable_encoder_2_4/repetition_1/model.pt,2,47,4,random,1,25,2,random|fixed_3p,1|1,25|49,2|4,loss
match_000313,matchup_0004,13,variable_encoder_2_4,1,/home/thlamz/SushiGo_MARL/results/league/variable_encoder_2_4/repetition_1/model.pt,0,63,2,fixed_3p,1,50,4,fixed_3p|random,1|1,50|27,4|0,win
match_000313,matchup_0004,13,fixed_3p,1,/home/thlamz/SushiGo_MARL/results/league/fixed_3p/repetition_1/model.pt,1,50,4,variable_encoder_2_4,1,63,2,variable_encoder_2_4|random,1|1,63|27,2|0,loss
match_000313,matchup_0004,13,random,1,/home/thlamz/SushiGo_MARL/random,2,27,0,variable_encoder_2_4,1,63,2,variable_encoder_2_4|fixed_3p,1|1,63|50,2|4,loss
match_000314,matchup_0004,14,variable_encoder_2_4,1,/home/thlamz/SushiGo_MARL/results/league/variable_encoder_2_4/repetition_1/model.pt,0,61,1,random,1,39,1,random|fixed_3p,1|1,39|59,1|5,win
match_000314,matchup_0004,14,random,1,/home/thlamz/SushiGo_MARL/random,1,39,1,variable_encoder_2_4,1,61,1,variable_encoder_2_4|fixed_3p,1|1,61|59,1|5,loss
match_000314,matchup_0004,14,fixed_3p,1,/home/thlamz/SushiGo_MARL/results/league/fixed_3p/repetition_1/model.pt,2,59,5,variable_encoder_2_4,1,61,1,variable_encoder_2_4|random,1|1,61|39,1|1,loss
match_000315,matchup_0004,15,variable_encoder_2_4,1,/home/thlamz/SushiGo_MARL/results/league/variable_encoder_2_4/repetition_1/model.pt,0,55,4,random,1,27,3,random|fixed_3p,1|1,27|40,3|0,win
match_000315,matchup_0004,15,random,1,/home/thlamz/SushiGo_MARL/random,1,27,3,variable_encoder_2_4,1,55,4,variable_encoder_2_4|fixed_3p,1|1,55|40,4|0,loss
match_000315,matchup_0004,15,fixed_3p,1,/home/thlamz/SushiGo_MARL/results/league/fixed_3p/repetition_1/model.pt,2,40,0,variable_encoder_2_4,1,55,4,variable_encoder_2_4|random,1|1,55|27,4|3,loss
match_000316,matchup_0004,16,variable_encoder_2_4,1,/home/thlamz/SushiGo_MARL/results/league/variable_encoder_2_4/repetition_1/model.pt,0,56,1,fixed_3p,1,59,4,fixed_3p|random,1|1,59|30,4|2,loss
match_000316,matchup_0004,16,fixed_3p,1,/home/thlamz/SushiGo_MARL/results/league/fixed_3p/repetition_1/model.pt,1,59,4,variable_encoder_2_4,1,56,1,variable_encoder_2_4|random,1|1,56|30,1|2,win
match_000316,matchup_0004,16,random,1,/home/thlamz/SushiGo_MARL/random,2,30,2,variable_encoder_2_4,1,56,1,variable_encoder_2_4|fixed_3p,1|1,56|59,1|4,loss
match_000317,matchup_0004,17,fixed_3p,1,/home/thlamz/SushiGo_MARL/results/league/fixed_3p/repetition_1/model.pt,0,41,2,random,1,31,4,random|variable_encoder_2_4,1|1,31|58,4|2,loss
match_000317,matchup_0004,17,random,1,/home/thlamz/SushiGo_MARL/random,1,31,4,fixed_3p,1,41,2,fixed_3p|variable_encoder_2_4,1|1,41|58,2|2,loss
match_000317,matchup_0004,17,variable_encoder_2_4,1,/home/thlamz/SushiGo_MARL/results/league/variable_encoder_2_4/repetition_1/model.pt,2,58,2,fixed_3p,1,41,2,fixed_3p|random,1|1,41|31,2|4,win
match_000318,matchup_0004,18,random,1,/home/thlamz/SushiGo_MARL/random,0,26,1,fixed_3p,1,45,5,fixed_3p|variable_encoder_2_4,1|1,45|46,5|4,loss
match_000318,matchup_0004,18,fixed_3p,1,/home/thlamz/SushiGo_MARL/results/league/fixed_3p/repetition_1/model.pt,1,45,5,random,1,26,1,random|variable_encoder_2_4,1|1,26|46,1|4,loss
match_000318,matchup_0004,18,variable_encoder_2_4,1,/home/thlamz/SushiGo_MARL/results/league/variable_encoder_2_4/repetition_1/model.pt,2,46,4,random,1,26,1,random|fixed_3p,1|1,26|45,1|5,win
match_000319,matchup_0004,19,fixed_3p,1,/home/thlamz/SushiGo_MARL/results/league/fixed_3p/repetition_1/model.pt,0,50,3,variable_encoder_2_4,1,44,0,variable_encoder_2_4|random,1|1,44|24,0|5,win
match_000319,matchup_0004,19,variable_encoder_2_4,1,/home/thlamz/SushiGo_MARL/results/league/variable_encoder_2_4/repetition_1/model.pt,1,44,0,fixed_3p,1,50,3,fixed_3p|random,1|1,50|24,3|5,loss
match_000319,matchup_0004,19,random,1,/home/thlamz/SushiGo_MARL/random,2,24,5,fixed_3p,1,50,3,fixed_3p|variable_encoder_2_4,1|1,50|44,3|0,loss
match_000320,matchup_0004,20,random,1,/home/thlamz/SushiGo_MARL/random,0,29,3,variable_encoder_2_4,1,59,1,variable_encoder_2_4|fixed_3p,1|1,59|52,1|6,loss
match_000320,matchup_0004,20,variable_encoder_2_4,1,/home/thlamz/SushiGo_MARL/results/league/variable_encoder_2_4/repetition_1/model.pt,1,59,1,random,1,29,3,random|fixed_3p,1|1,29|52,3|6,win
match_000320,matchup_0004,20,fixed_3p,1,/home/thlamz/SushiGo_MARL/results/league/fixed_3p/repetition_1/model.pt,2,52,6,random,1,29,3,random|variable_encoder_2_4,1|1,29|59,3|1,loss
match_000321,matchup_0004,21,variable_encoder_2_4,1,/home/thlamz/SushiGo_MARL/results/league/variable_encoder_2_4/repetition_1/model.pt,0,46,2,fixed_3p,1,41,6,fixed_3p|random,1|1,41|27,6|2,win
match_000321,matchup_0004,21,fixed_3p,1,/home/thlamz/SushiGo_MARL/results/league/fixed_3p/repetition_1/model.pt,1,41,6,variable_encoder_2_4,1,46,2,variable_encoder_2_4|random,1|1,46|27,2|2,loss
match_000321,matchup_0004,21,random,1,/home/thlamz/SushiGo_MARL/random,2,27,2,variable_encoder_2_4,1,46,2,variable_encoder_2_4|fixed_3p,1|1,46|41,2|6,loss
match_000322,matchup_0004,22,random,1,/home/thlamz/SushiGo_MARL/random,0,19,1,fixed_3p,1,58,3,fixed_3p|variable_encoder_2_4,1|1,58|55,3|3,loss
match_000322,matchup_0004,22,fixed_3p,1,/home/thlamz/SushiGo_MARL/results/league/fixed_3p/repetition_1/model.pt,1,58,3,random,1,19,1,random|variable_encoder_2_4,1|1,19|55,1|3,win
match_000322,matchup_0004,22,variable_encoder_2_4,1,/home/thlamz/SushiGo_MARL/results/league/variable_encoder_2_4/repetition_1/model.pt,2,55,3,random,1,19,1,random|fixed_3p,1|1,19|58,1|3,loss
match_000323,matchup_0004,23,variable_encoder_2_4,1,/home/thlamz/SushiGo_MARL/results/league/variable_encoder_2_4/repetition_1/model.pt,0,51,3,fixed_3p,1,51,3,fixed_3p|random,1|1,51|29,3|1,tie
match_000323,matchup_0004,23,fixed_3p,1,/home/thlamz/SushiGo_MARL/results/league/fixed_3p/repetition_1/model.pt,1,51,3,variable_encoder_2_4,1,51,3,variable_encoder_2_4|random,1|1,51|29,3|1,tie
match_000323,matchup_0004,23,random,1,/home/thlamz/SushiGo_MARL/random,2,29,1,variable_encoder_2_4,1,51,3,variable_encoder_2_4|fixed_3p,1|1,51|51,3|3,loss
match_000324,matchup_0004,24,variable_encoder_2_4,1,/home/thlamz/SushiGo_MARL/results/league/variable_encoder_2_4/repetition_1/model.pt,0,47,0,fixed_3p,1,56,3,fixed_3p|random,1|1,56|26,3|5,loss
match_000324,matchup_0004,24,fixed_3p,1,/home/thlamz/SushiGo_MARL/results/league/fixed_3p/repetition_1/model.pt,1,56,3,variable_encoder_2_4,1,47,0,variable_encoder_2_4|random,1|1,47|26,0|5,win
match_000324,matchup_0004,24,random,1,/home/thlamz/SushiGo_MARL/random,2,26,5,variable_encoder_2_4,1,47,0,variable_encoder_2_4|fixed_3p,1|1,47|56,0|3,loss
match_000325,matchup_0004,25,variable_encoder_2_4,1,/home/thlamz/SushiGo_MARL/results/league/variable_encoder_2_4/repetition_1/model.pt,0,50,3,random,1,32,3,random|fixed_3p,1|1,32|66,3|0,loss
match_000325,matchup_0004,25,random,1,/home/thlamz/SushiGo_MARL/random,1,32,3,variable_encoder_2_4,1,50,3,variable_encoder_2_4|fixed_3p,1|1,50|66,3|0,loss
match_000325,matchup_0004,25,fixed_3p,1,/home/thlamz/SushiGo_MARL/results/league/fixed_3p/repetition_1/model.pt,2,66,0,variable_encoder_2_4,1,50,3,variable_encoder_2_4|random,1|1,50|32,3|3,win
match_000326,matchup_0004,26,fixed_3p,1,/home/thlamz/SushiGo_MARL/results/league/fixed_3p/repetition_1/model.pt,0,51,2,random,1,24,1,random|variable_encoder_2_4,1|1,24|61,1|3,loss
match_000326,matchup_0004,26,random,1,/home/thlamz/SushiGo_MARL/random,1,24,1,fixed_3p,1,51,2,fixed_3p|variable_encoder_2_4,1|1,51|61,2|3,loss
match_000326,matchup_0004,26,variable_encoder_2_4,1,/home/thlamz/SushiGo_MARL/results/league/variable_encoder_2_4/repetition_1/model.pt,2,61,3,fixed_3p,1,51,2,fixed_3p|random,1|1,51|24,2|1,win
match_000327,matchup_0004,27,variable_encoder_2_4,1,/home/thlamz/SushiGo_MARL/results/league/variable_encoder_2_4/repetition_1/model.pt,0,53,2,random,1,30,2,random|fixed_3p,1|1,30|51,2|4,win
match_000327,matchup_0004,27,random,1,/home/thlamz/SushiGo_MARL/random,1,30,2,variable_encoder_2_4,1,53,2,variable_encoder_2_4|fixed_3p,1|1,53|51,2|4,loss
match_000327,matchup_0004,27,fixed_3p,1,/home/thlamz/SushiGo_MARL/results/league/fixed_3p/repetition_1/model.pt,2,51,4,variable_encoder_2_4,1,53,2,variable_encoder_2_4|random,1|1,53|30,2|2,loss
match_000328,matchup_0004,28,fixed_3p,1,/home/thlamz/SushiGo_MARL/results/league/fixed_3p/repetition_1/model.pt,0,45,0,random,1,35,5,random|variable_encoder_2_4,1|1,35|50,5|0,loss
match_000328,matchup_0004,28,random,1,/home/thlamz/SushiGo_MARL/random,1,35,5,fixed_3p,1,45,0,fixed_3p|variable_encoder_2_4,1|1,45|50,0|0,loss
match_000328,matchup_0004,28,variable_encoder_2_4,1,/home/thlamz/SushiGo_MARL/results/league/variable_encoder_2_4/repetition_1/model.pt,2,50,0,fixed_3p,1,45,0,fixed_3p|random,1|1,45|35,0|5,win
match_000329,matchup_0004,29,variable_encoder_2_4,1,/home/thlamz/SushiGo_MARL/results/league/variable_encoder_2_4/repetition_1/model.pt,0,46,0,fixed_3p,1,47,3,fixed_3p|random,1|1,47|28,3|3,loss
match_000329,matchup_0004,29,fixed_3p,1,/home/thlamz/SushiGo_MARL/results/league/fixed_3p/repetition_1/model.pt,1,47,3,variable_encoder_2_4,1,46,0,variable_encoder_2_4|random,1|1,46|28,0|3,win
match_000329,matchup_0004,29,random,1,/home/thlamz/SushiGo_MARL/random,2,28,3,variable_encoder_2_4,1,46,0,variable_encoder_2_4|fixed_3p,1|1,46|47,0|3,loss
match_000330,matchup_0004,30,random,1,/home/thlamz/SushiGo_MARL/random,0,33,5,variable_encoder_2_4,1,56,0,variable_encoder_2_4|fixed_3p,1|1,56|52,0|2,loss
match_000330,matchup_0004,30,variable_encoder_2_4,1,/home/thlamz/SushiGo_MARL/results/league/variable_encoder_2_4/repetition_1/model.pt,1,56,0,random,1,33,5,random|fixed_3p,1|1,33|52,5|2,win
match_000330,matchup_0004,30,fixed_3p,1,/home/thlamz/SushiGo_MARL/results/league/fixed_3p/repetition_1/model.pt,2,52,2,random,1,33,5,random|variable_encoder_2_4,1|1,33|56,5|0,loss
match_000331,matchup_0004,31,variable_encoder_2_4,1,/home/thlamz/SushiGo_MARL/results/league/variable_encoder_2_4/repetition_1/model.pt,0,60,2,random,1,32,0,random|fixed_3p,1|1,32|61,0|2,loss
match_000331,matchup_0004,31,random,1,/home/thlamz/SushiGo_MARL/random,1,32,0,variable_encoder_2_4,1,60,2,variable_encoder_2_4|fixed_3p,1|1,60|61,2|2,loss
match_000331,matchup_0004,31,fixed_3p,1,/home/thlamz/SushiGo_MARL/results/league/fixed_3p/repetition_1/model.pt,2,61,2,variable_encoder_2_4,1,60,2,variable_encoder_2_4|random,1|1,60|32,2|0,win
match_000332,matchup_0004,32,fixed_3p,1,/home/thlamz/SushiGo_MARL/results/league/fixed_3p/repetition_1/model.pt,0,53,6,variable_encoder_2_4,1,43,1,variable_encoder_2_4|random,1|1,43|28,1|2,win
match_000332,matchup_0004,32,variable_encoder_2_4,1,/home/thlamz/SushiGo_MARL/results/league/variable_encoder_2_4/repetition_1/model.pt,1,43,1,fixed_3p,1,53,6,fixed_3p|random,1|1,53|28,6|2,loss
match_000332,matchup_0004,32,random,1,/home/thlamz/SushiGo_MARL/random,2,28,2,fixed_3p,1,53,6,fixed_3p|variable_encoder_2_4,1|1,53|43,6|1,loss
match_000333,matchup_0004,33,fixed_3p,1,/home/thlamz/SushiGo_MARL/results/league/fixed_3p/repetition_1/model.pt,0,58,3,variable_encoder_2_4,1,38,3,variable_encoder_2_4|random,1|1,38|21,3|1,win
match_000333,matchup_0004,33,variable_encoder_2_4,1,/home/thlamz/SushiGo_MARL/results/league/variable_encoder_2_4/repetition_1/model.pt,1,38,3,fixed_3p,1,58,3,fixed_3p|random,1|1,58|21,3|1,loss
match_000333,matchup_0004,33,random,1,/home/thlamz/SushiGo_MARL/random,2,21,1,fixed_3p,1,58,3,fixed_3p|variable_encoder_2_4,1|1,58|38,3|3,loss
match_000334,matchup_0004,34,random,1,/home/thlamz/SushiGo_MARL/random,0,23,1,variable_encoder_2_4,1,61,4,variable_encoder_2_4|fixed_3p,1|1,61|45,4|5,loss
match_000334,matchup_0004,34,variable_encoder_2_4,1,/home/thlamz/SushiGo_MARL/results/league/variable_encoder_2_4/repetition_1/model.pt,1,61,4,random,1,23,1,random|fixed_3p,1|1,23|45,1|5,win
match_000334,matchup_0004,34,fixed_3p,1,/home/thlamz/SushiGo_MARL/results/league/fixed_3p/repetition_1/model.pt,2,45,5,random,1,23,1,random|variable_encoder_2_4,1|1,23|61,1|4,loss
match_000335,matchup_0004,35,random,1,/home/thlamz/SushiGo_MARL/random,0,22,1,fixed_3p,1,54,4,fixed_3p|variable_encoder_2_4,1|1,54|54,4|3,loss
match_000335,matchup_0004,35,fixed_3p,1,/home/thlamz/SushiGo_MARL/results/league/fixed_3p/repetition_1/model.pt,1,54,4,random,1,22,1,random|variable_encoder_2_4,1|1,22|54,1|3,win
match_000335,matchup_0004,35,variable_encoder_2_4,1,/home/thlamz/SushiGo_MARL/results/league/variable_encoder_2_4/repetition_1/model.pt,2,54,3,random,1,22,1,random|fixed_3p,1|1,22|54,1|4,loss
match_000336,matchup_0004,36,random,1,/home/thlamz/SushiGo_MARL/random,0,25,2,fixed_3p,1,54,3,fixed_3p|variable_encoder_2_4,1|1,54|57,3|4,loss
match_000336,matchup_0004,36,fixed_3p,1,/home/thlamz/SushiGo_MARL/results/league/fixed_3p/repetition_1/model.pt,1,54,3,random,1,25,2,random|variable_encoder_2_4,1|1,25|57,2|4,loss
match_000336,matchup_0004,36,variable_encoder_2_4,1,/home/thlamz/SushiGo_MARL/results/league/variable_encoder_2_4/repetition_1/model.pt,2,57,4,random,1,25,2,random|fixed_3p,1|1,25|54,2|3,win
match_000337,matchup_0004,37,variable_encoder_2_4,1,/home/thlamz/SushiGo_MARL/results/league/variable_encoder_2_4/repetition_1/model.pt,0,51,4,fixed_3p,1,49,3,fixed_3p|random,1|1,49|24,3|1,win
match_000337,matchup_0004,37,fixed_3p,1,/home/thlamz/SushiGo_MARL/results/league/fixed_3p/repetition_1/model.pt,1,49,3,variable_encoder_2_4,1,51,4,variable_encoder_2_4|random,1|1,51|24,4|1,loss
match_000337,matchup_0004,37,random,1,/home/thlamz/SushiGo_MARL/random,2,24,1,variable_encoder_2_4,1,51,4,variable_encoder_2_4|fixed_3p,1|1,51|49,4|3,loss
match_000338,matchup_0004,38,variable_encoder_2_4,1,/home/thlamz/SushiGo_MARL/results/league/variable_encoder_2_4/repetition_1/model.pt,0,53,0,random,1,26,4,random|fixed_3p,1|1,26|54,4|5,loss
match_000338,matchup_0004,38,random,1,/home/thlamz/SushiGo_MARL/random,1,26,4,variable_encoder_2_4,1,53,0,variable_encoder_2_4|fixed_3p,1|1,53|54,0|5,loss
match_000338,matchup_0004,38,fixed_3p,1,/home/thlamz/SushiGo_MARL/results/league/fixed_3p/repetition_1/model.pt,2,54,5,variable_encoder_2_4,1,53,0,variable_encoder_2_4|random,1|1,53|26,0|4,win
match_000339,matchup_0004,39,random,1,/home/thlamz/SushiGo_MARL/random,0,26,3,fixed_3p,1,52,3,fixed_3p|variable_encoder_2_4,1|1,52|47,3|0,loss
match_000339,matchup_0004,39,fixed_3p,1,/home/thlamz/SushiGo_MARL/results/league/fixed_3p/repetition_1/model.pt,1,52,3,random,1,26,3,random|variable_encoder_2_4,1|1,26|47,3|0,win
match_000339,matchup_0004,39,variable_encoder_2_4,1,/home/thlamz/SushiGo_MARL/results/league/variable_encoder_2_4/repetition_1/model.pt,2,47,0,random,1,26,3,random|fixed_3p,1|1,26|52,3|3,loss
match_000340,matchup_0004,40,fixed_3p,1,/home/thlamz/SushiGo_MARL/results/league/fixed_3p/repetition_1/model.pt,0,50,4,variable_encoder_2_4,1,38,4,variable_encoder_2_4|random,1|1,38|28,4|2,win
match_000340,matchup_0004,40,variable_encoder_2_4,1,/home/thlamz/SushiGo_MARL/results/league/variable_encoder_2_4/repetition_1/model.pt,1,38,4,fixed_3p,1,50,4,fixed_3p|random,1|1,50|28,4|2,loss
match_000340,matchup_0004,40,random,1,/home/thlamz/SushiGo_MARL/random,2,28,2,fixed_3p,1,50,4,fixed_3p|variable_encoder_2_4,1|1,50|38,4|4,loss
match_000341,matchup_0004,41,fixed_3p,1,/home/thlamz/SushiGo_MARL/results/league/fixed_3p/repetition_1/model.pt,0,54,4,random,1,29,3,random|variable_encoder_2_4,1|1,29|38,3|2,win
match_000341,matchup_0004,41,random,1,/home/thlamz/SushiGo_MARL/random,1,29,3,fixed_3p,1,54,4,fixed_3p|variable_encoder_2_4,1|1,54|38,4|2,loss
match_000341,matchup_0004,41,variable_encoder_2_4,1,/home/thlamz/SushiGo_MARL/results/league/variable_encoder_2_4/repetition_1/model.pt,2,38,2,fixed_3p,1,54,4,fixed_3p|random,1|1,54|29,4|3,loss
match_000342,matchup_0004,42,variable_encoder_2_4,1,/home/thlamz/SushiGo_MARL/results/league/variable_encoder_2_4/repetition_1/model.pt,0,47,2,random,1,31,3,random|fixed_3p,1|1,31|51,3|4,loss
match_000342,matchup_0004,42,random,1,/home/thlamz/SushiGo_MARL/random,1,31,3,variable_encoder_2_4,1,47,2,variable_encoder_2_4|fixed_3p,1|1,47|51,2|4,loss
match_000342,matchup_0004,42,fixed_3p,1,/home/thlamz/SushiGo_MARL/results/league/fixed_3p/repetition_1/model.pt,2,51,4,variable_encoder_2_4,1,47,2,variable_encoder_2_4|random,1|1,47|31,2|3,win
match_000343,matchup_0004,43,fixed_3p,1,/home/thlamz/SushiGo_MARL/results/league/fixed_3p/repetition_1/model.pt,0,52,3,random,1,31,2,random|variable_encoder_2_4,1|1,31|57,2|3,loss
match_000343,matchup_0004,43,random,1,/home/thlamz/SushiGo_MARL/random,1,31,2,fixed_3p,1,52,3,fixed_3p|variable_encoder_2_4,1|1,52|57,3|3,loss
match_000343,matchup_0004,43,variable_encoder_2_4,1,/home/thlamz/SushiGo_MARL/results/league/variable_encoder_2_4/repetition_1/model.pt,2,57,3,fixed_3p,1,52,3,fixed_3p|random,1|1,52|31,3|2,win
match_000344,matchup_0004,44,random,1,/home/thlamz/SushiGo_MARL/random,0,26,2,variable_encoder_2_4,1,53,2,variable_encoder_2_4|fixed_3p,1|1,53|49,2|6,loss
match_000344,matchup_0004,44,variable_encoder_2_4,1,/home/thlamz/SushiGo_MARL/results/league/variable_encoder_2_4/repetition_1/model.pt,1,53,2,random,1,26,2,random|fixed_3p,1|1,26|49,2|6,win
match_000344,matchup_0004,44,fixed_3p,1,/home/thlamz/SushiGo_MARL/results/league/fixed_3p/repetition_1/model.pt,2,49,6,random,1,26,2,random|variable_encoder_2_4,1|1,26|53,2|2,loss
match_000345,matchup_0004,45,random,1,/home/thlamz/SushiGo_MARL/random,0,26,2,fixed_3p,1,56,4,fixed_3p|variable_encoder_2_4,1|1,56|56,4|0,loss
match_000345,matchup_0004,45,fixed_3p,1,/home/thlamz/SushiGo_MARL/results/league/fixed_3p/repetition_1/model.pt,1,56,4,random,1,26,2,random|variable_encoder_2_4,1|1,26|56,2|0,win
match_000345,matchup_0004,45,variable_encoder_2_4,1,/home/thlamz/SushiGo_MARL/results/league/variable_encoder_2_4/repetition_1/model.pt,2,56,0,random,1,26,2,random|fixed_3p,1|1,26|56,2|4,loss
match_000346,matchup_0004,46,fixed_3p,1,/home/thlamz/SushiGo_MARL/results/league/fixed_3p/repetition_1/model.pt,0,47,3,random,1,32,1,random|variable_encoder_2_4,1|1,32|53,1|4,loss
match_000346,matchup_0004,46,random,1,/home/thlamz/SushiGo_MARL/random,1,32,1,fixed_3p,1,47,3,fixed_3p|variable_encoder_2_4,1|1,47|53,3|4,loss
match_000346,matchup_0004,46,variable_encoder_2_4,1,/home/thlamz/SushiGo_MARL/results/league/variable_encoder_2_4/repetition_1/model.pt,2,53,4,fixed_3p,1,47,3,fixed_3p|random,1|1,47|32,3|1,win
match_000347,matchup_0004,47,variable_encoder_2_4,1,/home/thlamz/SushiGo_MARL/results/league/variable_encoder_2_4/repetition_1/model.pt,0,56,1,fixed_3p,1,55,0,fixed_3p|random,1|1,55|19,0|5,win
match_000347,matchup_0004,47,fixed_3p,1,/home/thlamz/SushiGo_MARL/results/league/fixed_3p/repetition_1/model.pt,1,55,0,variable_encoder_2_4,1,56,1,variable_encoder_2_4|random,1|1,56|19,1|5,loss
match_000347,matchup_0004,47,random,1,/home/thlamz/SushiGo_MARL/random,2,19,5,variable_encoder_2_4,1,56,1,variable_encoder_2_4|fixed_3p,1|1,56|55,1|0,loss
match_000348,matchup_0004,48,random,1,/home/thlamz/SushiGo_MARL/random,0,24,1,fixed_3p,1,56,4,fixed_3p|variable_encoder_2_4,1|1,56|42,4|4,loss
match_000348,matchup_0004,48,fixed_3p,1,/home/thlamz/SushiGo_MARL/results/league/fixed_3p/repetition_1/model.pt,1,56,4,random,1,24,1,random|variable_encoder_2_4,1|1,24|42,1|4,win
match_000348,matchup_0004,48,variable_encoder_2_4,1,/home/thlamz/SushiGo_MARL/results/league/variable_encoder_2_4/repetition_1/model.pt,2,42,4,random,1,24,1,random|fixed_3p,1|1,24|56,1|4,loss
match_000349,matchup_0004,49,fixed_3p,1,/home/thlamz/SushiGo_MARL/results/league/fixed_3p/repetition_1/model.pt,0,49,3,variable_encoder_2_4,1,58,3,variable_encoder_2_4|random,1|1,58|19,3|1,loss
match_000349,matchup_0004,49,variable_encoder_2_4,1,/home/thlamz/SushiGo_MARL/results/league/variable_encoder_2_4/repetition_1/model.pt,1,58,3,fixed_3p,1,49,3,fixed_3p|random,1|1,49|19,3|1,win
match_000349,matchup_0004,49,random,1,/home/thlamz/SushiGo_MARL/random,2,19,1,fixed_3p,1,49,3,fixed_3p|variable_encoder_2_4,1|1,49|58,3|3,loss
match_000350,matchup_0004,50,fixed_3p,1,/home/thlamz/SushiGo_MARL/results/league/fixed_3p/repetition_1/model.pt,0,44,4,random,1,32,2,random|variable_encoder_2_4,1|1,32|53,2|1,loss
match_000350,matchup_0004,50,random,1,/home/thlamz/SushiGo_MARL/random,1,32,2,fixed_3p,1,44,4,fixed_3p|variable_encoder_2_4,1|1,44|53,4|1,loss
match_000350,matchup_0004,50,variable_encoder_2_4,1,/home/thlamz/SushiGo_MARL/results/league/variable_encoder_2_4/repetition_1/model.pt,2,53,1,fixed_3p,1,44,4,fixed_3p|random,1|1,44|32,4|2,win
match_000351,matchup_0004,51,random,1,/home/thlamz/SushiGo_MARL/random,0,34,4,variable_encoder_2_4,1,46,1,variable_encoder_2_4|fixed_3p,1|1,46|51,1|4,loss
match_000351,matchup_0004,51,variable_encoder_2_4,1,/home/thlamz/SushiGo_MARL/results/league/variable_encoder_2_4/repetition_1/model.pt,1,46,1,random,1,34,4,random|fixed_3p,1|1,34|51,4|4,loss
match_000351,matchup_0004,51,fixed_3p,1,/home/thlamz/SushiGo_MARL/results/league/fixed_3p/repetition_1/model.pt,2,51,4,random,1,34,4,random|variable_encoder_2_4,1|1,34|46,4|1,win
match_000352,matchup_0004,52,variable_encoder_2_4,1,/home/thlamz/SushiGo_MARL/results/league/variable_encoder_2_4/repetition_1/model.pt,0,48,4,fixed_3p,1,55,3,fixed_3p|random,1|1,55|20,3|1,loss
match_000352,matchup_0004,52,fixed_3p,1,/home/thlamz/SushiGo_MARL/results/league/fixed_3p/repetition_1/model.pt,1,55,3,variable_encoder_2_4,1,48,4,variable_encoder_2_4|random,1|1,48|20,4|1,win
match_000352,matchup_0004,52,random,1,/home/thlamz/SushiGo_MARL/random,2,20,1,variable_encoder_2_4,1,48,4,variable_encoder_2_4|fixed_3p,1|1,48|55,4|3,loss
match_000353,matchup_0004,53,random,1,/home/thlamz/SushiGo_MARL/random,0,30,0,fixed_3p,1,57,2,fixed_3p|variable_encoder_2_4,1|1,57|52,2|2,loss
match_000353,matchup_0004,53,fixed_3p,1,/home/thlamz/SushiGo_MARL/results/league/fixed_3p/repetition_1/model.pt,1,57,2,random,1,30,0,random|variable_encoder_2_4,1|1,30|52,0|2,win
match_000353,matchup_0004,53,variable_encoder_2_4,1,/home/thlamz/SushiGo_MARL/results/league/variable_encoder_2_4/repetition_1/model.pt,2,52,2,random,1,30,0,random|fixed_3p,1|1,30|57,0|2,loss
match_000354,matchup_0004,54,fixed_3p,1,/home/thlamz/SushiGo_MARL/results/league/fixed_3p/repetition_1/model.pt,0,57,3,variable_encoder_2_4,1,53,3,variable_encoder_2_4|random,1|1,53|21,3|2,win
match_000354,matchup_0004,54,variable_encoder_2_4,1,/home/thlamz/SushiGo_MARL/results/league/variable_encoder_2_4/repetition_1/model.pt,1,53,3,fixed_3p,1,57,3,fixed_3p|random,1|1,57|21,3|2,loss
match_000354,matchup_0004,54,random,1,/home/thlamz/SushiGo_MARL/random,2,21,2,fixed_3p,1,57,3,fixed_3p|variable_encoder_2_4,1|1,57|53,3|3,loss
match_000355,matchup_0004,55,variable_encoder_2_4,1,/home/thlamz/SushiGo_MARL/results/league/variable_encoder_2_4/repetition_1/model.pt,0,48,5,fixed_3p,1,47,0,fixed_3p|random,1|1,47|16,0|2,win
match_000355,matchup_0004,55,fixed_3p,1,/home/thlamz/SushiGo_MARL/results/league/fixed_3p/repetition_1/model.pt,1,47,0,variable_encoder_2_4,1,48,5,variable_encoder_2_4|random,1|1,48|16,5|2,loss
match_000355,matchup_0004,55,random,1,/home/thlamz/SushiGo_MARL/random,2,16,2,variable_encoder_2_4,1,48,5,variable_encoder_2_4|fixed_3p,1|1,48|47,5|0,loss
match_000356,matchup_0004,56,variable_encoder_2_4,1,/home/thlamz/SushiGo_MARL/results/league/variable_encoder_2_4/repetition_1/model.pt,0,52,5,fixed_3p,1,41,2,fixed_3p|random,1|1,41|23,2|2,win
match_000356,matchup_0004,56,fixed_3p,1,/home/thlamz/SushiGo_MARL/results/league/fixed_3p/repetition_1/model.pt,1,41,2,variable_encoder_2_4,1,52,5,variable_encoder_2_4|random,1|1,52|23,5|2,loss
match_000356,matchup_0004,56,random,1,/home/thlamz/SushiGo_MARL/random,2,23,2,variable_encoder_2_4,1,52,5,variable_encoder_2_4|fixed_3p,1|1,52|41,5|2,loss
match_000357,matchup_0004,57,fixed_3p,1,/home/thlamz/SushiGo_MARL/results/league/fixed_3p/repetition_1/model.pt,0,46,0,variable_encoder_2_4,1,57,3,variable_encoder_2_4|random,1|1,57|27,3|1,loss
match_000357,matchup_0004,57,variable_encoder_2_4,1,/home/thlamz/SushiGo_MARL/results/league/variable_encoder_2_4/repetition_1/model.pt,1,57,3,fixed_3p,1,46,0,fixed_3p|random,1|1,46|27,0|1,win
match_000357,matchup_0004,57,random,1,/home/thlamz/SushiGo_MARL/random,2,27,1,fixed_3p,1,46,0,fixed_3p|variable_encoder_2_4,1|1,46|57,0|3,loss
match_000358,matchup_0004,58,random,1,/home/thlamz/SushiGo_MARL/random,0,23,1,fixed_3p,1,57,4,fixed_3p|variable_encoder_2_4,1|1,57|60,4|2,loss
match_000358,matchup_0004,58,fixed_3p,1,/home/thlamz/SushiGo_MARL/results/league/fixed_3p/repetition_1/model.pt,1,57,4,random,1,23,1,random|variable_encoder_2_4,1|1,23|60,1|2,loss
match_000358,matchup_0004,58,variable_encoder_2_4,1,/home/thlamz/SushiGo_MARL/results/league/variable_encoder_2_4/repetition_1/model.pt,2,60,2,random,1,23,1,random|fixed_3p,1|1,23|57,1|4,win
match_000359,matchup_0004,59,variable_encoder_2_4,1,/home/thlamz/SushiGo_MARL/results/league/variable_encoder_2_4/repetition_1/model.pt,0,55,3,fixed_3p,1,54,3,fixed_3p|random,1|1,54|21,3|1,win
match_000359,matchup_0004,59,fixed_3p,1,/home/thlamz/SushiGo_MARL/results/league/fixed_3p/repetition_1/model.pt,1,54,3,variable_encoder_2_4,1,55,3,variable_encoder_2_4|random,1|1,55|21,3|1,loss
match_000359,matchup_0004,59,random,1,/home/thlamz/SushiGo_MARL/random,2,21,1,variable_encoder_2_4,1,55,3,variable_encoder_2_4|fixed_3p,1|1,55|54,3|3,loss
match_000360,matchup_0004,60,fixed_3p,1,/home/thlamz/SushiGo_MARL/results/league/fixed_3p/repetition_1/model.pt,0,54,3,variable_encoder_2_4,1,56,3,variable_encoder_2_4|random,1|1,56|23,3|1,loss
match_000360,matchup_0004,60,variable_encoder_2_4,1,/home/thlamz/SushiGo_MARL/results/league/variable_encoder_2_4/repetition_1/model.pt,1,56,3,fixed_3p,1,54,3,fixed_3p|random,1|1,54|23,3|1,win
match_000360,matchup_0004,60,random,1,/home/thlamz/SushiGo_MARL/random,2,23,1,fixed_3p,1,54,3,fixed_3p|variable_encoder_2_4,1|1,54|56,3|3,loss
match_000361,matchup_0004,61,variable_encoder_2_4,1,/home/thlamz/SushiGo_MARL/results/league/variable_encoder_2_4/repetition_1/model.pt,0,52,1,fixed_3p,1,40,0,fixed_3p|random,1|1,40|25,0|6,win
match_000361,matchup_0004,61,fixed_3p,1,/home/thlamz/SushiGo_MARL/results/league/fixed_3p/repetition_1/model.pt,1,40,0,variable_encoder_2_4,1,52,1,variable_encoder_2_4|random,1|1,52|25,1|6,loss
match_000361,matchup_0004,61,random,1,/home/thlamz/SushiGo_MARL/random,2,25,6,variable_encoder_2_4,1,52,1,variable_encoder_2_4|fixed_3p,1|1,52|40,1|0,loss
match_000362,matchup_0004,62,fixed_3p,1,/home/thlamz/SushiGo_MARL/results/league/fixed_3p/repetition_1/model.pt,0,52,5,random,1,36,3,random|variable_encoder_2_4,1|1,36|45,3|1,win
match_000362,matchup_0004,62,random,1,/home/thlamz/SushiGo_MARL/random,1,36,3,fixed_3p,1,52,5,fixed_3p|variable_encoder_2_4,1|1,52|45,5|1,loss
match_000362,matchup_0004,62,variable_encoder_2_4,1,/home/thlamz/SushiGo_MARL/results/league/variable_encoder_2_4/repetition_1/model.pt,2,45,1,fixed_3p,1,52,5,fixed_3p|random,1|1,52|36,5|3,loss
match_000363,matchup_0004,63,variable_encoder_2_4,1,/home/thlamz/SushiGo_MARL/results/league/variable_encoder_2_4/repetition_1/model.pt,0,52,2,fixed_3p,1,55,2,fixed_3p|random,1|1,55|27,2|1,loss
match_000363,matchup_0004,63,fixed_3p,1,/home/thlamz/SushiGo_MARL/results/league/fixed_3p/repetition_1/model.pt,1,55,2,variable_encoder_2_4,1,52,2,variable_encoder_2_4|random,1|1,52|27,2|1,win
match_000363,matchup_0004,63,random,1,/home/thlamz/SushiGo_MARL/random,2,27,1,variable_encoder_2_4,1,52,2,variable_encoder_2_4|fixed_3p,1|1,52|55,2|2,loss
match_000364,matchup_0004,64,variable_encoder_2_4,1,/home/thlamz/SushiGo_MARL/results/league/variable_encoder_2_4/repetition_1/model.pt,0,48,2,fixed_3p,1,55,3,fixed_3p|random,1|1,55|41,3|0,loss
match_000364,matchup_0004,64,fixed_3p,1,/home/thlamz/SushiGo_MARL/results/league/fixed_3p/repetition_1/model.pt,1,55,3,variable_encoder_2_4,1,48,2,variable_encoder_2_4|random,1|1,48|41,2|0,win
match_000364,matchup_0004,64,random,1,/home/thlamz/SushiGo_MARL/random,2,41,0,variable_encoder_2_4,1,48,2,variable_encoder_2_4|fixed_3p,1|1,48|55,2|3,loss
match_000365,matchup_0004,65,fixed_3p,1,/home/thlamz/SushiGo_MARL/results/league/fixed_3p/repetition_1/model.pt,0,51,3,variable_encoder_2_4,1,39,0,variable_encoder_2_4|random,1|1,39|36,0|4,win
match_000365,matchup_0004,65,variable_encoder_2_4,1,/home/thlamz/SushiGo_MARL/results/league/variable_encoder_2_4/repetition_1/model.pt,1,39,0,fixed_3p,1,51,3,fixed_3p|random,1|1,51|36,3|4,loss
match_000365,matchup_0004,65,random,1,/home/thlamz/SushiGo_MARL/random,2,36,4,fixed_3p,1,51,3,fixed_3p|variable_encoder_2_4,1|1,51|39,3|0,loss
match_000366,matchup_0004,66,random,1,/home/thlamz/SushiGo_MARL/random,0,15,2,variable_encoder_2_4,1,48,2,variable_encoder_2_4|fixed_3p,1|1,48|55,2|3,loss
match_000366,matchup_0004,66,variable_encoder_2_4,1,/home/thlamz/SushiGo_MARL/results/league/variable_encoder_2_4/repetition_1/model.pt,1,48,2,random,1,15,2,random|fixed_3p,1|1,15|55,2|3,loss
match_000366,matchup_0004,66,fixed_3p,1,/home/thlamz/SushiGo_MARL/results/league/fixed_3p/repetition_1/model.pt,2,55,3,random,1,15,2,random|variable_encoder_2_4,1|1,15|48,2|2,win
match_000367,matchup_0004,67,random,1,/home/thlamz/SushiGo_MARL/random,0,28,4,fixed_3p,1,59,4,fixed_3p|variable_encoder_2_4,1|1,59|41,4|0,loss
match_000367,matchup_0004,67,fixed_3p,1,/home/thlamz/SushiGo_MARL/results/league/fixed_3p/repetition_1/model.pt,1,59,4,random,1,28,4,random|variable_encoder_2_4,1|1,28|41,4|0,win
match_000367,matchup_0004,67,variable_encoder_2_4,1,/home/thlamz/SushiGo_MARL/results/league/variable_encoder_2_4/repetition_1/model.pt,2,41,0,random,1,28,4,random|fixed_3p,1|1,28|59,4|4,loss
match_000368,matchup_0004,68,random,1,/home/thlamz/SushiGo_MARL/random,0,25,2,variable_encoder_2_4,1,60,3,variable_encoder_2_4|fixed_3p,1|1,60|71,3|3,loss
match_000368,matchup_0004,68,variable_encoder_2_4,1,/home/thlamz/SushiGo_MARL/results/league/variable_encoder_2_4/repetition_1/model.pt,1,60,3,random,1,25,2,random|fixed_3p,1|1,25|71,2|3,loss
match_000368,matchup_0004,68,fixed_3p,1,/home/thlamz/SushiGo_MARL/results/league/fixed_3p/repetition_1/model.pt,2,71,3,random,1,25,2,random|variable_encoder_2_4,1|1,25|60,2|3,win
match_000369,matchup_0004,69,variable_encoder_2_4,1,/home/thlamz/SushiGo_MARL/results/league/variable_encoder_2_4/repetition_1/model.pt,0,42,4,fixed_3p,1,56,4,fixed_3p|random,1|1,56|21,4|1,loss
match_000369,matchup_0004,69,fixed_3p,1,/home/thlamz/SushiGo_MARL/results/league/fixed_3p/repetition_1/model.pt,1,56,4,variable_encoder_2_4,1,42,4,variable_encoder_2_4|random,1|1,42|21,4|1,win
match_000369,matchup_0004,69,random,1,/home/thlamz/SushiGo_MARL/random,2,21,1,variable_encoder_2_4,1,42,4,variable_encoder_2_4|fixed_3p,1|1,42|56,4|4,loss
match_000370,matchup_0004,70,fixed_3p,1,/home/thlamz/SushiGo_MARL/results/league/fixed_3p/repetition_1/model.pt,0,47,3,random,1,20,1,random|variable_encoder_2_4,1|1,20|56,1|4,loss
match_000370,matchup_0004,70,random,1,/home/thlamz/SushiGo_MARL/random,1,20,1,fixed_3p,1,47,3,fixed_3p|variable_encoder_2_4,1|1,47|56,3|4,loss
match_000370,matchup_0004,70,variable_encoder_2_4,1,/home/thlamz/SushiGo_MARL/results/league/variable_encoder_2_4/repetition_1/model.pt,2,56,4,fixed_3p,1,47,3,fixed_3p|random,1|1,47|20,3|1,win
match_000371,matchup_0004,71,variable_encoder_2_4,1,/home/thlamz/SushiGo_MARL/results/league/variable_encoder_2_4/repetition_1/model.pt,0,52,2,random,1,24,4,random|fixed_3p,1|1,24|54,4|1,loss
match_000371,matchup_0004,71,random,1,/home/thlamz/SushiGo_MARL/random,1,24,4,variable_encoder_2_4,1,52,2,variable_encoder_2_4|fixed_3p,1|1,52|54,2|1,loss
match_000371,matchup_0004,71,fixed_3p,1,/home/thlamz/SushiGo_MARL/results/league/fixed_3p/repetition_1/model.pt,2,54,1,variable_encoder_2_4,1,52,2,variable_encoder_2_4|random,1|1,52|24,2|4,win
match_000372,matchup_0004,72,random,1,/home/thlamz/SushiGo_MARL/random,0,27,2,variable_encoder_2_4,1,53,3,variable_encoder_2_4|fixed_3p,1|1,53|54,3|3,loss
match_000372,matchup_0004,72,variable_encoder_2_4,1,/home/thlamz/SushiGo_MARL/results/league/variable_encoder_2_4/repetition_1/model.pt,1,53,3,random,1,27,2,random|fixed_3p,1|1,27|54,2|3,loss
match_000372,matchup_0004,72,fixed_3p,1,/home/thlamz/SushiGo_MARL/results/league/fixed_3p/repetition_1/model.pt,2,54,3,random,1,27,2,random|variable_encoder_2_4,1|1,27|53,2|3,win
match_000373,matchup_0004,73,fixed_3p,1,/home/thlamz/SushiGo_MARL/results/league/fixed_3p/repetition_1/model.pt,0,52,4,random,1,18,2,random|variable_encoder_2_4,1|1,18|60,2|3,loss
match_000373,matchup_0004,73,random,1,/home/thlamz/SushiGo_MARL/random,1,18,2,fixed_3p,1,52,4,fixed_3p|variable_encoder_2_4,1|1,52|60,4|3,loss
match_000373,matchup_0004,73,variable_encoder_2_4,1,/home/thlamz/SushiGo_MARL/results/league/variable_encoder_2_4/repetition_1/model.pt,2,60,3,fixed_3p,1,52,4,fixed_3p|random,1|1,52|18,4|2,win
match_000374,matchup_0004,74,variable_encoder_2_4,1,/home/thlamz/SushiGo_MARL/results/league/variable_encoder_2_4/repetition_1/model.pt,0,53,1,random,1,32,2,random|fixed_3p,1|1,32|61,2|4,loss
match_000374,matchup_0004,74,random,1,/home/thlamz/SushiGo_MARL/random,1,32,2,variable_encoder_2_4,1,53,1,variable_encoder_2_4|fixed_3p,1|1,53|61,1|4,loss
match_000374,matchup_0004,74,fixed_3p,1,/home/thlamz/SushiGo_MARL/results/league/fixed_3p/repetition_1/model.pt,2,61,4,variable_encoder_2_4,1,53,1,variable_encoder_2_4|random,1|1,53|32,1|2,win
match_000375,matchup_0004,75,random,1,/home/thlamz/SushiGo_MARL/random,0,27,2,variable_encoder_2_4,1,39,4,variable_encoder_2_4|fixed_3p,1|1,39|51,4|4,loss
match_000375,matchup_0004,75,variable_encoder_2_4,1,/home/thlamz/SushiGo_MARL/results/league/variable_encoder_2_4/repetition_1/model.pt,1,39,4,random,1,27,2,random|fixed_3p,1|1,27|51,2|4,loss
match_000375,matchup_0004,75,fixed_3p,1,/home/thlamz/SushiGo_MARL/results/league/fixed_3p/repetition_1/model.pt,2,51,4,random,1,27,2,random|variable_encoder_2_4,1|1,27|39,2|4,win
match_000376,matchup_0004,76,variable_encoder_2_4,1,/home/thlamz/SushiGo_MARL/results/league/variable_encoder_2_4/repetition_1/model.pt,0,41,4,random,1,23,1,random|fixed_3p,1|1,23|43,1|3,loss
match_000376,matchup_0004,76,random,1,/home/thlamz/SushiGo_MARL/random,1,23,1,variable_encoder_2_4,1,41,4,variable_encoder_2_4|fixed_3p,1|1,41|43,4|3,loss
match_000376,matchup_0004,76,fixed_3p,1,/home/thlamz/SushiGo_MARL/results/league/fixed_3p/repetition_1/model.pt,2,43,3,variable_encoder_2_4,1,41,4,variable_encoder_2_4|random,1|1,41|23,4|1,win
match_000377,matchup_0004,77,random,1,/home/thlamz/SushiGo_MARL/random,0,24,2,fixed_3p,1,53,4,fixed_3p|variable_encoder_2_4,1|1,53|45,4|3,loss
match_000377,matchup_0004,77,fixed_3p,1,/home/thlamz/SushiGo_MARL/results/league/fixed_3p/repetition_1/model.pt,1,53,4,random,1,24,2,random|variable_encoder_2_4,1|1,24|45,2|3,win
match_000377,matchup_0004,77,variable_encoder_2_4,1,/home/thlamz/SushiGo_MARL/results/league/variable_encoder_2_4/repetition_1/model.pt,2,45,3,random,1,24,2,random|fixed_3p,1|1,24|53,2|4,loss
match_000378,matchup_0004,78,variable_encoder_2_4,1,/home/thlamz/SushiGo_MARL/results/league/variable_encoder_2_4/repetition_1/model.pt,0,57,3,fixed_3p,1,45,3,fixed_3p|random,1|1,45|18,3|0,win
match_000378,matchup_0004,78,fixed_3p,1,/home/thlamz/SushiGo_MARL/results/league/fixed_3p/repetition_1/model.pt,1,45,3,variable_encoder_2_4,1,57,3,variable_encoder_2_4|random,1|1,57|18,3|0,loss
match_000378,matchup_0004,78,random,1,/home/thlamz/SushiGo_MARL/random,2,18,0,variable_encoder_2_4,1,57,3,variable_encoder_2_4|fixed_3p,1|1,57|45,3|3,loss
match_000379,matchup_0004,79,variable_encoder_2_4,1,/home/thlamz/SushiGo_MARL/results/league/variable_encoder_2_4/repetition_1/model.pt,0,45,3,random,1,27,1,random|fixed_3p,1|1,27|43,1|4,win
match_000379,matchup_0004,79,random,1,/home/thlamz/SushiGo_MARL/random,1,27,1,variable_encoder_2_4,1,45,3,variable_encoder_2_4|fixed_3p,1|1,45|43,3|4,loss
match_000379,matchup_0004,79,fixed_3p,1,/home/thlamz/SushiGo_MARL/results/league/fixed_3p/repetition_1/model.pt,2,43,4,variable_encoder_2_4,1,45,3,variable_encoder_2_4|random,1|1,45|27,3|1,loss
match_000380,matchup_0004,80,fixed_3p,1,/home/thlamz/SushiGo_MARL/results/league/fixed_3p/repetition_1/model.pt,0,44,1,random,1,25,3,random|variable_encoder_2_4,1|1,25|50,3|5,loss
match_000380,matchup_0004,80,random,1,/home/thlamz/SushiGo_MARL/random,1,25,3,fixed_3p,1,44,1,fixed_3p|variable_encoder_2_4,1|1,44|50,1|5,loss
match_000380,matchup_0004,80,variable_encoder_2_4,1,/home/thlamz/SushiGo_MARL/results/league/variable_encoder_2_4/repetition_1/model.pt,2,50,5,fixed_3p,1,44,1,fixed_3p|random,1|1,44|25,1|3,win
match_000381,matchup_0004,81,fixed_3p,1,/home/thlamz/SushiGo_MARL/results/league/fixed_3p/repetition_1/model.pt,0,47,4,variable_encoder_2_4,1,45,2,variable_encoder_2_4|random,1|1,45|26,2|3,win
match_000381,matchup_0004,81,variable_encoder_2_4,1,/home/thlamz/SushiGo_MARL/results/league/variable_encoder_2_4/repetition_1/model.pt,1,45,2,fixed_3p,1,47,4,fixed_3p|random,1|1,47|26,4|3,loss
match_000381,matchup_0004,81,random,1,/home/thlamz/SushiGo_MARL/random,2,26,3,fixed_3p,1,47,4,fixed_3p|variable_encoder_2_4,1|1,47|45,4|2,loss
match_000382,matchup_0004,82,fixed_3p,1,/home/thlamz/SushiGo_MARL/results/league/fixed_3p/repetition_1/model.pt,0,60,3,random,1,34,4,random|variable_encoder_2_4,1|1,34|53,4|0,win
match_000382,matchup_0004,82,random,1,/home/thlamz/SushiGo_MARL/random,1,34,4,fixed_3p,1,60,3,fixed_3p|variable_encoder_2_4,1|1,60|53,3|0,loss
match_000382,matchup_0004,82,variable_encoder_2_4,1,/home/thlamz/SushiGo_MARL/results/league/variable_encoder_2_4/repetition_1/model.pt,2,53,0,fixed_3p,1,60,3,fixed_3p|random,1|1,60|34,3|4,loss
match_000383,matchup_0004,83,random,1,/home/thlamz/SushiGo_MARL/random,0,29,1,fixed_3p,1,55,2,fixed_3p|variable_encoder_2_4,1|1,55|54,2|2,loss
match_000383,matchup_0004,83,fixed_3p,1,/home/thlamz/SushiGo_MARL/results/league/fixed_3p/repetition_1/model.pt,1,55,2,random,1,29,1,random|variable_encoder_2_4,1|1,29|54,1|2,win
match_000383,matchup_0004,83,variable_encoder_2_4,1,/home/thlamz/SushiGo_MARL/results/league/variable_encoder_2_4/repetition_1/model.pt,2,54,2,random,1,29,1,random|fixed_3p,1|1,29|55,1|2,loss
match_000384,matchup_0004,84,fixed_3p,1,/home/thlamz/SushiGo_MARL/results/league/fixed_3p/repetition_1/model.pt,0,45,4,random,1,29,2,random|variable_encoder_2_4,1|1,29|66,2|3,loss
match_000384,matchup_0004,84,random,1,/home/thlamz/SushiGo_MARL/random,1,29,2,fixed_3p,1,45,4,fixed_3p|variable_encoder_2_4,1|1,45|66,4|3,loss
match_000384,matchup_0004,84,variable_encoder_2_4,1,/home/thlamz/SushiGo_MARL/results/league/variable_encoder_2_4/repetition_1/model.pt,2,66,3,fixed_3p,1,45,4,fixed_3p|random,1|1,45|29,4|2,win
match_000385,matchup_0004,85,variable_encoder_2_4,1,/home/thlamz/SushiGo_MARL/results/league/variable_encoder_2_4/repetition_1/model.pt,0,48,4,fixed_3p,1,48,5,fixed_3p|random,1|1,48|20,5|0,loss
match_000385,matchup_0004,85,fixed_3p,1,/home/thlamz/SushiGo_MARL/results/league/fixed_3p/repetition_1/model.pt,1,48,5,variable_encoder_2_4,1,48,4,variable_encoder_2_4|random,1|1,48|20,4|0,win
match_000385,matchup_0004,85,random,1,/home/thlamz/SushiGo_MARL/random,2,20,0,variable_encoder_2_4,1,48,4,variable_encoder_2_4|fixed_3p,1|1,48|48,4|5,loss
match_000386,matchup_0004,86,variable_encoder_2_4,1,/home/thlamz/SushiGo_MARL/results/league/variable_encoder_2_4/repetition_1/model.pt,0,59,3,fixed_3p,1,46,3,fixed_3p|random,1|1,46|27,3|1,win
match_000386,matchup_0004,86,fixed_3p,1,/home/thlamz/SushiGo_MARL/results/league/fixed_3p/repetition_1/model.pt,1,46,3,variable_encoder_2_4,1,59,3,variable_encoder_2_4|random,1|1,59|27,3|1,loss
match_000386,matchup_0004,86,random,1,/home/thlamz/SushiGo_MARL/random,2,27,1,variable_encoder_2_4,1,59,3,variable_encoder_2_4|fixed_3p,1|1,59|46,3|3,loss
match_000387,matchup_0004,87,random,1,/home/thlamz/SushiGo_MARL/random,0,37,3,fixed_3p,1,42,0,fixed_3p|variable_encoder_2_4,1|1,42|55,0|4,loss
match_000387,matchup_0004,87,fixed_3p,1,/home/thlamz/SushiGo_MARL/results/league/fixed_3p/repetition_1/model.pt,1,42,0,random,1,37,3,random|variable_encoder_2_4,1|1,37|55,3|4,loss
match_000387,matchup_0004,87,variable_encoder_2_4,1,/home/thlamz/SushiGo_MARL/results/league/variable_encoder_2_4/repetition_1/model.pt,2,55,4,random,1,37,3,random|fixed_3p,1|1,37|42,3|0,win
match_000388,matchup_0004,88,variable_encoder_2_4,1,/home/thlamz/SushiGo_MARL/results/league/variable_encoder_2_4/repetition_1/model.pt,0,50,3,random,1,28,1,random|fixed_3p,1|1,28|50,1|4,loss
match_000388,matchup_0004,88,random,1,/home/thlamz/SushiGo_MARL/random,1,28,1,variable_encoder_2_4,1,50,3,variable_encoder_2_4|fixed_3p,1|1,50|50,3|4,loss
match_000388,matchup_0004,88,fixed_3p,1,/home/thlamz/SushiGo_MARL/results/league/fixed_3p/repetition_1/model.pt,2,50,4,variable_encoder_2_4,1,50,3,variable_encoder_2_4|random,1|1,50|28,3|1,win
match_000389,matchup_0004,89,fixed_3p,1,/home/thlamz/SushiGo_MARL/results/league/fixed_3p/repetition_1/model.pt,0,48,1,random,1,31,2,random|variable_encoder_2_4,1|1,31|58,2|4,loss
match_000389,matchup_0004,89,random,1,/home/thlamz/SushiGo_MARL/random,1,31,2,fixed_3p,1,48,1,fixed_3p|variable_encoder_2_4,1|1,48|58,1|4,loss
match_000389,matchup_0004,89,variable_encoder_2_4,1,/home/thlamz/SushiGo_MARL/results/league/variable_encoder_2_4/repetition_1/model.pt,2,58,4,fixed_3p,1,48,1,fixed_3p|random,1|1,48|31,1|2,win
match_000390,matchup_0004,90,random,1,/home/thlamz/SushiGo_MARL/random,0,20,2,variable_encoder_2_4,1,44,2,variable_encoder_2_4|fixed_3p,1|1,44|51,2|3,loss
match_000390,matchup_0004,90,variable_encoder_2_4,1,/home/thlamz/SushiGo_MARL/results/league/variable_encoder_2_4/repetition_1/model.pt,1,44,2,random,1,20,2,random|fixed_3p,1|1,20|51,2|3,loss
match_000390,matchup_0004,90,fixed_3p,1,/home/thlamz/SushiGo_MARL/results/league/fixed_3p/repetition_1/model.pt,2,51,3,random,1,20,2,random|variable_encoder_2_4,1|1,20|44,2|2,win
match_000391,matchup_0004,91,random,1,/home/thlamz/SushiGo_MARL/random,0,28,1,fixed_3p,1,48,4,fixed_3p|variable_encoder_2_4,1|1,48|44,4|3,loss
match_000391,matchup_0004,91,fixed_3p,1,/home/thlamz/SushiGo_MARL/results/league/fixed_3p/repetition_1/model.pt,1,48,4,random,1,28,1,random|variable_encoder_2_4,1|1,28|44,1|3,win
match_000391,matchup_0004,91,variable_encoder_2_4,1,/home/thlamz/SushiGo_MARL/results/league/variable_encoder_2_4/repetition_1/model.pt,2,44,3,random,1,28,1,random|fixed_3p,1|1,28|48,1|4,loss
match_000392,matchup_0004,92,fixed_3p,1,/home/thlamz/SushiGo_MARL/results/league/fixed_3p/repetition_1/model.pt,0,48,2,random,1,35,3,random|variable_encoder_2_4,1|1,35|52,3|2,loss
match_000392,matchup_0004,92,random,1,/home/thlamz/SushiGo_MARL/random,1,35,3,fixed_3p,1,48,2,fixed_3p|variable_encoder_2_4,1|1,48|52,2|2,loss
match_000392,matchup_0004,92,variable_encoder_2_4,1,/home/thlamz/SushiGo_MARL/results/league/variable_encoder_2_4/repetition_1/model.pt,2,52,2,fixed_3p,1,48,2,fixed_3p|random,1|1,48|35,2|3,win
match_000393,matchup_0004,93,fixed_3p,1,/home/thlamz/SushiGo_MARL/results/league/fixed_3p/repetition_1/model.pt,0,47,3,variable_encoder_2_4,1,40,2,variable_encoder_2_4|random,1|1,40|28,2|2,win
match_000393,matchup_0004,93,variable_encoder_2_4,1,/home/thlamz/SushiGo_MARL/results/league/variable_encoder_2_4/repetition_1/model.pt,1,40,2,fixed_3p,1,47,3,fixed_3p|random,1|1,47|28,3|2,loss
match_000393,matchup_0004,93,random,1,/home/thlamz/SushiGo_MARL/random,2,28,2,fixed_3p,1,47,3,fixed_3p|variable_encoder_2_4,1|1,47|40,3|2,loss
match_000394,matchup_0004,94,fixed_3p,1,/home/thlamz/SushiGo_MARL/results/league/fixed_3p/repetition_1/model.pt,0,46,2,random,1,26,2,random|variable_encoder_2_4,1|1,26|49,2|3,loss
match_000394,matchup_0004,94,random,1,/home/thlamz/SushiGo_MARL/random,1,26,2,fixed_3p,1,46,2,fixed_3p|variable_encoder_2_4,1|1,46|49,2|3,loss
match_000394,matchup_0004,94,variable_encoder_2_4,1,/home/thlamz/SushiGo_MARL/results/league/variable_encoder_2_4/repetition_1/model.pt,2,49,3,fixed_3p,1,46,2,fixed_3p|random,1|1,46|26,2|2,win
match_000395,matchup_0004,95,fixed_3p,1,/home/thlamz/SushiGo_MARL/results/league/fixed_3p/repetition_1/model.pt,0,54,3,random,1,35,2,random|variable_encoder_2_4,1|1,35|54,2|4,loss
match_000395,matchup_0004,95,random,1,/home/thlamz/SushiGo_MARL/random,1,35,2,fixed_3p,1,54,3,fixed_3p|variable_encoder_2_4,1|1,54|54,3|4,loss
match_000395,matchup_0004,95,variable_encoder_2_4,1,/home/thlamz/SushiGo_MARL/results/league/variable_encoder_2_4/repetition_1/model.pt,2,54,4,fixed_3p,1,54,3,fixed_3p|random,1|1,54|35,3|2,win
match_000396,matchup_0004,96,variable_encoder_2_4,1,/home/thlamz/SushiGo_MARL/results/league/variable_encoder_2_4/repetition_1/model.pt,0,49,4,fixed_3p,1,48,4,fixed_3p|random,1|1,48|23,4|0,win
match_000396,matchup_0004,96,fixed_3p,1,/home/thlamz/SushiGo_MARL/results/league/fixed_3p/repetition_1/model.pt,1,48,4,variable_encoder_2_4,1,49,4,variable_encoder_2_4|random,1|1,49|23,4|0,loss
match_000396,matchup_0004,96,random,1,/home/thlamz/SushiGo_MARL/random,2,23,0,variable_encoder_2_4,1,49,4,variable_encoder_2_4|fixed_3p,1|1,49|48,4|4,loss
match_000397,matchup_0004,97,random,1,/home/thlamz/SushiGo_MARL/random,0,25,2,fixed_3p,1,63,4,fixed_3p|variable_encoder_2_4,1|1,63|51,4|3,loss
match_000397,matchup_0004,97,fixed_3p,1,/home/thlamz/SushiGo_MARL/results/league/fixed_3p/repetition_1/model.pt,1,63,4,random,1,25,2,random|variable_encoder_2_4,1|1,25|51,2|3,win
match_000397,matchup_0004,97,variable_encoder_2_4,1,/home/thlamz/SushiGo_MARL/results/league/variable_encoder_2_4/repetition_1/model.pt,2,51,3,random,1,25,2,random|fixed_3p,1|1,25|63,2|4,loss
match_000398,matchup_0004,98,random,1,/home/thlamz/SushiGo_MARL/random,0,26,1,fixed_3p,1,56,3,fixed_3p|variable_encoder_2_4,1|1,56|59,3|4,loss
match_000398,matchup_0004,98,fixed_3p,1,/home/thlamz/SushiGo_MARL/results/league/fixed_3p/repetition_1/model.pt,1,56,3,random,1,26,1,random|variable_encoder_2_4,1|1,26|59,1|4,loss
match_000398,matchup_0004,98,variable_encoder_2_4,1,/home/thlamz/SushiGo_MARL/results/league/variable_encoder_2_4/repetition_1/model.pt,2,59,4,random,1,26,1,random|fixed_3p,1|1,26|56,1|3,win
match_000399,matchup_0004,99,variable_encoder_2_4,1,/home/thlamz/SushiGo_MARL/results/league/variable_encoder_2_4/repetition_1/model.pt,0,54,3,fixed_3p,1,53,4,fixed_3p|random,1|1,53|19,4|2,win
match_000399,matchup_0004,99,fixed_3p,1,/home/thlamz/SushiGo_MARL/results/league/fixed_3p/repetition_1/model.pt,1,53,4,variable_encoder_2_4,1,54,3,variable_encoder_2_4|random,1|1,54|19,3|2,loss
match_000399,matchup_0004,99,random,1,/home/thlamz/SushiGo_MARL/random,2,19,2,variable_encoder_2_4,1,54,3,variable_encoder_2_4|fixed_3p,1|1,54|53,3|4,loss
match_000400,matchup_0004,100,random,1,/home/thlamz/SushiGo_MARL/random,0,30,0,fixed_3p,1,51,3,fixed_3p|variable_encoder_2_4,1|1,51|50,3|5,loss
match_000400,matchup_0004,100,fixed_3p,1,/home/thlamz/SushiGo_MARL/results/league/fixed_3p/repetition_1/model.pt,1,51,3,random,1,30,0,random|variable_encoder_2_4,1|1,30|50,0|5,win
match_000400,matchup_0004,100,variable_encoder_2_4,1,/home/thlamz/SushiGo_MARL/results/league/variable_encoder_2_4/repetition_1/model.pt,2,50,5,random,1,30,0,random|fixed_3p,1|1,30|51,0|3,loss
