device=cpu  n_players=[2, 4]  model=MLP+DQN  total_frames=25000000
cli_args={"batch_size": 256, "buffer_size": 100000, "compile": false, "cuda": false, "encoder_flat_cells": 128, "encoder_flat_depth": 1, "encoder_flat_embed_dim": 64, "encoder_mix_cells": 128, "encoder_mix_depth": 1, "encoder_output_dim": 128, "encoder_q_cells": 128, "encoder_q_depth": 1, "encoder_sequential_depth": 2, "encoder_sequential_dropout": 0.0, "encoder_sequential_embed_dim": 64, "encoder_sequential_ff_dim": 128, "encoder_sequential_head_dim": 16, "encoder_sequential_num_heads": 4, "frames_per_batch": 5000, "gamma": 0.99, "iterations": 5000, "log_path": "/SushiGo/results/league/variable_2_4/repetition_1/metrics.csv", "lr": 0.00025, "max_grad_norm": 10.0, "max_n_players": 4, "min_n_players": 2, "mlp_cells": 128, "mlp_depth": 3, "n_players": null, "num_workers": 16, "reward_scale": 0.1, "save_path": "/SushiGo/results/league/variable_2_4/repetition_1/model.pt", "smoke": false, "target_eps": 0.995, "updates_per_batch": 8, "use_encoder": false}
[92m2026-06-14 18:40:26,889 [torchrl][INFO][0m    check_env_specs succeeded![92m [END][0m
[92m2026-06-14 18:40:30,002 [torchrl][INFO][0m    Initialized LazyTensorStorage with torch.Size([100000]) shape[92m [END][0m
iter 1/5000 ( 0.02%) | elapsed=3s | eta=4h 41m 09s | loss=0.0707 | eps=1.000 | mean turn reward=+0.131 | mean episode return/seat=+3.43
iter 2/5000 ( 0.04%) | elapsed=4s | eta=3h 09m 56s | loss=0.0532 | eps=0.999 | mean turn reward=+0.130 | mean episode return/seat=+3.43
iter 3/5000 ( 0.06%) | elapsed=5s | eta=2h 33m 36s | loss=0.0434 | eps=0.999 | mean turn reward=+0.126 | mean episode return/seat=+3.29
iter 4/5000 ( 0.08%) | elapsed=6s | eta=2h 15m 23s | loss=0.0530 | eps=0.999 | mean turn reward=+0.129 | mean episode return/seat=+3.39
iter 5/5000 ( 0.10%) | elapsed=7s | eta=2h 05m 04s | loss=0.0418 | eps=0.999 | mean turn reward=+0.129 | mean episode return/seat=+3.43
iter 6/5000 ( 0.12%) | elapsed=8s | eta=1h 57m 50s | loss=0.0503 | eps=0.998 | mean turn reward=+0.127 | mean episode return/seat=+3.34
iter 7/5000 ( 0.14%) | elapsed=9s | eta=1h 52m 51s | loss=0.0391 | eps=0.998 | mean turn reward=+0.129 | mean episode return/seat=+3.37
iter 8/5000 ( 0.16%) | elapsed=10s | eta=1h 48m 55s | loss=0.0408 | eps=0.998 | mean turn reward=+0.129 | mean episode return/seat=+3.38
iter 9/5000 ( 0.18%) | elapsed=11s | eta=1h 47m 41s | loss=0.0443 | eps=0.997 | mean turn reward=+0.130 | mean episode return/seat=+3.48
iter 10/5000 ( 0.20%) | elapsed=12s | eta=1h 45m 21s | loss=0.0414 | eps=0.997 | mean turn reward=+0.129 | mean episode return/seat=+3.43
iter 11/5000 ( 0.22%) | elapsed=13s | eta=1h 43m 20s | loss=0.0368 | eps=0.997 | mean turn reward=+0.131 | mean episode return/seat=+3.46
iter 12/5000 ( 0.24%) | elapsed=14s | eta=1h 42m 01s | loss=0.0352 | eps=0.996 | mean turn reward=+0.129 | mean episode return/seat=+3.43
iter 13/5000 ( 0.26%) | elapsed=15s | eta=1h 40m 33s | loss=0.0449 | eps=0.996 | mean turn reward=+0.131 | mean episode return/seat=+3.45
iter 14/5000 ( 0.28%) | elapsed=16s | eta=1h 39m 14s | loss=0.0368 | eps=0.996 | mean turn reward=+0.127 | mean episode return/seat=+3.36
iter 15/5000 ( 0.30%) | elapsed=17s | eta=1h 38m 52s | loss=0.0374 | eps=0.996 | mean turn reward=+0.128 | mean episode return/seat=+3.38
iter 16/5000 ( 0.32%) | elapsed=18s | eta=1h 38m 08s | loss=0.0387 | eps=0.995 | mean turn reward=+0.131 | mean episode return/seat=+3.48
iter 17/5000 ( 0.34%) | elapsed=19s | eta=1h 37m 12s | loss=0.0357 | eps=0.995 | mean turn reward=+0.129 | mean episode return/seat=+3.41
iter 18/5000 ( 0.36%) | elapsed=20s | eta=1h 36m 15s | loss=0.0407 | eps=0.995 | mean turn reward=+0.131 | mean episode return/seat=+3.49
iter 19/5000 ( 0.38%) | elapsed=21s | eta=1h 35m 24s | loss=0.0420 | eps=0.994 | mean turn reward=+0.129 | mean episode return/seat=+3.41
iter 20/5000 ( 0.40%) | elapsed=22s | eta=1h 34m 43s | loss=0.0305 | eps=0.994 | mean turn reward=+0.130 | mean episode return/seat=+3.43
iter 21/5000 ( 0.42%) | elapsed=23s | eta=1h 34m 26s | loss=0.0348 | eps=0.994 | mean turn reward=+0.127 | mean episode return/seat=+3.32
iter 22/5000 ( 0.44%) | elapsed=25s | eta=1h 34m 20s | loss=0.0399 | eps=0.993 | mean turn reward=+0.128 | mean episode return/seat=+3.37
iter 23/5000 ( 0.46%) | elapsed=25s | eta=1h 33m 43s | loss=0.0424 | eps=0.993 | mean turn reward=+0.128 | mean episode return/seat=+3.37
iter 24/5000 ( 0.48%) | elapsed=27s | eta=1h 33m 21s | loss=0.0389 | eps=0.993 | mean turn reward=+0.129 | mean episode return/seat=+3.39
iter 25/5000 ( 0.50%) | elapsed=27s | eta=1h 32m 51s | loss=0.0375 | eps=0.993 | mean turn reward=+0.129 | mean episode return/seat=+3.39
iter 26/5000 ( 0.52%) | elapsed=28s | eta=1h 32m 17s | loss=0.0415 | eps=0.992 | mean turn reward=+0.130 | mean episode return/seat=+3.42
iter 27/5000 ( 0.54%) | elapsed=29s | eta=1h 31m 51s | loss=0.0386 | eps=0.992 | mean turn reward=+0.129 | mean episode return/seat=+3.38
iter 28/5000 ( 0.56%) | elapsed=31s | eta=1h 31m 48s | loss=0.0356 | eps=0.992 | mean turn reward=+0.128 | mean episode return/seat=+3.39
iter 29/5000 ( 0.58%) | elapsed=32s | eta=1h 31m 36s | loss=0.0358 | eps=0.991 | mean turn reward=+0.128 | mean episode return/seat=+3.38
iter 30/5000 ( 0.60%) | elapsed=33s | eta=1h 31m 12s | loss=0.0419 | eps=0.991 | mean turn reward=+0.128 | mean episode return/seat=+3.33
iter 31/5000 ( 0.62%) | elapsed=33s | eta=1h 30m 49s | loss=0.0410 | eps=0.991 | mean turn reward=+0.127 | mean episode return/seat=+3.31
iter 32/5000 ( 0.64%) | elapsed=34s | eta=1h 30m 25s | loss=0.0336 | eps=0.990 | mean turn reward=+0.134 | mean episode return/seat=+3.57
iter 33/5000 ( 0.66%) | elapsed=35s | eta=1h 30m 09s | loss=0.0383 | eps=0.990 | mean turn reward=+0.129 | mean episode return/seat=+3.38
iter 34/5000 ( 0.68%) | elapsed=37s | eta=1h 30m 07s | loss=0.0383 | eps=0.990 | mean turn reward=+0.128 | mean episode return/seat=+3.37
iter 35/5000 ( 0.70%) | elapsed=38s | eta=1h 30m 08s | loss=0.0420 | eps=0.990 | mean turn reward=+0.129 | mean episode return/seat=+3.43
iter 36/5000 ( 0.72%) | elapsed=39s | eta=1h 29m 49s | loss=0.0361 | eps=0.989 | mean turn reward=+0.132 | mean episode return/seat=+3.43
iter 37/5000 ( 0.74%) | elapsed=40s | eta=1h 29m 35s | loss=0.0422 | eps=0.989 | mean turn reward=+0.131 | mean episode return/seat=+3.43
iter 38/5000 ( 0.76%) | elapsed=41s | eta=1h 29m 26s | loss=0.0509 | eps=0.989 | mean turn reward=+0.131 | mean episode return/seat=+3.48
iter 39/5000 ( 0.78%) | elapsed=42s | eta=1h 29m 11s | loss=0.0427 | eps=0.988 | mean turn reward=+0.129 | mean episode return/seat=+3.42
iter 40/5000 ( 0.80%) | elapsed=43s | eta=1h 28m 56s | loss=0.0475 | eps=0.988 | mean turn reward=+0.131 | mean episode return/seat=+3.48
iter 41/5000 ( 0.82%) | elapsed=44s | eta=1h 29m 00s | loss=0.0430 | eps=0.988 | mean turn reward=+0.128 | mean episode return/seat=+3.36
iter 42/5000 ( 0.84%) | elapsed=45s | eta=1h 29m 00s | loss=0.0434 | eps=0.987 | mean turn reward=+0.129 | mean episode return/seat=+3.42
iter 43/5000 ( 0.86%) | elapsed=46s | eta=1h 28m 48s | loss=0.0409 | eps=0.987 | mean turn reward=+0.129 | mean episode return/seat=+3.39
iter 44/5000 ( 0.88%) | elapsed=47s | eta=1h 28m 36s | loss=0.0507 | eps=0.987 | mean turn reward=+0.128 | mean episode return/seat=+3.33
iter 45/5000 ( 0.90%) | elapsed=48s | eta=1h 28m 26s | loss=0.0425 | eps=0.987 | mean turn reward=+0.127 | mean episode return/seat=+3.32
iter 46/5000 ( 0.92%) | elapsed=49s | eta=1h 28m 15s | loss=0.0385 | eps=0.986 | mean turn reward=+0.128 | mean episode return/seat=+3.34
iter 47/5000 ( 0.94%) | elapsed=50s | eta=1h 28m 20s | loss=0.0393 | eps=0.986 | mean turn reward=+0.127 | mean episode return/seat=+3.32
iter 48/5000 ( 0.96%) | elapsed=51s | eta=1h 28m 24s | loss=0.0528 | eps=0.986 | mean turn reward=+0.130 | mean episode return/seat=+3.41
iter 49/5000 ( 0.98%) | elapsed=52s | eta=1h 28m 11s | loss=0.0444 | eps=0.985 | mean turn reward=+0.129 | mean episode return/seat=+3.41
iter 50/5000 ( 1.00%) | elapsed=53s | eta=1h 27m 59s | loss=0.0372 | eps=0.985 | mean turn reward=+0.133 | mean episode return/seat=+3.52
iter 51/5000 ( 1.02%) | elapsed=54s | eta=1h 27m 48s | loss=0.0405 | eps=0.985 | mean turn reward=+0.129 | mean episode return/seat=+3.36
iter 52/5000 ( 1.04%) | elapsed=55s | eta=1h 27m 38s | loss=0.0438 | eps=0.985 | mean turn reward=+0.127 | mean episode return/seat=+3.32
iter 53/5000 ( 1.06%) | elapsed=56s | eta=1h 27m 40s | loss=0.0442 | eps=0.984 | mean turn reward=+0.128 | mean episode return/seat=+3.37
iter 54/5000 ( 1.08%) | elapsed=57s | eta=1h 27m 42s | loss=0.0465 | eps=0.984 | mean turn reward=+0.128 | mean episode return/seat=+3.31
iter 55/5000 ( 1.10%) | elapsed=58s | eta=1h 27m 36s | loss=0.0506 | eps=0.984 | mean turn reward=+0.127 | mean episode return/seat=+3.31
iter 56/5000 ( 1.12%) | elapsed=59s | eta=1h 27m 27s | loss=0.0454 | eps=0.983 | mean turn reward=+0.129 | mean episode return/seat=+3.43
iter 57/5000 ( 1.14%) | elapsed=1m 00s | eta=1h 27m 17s | loss=0.0418 | eps=0.983 | mean turn reward=+0.132 | mean episode return/seat=+3.46
iter 58/5000 ( 1.16%) | elapsed=1m 01s | eta=1h 27m 11s | loss=0.0518 | eps=0.983 | mean turn reward=+0.132 | mean episode return/seat=+3.54
iter 59/5000 ( 1.18%) | elapsed=1m 02s | eta=1h 27m 03s | loss=0.0539 | eps=0.982 | mean turn reward=+0.131 | mean episode return/seat=+3.43
iter 60/5000 ( 1.20%) | elapsed=1m 03s | eta=1h 27m 06s | loss=0.0494 | eps=0.982 | mean turn reward=+0.131 | mean episode return/seat=+3.45
iter 61/5000 ( 1.22%) | elapsed=1m 04s | eta=1h 27m 08s | loss=0.0505 | eps=0.982 | mean turn reward=+0.128 | mean episode return/seat=+3.34
iter 62/5000 ( 1.24%) | elapsed=1m 05s | eta=1h 27m 02s | loss=0.0551 | eps=0.982 | mean turn reward=+0.130 | mean episode return/seat=+3.45
iter 63/5000 ( 1.26%) | elapsed=1m 06s | eta=1h 26m 53s | loss=0.0576 | eps=0.981 | mean turn reward=+0.129 | mean episode return/seat=+3.41
iter 64/5000 ( 1.28%) | elapsed=1m 07s | eta=1h 26m 45s | loss=0.0439 | eps=0.981 | mean turn reward=+0.129 | mean episode return/seat=+3.36
iter 65/5000 ( 1.30%) | elapsed=1m 08s | eta=1h 26m 39s | loss=0.0470 | eps=0.981 | mean turn reward=+0.130 | mean episode return/seat=+3.44
iter 66/5000 ( 1.32%) | elapsed=1m 09s | eta=1h 26m 41s | loss=0.0514 | eps=0.980 | mean turn reward=+0.128 | mean episode return/seat=+3.40
iter 67/5000 ( 1.34%) | elapsed=1m 10s | eta=1h 26m 44s | loss=0.0524 | eps=0.980 | mean turn reward=+0.130 | mean episode return/seat=+3.41
iter 68/5000 ( 1.36%) | elapsed=1m 11s | eta=1h 26m 40s | loss=0.0492 | eps=0.980 | mean turn reward=+0.128 | mean episode return/seat=+3.36
iter 69/5000 ( 1.38%) | elapsed=1m 12s | eta=1h 26m 32s | loss=0.0458 | eps=0.979 | mean turn reward=+0.127 | mean episode return/seat=+3.40
iter 70/5000 ( 1.40%) | elapsed=1m 13s | eta=1h 26m 25s | loss=0.0508 | eps=0.979 | mean turn reward=+0.129 | mean episode return/seat=+3.36
iter 71/5000 ( 1.42%) | elapsed=1m 14s | eta=1h 26m 22s | loss=0.0480 | eps=0.979 | mean turn reward=+0.128 | mean episode return/seat=+3.34
iter 72/5000 ( 1.44%) | elapsed=1m 15s | eta=1h 26m 16s | loss=0.0468 | eps=0.979 | mean turn reward=+0.129 | mean episode return/seat=+3.40
iter 73/5000 ( 1.46%) | elapsed=1m 16s | eta=1h 26m 19s | loss=0.0546 | eps=0.978 | mean turn reward=+0.128 | mean episode return/seat=+3.37
iter 74/5000 ( 1.48%) | elapsed=1m 17s | eta=1h 26m 18s | loss=0.0409 | eps=0.978 | mean turn reward=+0.128 | mean episode return/seat=+3.38
iter 75/5000 ( 1.50%) | elapsed=1m 18s | eta=1h 26m 12s | loss=0.0466 | eps=0.978 | mean turn reward=+0.128 | mean episode return/seat=+3.35
iter 76/5000 ( 1.52%) | elapsed=1m 19s | eta=1h 26m 06s | loss=0.0534 | eps=0.977 | mean turn reward=+0.129 | mean episode return/seat=+3.40
iter 77/5000 ( 1.54%) | elapsed=1m 20s | eta=1h 26m 03s | loss=0.0468 | eps=0.977 | mean turn reward=+0.132 | mean episode return/seat=+3.49
iter 78/5000 ( 1.56%) | elapsed=1m 21s | eta=1h 25m 58s | loss=0.0528 | eps=0.977 | mean turn reward=+0.129 | mean episode return/seat=+3.36
iter 79/5000 ( 1.58%) | elapsed=1m 22s | eta=1h 26m 00s | loss=0.0500 | eps=0.976 | mean turn reward=+0.130 | mean episode return/seat=+3.41
iter 80/5000 ( 1.60%) | elapsed=1m 23s | eta=1h 26m 02s | loss=0.0531 | eps=0.976 | mean turn reward=+0.130 | mean episode return/seat=+3.43
iter 81/5000 ( 1.62%) | elapsed=1m 24s | eta=1h 25m 57s | loss=0.0473 | eps=0.976 | mean turn reward=+0.127 | mean episode return/seat=+3.34
iter 82/5000 ( 1.64%) | elapsed=1m 25s | eta=1h 25m 53s | loss=0.0508 | eps=0.976 | mean turn reward=+0.129 | mean episode return/seat=+3.38
iter 83/5000 ( 1.66%) | elapsed=1m 26s | eta=1h 25m 47s | loss=0.0513 | eps=0.975 | mean turn reward=+0.131 | mean episode return/seat=+3.47
iter 84/5000 ( 1.68%) | elapsed=1m 27s | eta=1h 25m 41s | loss=0.0516 | eps=0.975 | mean turn reward=+0.128 | mean episode return/seat=+3.34
iter 85/5000 ( 1.70%) | elapsed=1m 28s | eta=1h 25m 38s | loss=0.0521 | eps=0.975 | mean turn reward=+0.129 | mean episode return/seat=+3.43
iter 86/5000 ( 1.72%) | elapsed=1m 30s | eta=1h 25m 42s | loss=0.0479 | eps=0.974 | mean turn reward=+0.126 | mean episode return/seat=+3.31
iter 87/5000 ( 1.74%) | elapsed=1m 31s | eta=1h 25m 44s | loss=0.0577 | eps=0.974 | mean turn reward=+0.132 | mean episode return/seat=+3.48
iter 88/5000 ( 1.76%) | elapsed=1m 32s | eta=1h 25m 39s | loss=0.0574 | eps=0.974 | mean turn reward=+0.129 | mean episode return/seat=+3.41
iter 89/5000 ( 1.78%) | elapsed=1m 33s | eta=1h 25m 35s | loss=0.0521 | eps=0.973 | mean turn reward=+0.132 | mean episode return/seat=+3.47
iter 90/5000 ( 1.80%) | elapsed=1m 34s | eta=1h 25m 31s | loss=0.0441 | eps=0.973 | mean turn reward=+0.127 | mean episode return/seat=+3.32
iter 91/5000 ( 1.82%) | elapsed=1m 35s | eta=1h 25m 27s | loss=0.0604 | eps=0.973 | mean turn reward=+0.129 | mean episode return/seat=+3.40
iter 92/5000 ( 1.84%) | elapsed=1m 36s | eta=1h 25m 29s | loss=0.0575 | eps=0.973 | mean turn reward=+0.131 | mean episode return/seat=+3.46
iter 93/5000 ( 1.86%) | elapsed=1m 37s | eta=1h 25m 31s | loss=0.0568 | eps=0.972 | mean turn reward=+0.130 | mean episode return/seat=+3.39
iter 94/5000 ( 1.88%) | elapsed=1m 38s | eta=1h 25m 26s | loss=0.0563 | eps=0.972 | mean turn reward=+0.131 | mean episode return/seat=+3.49
iter 95/5000 ( 1.90%) | elapsed=1m 39s | eta=1h 25m 21s | loss=0.0557 | eps=0.972 | mean turn reward=+0.130 | mean episode return/seat=+3.43
iter 96/5000 ( 1.92%) | elapsed=1m 40s | eta=1h 25m 15s | loss=0.0484 | eps=0.971 | mean turn reward=+0.127 | mean episode return/seat=+3.35
iter 97/5000 ( 1.94%) | elapsed=1m 41s | eta=1h 25m 11s | loss=0.0536 | eps=0.971 | mean turn reward=+0.129 | mean episode return/seat=+3.36
iter 98/5000 ( 1.96%) | elapsed=1m 42s | eta=1h 25m 14s | loss=0.0501 | eps=0.971 | mean turn reward=+0.128 | mean episode return/seat=+3.36
iter 99/5000 ( 1.98%) | elapsed=1m 43s | eta=1h 25m 17s | loss=0.0586 | eps=0.970 | mean turn reward=+0.131 | mean episode return/seat=+3.45
iter 100/5000 ( 2.00%) | elapsed=1m 44s | eta=1h 25m 11s | loss=0.0497 | eps=0.970 | mean turn reward=+0.128 | mean episode return/seat=+3.34
iter 101/5000 ( 2.02%) | elapsed=1m 45s | eta=1h 25m 07s | loss=0.0535 | eps=0.970 | mean turn reward=+0.129 | mean episode return/seat=+3.40
iter 102/5000 ( 2.04%) | elapsed=1m 46s | eta=1h 25m 03s | loss=0.0570 | eps=0.970 | mean turn reward=+0.131 | mean episode return/seat=+3.45
iter 103/5000 ( 2.06%) | elapsed=1m 47s | eta=1h 24m 59s | loss=0.0534 | eps=0.969 | mean turn reward=+0.130 | mean episode return/seat=+3.42
iter 104/5000 ( 2.08%) | elapsed=1m 48s | eta=1h 24m 55s | loss=0.0482 | eps=0.969 | mean turn reward=+0.130 | mean episode return/seat=+3.41
iter 105/5000 ( 2.10%) | elapsed=1m 49s | eta=1h 24m 57s | loss=0.0453 | eps=0.969 | mean turn reward=+0.131 | mean episode return/seat=+3.49
iter 106/5000 ( 2.12%) | elapsed=1m 50s | eta=1h 24m 58s | loss=0.0516 | eps=0.968 | mean turn reward=+0.132 | mean episode return/seat=+3.52
iter 107/5000 ( 2.14%) | elapsed=1m 51s | eta=1h 24m 54s | loss=0.0489 | eps=0.968 | mean turn reward=+0.128 | mean episode return/seat=+3.36
iter 108/5000 ( 2.16%) | elapsed=1m 52s | eta=1h 24m 50s | loss=0.0474 | eps=0.968 | mean turn reward=+0.131 | mean episode return/seat=+3.46
iter 109/5000 ( 2.18%) | elapsed=1m 53s | eta=1h 24m 46s | loss=0.0562 | eps=0.968 | mean turn reward=+0.129 | mean episode return/seat=+3.44
iter 110/5000 ( 2.20%) | elapsed=1m 54s | eta=1h 24m 42s | loss=0.0468 | eps=0.967 | mean turn reward=+0.129 | mean episode return/seat=+3.38
iter 111/5000 ( 2.22%) | elapsed=1m 55s | eta=1h 24m 42s | loss=0.0566 | eps=0.967 | mean turn reward=+0.128 | mean episode return/seat=+3.35
iter 112/5000 ( 2.24%) | elapsed=1m 56s | eta=1h 24m 45s | loss=0.0519 | eps=0.967 | mean turn reward=+0.128 | mean episode return/seat=+3.38
iter 113/5000 ( 2.26%) | elapsed=1m 57s | eta=1h 24m 42s | loss=0.0631 | eps=0.966 | mean turn reward=+0.128 | mean episode return/seat=+3.38
iter 114/5000 ( 2.28%) | elapsed=1m 58s | eta=1h 24m 38s | loss=0.0573 | eps=0.966 | mean turn reward=+0.129 | mean episode return/seat=+3.37
iter 115/5000 ( 2.30%) | elapsed=1m 59s | eta=1h 24m 34s | loss=0.0525 | eps=0.966 | mean turn reward=+0.130 | mean episode return/seat=+3.46
iter 116/5000 ( 2.32%) | elapsed=2m 00s | eta=1h 24m 30s | loss=0.0477 | eps=0.965 | mean turn reward=+0.127 | mean episode return/seat=+3.30
iter 117/5000 ( 2.34%) | elapsed=2m 01s | eta=1h 24m 27s | loss=0.0557 | eps=0.965 | mean turn reward=+0.131 | mean episode return/seat=+3.47
iter 118/5000 ( 2.36%) | elapsed=2m 02s | eta=1h 24m 30s | loss=0.0512 | eps=0.965 | mean turn reward=+0.128 | mean episode return/seat=+3.33
iter 119/5000 ( 2.38%) | elapsed=2m 03s | eta=1h 24m 30s | loss=0.0629 | eps=0.965 | mean turn reward=+0.131 | mean episode return/seat=+3.45
iter 120/5000 ( 2.40%) | elapsed=2m 04s | eta=1h 24m 28s | loss=0.0595 | eps=0.964 | mean turn reward=+0.130 | mean episode return/seat=+3.44
iter 121/5000 ( 2.42%) | elapsed=2m 05s | eta=1h 24m 25s | loss=0.0518 | eps=0.964 | mean turn reward=+0.128 | mean episode return/seat=+3.36
iter 122/5000 ( 2.44%) | elapsed=2m 06s | eta=1h 24m 23s | loss=0.0553 | eps=0.964 | mean turn reward=+0.132 | mean episode return/seat=+3.52
iter 123/5000 ( 2.46%) | elapsed=2m 07s | eta=1h 24m 21s | loss=0.0533 | eps=0.963 | mean turn reward=+0.134 | mean episode return/seat=+3.55
iter 124/5000 ( 2.48%) | elapsed=2m 08s | eta=1h 24m 24s | loss=0.0528 | eps=0.963 | mean turn reward=+0.131 | mean episode return/seat=+3.47
iter 125/5000 ( 2.50%) | elapsed=2m 09s | eta=1h 24m 25s | loss=0.0533 | eps=0.963 | mean turn reward=+0.133 | mean episode return/seat=+3.49
iter 126/5000 ( 2.52%) | elapsed=2m 10s | eta=1h 24m 22s | loss=0.0456 | eps=0.962 | mean turn reward=+0.130 | mean episode return/seat=+3.43
iter 127/5000 ( 2.54%) | elapsed=2m 11s | eta=1h 24m 20s | loss=0.0528 | eps=0.962 | mean turn reward=+0.129 | mean episode return/seat=+3.40
iter 128/5000 ( 2.56%) | elapsed=2m 12s | eta=1h 24m 17s | loss=0.0477 | eps=0.962 | mean turn reward=+0.131 | mean episode return/seat=+3.50
iter 129/5000 ( 2.58%) | elapsed=2m 13s | eta=1h 24m 14s | loss=0.0448 | eps=0.962 | mean turn reward=+0.130 | mean episode return/seat=+3.40
iter 130/5000 ( 2.60%) | elapsed=2m 14s | eta=1h 24m 11s | loss=0.0475 | eps=0.961 | mean turn reward=+0.133 | mean episode return/seat=+3.53
iter 131/5000 ( 2.62%) | elapsed=2m 15s | eta=1h 24m 13s | loss=0.0449 | eps=0.961 | mean turn reward=+0.128 | mean episode return/seat=+3.36
iter 132/5000 ( 2.64%) | elapsed=2m 17s | eta=1h 24m 13s | loss=0.0432 | eps=0.961 | mean turn reward=+0.131 | mean episode return/seat=+3.47
iter 133/5000 ( 2.66%) | elapsed=2m 18s | eta=1h 24m 10s | loss=0.0542 | eps=0.960 | mean turn reward=+0.129 | mean episode return/seat=+3.38
iter 134/5000 ( 2.68%) | elapsed=2m 19s | eta=1h 24m 07s | loss=0.0443 | eps=0.960 | mean turn reward=+0.129 | mean episode return/seat=+3.41
iter 135/5000 ( 2.70%) | elapsed=2m 19s | eta=1h 24m 05s | loss=0.0634 | eps=0.960 | mean turn reward=+0.129 | mean episode return/seat=+3.38
iter 136/5000 ( 2.72%) | elapsed=2m 20s | eta=1h 24m 01s | loss=0.0511 | eps=0.959 | mean turn reward=+0.130 | mean episode return/seat=+3.37
iter 137/5000 ( 2.74%) | elapsed=2m 22s | eta=1h 24m 04s | loss=0.0505 | eps=0.959 | mean turn reward=+0.131 | mean episode return/seat=+3.43
iter 138/5000 ( 2.76%) | elapsed=2m 23s | eta=1h 24m 04s | loss=0.0441 | eps=0.959 | mean turn reward=+0.129 | mean episode return/seat=+3.38
iter 139/5000 ( 2.78%) | elapsed=2m 24s | eta=1h 24m 00s | loss=0.0443 | eps=0.959 | mean turn reward=+0.131 | mean episode return/seat=+3.46
iter 140/5000 ( 2.80%) | elapsed=2m 25s | eta=1h 23m 58s | loss=0.0526 | eps=0.958 | mean turn reward=+0.129 | mean episode return/seat=+3.36
iter 141/5000 ( 2.82%) | elapsed=2m 26s | eta=1h 23m 54s | loss=0.0510 | eps=0.958 | mean turn reward=+0.130 | mean episode return/seat=+3.44
iter 142/5000 ( 2.84%) | elapsed=2m 27s | eta=1h 23m 52s | loss=0.0609 | eps=0.958 | mean turn reward=+0.133 | mean episode return/seat=+3.53
iter 143/5000 ( 2.86%) | elapsed=2m 28s | eta=1h 23m 53s | loss=0.0608 | eps=0.957 | mean turn reward=+0.130 | mean episode return/seat=+3.37
iter 144/5000 ( 2.88%) | elapsed=2m 29s | eta=1h 23m 53s | loss=0.0498 | eps=0.957 | mean turn reward=+0.130 | mean episode return/seat=+3.39
iter 145/5000 ( 2.90%) | elapsed=2m 30s | eta=1h 23m 51s | loss=0.0586 | eps=0.957 | mean turn reward=+0.131 | mean episode return/seat=+3.46
iter 146/5000 ( 2.92%) | elapsed=2m 31s | eta=1h 23m 47s | loss=0.0580 | eps=0.956 | mean turn reward=+0.131 | mean episode return/seat=+3.47
iter 147/5000 ( 2.94%) | elapsed=2m 32s | eta=1h 23m 44s | loss=0.0455 | eps=0.956 | mean turn reward=+0.132 | mean episode return/seat=+3.51
iter 148/5000 ( 2.96%) | elapsed=2m 33s | eta=1h 23m 44s | loss=0.0413 | eps=0.956 | mean turn reward=+0.131 | mean episode return/seat=+3.47
iter 149/5000 ( 2.98%) | elapsed=2m 34s | eta=1h 23m 42s | loss=0.0427 | eps=0.956 | mean turn reward=+0.130 | mean episode return/seat=+3.41
iter 150/5000 ( 3.00%) | elapsed=2m 35s | eta=1h 23m 43s | loss=0.0537 | eps=0.955 | mean turn reward=+0.131 | mean episode return/seat=+3.45
iter 151/5000 ( 3.02%) | elapsed=2m 36s | eta=1h 23m 44s | loss=0.0526 | eps=0.955 | mean turn reward=+0.129 | mean episode return/seat=+3.37
iter 152/5000 ( 3.04%) | elapsed=2m 37s | eta=1h 23m 42s | loss=0.0497 | eps=0.955 | mean turn reward=+0.132 | mean episode return/seat=+3.47
iter 153/5000 ( 3.06%) | elapsed=2m 38s | eta=1h 23m 40s | loss=0.0487 | eps=0.954 | mean turn reward=+0.130 | mean episode return/seat=+3.44
iter 154/5000 ( 3.08%) | elapsed=2m 39s | eta=1h 23m 36s | loss=0.0498 | eps=0.954 | mean turn reward=+0.130 | mean episode return/seat=+3.40
iter 155/5000 ( 3.10%) | elapsed=2m 40s | eta=1h 23m 34s | loss=0.0485 | eps=0.954 | mean turn reward=+0.131 | mean episode return/seat=+3.47
iter 156/5000 ( 3.12%) | elapsed=2m 41s | eta=1h 23m 34s | loss=0.0516 | eps=0.954 | mean turn reward=+0.132 | mean episode return/seat=+3.49
iter 157/5000 ( 3.14%) | elapsed=2m 42s | eta=1h 23m 35s | loss=0.0452 | eps=0.953 | mean turn reward=+0.130 | mean episode return/seat=+3.40
iter 158/5000 ( 3.16%) | elapsed=2m 43s | eta=1h 23m 33s | loss=0.0505 | eps=0.953 | mean turn reward=+0.130 | mean episode return/seat=+3.42
iter 159/5000 ( 3.18%) | elapsed=2m 44s | eta=1h 23m 30s | loss=0.0520 | eps=0.953 | mean turn reward=+0.130 | mean episode return/seat=+3.37
iter 160/5000 ( 3.20%) | elapsed=2m 45s | eta=1h 23m 27s | loss=0.0529 | eps=0.952 | mean turn reward=+0.130 | mean episode return/seat=+3.39
iter 161/5000 ( 3.22%) | elapsed=2m 46s | eta=1h 23m 24s | loss=0.0493 | eps=0.952 | mean turn reward=+0.129 | mean episode return/seat=+3.40
iter 162/5000 ( 3.24%) | elapsed=2m 47s | eta=1h 23m 21s | loss=0.0558 | eps=0.952 | mean turn reward=+0.131 | mean episode return/seat=+3.43
iter 163/5000 ( 3.26%) | elapsed=2m 48s | eta=1h 23m 22s | loss=0.0434 | eps=0.951 | mean turn reward=+0.132 | mean episode return/seat=+3.47
iter 164/5000 ( 3.28%) | elapsed=2m 49s | eta=1h 23m 22s | loss=0.0478 | eps=0.951 | mean turn reward=+0.131 | mean episode return/seat=+3.47
iter 165/5000 ( 3.30%) | elapsed=2m 50s | eta=1h 23m 20s | loss=0.0501 | eps=0.951 | mean turn reward=+0.132 | mean episode return/seat=+3.47
iter 166/5000 ( 3.32%) | elapsed=2m 51s | eta=1h 23m 20s | loss=0.0550 | eps=0.951 | mean turn reward=+0.130 | mean episode return/seat=+3.40
iter 167/5000 ( 3.34%) | elapsed=2m 52s | eta=1h 23m 17s | loss=0.0521 | eps=0.950 | mean turn reward=+0.132 | mean episode return/seat=+3.45
iter 168/5000 ( 3.36%) | elapsed=2m 53s | eta=1h 23m 14s | loss=0.0586 | eps=0.950 | mean turn reward=+0.131 | mean episode return/seat=+3.46
iter 169/5000 ( 3.38%) | elapsed=2m 54s | eta=1h 23m 15s | loss=0.0513 | eps=0.950 | mean turn reward=+0.132 | mean episode return/seat=+3.49
iter 170/5000 ( 3.40%) | elapsed=2m 55s | eta=1h 23m 15s | loss=0.0450 | eps=0.949 | mean turn reward=+0.132 | mean episode return/seat=+3.47
iter 171/5000 ( 3.42%) | elapsed=2m 56s | eta=1h 23m 12s | loss=0.0565 | eps=0.949 | mean turn reward=+0.131 | mean episode return/seat=+3.44
iter 172/5000 ( 3.44%) | elapsed=2m 57s | eta=1h 23m 09s | loss=0.0450 | eps=0.949 | mean turn reward=+0.130 | mean episode return/seat=+3.38
iter 173/5000 ( 3.46%) | elapsed=2m 58s | eta=1h 23m 07s | loss=0.0414 | eps=0.948 | mean turn reward=+0.129 | mean episode return/seat=+3.40
iter 174/5000 ( 3.48%) | elapsed=2m 59s | eta=1h 23m 04s | loss=0.0390 | eps=0.948 | mean turn reward=+0.134 | mean episode return/seat=+3.52
iter 175/5000 ( 3.50%) | elapsed=3m 00s | eta=1h 23m 05s | loss=0.0487 | eps=0.948 | mean turn reward=+0.130 | mean episode return/seat=+3.43
iter 176/5000 ( 3.52%) | elapsed=3m 01s | eta=1h 23m 08s | loss=0.0477 | eps=0.948 | mean turn reward=+0.131 | mean episode return/seat=+3.45
iter 177/5000 ( 3.54%) | elapsed=3m 02s | eta=1h 23m 04s | loss=0.0556 | eps=0.947 | mean turn reward=+0.131 | mean episode return/seat=+3.44
iter 178/5000 ( 3.56%) | elapsed=3m 03s | eta=1h 23m 02s | loss=0.0452 | eps=0.947 | mean turn reward=+0.132 | mean episode return/seat=+3.50
iter 179/5000 ( 3.58%) | elapsed=3m 04s | eta=1h 23m 00s | loss=0.0420 | eps=0.947 | mean turn reward=+0.131 | mean episode return/seat=+3.42
iter 180/5000 ( 3.60%) | elapsed=3m 05s | eta=1h 22m 57s | loss=0.0546 | eps=0.946 | mean turn reward=+0.130 | mean episode return/seat=+3.44
iter 181/5000 ( 3.62%) | elapsed=3m 06s | eta=1h 22m 57s | loss=0.0443 | eps=0.946 | mean turn reward=+0.132 | mean episode return/seat=+3.46
iter 182/5000 ( 3.64%) | elapsed=3m 08s | eta=1h 22m 59s | loss=0.0384 | eps=0.946 | mean turn reward=+0.132 | mean episode return/seat=+3.51
iter 183/5000 ( 3.66%) | elapsed=3m 09s | eta=1h 23m 00s | loss=0.0544 | eps=0.945 | mean turn reward=+0.130 | mean episode return/seat=+3.42
iter 184/5000 ( 3.68%) | elapsed=3m 10s | eta=1h 22m 57s | loss=0.0476 | eps=0.945 | mean turn reward=+0.133 | mean episode return/seat=+3.52
iter 185/5000 ( 3.70%) | elapsed=3m 11s | eta=1h 22m 56s | loss=0.0469 | eps=0.945 | mean turn reward=+0.133 | mean episode return/seat=+3.56
iter 186/5000 ( 3.72%) | elapsed=3m 12s | eta=1h 22m 53s | loss=0.0433 | eps=0.945 | mean turn reward=+0.132 | mean episode return/seat=+3.47
iter 187/5000 ( 3.74%) | elapsed=3m 13s | eta=1h 22m 51s | loss=0.0492 | eps=0.944 | mean turn reward=+0.133 | mean episode return/seat=+3.53
iter 188/5000 ( 3.76%) | elapsed=3m 14s | eta=1h 22m 51s | loss=0.0438 | eps=0.944 | mean turn reward=+0.133 | mean episode return/seat=+3.53
iter 189/5000 ( 3.78%) | elapsed=3m 15s | eta=1h 22m 52s | loss=0.0428 | eps=0.944 | mean turn reward=+0.131 | mean episode return/seat=+3.42
iter 190/5000 ( 3.80%) | elapsed=3m 16s | eta=1h 22m 50s | loss=0.0489 | eps=0.943 | mean turn reward=+0.132 | mean episode return/seat=+3.49
iter 191/5000 ( 3.82%) | elapsed=3m 17s | eta=1h 22m 47s | loss=0.0539 | eps=0.943 | mean turn reward=+0.131 | mean episode return/seat=+3.46
iter 192/5000 ( 3.84%) | elapsed=3m 18s | eta=1h 22m 44s | loss=0.0534 | eps=0.943 | mean turn reward=+0.132 | mean episode return/seat=+3.47
iter 193/5000 ( 3.86%) | elapsed=3m 19s | eta=1h 22m 42s | loss=0.0502 | eps=0.942 | mean turn reward=+0.134 | mean episode return/seat=+3.56
iter 194/5000 ( 3.88%) | elapsed=3m 20s | eta=1h 22m 42s | loss=0.0479 | eps=0.942 | mean turn reward=+0.130 | mean episode return/seat=+3.45
iter 195/5000 ( 3.90%) | elapsed=3m 21s | eta=1h 22m 44s | loss=0.0483 | eps=0.942 | mean turn reward=+0.131 | mean episode return/seat=+3.46
iter 196/5000 ( 3.92%) | elapsed=3m 22s | eta=1h 22m 42s | loss=0.0494 | eps=0.942 | mean turn reward=+0.131 | mean episode return/seat=+3.42
iter 197/5000 ( 3.94%) | elapsed=3m 23s | eta=1h 22m 40s | loss=0.0479 | eps=0.941 | mean turn reward=+0.133 | mean episode return/seat=+3.53
iter 198/5000 ( 3.96%) | elapsed=3m 24s | eta=1h 22m 37s | loss=0.0478 | eps=0.941 | mean turn reward=+0.131 | mean episode return/seat=+3.42
iter 199/5000 ( 3.98%) | elapsed=3m 25s | eta=1h 22m 36s | loss=0.0414 | eps=0.941 | mean turn reward=+0.131 | mean episode return/seat=+3.48
iter 200/5000 ( 4.00%) | elapsed=3m 26s | eta=1h 22m 34s | loss=0.0484 | eps=0.940 | mean turn reward=+0.132 | mean episode return/seat=+3.47
iter 201/5000 ( 4.02%) | elapsed=3m 27s | eta=1h 22m 35s | loss=0.0517 | eps=0.940 | mean turn reward=+0.130 | mean episode return/seat=+3.39
iter 202/5000 ( 4.04%) | elapsed=3m 28s | eta=1h 22m 35s | loss=0.0439 | eps=0.940 | mean turn reward=+0.133 | mean episode return/seat=+3.51
iter 203/5000 ( 4.06%) | elapsed=3m 29s | eta=1h 22m 33s | loss=0.0495 | eps=0.940 | mean turn reward=+0.131 | mean episode return/seat=+3.43
iter 204/5000 ( 4.08%) | elapsed=3m 30s | eta=1h 22m 31s | loss=0.0508 | eps=0.939 | mean turn reward=+0.131 | mean episode return/seat=+3.42
iter 205/5000 ( 4.10%) | elapsed=3m 31s | eta=1h 22m 29s | loss=0.0437 | eps=0.939 | mean turn reward=+0.131 | mean episode return/seat=+3.44
iter 206/5000 ( 4.12%) | elapsed=3m 32s | eta=1h 22m 28s | loss=0.0477 | eps=0.939 | mean turn reward=+0.131 | mean episode return/seat=+3.44
iter 207/5000 ( 4.14%) | elapsed=3m 33s | eta=1h 22m 28s | loss=0.0488 | eps=0.938 | mean turn reward=+0.132 | mean episode return/seat=+3.50
iter 208/5000 ( 4.16%) | elapsed=3m 34s | eta=1h 22m 29s | loss=0.0438 | eps=0.938 | mean turn reward=+0.131 | mean episode return/seat=+3.43
iter 209/5000 ( 4.18%) | elapsed=3m 35s | eta=1h 22m 28s | loss=0.0508 | eps=0.938 | mean turn reward=+0.133 | mean episode return/seat=+3.52
iter 210/5000 ( 4.20%) | elapsed=3m 36s | eta=1h 22m 25s | loss=0.0526 | eps=0.937 | mean turn reward=+0.130 | mean episode return/seat=+3.46
iter 211/5000 ( 4.22%) | elapsed=3m 37s | eta=1h 22m 23s | loss=0.0445 | eps=0.937 | mean turn reward=+0.130 | mean episode return/seat=+3.42
iter 212/5000 ( 4.24%) | elapsed=3m 38s | eta=1h 22m 21s | loss=0.0498 | eps=0.937 | mean turn reward=+0.134 | mean episode return/seat=+3.55
iter 213/5000 ( 4.26%) | elapsed=3m 39s | eta=1h 22m 21s | loss=0.0502 | eps=0.937 | mean turn reward=+0.131 | mean episode return/seat=+3.47
iter 214/5000 ( 4.28%) | elapsed=3m 41s | eta=1h 22m 23s | loss=0.0451 | eps=0.936 | mean turn reward=+0.131 | mean episode return/seat=+3.43
iter 215/5000 ( 4.30%) | elapsed=3m 42s | eta=1h 22m 23s | loss=0.0446 | eps=0.936 | mean turn reward=+0.132 | mean episode return/seat=+3.50
iter 216/5000 ( 4.32%) | elapsed=3m 43s | eta=1h 22m 21s | loss=0.0501 | eps=0.936 | mean turn reward=+0.131 | mean episode return/seat=+3.42
iter 217/5000 ( 4.34%) | elapsed=3m 44s | eta=1h 22m 19s | loss=0.0424 | eps=0.935 | mean turn reward=+0.131 | mean episode return/seat=+3.50
iter 218/5000 ( 4.36%) | elapsed=3m 45s | eta=1h 22m 17s | loss=0.0465 | eps=0.935 | mean turn reward=+0.133 | mean episode return/seat=+3.50
iter 219/5000 ( 4.38%) | elapsed=3m 46s | eta=1h 22m 15s | loss=0.0461 | eps=0.935 | mean turn reward=+0.128 | mean episode return/seat=+3.36
iter 220/5000 ( 4.40%) | elapsed=3m 47s | eta=1h 22m 15s | loss=0.0530 | eps=0.934 | mean turn reward=+0.133 | mean episode return/seat=+3.55
iter 221/5000 ( 4.42%) | elapsed=3m 48s | eta=1h 22m 16s | loss=0.0461 | eps=0.934 | mean turn reward=+0.132 | mean episode return/seat=+3.48
iter 222/5000 ( 4.44%) | elapsed=3m 49s | eta=1h 22m 14s | loss=0.0503 | eps=0.934 | mean turn reward=+0.132 | mean episode return/seat=+3.44
iter 223/5000 ( 4.46%) | elapsed=3m 50s | eta=1h 22m 12s | loss=0.0470 | eps=0.934 | mean turn reward=+0.134 | mean episode return/seat=+3.57
iter 224/5000 ( 4.48%) | elapsed=3m 51s | eta=1h 22m 10s | loss=0.0539 | eps=0.933 | mean turn reward=+0.130 | mean episode return/seat=+3.39
iter 225/5000 ( 4.50%) | elapsed=3m 52s | eta=1h 22m 09s | loss=0.0463 | eps=0.933 | mean turn reward=+0.133 | mean episode return/seat=+3.53
iter 226/5000 ( 4.52%) | elapsed=3m 53s | eta=1h 22m 10s | loss=0.0537 | eps=0.933 | mean turn reward=+0.133 | mean episode return/seat=+3.50
iter 227/5000 ( 4.54%) | elapsed=3m 54s | eta=1h 22m 11s | loss=0.0520 | eps=0.932 | mean turn reward=+0.132 | mean episode return/seat=+3.46
iter 228/5000 ( 4.56%) | elapsed=3m 55s | eta=1h 22m 10s | loss=0.0455 | eps=0.932 | mean turn reward=+0.132 | mean episode return/seat=+3.50
iter 229/5000 ( 4.58%) | elapsed=3m 56s | eta=1h 22m 08s | loss=0.0453 | eps=0.932 | mean turn reward=+0.134 | mean episode return/seat=+3.56
iter 230/5000 ( 4.60%) | elapsed=3m 57s | eta=1h 22m 06s | loss=0.0495 | eps=0.931 | mean turn reward=+0.130 | mean episode return/seat=+3.45
iter 231/5000 ( 4.62%) | elapsed=3m 58s | eta=1h 22m 04s | loss=0.0478 | eps=0.931 | mean turn reward=+0.132 | mean episode return/seat=+3.48
iter 232/5000 ( 4.64%) | elapsed=3m 59s | eta=1h 22m 03s | loss=0.0456 | eps=0.931 | mean turn reward=+0.132 | mean episode return/seat=+3.45
iter 233/5000 ( 4.66%) | elapsed=4m 00s | eta=1h 22m 03s | loss=0.0441 | eps=0.931 | mean turn reward=+0.132 | mean episode return/seat=+3.50
iter 234/5000 ( 4.68%) | elapsed=4m 01s | eta=1h 22m 04s | loss=0.0419 | eps=0.930 | mean turn reward=+0.134 | mean episode return/seat=+3.58
iter 235/5000 ( 4.70%) | elapsed=4m 02s | eta=1h 22m 01s | loss=0.0392 | eps=0.930 | mean turn reward=+0.131 | mean episode return/seat=+3.43
iter 236/5000 ( 4.72%) | elapsed=4m 03s | eta=1h 22m 00s | loss=0.0447 | eps=0.930 | mean turn reward=+0.132 | mean episode return/seat=+3.46
iter 237/5000 ( 4.74%) | elapsed=4m 04s | eta=1h 21m 57s | loss=0.0499 | eps=0.929 | mean turn reward=+0.131 | mean episode return/seat=+3.43
iter 238/5000 ( 4.76%) | elapsed=4m 05s | eta=1h 21m 55s | loss=0.0419 | eps=0.929 | mean turn reward=+0.131 | mean episode return/seat=+3.40
iter 239/5000 ( 4.78%) | elapsed=4m 06s | eta=1h 21m 55s | loss=0.0418 | eps=0.929 | mean turn reward=+0.133 | mean episode return/seat=+3.53
iter 240/5000 ( 4.80%) | elapsed=4m 07s | eta=1h 21m 55s | loss=0.0452 | eps=0.928 | mean turn reward=+0.133 | mean episode return/seat=+3.58
iter 241/5000 ( 4.82%) | elapsed=4m 08s | eta=1h 21m 55s | loss=0.0528 | eps=0.928 | mean turn reward=+0.132 | mean episode return/seat=+3.45
iter 242/5000 ( 4.84%) | elapsed=4m 09s | eta=1h 21m 52s | loss=0.0478 | eps=0.928 | mean turn reward=+0.130 | mean episode return/seat=+3.40
iter 243/5000 ( 4.86%) | elapsed=4m 10s | eta=1h 21m 50s | loss=0.0453 | eps=0.928 | mean turn reward=+0.133 | mean episode return/seat=+3.48
iter 244/5000 ( 4.88%) | elapsed=4m 11s | eta=1h 21m 48s | loss=0.0520 | eps=0.927 | mean turn reward=+0.130 | mean episode return/seat=+3.45
iter 245/5000 ( 4.90%) | elapsed=4m 12s | eta=1h 21m 46s | loss=0.0495 | eps=0.927 | mean turn reward=+0.132 | mean episode return/seat=+3.46
iter 246/5000 ( 4.92%) | elapsed=4m 13s | eta=1h 21m 46s | loss=0.0431 | eps=0.927 | mean turn reward=+0.131 | mean episode return/seat=+3.46
iter 247/5000 ( 4.94%) | elapsed=4m 15s | eta=1h 21m 47s | loss=0.0457 | eps=0.926 | mean turn reward=+0.131 | mean episode return/seat=+3.43
iter 248/5000 ( 4.96%) | elapsed=4m 16s | eta=1h 21m 46s | loss=0.0444 | eps=0.926 | mean turn reward=+0.131 | mean episode return/seat=+3.42
iter 249/5000 ( 4.98%) | elapsed=4m 17s | eta=1h 21m 44s | loss=0.0480 | eps=0.926 | mean turn reward=+0.131 | mean episode return/seat=+3.45
iter 250/5000 ( 5.00%) | elapsed=4m 18s | eta=1h 21m 43s | loss=0.0408 | eps=0.925 | mean turn reward=+0.132 | mean episode return/seat=+3.49
iter 251/5000 ( 5.02%) | elapsed=4m 19s | eta=1h 21m 41s | loss=0.0405 | eps=0.925 | mean turn reward=+0.132 | mean episode return/seat=+3.47
iter 252/5000 ( 5.04%) | elapsed=4m 20s | eta=1h 21m 42s | loss=0.0383 | eps=0.925 | mean turn reward=+0.132 | mean episode return/seat=+3.46
iter 253/5000 ( 5.06%) | elapsed=4m 21s | eta=1h 21m 44s | loss=0.0492 | eps=0.925 | mean turn reward=+0.134 | mean episode return/seat=+3.54
iter 254/5000 ( 5.08%) | elapsed=4m 22s | eta=1h 21m 43s | loss=0.0483 | eps=0.924 | mean turn reward=+0.130 | mean episode return/seat=+3.39
iter 255/5000 ( 5.10%) | elapsed=4m 23s | eta=1h 21m 41s | loss=0.0451 | eps=0.924 | mean turn reward=+0.130 | mean episode return/seat=+3.36
iter 256/5000 ( 5.12%) | elapsed=4m 24s | eta=1h 21m 38s | loss=0.0458 | eps=0.924 | mean turn reward=+0.131 | mean episode return/seat=+3.41
iter 257/5000 ( 5.14%) | elapsed=4m 25s | eta=1h 21m 37s | loss=0.0487 | eps=0.923 | mean turn reward=+0.131 | mean episode return/seat=+3.44
iter 258/5000 ( 5.16%) | elapsed=4m 26s | eta=1h 21m 37s | loss=0.0485 | eps=0.923 | mean turn reward=+0.131 | mean episode return/seat=+3.45
iter 259/5000 ( 5.18%) | elapsed=4m 27s | eta=1h 21m 38s | loss=0.0416 | eps=0.923 | mean turn reward=+0.133 | mean episode return/seat=+3.48
iter 260/5000 ( 5.20%) | elapsed=4m 28s | eta=1h 21m 38s | loss=0.0473 | eps=0.923 | mean turn reward=+0.132 | mean episode return/seat=+3.51
iter 261/5000 ( 5.22%) | elapsed=4m 29s | eta=1h 21m 36s | loss=0.0475 | eps=0.922 | mean turn reward=+0.130 | mean episode return/seat=+3.44
iter 262/5000 ( 5.24%) | elapsed=4m 30s | eta=1h 21m 34s | loss=0.0454 | eps=0.922 | mean turn reward=+0.130 | mean episode return/seat=+3.39
iter 263/5000 ( 5.26%) | elapsed=4m 31s | eta=1h 21m 34s | loss=0.0436 | eps=0.922 | mean turn reward=+0.131 | mean episode return/seat=+3.43
iter 264/5000 ( 5.28%) | elapsed=4m 32s | eta=1h 21m 31s | loss=0.0376 | eps=0.921 | mean turn reward=+0.132 | mean episode return/seat=+3.47
iter 265/5000 ( 5.30%) | elapsed=4m 33s | eta=1h 21m 32s | loss=0.0392 | eps=0.921 | mean turn reward=+0.131 | mean episode return/seat=+3.44
iter 266/5000 ( 5.32%) | elapsed=4m 34s | eta=1h 21m 33s | loss=0.0481 | eps=0.921 | mean turn reward=+0.132 | mean episode return/seat=+3.44
iter 267/5000 ( 5.34%) | elapsed=4m 35s | eta=1h 21m 31s | loss=0.0513 | eps=0.920 | mean turn reward=+0.132 | mean episode return/seat=+3.49
iter 268/5000 ( 5.36%) | elapsed=4m 36s | eta=1h 21m 29s | loss=0.0505 | eps=0.920 | mean turn reward=+0.128 | mean episode return/seat=+3.39
iter 269/5000 ( 5.38%) | elapsed=4m 37s | eta=1h 21m 27s | loss=0.0424 | eps=0.920 | mean turn reward=+0.132 | mean episode return/seat=+3.44
iter 270/5000 ( 5.40%) | elapsed=4m 38s | eta=1h 21m 24s | loss=0.0439 | eps=0.920 | mean turn reward=+0.132 | mean episode return/seat=+3.44
iter 271/5000 ( 5.42%) | elapsed=4m 39s | eta=1h 21m 24s | loss=0.0458 | eps=0.919 | mean turn reward=+0.133 | mean episode return/seat=+3.53
iter 272/5000 ( 5.44%) | elapsed=4m 40s | eta=1h 21m 23s | loss=0.0374 | eps=0.919 | mean turn reward=+0.131 | mean episode return/seat=+3.43
iter 273/5000 ( 5.46%) | elapsed=4m 42s | eta=1h 21m 22s | loss=0.0392 | eps=0.919 | mean turn reward=+0.134 | mean episode return/seat=+3.53
iter 274/5000 ( 5.48%) | elapsed=4m 42s | eta=1h 21m 20s | loss=0.0524 | eps=0.918 | mean turn reward=+0.132 | mean episode return/seat=+3.50
iter 275/5000 ( 5.50%) | elapsed=4m 43s | eta=1h 21m 18s | loss=0.0489 | eps=0.918 | mean turn reward=+0.129 | mean episode return/seat=+3.36
iter 276/5000 ( 5.52%) | elapsed=4m 44s | eta=1h 21m 16s | loss=0.0429 | eps=0.918 | mean turn reward=+0.133 | mean episode return/seat=+3.48
iter 277/5000 ( 5.54%) | elapsed=4m 45s | eta=1h 21m 14s | loss=0.0433 | eps=0.917 | mean turn reward=+0.128 | mean episode return/seat=+3.33
iter 278/5000 ( 5.56%) | elapsed=4m 46s | eta=1h 21m 14s | loss=0.0405 | eps=0.917 | mean turn reward=+0.134 | mean episode return/seat=+3.54
iter 279/5000 ( 5.58%) | elapsed=4m 48s | eta=1h 21m 14s | loss=0.0449 | eps=0.917 | mean turn reward=+0.132 | mean episode return/seat=+3.48
iter 280/5000 ( 5.60%) | elapsed=4m 49s | eta=1h 21m 12s | loss=0.0496 | eps=0.917 | mean turn reward=+0.132 | mean episode return/seat=+3.47
iter 281/5000 ( 5.62%) | elapsed=4m 49s | eta=1h 21m 10s | loss=0.0427 | eps=0.916 | mean turn reward=+0.133 | mean episode return/seat=+3.49
iter 282/5000 ( 5.64%) | elapsed=4m 50s | eta=1h 21m 08s | loss=0.0458 | eps=0.916 | mean turn reward=+0.133 | mean episode return/seat=+3.53
iter 283/5000 ( 5.66%) | elapsed=4m 51s | eta=1h 21m 05s | loss=0.0456 | eps=0.916 | mean turn reward=+0.134 | mean episode return/seat=+3.53
iter 284/5000 ( 5.68%) | elapsed=4m 53s | eta=1h 21m 05s | loss=0.0390 | eps=0.915 | mean turn reward=+0.133 | mean episode return/seat=+3.53
iter 285/5000 ( 5.70%) | elapsed=4m 54s | eta=1h 21m 05s | loss=0.0467 | eps=0.915 | mean turn reward=+0.130 | mean episode return/seat=+3.40
iter 286/5000 ( 5.72%) | elapsed=4m 55s | eta=1h 21m 03s | loss=0.0394 | eps=0.915 | mean turn reward=+0.132 | mean episode return/seat=+3.43
iter 287/5000 ( 5.74%) | elapsed=4m 56s | eta=1h 21m 00s | loss=0.0453 | eps=0.914 | mean turn reward=+0.135 | mean episode return/seat=+3.59
iter 288/5000 ( 5.76%) | elapsed=4m 56s | eta=1h 20m 58s | loss=0.0484 | eps=0.914 | mean turn reward=+0.129 | mean episode return/seat=+3.38
iter 289/5000 ( 5.78%) | elapsed=4m 57s | eta=1h 20m 56s | loss=0.0412 | eps=0.914 | mean turn reward=+0.132 | mean episode return/seat=+3.44
iter 290/5000 ( 5.80%) | elapsed=4m 59s | eta=1h 20m 56s | loss=0.0370 | eps=0.914 | mean turn reward=+0.132 | mean episode return/seat=+3.46
iter 291/5000 ( 5.82%) | elapsed=5m 00s | eta=1h 20m 56s | loss=0.0451 | eps=0.913 | mean turn reward=+0.133 | mean episode return/seat=+3.51
iter 292/5000 ( 5.84%) | elapsed=5m 01s | eta=1h 20m 56s | loss=0.0429 | eps=0.913 | mean turn reward=+0.133 | mean episode return/seat=+3.48
iter 293/5000 ( 5.86%) | elapsed=5m 02s | eta=1h 20m 54s | loss=0.0408 | eps=0.913 | mean turn reward=+0.134 | mean episode return/seat=+3.55
iter 294/5000 ( 5.88%) | elapsed=5m 03s | eta=1h 20m 52s | loss=0.0453 | eps=0.912 | mean turn reward=+0.131 | mean episode return/seat=+3.44
iter 295/5000 ( 5.90%) | elapsed=5m 04s | eta=1h 20m 51s | loss=0.0470 | eps=0.912 | mean turn reward=+0.131 | mean episode return/seat=+3.44
iter 296/5000 ( 5.92%) | elapsed=5m 05s | eta=1h 20m 49s | loss=0.0426 | eps=0.912 | mean turn reward=+0.130 | mean episode return/seat=+3.40
iter 297/5000 ( 5.94%) | elapsed=5m 06s | eta=1h 20m 49s | loss=0.0447 | eps=0.911 | mean turn reward=+0.135 | mean episode return/seat=+3.58
iter 298/5000 ( 5.96%) | elapsed=5m 07s | eta=1h 20m 49s | loss=0.0423 | eps=0.911 | mean turn reward=+0.131 | mean episode return/seat=+3.42
iter 299/5000 ( 5.98%) | elapsed=5m 08s | eta=1h 20m 47s | loss=0.0401 | eps=0.911 | mean turn reward=+0.131 | mean episode return/seat=+3.45
iter 300/5000 ( 6.00%) | elapsed=5m 09s | eta=1h 20m 45s | loss=0.0406 | eps=0.911 | mean turn reward=+0.131 | mean episode return/seat=+3.46
iter 301/5000 ( 6.02%) | elapsed=5m 10s | eta=1h 20m 43s | loss=0.0430 | eps=0.910 | mean turn reward=+0.131 | mean episode return/seat=+3.44
iter 302/5000 ( 6.04%) | elapsed=5m 11s | eta=1h 20m 41s | loss=0.0445 | eps=0.910 | mean turn reward=+0.133 | mean episode return/seat=+3.51
iter 303/5000 ( 6.06%) | elapsed=5m 12s | eta=1h 20m 39s | loss=0.0400 | eps=0.910 | mean turn reward=+0.131 | mean episode return/seat=+3.44
iter 304/5000 ( 6.08%) | elapsed=5m 13s | eta=1h 20m 39s | loss=0.0363 | eps=0.909 | mean turn reward=+0.133 | mean episode return/seat=+3.49
iter 305/5000 ( 6.10%) | elapsed=5m 14s | eta=1h 20m 39s | loss=0.0457 | eps=0.909 | mean turn reward=+0.133 | mean episode return/seat=+3.48
iter 306/5000 ( 6.12%) | elapsed=5m 15s | eta=1h 20m 38s | loss=0.0377 | eps=0.909 | mean turn reward=+0.132 | mean episode return/seat=+3.49
iter 307/5000 ( 6.14%) | elapsed=5m 16s | eta=1h 20m 36s | loss=0.0395 | eps=0.909 | mean turn reward=+0.135 | mean episode return/seat=+3.58
iter 308/5000 ( 6.16%) | elapsed=5m 17s | eta=1h 20m 34s | loss=0.0424 | eps=0.908 | mean turn reward=+0.131 | mean episode return/seat=+3.44
iter 309/5000 ( 6.18%) | elapsed=5m 18s | eta=1h 20m 32s | loss=0.0482 | eps=0.908 | mean turn reward=+0.134 | mean episode return/seat=+3.56
iter 310/5000 ( 6.20%) | elapsed=5m 19s | eta=1h 20m 32s | loss=0.0433 | eps=0.908 | mean turn reward=+0.132 | mean episode return/seat=+3.47
iter 311/5000 ( 6.22%) | elapsed=5m 20s | eta=1h 20m 32s | loss=0.0476 | eps=0.907 | mean turn reward=+0.131 | mean episode return/seat=+3.44
iter 312/5000 ( 6.24%) | elapsed=5m 21s | eta=1h 20m 30s | loss=0.0496 | eps=0.907 | mean turn reward=+0.133 | mean episode return/seat=+3.50
iter 313/5000 ( 6.26%) | elapsed=5m 22s | eta=1h 20m 28s | loss=0.0489 | eps=0.907 | mean turn reward=+0.133 | mean episode return/seat=+3.51
iter 314/5000 ( 6.28%) | elapsed=5m 23s | eta=1h 20m 26s | loss=0.0453 | eps=0.906 | mean turn reward=+0.133 | mean episode return/seat=+3.49
iter 315/5000 ( 6.30%) | elapsed=5m 24s | eta=1h 20m 24s | loss=0.0438 | eps=0.906 | mean turn reward=+0.133 | mean episode return/seat=+3.49
iter 316/5000 ( 6.32%) | elapsed=5m 25s | eta=1h 20m 24s | loss=0.0483 | eps=0.906 | mean turn reward=+0.134 | mean episode return/seat=+3.51
iter 317/5000 ( 6.34%) | elapsed=5m 26s | eta=1h 20m 25s | loss=0.0405 | eps=0.906 | mean turn reward=+0.133 | mean episode return/seat=+3.48
iter 318/5000 ( 6.36%) | elapsed=5m 27s | eta=1h 20m 24s | loss=0.0412 | eps=0.905 | mean turn reward=+0.133 | mean episode return/seat=+3.48
iter 319/5000 ( 6.38%) | elapsed=5m 28s | eta=1h 20m 22s | loss=0.0390 | eps=0.905 | mean turn reward=+0.134 | mean episode return/seat=+3.55
iter 320/5000 ( 6.40%) | elapsed=5m 29s | eta=1h 20m 20s | loss=0.0411 | eps=0.905 | mean turn reward=+0.130 | mean episode return/seat=+3.37
iter 321/5000 ( 6.42%) | elapsed=5m 30s | eta=1h 20m 18s | loss=0.0372 | eps=0.904 | mean turn reward=+0.137 | mean episode return/seat=+3.67
iter 322/5000 ( 6.44%) | elapsed=5m 31s | eta=1h 20m 16s | loss=0.0412 | eps=0.904 | mean turn reward=+0.132 | mean episode return/seat=+3.50
iter 323/5000 ( 6.46%) | elapsed=5m 32s | eta=1h 20m 16s | loss=0.0390 | eps=0.904 | mean turn reward=+0.134 | mean episode return/seat=+3.49
iter 324/5000 ( 6.48%) | elapsed=5m 33s | eta=1h 20m 17s | loss=0.0452 | eps=0.903 | mean turn reward=+0.131 | mean episode return/seat=+3.44
iter 325/5000 ( 6.50%) | elapsed=5m 34s | eta=1h 20m 15s | loss=0.0460 | eps=0.903 | mean turn reward=+0.133 | mean episode return/seat=+3.53
iter 326/5000 ( 6.52%) | elapsed=5m 35s | eta=1h 20m 13s | loss=0.0397 | eps=0.903 | mean turn reward=+0.133 | mean episode return/seat=+3.51
iter 327/5000 ( 6.54%) | elapsed=5m 36s | eta=1h 20m 11s | loss=0.0408 | eps=0.903 | mean turn reward=+0.133 | mean episode return/seat=+3.48
iter 328/5000 ( 6.56%) | elapsed=5m 37s | eta=1h 20m 10s | loss=0.0449 | eps=0.902 | mean turn reward=+0.133 | mean episode return/seat=+3.54
iter 329/5000 ( 6.58%) | elapsed=5m 38s | eta=1h 20m 09s | loss=0.0396 | eps=0.902 | mean turn reward=+0.132 | mean episode return/seat=+3.43
iter 330/5000 ( 6.60%) | elapsed=5m 39s | eta=1h 20m 10s | loss=0.0424 | eps=0.902 | mean turn reward=+0.130 | mean episode return/seat=+3.42
iter 331/5000 ( 6.62%) | elapsed=5m 40s | eta=1h 20m 09s | loss=0.0443 | eps=0.901 | mean turn reward=+0.133 | mean episode return/seat=+3.48
iter 332/5000 ( 6.64%) | elapsed=5m 41s | eta=1h 20m 07s | loss=0.0412 | eps=0.901 | mean turn reward=+0.131 | mean episode return/seat=+3.43
iter 333/5000 ( 6.66%) | elapsed=5m 42s | eta=1h 20m 06s | loss=0.0446 | eps=0.901 | mean turn reward=+0.135 | mean episode return/seat=+3.58
iter 334/5000 ( 6.68%) | elapsed=5m 43s | eta=1h 20m 04s | loss=0.0427 | eps=0.900 | mean turn reward=+0.132 | mean episode return/seat=+3.51
iter 335/5000 ( 6.70%) | elapsed=5m 45s | eta=1h 20m 04s | loss=0.0402 | eps=0.900 | mean turn reward=+0.133 | mean episode return/seat=+3.48
iter 336/5000 ( 6.72%) | elapsed=5m 46s | eta=1h 20m 04s | loss=0.0434 | eps=0.900 | mean turn reward=+0.135 | mean episode return/seat=+3.60
iter 337/5000 ( 6.74%) | elapsed=5m 47s | eta=1h 20m 05s | loss=0.0399 | eps=0.900 | mean turn reward=+0.134 | mean episode return/seat=+3.51
iter 338/5000 ( 6.76%) | elapsed=5m 48s | eta=1h 20m 03s | loss=0.0421 | eps=0.899 | mean turn reward=+0.130 | mean episode return/seat=+3.40
iter 339/5000 ( 6.78%) | elapsed=5m 49s | eta=1h 20m 01s | loss=0.0425 | eps=0.899 | mean turn reward=+0.133 | mean episode return/seat=+3.49
iter 340/5000 ( 6.80%) | elapsed=5m 50s | eta=1h 20m 00s | loss=0.0395 | eps=0.899 | mean turn reward=+0.133 | mean episode return/seat=+3.51
iter 341/5000 ( 6.82%) | elapsed=5m 51s | eta=1h 19m 59s | loss=0.0391 | eps=0.898 | mean turn reward=+0.133 | mean episode return/seat=+3.46
iter 342/5000 ( 6.84%) | elapsed=5m 52s | eta=1h 19m 59s | loss=0.0416 | eps=0.898 | mean turn reward=+0.133 | mean episode return/seat=+3.49
iter 343/5000 ( 6.86%) | elapsed=5m 53s | eta=1h 19m 59s | loss=0.0395 | eps=0.898 | mean turn reward=+0.134 | mean episode return/seat=+3.55
iter 344/5000 ( 6.88%) | elapsed=5m 54s | eta=1h 19m 58s | loss=0.0421 | eps=0.897 | mean turn reward=+0.134 | mean episode return/seat=+3.52
iter 345/5000 ( 6.90%) | elapsed=5m 55s | eta=1h 19m 56s | loss=0.0461 | eps=0.897 | mean turn reward=+0.133 | mean episode return/seat=+3.51
iter 346/5000 ( 6.92%) | elapsed=5m 56s | eta=1h 19m 55s | loss=0.0457 | eps=0.897 | mean turn reward=+0.134 | mean episode return/seat=+3.55
iter 347/5000 ( 6.94%) | elapsed=5m 57s | eta=1h 19m 53s | loss=0.0437 | eps=0.897 | mean turn reward=+0.133 | mean episode return/seat=+3.50
iter 348/5000 ( 6.96%) | elapsed=5m 58s | eta=1h 19m 52s | loss=0.0470 | eps=0.896 | mean turn reward=+0.134 | mean episode return/seat=+3.51
iter 349/5000 ( 6.98%) | elapsed=5m 59s | eta=1h 19m 52s | loss=0.0439 | eps=0.896 | mean turn reward=+0.134 | mean episode return/seat=+3.55
iter 350/5000 ( 7.00%) | elapsed=6m 00s | eta=1h 19m 51s | loss=0.0408 | eps=0.896 | mean turn reward=+0.134 | mean episode return/seat=+3.52
iter 351/5000 ( 7.02%) | elapsed=6m 01s | eta=1h 19m 50s | loss=0.0433 | eps=0.895 | mean turn reward=+0.133 | mean episode return/seat=+3.52
iter 352/5000 ( 7.04%) | elapsed=6m 02s | eta=1h 19m 49s | loss=0.0428 | eps=0.895 | mean turn reward=+0.134 | mean episode return/seat=+3.50
iter 353/5000 ( 7.06%) | elapsed=6m 03s | eta=1h 19m 47s | loss=0.0377 | eps=0.895 | mean turn reward=+0.135 | mean episode return/seat=+3.55
iter 354/5000 ( 7.08%) | elapsed=6m 04s | eta=1h 19m 45s | loss=0.0468 | eps=0.894 | mean turn reward=+0.131 | mean episode return/seat=+3.41
iter 355/5000 ( 7.10%) | elapsed=6m 05s | eta=1h 19m 45s | loss=0.0397 | eps=0.894 | mean turn reward=+0.131 | mean episode return/seat=+3.42
iter 356/5000 ( 7.12%) | elapsed=6m 06s | eta=1h 19m 45s | loss=0.0423 | eps=0.894 | mean turn reward=+0.131 | mean episode return/seat=+3.48
iter 357/5000 ( 7.14%) | elapsed=6m 07s | eta=1h 19m 43s | loss=0.0436 | eps=0.894 | mean turn reward=+0.134 | mean episode return/seat=+3.57
iter 358/5000 ( 7.16%) | elapsed=6m 08s | eta=1h 19m 42s | loss=0.0402 | eps=0.893 | mean turn reward=+0.132 | mean episode return/seat=+3.45
iter 359/5000 ( 7.18%) | elapsed=6m 09s | eta=1h 19m 40s | loss=0.0416 | eps=0.893 | mean turn reward=+0.132 | mean episode return/seat=+3.47
iter 360/5000 ( 7.20%) | elapsed=6m 10s | eta=1h 19m 38s | loss=0.0512 | eps=0.893 | mean turn reward=+0.133 | mean episode return/seat=+3.49
iter 361/5000 ( 7.22%) | elapsed=6m 11s | eta=1h 19m 37s | loss=0.0433 | eps=0.892 | mean turn reward=+0.134 | mean episode return/seat=+3.54
iter 362/5000 ( 7.24%) | elapsed=6m 12s | eta=1h 19m 37s | loss=0.0364 | eps=0.892 | mean turn reward=+0.134 | mean episode return/seat=+3.54
iter 363/5000 ( 7.26%) | elapsed=6m 13s | eta=1h 19m 36s | loss=0.0389 | eps=0.892 | mean turn reward=+0.135 | mean episode return/seat=+3.58
iter 364/5000 ( 7.28%) | elapsed=6m 14s | eta=1h 19m 35s | loss=0.0400 | eps=0.892 | mean turn reward=+0.133 | mean episode return/seat=+3.52
iter 365/5000 ( 7.30%) | elapsed=6m 15s | eta=1h 19m 33s | loss=0.0361 | eps=0.891 | mean turn reward=+0.132 | mean episode return/seat=+3.46
iter 366/5000 ( 7.32%) | elapsed=6m 16s | eta=1h 19m 32s | loss=0.0475 | eps=0.891 | mean turn reward=+0.134 | mean episode return/seat=+3.54
iter 367/5000 ( 7.34%) | elapsed=6m 17s | eta=1h 19m 30s | loss=0.0407 | eps=0.891 | mean turn reward=+0.134 | mean episode return/seat=+3.51
iter 368/5000 ( 7.36%) | elapsed=6m 19s | eta=1h 19m 30s | loss=0.0317 | eps=0.890 | mean turn reward=+0.133 | mean episode return/seat=+3.54
iter 369/5000 ( 7.38%) | elapsed=6m 20s | eta=1h 19m 30s | loss=0.0439 | eps=0.890 | mean turn reward=+0.135 | mean episode return/seat=+3.52
iter 370/5000 ( 7.40%) | elapsed=6m 21s | eta=1h 19m 29s | loss=0.0343 | eps=0.890 | mean turn reward=+0.132 | mean episode return/seat=+3.51
iter 371/5000 ( 7.42%) | elapsed=6m 22s | eta=1h 19m 28s | loss=0.0433 | eps=0.889 | mean turn reward=+0.133 | mean episode return/seat=+3.48
iter 372/5000 ( 7.44%) | elapsed=6m 23s | eta=1h 19m 26s | loss=0.0394 | eps=0.889 | mean turn reward=+0.135 | mean episode return/seat=+3.60
iter 373/5000 ( 7.46%) | elapsed=6m 24s | eta=1h 19m 25s | loss=0.0445 | eps=0.889 | mean turn reward=+0.136 | mean episode return/seat=+3.55
iter 374/5000 ( 7.48%) | elapsed=6m 25s | eta=1h 19m 25s | loss=0.0495 | eps=0.889 | mean turn reward=+0.132 | mean episode return/seat=+3.44
iter 375/5000 ( 7.50%) | elapsed=6m 26s | eta=1h 19m 26s | loss=0.0383 | eps=0.888 | mean turn reward=+0.133 | mean episode return/seat=+3.52
iter 376/5000 ( 7.52%) | elapsed=6m 27s | eta=1h 19m 25s | loss=0.0408 | eps=0.888 | mean turn reward=+0.135 | mean episode return/seat=+3.50
iter 377/5000 ( 7.54%) | elapsed=6m 28s | eta=1h 19m 24s | loss=0.0424 | eps=0.888 | mean turn reward=+0.133 | mean episode return/seat=+3.52
iter 378/5000 ( 7.56%) | elapsed=6m 29s | eta=1h 19m 22s | loss=0.0451 | eps=0.887 | mean turn reward=+0.134 | mean episode return/seat=+3.53
iter 379/5000 ( 7.58%) | elapsed=6m 30s | eta=1h 19m 21s | loss=0.0445 | eps=0.887 | mean turn reward=+0.136 | mean episode return/seat=+3.61
iter 380/5000 ( 7.60%) | elapsed=6m 31s | eta=1h 19m 19s | loss=0.0412 | eps=0.887 | mean turn reward=+0.134 | mean episode return/seat=+3.54
iter 381/5000 ( 7.62%) | elapsed=6m 32s | eta=1h 19m 20s | loss=0.0407 | eps=0.886 | mean turn reward=+0.133 | mean episode return/seat=+3.49
iter 382/5000 ( 7.64%) | elapsed=6m 33s | eta=1h 19m 20s | loss=0.0446 | eps=0.886 | mean turn reward=+0.135 | mean episode return/seat=+3.56
iter 383/5000 ( 7.66%) | elapsed=6m 34s | eta=1h 19m 19s | loss=0.0393 | eps=0.886 | mean turn reward=+0.135 | mean episode return/seat=+3.52
iter 384/5000 ( 7.68%) | elapsed=6m 35s | eta=1h 19m 18s | loss=0.0421 | eps=0.886 | mean turn reward=+0.133 | mean episode return/seat=+3.47
iter 385/5000 ( 7.70%) | elapsed=6m 36s | eta=1h 19m 17s | loss=0.0413 | eps=0.885 | mean turn reward=+0.135 | mean episode return/seat=+3.60
iter 386/5000 ( 7.72%) | elapsed=6m 37s | eta=1h 19m 15s | loss=0.0442 | eps=0.885 | mean turn reward=+0.132 | mean episode return/seat=+3.44
iter 387/5000 ( 7.74%) | elapsed=6m 38s | eta=1h 19m 14s | loss=0.0366 | eps=0.885 | mean turn reward=+0.135 | mean episode return/seat=+3.53
iter 388/5000 ( 7.76%) | elapsed=6m 40s | eta=1h 19m 15s | loss=0.0410 | eps=0.884 | mean turn reward=+0.134 | mean episode return/seat=+3.58
iter 389/5000 ( 7.78%) | elapsed=6m 41s | eta=1h 19m 14s | loss=0.0368 | eps=0.884 | mean turn reward=+0.133 | mean episode return/seat=+3.47
iter 390/5000 ( 7.80%) | elapsed=6m 42s | eta=1h 19m 13s | loss=0.0423 | eps=0.884 | mean turn reward=+0.134 | mean episode return/seat=+3.52
iter 391/5000 ( 7.82%) | elapsed=6m 43s | eta=1h 19m 11s | loss=0.0446 | eps=0.883 | mean turn reward=+0.132 | mean episode return/seat=+3.45
iter 392/5000 ( 7.84%) | elapsed=6m 44s | eta=1h 19m 09s | loss=0.0438 | eps=0.883 | mean turn reward=+0.134 | mean episode return/seat=+3.52
iter 393/5000 ( 7.86%) | elapsed=6m 45s | eta=1h 19m 09s | loss=0.0437 | eps=0.883 | mean turn reward=+0.133 | mean episode return/seat=+3.47
iter 394/5000 ( 7.88%) | elapsed=6m 46s | eta=1h 19m 09s | loss=0.0408 | eps=0.883 | mean turn reward=+0.137 | mean episode return/seat=+3.65
iter 395/5000 ( 7.90%) | elapsed=6m 47s | eta=1h 19m 08s | loss=0.0385 | eps=0.882 | mean turn reward=+0.131 | mean episode return/seat=+3.45
iter 396/5000 ( 7.92%) | elapsed=6m 48s | eta=1h 19m 07s | loss=0.0355 | eps=0.882 | mean turn reward=+0.134 | mean episode return/seat=+3.50
iter 397/5000 ( 7.94%) | elapsed=6m 49s | eta=1h 19m 05s | loss=0.0440 | eps=0.882 | mean turn reward=+0.134 | mean episode return/seat=+3.54
iter 398/5000 ( 7.96%) | elapsed=6m 50s | eta=1h 19m 03s | loss=0.0400 | eps=0.881 | mean turn reward=+0.133 | mean episode return/seat=+3.50
iter 399/5000 ( 7.98%) | elapsed=6m 51s | eta=1h 19m 03s | loss=0.0379 | eps=0.881 | mean turn reward=+0.133 | mean episode return/seat=+3.49
iter 400/5000 ( 8.00%) | elapsed=6m 52s | eta=1h 19m 02s | loss=0.0410 | eps=0.881 | mean turn reward=+0.134 | mean episode return/seat=+3.51
iter 401/5000 ( 8.02%) | elapsed=6m 53s | eta=1h 19m 02s | loss=0.0416 | eps=0.880 | mean turn reward=+0.135 | mean episode return/seat=+3.55
iter 402/5000 ( 8.04%) | elapsed=6m 54s | eta=1h 19m 01s | loss=0.0403 | eps=0.880 | mean turn reward=+0.133 | mean episode return/seat=+3.52
iter 403/5000 ( 8.06%) | elapsed=6m 55s | eta=1h 19m 00s | loss=0.0368 | eps=0.880 | mean turn reward=+0.134 | mean episode return/seat=+3.53
iter 404/5000 ( 8.08%) | elapsed=6m 56s | eta=1h 18m 58s | loss=0.0387 | eps=0.880 | mean turn reward=+0.136 | mean episode return/seat=+3.56
iter 405/5000 ( 8.10%) | elapsed=6m 57s | eta=1h 18m 57s | loss=0.0405 | eps=0.879 | mean turn reward=+0.132 | mean episode return/seat=+3.45
iter 406/5000 ( 8.12%) | elapsed=6m 58s | eta=1h 18m 56s | loss=0.0409 | eps=0.879 | mean turn reward=+0.132 | mean episode return/seat=+3.50
iter 407/5000 ( 8.14%) | elapsed=6m 59s | eta=1h 18m 56s | loss=0.0462 | eps=0.879 | mean turn reward=+0.136 | mean episode return/seat=+3.63
iter 408/5000 ( 8.16%) | elapsed=7m 00s | eta=1h 18m 55s | loss=0.0403 | eps=0.878 | mean turn reward=+0.137 | mean episode return/seat=+3.63
iter 409/5000 ( 8.18%) | elapsed=7m 01s | eta=1h 18m 53s | loss=0.0427 | eps=0.878 | mean turn reward=+0.133 | mean episode return/seat=+3.47
iter 410/5000 ( 8.20%) | elapsed=7m 02s | eta=1h 18m 52s | loss=0.0417 | eps=0.878 | mean turn reward=+0.136 | mean episode return/seat=+3.63
iter 411/5000 ( 8.22%) | elapsed=7m 03s | eta=1h 18m 51s | loss=0.0421 | eps=0.878 | mean turn reward=+0.134 | mean episode return/seat=+3.53
iter 412/5000 ( 8.24%) | elapsed=7m 04s | eta=1h 18m 50s | loss=0.0406 | eps=0.877 | mean turn reward=+0.133 | mean episode return/seat=+3.46
iter 413/5000 ( 8.26%) | elapsed=7m 05s | eta=1h 18m 49s | loss=0.0339 | eps=0.877 | mean turn reward=+0.134 | mean episode return/seat=+3.50
iter 414/5000 ( 8.28%) | elapsed=7m 06s | eta=1h 18m 49s | loss=0.0352 | eps=0.877 | mean turn reward=+0.137 | mean episode return/seat=+3.67
iter 415/5000 ( 8.30%) | elapsed=7m 08s | eta=1h 18m 48s | loss=0.0465 | eps=0.876 | mean turn reward=+0.135 | mean episode return/seat=+3.53
iter 416/5000 ( 8.32%) | elapsed=7m 09s | eta=1h 18m 47s | loss=0.0454 | eps=0.876 | mean turn reward=+0.134 | mean episode return/seat=+3.52
iter 417/5000 ( 8.34%) | elapsed=7m 10s | eta=1h 18m 46s | loss=0.0419 | eps=0.876 | mean turn reward=+0.136 | mean episode return/seat=+3.61
iter 418/5000 ( 8.36%) | elapsed=7m 10s | eta=1h 18m 44s | loss=0.0372 | eps=0.875 | mean turn reward=+0.135 | mean episode return/seat=+3.58
iter 419/5000 ( 8.38%) | elapsed=7m 12s | eta=1h 18m 44s | loss=0.0459 | eps=0.875 | mean turn reward=+0.131 | mean episode return/seat=+3.42
iter 420/5000 ( 8.40%) | elapsed=7m 13s | eta=1h 18m 43s | loss=0.0405 | eps=0.875 | mean turn reward=+0.133 | mean episode return/seat=+3.47
iter 421/5000 ( 8.42%) | elapsed=7m 14s | eta=1h 18m 43s | loss=0.0346 | eps=0.875 | mean turn reward=+0.135 | mean episode return/seat=+3.52
iter 422/5000 ( 8.44%) | elapsed=7m 15s | eta=1h 18m 41s | loss=0.0394 | eps=0.874 | mean turn reward=+0.135 | mean episode return/seat=+3.60
iter 423/5000 ( 8.46%) | elapsed=7m 16s | eta=1h 18m 39s | loss=0.0378 | eps=0.874 | mean turn reward=+0.133 | mean episode return/seat=+3.49
iter 424/5000 ( 8.48%) | elapsed=7m 17s | eta=1h 18m 38s | loss=0.0429 | eps=0.874 | mean turn reward=+0.132 | mean episode return/seat=+3.47
iter 425/5000 ( 8.50%) | elapsed=7m 18s | eta=1h 18m 37s | loss=0.0377 | eps=0.873 | mean turn reward=+0.132 | mean episode return/seat=+3.44
iter 426/5000 ( 8.52%) | elapsed=7m 19s | eta=1h 18m 37s | loss=0.0390 | eps=0.873 | mean turn reward=+0.134 | mean episode return/seat=+3.51
iter 427/5000 ( 8.54%) | elapsed=7m 20s | eta=1h 18m 37s | loss=0.0371 | eps=0.873 | mean turn reward=+0.135 | mean episode return/seat=+3.55
iter 428/5000 ( 8.56%) | elapsed=7m 21s | eta=1h 18m 37s | loss=0.0400 | eps=0.872 | mean turn reward=+0.133 | mean episode return/seat=+3.50
iter 429/5000 ( 8.58%) | elapsed=7m 22s | eta=1h 18m 35s | loss=0.0446 | eps=0.872 | mean turn reward=+0.135 | mean episode return/seat=+3.59
iter 430/5000 ( 8.60%) | elapsed=7m 23s | eta=1h 18m 34s | loss=0.0460 | eps=0.872 | mean turn reward=+0.134 | mean episode return/seat=+3.55
iter 431/5000 ( 8.62%) | elapsed=7m 24s | eta=1h 18m 33s | loss=0.0392 | eps=0.872 | mean turn reward=+0.135 | mean episode return/seat=+3.61
iter 432/5000 ( 8.64%) | elapsed=7m 25s | eta=1h 18m 32s | loss=0.0387 | eps=0.871 | mean turn reward=+0.134 | mean episode return/seat=+3.48
iter 433/5000 ( 8.66%) | elapsed=7m 26s | eta=1h 18m 32s | loss=0.0421 | eps=0.871 | mean turn reward=+0.135 | mean episode return/seat=+3.55
iter 434/5000 ( 8.68%) | elapsed=7m 27s | eta=1h 18m 31s | loss=0.0412 | eps=0.871 | mean turn reward=+0.133 | mean episode return/seat=+3.48
iter 435/5000 ( 8.70%) | elapsed=7m 28s | eta=1h 18m 29s | loss=0.0372 | eps=0.870 | mean turn reward=+0.135 | mean episode return/seat=+3.58
iter 436/5000 ( 8.72%) | elapsed=7m 29s | eta=1h 18m 28s | loss=0.0382 | eps=0.870 | mean turn reward=+0.133 | mean episode return/seat=+3.49
iter 437/5000 ( 8.74%) | elapsed=7m 30s | eta=1h 18m 26s | loss=0.0411 | eps=0.870 | mean turn reward=+0.131 | mean episode return/seat=+3.42
iter 438/5000 ( 8.76%) | elapsed=7m 31s | eta=1h 18m 26s | loss=0.0352 | eps=0.869 | mean turn reward=+0.136 | mean episode return/seat=+3.55
iter 439/5000 ( 8.78%) | elapsed=7m 33s | eta=1h 18m 26s | loss=0.0366 | eps=0.869 | mean turn reward=+0.134 | mean episode return/seat=+3.55
iter 440/5000 ( 8.80%) | elapsed=7m 34s | eta=1h 18m 26s | loss=0.0431 | eps=0.869 | mean turn reward=+0.134 | mean episode return/seat=+3.52
iter 441/5000 ( 8.82%) | elapsed=7m 35s | eta=1h 18m 25s | loss=0.0377 | eps=0.869 | mean turn reward=+0.135 | mean episode return/seat=+3.58
iter 442/5000 ( 8.84%) | elapsed=7m 36s | eta=1h 18m 23s | loss=0.0416 | eps=0.868 | mean turn reward=+0.135 | mean episode return/seat=+3.57
iter 443/5000 ( 8.86%) | elapsed=7m 37s | eta=1h 18m 22s | loss=0.0385 | eps=0.868 | mean turn reward=+0.133 | mean episode return/seat=+3.47
iter 444/5000 ( 8.88%) | elapsed=7m 38s | eta=1h 18m 21s | loss=0.0381 | eps=0.868 | mean turn reward=+0.136 | mean episode return/seat=+3.61
iter 445/5000 ( 8.90%) | elapsed=7m 39s | eta=1h 18m 20s | loss=0.0367 | eps=0.867 | mean turn reward=+0.135 | mean episode return/seat=+3.53
iter 446/5000 ( 8.92%) | elapsed=7m 40s | eta=1h 18m 20s | loss=0.0392 | eps=0.867 | mean turn reward=+0.133 | mean episode return/seat=+3.49
iter 447/5000 ( 8.94%) | elapsed=7m 41s | eta=1h 18m 19s | loss=0.0406 | eps=0.867 | mean turn reward=+0.136 | mean episode return/seat=+3.58
iter 448/5000 ( 8.96%) | elapsed=7m 42s | eta=1h 18m 17s | loss=0.0409 | eps=0.866 | mean turn reward=+0.133 | mean episode return/seat=+3.50
iter 449/5000 ( 8.98%) | elapsed=7m 43s | eta=1h 18m 16s | loss=0.0403 | eps=0.866 | mean turn reward=+0.135 | mean episode return/seat=+3.56
iter 450/5000 ( 9.00%) | elapsed=7m 44s | eta=1h 18m 14s | loss=0.0332 | eps=0.866 | mean turn reward=+0.135 | mean episode return/seat=+3.63
iter 451/5000 ( 9.02%) | elapsed=7m 45s | eta=1h 18m 13s | loss=0.0373 | eps=0.866 | mean turn reward=+0.135 | mean episode return/seat=+3.60
iter 452/5000 ( 9.04%) | elapsed=7m 46s | eta=1h 18m 12s | loss=0.0387 | eps=0.865 | mean turn reward=+0.132 | mean episode return/seat=+3.46
iter 453/5000 ( 9.06%) | elapsed=7m 47s | eta=1h 18m 12s | loss=0.0361 | eps=0.865 | mean turn reward=+0.136 | mean episode return/seat=+3.65
iter 454/5000 ( 9.08%) | elapsed=7m 48s | eta=1h 18m 11s | loss=0.0396 | eps=0.865 | mean turn reward=+0.137 | mean episode return/seat=+3.62
iter 455/5000 ( 9.10%) | elapsed=7m 49s | eta=1h 18m 10s | loss=0.0392 | eps=0.864 | mean turn reward=+0.137 | mean episode return/seat=+3.65
iter 456/5000 ( 9.12%) | elapsed=7m 50s | eta=1h 18m 09s | loss=0.0422 | eps=0.864 | mean turn reward=+0.133 | mean episode return/seat=+3.50
iter 457/5000 ( 9.14%) | elapsed=7m 51s | eta=1h 18m 08s | loss=0.0431 | eps=0.864 | mean turn reward=+0.137 | mean episode return/seat=+3.61
iter 458/5000 ( 9.16%) | elapsed=7m 52s | eta=1h 18m 07s | loss=0.0368 | eps=0.864 | mean turn reward=+0.135 | mean episode return/seat=+3.57
iter 459/5000 ( 9.18%) | elapsed=7m 53s | eta=1h 18m 07s | loss=0.0440 | eps=0.863 | mean turn reward=+0.135 | mean episode return/seat=+3.56
iter 460/5000 ( 9.20%) | elapsed=7m 54s | eta=1h 18m 05s | loss=0.0401 | eps=0.863 | mean turn reward=+0.134 | mean episode return/seat=+3.51
iter 461/5000 ( 9.22%) | elapsed=7m 55s | eta=1h 18m 04s | loss=0.0376 | eps=0.863 | mean turn reward=+0.134 | mean episode return/seat=+3.52
iter 462/5000 ( 9.24%) | elapsed=7m 56s | eta=1h 18m 02s | loss=0.0364 | eps=0.862 | mean turn reward=+0.137 | mean episode return/seat=+3.71
iter 463/5000 ( 9.26%) | elapsed=7m 57s | eta=1h 18m 02s | loss=0.0324 | eps=0.862 | mean turn reward=+0.136 | mean episode return/seat=+3.57
iter 464/5000 ( 9.28%) | elapsed=7m 58s | eta=1h 18m 01s | loss=0.0407 | eps=0.862 | mean turn reward=+0.133 | mean episode return/seat=+3.51
iter 465/5000 ( 9.30%) | elapsed=7m 59s | eta=1h 18m 01s | loss=0.0429 | eps=0.861 | mean turn reward=+0.133 | mean episode return/seat=+3.47
iter 466/5000 ( 9.32%) | elapsed=8m 01s | eta=1h 18m 00s | loss=0.0416 | eps=0.861 | mean turn reward=+0.133 | mean episode return/seat=+3.50
iter 467/5000 ( 9.34%) | elapsed=8m 02s | eta=1h 17m 59s | loss=0.0309 | eps=0.861 | mean turn reward=+0.139 | mean episode return/seat=+3.69
iter 468/5000 ( 9.36%) | elapsed=8m 03s | eta=1h 17m 58s | loss=0.0381 | eps=0.861 | mean turn reward=+0.135 | mean episode return/seat=+3.58
iter 469/5000 ( 9.38%) | elapsed=8m 04s | eta=1h 17m 56s | loss=0.0351 | eps=0.860 | mean turn reward=+0.136 | mean episode return/seat=+3.63
iter 470/5000 ( 9.40%) | elapsed=8m 05s | eta=1h 17m 56s | loss=0.0377 | eps=0.860 | mean turn reward=+0.137 | mean episode return/seat=+3.66
iter 471/5000 ( 9.42%) | elapsed=8m 06s | eta=1h 17m 55s | loss=0.0383 | eps=0.860 | mean turn reward=+0.134 | mean episode return/seat=+3.49
iter 472/5000 ( 9.44%) | elapsed=8m 07s | eta=1h 17m 55s | loss=0.0361 | eps=0.859 | mean turn reward=+0.134 | mean episode return/seat=+3.58
iter 473/5000 ( 9.46%) | elapsed=8m 08s | eta=1h 17m 54s | loss=0.0346 | eps=0.859 | mean turn reward=+0.137 | mean episode return/seat=+3.57
iter 474/5000 ( 9.48%) | elapsed=8m 09s | eta=1h 17m 52s | loss=0.0363 | eps=0.859 | mean turn reward=+0.135 | mean episode return/seat=+3.57
iter 475/5000 ( 9.50%) | elapsed=8m 10s | eta=1h 17m 50s | loss=0.0333 | eps=0.858 | mean turn reward=+0.134 | mean episode return/seat=+3.51
iter 476/5000 ( 9.52%) | elapsed=8m 11s | eta=1h 17m 50s | loss=0.0390 | eps=0.858 | mean turn reward=+0.135 | mean episode return/seat=+3.58
iter 477/5000 ( 9.54%) | elapsed=8m 12s | eta=1h 17m 49s | loss=0.0405 | eps=0.858 | mean turn reward=+0.134 | mean episode return/seat=+3.50
iter 478/5000 ( 9.56%) | elapsed=8m 13s | eta=1h 17m 49s | loss=0.0380 | eps=0.858 | mean turn reward=+0.135 | mean episode return/seat=+3.51
iter 479/5000 ( 9.58%) | elapsed=8m 14s | eta=1h 17m 47s | loss=0.0384 | eps=0.857 | mean turn reward=+0.135 | mean episode return/seat=+3.53
iter 480/5000 ( 9.60%) | elapsed=8m 15s | eta=1h 17m 47s | loss=0.0359 | eps=0.857 | mean turn reward=+0.136 | mean episode return/seat=+3.63
iter 481/5000 ( 9.62%) | elapsed=8m 16s | eta=1h 17m 45s | loss=0.0346 | eps=0.857 | mean turn reward=+0.135 | mean episode return/seat=+3.52
iter 482/5000 ( 9.64%) | elapsed=8m 17s | eta=1h 17m 44s | loss=0.0459 | eps=0.856 | mean turn reward=+0.136 | mean episode return/seat=+3.60
iter 483/5000 ( 9.66%) | elapsed=8m 18s | eta=1h 17m 43s | loss=0.0339 | eps=0.856 | mean turn reward=+0.133 | mean episode return/seat=+3.49
iter 484/5000 ( 9.68%) | elapsed=8m 19s | eta=1h 17m 43s | loss=0.0328 | eps=0.856 | mean turn reward=+0.133 | mean episode return/seat=+3.46
iter 485/5000 ( 9.70%) | elapsed=8m 20s | eta=1h 17m 43s | loss=0.0364 | eps=0.855 | mean turn reward=+0.136 | mean episode return/seat=+3.58
iter 486/5000 ( 9.72%) | elapsed=8m 21s | eta=1h 17m 41s | loss=0.0364 | eps=0.855 | mean turn reward=+0.133 | mean episode return/seat=+3.47
iter 487/5000 ( 9.74%) | elapsed=8m 22s | eta=1h 17m 40s | loss=0.0349 | eps=0.855 | mean turn reward=+0.135 | mean episode return/seat=+3.56
iter 488/5000 ( 9.76%) | elapsed=8m 23s | eta=1h 17m 39s | loss=0.0456 | eps=0.855 | mean turn reward=+0.134 | mean episode return/seat=+3.49
iter 489/5000 ( 9.78%) | elapsed=8m 24s | eta=1h 17m 38s | loss=0.0349 | eps=0.854 | mean turn reward=+0.137 | mean episode return/seat=+3.62
iter 490/5000 ( 9.80%) | elapsed=8m 26s | eta=1h 17m 38s | loss=0.0354 | eps=0.854 | mean turn reward=+0.136 | mean episode return/seat=+3.62
iter 491/5000 ( 9.82%) | elapsed=8m 27s | eta=1h 17m 38s | loss=0.0381 | eps=0.854 | mean turn reward=+0.135 | mean episode return/seat=+3.51
iter 492/5000 ( 9.84%) | elapsed=8m 28s | eta=1h 17m 36s | loss=0.0387 | eps=0.853 | mean turn reward=+0.134 | mean episode return/seat=+3.54
iter 493/5000 ( 9.86%) | elapsed=8m 29s | eta=1h 17m 35s | loss=0.0378 | eps=0.853 | mean turn reward=+0.139 | mean episode return/seat=+3.69
iter 494/5000 ( 9.88%) | elapsed=8m 30s | eta=1h 17m 34s | loss=0.0389 | eps=0.853 | mean turn reward=+0.136 | mean episode return/seat=+3.63
iter 495/5000 ( 9.90%) | elapsed=8m 31s | eta=1h 17m 33s | loss=0.0316 | eps=0.852 | mean turn reward=+0.135 | mean episode return/seat=+3.54
iter 496/5000 ( 9.92%) | elapsed=8m 32s | eta=1h 17m 32s | loss=0.0345 | eps=0.852 | mean turn reward=+0.137 | mean episode return/seat=+3.66
iter 497/5000 ( 9.94%) | elapsed=8m 33s | eta=1h 17m 32s | loss=0.0381 | eps=0.852 | mean turn reward=+0.136 | mean episode return/seat=+3.60
iter 498/5000 ( 9.96%) | elapsed=8m 34s | eta=1h 17m 31s | loss=0.0340 | eps=0.852 | mean turn reward=+0.136 | mean episode return/seat=+3.61
iter 499/5000 ( 9.98%) | elapsed=8m 35s | eta=1h 17m 29s | loss=0.0356 | eps=0.851 | mean turn reward=+0.133 | mean episode return/seat=+3.55
iter 500/5000 (10.00%) | elapsed=8m 36s | eta=1h 17m 28s | loss=0.0405 | eps=0.851 | mean turn reward=+0.133 | mean episode return/seat=+3.47
iter 501/5000 (10.02%) | elapsed=8m 37s | eta=1h 17m 27s | loss=0.0358 | eps=0.851 | mean turn reward=+0.134 | mean episode return/seat=+3.54
iter 502/5000 (10.04%) | elapsed=8m 38s | eta=1h 17m 25s | loss=0.0384 | eps=0.850 | mean turn reward=+0.134 | mean episode return/seat=+3.54
iter 503/5000 (10.06%) | elapsed=8m 39s | eta=1h 17m 25s | loss=0.0389 | eps=0.850 | mean turn reward=+0.136 | mean episode return/seat=+3.60
iter 504/5000 (10.08%) | elapsed=8m 40s | eta=1h 17m 26s | loss=0.0388 | eps=0.850 | mean turn reward=+0.134 | mean episode return/seat=+3.51
iter 505/5000 (10.10%) | elapsed=8m 41s | eta=1h 17m 24s | loss=0.0349 | eps=0.849 | mean turn reward=+0.135 | mean episode return/seat=+3.54
iter 506/5000 (10.12%) | elapsed=8m 42s | eta=1h 17m 23s | loss=0.0392 | eps=0.849 | mean turn reward=+0.132 | mean episode return/seat=+3.45
iter 507/5000 (10.14%) | elapsed=8m 43s | eta=1h 17m 22s | loss=0.0371 | eps=0.849 | mean turn reward=+0.136 | mean episode return/seat=+3.59
iter 508/5000 (10.16%) | elapsed=8m 44s | eta=1h 17m 21s | loss=0.0374 | eps=0.849 | mean turn reward=+0.136 | mean episode return/seat=+3.61
iter 509/5000 (10.18%) | elapsed=8m 45s | eta=1h 17m 20s | loss=0.0391 | eps=0.848 | mean turn reward=+0.136 | mean episode return/seat=+3.56
iter 510/5000 (10.20%) | elapsed=8m 47s | eta=1h 17m 19s | loss=0.0392 | eps=0.848 | mean turn reward=+0.135 | mean episode return/seat=+3.53
iter 511/5000 (10.22%) | elapsed=8m 48s | eta=1h 17m 18s | loss=0.0400 | eps=0.848 | mean turn reward=+0.136 | mean episode return/seat=+3.61
iter 512/5000 (10.24%) | elapsed=8m 49s | eta=1h 17m 17s | loss=0.0353 | eps=0.847 | mean turn reward=+0.135 | mean episode return/seat=+3.55
iter 513/5000 (10.26%) | elapsed=8m 50s | eta=1h 17m 16s | loss=0.0361 | eps=0.847 | mean turn reward=+0.136 | mean episode return/seat=+3.63
iter 514/5000 (10.28%) | elapsed=8m 51s | eta=1h 17m 15s | loss=0.0363 | eps=0.847 | mean turn reward=+0.135 | mean episode return/seat=+3.54
iter 515/5000 (10.30%) | elapsed=8m 52s | eta=1h 17m 14s | loss=0.0347 | eps=0.847 | mean turn reward=+0.138 | mean episode return/seat=+3.69
iter 516/5000 (10.32%) | elapsed=8m 53s | eta=1h 17m 14s | loss=0.0320 | eps=0.846 | mean turn reward=+0.135 | mean episode return/seat=+3.55
iter 517/5000 (10.34%) | elapsed=8m 54s | eta=1h 17m 13s | loss=0.0367 | eps=0.846 | mean turn reward=+0.136 | mean episode return/seat=+3.56
iter 518/5000 (10.36%) | elapsed=8m 55s | eta=1h 17m 12s | loss=0.0290 | eps=0.846 | mean turn reward=+0.134 | mean episode return/seat=+3.54
iter 519/5000 (10.38%) | elapsed=8m 56s | eta=1h 17m 11s | loss=0.0375 | eps=0.845 | mean turn reward=+0.134 | mean episode return/seat=+3.53
iter 520/5000 (10.40%) | elapsed=8m 57s | eta=1h 17m 09s | loss=0.0326 | eps=0.845 | mean turn reward=+0.134 | mean episode return/seat=+3.50
iter 521/5000 (10.42%) | elapsed=8m 58s | eta=1h 17m 09s | loss=0.0371 | eps=0.845 | mean turn reward=+0.136 | mean episode return/seat=+3.58
iter 522/5000 (10.44%) | elapsed=8m 59s | eta=1h 17m 09s | loss=0.0369 | eps=0.844 | mean turn reward=+0.135 | mean episode return/seat=+3.56
iter 523/5000 (10.46%) | elapsed=9m 00s | eta=1h 17m 09s | loss=0.0323 | eps=0.844 | mean turn reward=+0.135 | mean episode return/seat=+3.55
iter 524/5000 (10.48%) | elapsed=9m 01s | eta=1h 17m 07s | loss=0.0404 | eps=0.844 | mean turn reward=+0.134 | mean episode return/seat=+3.56
iter 525/5000 (10.50%) | elapsed=9m 02s | eta=1h 17m 06s | loss=0.0314 | eps=0.844 | mean turn reward=+0.135 | mean episode return/seat=+3.54
iter 526/5000 (10.52%) | elapsed=9m 03s | eta=1h 17m 05s | loss=0.0393 | eps=0.843 | mean turn reward=+0.134 | mean episode return/seat=+3.52
iter 527/5000 (10.54%) | elapsed=9m 04s | eta=1h 17m 04s | loss=0.0359 | eps=0.843 | mean turn reward=+0.138 | mean episode return/seat=+3.66
iter 528/5000 (10.56%) | elapsed=9m 05s | eta=1h 17m 02s | loss=0.0391 | eps=0.843 | mean turn reward=+0.137 | mean episode return/seat=+3.62
iter 529/5000 (10.58%) | elapsed=9m 06s | eta=1h 17m 02s | loss=0.0360 | eps=0.842 | mean turn reward=+0.136 | mean episode return/seat=+3.62
iter 530/5000 (10.60%) | elapsed=9m 08s | eta=1h 17m 01s | loss=0.0399 | eps=0.842 | mean turn reward=+0.135 | mean episode return/seat=+3.56
iter 531/5000 (10.62%) | elapsed=9m 08s | eta=1h 17m 00s | loss=0.0364 | eps=0.842 | mean turn reward=+0.134 | mean episode return/seat=+3.51
iter 532/5000 (10.64%) | elapsed=9m 09s | eta=1h 16m 59s | loss=0.0428 | eps=0.841 | mean turn reward=+0.137 | mean episode return/seat=+3.67
iter 533/5000 (10.66%) | elapsed=9m 10s | eta=1h 16m 57s | loss=0.0294 | eps=0.841 | mean turn reward=+0.137 | mean episode return/seat=+3.59
iter 534/5000 (10.68%) | elapsed=9m 12s | eta=1h 16m 57s | loss=0.0400 | eps=0.841 | mean turn reward=+0.135 | mean episode return/seat=+3.51
iter 535/5000 (10.70%) | elapsed=9m 13s | eta=1h 16m 56s | loss=0.0346 | eps=0.841 | mean turn reward=+0.135 | mean episode return/seat=+3.53
iter 536/5000 (10.72%) | elapsed=9m 14s | eta=1h 16m 56s | loss=0.0371 | eps=0.840 | mean turn reward=+0.135 | mean episode return/seat=+3.52
iter 537/5000 (10.74%) | elapsed=9m 15s | eta=1h 16m 54s | loss=0.0337 | eps=0.840 | mean turn reward=+0.135 | mean episode return/seat=+3.55
iter 538/5000 (10.76%) | elapsed=9m 16s | eta=1h 16m 53s | loss=0.0370 | eps=0.840 | mean turn reward=+0.135 | mean episode return/seat=+3.54
iter 539/5000 (10.78%) | elapsed=9m 17s | eta=1h 16m 52s | loss=0.0323 | eps=0.839 | mean turn reward=+0.134 | mean episode return/seat=+3.56
iter 540/5000 (10.80%) | elapsed=9m 18s | eta=1h 16m 51s | loss=0.0333 | eps=0.839 | mean turn reward=+0.134 | mean episode return/seat=+3.52
iter 541/5000 (10.82%) | elapsed=9m 19s | eta=1h 16m 50s | loss=0.0385 | eps=0.839 | mean turn reward=+0.136 | mean episode return/seat=+3.56
iter 542/5000 (10.84%) | elapsed=9m 20s | eta=1h 16m 50s | loss=0.0366 | eps=0.838 | mean turn reward=+0.137 | mean episode return/seat=+3.61
iter 543/5000 (10.86%) | elapsed=9m 21s | eta=1h 16m 49s | loss=0.0398 | eps=0.838 | mean turn reward=+0.134 | mean episode return/seat=+3.50
iter 544/5000 (10.88%) | elapsed=9m 22s | eta=1h 16m 48s | loss=0.0360 | eps=0.838 | mean turn reward=+0.134 | mean episode return/seat=+3.55
iter 545/5000 (10.90%) | elapsed=9m 23s | eta=1h 16m 47s | loss=0.0345 | eps=0.838 | mean turn reward=+0.136 | mean episode return/seat=+3.56
iter 546/5000 (10.92%) | elapsed=9m 24s | eta=1h 16m 46s | loss=0.0414 | eps=0.837 | mean turn reward=+0.138 | mean episode return/seat=+3.66
iter 547/5000 (10.94%) | elapsed=9m 25s | eta=1h 16m 45s | loss=0.0329 | eps=0.837 | mean turn reward=+0.136 | mean episode return/seat=+3.58
iter 548/5000 (10.96%) | elapsed=9m 26s | eta=1h 16m 45s | loss=0.0335 | eps=0.837 | mean turn reward=+0.135 | mean episode return/seat=+3.54
iter 549/5000 (10.98%) | elapsed=9m 27s | eta=1h 16m 44s | loss=0.0333 | eps=0.836 | mean turn reward=+0.134 | mean episode return/seat=+3.51
iter 550/5000 (11.00%) | elapsed=9m 28s | eta=1h 16m 43s | loss=0.0356 | eps=0.836 | mean turn reward=+0.133 | mean episode return/seat=+3.51
iter 551/5000 (11.02%) | elapsed=9m 29s | eta=1h 16m 42s | loss=0.0358 | eps=0.836 | mean turn reward=+0.134 | mean episode return/seat=+3.51
iter 552/5000 (11.04%) | elapsed=9m 30s | eta=1h 16m 40s | loss=0.0336 | eps=0.835 | mean turn reward=+0.138 | mean episode return/seat=+3.65
iter 553/5000 (11.06%) | elapsed=9m 31s | eta=1h 16m 39s | loss=0.0338 | eps=0.835 | mean turn reward=+0.134 | mean episode return/seat=+3.50
iter 554/5000 (11.08%) | elapsed=9m 33s | eta=1h 16m 38s | loss=0.0343 | eps=0.835 | mean turn reward=+0.134 | mean episode return/seat=+3.52
iter 555/5000 (11.10%) | elapsed=9m 34s | eta=1h 16m 38s | loss=0.0383 | eps=0.835 | mean turn reward=+0.134 | mean episode return/seat=+3.52
iter 556/5000 (11.12%) | elapsed=9m 35s | eta=1h 16m 37s | loss=0.0301 | eps=0.834 | mean turn reward=+0.137 | mean episode return/seat=+3.63
iter 557/5000 (11.14%) | elapsed=9m 36s | eta=1h 16m 36s | loss=0.0347 | eps=0.834 | mean turn reward=+0.135 | mean episode return/seat=+3.53
iter 558/5000 (11.16%) | elapsed=9m 37s | eta=1h 16m 34s | loss=0.0396 | eps=0.834 | mean turn reward=+0.135 | mean episode return/seat=+3.57
iter 559/5000 (11.18%) | elapsed=9m 38s | eta=1h 16m 34s | loss=0.0352 | eps=0.833 | mean turn reward=+0.133 | mean episode return/seat=+3.48
iter 560/5000 (11.20%) | elapsed=9m 39s | eta=1h 16m 32s | loss=0.0379 | eps=0.833 | mean turn reward=+0.138 | mean episode return/seat=+3.63
iter 561/5000 (11.22%) | elapsed=9m 40s | eta=1h 16m 32s | loss=0.0401 | eps=0.833 | mean turn reward=+0.135 | mean episode return/seat=+3.54
iter 562/5000 (11.24%) | elapsed=9m 41s | eta=1h 16m 32s | loss=0.0374 | eps=0.833 | mean turn reward=+0.137 | mean episode return/seat=+3.57
iter 563/5000 (11.26%) | elapsed=9m 42s | eta=1h 16m 30s | loss=0.0352 | eps=0.832 | mean turn reward=+0.135 | mean episode return/seat=+3.52
iter 564/5000 (11.28%) | elapsed=9m 43s | eta=1h 16m 29s | loss=0.0329 | eps=0.832 | mean turn reward=+0.137 | mean episode return/seat=+3.59
iter 565/5000 (11.30%) | elapsed=9m 44s | eta=1h 16m 28s | loss=0.0345 | eps=0.832 | mean turn reward=+0.134 | mean episode return/seat=+3.53
iter 566/5000 (11.32%) | elapsed=9m 45s | eta=1h 16m 27s | loss=0.0396 | eps=0.831 | mean turn reward=+0.133 | mean episode return/seat=+3.46
iter 567/5000 (11.34%) | elapsed=9m 46s | eta=1h 16m 28s | loss=0.0320 | eps=0.831 | mean turn reward=+0.135 | mean episode return/seat=+3.59
iter 568/5000 (11.36%) | elapsed=9m 47s | eta=1h 16m 27s | loss=0.0359 | eps=0.831 | mean turn reward=+0.135 | mean episode return/seat=+3.53
iter 569/5000 (11.38%) | elapsed=9m 48s | eta=1h 16m 26s | loss=0.0344 | eps=0.830 | mean turn reward=+0.137 | mean episode return/seat=+3.62
iter 570/5000 (11.40%) | elapsed=9m 49s | eta=1h 16m 25s | loss=0.0426 | eps=0.830 | mean turn reward=+0.134 | mean episode return/seat=+3.48
iter 571/5000 (11.42%) | elapsed=9m 50s | eta=1h 16m 23s | loss=0.0319 | eps=0.830 | mean turn reward=+0.138 | mean episode return/seat=+3.64
iter 572/5000 (11.44%) | elapsed=9m 52s | eta=1h 16m 23s | loss=0.0422 | eps=0.830 | mean turn reward=+0.137 | mean episode return/seat=+3.63
iter 573/5000 (11.46%) | elapsed=9m 53s | eta=1h 16m 22s | loss=0.0327 | eps=0.829 | mean turn reward=+0.139 | mean episode return/seat=+3.71
iter 574/5000 (11.48%) | elapsed=9m 54s | eta=1h 16m 22s | loss=0.0365 | eps=0.829 | mean turn reward=+0.135 | mean episode return/seat=+3.55
iter 575/5000 (11.50%) | elapsed=9m 55s | eta=1h 16m 21s | loss=0.0378 | eps=0.829 | mean turn reward=+0.134 | mean episode return/seat=+3.51
iter 576/5000 (11.52%) | elapsed=9m 56s | eta=1h 16m 20s | loss=0.0328 | eps=0.828 | mean turn reward=+0.137 | mean episode return/seat=+3.63
iter 577/5000 (11.54%) | elapsed=9m 57s | eta=1h 16m 19s | loss=0.0347 | eps=0.828 | mean turn reward=+0.137 | mean episode return/seat=+3.58
iter 578/5000 (11.56%) | elapsed=9m 58s | eta=1h 16m 19s | loss=0.0367 | eps=0.828 | mean turn reward=+0.138 | mean episode return/seat=+3.62
iter 579/5000 (11.58%) | elapsed=9m 59s | eta=1h 16m 18s | loss=0.0364 | eps=0.827 | mean turn reward=+0.137 | mean episode return/seat=+3.70
iter 580/5000 (11.60%) | elapsed=10m 00s | eta=1h 16m 17s | loss=0.0329 | eps=0.827 | mean turn reward=+0.138 | mean episode return/seat=+3.63
iter 581/5000 (11.62%) | elapsed=10m 01s | eta=1h 16m 17s | loss=0.0296 | eps=0.827 | mean turn reward=+0.137 | mean episode return/seat=+3.67
iter 582/5000 (11.64%) | elapsed=10m 02s | eta=1h 16m 16s | loss=0.0341 | eps=0.827 | mean turn reward=+0.134 | mean episode return/seat=+3.52
iter 583/5000 (11.66%) | elapsed=10m 03s | eta=1h 16m 15s | loss=0.0368 | eps=0.826 | mean turn reward=+0.138 | mean episode return/seat=+3.61
iter 584/5000 (11.68%) | elapsed=10m 04s | eta=1h 16m 13s | loss=0.0464 | eps=0.826 | mean turn reward=+0.137 | mean episode return/seat=+3.57
iter 585/5000 (11.70%) | elapsed=10m 05s | eta=1h 16m 12s | loss=0.0329 | eps=0.826 | mean turn reward=+0.137 | mean episode return/seat=+3.65
iter 586/5000 (11.72%) | elapsed=10m 06s | eta=1h 16m 11s | loss=0.0280 | eps=0.825 | mean turn reward=+0.136 | mean episode return/seat=+3.55
iter 587/5000 (11.74%) | elapsed=10m 08s | eta=1h 16m 12s | loss=0.0378 | eps=0.825 | mean turn reward=+0.136 | mean episode return/seat=+3.57
iter 588/5000 (11.76%) | elapsed=10m 09s | eta=1h 16m 10s | loss=0.0365 | eps=0.825 | mean turn reward=+0.137 | mean episode return/seat=+3.59
iter 589/5000 (11.78%) | elapsed=10m 10s | eta=1h 16m 09s | loss=0.0297 | eps=0.824 | mean turn reward=+0.135 | mean episode return/seat=+3.53
iter 590/5000 (11.80%) | elapsed=10m 11s | eta=1h 16m 08s | loss=0.0334 | eps=0.824 | mean turn reward=+0.136 | mean episode return/seat=+3.55
iter 591/5000 (11.82%) | elapsed=10m 12s | eta=1h 16m 07s | loss=0.0358 | eps=0.824 | mean turn reward=+0.137 | mean episode return/seat=+3.61
iter 592/5000 (11.84%) | elapsed=10m 13s | eta=1h 16m 06s | loss=0.0303 | eps=0.824 | mean turn reward=+0.137 | mean episode return/seat=+3.62
iter 593/5000 (11.86%) | elapsed=10m 14s | eta=1h 16m 06s | loss=0.0350 | eps=0.823 | mean turn reward=+0.137 | mean episode return/seat=+3.65
iter 594/5000 (11.88%) | elapsed=10m 15s | eta=1h 16m 05s | loss=0.0388 | eps=0.823 | mean turn reward=+0.136 | mean episode return/seat=+3.57
iter 595/5000 (11.90%) | elapsed=10m 16s | eta=1h 16m 04s | loss=0.0340 | eps=0.823 | mean turn reward=+0.134 | mean episode return/seat=+3.48
iter 596/5000 (11.92%) | elapsed=10m 17s | eta=1h 16m 03s | loss=0.0329 | eps=0.822 | mean turn reward=+0.136 | mean episode return/seat=+3.59
iter 597/5000 (11.94%) | elapsed=10m 18s | eta=1h 16m 02s | loss=0.0360 | eps=0.822 | mean turn reward=+0.137 | mean episode return/seat=+3.60
iter 598/5000 (11.96%) | elapsed=10m 19s | eta=1h 16m 01s | loss=0.0306 | eps=0.822 | mean turn reward=+0.136 | mean episode return/seat=+3.62
iter 599/5000 (11.98%) | elapsed=10m 20s | eta=1h 16m 00s | loss=0.0341 | eps=0.821 | mean turn reward=+0.134 | mean episode return/seat=+3.49
iter 600/5000 (12.00%) | elapsed=10m 21s | eta=1h 16m 00s | loss=0.0332 | eps=0.821 | mean turn reward=+0.136 | mean episode return/seat=+3.59
iter 601/5000 (12.02%) | elapsed=10m 22s | eta=1h 15m 59s | loss=0.0310 | eps=0.821 | mean turn reward=+0.135 | mean episode return/seat=+3.53
iter 602/5000 (12.04%) | elapsed=10m 23s | eta=1h 15m 57s | loss=0.0310 | eps=0.821 | mean turn reward=+0.136 | mean episode return/seat=+3.59
iter 603/5000 (12.06%) | elapsed=10m 24s | eta=1h 15m 56s | loss=0.0343 | eps=0.820 | mean turn reward=+0.137 | mean episode return/seat=+3.61
iter 604/5000 (12.08%) | elapsed=10m 25s | eta=1h 15m 56s | loss=0.0379 | eps=0.820 | mean turn reward=+0.137 | mean episode return/seat=+3.56
iter 605/5000 (12.10%) | elapsed=10m 27s | eta=1h 15m 55s | loss=0.0334 | eps=0.820 | mean turn reward=+0.137 | mean episode return/seat=+3.65
iter 606/5000 (12.12%) | elapsed=10m 28s | eta=1h 15m 55s | loss=0.0382 | eps=0.819 | mean turn reward=+0.138 | mean episode return/seat=+3.62
iter 607/5000 (12.14%) | elapsed=10m 29s | eta=1h 15m 54s | loss=0.0351 | eps=0.819 | mean turn reward=+0.138 | mean episode return/seat=+3.67
iter 608/5000 (12.16%) | elapsed=10m 30s | eta=1h 15m 53s | loss=0.0342 | eps=0.819 | mean turn reward=+0.138 | mean episode return/seat=+3.65
iter 609/5000 (12.18%) | elapsed=10m 31s | eta=1h 15m 51s | loss=0.0337 | eps=0.819 | mean turn reward=+0.136 | mean episode return/seat=+3.61
iter 610/5000 (12.20%) | elapsed=10m 32s | eta=1h 15m 50s | loss=0.0342 | eps=0.818 | mean turn reward=+0.138 | mean episode return/seat=+3.64
iter 611/5000 (12.22%) | elapsed=10m 33s | eta=1h 15m 49s | loss=0.0346 | eps=0.818 | mean turn reward=+0.134 | mean episode return/seat=+3.52
iter 612/5000 (12.24%) | elapsed=10m 34s | eta=1h 15m 49s | loss=0.0334 | eps=0.818 | mean turn reward=+0.138 | mean episode return/seat=+3.62
iter 613/5000 (12.26%) | elapsed=10m 35s | eta=1h 15m 49s | loss=0.0334 | eps=0.817 | mean turn reward=+0.137 | mean episode return/seat=+3.62
iter 614/5000 (12.28%) | elapsed=10m 36s | eta=1h 15m 48s | loss=0.0308 | eps=0.817 | mean turn reward=+0.137 | mean episode return/seat=+3.63
iter 615/5000 (12.30%) | elapsed=10m 37s | eta=1h 15m 47s | loss=0.0324 | eps=0.817 | mean turn reward=+0.138 | mean episode return/seat=+3.66
iter 616/5000 (12.32%) | elapsed=10m 38s | eta=1h 15m 46s | loss=0.0326 | eps=0.816 | mean turn reward=+0.139 | mean episode return/seat=+3.67
iter 617/5000 (12.34%) | elapsed=10m 39s | eta=1h 15m 45s | loss=0.0346 | eps=0.816 | mean turn reward=+0.136 | mean episode return/seat=+3.60
iter 618/5000 (12.36%) | elapsed=10m 40s | eta=1h 15m 44s | loss=0.0293 | eps=0.816 | mean turn reward=+0.137 | mean episode return/seat=+3.62
iter 619/5000 (12.38%) | elapsed=10m 42s | eta=1h 15m 44s | loss=0.0341 | eps=0.816 | mean turn reward=+0.136 | mean episode return/seat=+3.57
iter 620/5000 (12.40%) | elapsed=10m 43s | eta=1h 15m 44s | loss=0.0383 | eps=0.815 | mean turn reward=+0.136 | mean episode return/seat=+3.57
iter 621/5000 (12.42%) | elapsed=10m 44s | eta=1h 15m 43s | loss=0.0319 | eps=0.815 | mean turn reward=+0.136 | mean episode return/seat=+3.59
iter 622/5000 (12.44%) | elapsed=10m 45s | eta=1h 15m 41s | loss=0.0344 | eps=0.815 | mean turn reward=+0.137 | mean episode return/seat=+3.60
iter 623/5000 (12.46%) | elapsed=10m 46s | eta=1h 15m 40s | loss=0.0329 | eps=0.814 | mean turn reward=+0.140 | mean episode return/seat=+3.70
iter 624/5000 (12.48%) | elapsed=10m 47s | eta=1h 15m 39s | loss=0.0345 | eps=0.814 | mean turn reward=+0.136 | mean episode return/seat=+3.59
iter 625/5000 (12.50%) | elapsed=10m 48s | eta=1h 15m 39s | loss=0.0324 | eps=0.814 | mean turn reward=+0.136 | mean episode return/seat=+3.58
iter 626/5000 (12.52%) | elapsed=10m 49s | eta=1h 15m 39s | loss=0.0319 | eps=0.813 | mean turn reward=+0.139 | mean episode return/seat=+3.66
iter 627/5000 (12.54%) | elapsed=10m 50s | eta=1h 15m 38s | loss=0.0340 | eps=0.813 | mean turn reward=+0.138 | mean episode return/seat=+3.66
iter 628/5000 (12.56%) | elapsed=10m 51s | eta=1h 15m 37s | loss=0.0377 | eps=0.813 | mean turn reward=+0.139 | mean episode return/seat=+3.66
iter 629/5000 (12.58%) | elapsed=10m 52s | eta=1h 15m 36s | loss=0.0331 | eps=0.813 | mean turn reward=+0.136 | mean episode return/seat=+3.56
iter 630/5000 (12.60%) | elapsed=10m 53s | eta=1h 15m 36s | loss=0.0293 | eps=0.812 | mean turn reward=+0.135 | mean episode return/seat=+3.56
iter 631/5000 (12.62%) | elapsed=10m 54s | eta=1h 15m 35s | loss=0.0301 | eps=0.812 | mean turn reward=+0.136 | mean episode return/seat=+3.59
iter 632/5000 (12.64%) | elapsed=10m 56s | eta=1h 15m 34s | loss=0.0309 | eps=0.812 | mean turn reward=+0.136 | mean episode return/seat=+3.58
iter 633/5000 (12.66%) | elapsed=10m 57s | eta=1h 15m 33s | loss=0.0337 | eps=0.811 | mean turn reward=+0.138 | mean episode return/seat=+3.65
iter 634/5000 (12.68%) | elapsed=10m 58s | eta=1h 15m 32s | loss=0.0298 | eps=0.811 | mean turn reward=+0.138 | mean episode return/seat=+3.66
iter 635/5000 (12.70%) | elapsed=10m 59s | eta=1h 15m 31s | loss=0.0378 | eps=0.811 | mean turn reward=+0.136 | mean episode return/seat=+3.55
iter 636/5000 (12.72%) | elapsed=11m 00s | eta=1h 15m 30s | loss=0.0322 | eps=0.810 | mean turn reward=+0.136 | mean episode return/seat=+3.56
iter 637/5000 (12.74%) | elapsed=11m 01s | eta=1h 15m 29s | loss=0.0327 | eps=0.810 | mean turn reward=+0.136 | mean episode return/seat=+3.57
iter 638/5000 (12.76%) | elapsed=11m 02s | eta=1h 15m 29s | loss=0.0350 | eps=0.810 | mean turn reward=+0.136 | mean episode return/seat=+3.56
iter 639/5000 (12.78%) | elapsed=11m 03s | eta=1h 15m 28s | loss=0.0357 | eps=0.810 | mean turn reward=+0.135 | mean episode return/seat=+3.53
iter 640/5000 (12.80%) | elapsed=11m 04s | eta=1h 15m 27s | loss=0.0382 | eps=0.809 | mean turn reward=+0.135 | mean episode return/seat=+3.55
iter 641/5000 (12.82%) | elapsed=11m 05s | eta=1h 15m 26s | loss=0.0331 | eps=0.809 | mean turn reward=+0.139 | mean episode return/seat=+3.61
iter 642/5000 (12.84%) | elapsed=11m 06s | eta=1h 15m 25s | loss=0.0328 | eps=0.809 | mean turn reward=+0.137 | mean episode return/seat=+3.58
iter 643/5000 (12.86%) | elapsed=11m 07s | eta=1h 15m 24s | loss=0.0322 | eps=0.808 | mean turn reward=+0.138 | mean episode return/seat=+3.63
iter 644/5000 (12.88%) | elapsed=11m 08s | eta=1h 15m 23s | loss=0.0356 | eps=0.808 | mean turn reward=+0.139 | mean episode return/seat=+3.66
iter 645/5000 (12.90%) | elapsed=11m 09s | eta=1h 15m 22s | loss=0.0357 | eps=0.808 | mean turn reward=+0.139 | mean episode return/seat=+3.69
iter 646/5000 (12.92%) | elapsed=11m 10s | eta=1h 15m 21s | loss=0.0322 | eps=0.807 | mean turn reward=+0.136 | mean episode return/seat=+3.58
iter 647/5000 (12.94%) | elapsed=11m 11s | eta=1h 15m 20s | loss=0.0343 | eps=0.807 | mean turn reward=+0.139 | mean episode return/seat=+3.66
iter 648/5000 (12.96%) | elapsed=11m 12s | eta=1h 15m 19s | loss=0.0340 | eps=0.807 | mean turn reward=+0.135 | mean episode return/seat=+3.52
iter 649/5000 (12.98%) | elapsed=11m 13s | eta=1h 15m 18s | loss=0.0359 | eps=0.807 | mean turn reward=+0.139 | mean episode return/seat=+3.66
iter 650/5000 (13.00%) | elapsed=11m 15s | eta=1h 15m 17s | loss=0.0328 | eps=0.806 | mean turn reward=+0.137 | mean episode return/seat=+3.59
iter 651/5000 (13.02%) | elapsed=11m 16s | eta=1h 15m 16s | loss=0.0354 | eps=0.806 | mean turn reward=+0.138 | mean episode return/seat=+3.62
iter 652/5000 (13.04%) | elapsed=11m 17s | eta=1h 15m 16s | loss=0.0370 | eps=0.806 | mean turn reward=+0.139 | mean episode return/seat=+3.69
iter 653/5000 (13.06%) | elapsed=11m 18s | eta=1h 15m 15s | loss=0.0334 | eps=0.805 | mean turn reward=+0.138 | mean episode return/seat=+3.65
iter 654/5000 (13.08%) | elapsed=11m 19s | eta=1h 15m 13s | loss=0.0318 | eps=0.805 | mean turn reward=+0.139 | mean episode return/seat=+3.64
iter 655/5000 (13.10%) | elapsed=11m 20s | eta=1h 15m 12s | loss=0.0287 | eps=0.805 | mean turn reward=+0.139 | mean episode return/seat=+3.69
iter 656/5000 (13.12%) | elapsed=11m 21s | eta=1h 15m 11s | loss=0.0301 | eps=0.804 | mean turn reward=+0.139 | mean episode return/seat=+3.72
iter 657/5000 (13.14%) | elapsed=11m 22s | eta=1h 15m 10s | loss=0.0394 | eps=0.804 | mean turn reward=+0.136 | mean episode return/seat=+3.54
iter 658/5000 (13.16%) | elapsed=11m 23s | eta=1h 15m 10s | loss=0.0406 | eps=0.804 | mean turn reward=+0.137 | mean episode return/seat=+3.61
iter 659/5000 (13.18%) | elapsed=11m 24s | eta=1h 15m 08s | loss=0.0322 | eps=0.804 | mean turn reward=+0.139 | mean episode return/seat=+3.61
iter 660/5000 (13.20%) | elapsed=11m 25s | eta=1h 15m 08s | loss=0.0280 | eps=0.803 | mean turn reward=+0.137 | mean episode return/seat=+3.62
iter 661/5000 (13.22%) | elapsed=11m 26s | eta=1h 15m 06s | loss=0.0352 | eps=0.803 | mean turn reward=+0.138 | mean episode return/seat=+3.63
iter 662/5000 (13.24%) | elapsed=11m 27s | eta=1h 15m 05s | loss=0.0354 | eps=0.803 | mean turn reward=+0.135 | mean episode return/seat=+3.55
iter 663/5000 (13.26%) | elapsed=11m 28s | eta=1h 15m 04s | loss=0.0362 | eps=0.802 | mean turn reward=+0.138 | mean episode return/seat=+3.66
iter 664/5000 (13.28%) | elapsed=11m 29s | eta=1h 15m 04s | loss=0.0306 | eps=0.802 | mean turn reward=+0.138 | mean episode return/seat=+3.63
iter 665/5000 (13.30%) | elapsed=11m 30s | eta=1h 15m 03s | loss=0.0323 | eps=0.802 | mean turn reward=+0.137 | mean episode return/seat=+3.62
iter 666/5000 (13.32%) | elapsed=11m 31s | eta=1h 15m 02s | loss=0.0335 | eps=0.802 | mean turn reward=+0.138 | mean episode return/seat=+3.61
iter 667/5000 (13.34%) | elapsed=11m 32s | eta=1h 15m 00s | loss=0.0341 | eps=0.801 | mean turn reward=+0.139 | mean episode return/seat=+3.68
iter 668/5000 (13.36%) | elapsed=11m 33s | eta=1h 14m 59s | loss=0.0335 | eps=0.801 | mean turn reward=+0.137 | mean episode return/seat=+3.62
iter 669/5000 (13.38%) | elapsed=11m 34s | eta=1h 14m 58s | loss=0.0363 | eps=0.801 | mean turn reward=+0.137 | mean episode return/seat=+3.60
iter 670/5000 (13.40%) | elapsed=11m 35s | eta=1h 14m 57s | loss=0.0318 | eps=0.800 | mean turn reward=+0.136 | mean episode return/seat=+3.58
iter 671/5000 (13.42%) | elapsed=11m 37s | eta=1h 14m 57s | loss=0.0297 | eps=0.800 | mean turn reward=+0.136 | mean episode return/seat=+3.56
iter 672/5000 (13.44%) | elapsed=11m 38s | eta=1h 14m 56s | loss=0.0296 | eps=0.800 | mean turn reward=+0.135 | mean episode return/seat=+3.50
iter 673/5000 (13.46%) | elapsed=11m 39s | eta=1h 14m 54s | loss=0.0339 | eps=0.799 | mean turn reward=+0.136 | mean episode return/seat=+3.57
iter 674/5000 (13.48%) | elapsed=11m 40s | eta=1h 14m 53s | loss=0.0346 | eps=0.799 | mean turn reward=+0.138 | mean episode return/seat=+3.63
iter 675/5000 (13.50%) | elapsed=11m 41s | eta=1h 14m 52s | loss=0.0332 | eps=0.799 | mean turn reward=+0.137 | mean episode return/seat=+3.63
iter 676/5000 (13.52%) | elapsed=11m 42s | eta=1h 14m 51s | loss=0.0345 | eps=0.799 | mean turn reward=+0.138 | mean episode return/seat=+3.59
iter 677/5000 (13.54%) | elapsed=11m 43s | eta=1h 14m 50s | loss=0.0321 | eps=0.798 | mean turn reward=+0.139 | mean episode return/seat=+3.69
iter 678/5000 (13.56%) | elapsed=11m 44s | eta=1h 14m 49s | loss=0.0310 | eps=0.798 | mean turn reward=+0.138 | mean episode return/seat=+3.64
iter 679/5000 (13.58%) | elapsed=11m 45s | eta=1h 14m 48s | loss=0.0332 | eps=0.798 | mean turn reward=+0.138 | mean episode return/seat=+3.61
iter 680/5000 (13.60%) | elapsed=11m 46s | eta=1h 14m 47s | loss=0.0364 | eps=0.797 | mean turn reward=+0.136 | mean episode return/seat=+3.59
iter 681/5000 (13.62%) | elapsed=11m 47s | eta=1h 14m 46s | loss=0.0336 | eps=0.797 | mean turn reward=+0.139 | mean episode return/seat=+3.65
iter 682/5000 (13.64%) | elapsed=11m 48s | eta=1h 14m 45s | loss=0.0356 | eps=0.797 | mean turn reward=+0.135 | mean episode return/seat=+3.57
iter 683/5000 (13.66%) | elapsed=11m 49s | eta=1h 14m 44s | loss=0.0304 | eps=0.796 | mean turn reward=+0.137 | mean episode return/seat=+3.59
iter 684/5000 (13.68%) | elapsed=11m 50s | eta=1h 14m 44s | loss=0.0302 | eps=0.796 | mean turn reward=+0.140 | mean episode return/seat=+3.72
iter 685/5000 (13.70%) | elapsed=11m 51s | eta=1h 14m 42s | loss=0.0364 | eps=0.796 | mean turn reward=+0.140 | mean episode return/seat=+3.72
iter 686/5000 (13.72%) | elapsed=11m 52s | eta=1h 14m 41s | loss=0.0372 | eps=0.796 | mean turn reward=+0.135 | mean episode return/seat=+3.55
iter 687/5000 (13.74%) | elapsed=11m 53s | eta=1h 14m 40s | loss=0.0350 | eps=0.795 | mean turn reward=+0.137 | mean episode return/seat=+3.59
iter 688/5000 (13.76%) | elapsed=11m 54s | eta=1h 14m 39s | loss=0.0327 | eps=0.795 | mean turn reward=+0.138 | mean episode return/seat=+3.65
iter 689/5000 (13.78%) | elapsed=11m 55s | eta=1h 14m 38s | loss=0.0396 | eps=0.795 | mean turn reward=+0.140 | mean episode return/seat=+3.67
iter 690/5000 (13.80%) | elapsed=11m 56s | eta=1h 14m 37s | loss=0.0315 | eps=0.794 | mean turn reward=+0.138 | mean episode return/seat=+3.67
iter 691/5000 (13.82%) | elapsed=11m 57s | eta=1h 14m 37s | loss=0.0359 | eps=0.794 | mean turn reward=+0.138 | mean episode return/seat=+3.65
iter 692/5000 (13.84%) | elapsed=11m 58s | eta=1h 14m 35s | loss=0.0322 | eps=0.794 | mean turn reward=+0.136 | mean episode return/seat=+3.58
iter 693/5000 (13.86%) | elapsed=11m 59s | eta=1h 14m 34s | loss=0.0292 | eps=0.793 | mean turn reward=+0.137 | mean episode return/seat=+3.57
iter 694/5000 (13.88%) | elapsed=12m 00s | eta=1h 14m 33s | loss=0.0354 | eps=0.793 | mean turn reward=+0.138 | mean episode return/seat=+3.60
iter 695/5000 (13.90%) | elapsed=12m 02s | eta=1h 14m 32s | loss=0.0340 | eps=0.793 | mean turn reward=+0.138 | mean episode return/seat=+3.67
iter 696/5000 (13.92%) | elapsed=12m 03s | eta=1h 14m 31s | loss=0.0338 | eps=0.793 | mean turn reward=+0.138 | mean episode return/seat=+3.64
iter 697/5000 (13.94%) | elapsed=12m 04s | eta=1h 14m 30s | loss=0.0371 | eps=0.792 | mean turn reward=+0.137 | mean episode return/seat=+3.60
iter 698/5000 (13.96%) | elapsed=12m 05s | eta=1h 14m 29s | loss=0.0324 | eps=0.792 | mean turn reward=+0.140 | mean episode return/seat=+3.73
iter 699/5000 (13.98%) | elapsed=12m 06s | eta=1h 14m 28s | loss=0.0350 | eps=0.792 | mean turn reward=+0.137 | mean episode return/seat=+3.60
iter 700/5000 (14.00%) | elapsed=12m 07s | eta=1h 14m 26s | loss=0.0321 | eps=0.791 | mean turn reward=+0.137 | mean episode return/seat=+3.62
iter 701/5000 (14.02%) | elapsed=12m 08s | eta=1h 14m 25s | loss=0.0322 | eps=0.791 | mean turn reward=+0.135 | mean episode return/seat=+3.50
iter 702/5000 (14.04%) | elapsed=12m 09s | eta=1h 14m 25s | loss=0.0345 | eps=0.791 | mean turn reward=+0.138 | mean episode return/seat=+3.61
iter 703/5000 (14.06%) | elapsed=12m 10s | eta=1h 14m 24s | loss=0.0305 | eps=0.790 | mean turn reward=+0.139 | mean episode return/seat=+3.62
iter 704/5000 (14.08%) | elapsed=12m 11s | eta=1h 14m 23s | loss=0.0389 | eps=0.790 | mean turn reward=+0.139 | mean episode return/seat=+3.69
iter 705/5000 (14.10%) | elapsed=12m 12s | eta=1h 14m 23s | loss=0.0341 | eps=0.790 | mean turn reward=+0.138 | mean episode return/seat=+3.64
iter 706/5000 (14.12%) | elapsed=12m 13s | eta=1h 14m 21s | loss=0.0311 | eps=0.790 | mean turn reward=+0.133 | mean episode return/seat=+3.48
iter 707/5000 (14.14%) | elapsed=12m 14s | eta=1h 14m 20s | loss=0.0319 | eps=0.789 | mean turn reward=+0.135 | mean episode return/seat=+3.55
iter 708/5000 (14.16%) | elapsed=12m 15s | eta=1h 14m 20s | loss=0.0309 | eps=0.789 | mean turn reward=+0.138 | mean episode return/seat=+3.63
iter 709/5000 (14.18%) | elapsed=12m 16s | eta=1h 14m 19s | loss=0.0335 | eps=0.789 | mean turn reward=+0.138 | mean episode return/seat=+3.61
iter 710/5000 (14.20%) | elapsed=12m 17s | eta=1h 14m 18s | loss=0.0350 | eps=0.788 | mean turn reward=+0.139 | mean episode return/seat=+3.69
iter 711/5000 (14.22%) | elapsed=12m 18s | eta=1h 14m 17s | loss=0.0378 | eps=0.788 | mean turn reward=+0.141 | mean episode return/seat=+3.70
iter 712/5000 (14.24%) | elapsed=12m 19s | eta=1h 14m 16s | loss=0.0316 | eps=0.788 | mean turn reward=+0.137 | mean episode return/seat=+3.64
iter 713/5000 (14.26%) | elapsed=12m 20s | eta=1h 14m 14s | loss=0.0319 | eps=0.788 | mean turn reward=+0.140 | mean episode return/seat=+3.67
iter 714/5000 (14.28%) | elapsed=12m 21s | eta=1h 14m 13s | loss=0.0311 | eps=0.787 | mean turn reward=+0.137 | mean episode return/seat=+3.59
iter 715/5000 (14.30%) | elapsed=12m 23s | eta=1h 14m 13s | loss=0.0298 | eps=0.787 | mean turn reward=+0.138 | mean episode return/seat=+3.66
iter 716/5000 (14.32%) | elapsed=12m 24s | eta=1h 14m 12s | loss=0.0318 | eps=0.787 | mean turn reward=+0.138 | mean episode return/seat=+3.66
iter 717/5000 (14.34%) | elapsed=12m 25s | eta=1h 14m 11s | loss=0.0313 | eps=0.786 | mean turn reward=+0.137 | mean episode return/seat=+3.59
iter 718/5000 (14.36%) | elapsed=12m 26s | eta=1h 14m 11s | loss=0.0309 | eps=0.786 | mean turn reward=+0.136 | mean episode return/seat=+3.54
iter 719/5000 (14.38%) | elapsed=12m 27s | eta=1h 14m 09s | loss=0.0331 | eps=0.786 | mean turn reward=+0.139 | mean episode return/seat=+3.67
iter 720/5000 (14.40%) | elapsed=12m 28s | eta=1h 14m 08s | loss=0.0335 | eps=0.785 | mean turn reward=+0.140 | mean episode return/seat=+3.66
iter 721/5000 (14.42%) | elapsed=12m 29s | eta=1h 14m 08s | loss=0.0340 | eps=0.785 | mean turn reward=+0.136 | mean episode return/seat=+3.55
iter 722/5000 (14.44%) | elapsed=12m 30s | eta=1h 14m 07s | loss=0.0322 | eps=0.785 | mean turn reward=+0.138 | mean episode return/seat=+3.66
iter 723/5000 (14.46%) | elapsed=12m 31s | eta=1h 14m 06s | loss=0.0286 | eps=0.785 | mean turn reward=+0.138 | mean episode return/seat=+3.61
iter 724/5000 (14.48%) | elapsed=12m 32s | eta=1h 14m 06s | loss=0.0339 | eps=0.784 | mean turn reward=+0.135 | mean episode return/seat=+3.52
iter 725/5000 (14.50%) | elapsed=12m 33s | eta=1h 14m 05s | loss=0.0335 | eps=0.784 | mean turn reward=+0.140 | mean episode return/seat=+3.69
iter 726/5000 (14.52%) | elapsed=12m 34s | eta=1h 14m 04s | loss=0.0308 | eps=0.784 | mean turn reward=+0.139 | mean episode return/seat=+3.67
iter 727/5000 (14.54%) | elapsed=12m 36s | eta=1h 14m 03s | loss=0.0360 | eps=0.783 | mean turn reward=+0.136 | mean episode return/seat=+3.59
iter 728/5000 (14.56%) | elapsed=12m 37s | eta=1h 14m 03s | loss=0.0320 | eps=0.783 | mean turn reward=+0.140 | mean episode return/seat=+3.69
iter 729/5000 (14.58%) | elapsed=12m 38s | eta=1h 14m 02s | loss=0.0343 | eps=0.783 | mean turn reward=+0.138 | mean episode return/seat=+3.64
iter 730/5000 (14.60%) | elapsed=12m 39s | eta=1h 14m 00s | loss=0.0327 | eps=0.782 | mean turn reward=+0.136 | mean episode return/seat=+3.53
iter 731/5000 (14.62%) | elapsed=12m 40s | eta=1h 13m 59s | loss=0.0313 | eps=0.782 | mean turn reward=+0.137 | mean episode return/seat=+3.57
iter 732/5000 (14.64%) | elapsed=12m 41s | eta=1h 13m 58s | loss=0.0305 | eps=0.782 | mean turn reward=+0.139 | mean episode return/seat=+3.64
iter 733/5000 (14.66%) | elapsed=12m 42s | eta=1h 13m 57s | loss=0.0330 | eps=0.782 | mean turn reward=+0.138 | mean episode return/seat=+3.64
iter 734/5000 (14.68%) | elapsed=12m 43s | eta=1h 13m 56s | loss=0.0332 | eps=0.781 | mean turn reward=+0.139 | mean episode return/seat=+3.65
iter 735/5000 (14.70%) | elapsed=12m 44s | eta=1h 13m 55s | loss=0.0285 | eps=0.781 | mean turn reward=+0.137 | mean episode return/seat=+3.58
iter 736/5000 (14.72%) | elapsed=12m 45s | eta=1h 13m 54s | loss=0.0319 | eps=0.781 | mean turn reward=+0.138 | mean episode return/seat=+3.64
iter 737/5000 (14.74%) | elapsed=12m 46s | eta=1h 13m 53s | loss=0.0321 | eps=0.780 | mean turn reward=+0.138 | mean episode return/seat=+3.63
iter 738/5000 (14.76%) | elapsed=12m 47s | eta=1h 13m 52s | loss=0.0336 | eps=0.780 | mean turn reward=+0.140 | mean episode return/seat=+3.72
iter 739/5000 (14.78%) | elapsed=12m 48s | eta=1h 13m 51s | loss=0.0313 | eps=0.780 | mean turn reward=+0.139 | mean episode return/seat=+3.64
iter 740/5000 (14.80%) | elapsed=12m 49s | eta=1h 13m 49s | loss=0.0338 | eps=0.779 | mean turn reward=+0.139 | mean episode return/seat=+3.68
iter 741/5000 (14.82%) | elapsed=12m 50s | eta=1h 13m 49s | loss=0.0352 | eps=0.779 | mean turn reward=+0.139 | mean episode return/seat=+3.66
iter 742/5000 (14.84%) | elapsed=12m 51s | eta=1h 13m 48s | loss=0.0366 | eps=0.779 | mean turn reward=+0.136 | mean episode return/seat=+3.56
iter 743/5000 (14.86%) | elapsed=12m 52s | eta=1h 13m 47s | loss=0.0338 | eps=0.779 | mean turn reward=+0.142 | mean episode return/seat=+3.77
iter 744/5000 (14.88%) | elapsed=12m 53s | eta=1h 13m 45s | loss=0.0320 | eps=0.778 | mean turn reward=+0.139 | mean episode return/seat=+3.66
iter 745/5000 (14.90%) | elapsed=12m 54s | eta=1h 13m 44s | loss=0.0315 | eps=0.778 | mean turn reward=+0.140 | mean episode return/seat=+3.67
iter 746/5000 (14.92%) | elapsed=12m 55s | eta=1h 13m 43s | loss=0.0329 | eps=0.778 | mean turn reward=+0.139 | mean episode return/seat=+3.72
iter 747/5000 (14.94%) | elapsed=12m 56s | eta=1h 13m 43s | loss=0.0314 | eps=0.777 | mean turn reward=+0.137 | mean episode return/seat=+3.59
iter 748/5000 (14.96%) | elapsed=12m 57s | eta=1h 13m 42s | loss=0.0336 | eps=0.777 | mean turn reward=+0.140 | mean episode return/seat=+3.72
iter 749/5000 (14.98%) | elapsed=12m 59s | eta=1h 13m 41s | loss=0.0304 | eps=0.777 | mean turn reward=+0.135 | mean episode return/seat=+3.51
iter 750/5000 (15.00%) | elapsed=12m 59s | eta=1h 13m 39s | loss=0.0334 | eps=0.776 | mean turn reward=+0.138 | mean episode return/seat=+3.62
iter 751/5000 (15.02%) | elapsed=13m 00s | eta=1h 13m 38s | loss=0.0369 | eps=0.776 | mean turn reward=+0.139 | mean episode return/seat=+3.66
iter 752/5000 (15.04%) | elapsed=13m 02s | eta=1h 13m 37s | loss=0.0354 | eps=0.776 | mean turn reward=+0.139 | mean episode return/seat=+3.65
iter 753/5000 (15.06%) | elapsed=13m 03s | eta=1h 13m 36s | loss=0.0346 | eps=0.776 | mean turn reward=+0.141 | mean episode return/seat=+3.73
iter 754/5000 (15.08%) | elapsed=13m 04s | eta=1h 13m 36s | loss=0.0360 | eps=0.775 | mean turn reward=+0.140 | mean episode return/seat=+3.73
iter 755/5000 (15.10%) | elapsed=13m 05s | eta=1h 13m 35s | loss=0.0356 | eps=0.775 | mean turn reward=+0.138 | mean episode return/seat=+3.61
iter 756/5000 (15.12%) | elapsed=13m 06s | eta=1h 13m 33s | loss=0.0313 | eps=0.775 | mean turn reward=+0.138 | mean episode return/seat=+3.65
iter 757/5000 (15.14%) | elapsed=13m 07s | eta=1h 13m 33s | loss=0.0338 | eps=0.774 | mean turn reward=+0.140 | mean episode return/seat=+3.69
iter 758/5000 (15.16%) | elapsed=13m 08s | eta=1h 13m 31s | loss=0.0311 | eps=0.774 | mean turn reward=+0.136 | mean episode return/seat=+3.54
iter 759/5000 (15.18%) | elapsed=13m 09s | eta=1h 13m 30s | loss=0.0310 | eps=0.774 | mean turn reward=+0.137 | mean episode return/seat=+3.61
iter 760/5000 (15.20%) | elapsed=13m 10s | eta=1h 13m 29s | loss=0.0365 | eps=0.774 | mean turn reward=+0.141 | mean episode return/seat=+3.76
iter 761/5000 (15.22%) | elapsed=13m 11s | eta=1h 13m 29s | loss=0.0345 | eps=0.773 | mean turn reward=+0.140 | mean episode return/seat=+3.71
iter 762/5000 (15.24%) | elapsed=13m 12s | eta=1h 13m 28s | loss=0.0287 | eps=0.773 | mean turn reward=+0.138 | mean episode return/seat=+3.61
iter 763/5000 (15.26%) | elapsed=13m 13s | eta=1h 13m 26s | loss=0.0317 | eps=0.773 | mean turn reward=+0.140 | mean episode return/seat=+3.69
iter 764/5000 (15.28%) | elapsed=13m 14s | eta=1h 13m 25s | loss=0.0306 | eps=0.772 | mean turn reward=+0.137 | mean episode return/seat=+3.60
iter 765/5000 (15.30%) | elapsed=13m 15s | eta=1h 13m 24s | loss=0.0311 | eps=0.772 | mean turn reward=+0.137 | mean episode return/seat=+3.59
iter 766/5000 (15.32%) | elapsed=13m 16s | eta=1h 13m 23s | loss=0.0359 | eps=0.772 | mean turn reward=+0.138 | mean episode return/seat=+3.67
iter 767/5000 (15.34%) | elapsed=13m 17s | eta=1h 13m 22s | loss=0.0325 | eps=0.771 | mean turn reward=+0.137 | mean episode return/seat=+3.64
iter 768/5000 (15.36%) | elapsed=13m 18s | eta=1h 13m 21s | loss=0.0295 | eps=0.771 | mean turn reward=+0.140 | mean episode return/seat=+3.71
iter 769/5000 (15.38%) | elapsed=13m 19s | eta=1h 13m 20s | loss=0.0302 | eps=0.771 | mean turn reward=+0.136 | mean episode return/seat=+3.51
iter 770/5000 (15.40%) | elapsed=13m 20s | eta=1h 13m 19s | loss=0.0370 | eps=0.771 | mean turn reward=+0.139 | mean episode return/seat=+3.73
iter 771/5000 (15.42%) | elapsed=13m 21s | eta=1h 13m 18s | loss=0.0344 | eps=0.770 | mean turn reward=+0.139 | mean episode return/seat=+3.65
iter 772/5000 (15.44%) | elapsed=13m 22s | eta=1h 13m 17s | loss=0.0313 | eps=0.770 | mean turn reward=+0.140 | mean episode return/seat=+3.72
iter 773/5000 (15.46%) | elapsed=13m 24s | eta=1h 13m 16s | loss=0.0345 | eps=0.770 | mean turn reward=+0.138 | mean episode return/seat=+3.63
iter 774/5000 (15.48%) | elapsed=13m 25s | eta=1h 13m 15s | loss=0.0347 | eps=0.769 | mean turn reward=+0.138 | mean episode return/seat=+3.65
iter 775/5000 (15.50%) | elapsed=13m 26s | eta=1h 13m 14s | loss=0.0296 | eps=0.769 | mean turn reward=+0.140 | mean episode return/seat=+3.73
iter 776/5000 (15.52%) | elapsed=13m 27s | eta=1h 13m 13s | loss=0.0366 | eps=0.769 | mean turn reward=+0.139 | mean episode return/seat=+3.66
iter 777/5000 (15.54%) | elapsed=13m 28s | eta=1h 13m 11s | loss=0.0291 | eps=0.768 | mean turn reward=+0.138 | mean episode return/seat=+3.65
iter 778/5000 (15.56%) | elapsed=13m 29s | eta=1h 13m 10s | loss=0.0285 | eps=0.768 | mean turn reward=+0.140 | mean episode return/seat=+3.67
iter 779/5000 (15.58%) | elapsed=13m 30s | eta=1h 13m 09s | loss=0.0362 | eps=0.768 | mean turn reward=+0.136 | mean episode return/seat=+3.58
iter 780/5000 (15.60%) | elapsed=13m 31s | eta=1h 13m 09s | loss=0.0335 | eps=0.768 | mean turn reward=+0.140 | mean episode return/seat=+3.64
iter 781/5000 (15.62%) | elapsed=13m 32s | eta=1h 13m 08s | loss=0.0300 | eps=0.767 | mean turn reward=+0.140 | mean episode return/seat=+3.68
iter 782/5000 (15.64%) | elapsed=13m 33s | eta=1h 13m 06s | loss=0.0292 | eps=0.767 | mean turn reward=+0.138 | mean episode return/seat=+3.60
iter 783/5000 (15.66%) | elapsed=13m 34s | eta=1h 13m 05s | loss=0.0359 | eps=0.767 | mean turn reward=+0.138 | mean episode return/seat=+3.62
iter 784/5000 (15.68%) | elapsed=13m 35s | eta=1h 13m 04s | loss=0.0296 | eps=0.766 | mean turn reward=+0.138 | mean episode return/seat=+3.65
iter 785/5000 (15.70%) | elapsed=13m 36s | eta=1h 13m 03s | loss=0.0343 | eps=0.766 | mean turn reward=+0.137 | mean episode return/seat=+3.60
iter 786/5000 (15.72%) | elapsed=13m 37s | eta=1h 13m 02s | loss=0.0366 | eps=0.766 | mean turn reward=+0.142 | mean episode return/seat=+3.72
iter 787/5000 (15.74%) | elapsed=13m 38s | eta=1h 13m 01s | loss=0.0324 | eps=0.765 | mean turn reward=+0.140 | mean episode return/seat=+3.72
iter 788/5000 (15.76%) | elapsed=13m 39s | eta=1h 13m 00s | loss=0.0318 | eps=0.765 | mean turn reward=+0.140 | mean episode return/seat=+3.68
iter 789/5000 (15.78%) | elapsed=13m 40s | eta=1h 12m 58s | loss=0.0297 | eps=0.765 | mean turn reward=+0.140 | mean episode return/seat=+3.75
iter 790/5000 (15.80%) | elapsed=13m 41s | eta=1h 12m 57s | loss=0.0309 | eps=0.765 | mean turn reward=+0.140 | mean episode return/seat=+3.66
iter 791/5000 (15.82%) | elapsed=13m 42s | eta=1h 12m 56s | loss=0.0363 | eps=0.764 | mean turn reward=+0.140 | mean episode return/seat=+3.69
iter 792/5000 (15.84%) | elapsed=13m 43s | eta=1h 12m 55s | loss=0.0353 | eps=0.764 | mean turn reward=+0.138 | mean episode return/seat=+3.63
iter 793/5000 (15.86%) | elapsed=13m 44s | eta=1h 12m 55s | loss=0.0331 | eps=0.764 | mean turn reward=+0.138 | mean episode return/seat=+3.66
iter 794/5000 (15.88%) | elapsed=13m 45s | eta=1h 12m 54s | loss=0.0281 | eps=0.763 | mean turn reward=+0.137 | mean episode return/seat=+3.59
iter 795/5000 (15.90%) | elapsed=13m 46s | eta=1h 12m 53s | loss=0.0291 | eps=0.763 | mean turn reward=+0.139 | mean episode return/seat=+3.62
iter 796/5000 (15.92%) | elapsed=13m 47s | eta=1h 12m 51s | loss=0.0318 | eps=0.763 | mean turn reward=+0.141 | mean episode return/seat=+3.71
iter 797/5000 (15.94%) | elapsed=13m 48s | eta=1h 12m 50s | loss=0.0305 | eps=0.762 | mean turn reward=+0.137 | mean episode return/seat=+3.57
iter 798/5000 (15.96%) | elapsed=13m 49s | eta=1h 12m 49s | loss=0.0330 | eps=0.762 | mean turn reward=+0.142 | mean episode return/seat=+3.73
iter 799/5000 (15.98%) | elapsed=13m 50s | eta=1h 12m 49s | loss=0.0306 | eps=0.762 | mean turn reward=+0.139 | mean episode return/seat=+3.63
iter 800/5000 (16.00%) | elapsed=13m 52s | eta=1h 12m 48s | loss=0.0313 | eps=0.762 | mean turn reward=+0.137 | mean episode return/seat=+3.58
iter 801/5000 (16.02%) | elapsed=13m 53s | eta=1h 12m 46s | loss=0.0297 | eps=0.761 | mean turn reward=+0.139 | mean episode return/seat=+3.63
iter 802/5000 (16.04%) | elapsed=13m 54s | eta=1h 12m 45s | loss=0.0324 | eps=0.761 | mean turn reward=+0.139 | mean episode return/seat=+3.68
iter 803/5000 (16.06%) | elapsed=13m 55s | eta=1h 12m 44s | loss=0.0327 | eps=0.761 | mean turn reward=+0.140 | mean episode return/seat=+3.69
iter 804/5000 (16.08%) | elapsed=13m 56s | eta=1h 12m 43s | loss=0.0305 | eps=0.760 | mean turn reward=+0.138 | mean episode return/seat=+3.63
iter 805/5000 (16.10%) | elapsed=13m 57s | eta=1h 12m 42s | loss=0.0327 | eps=0.760 | mean turn reward=+0.140 | mean episode return/seat=+3.69
iter 806/5000 (16.12%) | elapsed=13m 58s | eta=1h 12m 41s | loss=0.0284 | eps=0.760 | mean turn reward=+0.139 | mean episode return/seat=+3.60
iter 807/5000 (16.14%) | elapsed=13m 59s | eta=1h 12m 40s | loss=0.0302 | eps=0.759 | mean turn reward=+0.138 | mean episode return/seat=+3.60
iter 808/5000 (16.16%) | elapsed=14m 00s | eta=1h 12m 39s | loss=0.0401 | eps=0.759 | mean turn reward=+0.138 | mean episode return/seat=+3.60
iter 809/5000 (16.18%) | elapsed=14m 01s | eta=1h 12m 38s | loss=0.0308 | eps=0.759 | mean turn reward=+0.141 | mean episode return/seat=+3.76
iter 810/5000 (16.20%) | elapsed=14m 02s | eta=1h 12m 37s | loss=0.0336 | eps=0.759 | mean turn reward=+0.140 | mean episode return/seat=+3.68
iter 811/5000 (16.22%) | elapsed=14m 03s | eta=1h 12m 36s | loss=0.0329 | eps=0.758 | mean turn reward=+0.138 | mean episode return/seat=+3.63
iter 812/5000 (16.24%) | elapsed=14m 04s | eta=1h 12m 36s | loss=0.0355 | eps=0.758 | mean turn reward=+0.139 | mean episode return/seat=+3.66
iter 813/5000 (16.26%) | elapsed=14m 05s | eta=1h 12m 35s | loss=0.0305 | eps=0.758 | mean turn reward=+0.137 | mean episode return/seat=+3.59
iter 814/5000 (16.28%) | elapsed=14m 06s | eta=1h 12m 33s | loss=0.0305 | eps=0.757 | mean turn reward=+0.139 | mean episode return/seat=+3.68
iter 815/5000 (16.30%) | elapsed=14m 07s | eta=1h 12m 33s | loss=0.0335 | eps=0.757 | mean turn reward=+0.139 | mean episode return/seat=+3.67
iter 816/5000 (16.32%) | elapsed=14m 08s | eta=1h 12m 32s | loss=0.0307 | eps=0.757 | mean turn reward=+0.143 | mean episode return/seat=+3.80
iter 817/5000 (16.34%) | elapsed=14m 09s | eta=1h 12m 31s | loss=0.0318 | eps=0.757 | mean turn reward=+0.140 | mean episode return/seat=+3.71
iter 818/5000 (16.36%) | elapsed=14m 10s | eta=1h 12m 30s | loss=0.0307 | eps=0.756 | mean turn reward=+0.137 | mean episode return/seat=+3.61
iter 819/5000 (16.38%) | elapsed=14m 12s | eta=1h 12m 29s | loss=0.0329 | eps=0.756 | mean turn reward=+0.140 | mean episode return/seat=+3.67
iter 820/5000 (16.40%) | elapsed=14m 13s | eta=1h 12m 28s | loss=0.0309 | eps=0.756 | mean turn reward=+0.141 | mean episode return/seat=+3.72
iter 821/5000 (16.42%) | elapsed=14m 14s | eta=1h 12m 27s | loss=0.0332 | eps=0.755 | mean turn reward=+0.137 | mean episode return/seat=+3.58
iter 822/5000 (16.44%) | elapsed=14m 15s | eta=1h 12m 26s | loss=0.0301 | eps=0.755 | mean turn reward=+0.139 | mean episode return/seat=+3.68
iter 823/5000 (16.46%) | elapsed=14m 16s | eta=1h 12m 25s | loss=0.0298 | eps=0.755 | mean turn reward=+0.139 | mean episode return/seat=+3.66
iter 824/5000 (16.48%) | elapsed=14m 17s | eta=1h 12m 24s | loss=0.0324 | eps=0.754 | mean turn reward=+0.140 | mean episode return/seat=+3.67
iter 825/5000 (16.50%) | elapsed=14m 18s | eta=1h 12m 23s | loss=0.0300 | eps=0.754 | mean turn reward=+0.139 | mean episode return/seat=+3.66
iter 826/5000 (16.52%) | elapsed=14m 19s | eta=1h 12m 22s | loss=0.0305 | eps=0.754 | mean turn reward=+0.137 | mean episode return/seat=+3.63
iter 827/5000 (16.54%) | elapsed=14m 20s | eta=1h 12m 21s | loss=0.0279 | eps=0.754 | mean turn reward=+0.138 | mean episode return/seat=+3.61
iter 828/5000 (16.56%) | elapsed=14m 21s | eta=1h 12m 20s | loss=0.0312 | eps=0.753 | mean turn reward=+0.140 | mean episode return/seat=+3.70
iter 829/5000 (16.58%) | elapsed=14m 22s | eta=1h 12m 19s | loss=0.0341 | eps=0.753 | mean turn reward=+0.140 | mean episode return/seat=+3.69
iter 830/5000 (16.60%) | elapsed=14m 23s | eta=1h 12m 18s | loss=0.0316 | eps=0.753 | mean turn reward=+0.139 | mean episode return/seat=+3.63
iter 831/5000 (16.62%) | elapsed=14m 24s | eta=1h 12m 17s | loss=0.0338 | eps=0.752 | mean turn reward=+0.141 | mean episode return/seat=+3.70
iter 832/5000 (16.64%) | elapsed=14m 25s | eta=1h 12m 17s | loss=0.0292 | eps=0.752 | mean turn reward=+0.139 | mean episode return/seat=+3.67
iter 833/5000 (16.66%) | elapsed=14m 26s | eta=1h 12m 15s | loss=0.0335 | eps=0.752 | mean turn reward=+0.141 | mean episode return/seat=+3.73
iter 834/5000 (16.68%) | elapsed=14m 27s | eta=1h 12m 14s | loss=0.0321 | eps=0.751 | mean turn reward=+0.142 | mean episode return/seat=+3.78
iter 835/5000 (16.70%) | elapsed=14m 28s | eta=1h 12m 13s | loss=0.0307 | eps=0.751 | mean turn reward=+0.138 | mean episode return/seat=+3.70
iter 836/5000 (16.72%) | elapsed=14m 29s | eta=1h 12m 12s | loss=0.0331 | eps=0.751 | mean turn reward=+0.139 | mean episode return/seat=+3.60
iter 837/5000 (16.74%) | elapsed=14m 30s | eta=1h 12m 11s | loss=0.0349 | eps=0.751 | mean turn reward=+0.141 | mean episode return/seat=+3.73
iter 838/5000 (16.76%) | elapsed=14m 32s | eta=1h 12m 11s | loss=0.0316 | eps=0.750 | mean turn reward=+0.140 | mean episode return/seat=+3.67
iter 839/5000 (16.78%) | elapsed=14m 33s | eta=1h 12m 10s | loss=0.0265 | eps=0.750 | mean turn reward=+0.141 | mean episode return/seat=+3.74
iter 840/5000 (16.80%) | elapsed=14m 34s | eta=1h 12m 09s | loss=0.0308 | eps=0.750 | mean turn reward=+0.138 | mean episode return/seat=+3.64
iter 841/5000 (16.82%) | elapsed=14m 35s | eta=1h 12m 07s | loss=0.0288 | eps=0.749 | mean turn reward=+0.139 | mean episode return/seat=+3.65
iter 842/5000 (16.84%) | elapsed=14m 36s | eta=1h 12m 06s | loss=0.0308 | eps=0.749 | mean turn reward=+0.137 | mean episode return/seat=+3.59
iter 843/5000 (16.86%) | elapsed=14m 37s | eta=1h 12m 06s | loss=0.0286 | eps=0.749 | mean turn reward=+0.137 | mean episode return/seat=+3.58
iter 844/5000 (16.88%) | elapsed=14m 38s | eta=1h 12m 05s | loss=0.0312 | eps=0.748 | mean turn reward=+0.139 | mean episode return/seat=+3.63
iter 845/5000 (16.90%) | elapsed=14m 39s | eta=1h 12m 04s | loss=0.0313 | eps=0.748 | mean turn reward=+0.140 | mean episode return/seat=+3.66
iter 846/5000 (16.92%) | elapsed=14m 40s | eta=1h 12m 03s | loss=0.0306 | eps=0.748 | mean turn reward=+0.140 | mean episode return/seat=+3.75
iter 847/5000 (16.94%) | elapsed=14m 41s | eta=1h 12m 02s | loss=0.0293 | eps=0.748 | mean turn reward=+0.138 | mean episode return/seat=+3.60
iter 848/5000 (16.96%) | elapsed=14m 42s | eta=1h 12m 01s | loss=0.0281 | eps=0.747 | mean turn reward=+0.140 | mean episode return/seat=+3.67
iter 849/5000 (16.98%) | elapsed=14m 43s | eta=1h 12m 00s | loss=0.0299 | eps=0.747 | mean turn reward=+0.139 | mean episode return/seat=+3.65
iter 850/5000 (17.00%) | elapsed=14m 44s | eta=1h 11m 59s | loss=0.0303 | eps=0.747 | mean turn reward=+0.139 | mean episode return/seat=+3.65
iter 851/5000 (17.02%) | elapsed=14m 45s | eta=1h 11m 58s | loss=0.0304 | eps=0.746 | mean turn reward=+0.139 | mean episode return/seat=+3.66
iter 852/5000 (17.04%) | elapsed=14m 46s | eta=1h 11m 57s | loss=0.0329 | eps=0.746 | mean turn reward=+0.142 | mean episode return/seat=+3.74
iter 853/5000 (17.06%) | elapsed=14m 47s | eta=1h 11m 56s | loss=0.0278 | eps=0.746 | mean turn reward=+0.141 | mean episode return/seat=+3.74
iter 854/5000 (17.08%) | elapsed=14m 48s | eta=1h 11m 55s | loss=0.0325 | eps=0.745 | mean turn reward=+0.141 | mean episode return/seat=+3.75
iter 855/5000 (17.10%) | elapsed=14m 49s | eta=1h 11m 54s | loss=0.0282 | eps=0.745 | mean turn reward=+0.138 | mean episode return/seat=+3.63
iter 856/5000 (17.12%) | elapsed=14m 51s | eta=1h 11m 53s | loss=0.0299 | eps=0.745 | mean turn reward=+0.141 | mean episode return/seat=+3.69
iter 857/5000 (17.14%) | elapsed=14m 52s | eta=1h 11m 52s | loss=0.0307 | eps=0.745 | mean turn reward=+0.139 | mean episode return/seat=+3.69
iter 858/5000 (17.16%) | elapsed=14m 53s | eta=1h 11m 52s | loss=0.0320 | eps=0.744 | mean turn reward=+0.139 | mean episode return/seat=+3.65
iter 859/5000 (17.18%) | elapsed=14m 54s | eta=1h 11m 50s | loss=0.0305 | eps=0.744 | mean turn reward=+0.138 | mean episode return/seat=+3.60
iter 860/5000 (17.20%) | elapsed=14m 55s | eta=1h 11m 49s | loss=0.0285 | eps=0.744 | mean turn reward=+0.144 | mean episode return/seat=+3.82
iter 861/5000 (17.22%) | elapsed=14m 56s | eta=1h 11m 48s | loss=0.0347 | eps=0.743 | mean turn reward=+0.141 | mean episode return/seat=+3.69
iter 862/5000 (17.24%) | elapsed=14m 57s | eta=1h 11m 47s | loss=0.0316 | eps=0.743 | mean turn reward=+0.138 | mean episode return/seat=+3.66
iter 863/5000 (17.26%) | elapsed=14m 58s | eta=1h 11m 46s | loss=0.0303 | eps=0.743 | mean turn reward=+0.140 | mean episode return/seat=+3.70
iter 864/5000 (17.28%) | elapsed=14m 59s | eta=1h 11m 45s | loss=0.0337 | eps=0.743 | mean turn reward=+0.138 | mean episode return/seat=+3.59
iter 865/5000 (17.30%) | elapsed=15m 00s | eta=1h 11m 45s | loss=0.0294 | eps=0.742 | mean turn reward=+0.140 | mean episode return/seat=+3.65
iter 866/5000 (17.32%) | elapsed=15m 01s | eta=1h 11m 43s | loss=0.0321 | eps=0.742 | mean turn reward=+0.138 | mean episode return/seat=+3.61
iter 867/5000 (17.34%) | elapsed=15m 02s | eta=1h 11m 42s | loss=0.0287 | eps=0.742 | mean turn reward=+0.141 | mean episode return/seat=+3.64
iter 868/5000 (17.36%) | elapsed=15m 03s | eta=1h 11m 41s | loss=0.0283 | eps=0.741 | mean turn reward=+0.141 | mean episode return/seat=+3.78
iter 869/5000 (17.38%) | elapsed=15m 04s | eta=1h 11m 40s | loss=0.0303 | eps=0.741 | mean turn reward=+0.139 | mean episode return/seat=+3.69
iter 870/5000 (17.40%) | elapsed=15m 05s | eta=1h 11m 40s | loss=0.0286 | eps=0.741 | mean turn reward=+0.141 | mean episode return/seat=+3.72
iter 871/5000 (17.42%) | elapsed=15m 06s | eta=1h 11m 39s | loss=0.0318 | eps=0.740 | mean turn reward=+0.139 | mean episode return/seat=+3.62
iter 872/5000 (17.44%) | elapsed=15m 07s | eta=1h 11m 38s | loss=0.0286 | eps=0.740 | mean turn reward=+0.142 | mean episode return/seat=+3.79
iter 873/5000 (17.46%) | elapsed=15m 08s | eta=1h 11m 36s | loss=0.0314 | eps=0.740 | mean turn reward=+0.141 | mean episode return/seat=+3.72
iter 874/5000 (17.48%) | elapsed=15m 09s | eta=1h 11m 35s | loss=0.0284 | eps=0.740 | mean turn reward=+0.139 | mean episode return/seat=+3.59
iter 875/5000 (17.50%) | elapsed=15m 10s | eta=1h 11m 34s | loss=0.0280 | eps=0.739 | mean turn reward=+0.141 | mean episode return/seat=+3.73
iter 876/5000 (17.52%) | elapsed=15m 12s | eta=1h 11m 33s | loss=0.0285 | eps=0.739 | mean turn reward=+0.141 | mean episode return/seat=+3.71
iter 877/5000 (17.54%) | elapsed=15m 13s | eta=1h 11m 33s | loss=0.0304 | eps=0.739 | mean turn reward=+0.141 | mean episode return/seat=+3.72
iter 878/5000 (17.56%) | elapsed=15m 14s | eta=1h 11m 31s | loss=0.0284 | eps=0.738 | mean turn reward=+0.140 | mean episode return/seat=+3.68
iter 879/5000 (17.58%) | elapsed=15m 15s | eta=1h 11m 30s | loss=0.0299 | eps=0.738 | mean turn reward=+0.139 | mean episode return/seat=+3.70
iter 880/5000 (17.60%) | elapsed=15m 16s | eta=1h 11m 29s | loss=0.0310 | eps=0.738 | mean turn reward=+0.143 | mean episode return/seat=+3.83
iter 881/5000 (17.62%) | elapsed=15m 17s | eta=1h 11m 28s | loss=0.0286 | eps=0.737 | mean turn reward=+0.138 | mean episode return/seat=+3.63
iter 882/5000 (17.64%) | elapsed=15m 18s | eta=1h 11m 27s | loss=0.0302 | eps=0.737 | mean turn reward=+0.140 | mean episode return/seat=+3.65
iter 883/5000 (17.66%) | elapsed=15m 19s | eta=1h 11m 26s | loss=0.0259 | eps=0.737 | mean turn reward=+0.137 | mean episode return/seat=+3.58
iter 884/5000 (17.68%) | elapsed=15m 20s | eta=1h 11m 25s | loss=0.0302 | eps=0.737 | mean turn reward=+0.138 | mean episode return/seat=+3.60
iter 885/5000 (17.70%) | elapsed=15m 21s | eta=1h 11m 24s | loss=0.0258 | eps=0.736 | mean turn reward=+0.141 | mean episode return/seat=+3.75
iter 886/5000 (17.72%) | elapsed=15m 22s | eta=1h 11m 23s | loss=0.0275 | eps=0.736 | mean turn reward=+0.140 | mean episode return/seat=+3.63
iter 887/5000 (17.74%) | elapsed=15m 23s | eta=1h 11m 22s | loss=0.0323 | eps=0.736 | mean turn reward=+0.140 | mean episode return/seat=+3.72
iter 888/5000 (17.76%) | elapsed=15m 24s | eta=1h 11m 21s | loss=0.0305 | eps=0.735 | mean turn reward=+0.139 | mean episode return/seat=+3.63
iter 889/5000 (17.78%) | elapsed=15m 25s | eta=1h 11m 20s | loss=0.0312 | eps=0.735 | mean turn reward=+0.138 | mean episode return/seat=+3.59
iter 890/5000 (17.80%) | elapsed=15m 26s | eta=1h 11m 19s | loss=0.0266 | eps=0.735 | mean turn reward=+0.140 | mean episode return/seat=+3.70
iter 891/5000 (17.82%) | elapsed=15m 27s | eta=1h 11m 19s | loss=0.0288 | eps=0.734 | mean turn reward=+0.138 | mean episode return/seat=+3.65
iter 892/5000 (17.84%) | elapsed=15m 28s | eta=1h 11m 18s | loss=0.0309 | eps=0.734 | mean turn reward=+0.139 | mean episode return/seat=+3.66
iter 893/5000 (17.86%) | elapsed=15m 29s | eta=1h 11m 16s | loss=0.0283 | eps=0.734 | mean turn reward=+0.141 | mean episode return/seat=+3.72
iter 894/5000 (17.88%) | elapsed=15m 31s | eta=1h 11m 15s | loss=0.0310 | eps=0.734 | mean turn reward=+0.138 | mean episode return/seat=+3.62
iter 895/5000 (17.90%) | elapsed=15m 32s | eta=1h 11m 15s | loss=0.0271 | eps=0.733 | mean turn reward=+0.140 | mean episode return/seat=+3.69
iter 896/5000 (17.92%) | elapsed=15m 33s | eta=1h 11m 14s | loss=0.0270 | eps=0.733 | mean turn reward=+0.140 | mean episode return/seat=+3.70
iter 897/5000 (17.94%) | elapsed=15m 34s | eta=1h 11m 13s | loss=0.0291 | eps=0.733 | mean turn reward=+0.139 | mean episode return/seat=+3.70
iter 898/5000 (17.96%) | elapsed=15m 35s | eta=1h 11m 12s | loss=0.0264 | eps=0.732 | mean turn reward=+0.140 | mean episode return/seat=+3.71
iter 899/5000 (17.98%) | elapsed=15m 36s | eta=1h 11m 10s | loss=0.0292 | eps=0.732 | mean turn reward=+0.141 | mean episode return/seat=+3.68
iter 900/5000 (18.00%) | elapsed=15m 37s | eta=1h 11m 09s | loss=0.0272 | eps=0.732 | mean turn reward=+0.141 | mean episode return/seat=+3.73
iter 901/5000 (18.02%) | elapsed=15m 38s | eta=1h 11m 09s | loss=0.0277 | eps=0.731 | mean turn reward=+0.140 | mean episode return/seat=+3.70
iter 902/5000 (18.04%) | elapsed=15m 39s | eta=1h 11m 08s | loss=0.0264 | eps=0.731 | mean turn reward=+0.139 | mean episode return/seat=+3.69
iter 903/5000 (18.06%) | elapsed=15m 40s | eta=1h 11m 07s | loss=0.0280 | eps=0.731 | mean turn reward=+0.142 | mean episode return/seat=+3.73
iter 904/5000 (18.08%) | elapsed=15m 41s | eta=1h 11m 06s | loss=0.0276 | eps=0.731 | mean turn reward=+0.138 | mean episode return/seat=+3.59
iter 905/5000 (18.10%) | elapsed=15m 42s | eta=1h 11m 05s | loss=0.0294 | eps=0.730 | mean turn reward=+0.142 | mean episode return/seat=+3.76
iter 906/5000 (18.12%) | elapsed=15m 43s | eta=1h 11m 04s | loss=0.0286 | eps=0.730 | mean turn reward=+0.139 | mean episode return/seat=+3.66
iter 907/5000 (18.14%) | elapsed=15m 44s | eta=1h 11m 03s | loss=0.0303 | eps=0.730 | mean turn reward=+0.142 | mean episode return/seat=+3.74
iter 908/5000 (18.16%) | elapsed=15m 45s | eta=1h 11m 02s | loss=0.0261 | eps=0.729 | mean turn reward=+0.141 | mean episode return/seat=+3.69
iter 909/5000 (18.18%) | elapsed=15m 46s | eta=1h 11m 01s | loss=0.0312 | eps=0.729 | mean turn reward=+0.140 | mean episode return/seat=+3.66
iter 910/5000 (18.20%) | elapsed=15m 47s | eta=1h 11m 00s | loss=0.0297 | eps=0.729 | mean turn reward=+0.140 | mean episode return/seat=+3.65
iter 911/5000 (18.22%) | elapsed=15m 49s | eta=1h 10m 59s | loss=0.0259 | eps=0.729 | mean turn reward=+0.140 | mean episode return/seat=+3.73
iter 912/5000 (18.24%) | elapsed=15m 50s | eta=1h 10m 58s | loss=0.0314 | eps=0.728 | mean turn reward=+0.142 | mean episode return/seat=+3.75
iter 913/5000 (18.26%) | elapsed=15m 51s | eta=1h 10m 57s | loss=0.0244 | eps=0.728 | mean turn reward=+0.140 | mean episode return/seat=+3.65
iter 914/5000 (18.28%) | elapsed=15m 52s | eta=1h 10m 56s | loss=0.0305 | eps=0.728 | mean turn reward=+0.140 | mean episode return/seat=+3.71
iter 915/5000 (18.30%) | elapsed=15m 53s | eta=1h 10m 55s | loss=0.0261 | eps=0.727 | mean turn reward=+0.139 | mean episode return/seat=+3.65
iter 916/5000 (18.32%) | elapsed=15m 54s | eta=1h 10m 54s | loss=0.0274 | eps=0.727 | mean turn reward=+0.141 | mean episode return/seat=+3.70
iter 917/5000 (18.34%) | elapsed=15m 55s | eta=1h 10m 53s | loss=0.0272 | eps=0.727 | mean turn reward=+0.140 | mean episode return/seat=+3.67
iter 918/5000 (18.36%) | elapsed=15m 56s | eta=1h 10m 52s | loss=0.0281 | eps=0.726 | mean turn reward=+0.143 | mean episode return/seat=+3.80
iter 919/5000 (18.38%) | elapsed=15m 57s | eta=1h 10m 51s | loss=0.0301 | eps=0.726 | mean turn reward=+0.142 | mean episode return/seat=+3.78
iter 920/5000 (18.40%) | elapsed=15m 58s | eta=1h 10m 50s | loss=0.0289 | eps=0.726 | mean turn reward=+0.143 | mean episode return/seat=+3.79
iter 921/5000 (18.42%) | elapsed=15m 59s | eta=1h 10m 49s | loss=0.0308 | eps=0.726 | mean turn reward=+0.140 | mean episode return/seat=+3.68
iter 922/5000 (18.44%) | elapsed=16m 00s | eta=1h 10m 48s | loss=0.0300 | eps=0.725 | mean turn reward=+0.142 | mean episode return/seat=+3.72
iter 923/5000 (18.46%) | elapsed=16m 01s | eta=1h 10m 47s | loss=0.0272 | eps=0.725 | mean turn reward=+0.141 | mean episode return/seat=+3.72
iter 924/5000 (18.48%) | elapsed=16m 02s | eta=1h 10m 46s | loss=0.0325 | eps=0.725 | mean turn reward=+0.142 | mean episode return/seat=+3.75
iter 925/5000 (18.50%) | elapsed=16m 03s | eta=1h 10m 45s | loss=0.0295 | eps=0.724 | mean turn reward=+0.141 | mean episode return/seat=+3.70
iter 926/5000 (18.52%) | elapsed=16m 04s | eta=1h 10m 44s | loss=0.0277 | eps=0.724 | mean turn reward=+0.138 | mean episode return/seat=+3.60
iter 927/5000 (18.54%) | elapsed=16m 05s | eta=1h 10m 43s | loss=0.0294 | eps=0.724 | mean turn reward=+0.142 | mean episode return/seat=+3.69
iter 928/5000 (18.56%) | elapsed=16m 06s | eta=1h 10m 42s | loss=0.0269 | eps=0.723 | mean turn reward=+0.140 | mean episode return/seat=+3.71
iter 929/5000 (18.58%) | elapsed=16m 07s | eta=1h 10m 41s | loss=0.0273 | eps=0.723 | mean turn reward=+0.142 | mean episode return/seat=+3.76
iter 930/5000 (18.60%) | elapsed=16m 08s | eta=1h 10m 40s | loss=0.0279 | eps=0.723 | mean turn reward=+0.143 | mean episode return/seat=+3.76
iter 931/5000 (18.62%) | elapsed=16m 09s | eta=1h 10m 38s | loss=0.0283 | eps=0.723 | mean turn reward=+0.141 | mean episode return/seat=+3.76
iter 932/5000 (18.64%) | elapsed=16m 10s | eta=1h 10m 37s | loss=0.0315 | eps=0.722 | mean turn reward=+0.137 | mean episode return/seat=+3.58
iter 933/5000 (18.66%) | elapsed=16m 11s | eta=1h 10m 36s | loss=0.0286 | eps=0.722 | mean turn reward=+0.142 | mean episode return/seat=+3.77
iter 934/5000 (18.68%) | elapsed=16m 13s | eta=1h 10m 35s | loss=0.0294 | eps=0.722 | mean turn reward=+0.141 | mean episode return/seat=+3.73
iter 935/5000 (18.70%) | elapsed=16m 14s | eta=1h 10m 35s | loss=0.0309 | eps=0.721 | mean turn reward=+0.140 | mean episode return/seat=+3.67
iter 936/5000 (18.72%) | elapsed=16m 15s | eta=1h 10m 33s | loss=0.0274 | eps=0.721 | mean turn reward=+0.143 | mean episode return/seat=+3.76
iter 937/5000 (18.74%) | elapsed=16m 16s | eta=1h 10m 32s | loss=0.0277 | eps=0.721 | mean turn reward=+0.141 | mean episode return/seat=+3.70
iter 938/5000 (18.76%) | elapsed=16m 17s | eta=1h 10m 31s | loss=0.0281 | eps=0.720 | mean turn reward=+0.141 | mean episode return/seat=+3.69
iter 939/5000 (18.78%) | elapsed=16m 18s | eta=1h 10m 30s | loss=0.0286 | eps=0.720 | mean turn reward=+0.143 | mean episode return/seat=+3.77
iter 940/5000 (18.80%) | elapsed=16m 19s | eta=1h 10m 29s | loss=0.0287 | eps=0.720 | mean turn reward=+0.140 | mean episode return/seat=+3.69
iter 941/5000 (18.82%) | elapsed=16m 20s | eta=1h 10m 28s | loss=0.0271 | eps=0.720 | mean turn reward=+0.138 | mean episode return/seat=+3.62
iter 942/5000 (18.84%) | elapsed=16m 21s | eta=1h 10m 28s | loss=0.0264 | eps=0.719 | mean turn reward=+0.140 | mean episode return/seat=+3.65
iter 943/5000 (18.86%) | elapsed=16m 22s | eta=1h 10m 27s | loss=0.0250 | eps=0.719 | mean turn reward=+0.142 | mean episode return/seat=+3.72
iter 944/5000 (18.88%) | elapsed=16m 23s | eta=1h 10m 25s | loss=0.0246 | eps=0.719 | mean turn reward=+0.141 | mean episode return/seat=+3.69
iter 945/5000 (18.90%) | elapsed=16m 24s | eta=1h 10m 24s | loss=0.0305 | eps=0.718 | mean turn reward=+0.140 | mean episode return/seat=+3.68
iter 946/5000 (18.92%) | elapsed=16m 25s | eta=1h 10m 23s | loss=0.0276 | eps=0.718 | mean turn reward=+0.141 | mean episode return/seat=+3.73
iter 947/5000 (18.94%) | elapsed=16m 26s | eta=1h 10m 22s | loss=0.0283 | eps=0.718 | mean turn reward=+0.143 | mean episode return/seat=+3.76
iter 948/5000 (18.96%) | elapsed=16m 27s | eta=1h 10m 21s | loss=0.0280 | eps=0.717 | mean turn reward=+0.141 | mean episode return/seat=+3.75
iter 949/5000 (18.98%) | elapsed=16m 28s | eta=1h 10m 20s | loss=0.0272 | eps=0.717 | mean turn reward=+0.142 | mean episode return/seat=+3.71
iter 950/5000 (19.00%) | elapsed=16m 29s | eta=1h 10m 19s | loss=0.0264 | eps=0.717 | mean turn reward=+0.139 | mean episode return/seat=+3.66
iter 951/5000 (19.02%) | elapsed=16m 30s | eta=1h 10m 18s | loss=0.0278 | eps=0.717 | mean turn reward=+0.139 | mean episode return/seat=+3.61
iter 952/5000 (19.04%) | elapsed=16m 31s | eta=1h 10m 17s | loss=0.0308 | eps=0.716 | mean turn reward=+0.144 | mean episode return/seat=+3.81
iter 953/5000 (19.06%) | elapsed=16m 32s | eta=1h 10m 16s | loss=0.0251 | eps=0.716 | mean turn reward=+0.140 | mean episode return/seat=+3.68
iter 954/5000 (19.08%) | elapsed=16m 34s | eta=1h 10m 15s | loss=0.0285 | eps=0.716 | mean turn reward=+0.140 | mean episode return/seat=+3.68
iter 955/5000 (19.10%) | elapsed=16m 35s | eta=1h 10m 15s | loss=0.0302 | eps=0.715 | mean turn reward=+0.142 | mean episode return/seat=+3.76
iter 956/5000 (19.12%) | elapsed=16m 36s | eta=1h 10m 13s | loss=0.0278 | eps=0.715 | mean turn reward=+0.140 | mean episode return/seat=+3.65
iter 957/5000 (19.14%) | elapsed=16m 37s | eta=1h 10m 12s | loss=0.0275 | eps=0.715 | mean turn reward=+0.141 | mean episode return/seat=+3.68
iter 958/5000 (19.16%) | elapsed=16m 38s | eta=1h 10m 12s | loss=0.0260 | eps=0.714 | mean turn reward=+0.142 | mean episode return/seat=+3.76
iter 959/5000 (19.18%) | elapsed=16m 39s | eta=1h 10m 11s | loss=0.0274 | eps=0.714 | mean turn reward=+0.137 | mean episode return/seat=+3.55
iter 960/5000 (19.20%) | elapsed=16m 40s | eta=1h 10m 10s | loss=0.0282 | eps=0.714 | mean turn reward=+0.141 | mean episode return/seat=+3.76
iter 961/5000 (19.22%) | elapsed=16m 41s | eta=1h 10m 09s | loss=0.0319 | eps=0.714 | mean turn reward=+0.142 | mean episode return/seat=+3.72
iter 962/5000 (19.24%) | elapsed=16m 42s | eta=1h 10m 08s | loss=0.0289 | eps=0.713 | mean turn reward=+0.142 | mean episode return/seat=+3.69
iter 963/5000 (19.26%) | elapsed=16m 43s | eta=1h 10m 07s | loss=0.0326 | eps=0.713 | mean turn reward=+0.140 | mean episode return/seat=+3.67
iter 964/5000 (19.28%) | elapsed=16m 44s | eta=1h 10m 06s | loss=0.0264 | eps=0.713 | mean turn reward=+0.145 | mean episode return/seat=+3.89
iter 965/5000 (19.30%) | elapsed=16m 45s | eta=1h 10m 05s | loss=0.0271 | eps=0.712 | mean turn reward=+0.141 | mean episode return/seat=+3.70
iter 966/5000 (19.32%) | elapsed=16m 46s | eta=1h 10m 04s | loss=0.0266 | eps=0.712 | mean turn reward=+0.141 | mean episode return/seat=+3.67
iter 967/5000 (19.34%) | elapsed=16m 47s | eta=1h 10m 03s | loss=0.0269 | eps=0.712 | mean turn reward=+0.143 | mean episode return/seat=+3.80
iter 968/5000 (19.36%) | elapsed=16m 48s | eta=1h 10m 02s | loss=0.0251 | eps=0.712 | mean turn reward=+0.141 | mean episode return/seat=+3.75
iter 969/5000 (19.38%) | elapsed=16m 50s | eta=1h 10m 01s | loss=0.0310 | eps=0.711 | mean turn reward=+0.143 | mean episode return/seat=+3.79
iter 970/5000 (19.40%) | elapsed=16m 51s | eta=1h 10m 00s | loss=0.0268 | eps=0.711 | mean turn reward=+0.141 | mean episode return/seat=+3.68
iter 971/5000 (19.42%) | elapsed=16m 52s | eta=1h 09m 59s | loss=0.0245 | eps=0.711 | mean turn reward=+0.141 | mean episode return/seat=+3.68
iter 972/5000 (19.44%) | elapsed=16m 53s | eta=1h 09m 58s | loss=0.0294 | eps=0.710 | mean turn reward=+0.142 | mean episode return/seat=+3.79
iter 973/5000 (19.46%) | elapsed=16m 54s | eta=1h 09m 58s | loss=0.0279 | eps=0.710 | mean turn reward=+0.139 | mean episode return/seat=+3.66
iter 974/5000 (19.48%) | elapsed=16m 55s | eta=1h 09m 57s | loss=0.0275 | eps=0.710 | mean turn reward=+0.141 | mean episode return/seat=+3.74
iter 975/5000 (19.50%) | elapsed=16m 56s | eta=1h 09m 55s | loss=0.0283 | eps=0.709 | mean turn reward=+0.141 | mean episode return/seat=+3.70
iter 976/5000 (19.52%) | elapsed=16m 57s | eta=1h 09m 54s | loss=0.0260 | eps=0.709 | mean turn reward=+0.143 | mean episode return/seat=+3.79
iter 977/5000 (19.54%) | elapsed=16m 58s | eta=1h 09m 53s | loss=0.0241 | eps=0.709 | mean turn reward=+0.142 | mean episode return/seat=+3.71
iter 978/5000 (19.56%) | elapsed=16m 59s | eta=1h 09m 52s | loss=0.0296 | eps=0.709 | mean turn reward=+0.143 | mean episode return/seat=+3.78
iter 979/5000 (19.58%) | elapsed=17m 00s | eta=1h 09m 52s | loss=0.0234 | eps=0.708 | mean turn reward=+0.141 | mean episode return/seat=+3.76
iter 980/5000 (19.60%) | elapsed=17m 01s | eta=1h 09m 51s | loss=0.0250 | eps=0.708 | mean turn reward=+0.140 | mean episode return/seat=+3.68
iter 981/5000 (19.62%) | elapsed=17m 02s | eta=1h 09m 49s | loss=0.0275 | eps=0.708 | mean turn reward=+0.140 | mean episode return/seat=+3.66
iter 982/5000 (19.64%) | elapsed=17m 03s | eta=1h 09m 48s | loss=0.0271 | eps=0.707 | mean turn reward=+0.142 | mean episode return/seat=+3.71
iter 983/5000 (19.66%) | elapsed=17m 04s | eta=1h 09m 47s | loss=0.0245 | eps=0.707 | mean turn reward=+0.140 | mean episode return/seat=+3.70
iter 984/5000 (19.68%) | elapsed=17m 05s | eta=1h 09m 46s | loss=0.0288 | eps=0.707 | mean turn reward=+0.141 | mean episode return/seat=+3.64
iter 985/5000 (19.70%) | elapsed=17m 06s | eta=1h 09m 46s | loss=0.0280 | eps=0.706 | mean turn reward=+0.144 | mean episode return/seat=+3.81
iter 986/5000 (19.72%) | elapsed=17m 08s | eta=1h 09m 45s | loss=0.0256 | eps=0.706 | mean turn reward=+0.141 | mean episode return/seat=+3.73
iter 987/5000 (19.74%) | elapsed=17m 09s | eta=1h 09m 44s | loss=0.0245 | eps=0.706 | mean turn reward=+0.141 | mean episode return/seat=+3.72
iter 988/5000 (19.76%) | elapsed=17m 10s | eta=1h 09m 42s | loss=0.0281 | eps=0.706 | mean turn reward=+0.142 | mean episode return/seat=+3.75
iter 989/5000 (19.78%) | elapsed=17m 11s | eta=1h 09m 42s | loss=0.0275 | eps=0.705 | mean turn reward=+0.142 | mean episode return/seat=+3.76
iter 990/5000 (19.80%) | elapsed=17m 12s | eta=1h 09m 40s | loss=0.0282 | eps=0.705 | mean turn reward=+0.142 | mean episode return/seat=+3.73
iter 991/5000 (19.82%) | elapsed=17m 13s | eta=1h 09m 40s | loss=0.0300 | eps=0.705 | mean turn reward=+0.139 | mean episode return/seat=+3.66
iter 992/5000 (19.84%) | elapsed=17m 14s | eta=1h 09m 39s | loss=0.0262 | eps=0.704 | mean turn reward=+0.141 | mean episode return/seat=+3.71
iter 993/5000 (19.86%) | elapsed=17m 15s | eta=1h 09m 38s | loss=0.0244 | eps=0.704 | mean turn reward=+0.144 | mean episode return/seat=+3.81
iter 994/5000 (19.88%) | elapsed=17m 16s | eta=1h 09m 37s | loss=0.0251 | eps=0.704 | mean turn reward=+0.144 | mean episode return/seat=+3.80
iter 995/5000 (19.90%) | elapsed=17m 17s | eta=1h 09m 36s | loss=0.0269 | eps=0.703 | mean turn reward=+0.142 | mean episode return/seat=+3.77
iter 996/5000 (19.92%) | elapsed=17m 18s | eta=1h 09m 35s | loss=0.0252 | eps=0.703 | mean turn reward=+0.141 | mean episode return/seat=+3.72
iter 997/5000 (19.94%) | elapsed=17m 19s | eta=1h 09m 34s | loss=0.0247 | eps=0.703 | mean turn reward=+0.141 | mean episode return/seat=+3.72
iter 998/5000 (19.96%) | elapsed=17m 20s | eta=1h 09m 33s | loss=0.0278 | eps=0.703 | mean turn reward=+0.141 | mean episode return/seat=+3.73
iter 999/5000 (19.98%) | elapsed=17m 21s | eta=1h 09m 32s | loss=0.0264 | eps=0.702 | mean turn reward=+0.142 | mean episode return/seat=+3.72
iter 1000/5000 (20.00%) | elapsed=17m 22s | eta=1h 09m 31s | loss=0.0255 | eps=0.702 | mean turn reward=+0.142 | mean episode return/seat=+3.76
iter 1001/5000 (20.02%) | elapsed=17m 23s | eta=1h 09m 30s | loss=0.0268 | eps=0.702 | mean turn reward=+0.144 | mean episode return/seat=+3.75
iter 1002/5000 (20.04%) | elapsed=17m 25s | eta=1h 09m 29s | loss=0.0282 | eps=0.701 | mean turn reward=+0.144 | mean episode return/seat=+3.78
iter 1003/5000 (20.06%) | elapsed=17m 26s | eta=1h 09m 28s | loss=0.0264 | eps=0.701 | mean turn reward=+0.141 | mean episode return/seat=+3.74
iter 1004/5000 (20.08%) | elapsed=17m 27s | eta=1h 09m 27s | loss=0.0258 | eps=0.701 | mean turn reward=+0.142 | mean episode return/seat=+3.74
iter 1005/5000 (20.10%) | elapsed=17m 28s | eta=1h 09m 26s | loss=0.0301 | eps=0.700 | mean turn reward=+0.141 | mean episode return/seat=+3.70
iter 1006/5000 (20.12%) | elapsed=17m 29s | eta=1h 09m 25s | loss=0.0304 | eps=0.700 | mean turn reward=+0.140 | mean episode return/seat=+3.65
iter 1007/5000 (20.14%) | elapsed=17m 30s | eta=1h 09m 24s | loss=0.0274 | eps=0.700 | mean turn reward=+0.143 | mean episode return/seat=+3.76
iter 1008/5000 (20.16%) | elapsed=17m 31s | eta=1h 09m 23s | loss=0.0275 | eps=0.700 | mean turn reward=+0.145 | mean episode return/seat=+3.86
iter 1009/5000 (20.18%) | elapsed=17m 32s | eta=1h 09m 22s | loss=0.0294 | eps=0.699 | mean turn reward=+0.144 | mean episode return/seat=+3.80
iter 1010/5000 (20.20%) | elapsed=17m 33s | eta=1h 09m 22s | loss=0.0270 | eps=0.699 | mean turn reward=+0.142 | mean episode return/seat=+3.76
iter 1011/5000 (20.22%) | elapsed=17m 34s | eta=1h 09m 21s | loss=0.0265 | eps=0.699 | mean turn reward=+0.141 | mean episode return/seat=+3.73
iter 1012/5000 (20.24%) | elapsed=17m 35s | eta=1h 09m 20s | loss=0.0276 | eps=0.698 | mean turn reward=+0.141 | mean episode return/seat=+3.75
iter 1013/5000 (20.26%) | elapsed=17m 36s | eta=1h 09m 19s | loss=0.0284 | eps=0.698 | mean turn reward=+0.142 | mean episode return/seat=+3.70
iter 1014/5000 (20.28%) | elapsed=17m 37s | eta=1h 09m 17s | loss=0.0240 | eps=0.698 | mean turn reward=+0.142 | mean episode return/seat=+3.77
iter 1015/5000 (20.30%) | elapsed=17m 38s | eta=1h 09m 16s | loss=0.0243 | eps=0.698 | mean turn reward=+0.143 | mean episode return/seat=+3.78
iter 1016/5000 (20.32%) | elapsed=17m 39s | eta=1h 09m 15s | loss=0.0258 | eps=0.697 | mean turn reward=+0.141 | mean episode return/seat=+3.69
iter 1017/5000 (20.34%) | elapsed=17m 40s | eta=1h 09m 15s | loss=0.0249 | eps=0.697 | mean turn reward=+0.141 | mean episode return/seat=+3.73
iter 1018/5000 (20.36%) | elapsed=17m 42s | eta=1h 09m 14s | loss=0.0281 | eps=0.697 | mean turn reward=+0.142 | mean episode return/seat=+3.72
iter 1019/5000 (20.38%) | elapsed=17m 43s | eta=1h 09m 13s | loss=0.0242 | eps=0.696 | mean turn reward=+0.145 | mean episode return/seat=+3.82
iter 1020/5000 (20.40%) | elapsed=17m 44s | eta=1h 09m 12s | loss=0.0255 | eps=0.696 | mean turn reward=+0.140 | mean episode return/seat=+3.66
iter 1021/5000 (20.42%) | elapsed=17m 45s | eta=1h 09m 11s | loss=0.0268 | eps=0.696 | mean turn reward=+0.140 | mean episode return/seat=+3.65
iter 1022/5000 (20.44%) | elapsed=17m 46s | eta=1h 09m 10s | loss=0.0271 | eps=0.695 | mean turn reward=+0.139 | mean episode return/seat=+3.66
iter 1023/5000 (20.46%) | elapsed=17m 47s | eta=1h 09m 09s | loss=0.0265 | eps=0.695 | mean turn reward=+0.141 | mean episode return/seat=+3.73
iter 1024/5000 (20.48%) | elapsed=17m 48s | eta=1h 09m 08s | loss=0.0281 | eps=0.695 | mean turn reward=+0.143 | mean episode return/seat=+3.78
iter 1025/5000 (20.50%) | elapsed=17m 49s | eta=1h 09m 07s | loss=0.0264 | eps=0.695 | mean turn reward=+0.143 | mean episode return/seat=+3.74
iter 1026/5000 (20.52%) | elapsed=17m 50s | eta=1h 09m 06s | loss=0.0242 | eps=0.694 | mean turn reward=+0.142 | mean episode return/seat=+3.72
iter 1027/5000 (20.54%) | elapsed=17m 51s | eta=1h 09m 05s | loss=0.0283 | eps=0.694 | mean turn reward=+0.145 | mean episode return/seat=+3.85
iter 1028/5000 (20.56%) | elapsed=17m 52s | eta=1h 09m 04s | loss=0.0276 | eps=0.694 | mean turn reward=+0.142 | mean episode return/seat=+3.77
iter 1029/5000 (20.58%) | elapsed=17m 53s | eta=1h 09m 03s | loss=0.0213 | eps=0.693 | mean turn reward=+0.143 | mean episode return/seat=+3.74
iter 1030/5000 (20.60%) | elapsed=17m 54s | eta=1h 09m 02s | loss=0.0268 | eps=0.693 | mean turn reward=+0.141 | mean episode return/seat=+3.74
iter 1031/5000 (20.62%) | elapsed=17m 55s | eta=1h 09m 01s | loss=0.0323 | eps=0.693 | mean turn reward=+0.141 | mean episode return/seat=+3.73
iter 1032/5000 (20.64%) | elapsed=17m 56s | eta=1h 09m 00s | loss=0.0291 | eps=0.692 | mean turn reward=+0.143 | mean episode return/seat=+3.74
iter 1033/5000 (20.66%) | elapsed=17m 57s | eta=1h 08m 59s | loss=0.0281 | eps=0.692 | mean turn reward=+0.146 | mean episode return/seat=+3.87
iter 1034/5000 (20.68%) | elapsed=17m 58s | eta=1h 08m 58s | loss=0.0262 | eps=0.692 | mean turn reward=+0.144 | mean episode return/seat=+3.80
iter 1035/5000 (20.70%) | elapsed=17m 59s | eta=1h 08m 57s | loss=0.0265 | eps=0.692 | mean turn reward=+0.144 | mean episode return/seat=+3.81
iter 1036/5000 (20.72%) | elapsed=18m 01s | eta=1h 08m 56s | loss=0.0264 | eps=0.691 | mean turn reward=+0.142 | mean episode return/seat=+3.73
iter 1037/5000 (20.74%) | elapsed=18m 02s | eta=1h 08m 55s | loss=0.0262 | eps=0.691 | mean turn reward=+0.143 | mean episode return/seat=+3.77
iter 1038/5000 (20.76%) | elapsed=18m 03s | eta=1h 08m 54s | loss=0.0326 | eps=0.691 | mean turn reward=+0.143 | mean episode return/seat=+3.80
iter 1039/5000 (20.78%) | elapsed=18m 04s | eta=1h 08m 53s | loss=0.0269 | eps=0.690 | mean turn reward=+0.144 | mean episode return/seat=+3.84
iter 1040/5000 (20.80%) | elapsed=18m 05s | eta=1h 08m 52s | loss=0.0265 | eps=0.690 | mean turn reward=+0.144 | mean episode return/seat=+3.81
iter 1041/5000 (20.82%) | elapsed=18m 06s | eta=1h 08m 51s | loss=0.0258 | eps=0.690 | mean turn reward=+0.141 | mean episode return/seat=+3.70
iter 1042/5000 (20.84%) | elapsed=18m 07s | eta=1h 08m 50s | loss=0.0315 | eps=0.689 | mean turn reward=+0.140 | mean episode return/seat=+3.68
iter 1043/5000 (20.86%) | elapsed=18m 08s | eta=1h 08m 49s | loss=0.0283 | eps=0.689 | mean turn reward=+0.142 | mean episode return/seat=+3.70
iter 1044/5000 (20.88%) | elapsed=18m 09s | eta=1h 08m 48s | loss=0.0259 | eps=0.689 | mean turn reward=+0.143 | mean episode return/seat=+3.74
iter 1045/5000 (20.90%) | elapsed=18m 10s | eta=1h 08m 47s | loss=0.0270 | eps=0.689 | mean turn reward=+0.141 | mean episode return/seat=+3.69
iter 1046/5000 (20.92%) | elapsed=18m 11s | eta=1h 08m 46s | loss=0.0268 | eps=0.688 | mean turn reward=+0.143 | mean episode return/seat=+3.76
iter 1047/5000 (20.94%) | elapsed=18m 12s | eta=1h 08m 45s | loss=0.0302 | eps=0.688 | mean turn reward=+0.144 | mean episode return/seat=+3.82
iter 1048/5000 (20.96%) | elapsed=18m 13s | eta=1h 08m 44s | loss=0.0311 | eps=0.688 | mean turn reward=+0.142 | mean episode return/seat=+3.70
iter 1049/5000 (20.98%) | elapsed=18m 14s | eta=1h 08m 43s | loss=0.0250 | eps=0.687 | mean turn reward=+0.143 | mean episode return/seat=+3.79
iter 1050/5000 (21.00%) | elapsed=18m 15s | eta=1h 08m 42s | loss=0.0261 | eps=0.687 | mean turn reward=+0.142 | mean episode return/seat=+3.74
iter 1051/5000 (21.02%) | elapsed=18m 16s | eta=1h 08m 41s | loss=0.0282 | eps=0.687 | mean turn reward=+0.142 | mean episode return/seat=+3.76
iter 1052/5000 (21.04%) | elapsed=18m 18s | eta=1h 08m 40s | loss=0.0255 | eps=0.686 | mean turn reward=+0.142 | mean episode return/seat=+3.74
iter 1053/5000 (21.06%) | elapsed=18m 18s | eta=1h 08m 39s | loss=0.0298 | eps=0.686 | mean turn reward=+0.142 | mean episode return/seat=+3.74
iter 1054/5000 (21.08%) | elapsed=18m 20s | eta=1h 08m 38s | loss=0.0274 | eps=0.686 | mean turn reward=+0.141 | mean episode return/seat=+3.70
iter 1055/5000 (21.10%) | elapsed=18m 21s | eta=1h 08m 37s | loss=0.0282 | eps=0.686 | mean turn reward=+0.141 | mean episode return/seat=+3.66
iter 1056/5000 (21.12%) | elapsed=18m 22s | eta=1h 08m 36s | loss=0.0279 | eps=0.685 | mean turn reward=+0.143 | mean episode return/seat=+3.82
iter 1057/5000 (21.14%) | elapsed=18m 23s | eta=1h 08m 35s | loss=0.0283 | eps=0.685 | mean turn reward=+0.141 | mean episode return/seat=+3.68
iter 1058/5000 (21.16%) | elapsed=18m 24s | eta=1h 08m 34s | loss=0.0285 | eps=0.685 | mean turn reward=+0.143 | mean episode return/seat=+3.71
iter 1059/5000 (21.18%) | elapsed=18m 25s | eta=1h 08m 33s | loss=0.0290 | eps=0.684 | mean turn reward=+0.143 | mean episode return/seat=+3.79
iter 1060/5000 (21.20%) | elapsed=18m 26s | eta=1h 08m 32s | loss=0.0258 | eps=0.684 | mean turn reward=+0.142 | mean episode return/seat=+3.71
iter 1061/5000 (21.22%) | elapsed=18m 27s | eta=1h 08m 31s | loss=0.0263 | eps=0.684 | mean turn reward=+0.142 | mean episode return/seat=+3.75
iter 1062/5000 (21.24%) | elapsed=18m 28s | eta=1h 08m 30s | loss=0.0230 | eps=0.683 | mean turn reward=+0.142 | mean episode return/seat=+3.71
iter 1063/5000 (21.26%) | elapsed=18m 29s | eta=1h 08m 29s | loss=0.0280 | eps=0.683 | mean turn reward=+0.143 | mean episode return/seat=+3.78
iter 1064/5000 (21.28%) | elapsed=18m 30s | eta=1h 08m 28s | loss=0.0246 | eps=0.683 | mean turn reward=+0.144 | mean episode return/seat=+3.80
iter 1065/5000 (21.30%) | elapsed=18m 31s | eta=1h 08m 27s | loss=0.0259 | eps=0.683 | mean turn reward=+0.143 | mean episode return/seat=+3.77
iter 1066/5000 (21.32%) | elapsed=18m 32s | eta=1h 08m 26s | loss=0.0251 | eps=0.682 | mean turn reward=+0.142 | mean episode return/seat=+3.73
iter 1067/5000 (21.34%) | elapsed=18m 33s | eta=1h 08m 25s | loss=0.0259 | eps=0.682 | mean turn reward=+0.140 | mean episode return/seat=+3.68
iter 1068/5000 (21.36%) | elapsed=18m 34s | eta=1h 08m 24s | loss=0.0253 | eps=0.682 | mean turn reward=+0.142 | mean episode return/seat=+3.71
iter 1069/5000 (21.38%) | elapsed=18m 35s | eta=1h 08m 23s | loss=0.0257 | eps=0.681 | mean turn reward=+0.143 | mean episode return/seat=+3.79
iter 1070/5000 (21.40%) | elapsed=18m 37s | eta=1h 08m 22s | loss=0.0243 | eps=0.681 | mean turn reward=+0.144 | mean episode return/seat=+3.82
iter 1071/5000 (21.42%) | elapsed=18m 38s | eta=1h 08m 21s | loss=0.0284 | eps=0.681 | mean turn reward=+0.144 | mean episode return/seat=+3.78
iter 1072/5000 (21.44%) | elapsed=18m 39s | eta=1h 08m 20s | loss=0.0262 | eps=0.681 | mean turn reward=+0.144 | mean episode return/seat=+3.81
iter 1073/5000 (21.46%) | elapsed=18m 40s | eta=1h 08m 19s | loss=0.0256 | eps=0.680 | mean turn reward=+0.143 | mean episode return/seat=+3.76
iter 1074/5000 (21.48%) | elapsed=18m 41s | eta=1h 08m 18s | loss=0.0270 | eps=0.680 | mean turn reward=+0.141 | mean episode return/seat=+3.69
iter 1075/5000 (21.50%) | elapsed=18m 42s | eta=1h 08m 17s | loss=0.0280 | eps=0.680 | mean turn reward=+0.146 | mean episode return/seat=+3.84
iter 1076/5000 (21.52%) | elapsed=18m 43s | eta=1h 08m 17s | loss=0.0292 | eps=0.679 | mean turn reward=+0.141 | mean episode return/seat=+3.71
iter 1077/5000 (21.54%) | elapsed=18m 44s | eta=1h 08m 15s | loss=0.0278 | eps=0.679 | mean turn reward=+0.146 | mean episode return/seat=+3.86
iter 1078/5000 (21.56%) | elapsed=18m 45s | eta=1h 08m 14s | loss=0.0249 | eps=0.679 | mean turn reward=+0.144 | mean episode return/seat=+3.80
iter 1079/5000 (21.58%) | elapsed=18m 46s | eta=1h 08m 13s | loss=0.0283 | eps=0.678 | mean turn reward=+0.140 | mean episode return/seat=+3.66
iter 1080/5000 (21.60%) | elapsed=18m 47s | eta=1h 08m 12s | loss=0.0272 | eps=0.678 | mean turn reward=+0.146 | mean episode return/seat=+3.93
iter 1081/5000 (21.62%) | elapsed=18m 48s | eta=1h 08m 11s | loss=0.0254 | eps=0.678 | mean turn reward=+0.140 | mean episode return/seat=+3.63
iter 1082/5000 (21.64%) | elapsed=18m 49s | eta=1h 08m 10s | loss=0.0284 | eps=0.678 | mean turn reward=+0.143 | mean episode return/seat=+3.78
iter 1083/5000 (21.66%) | elapsed=18m 50s | eta=1h 08m 09s | loss=0.0279 | eps=0.677 | mean turn reward=+0.145 | mean episode return/seat=+3.86
iter 1084/5000 (21.68%) | elapsed=18m 51s | eta=1h 08m 08s | loss=0.0279 | eps=0.677 | mean turn reward=+0.144 | mean episode return/seat=+3.82
iter 1085/5000 (21.70%) | elapsed=18m 52s | eta=1h 08m 07s | loss=0.0260 | eps=0.677 | mean turn reward=+0.146 | mean episode return/seat=+3.82
iter 1086/5000 (21.72%) | elapsed=18m 53s | eta=1h 08m 06s | loss=0.0278 | eps=0.676 | mean turn reward=+0.144 | mean episode return/seat=+3.83
iter 1087/5000 (21.74%) | elapsed=18m 54s | eta=1h 08m 05s | loss=0.0284 | eps=0.676 | mean turn reward=+0.141 | mean episode return/seat=+3.69
iter 1088/5000 (21.76%) | elapsed=18m 55s | eta=1h 08m 04s | loss=0.0293 | eps=0.676 | mean turn reward=+0.143 | mean episode return/seat=+3.80
iter 1089/5000 (21.78%) | elapsed=18m 57s | eta=1h 08m 03s | loss=0.0302 | eps=0.675 | mean turn reward=+0.145 | mean episode return/seat=+3.85
iter 1090/5000 (21.80%) | elapsed=18m 58s | eta=1h 08m 02s | loss=0.0275 | eps=0.675 | mean turn reward=+0.145 | mean episode return/seat=+3.84
iter 1091/5000 (21.82%) | elapsed=18m 59s | eta=1h 08m 01s | loss=0.0262 | eps=0.675 | mean turn reward=+0.145 | mean episode return/seat=+3.81
iter 1092/5000 (21.84%) | elapsed=19m 00s | eta=1h 08m 00s | loss=0.0232 | eps=0.675 | mean turn reward=+0.146 | mean episode return/seat=+3.90
iter 1093/5000 (21.86%) | elapsed=19m 01s | eta=1h 07m 59s | loss=0.0269 | eps=0.674 | mean turn reward=+0.144 | mean episode return/seat=+3.80
iter 1094/5000 (21.88%) | elapsed=19m 02s | eta=1h 07m 58s | loss=0.0271 | eps=0.674 | mean turn reward=+0.143 | mean episode return/seat=+3.81
iter 1095/5000 (21.90%) | elapsed=19m 03s | eta=1h 07m 57s | loss=0.0249 | eps=0.674 | mean turn reward=+0.145 | mean episode return/seat=+3.80
iter 1096/5000 (21.92%) | elapsed=19m 04s | eta=1h 07m 56s | loss=0.0265 | eps=0.673 | mean turn reward=+0.143 | mean episode return/seat=+3.72
iter 1097/5000 (21.94%) | elapsed=19m 05s | eta=1h 07m 55s | loss=0.0229 | eps=0.673 | mean turn reward=+0.146 | mean episode return/seat=+3.86
iter 1098/5000 (21.96%) | elapsed=19m 06s | eta=1h 07m 53s | loss=0.0271 | eps=0.673 | mean turn reward=+0.142 | mean episode return/seat=+3.70
iter 1099/5000 (21.98%) | elapsed=19m 07s | eta=1h 07m 52s | loss=0.0284 | eps=0.672 | mean turn reward=+0.145 | mean episode return/seat=+3.86
iter 1100/5000 (22.00%) | elapsed=19m 08s | eta=1h 07m 52s | loss=0.0244 | eps=0.672 | mean turn reward=+0.144 | mean episode return/seat=+3.76
iter 1101/5000 (22.02%) | elapsed=19m 09s | eta=1h 07m 51s | loss=0.0244 | eps=0.672 | mean turn reward=+0.144 | mean episode return/seat=+3.79
iter 1102/5000 (22.04%) | elapsed=19m 10s | eta=1h 07m 50s | loss=0.0254 | eps=0.672 | mean turn reward=+0.145 | mean episode return/seat=+3.86
iter 1103/5000 (22.06%) | elapsed=19m 11s | eta=1h 07m 49s | loss=0.0231 | eps=0.671 | mean turn reward=+0.146 | mean episode return/seat=+3.88
iter 1104/5000 (22.08%) | elapsed=19m 12s | eta=1h 07m 47s | loss=0.0255 | eps=0.671 | mean turn reward=+0.145 | mean episode return/seat=+3.82
iter 1105/5000 (22.10%) | elapsed=19m 13s | eta=1h 07m 47s | loss=0.0273 | eps=0.671 | mean turn reward=+0.144 | mean episode return/seat=+3.82
iter 1106/5000 (22.12%) | elapsed=19m 14s | eta=1h 07m 46s | loss=0.0286 | eps=0.670 | mean turn reward=+0.143 | mean episode return/seat=+3.77
iter 1107/5000 (22.14%) | elapsed=19m 16s | eta=1h 07m 45s | loss=0.0265 | eps=0.670 | mean turn reward=+0.144 | mean episode return/seat=+3.76
iter 1108/5000 (22.16%) | elapsed=19m 17s | eta=1h 07m 44s | loss=0.0270 | eps=0.670 | mean turn reward=+0.141 | mean episode return/seat=+3.67
iter 1109/5000 (22.18%) | elapsed=19m 18s | eta=1h 07m 43s | loss=0.0264 | eps=0.669 | mean turn reward=+0.144 | mean episode return/seat=+3.81
iter 1110/5000 (22.20%) | elapsed=19m 19s | eta=1h 07m 42s | loss=0.0262 | eps=0.669 | mean turn reward=+0.144 | mean episode return/seat=+3.78
iter 1111/5000 (22.22%) | elapsed=19m 20s | eta=1h 07m 41s | loss=0.0305 | eps=0.669 | mean turn reward=+0.143 | mean episode return/seat=+3.73
iter 1112/5000 (22.24%) | elapsed=19m 21s | eta=1h 07m 40s | loss=0.0268 | eps=0.669 | mean turn reward=+0.147 | mean episode return/seat=+3.93
iter 1113/5000 (22.26%) | elapsed=19m 22s | eta=1h 07m 39s | loss=0.0227 | eps=0.668 | mean turn reward=+0.144 | mean episode return/seat=+3.82
iter 1114/5000 (22.28%) | elapsed=19m 23s | eta=1h 07m 38s | loss=0.0249 | eps=0.668 | mean turn reward=+0.143 | mean episode return/seat=+3.79
iter 1115/5000 (22.30%) | elapsed=19m 24s | eta=1h 07m 37s | loss=0.0247 | eps=0.668 | mean turn reward=+0.143 | mean episode return/seat=+3.80
iter 1116/5000 (22.32%) | elapsed=19m 25s | eta=1h 07m 36s | loss=0.0238 | eps=0.667 | mean turn reward=+0.142 | mean episode return/seat=+3.70
iter 1117/5000 (22.34%) | elapsed=19m 26s | eta=1h 07m 35s | loss=0.0240 | eps=0.667 | mean turn reward=+0.144 | mean episode return/seat=+3.76
iter 1118/5000 (22.36%) | elapsed=19m 27s | eta=1h 07m 34s | loss=0.0280 | eps=0.667 | mean turn reward=+0.142 | mean episode return/seat=+3.73
iter 1119/5000 (22.38%) | elapsed=19m 28s | eta=1h 07m 33s | loss=0.0242 | eps=0.667 | mean turn reward=+0.146 | mean episode return/seat=+3.82
iter 1120/5000 (22.40%) | elapsed=19m 29s | eta=1h 07m 32s | loss=0.0234 | eps=0.666 | mean turn reward=+0.142 | mean episode return/seat=+3.74
iter 1121/5000 (22.42%) | elapsed=19m 30s | eta=1h 07m 31s | loss=0.0252 | eps=0.666 | mean turn reward=+0.145 | mean episode return/seat=+3.81
iter 1122/5000 (22.44%) | elapsed=19m 31s | eta=1h 07m 30s | loss=0.0288 | eps=0.666 | mean turn reward=+0.146 | mean episode return/seat=+3.90
iter 1123/5000 (22.46%) | elapsed=19m 32s | eta=1h 07m 29s | loss=0.0263 | eps=0.665 | mean turn reward=+0.142 | mean episode return/seat=+3.71
iter 1124/5000 (22.48%) | elapsed=19m 33s | eta=1h 07m 27s | loss=0.0248 | eps=0.665 | mean turn reward=+0.144 | mean episode return/seat=+3.82
iter 1125/5000 (22.50%) | elapsed=19m 34s | eta=1h 07m 27s | loss=0.0277 | eps=0.665 | mean turn reward=+0.143 | mean episode return/seat=+3.80
iter 1126/5000 (22.52%) | elapsed=19m 36s | eta=1h 07m 26s | loss=0.0295 | eps=0.664 | mean turn reward=+0.142 | mean episode return/seat=+3.65
iter 1127/5000 (22.54%) | elapsed=19m 37s | eta=1h 07m 25s | loss=0.0241 | eps=0.664 | mean turn reward=+0.145 | mean episode return/seat=+3.81
iter 1128/5000 (22.56%) | elapsed=19m 38s | eta=1h 07m 24s | loss=0.0251 | eps=0.664 | mean turn reward=+0.145 | mean episode return/seat=+3.85
iter 1129/5000 (22.58%) | elapsed=19m 39s | eta=1h 07m 23s | loss=0.0212 | eps=0.664 | mean turn reward=+0.145 | mean episode return/seat=+3.85
iter 1130/5000 (22.60%) | elapsed=19m 40s | eta=1h 07m 22s | loss=0.0241 | eps=0.663 | mean turn reward=+0.145 | mean episode return/seat=+3.84
iter 1131/5000 (22.62%) | elapsed=19m 41s | eta=1h 07m 21s | loss=0.0243 | eps=0.663 | mean turn reward=+0.145 | mean episode return/seat=+3.83
iter 1132/5000 (22.64%) | elapsed=19m 42s | eta=1h 07m 20s | loss=0.0250 | eps=0.663 | mean turn reward=+0.142 | mean episode return/seat=+3.71
iter 1133/5000 (22.66%) | elapsed=19m 43s | eta=1h 07m 19s | loss=0.0251 | eps=0.662 | mean turn reward=+0.143 | mean episode return/seat=+3.75
iter 1134/5000 (22.68%) | elapsed=19m 44s | eta=1h 07m 18s | loss=0.0237 | eps=0.662 | mean turn reward=+0.142 | mean episode return/seat=+3.70
iter 1135/5000 (22.70%) | elapsed=19m 45s | eta=1h 07m 17s | loss=0.0246 | eps=0.662 | mean turn reward=+0.144 | mean episode return/seat=+3.84
iter 1136/5000 (22.72%) | elapsed=19m 46s | eta=1h 07m 16s | loss=0.0223 | eps=0.661 | mean turn reward=+0.143 | mean episode return/seat=+3.71
iter 1137/5000 (22.74%) | elapsed=19m 47s | eta=1h 07m 15s | loss=0.0260 | eps=0.661 | mean turn reward=+0.143 | mean episode return/seat=+3.75
iter 1138/5000 (22.76%) | elapsed=19m 48s | eta=1h 07m 14s | loss=0.0235 | eps=0.661 | mean turn reward=+0.145 | mean episode return/seat=+3.81
iter 1139/5000 (22.78%) | elapsed=19m 49s | eta=1h 07m 13s | loss=0.0264 | eps=0.661 | mean turn reward=+0.147 | mean episode return/seat=+3.89
iter 1140/5000 (22.80%) | elapsed=19m 50s | eta=1h 07m 12s | loss=0.0268 | eps=0.660 | mean turn reward=+0.144 | mean episode return/seat=+3.75
iter 1141/5000 (22.82%) | elapsed=19m 52s | eta=1h 07m 11s | loss=0.0223 | eps=0.660 | mean turn reward=+0.142 | mean episode return/seat=+3.71
iter 1142/5000 (22.84%) | elapsed=19m 53s | eta=1h 07m 10s | loss=0.0264 | eps=0.660 | mean turn reward=+0.143 | mean episode return/seat=+3.76
iter 1143/5000 (22.86%) | elapsed=19m 54s | eta=1h 07m 09s | loss=0.0276 | eps=0.659 | mean turn reward=+0.145 | mean episode return/seat=+3.81
iter 1144/5000 (22.88%) | elapsed=19m 55s | eta=1h 07m 08s | loss=0.0227 | eps=0.659 | mean turn reward=+0.145 | mean episode return/seat=+3.79
iter 1145/5000 (22.90%) | elapsed=19m 56s | eta=1h 07m 08s | loss=0.0249 | eps=0.659 | mean turn reward=+0.145 | mean episode return/seat=+3.84
iter 1146/5000 (22.92%) | elapsed=19m 57s | eta=1h 07m 07s | loss=0.0312 | eps=0.658 | mean turn reward=+0.145 | mean episode return/seat=+3.80
iter 1147/5000 (22.94%) | elapsed=19m 58s | eta=1h 07m 06s | loss=0.0227 | eps=0.658 | mean turn reward=+0.144 | mean episode return/seat=+3.80
iter 1148/5000 (22.96%) | elapsed=19m 59s | eta=1h 07m 04s | loss=0.0222 | eps=0.658 | mean turn reward=+0.148 | mean episode return/seat=+3.92
iter 1149/5000 (22.98%) | elapsed=20m 00s | eta=1h 07m 03s | loss=0.0263 | eps=0.658 | mean turn reward=+0.143 | mean episode return/seat=+3.77
iter 1150/5000 (23.00%) | elapsed=20m 01s | eta=1h 07m 02s | loss=0.0238 | eps=0.657 | mean turn reward=+0.143 | mean episode return/seat=+3.75
iter 1151/5000 (23.02%) | elapsed=20m 02s | eta=1h 07m 01s | loss=0.0260 | eps=0.657 | mean turn reward=+0.144 | mean episode return/seat=+3.81
iter 1152/5000 (23.04%) | elapsed=20m 03s | eta=1h 07m 00s | loss=0.0258 | eps=0.657 | mean turn reward=+0.143 | mean episode return/seat=+3.76
iter 1153/5000 (23.06%) | elapsed=20m 04s | eta=1h 06m 59s | loss=0.0247 | eps=0.656 | mean turn reward=+0.143 | mean episode return/seat=+3.73
iter 1154/5000 (23.08%) | elapsed=20m 05s | eta=1h 06m 58s | loss=0.0257 | eps=0.656 | mean turn reward=+0.144 | mean episode return/seat=+3.81
iter 1155/5000 (23.10%) | elapsed=20m 06s | eta=1h 06m 57s | loss=0.0262 | eps=0.656 | mean turn reward=+0.143 | mean episode return/seat=+3.74
iter 1156/5000 (23.12%) | elapsed=20m 07s | eta=1h 06m 56s | loss=0.0295 | eps=0.655 | mean turn reward=+0.145 | mean episode return/seat=+3.80
iter 1157/5000 (23.14%) | elapsed=20m 09s | eta=1h 06m 55s | loss=0.0236 | eps=0.655 | mean turn reward=+0.143 | mean episode return/seat=+3.76
iter 1158/5000 (23.16%) | elapsed=20m 10s | eta=1h 06m 54s | loss=0.0241 | eps=0.655 | mean turn reward=+0.143 | mean episode return/seat=+3.73
iter 1159/5000 (23.18%) | elapsed=20m 11s | eta=1h 06m 53s | loss=0.0252 | eps=0.655 | mean turn reward=+0.142 | mean episode return/seat=+3.72
iter 1160/5000 (23.20%) | elapsed=20m 12s | eta=1h 06m 52s | loss=0.0291 | eps=0.654 | mean turn reward=+0.147 | mean episode return/seat=+3.87
iter 1161/5000 (23.22%) | elapsed=20m 13s | eta=1h 06m 51s | loss=0.0260 | eps=0.654 | mean turn reward=+0.144 | mean episode return/seat=+3.77
iter 1162/5000 (23.24%) | elapsed=20m 14s | eta=1h 06m 50s | loss=0.0284 | eps=0.654 | mean turn reward=+0.143 | mean episode return/seat=+3.78
iter 1163/5000 (23.26%) | elapsed=20m 15s | eta=1h 06m 49s | loss=0.0255 | eps=0.653 | mean turn reward=+0.145 | mean episode return/seat=+3.79
iter 1164/5000 (23.28%) | elapsed=20m 16s | eta=1h 06m 48s | loss=0.0257 | eps=0.653 | mean turn reward=+0.142 | mean episode return/seat=+3.69
iter 1165/5000 (23.30%) | elapsed=20m 17s | eta=1h 06m 47s | loss=0.0292 | eps=0.653 | mean turn reward=+0.143 | mean episode return/seat=+3.75
iter 1166/5000 (23.32%) | elapsed=20m 18s | eta=1h 06m 46s | loss=0.0294 | eps=0.653 | mean turn reward=+0.144 | mean episode return/seat=+3.77
iter 1167/5000 (23.34%) | elapsed=20m 19s | eta=1h 06m 45s | loss=0.0237 | eps=0.652 | mean turn reward=+0.143 | mean episode return/seat=+3.75
iter 1168/5000 (23.36%) | elapsed=20m 20s | eta=1h 06m 44s | loss=0.0238 | eps=0.652 | mean turn reward=+0.145 | mean episode return/seat=+3.80
iter 1169/5000 (23.38%) | elapsed=20m 21s | eta=1h 06m 43s | loss=0.0261 | eps=0.652 | mean turn reward=+0.143 | mean episode return/seat=+3.75
iter 1170/5000 (23.40%) | elapsed=20m 22s | eta=1h 06m 42s | loss=0.0261 | eps=0.651 | mean turn reward=+0.144 | mean episode return/seat=+3.82
iter 1171/5000 (23.42%) | elapsed=20m 23s | eta=1h 06m 41s | loss=0.0250 | eps=0.651 | mean turn reward=+0.144 | mean episode return/seat=+3.77
iter 1172/5000 (23.44%) | elapsed=20m 24s | eta=1h 06m 40s | loss=0.0241 | eps=0.651 | mean turn reward=+0.145 | mean episode return/seat=+3.82
iter 1173/5000 (23.46%) | elapsed=20m 25s | eta=1h 06m 39s | loss=0.0244 | eps=0.650 | mean turn reward=+0.145 | mean episode return/seat=+3.79
iter 1174/5000 (23.48%) | elapsed=20m 26s | eta=1h 06m 38s | loss=0.0262 | eps=0.650 | mean turn reward=+0.146 | mean episode return/seat=+3.85
iter 1175/5000 (23.50%) | elapsed=20m 27s | eta=1h 06m 37s | loss=0.0262 | eps=0.650 | mean turn reward=+0.144 | mean episode return/seat=+3.81
iter 1176/5000 (23.52%) | elapsed=20m 28s | eta=1h 06m 36s | loss=0.0229 | eps=0.650 | mean turn reward=+0.146 | mean episode return/seat=+3.86
iter 1177/5000 (23.54%) | elapsed=20m 30s | eta=1h 06m 35s | loss=0.0252 | eps=0.649 | mean turn reward=+0.145 | mean episode return/seat=+3.84
iter 1178/5000 (23.56%) | elapsed=20m 31s | eta=1h 06m 34s | loss=0.0240 | eps=0.649 | mean turn reward=+0.146 | mean episode return/seat=+3.85
iter 1179/5000 (23.58%) | elapsed=20m 32s | eta=1h 06m 33s | loss=0.0236 | eps=0.649 | mean turn reward=+0.145 | mean episode return/seat=+3.78
iter 1180/5000 (23.60%) | elapsed=20m 33s | eta=1h 06m 32s | loss=0.0278 | eps=0.648 | mean turn reward=+0.145 | mean episode return/seat=+3.85
iter 1181/5000 (23.62%) | elapsed=20m 34s | eta=1h 06m 31s | loss=0.0269 | eps=0.648 | mean turn reward=+0.144 | mean episode return/seat=+3.76
iter 1182/5000 (23.64%) | elapsed=20m 35s | eta=1h 06m 30s | loss=0.0261 | eps=0.648 | mean turn reward=+0.145 | mean episode return/seat=+3.87
iter 1183/5000 (23.66%) | elapsed=20m 36s | eta=1h 06m 29s | loss=0.0274 | eps=0.647 | mean turn reward=+0.146 | mean episode return/seat=+3.87
iter 1184/5000 (23.68%) | elapsed=20m 37s | eta=1h 06m 28s | loss=0.0235 | eps=0.647 | mean turn reward=+0.145 | mean episode return/seat=+3.79
iter 1185/5000 (23.70%) | elapsed=20m 38s | eta=1h 06m 27s | loss=0.0246 | eps=0.647 | mean turn reward=+0.144 | mean episode return/seat=+3.74
iter 1186/5000 (23.72%) | elapsed=20m 39s | eta=1h 06m 26s | loss=0.0241 | eps=0.647 | mean turn reward=+0.143 | mean episode return/seat=+3.78
iter 1187/5000 (23.74%) | elapsed=20m 40s | eta=1h 06m 25s | loss=0.0233 | eps=0.646 | mean turn reward=+0.146 | mean episode return/seat=+3.82
iter 1188/5000 (23.76%) | elapsed=20m 41s | eta=1h 06m 24s | loss=0.0261 | eps=0.646 | mean turn reward=+0.146 | mean episode return/seat=+3.88
iter 1189/5000 (23.78%) | elapsed=20m 42s | eta=1h 06m 23s | loss=0.0321 | eps=0.646 | mean turn reward=+0.143 | mean episode return/seat=+3.76
iter 1190/5000 (23.80%) | elapsed=20m 44s | eta=1h 06m 22s | loss=0.0239 | eps=0.645 | mean turn reward=+0.145 | mean episode return/seat=+3.83
iter 1191/5000 (23.82%) | elapsed=20m 45s | eta=1h 06m 22s | loss=0.0252 | eps=0.645 | mean turn reward=+0.143 | mean episode return/seat=+3.77
iter 1192/5000 (23.84%) | elapsed=20m 46s | eta=1h 06m 21s | loss=0.0244 | eps=0.645 | mean turn reward=+0.144 | mean episode return/seat=+3.82
iter 1193/5000 (23.86%) | elapsed=20m 47s | eta=1h 06m 19s | loss=0.0220 | eps=0.644 | mean turn reward=+0.145 | mean episode return/seat=+3.82
iter 1194/5000 (23.88%) | elapsed=20m 48s | eta=1h 06m 18s | loss=0.0283 | eps=0.644 | mean turn reward=+0.146 | mean episode return/seat=+3.84
iter 1195/5000 (23.90%) | elapsed=20m 49s | eta=1h 06m 17s | loss=0.0238 | eps=0.644 | mean turn reward=+0.144 | mean episode return/seat=+3.76
iter 1196/5000 (23.92%) | elapsed=20m 50s | eta=1h 06m 17s | loss=0.0290 | eps=0.644 | mean turn reward=+0.147 | mean episode return/seat=+3.91
iter 1197/5000 (23.94%) | elapsed=20m 51s | eta=1h 06m 16s | loss=0.0239 | eps=0.643 | mean turn reward=+0.146 | mean episode return/seat=+3.83
iter 1198/5000 (23.96%) | elapsed=20m 52s | eta=1h 06m 15s | loss=0.0257 | eps=0.643 | mean turn reward=+0.145 | mean episode return/seat=+3.87
iter 1199/5000 (23.98%) | elapsed=20m 53s | eta=1h 06m 14s | loss=0.0238 | eps=0.643 | mean turn reward=+0.143 | mean episode return/seat=+3.75
iter 1200/5000 (24.00%) | elapsed=20m 54s | eta=1h 06m 13s | loss=0.0254 | eps=0.642 | mean turn reward=+0.145 | mean episode return/seat=+3.82
iter 1201/5000 (24.02%) | elapsed=20m 55s | eta=1h 06m 12s | loss=0.0229 | eps=0.642 | mean turn reward=+0.142 | mean episode return/seat=+3.70
iter 1202/5000 (24.04%) | elapsed=20m 56s | eta=1h 06m 11s | loss=0.0257 | eps=0.642 | mean turn reward=+0.144 | mean episode return/seat=+3.75
iter 1203/5000 (24.06%) | elapsed=20m 57s | eta=1h 06m 10s | loss=0.0235 | eps=0.641 | mean turn reward=+0.146 | mean episode return/seat=+3.92
iter 1204/5000 (24.08%) | elapsed=20m 59s | eta=1h 06m 09s | loss=0.0252 | eps=0.641 | mean turn reward=+0.145 | mean episode return/seat=+3.77
iter 1205/5000 (24.10%) | elapsed=21m 00s | eta=1h 06m 08s | loss=0.0249 | eps=0.641 | mean turn reward=+0.145 | mean episode return/seat=+3.86
iter 1206/5000 (24.12%) | elapsed=21m 01s | eta=1h 06m 07s | loss=0.0270 | eps=0.641 | mean turn reward=+0.147 | mean episode return/seat=+3.91
iter 1207/5000 (24.14%) | elapsed=21m 02s | eta=1h 06m 06s | loss=0.0249 | eps=0.640 | mean turn reward=+0.146 | mean episode return/seat=+3.87
iter 1208/5000 (24.16%) | elapsed=21m 03s | eta=1h 06m 05s | loss=0.0221 | eps=0.640 | mean turn reward=+0.145 | mean episode return/seat=+3.82
iter 1209/5000 (24.18%) | elapsed=21m 04s | eta=1h 06m 04s | loss=0.0247 | eps=0.640 | mean turn reward=+0.144 | mean episode return/seat=+3.82
iter 1210/5000 (24.20%) | elapsed=21m 05s | eta=1h 06m 03s | loss=0.0241 | eps=0.639 | mean turn reward=+0.144 | mean episode return/seat=+3.80
iter 1211/5000 (24.22%) | elapsed=21m 06s | eta=1h 06m 02s | loss=0.0224 | eps=0.639 | mean turn reward=+0.145 | mean episode return/seat=+3.85
iter 1212/5000 (24.24%) | elapsed=21m 07s | eta=1h 06m 01s | loss=0.0277 | eps=0.639 | mean turn reward=+0.145 | mean episode return/seat=+3.79
iter 1213/5000 (24.26%) | elapsed=21m 08s | eta=1h 06m 00s | loss=0.0258 | eps=0.638 | mean turn reward=+0.144 | mean episode return/seat=+3.81
iter 1214/5000 (24.28%) | elapsed=21m 09s | eta=1h 05m 59s | loss=0.0236 | eps=0.638 | mean turn reward=+0.144 | mean episode return/seat=+3.79
iter 1215/5000 (24.30%) | elapsed=21m 10s | eta=1h 05m 58s | loss=0.0275 | eps=0.638 | mean turn reward=+0.144 | mean episode return/seat=+3.75
iter 1216/5000 (24.32%) | elapsed=21m 11s | eta=1h 05m 57s | loss=0.0268 | eps=0.638 | mean turn reward=+0.146 | mean episode return/seat=+3.85
iter 1217/5000 (24.34%) | elapsed=21m 12s | eta=1h 05m 56s | loss=0.0236 | eps=0.637 | mean turn reward=+0.145 | mean episode return/seat=+3.84
iter 1218/5000 (24.36%) | elapsed=21m 13s | eta=1h 05m 55s | loss=0.0242 | eps=0.637 | mean turn reward=+0.146 | mean episode return/seat=+3.84
iter 1219/5000 (24.38%) | elapsed=21m 14s | eta=1h 05m 54s | loss=0.0244 | eps=0.637 | mean turn reward=+0.147 | mean episode return/seat=+3.92
iter 1220/5000 (24.40%) | elapsed=21m 16s | eta=1h 05m 53s | loss=0.0217 | eps=0.636 | mean turn reward=+0.146 | mean episode return/seat=+3.85
iter 1221/5000 (24.42%) | elapsed=21m 17s | eta=1h 05m 52s | loss=0.0274 | eps=0.636 | mean turn reward=+0.147 | mean episode return/seat=+3.90
iter 1222/5000 (24.44%) | elapsed=21m 18s | eta=1h 05m 51s | loss=0.0239 | eps=0.636 | mean turn reward=+0.146 | mean episode return/seat=+3.86
iter 1223/5000 (24.46%) | elapsed=21m 19s | eta=1h 05m 50s | loss=0.0220 | eps=0.636 | mean turn reward=+0.143 | mean episode return/seat=+3.78
iter 1224/5000 (24.48%) | elapsed=21m 20s | eta=1h 05m 49s | loss=0.0243 | eps=0.635 | mean turn reward=+0.147 | mean episode return/seat=+3.86
iter 1225/5000 (24.50%) | elapsed=21m 21s | eta=1h 05m 48s | loss=0.0238 | eps=0.635 | mean turn reward=+0.145 | mean episode return/seat=+3.82
iter 1226/5000 (24.52%) | elapsed=21m 22s | eta=1h 05m 47s | loss=0.0243 | eps=0.635 | mean turn reward=+0.144 | mean episode return/seat=+3.77
iter 1227/5000 (24.54%) | elapsed=21m 23s | eta=1h 05m 46s | loss=0.0237 | eps=0.634 | mean turn reward=+0.147 | mean episode return/seat=+3.87
iter 1228/5000 (24.56%) | elapsed=21m 24s | eta=1h 05m 45s | loss=0.0282 | eps=0.634 | mean turn reward=+0.145 | mean episode return/seat=+3.81
iter 1229/5000 (24.58%) | elapsed=21m 25s | eta=1h 05m 44s | loss=0.0262 | eps=0.634 | mean turn reward=+0.146 | mean episode return/seat=+3.85
iter 1230/5000 (24.60%) | elapsed=21m 26s | eta=1h 05m 43s | loss=0.0255 | eps=0.633 | mean turn reward=+0.146 | mean episode return/seat=+3.84
iter 1231/5000 (24.62%) | elapsed=21m 27s | eta=1h 05m 42s | loss=0.0258 | eps=0.633 | mean turn reward=+0.144 | mean episode return/seat=+3.78
iter 1232/5000 (24.64%) | elapsed=21m 28s | eta=1h 05m 41s | loss=0.0246 | eps=0.633 | mean turn reward=+0.147 | mean episode return/seat=+3.91
iter 1233/5000 (24.66%) | elapsed=21m 29s | eta=1h 05m 40s | loss=0.0236 | eps=0.633 | mean turn reward=+0.147 | mean episode return/seat=+3.90
iter 1234/5000 (24.68%) | elapsed=21m 30s | eta=1h 05m 39s | loss=0.0257 | eps=0.632 | mean turn reward=+0.147 | mean episode return/seat=+3.87
iter 1235/5000 (24.70%) | elapsed=21m 31s | eta=1h 05m 38s | loss=0.0257 | eps=0.632 | mean turn reward=+0.143 | mean episode return/seat=+3.75
iter 1236/5000 (24.72%) | elapsed=21m 32s | eta=1h 05m 37s | loss=0.0255 | eps=0.632 | mean turn reward=+0.144 | mean episode return/seat=+3.80
iter 1237/5000 (24.74%) | elapsed=21m 34s | eta=1h 05m 36s | loss=0.0258 | eps=0.631 | mean turn reward=+0.146 | mean episode return/seat=+3.86
iter 1238/5000 (24.76%) | elapsed=21m 35s | eta=1h 05m 35s | loss=0.0286 | eps=0.631 | mean turn reward=+0.145 | mean episode return/seat=+3.81
iter 1239/5000 (24.78%) | elapsed=21m 36s | eta=1h 05m 34s | loss=0.0222 | eps=0.631 | mean turn reward=+0.145 | mean episode return/seat=+3.80
iter 1240/5000 (24.80%) | elapsed=21m 37s | eta=1h 05m 33s | loss=0.0245 | eps=0.630 | mean turn reward=+0.146 | mean episode return/seat=+3.86
iter 1241/5000 (24.82%) | elapsed=21m 38s | eta=1h 05m 32s | loss=0.0259 | eps=0.630 | mean turn reward=+0.146 | mean episode return/seat=+3.81
iter 1242/5000 (24.84%) | elapsed=21m 39s | eta=1h 05m 31s | loss=0.0248 | eps=0.630 | mean turn reward=+0.149 | mean episode return/seat=+3.96
iter 1243/5000 (24.86%) | elapsed=21m 40s | eta=1h 05m 30s | loss=0.0259 | eps=0.630 | mean turn reward=+0.144 | mean episode return/seat=+3.81
iter 1244/5000 (24.88%) | elapsed=21m 41s | eta=1h 05m 29s | loss=0.0243 | eps=0.629 | mean turn reward=+0.146 | mean episode return/seat=+3.82
iter 1245/5000 (24.90%) | elapsed=21m 42s | eta=1h 05m 28s | loss=0.0249 | eps=0.629 | mean turn reward=+0.143 | mean episode return/seat=+3.71
iter 1246/5000 (24.92%) | elapsed=21m 43s | eta=1h 05m 27s | loss=0.0259 | eps=0.629 | mean turn reward=+0.146 | mean episode return/seat=+3.87
iter 1247/5000 (24.94%) | elapsed=21m 44s | eta=1h 05m 26s | loss=0.0259 | eps=0.628 | mean turn reward=+0.147 | mean episode return/seat=+3.86
iter 1248/5000 (24.96%) | elapsed=21m 45s | eta=1h 05m 25s | loss=0.0259 | eps=0.628 | mean turn reward=+0.144 | mean episode return/seat=+3.74
iter 1249/5000 (24.98%) | elapsed=21m 46s | eta=1h 05m 24s | loss=0.0204 | eps=0.628 | mean turn reward=+0.145 | mean episode return/seat=+3.79
iter 1250/5000 (25.00%) | elapsed=21m 47s | eta=1h 05m 23s | loss=0.0261 | eps=0.627 | mean turn reward=+0.145 | mean episode return/seat=+3.77
iter 1251/5000 (25.02%) | elapsed=21m 48s | eta=1h 05m 22s | loss=0.0247 | eps=0.627 | mean turn reward=+0.145 | mean episode return/seat=+3.84
iter 1252/5000 (25.04%) | elapsed=21m 49s | eta=1h 05m 21s | loss=0.0272 | eps=0.627 | mean turn reward=+0.145 | mean episode return/seat=+3.81
iter 1253/5000 (25.06%) | elapsed=21m 50s | eta=1h 05m 20s | loss=0.0253 | eps=0.627 | mean turn reward=+0.144 | mean episode return/seat=+3.74
iter 1254/5000 (25.08%) | elapsed=21m 52s | eta=1h 05m 19s | loss=0.0215 | eps=0.626 | mean turn reward=+0.145 | mean episode return/seat=+3.79
iter 1255/5000 (25.10%) | elapsed=21m 53s | eta=1h 05m 18s | loss=0.0238 | eps=0.626 | mean turn reward=+0.146 | mean episode return/seat=+3.85
iter 1256/5000 (25.12%) | elapsed=21m 54s | eta=1h 05m 17s | loss=0.0257 | eps=0.626 | mean turn reward=+0.145 | mean episode return/seat=+3.83
iter 1257/5000 (25.14%) | elapsed=21m 55s | eta=1h 05m 16s | loss=0.0242 | eps=0.625 | mean turn reward=+0.145 | mean episode return/seat=+3.85
iter 1258/5000 (25.16%) | elapsed=21m 56s | eta=1h 05m 15s | loss=0.0232 | eps=0.625 | mean turn reward=+0.145 | mean episode return/seat=+3.80
iter 1259/5000 (25.18%) | elapsed=21m 57s | eta=1h 05m 14s | loss=0.0228 | eps=0.625 | mean turn reward=+0.144 | mean episode return/seat=+3.77
iter 1260/5000 (25.20%) | elapsed=21m 58s | eta=1h 05m 13s | loss=0.0234 | eps=0.624 | mean turn reward=+0.146 | mean episode return/seat=+3.83
iter 1261/5000 (25.22%) | elapsed=21m 59s | eta=1h 05m 12s | loss=0.0252 | eps=0.624 | mean turn reward=+0.146 | mean episode return/seat=+3.87
iter 1262/5000 (25.24%) | elapsed=22m 00s | eta=1h 05m 11s | loss=0.0240 | eps=0.624 | mean turn reward=+0.144 | mean episode return/seat=+3.78
iter 1263/5000 (25.26%) | elapsed=22m 01s | eta=1h 05m 10s | loss=0.0241 | eps=0.624 | mean turn reward=+0.147 | mean episode return/seat=+3.87
iter 1264/5000 (25.28%) | elapsed=22m 02s | eta=1h 05m 09s | loss=0.0241 | eps=0.623 | mean turn reward=+0.146 | mean episode return/seat=+3.84
iter 1265/5000 (25.30%) | elapsed=22m 03s | eta=1h 05m 08s | loss=0.0234 | eps=0.623 | mean turn reward=+0.146 | mean episode return/seat=+3.83
iter 1266/5000 (25.32%) | elapsed=22m 04s | eta=1h 05m 07s | loss=0.0270 | eps=0.623 | mean turn reward=+0.145 | mean episode return/seat=+3.77
iter 1267/5000 (25.34%) | elapsed=22m 05s | eta=1h 05m 06s | loss=0.0252 | eps=0.622 | mean turn reward=+0.144 | mean episode return/seat=+3.79
iter 1268/5000 (25.36%) | elapsed=22m 07s | eta=1h 05m 05s | loss=0.0256 | eps=0.622 | mean turn reward=+0.144 | mean episode return/seat=+3.83
iter 1269/5000 (25.38%) | elapsed=22m 08s | eta=1h 05m 04s | loss=0.0241 | eps=0.622 | mean turn reward=+0.144 | mean episode return/seat=+3.79
iter 1270/5000 (25.40%) | elapsed=22m 09s | eta=1h 05m 03s | loss=0.0289 | eps=0.622 | mean turn reward=+0.148 | mean episode return/seat=+3.90
iter 1271/5000 (25.42%) | elapsed=22m 10s | eta=1h 05m 02s | loss=0.0262 | eps=0.621 | mean turn reward=+0.147 | mean episode return/seat=+3.90
iter 1272/5000 (25.44%) | elapsed=22m 11s | eta=1h 05m 01s | loss=0.0218 | eps=0.621 | mean turn reward=+0.144 | mean episode return/seat=+3.78
iter 1273/5000 (25.46%) | elapsed=22m 12s | eta=1h 05m 00s | loss=0.0242 | eps=0.621 | mean turn reward=+0.146 | mean episode return/seat=+3.86
iter 1274/5000 (25.48%) | elapsed=22m 13s | eta=1h 04m 59s | loss=0.0264 | eps=0.620 | mean turn reward=+0.147 | mean episode return/seat=+3.88
iter 1275/5000 (25.50%) | elapsed=22m 14s | eta=1h 04m 58s | loss=0.0255 | eps=0.620 | mean turn reward=+0.147 | mean episode return/seat=+3.83
iter 1276/5000 (25.52%) | elapsed=22m 15s | eta=1h 04m 57s | loss=0.0242 | eps=0.620 | mean turn reward=+0.147 | mean episode return/seat=+3.92
iter 1277/5000 (25.54%) | elapsed=22m 16s | eta=1h 04m 56s | loss=0.0303 | eps=0.619 | mean turn reward=+0.145 | mean episode return/seat=+3.84
iter 1278/5000 (25.56%) | elapsed=22m 17s | eta=1h 04m 55s | loss=0.0250 | eps=0.619 | mean turn reward=+0.147 | mean episode return/seat=+3.93
iter 1279/5000 (25.58%) | elapsed=22m 18s | eta=1h 04m 54s | loss=0.0235 | eps=0.619 | mean turn reward=+0.146 | mean episode return/seat=+3.86
iter 1280/5000 (25.60%) | elapsed=22m 19s | eta=1h 04m 53s | loss=0.0265 | eps=0.619 | mean turn reward=+0.145 | mean episode return/seat=+3.78
iter 1281/5000 (25.62%) | elapsed=22m 20s | eta=1h 04m 52s | loss=0.0250 | eps=0.618 | mean turn reward=+0.145 | mean episode return/seat=+3.85
iter 1282/5000 (25.64%) | elapsed=22m 21s | eta=1h 04m 51s | loss=0.0210 | eps=0.618 | mean turn reward=+0.148 | mean episode return/seat=+3.96
iter 1283/5000 (25.66%) | elapsed=22m 23s | eta=1h 04m 50s | loss=0.0236 | eps=0.618 | mean turn reward=+0.143 | mean episode return/seat=+3.72
iter 1284/5000 (25.68%) | elapsed=22m 24s | eta=1h 04m 49s | loss=0.0254 | eps=0.617 | mean turn reward=+0.146 | mean episode return/seat=+3.87
iter 1285/5000 (25.70%) | elapsed=22m 25s | eta=1h 04m 48s | loss=0.0245 | eps=0.617 | mean turn reward=+0.146 | mean episode return/seat=+3.83
iter 1286/5000 (25.72%) | elapsed=22m 26s | eta=1h 04m 47s | loss=0.0229 | eps=0.617 | mean turn reward=+0.148 | mean episode return/seat=+3.91
iter 1287/5000 (25.74%) | elapsed=22m 27s | eta=1h 04m 46s | loss=0.0213 | eps=0.616 | mean turn reward=+0.145 | mean episode return/seat=+3.82
iter 1288/5000 (25.76%) | elapsed=22m 28s | eta=1h 04m 46s | loss=0.0251 | eps=0.616 | mean turn reward=+0.146 | mean episode return/seat=+3.77
iter 1289/5000 (25.78%) | elapsed=22m 29s | eta=1h 04m 45s | loss=0.0246 | eps=0.616 | mean turn reward=+0.146 | mean episode return/seat=+3.81
iter 1290/5000 (25.80%) | elapsed=22m 30s | eta=1h 04m 44s | loss=0.0244 | eps=0.616 | mean turn reward=+0.147 | mean episode return/seat=+3.90
iter 1291/5000 (25.82%) | elapsed=22m 31s | eta=1h 04m 43s | loss=0.0269 | eps=0.615 | mean turn reward=+0.145 | mean episode return/seat=+3.80
iter 1292/5000 (25.84%) | elapsed=22m 32s | eta=1h 04m 41s | loss=0.0220 | eps=0.615 | mean turn reward=+0.145 | mean episode return/seat=+3.82
iter 1293/5000 (25.86%) | elapsed=22m 33s | eta=1h 04m 41s | loss=0.0242 | eps=0.615 | mean turn reward=+0.145 | mean episode return/seat=+3.82
iter 1294/5000 (25.88%) | elapsed=22m 34s | eta=1h 04m 40s | loss=0.0249 | eps=0.614 | mean turn reward=+0.149 | mean episode return/seat=+4.00
iter 1295/5000 (25.90%) | elapsed=22m 35s | eta=1h 04m 39s | loss=0.0231 | eps=0.614 | mean turn reward=+0.146 | mean episode return/seat=+3.83
iter 1296/5000 (25.92%) | elapsed=22m 36s | eta=1h 04m 38s | loss=0.0228 | eps=0.614 | mean turn reward=+0.146 | mean episode return/seat=+3.84
iter 1297/5000 (25.94%) | elapsed=22m 38s | eta=1h 04m 37s | loss=0.0275 | eps=0.613 | mean turn reward=+0.146 | mean episode return/seat=+3.86
iter 1298/5000 (25.96%) | elapsed=22m 39s | eta=1h 04m 36s | loss=0.0230 | eps=0.613 | mean turn reward=+0.149 | mean episode return/seat=+3.98
iter 1299/5000 (25.98%) | elapsed=22m 40s | eta=1h 04m 35s | loss=0.0242 | eps=0.613 | mean turn reward=+0.146 | mean episode return/seat=+3.79
iter 1300/5000 (26.00%) | elapsed=22m 41s | eta=1h 04m 34s | loss=0.0272 | eps=0.613 | mean turn reward=+0.146 | mean episode return/seat=+3.85
iter 1301/5000 (26.02%) | elapsed=22m 42s | eta=1h 04m 33s | loss=0.0233 | eps=0.612 | mean turn reward=+0.150 | mean episode return/seat=+3.98
iter 1302/5000 (26.04%) | elapsed=22m 43s | eta=1h 04m 32s | loss=0.0250 | eps=0.612 | mean turn reward=+0.145 | mean episode return/seat=+3.81
iter 1303/5000 (26.06%) | elapsed=22m 44s | eta=1h 04m 31s | loss=0.0226 | eps=0.612 | mean turn reward=+0.147 | mean episode return/seat=+3.89
iter 1304/5000 (26.08%) | elapsed=22m 45s | eta=1h 04m 30s | loss=0.0241 | eps=0.611 | mean turn reward=+0.145 | mean episode return/seat=+3.80
iter 1305/5000 (26.10%) | elapsed=22m 46s | eta=1h 04m 29s | loss=0.0252 | eps=0.611 | mean turn reward=+0.147 | mean episode return/seat=+3.85
iter 1306/5000 (26.12%) | elapsed=22m 47s | eta=1h 04m 28s | loss=0.0229 | eps=0.611 | mean turn reward=+0.148 | mean episode return/seat=+3.90
iter 1307/5000 (26.14%) | elapsed=22m 48s | eta=1h 04m 27s | loss=0.0256 | eps=0.610 | mean turn reward=+0.147 | mean episode return/seat=+3.89
iter 1308/5000 (26.16%) | elapsed=22m 49s | eta=1h 04m 26s | loss=0.0254 | eps=0.610 | mean turn reward=+0.143 | mean episode return/seat=+3.70
iter 1309/5000 (26.18%) | elapsed=22m 50s | eta=1h 04m 25s | loss=0.0221 | eps=0.610 | mean turn reward=+0.147 | mean episode return/seat=+3.89
iter 1310/5000 (26.20%) | elapsed=22m 51s | eta=1h 04m 24s | loss=0.0242 | eps=0.610 | mean turn reward=+0.146 | mean episode return/seat=+3.85
iter 1311/5000 (26.22%) | elapsed=22m 52s | eta=1h 04m 23s | loss=0.0236 | eps=0.609 | mean turn reward=+0.144 | mean episode return/seat=+3.72
iter 1312/5000 (26.24%) | elapsed=22m 53s | eta=1h 04m 22s | loss=0.0239 | eps=0.609 | mean turn reward=+0.148 | mean episode return/seat=+3.91
iter 1313/5000 (26.26%) | elapsed=22m 55s | eta=1h 04m 21s | loss=0.0241 | eps=0.609 | mean turn reward=+0.143 | mean episode return/seat=+3.74
iter 1314/5000 (26.28%) | elapsed=22m 56s | eta=1h 04m 20s | loss=0.0283 | eps=0.608 | mean turn reward=+0.148 | mean episode return/seat=+3.92
iter 1315/5000 (26.30%) | elapsed=22m 57s | eta=1h 04m 19s | loss=0.0243 | eps=0.608 | mean turn reward=+0.148 | mean episode return/seat=+3.97
iter 1316/5000 (26.32%) | elapsed=22m 58s | eta=1h 04m 18s | loss=0.0234 | eps=0.608 | mean turn reward=+0.150 | mean episode return/seat=+3.95
iter 1317/5000 (26.34%) | elapsed=22m 59s | eta=1h 04m 17s | loss=0.0256 | eps=0.608 | mean turn reward=+0.147 | mean episode return/seat=+3.90
iter 1318/5000 (26.36%) | elapsed=23m 00s | eta=1h 04m 16s | loss=0.0247 | eps=0.607 | mean turn reward=+0.146 | mean episode return/seat=+3.83
iter 1319/5000 (26.38%) | elapsed=23m 01s | eta=1h 04m 15s | loss=0.0261 | eps=0.607 | mean turn reward=+0.146 | mean episode return/seat=+3.89
iter 1320/5000 (26.40%) | elapsed=23m 02s | eta=1h 04m 14s | loss=0.0243 | eps=0.607 | mean turn reward=+0.148 | mean episode return/seat=+3.89
iter 1321/5000 (26.42%) | elapsed=23m 03s | eta=1h 04m 13s | loss=0.0253 | eps=0.606 | mean turn reward=+0.146 | mean episode return/seat=+3.85
iter 1322/5000 (26.44%) | elapsed=23m 04s | eta=1h 04m 12s | loss=0.0263 | eps=0.606 | mean turn reward=+0.145 | mean episode return/seat=+3.83
iter 1323/5000 (26.46%) | elapsed=23m 05s | eta=1h 04m 10s | loss=0.0225 | eps=0.606 | mean turn reward=+0.144 | mean episode return/seat=+3.80
iter 1324/5000 (26.48%) | elapsed=23m 06s | eta=1h 04m 09s | loss=0.0266 | eps=0.605 | mean turn reward=+0.145 | mean episode return/seat=+3.82
iter 1325/5000 (26.50%) | elapsed=23m 07s | eta=1h 04m 08s | loss=0.0212 | eps=0.605 | mean turn reward=+0.146 | mean episode return/seat=+3.84
iter 1326/5000 (26.52%) | elapsed=23m 08s | eta=1h 04m 08s | loss=0.0243 | eps=0.605 | mean turn reward=+0.145 | mean episode return/seat=+3.81
iter 1327/5000 (26.54%) | elapsed=23m 09s | eta=1h 04m 07s | loss=0.0225 | eps=0.605 | mean turn reward=+0.149 | mean episode return/seat=+3.97
iter 1328/5000 (26.56%) | elapsed=23m 10s | eta=1h 04m 05s | loss=0.0246 | eps=0.604 | mean turn reward=+0.150 | mean episode return/seat=+3.96
iter 1329/5000 (26.58%) | elapsed=23m 11s | eta=1h 04m 04s | loss=0.0259 | eps=0.604 | mean turn reward=+0.146 | mean episode return/seat=+3.84
iter 1330/5000 (26.60%) | elapsed=23m 13s | eta=1h 04m 04s | loss=0.0262 | eps=0.604 | mean turn reward=+0.147 | mean episode return/seat=+3.83
iter 1331/5000 (26.62%) | elapsed=23m 14s | eta=1h 04m 03s | loss=0.0272 | eps=0.603 | mean turn reward=+0.148 | mean episode return/seat=+3.91
iter 1332/5000 (26.64%) | elapsed=23m 15s | eta=1h 04m 02s | loss=0.0239 | eps=0.603 | mean turn reward=+0.149 | mean episode return/seat=+3.95
iter 1333/5000 (26.66%) | elapsed=23m 16s | eta=1h 04m 01s | loss=0.0255 | eps=0.603 | mean turn reward=+0.147 | mean episode return/seat=+3.91
iter 1334/5000 (26.68%) | elapsed=23m 17s | eta=1h 04m 00s | loss=0.0243 | eps=0.602 | mean turn reward=+0.146 | mean episode return/seat=+3.84
iter 1335/5000 (26.70%) | elapsed=23m 18s | eta=1h 03m 59s | loss=0.0260 | eps=0.602 | mean turn reward=+0.146 | mean episode return/seat=+3.83
iter 1336/5000 (26.72%) | elapsed=23m 19s | eta=1h 03m 58s | loss=0.0249 | eps=0.602 | mean turn reward=+0.147 | mean episode return/seat=+3.84
iter 1337/5000 (26.74%) | elapsed=23m 20s | eta=1h 03m 57s | loss=0.0202 | eps=0.602 | mean turn reward=+0.146 | mean episode return/seat=+3.85
iter 1338/5000 (26.76%) | elapsed=23m 21s | eta=1h 03m 56s | loss=0.0233 | eps=0.601 | mean turn reward=+0.145 | mean episode return/seat=+3.83
iter 1339/5000 (26.78%) | elapsed=23m 22s | eta=1h 03m 55s | loss=0.0242 | eps=0.601 | mean turn reward=+0.146 | mean episode return/seat=+3.83
iter 1340/5000 (26.80%) | elapsed=23m 23s | eta=1h 03m 54s | loss=0.0238 | eps=0.601 | mean turn reward=+0.149 | mean episode return/seat=+3.93
iter 1341/5000 (26.82%) | elapsed=23m 24s | eta=1h 03m 53s | loss=0.0267 | eps=0.600 | mean turn reward=+0.146 | mean episode return/seat=+3.88
iter 1342/5000 (26.84%) | elapsed=23m 26s | eta=1h 03m 52s | loss=0.0221 | eps=0.600 | mean turn reward=+0.147 | mean episode return/seat=+3.86
iter 1343/5000 (26.86%) | elapsed=23m 27s | eta=1h 03m 51s | loss=0.0241 | eps=0.600 | mean turn reward=+0.147 | mean episode return/seat=+3.90
iter 1344/5000 (26.88%) | elapsed=23m 28s | eta=1h 03m 50s | loss=0.0245 | eps=0.599 | mean turn reward=+0.145 | mean episode return/seat=+3.80
iter 1345/5000 (26.90%) | elapsed=23m 29s | eta=1h 03m 49s | loss=0.0243 | eps=0.599 | mean turn reward=+0.146 | mean episode return/seat=+3.79
iter 1346/5000 (26.92%) | elapsed=23m 30s | eta=1h 03m 48s | loss=0.0229 | eps=0.599 | mean turn reward=+0.147 | mean episode return/seat=+3.88
iter 1347/5000 (26.94%) | elapsed=23m 31s | eta=1h 03m 47s | loss=0.0254 | eps=0.599 | mean turn reward=+0.147 | mean episode return/seat=+3.86
iter 1348/5000 (26.96%) | elapsed=23m 32s | eta=1h 03m 46s | loss=0.0263 | eps=0.598 | mean turn reward=+0.147 | mean episode return/seat=+3.87
iter 1349/5000 (26.98%) | elapsed=23m 33s | eta=1h 03m 45s | loss=0.0256 | eps=0.598 | mean turn reward=+0.148 | mean episode return/seat=+3.88
iter 1350/5000 (27.00%) | elapsed=23m 34s | eta=1h 03m 44s | loss=0.0232 | eps=0.598 | mean turn reward=+0.147 | mean episode return/seat=+3.86
iter 1351/5000 (27.02%) | elapsed=23m 35s | eta=1h 03m 43s | loss=0.0252 | eps=0.597 | mean turn reward=+0.148 | mean episode return/seat=+3.88
iter 1352/5000 (27.04%) | elapsed=23m 36s | eta=1h 03m 42s | loss=0.0222 | eps=0.597 | mean turn reward=+0.148 | mean episode return/seat=+3.91
iter 1353/5000 (27.06%) | elapsed=23m 37s | eta=1h 03m 41s | loss=0.0267 | eps=0.597 | mean turn reward=+0.146 | mean episode return/seat=+3.80
iter 1354/5000 (27.08%) | elapsed=23m 38s | eta=1h 03m 40s | loss=0.0234 | eps=0.596 | mean turn reward=+0.147 | mean episode return/seat=+3.91
iter 1355/5000 (27.10%) | elapsed=23m 39s | eta=1h 03m 39s | loss=0.0236 | eps=0.596 | mean turn reward=+0.148 | mean episode return/seat=+3.89
iter 1356/5000 (27.12%) | elapsed=23m 41s | eta=1h 03m 38s | loss=0.0248 | eps=0.596 | mean turn reward=+0.146 | mean episode return/seat=+3.82
iter 1357/5000 (27.14%) | elapsed=23m 42s | eta=1h 03m 37s | loss=0.0229 | eps=0.596 | mean turn reward=+0.146 | mean episode return/seat=+3.85
iter 1358/5000 (27.16%) | elapsed=23m 43s | eta=1h 03m 36s | loss=0.0235 | eps=0.595 | mean turn reward=+0.148 | mean episode return/seat=+3.90
iter 1359/5000 (27.18%) | elapsed=23m 44s | eta=1h 03m 35s | loss=0.0235 | eps=0.595 | mean turn reward=+0.148 | mean episode return/seat=+3.90
iter 1360/5000 (27.20%) | elapsed=23m 45s | eta=1h 03m 34s | loss=0.0228 | eps=0.595 | mean turn reward=+0.147 | mean episode return/seat=+3.90
iter 1361/5000 (27.22%) | elapsed=23m 46s | eta=1h 03m 33s | loss=0.0249 | eps=0.594 | mean turn reward=+0.147 | mean episode return/seat=+3.80
iter 1362/5000 (27.24%) | elapsed=23m 47s | eta=1h 03m 32s | loss=0.0233 | eps=0.594 | mean turn reward=+0.147 | mean episode return/seat=+3.84
iter 1363/5000 (27.26%) | elapsed=23m 48s | eta=1h 03m 31s | loss=0.0223 | eps=0.594 | mean turn reward=+0.146 | mean episode return/seat=+3.82
iter 1364/5000 (27.28%) | elapsed=23m 49s | eta=1h 03m 30s | loss=0.0244 | eps=0.593 | mean turn reward=+0.148 | mean episode return/seat=+3.91
iter 1365/5000 (27.30%) | elapsed=23m 50s | eta=1h 03m 29s | loss=0.0274 | eps=0.593 | mean turn reward=+0.149 | mean episode return/seat=+3.95
iter 1366/5000 (27.32%) | elapsed=23m 51s | eta=1h 03m 28s | loss=0.0255 | eps=0.593 | mean turn reward=+0.150 | mean episode return/seat=+3.98
iter 1367/5000 (27.34%) | elapsed=23m 52s | eta=1h 03m 27s | loss=0.0232 | eps=0.593 | mean turn reward=+0.146 | mean episode return/seat=+3.83
iter 1368/5000 (27.36%) | elapsed=23m 53s | eta=1h 03m 26s | loss=0.0255 | eps=0.592 | mean turn reward=+0.148 | mean episode return/seat=+3.93
iter 1369/5000 (27.38%) | elapsed=23m 54s | eta=1h 03m 25s | loss=0.0220 | eps=0.592 | mean turn reward=+0.149 | mean episode return/seat=+3.92
iter 1370/5000 (27.40%) | elapsed=23m 55s | eta=1h 03m 24s | loss=0.0217 | eps=0.592 | mean turn reward=+0.148 | mean episode return/seat=+3.90
iter 1371/5000 (27.42%) | elapsed=23m 56s | eta=1h 03m 23s | loss=0.0250 | eps=0.591 | mean turn reward=+0.146 | mean episode return/seat=+3.80
iter 1372/5000 (27.44%) | elapsed=23m 57s | eta=1h 03m 22s | loss=0.0217 | eps=0.591 | mean turn reward=+0.147 | mean episode return/seat=+3.84
iter 1373/5000 (27.46%) | elapsed=23m 58s | eta=1h 03m 21s | loss=0.0251 | eps=0.591 | mean turn reward=+0.148 | mean episode return/seat=+3.92
iter 1374/5000 (27.48%) | elapsed=23m 59s | eta=1h 03m 20s | loss=0.0241 | eps=0.591 | mean turn reward=+0.146 | mean episode return/seat=+3.85
iter 1375/5000 (27.50%) | elapsed=24m 01s | eta=1h 03m 19s | loss=0.0295 | eps=0.590 | mean turn reward=+0.146 | mean episode return/seat=+3.84
iter 1376/5000 (27.52%) | elapsed=24m 02s | eta=1h 03m 18s | loss=0.0229 | eps=0.590 | mean turn reward=+0.146 | mean episode return/seat=+3.77
iter 1377/5000 (27.54%) | elapsed=24m 03s | eta=1h 03m 17s | loss=0.0277 | eps=0.590 | mean turn reward=+0.147 | mean episode return/seat=+3.87
iter 1378/5000 (27.56%) | elapsed=24m 04s | eta=1h 03m 16s | loss=0.0238 | eps=0.589 | mean turn reward=+0.147 | mean episode return/seat=+3.89
iter 1379/5000 (27.58%) | elapsed=24m 05s | eta=1h 03m 14s | loss=0.0237 | eps=0.589 | mean turn reward=+0.147 | mean episode return/seat=+3.90
iter 1380/5000 (27.60%) | elapsed=24m 06s | eta=1h 03m 13s | loss=0.0233 | eps=0.589 | mean turn reward=+0.148 | mean episode return/seat=+3.90
iter 1381/5000 (27.62%) | elapsed=24m 07s | eta=1h 03m 12s | loss=0.0238 | eps=0.588 | mean turn reward=+0.145 | mean episode return/seat=+3.81
iter 1382/5000 (27.64%) | elapsed=24m 08s | eta=1h 03m 11s | loss=0.0279 | eps=0.588 | mean turn reward=+0.150 | mean episode return/seat=+3.95
iter 1383/5000 (27.66%) | elapsed=24m 09s | eta=1h 03m 10s | loss=0.0238 | eps=0.588 | mean turn reward=+0.145 | mean episode return/seat=+3.79
iter 1384/5000 (27.68%) | elapsed=24m 10s | eta=1h 03m 09s | loss=0.0248 | eps=0.588 | mean turn reward=+0.147 | mean episode return/seat=+3.90
iter 1385/5000 (27.70%) | elapsed=24m 11s | eta=1h 03m 08s | loss=0.0243 | eps=0.587 | mean turn reward=+0.148 | mean episode return/seat=+3.88
iter 1386/5000 (27.72%) | elapsed=24m 12s | eta=1h 03m 07s | loss=0.0250 | eps=0.587 | mean turn reward=+0.146 | mean episode return/seat=+3.84
iter 1387/5000 (27.74%) | elapsed=24m 13s | eta=1h 03m 06s | loss=0.0222 | eps=0.587 | mean turn reward=+0.147 | mean episode return/seat=+3.90
iter 1388/5000 (27.76%) | elapsed=24m 14s | eta=1h 03m 05s | loss=0.0229 | eps=0.586 | mean turn reward=+0.150 | mean episode return/seat=+3.96
iter 1389/5000 (27.78%) | elapsed=24m 15s | eta=1h 03m 04s | loss=0.0222 | eps=0.586 | mean turn reward=+0.148 | mean episode return/seat=+3.89
iter 1390/5000 (27.80%) | elapsed=24m 16s | eta=1h 03m 03s | loss=0.0214 | eps=0.586 | mean turn reward=+0.149 | mean episode return/seat=+3.97
iter 1391/5000 (27.82%) | elapsed=24m 17s | eta=1h 03m 02s | loss=0.0222 | eps=0.585 | mean turn reward=+0.149 | mean episode return/seat=+3.97
iter 1392/5000 (27.84%) | elapsed=24m 18s | eta=1h 03m 01s | loss=0.0236 | eps=0.585 | mean turn reward=+0.149 | mean episode return/seat=+3.93
iter 1393/5000 (27.86%) | elapsed=24m 20s | eta=1h 03m 00s | loss=0.0228 | eps=0.585 | mean turn reward=+0.147 | mean episode return/seat=+3.87
iter 1394/5000 (27.88%) | elapsed=24m 21s | eta=1h 02m 59s | loss=0.0246 | eps=0.585 | mean turn reward=+0.147 | mean episode return/seat=+3.90
iter 1395/5000 (27.90%) | elapsed=24m 22s | eta=1h 02m 58s | loss=0.0241 | eps=0.584 | mean turn reward=+0.149 | mean episode return/seat=+3.91
iter 1396/5000 (27.92%) | elapsed=24m 23s | eta=1h 02m 57s | loss=0.0238 | eps=0.584 | mean turn reward=+0.148 | mean episode return/seat=+3.88
iter 1397/5000 (27.94%) | elapsed=24m 24s | eta=1h 02m 56s | loss=0.0211 | eps=0.584 | mean turn reward=+0.146 | mean episode return/seat=+3.82
iter 1398/5000 (27.96%) | elapsed=24m 25s | eta=1h 02m 55s | loss=0.0235 | eps=0.583 | mean turn reward=+0.149 | mean episode return/seat=+3.96
iter 1399/5000 (27.98%) | elapsed=24m 26s | eta=1h 02m 54s | loss=0.0263 | eps=0.583 | mean turn reward=+0.146 | mean episode return/seat=+3.77
iter 1400/5000 (28.00%) | elapsed=24m 27s | eta=1h 02m 53s | loss=0.0242 | eps=0.583 | mean turn reward=+0.147 | mean episode return/seat=+3.88
iter 1401/5000 (28.02%) | elapsed=24m 28s | eta=1h 02m 52s | loss=0.0232 | eps=0.582 | mean turn reward=+0.148 | mean episode return/seat=+3.93
iter 1402/5000 (28.04%) | elapsed=24m 29s | eta=1h 02m 51s | loss=0.0220 | eps=0.582 | mean turn reward=+0.146 | mean episode return/seat=+3.82
iter 1403/5000 (28.06%) | elapsed=24m 30s | eta=1h 02m 50s | loss=0.0244 | eps=0.582 | mean turn reward=+0.151 | mean episode return/seat=+4.02
iter 1404/5000 (28.08%) | elapsed=24m 31s | eta=1h 02m 49s | loss=0.0276 | eps=0.582 | mean turn reward=+0.147 | mean episode return/seat=+3.87
iter 1405/5000 (28.10%) | elapsed=24m 32s | eta=1h 02m 48s | loss=0.0243 | eps=0.581 | mean turn reward=+0.146 | mean episode return/seat=+3.86
iter 1406/5000 (28.12%) | elapsed=24m 33s | eta=1h 02m 47s | loss=0.0268 | eps=0.581 | mean turn reward=+0.145 | mean episode return/seat=+3.79
iter 1407/5000 (28.14%) | elapsed=24m 34s | eta=1h 02m 46s | loss=0.0211 | eps=0.581 | mean turn reward=+0.147 | mean episode return/seat=+3.85
iter 1408/5000 (28.16%) | elapsed=24m 35s | eta=1h 02m 45s | loss=0.0234 | eps=0.580 | mean turn reward=+0.150 | mean episode return/seat=+3.97
iter 1409/5000 (28.18%) | elapsed=24m 36s | eta=1h 02m 44s | loss=0.0221 | eps=0.580 | mean turn reward=+0.149 | mean episode return/seat=+3.94
iter 1410/5000 (28.20%) | elapsed=24m 38s | eta=1h 02m 43s | loss=0.0236 | eps=0.580 | mean turn reward=+0.147 | mean episode return/seat=+3.86
iter 1411/5000 (28.22%) | elapsed=24m 39s | eta=1h 02m 42s | loss=0.0226 | eps=0.579 | mean turn reward=+0.148 | mean episode return/seat=+3.86
iter 1412/5000 (28.24%) | elapsed=24m 40s | eta=1h 02m 41s | loss=0.0223 | eps=0.579 | mean turn reward=+0.148 | mean episode return/seat=+3.90
iter 1413/5000 (28.26%) | elapsed=24m 41s | eta=1h 02m 40s | loss=0.0251 | eps=0.579 | mean turn reward=+0.149 | mean episode return/seat=+3.93
iter 1414/5000 (28.28%) | elapsed=24m 42s | eta=1h 02m 39s | loss=0.0211 | eps=0.579 | mean turn reward=+0.149 | mean episode return/seat=+3.94
iter 1415/5000 (28.30%) | elapsed=24m 43s | eta=1h 02m 38s | loss=0.0234 | eps=0.578 | mean turn reward=+0.147 | mean episode return/seat=+3.87
iter 1416/5000 (28.32%) | elapsed=24m 44s | eta=1h 02m 37s | loss=0.0254 | eps=0.578 | mean turn reward=+0.149 | mean episode return/seat=+3.88
iter 1417/5000 (28.34%) | elapsed=24m 45s | eta=1h 02m 36s | loss=0.0244 | eps=0.578 | mean turn reward=+0.146 | mean episode return/seat=+3.83
iter 1418/5000 (28.36%) | elapsed=24m 46s | eta=1h 02m 35s | loss=0.0244 | eps=0.577 | mean turn reward=+0.147 | mean episode return/seat=+3.85
iter 1419/5000 (28.38%) | elapsed=24m 47s | eta=1h 02m 34s | loss=0.0230 | eps=0.577 | mean turn reward=+0.148 | mean episode return/seat=+3.90
iter 1420/5000 (28.40%) | elapsed=24m 48s | eta=1h 02m 33s | loss=0.0252 | eps=0.577 | mean turn reward=+0.148 | mean episode return/seat=+3.89
iter 1421/5000 (28.42%) | elapsed=24m 49s | eta=1h 02m 32s | loss=0.0203 | eps=0.577 | mean turn reward=+0.150 | mean episode return/seat=+3.94
iter 1422/5000 (28.44%) | elapsed=24m 50s | eta=1h 02m 31s | loss=0.0248 | eps=0.576 | mean turn reward=+0.148 | mean episode return/seat=+3.91
iter 1423/5000 (28.46%) | elapsed=24m 51s | eta=1h 02m 30s | loss=0.0239 | eps=0.576 | mean turn reward=+0.148 | mean episode return/seat=+3.88
iter 1424/5000 (28.48%) | elapsed=24m 53s | eta=1h 02m 29s | loss=0.0229 | eps=0.576 | mean turn reward=+0.149 | mean episode return/seat=+3.93
iter 1425/5000 (28.50%) | elapsed=24m 54s | eta=1h 02m 28s | loss=0.0243 | eps=0.575 | mean turn reward=+0.148 | mean episode return/seat=+3.86
iter 1426/5000 (28.52%) | elapsed=24m 55s | eta=1h 02m 27s | loss=0.0231 | eps=0.575 | mean turn reward=+0.152 | mean episode return/seat=+4.04
iter 1427/5000 (28.54%) | elapsed=24m 56s | eta=1h 02m 26s | loss=0.0253 | eps=0.575 | mean turn reward=+0.148 | mean episode return/seat=+3.88
iter 1428/5000 (28.56%) | elapsed=24m 57s | eta=1h 02m 25s | loss=0.0243 | eps=0.574 | mean turn reward=+0.148 | mean episode return/seat=+3.94
iter 1429/5000 (28.58%) | elapsed=24m 58s | eta=1h 02m 24s | loss=0.0238 | eps=0.574 | mean turn reward=+0.148 | mean episode return/seat=+3.89
iter 1430/5000 (28.60%) | elapsed=24m 59s | eta=1h 02m 23s | loss=0.0246 | eps=0.574 | mean turn reward=+0.147 | mean episode return/seat=+3.89
iter 1431/5000 (28.62%) | elapsed=25m 00s | eta=1h 02m 21s | loss=0.0194 | eps=0.574 | mean turn reward=+0.147 | mean episode return/seat=+3.84
iter 1432/5000 (28.64%) | elapsed=25m 01s | eta=1h 02m 20s | loss=0.0218 | eps=0.573 | mean turn reward=+0.149 | mean episode return/seat=+3.96
iter 1433/5000 (28.66%) | elapsed=25m 02s | eta=1h 02m 20s | loss=0.0229 | eps=0.573 | mean turn reward=+0.148 | mean episode return/seat=+3.86
iter 1434/5000 (28.68%) | elapsed=25m 03s | eta=1h 02m 19s | loss=0.0245 | eps=0.573 | mean turn reward=+0.148 | mean episode return/seat=+3.89
iter 1435/5000 (28.70%) | elapsed=25m 04s | eta=1h 02m 17s | loss=0.0245 | eps=0.572 | mean turn reward=+0.147 | mean episode return/seat=+3.85
iter 1436/5000 (28.72%) | elapsed=25m 05s | eta=1h 02m 16s | loss=0.0232 | eps=0.572 | mean turn reward=+0.147 | mean episode return/seat=+3.89
iter 1437/5000 (28.74%) | elapsed=25m 06s | eta=1h 02m 15s | loss=0.0259 | eps=0.572 | mean turn reward=+0.148 | mean episode return/seat=+3.86
iter 1438/5000 (28.76%) | elapsed=25m 07s | eta=1h 02m 14s | loss=0.0252 | eps=0.571 | mean turn reward=+0.148 | mean episode return/seat=+3.91
iter 1439/5000 (28.78%) | elapsed=25m 08s | eta=1h 02m 13s | loss=0.0222 | eps=0.571 | mean turn reward=+0.148 | mean episode return/seat=+3.94
iter 1440/5000 (28.80%) | elapsed=25m 09s | eta=1h 02m 12s | loss=0.0231 | eps=0.571 | mean turn reward=+0.147 | mean episode return/seat=+3.84
iter 1441/5000 (28.82%) | elapsed=25m 10s | eta=1h 02m 11s | loss=0.0234 | eps=0.571 | mean turn reward=+0.148 | mean episode return/seat=+3.87
iter 1442/5000 (28.84%) | elapsed=25m 11s | eta=1h 02m 10s | loss=0.0231 | eps=0.570 | mean turn reward=+0.150 | mean episode return/seat=+3.99
iter 1443/5000 (28.86%) | elapsed=25m 12s | eta=1h 02m 09s | loss=0.0248 | eps=0.570 | mean turn reward=+0.149 | mean episode return/seat=+3.89
iter 1444/5000 (28.88%) | elapsed=25m 14s | eta=1h 02m 08s | loss=0.0224 | eps=0.570 | mean turn reward=+0.149 | mean episode return/seat=+3.92
iter 1445/5000 (28.90%) | elapsed=25m 15s | eta=1h 02m 07s | loss=0.0243 | eps=0.569 | mean turn reward=+0.146 | mean episode return/seat=+3.82
iter 1446/5000 (28.92%) | elapsed=25m 16s | eta=1h 02m 06s | loss=0.0257 | eps=0.569 | mean turn reward=+0.149 | mean episode return/seat=+3.93
iter 1447/5000 (28.94%) | elapsed=25m 17s | eta=1h 02m 05s | loss=0.0253 | eps=0.569 | mean turn reward=+0.150 | mean episode return/seat=+3.93
iter 1448/5000 (28.96%) | elapsed=25m 18s | eta=1h 02m 04s | loss=0.0241 | eps=0.568 | mean turn reward=+0.148 | mean episode return/seat=+3.93
iter 1449/5000 (28.98%) | elapsed=25m 19s | eta=1h 02m 03s | loss=0.0225 | eps=0.568 | mean turn reward=+0.149 | mean episode return/seat=+3.94
iter 1450/5000 (29.00%) | elapsed=25m 20s | eta=1h 02m 02s | loss=0.0241 | eps=0.568 | mean turn reward=+0.150 | mean episode return/seat=+3.96
iter 1451/5000 (29.02%) | elapsed=25m 21s | eta=1h 02m 00s | loss=0.0247 | eps=0.568 | mean turn reward=+0.147 | mean episode return/seat=+3.88
iter 1452/5000 (29.04%) | elapsed=25m 22s | eta=1h 01m 59s | loss=0.0220 | eps=0.567 | mean turn reward=+0.147 | mean episode return/seat=+3.84
iter 1453/5000 (29.06%) | elapsed=25m 23s | eta=1h 01m 58s | loss=0.0214 | eps=0.567 | mean turn reward=+0.148 | mean episode return/seat=+3.90
iter 1454/5000 (29.08%) | elapsed=25m 24s | eta=1h 01m 57s | loss=0.0240 | eps=0.567 | mean turn reward=+0.150 | mean episode return/seat=+3.95
iter 1455/5000 (29.10%) | elapsed=25m 25s | eta=1h 01m 56s | loss=0.0250 | eps=0.566 | mean turn reward=+0.149 | mean episode return/seat=+3.90
iter 1456/5000 (29.12%) | elapsed=25m 26s | eta=1h 01m 55s | loss=0.0217 | eps=0.566 | mean turn reward=+0.147 | mean episode return/seat=+3.90
iter 1457/5000 (29.14%) | elapsed=25m 27s | eta=1h 01m 54s | loss=0.0219 | eps=0.566 | mean turn reward=+0.149 | mean episode return/seat=+3.94
iter 1458/5000 (29.16%) | elapsed=25m 28s | eta=1h 01m 53s | loss=0.0251 | eps=0.565 | mean turn reward=+0.151 | mean episode return/seat=+3.98
iter 1459/5000 (29.18%) | elapsed=25m 29s | eta=1h 01m 52s | loss=0.0210 | eps=0.565 | mean turn reward=+0.148 | mean episode return/seat=+3.86
iter 1460/5000 (29.20%) | elapsed=25m 30s | eta=1h 01m 51s | loss=0.0226 | eps=0.565 | mean turn reward=+0.150 | mean episode return/seat=+3.94
iter 1461/5000 (29.22%) | elapsed=25m 31s | eta=1h 01m 50s | loss=0.0228 | eps=0.565 | mean turn reward=+0.149 | mean episode return/seat=+3.95
iter 1462/5000 (29.24%) | elapsed=25m 32s | eta=1h 01m 49s | loss=0.0228 | eps=0.564 | mean turn reward=+0.148 | mean episode return/seat=+3.86
iter 1463/5000 (29.26%) | elapsed=25m 33s | eta=1h 01m 48s | loss=0.0250 | eps=0.564 | mean turn reward=+0.148 | mean episode return/seat=+3.83
iter 1464/5000 (29.28%) | elapsed=25m 34s | eta=1h 01m 47s | loss=0.0241 | eps=0.564 | mean turn reward=+0.151 | mean episode return/seat=+4.05
iter 1465/5000 (29.30%) | elapsed=25m 35s | eta=1h 01m 46s | loss=0.0241 | eps=0.563 | mean turn reward=+0.149 | mean episode return/seat=+3.95
iter 1466/5000 (29.32%) | elapsed=25m 37s | eta=1h 01m 45s | loss=0.0231 | eps=0.563 | mean turn reward=+0.148 | mean episode return/seat=+3.88
iter 1467/5000 (29.34%) | elapsed=25m 38s | eta=1h 01m 44s | loss=0.0209 | eps=0.563 | mean turn reward=+0.148 | mean episode return/seat=+3.93
iter 1468/5000 (29.36%) | elapsed=25m 39s | eta=1h 01m 43s | loss=0.0202 | eps=0.563 | mean turn reward=+0.149 | mean episode return/seat=+3.93
iter 1469/5000 (29.38%) | elapsed=25m 40s | eta=1h 01m 42s | loss=0.0226 | eps=0.562 | mean turn reward=+0.146 | mean episode return/seat=+3.84
iter 1470/5000 (29.40%) | elapsed=25m 41s | eta=1h 01m 41s | loss=0.0252 | eps=0.562 | mean turn reward=+0.148 | mean episode return/seat=+3.90
iter 1471/5000 (29.42%) | elapsed=25m 42s | eta=1h 01m 40s | loss=0.0267 | eps=0.562 | mean turn reward=+0.149 | mean episode return/seat=+3.95
iter 1472/5000 (29.44%) | elapsed=25m 43s | eta=1h 01m 39s | loss=0.0233 | eps=0.561 | mean turn reward=+0.147 | mean episode return/seat=+3.82
iter 1473/5000 (29.46%) | elapsed=25m 44s | eta=1h 01m 37s | loss=0.0223 | eps=0.561 | mean turn reward=+0.149 | mean episode return/seat=+3.94
iter 1474/5000 (29.48%) | elapsed=25m 45s | eta=1h 01m 36s | loss=0.0233 | eps=0.561 | mean turn reward=+0.148 | mean episode return/seat=+3.88
iter 1475/5000 (29.50%) | elapsed=25m 46s | eta=1h 01m 36s | loss=0.0238 | eps=0.560 | mean turn reward=+0.149 | mean episode return/seat=+3.89
iter 1476/5000 (29.52%) | elapsed=25m 47s | eta=1h 01m 34s | loss=0.0229 | eps=0.560 | mean turn reward=+0.147 | mean episode return/seat=+3.88
iter 1477/5000 (29.54%) | elapsed=25m 48s | eta=1h 01m 33s | loss=0.0214 | eps=0.560 | mean turn reward=+0.149 | mean episode return/seat=+3.92
iter 1478/5000 (29.56%) | elapsed=25m 49s | eta=1h 01m 32s | loss=0.0264 | eps=0.560 | mean turn reward=+0.148 | mean episode return/seat=+3.90
iter 1479/5000 (29.58%) | elapsed=25m 50s | eta=1h 01m 31s | loss=0.0246 | eps=0.559 | mean turn reward=+0.148 | mean episode return/seat=+3.89
iter 1480/5000 (29.60%) | elapsed=25m 51s | eta=1h 01m 30s | loss=0.0237 | eps=0.559 | mean turn reward=+0.149 | mean episode return/seat=+3.88
iter 1481/5000 (29.62%) | elapsed=25m 52s | eta=1h 01m 29s | loss=0.0245 | eps=0.559 | mean turn reward=+0.150 | mean episode return/seat=+3.97
iter 1482/5000 (29.64%) | elapsed=25m 53s | eta=1h 01m 28s | loss=0.0235 | eps=0.558 | mean turn reward=+0.149 | mean episode return/seat=+3.94
iter 1483/5000 (29.66%) | elapsed=25m 54s | eta=1h 01m 27s | loss=0.0277 | eps=0.558 | mean turn reward=+0.149 | mean episode return/seat=+3.93
iter 1484/5000 (29.68%) | elapsed=25m 55s | eta=1h 01m 26s | loss=0.0244 | eps=0.558 | mean turn reward=+0.150 | mean episode return/seat=+4.01
iter 1485/5000 (29.70%) | elapsed=25m 57s | eta=1h 01m 25s | loss=0.0218 | eps=0.557 | mean turn reward=+0.148 | mean episode return/seat=+3.90
iter 1486/5000 (29.72%) | elapsed=25m 58s | eta=1h 01m 24s | loss=0.0218 | eps=0.557 | mean turn reward=+0.146 | mean episode return/seat=+3.83
iter 1487/5000 (29.74%) | elapsed=25m 59s | eta=1h 01m 23s | loss=0.0240 | eps=0.557 | mean turn reward=+0.150 | mean episode return/seat=+3.96
iter 1488/5000 (29.76%) | elapsed=26m 00s | eta=1h 01m 22s | loss=0.0217 | eps=0.557 | mean turn reward=+0.148 | mean episode return/seat=+3.88
iter 1489/5000 (29.78%) | elapsed=26m 01s | eta=1h 01m 21s | loss=0.0248 | eps=0.556 | mean turn reward=+0.149 | mean episode return/seat=+3.93
iter 1490/5000 (29.80%) | elapsed=26m 02s | eta=1h 01m 20s | loss=0.0200 | eps=0.556 | mean turn reward=+0.148 | mean episode return/seat=+3.89
iter 1491/5000 (29.82%) | elapsed=26m 03s | eta=1h 01m 19s | loss=0.0242 | eps=0.556 | mean turn reward=+0.148 | mean episode return/seat=+3.89
iter 1492/5000 (29.84%) | elapsed=26m 04s | eta=1h 01m 18s | loss=0.0241 | eps=0.555 | mean turn reward=+0.149 | mean episode return/seat=+3.96
iter 1493/5000 (29.86%) | elapsed=26m 05s | eta=1h 01m 17s | loss=0.0253 | eps=0.555 | mean turn reward=+0.150 | mean episode return/seat=+3.95
iter 1494/5000 (29.88%) | elapsed=26m 06s | eta=1h 01m 16s | loss=0.0254 | eps=0.555 | mean turn reward=+0.148 | mean episode return/seat=+3.89
iter 1495/5000 (29.90%) | elapsed=26m 07s | eta=1h 01m 15s | loss=0.0210 | eps=0.554 | mean turn reward=+0.147 | mean episode return/seat=+3.85
iter 1496/5000 (29.92%) | elapsed=26m 08s | eta=1h 01m 14s | loss=0.0228 | eps=0.554 | mean turn reward=+0.148 | mean episode return/seat=+3.92
iter 1497/5000 (29.94%) | elapsed=26m 09s | eta=1h 01m 13s | loss=0.0244 | eps=0.554 | mean turn reward=+0.149 | mean episode return/seat=+3.91
iter 1498/5000 (29.96%) | elapsed=26m 10s | eta=1h 01m 12s | loss=0.0204 | eps=0.554 | mean turn reward=+0.149 | mean episode return/seat=+3.88
iter 1499/5000 (29.98%) | elapsed=26m 11s | eta=1h 01m 11s | loss=0.0241 | eps=0.553 | mean turn reward=+0.148 | mean episode return/seat=+3.91
iter 1500/5000 (30.00%) | elapsed=26m 12s | eta=1h 01m 10s | loss=0.0242 | eps=0.553 | mean turn reward=+0.147 | mean episode return/seat=+3.90
iter 1501/5000 (30.02%) | elapsed=26m 14s | eta=1h 01m 09s | loss=0.0233 | eps=0.553 | mean turn reward=+0.150 | mean episode return/seat=+3.95
iter 1502/5000 (30.04%) | elapsed=26m 15s | eta=1h 01m 08s | loss=0.0244 | eps=0.552 | mean turn reward=+0.150 | mean episode return/seat=+3.94
iter 1503/5000 (30.06%) | elapsed=26m 16s | eta=1h 01m 07s | loss=0.0231 | eps=0.552 | mean turn reward=+0.150 | mean episode return/seat=+3.98
iter 1504/5000 (30.08%) | elapsed=26m 17s | eta=1h 01m 05s | loss=0.0267 | eps=0.552 | mean turn reward=+0.148 | mean episode return/seat=+3.88
iter 1505/5000 (30.10%) | elapsed=26m 18s | eta=1h 01m 05s | loss=0.0237 | eps=0.551 | mean turn reward=+0.148 | mean episode return/seat=+3.88
iter 1506/5000 (30.12%) | elapsed=26m 19s | eta=1h 01m 04s | loss=0.0236 | eps=0.551 | mean turn reward=+0.151 | mean episode return/seat=+3.99
iter 1507/5000 (30.14%) | elapsed=26m 20s | eta=1h 01m 03s | loss=0.0239 | eps=0.551 | mean turn reward=+0.150 | mean episode return/seat=+3.93
iter 1508/5000 (30.16%) | elapsed=26m 21s | eta=1h 01m 02s | loss=0.0265 | eps=0.551 | mean turn reward=+0.150 | mean episode return/seat=+3.94
iter 1509/5000 (30.18%) | elapsed=26m 22s | eta=1h 01m 01s | loss=0.0249 | eps=0.550 | mean turn reward=+0.148 | mean episode return/seat=+3.88
iter 1510/5000 (30.20%) | elapsed=26m 23s | eta=1h 01m 00s | loss=0.0215 | eps=0.550 | mean turn reward=+0.151 | mean episode return/seat=+3.99
iter 1511/5000 (30.22%) | elapsed=26m 24s | eta=1h 00m 59s | loss=0.0229 | eps=0.550 | mean turn reward=+0.152 | mean episode return/seat=+4.03
iter 1512/5000 (30.24%) | elapsed=26m 25s | eta=1h 00m 58s | loss=0.0220 | eps=0.549 | mean turn reward=+0.149 | mean episode return/seat=+3.95
iter 1513/5000 (30.26%) | elapsed=26m 26s | eta=1h 00m 57s | loss=0.0233 | eps=0.549 | mean turn reward=+0.152 | mean episode return/seat=+4.02
iter 1514/5000 (30.28%) | elapsed=26m 27s | eta=1h 00m 56s | loss=0.0222 | eps=0.549 | mean turn reward=+0.149 | mean episode return/seat=+3.90
iter 1515/5000 (30.30%) | elapsed=26m 28s | eta=1h 00m 54s | loss=0.0208 | eps=0.548 | mean turn reward=+0.150 | mean episode return/seat=+3.92
iter 1516/5000 (30.32%) | elapsed=26m 29s | eta=1h 00m 54s | loss=0.0225 | eps=0.548 | mean turn reward=+0.150 | mean episode return/seat=+3.95
iter 1517/5000 (30.34%) | elapsed=26m 30s | eta=1h 00m 52s | loss=0.0220 | eps=0.548 | mean turn reward=+0.151 | mean episode return/seat=+3.97
iter 1518/5000 (30.36%) | elapsed=26m 32s | eta=1h 00m 51s | loss=0.0247 | eps=0.548 | mean turn reward=+0.151 | mean episode return/seat=+3.97
iter 1519/5000 (30.38%) | elapsed=26m 33s | eta=1h 00m 51s | loss=0.0242 | eps=0.547 | mean turn reward=+0.153 | mean episode return/seat=+4.09
iter 1520/5000 (30.40%) | elapsed=26m 34s | eta=1h 00m 50s | loss=0.0228 | eps=0.547 | mean turn reward=+0.147 | mean episode return/seat=+3.82
iter 1521/5000 (30.42%) | elapsed=26m 35s | eta=1h 00m 48s | loss=0.0242 | eps=0.547 | mean turn reward=+0.149 | mean episode return/seat=+3.90
iter 1522/5000 (30.44%) | elapsed=26m 36s | eta=1h 00m 47s | loss=0.0241 | eps=0.546 | mean turn reward=+0.151 | mean episode return/seat=+3.98
iter 1523/5000 (30.46%) | elapsed=26m 37s | eta=1h 00m 46s | loss=0.0247 | eps=0.546 | mean turn reward=+0.148 | mean episode return/seat=+3.86
iter 1524/5000 (30.48%) | elapsed=26m 38s | eta=1h 00m 45s | loss=0.0227 | eps=0.546 | mean turn reward=+0.149 | mean episode return/seat=+3.91
iter 1525/5000 (30.50%) | elapsed=26m 39s | eta=1h 00m 44s | loss=0.0247 | eps=0.546 | mean turn reward=+0.152 | mean episode return/seat=+4.06
iter 1526/5000 (30.52%) | elapsed=26m 40s | eta=1h 00m 43s | loss=0.0227 | eps=0.545 | mean turn reward=+0.153 | mean episode return/seat=+4.10
iter 1527/5000 (30.54%) | elapsed=26m 41s | eta=1h 00m 42s | loss=0.0255 | eps=0.545 | mean turn reward=+0.150 | mean episode return/seat=+4.00
iter 1528/5000 (30.56%) | elapsed=26m 42s | eta=1h 00m 41s | loss=0.0231 | eps=0.545 | mean turn reward=+0.148 | mean episode return/seat=+3.90
iter 1529/5000 (30.58%) | elapsed=26m 43s | eta=1h 00m 40s | loss=0.0208 | eps=0.544 | mean turn reward=+0.149 | mean episode return/seat=+3.94
iter 1530/5000 (30.60%) | elapsed=26m 44s | eta=1h 00m 39s | loss=0.0214 | eps=0.544 | mean turn reward=+0.149 | mean episode return/seat=+3.90
iter 1531/5000 (30.62%) | elapsed=26m 46s | eta=1h 00m 39s | loss=0.0235 | eps=0.544 | mean turn reward=+0.150 | mean episode return/seat=+3.96
iter 1532/5000 (30.64%) | elapsed=26m 47s | eta=1h 00m 38s | loss=0.0210 | eps=0.543 | mean turn reward=+0.148 | mean episode return/seat=+3.85
iter 1533/5000 (30.66%) | elapsed=26m 48s | eta=1h 00m 36s | loss=0.0252 | eps=0.543 | mean turn reward=+0.149 | mean episode return/seat=+3.91
iter 1534/5000 (30.68%) | elapsed=26m 49s | eta=1h 00m 35s | loss=0.0224 | eps=0.543 | mean turn reward=+0.147 | mean episode return/seat=+3.84
iter 1535/5000 (30.70%) | elapsed=26m 50s | eta=1h 00m 34s | loss=0.0241 | eps=0.543 | mean turn reward=+0.148 | mean episode return/seat=+3.87
iter 1536/5000 (30.72%) | elapsed=26m 51s | eta=1h 00m 33s | loss=0.0243 | eps=0.542 | mean turn reward=+0.149 | mean episode return/seat=+3.92
iter 1537/5000 (30.74%) | elapsed=26m 52s | eta=1h 00m 32s | loss=0.0246 | eps=0.542 | mean turn reward=+0.146 | mean episode return/seat=+3.84
iter 1538/5000 (30.76%) | elapsed=26m 53s | eta=1h 00m 31s | loss=0.0261 | eps=0.542 | mean turn reward=+0.149 | mean episode return/seat=+3.89
iter 1539/5000 (30.78%) | elapsed=26m 54s | eta=1h 00m 30s | loss=0.0236 | eps=0.541 | mean turn reward=+0.148 | mean episode return/seat=+3.84
iter 1540/5000 (30.80%) | elapsed=26m 55s | eta=1h 00m 29s | loss=0.0234 | eps=0.541 | mean turn reward=+0.151 | mean episode return/seat=+4.00
iter 1541/5000 (30.82%) | elapsed=26m 56s | eta=1h 00m 28s | loss=0.0199 | eps=0.541 | mean turn reward=+0.150 | mean episode return/seat=+3.94
iter 1542/5000 (30.84%) | elapsed=26m 57s | eta=1h 00m 27s | loss=0.0243 | eps=0.540 | mean turn reward=+0.149 | mean episode return/seat=+3.93
iter 1543/5000 (30.86%) | elapsed=26m 58s | eta=1h 00m 26s | loss=0.0231 | eps=0.540 | mean turn reward=+0.151 | mean episode return/seat=+3.97
iter 1544/5000 (30.88%) | elapsed=26m 59s | eta=1h 00m 25s | loss=0.0218 | eps=0.540 | mean turn reward=+0.150 | mean episode return/seat=+3.97
iter 1545/5000 (30.90%) | elapsed=27m 00s | eta=1h 00m 24s | loss=0.0217 | eps=0.540 | mean turn reward=+0.149 | mean episode return/seat=+3.93
iter 1546/5000 (30.92%) | elapsed=27m 01s | eta=1h 00m 23s | loss=0.0221 | eps=0.539 | mean turn reward=+0.150 | mean episode return/seat=+3.94
iter 1547/5000 (30.94%) | elapsed=27m 02s | eta=1h 00m 22s | loss=0.0226 | eps=0.539 | mean turn reward=+0.149 | mean episode return/seat=+3.87
iter 1548/5000 (30.96%) | elapsed=27m 04s | eta=1h 00m 21s | loss=0.0243 | eps=0.539 | mean turn reward=+0.149 | mean episode return/seat=+3.90
iter 1549/5000 (30.98%) | elapsed=27m 05s | eta=1h 00m 20s | loss=0.0242 | eps=0.538 | mean turn reward=+0.151 | mean episode return/seat=+3.98
iter 1550/5000 (31.00%) | elapsed=27m 06s | eta=1h 00m 19s | loss=0.0240 | eps=0.538 | mean turn reward=+0.150 | mean episode return/seat=+3.94
iter 1551/5000 (31.02%) | elapsed=27m 07s | eta=1h 00m 18s | loss=0.0221 | eps=0.538 | mean turn reward=+0.148 | mean episode return/seat=+3.85
iter 1552/5000 (31.04%) | elapsed=27m 08s | eta=1h 00m 17s | loss=0.0245 | eps=0.537 | mean turn reward=+0.147 | mean episode return/seat=+3.82
iter 1553/5000 (31.06%) | elapsed=27m 09s | eta=1h 00m 16s | loss=0.0221 | eps=0.537 | mean turn reward=+0.149 | mean episode return/seat=+3.95
iter 1554/5000 (31.08%) | elapsed=27m 10s | eta=1h 00m 15s | loss=0.0218 | eps=0.537 | mean turn reward=+0.150 | mean episode return/seat=+3.94
iter 1555/5000 (31.10%) | elapsed=27m 11s | eta=1h 00m 14s | loss=0.0229 | eps=0.537 | mean turn reward=+0.151 | mean episode return/seat=+4.01
iter 1556/5000 (31.12%) | elapsed=27m 12s | eta=1h 00m 13s | loss=0.0227 | eps=0.536 | mean turn reward=+0.147 | mean episode return/seat=+3.83
iter 1557/5000 (31.14%) | elapsed=27m 13s | eta=1h 00m 12s | loss=0.0224 | eps=0.536 | mean turn reward=+0.150 | mean episode return/seat=+3.95
iter 1558/5000 (31.16%) | elapsed=27m 14s | eta=1h 00m 11s | loss=0.0214 | eps=0.536 | mean turn reward=+0.149 | mean episode return/seat=+3.94
iter 1559/5000 (31.18%) | elapsed=27m 15s | eta=1h 00m 10s | loss=0.0226 | eps=0.535 | mean turn reward=+0.149 | mean episode return/seat=+3.87
iter 1560/5000 (31.20%) | elapsed=27m 16s | eta=1h 00m 09s | loss=0.0250 | eps=0.535 | mean turn reward=+0.149 | mean episode return/seat=+3.91
iter 1561/5000 (31.22%) | elapsed=27m 17s | eta=1h 00m 08s | loss=0.0239 | eps=0.535 | mean turn reward=+0.150 | mean episode return/seat=+3.99
iter 1562/5000 (31.24%) | elapsed=27m 18s | eta=1h 00m 07s | loss=0.0253 | eps=0.534 | mean turn reward=+0.150 | mean episode return/seat=+3.96
iter 1563/5000 (31.26%) | elapsed=27m 19s | eta=1h 00m 06s | loss=0.0253 | eps=0.534 | mean turn reward=+0.149 | mean episode return/seat=+3.93
iter 1564/5000 (31.28%) | elapsed=27m 20s | eta=1h 00m 05s | loss=0.0221 | eps=0.534 | mean turn reward=+0.152 | mean episode return/seat=+4.01
iter 1565/5000 (31.30%) | elapsed=27m 22s | eta=1h 00m 04s | loss=0.0211 | eps=0.534 | mean turn reward=+0.151 | mean episode return/seat=+3.96
iter 1566/5000 (31.32%) | elapsed=27m 23s | eta=1h 00m 02s | loss=0.0256 | eps=0.533 | mean turn reward=+0.151 | mean episode return/seat=+3.99
iter 1567/5000 (31.34%) | elapsed=27m 24s | eta=1h 00m 01s | loss=0.0220 | eps=0.533 | mean turn reward=+0.149 | mean episode return/seat=+3.94
iter 1568/5000 (31.36%) | elapsed=27m 25s | eta=1h 00m 00s | loss=0.0223 | eps=0.533 | mean turn reward=+0.149 | mean episode return/seat=+3.91
iter 1569/5000 (31.38%) | elapsed=27m 26s | eta=59m 59s | loss=0.0255 | eps=0.532 | mean turn reward=+0.151 | mean episode return/seat=+3.98
iter 1570/5000 (31.40%) | elapsed=27m 27s | eta=59m 58s | loss=0.0257 | eps=0.532 | mean turn reward=+0.150 | mean episode return/seat=+3.94
iter 1571/5000 (31.42%) | elapsed=27m 28s | eta=59m 57s | loss=0.0237 | eps=0.532 | mean turn reward=+0.149 | mean episode return/seat=+3.93
iter 1572/5000 (31.44%) | elapsed=27m 29s | eta=59m 56s | loss=0.0237 | eps=0.532 | mean turn reward=+0.146 | mean episode return/seat=+3.83
iter 1573/5000 (31.46%) | elapsed=27m 30s | eta=59m 55s | loss=0.0248 | eps=0.531 | mean turn reward=+0.151 | mean episode return/seat=+3.99
iter 1574/5000 (31.48%) | elapsed=27m 31s | eta=59m 54s | loss=0.0218 | eps=0.531 | mean turn reward=+0.149 | mean episode return/seat=+3.94
iter 1575/5000 (31.50%) | elapsed=27m 32s | eta=59m 53s | loss=0.0232 | eps=0.531 | mean turn reward=+0.150 | mean episode return/seat=+3.97
iter 1576/5000 (31.52%) | elapsed=27m 33s | eta=59m 52s | loss=0.0194 | eps=0.530 | mean turn reward=+0.149 | mean episode return/seat=+3.99
iter 1577/5000 (31.54%) | elapsed=27m 34s | eta=59m 51s | loss=0.0224 | eps=0.530 | mean turn reward=+0.151 | mean episode return/seat=+3.94
iter 1578/5000 (31.56%) | elapsed=27m 35s | eta=59m 50s | loss=0.0210 | eps=0.530 | mean turn reward=+0.150 | mean episode return/seat=+3.98
iter 1579/5000 (31.58%) | elapsed=27m 36s | eta=59m 49s | loss=0.0246 | eps=0.529 | mean turn reward=+0.150 | mean episode return/seat=+3.94
iter 1580/5000 (31.60%) | elapsed=27m 37s | eta=59m 48s | loss=0.0243 | eps=0.529 | mean turn reward=+0.150 | mean episode return/seat=+3.99
iter 1581/5000 (31.62%) | elapsed=27m 39s | eta=59m 47s | loss=0.0255 | eps=0.529 | mean turn reward=+0.149 | mean episode return/seat=+3.90
iter 1582/5000 (31.64%) | elapsed=27m 40s | eta=59m 46s | loss=0.0250 | eps=0.529 | mean turn reward=+0.151 | mean episode return/seat=+3.98
iter 1583/5000 (31.66%) | elapsed=27m 41s | eta=59m 45s | loss=0.0236 | eps=0.528 | mean turn reward=+0.148 | mean episode return/seat=+3.89
iter 1584/5000 (31.68%) | elapsed=27m 42s | eta=59m 44s | loss=0.0209 | eps=0.528 | mean turn reward=+0.148 | mean episode return/seat=+3.82
iter 1585/5000 (31.70%) | elapsed=27m 43s | eta=59m 43s | loss=0.0230 | eps=0.528 | mean turn reward=+0.151 | mean episode return/seat=+3.97
iter 1586/5000 (31.72%) | elapsed=27m 44s | eta=59m 42s | loss=0.0233 | eps=0.527 | mean turn reward=+0.151 | mean episode return/seat=+4.04
iter 1587/5000 (31.74%) | elapsed=27m 45s | eta=59m 41s | loss=0.0230 | eps=0.527 | mean turn reward=+0.151 | mean episode return/seat=+3.98
iter 1588/5000 (31.76%) | elapsed=27m 46s | eta=59m 40s | loss=0.0241 | eps=0.527 | mean turn reward=+0.151 | mean episode return/seat=+3.98
iter 1589/5000 (31.78%) | elapsed=27m 47s | eta=59m 39s | loss=0.0213 | eps=0.526 | mean turn reward=+0.149 | mean episode return/seat=+3.88
iter 1590/5000 (31.80%) | elapsed=27m 48s | eta=59m 38s | loss=0.0238 | eps=0.526 | mean turn reward=+0.149 | mean episode return/seat=+3.89
iter 1591/5000 (31.82%) | elapsed=27m 49s | eta=59m 37s | loss=0.0257 | eps=0.526 | mean turn reward=+0.152 | mean episode return/seat=+4.05
iter 1592/5000 (31.84%) | elapsed=27m 50s | eta=59m 36s | loss=0.0235 | eps=0.526 | mean turn reward=+0.148 | mean episode return/seat=+3.90
iter 1593/5000 (31.86%) | elapsed=27m 51s | eta=59m 35s | loss=0.0242 | eps=0.525 | mean turn reward=+0.150 | mean episode return/seat=+3.95
iter 1594/5000 (31.88%) | elapsed=27m 52s | eta=59m 34s | loss=0.0209 | eps=0.525 | mean turn reward=+0.152 | mean episode return/seat=+4.02
iter 1595/5000 (31.90%) | elapsed=27m 53s | eta=59m 33s | loss=0.0247 | eps=0.525 | mean turn reward=+0.150 | mean episode return/seat=+4.02
iter 1596/5000 (31.92%) | elapsed=27m 54s | eta=59m 32s | loss=0.0223 | eps=0.524 | mean turn reward=+0.149 | mean episode return/seat=+3.97
iter 1597/5000 (31.94%) | elapsed=27m 55s | eta=59m 31s | loss=0.0275 | eps=0.524 | mean turn reward=+0.150 | mean episode return/seat=+3.96
iter 1598/5000 (31.96%) | elapsed=27m 56s | eta=59m 30s | loss=0.0244 | eps=0.524 | mean turn reward=+0.149 | mean episode return/seat=+3.86
iter 1599/5000 (31.98%) | elapsed=27m 57s | eta=59m 28s | loss=0.0247 | eps=0.523 | mean turn reward=+0.151 | mean episode return/seat=+3.97
iter 1600/5000 (32.00%) | elapsed=27m 58s | eta=59m 27s | loss=0.0247 | eps=0.523 | mean turn reward=+0.150 | mean episode return/seat=+3.96
iter 1601/5000 (32.02%) | elapsed=28m 00s | eta=59m 26s | loss=0.0218 | eps=0.523 | mean turn reward=+0.151 | mean episode return/seat=+3.98
iter 1602/5000 (32.04%) | elapsed=28m 01s | eta=59m 25s | loss=0.0246 | eps=0.523 | mean turn reward=+0.150 | mean episode return/seat=+3.98
iter 1603/5000 (32.06%) | elapsed=28m 02s | eta=59m 24s | loss=0.0227 | eps=0.522 | mean turn reward=+0.151 | mean episode return/seat=+3.99
iter 1604/5000 (32.08%) | elapsed=28m 03s | eta=59m 23s | loss=0.0230 | eps=0.522 | mean turn reward=+0.151 | mean episode return/seat=+4.01
iter 1605/5000 (32.10%) | elapsed=28m 04s | eta=59m 22s | loss=0.0230 | eps=0.522 | mean turn reward=+0.149 | mean episode return/seat=+3.92
iter 1606/5000 (32.12%) | elapsed=28m 05s | eta=59m 21s | loss=0.0212 | eps=0.521 | mean turn reward=+0.151 | mean episode return/seat=+3.97
iter 1607/5000 (32.14%) | elapsed=28m 06s | eta=59m 20s | loss=0.0245 | eps=0.521 | mean turn reward=+0.149 | mean episode return/seat=+3.93
iter 1608/5000 (32.16%) | elapsed=28m 07s | eta=59m 19s | loss=0.0203 | eps=0.521 | mean turn reward=+0.151 | mean episode return/seat=+3.98
iter 1609/5000 (32.18%) | elapsed=28m 08s | eta=59m 18s | loss=0.0252 | eps=0.520 | mean turn reward=+0.151 | mean episode return/seat=+4.01
iter 1610/5000 (32.20%) | elapsed=28m 09s | eta=59m 17s | loss=0.0203 | eps=0.520 | mean turn reward=+0.149 | mean episode return/seat=+3.88
iter 1611/5000 (32.22%) | elapsed=28m 10s | eta=59m 16s | loss=0.0221 | eps=0.520 | mean turn reward=+0.149 | mean episode return/seat=+3.91
iter 1612/5000 (32.24%) | elapsed=28m 11s | eta=59m 15s | loss=0.0219 | eps=0.520 | mean turn reward=+0.149 | mean episode return/seat=+3.96
iter 1613/5000 (32.26%) | elapsed=28m 12s | eta=59m 14s | loss=0.0212 | eps=0.519 | mean turn reward=+0.150 | mean episode return/seat=+3.96
iter 1614/5000 (32.28%) | elapsed=28m 13s | eta=59m 13s | loss=0.0226 | eps=0.519 | mean turn reward=+0.152 | mean episode return/seat=+4.03
iter 1615/5000 (32.30%) | elapsed=28m 15s | eta=59m 12s | loss=0.0207 | eps=0.519 | mean turn reward=+0.152 | mean episode return/seat=+4.02
iter 1616/5000 (32.32%) | elapsed=28m 16s | eta=59m 11s | loss=0.0231 | eps=0.518 | mean turn reward=+0.150 | mean episode return/seat=+3.95
iter 1617/5000 (32.34%) | elapsed=28m 17s | eta=59m 10s | loss=0.0235 | eps=0.518 | mean turn reward=+0.148 | mean episode return/seat=+3.85
iter 1618/5000 (32.36%) | elapsed=28m 18s | eta=59m 09s | loss=0.0227 | eps=0.518 | mean turn reward=+0.150 | mean episode return/seat=+3.93
iter 1619/5000 (32.38%) | elapsed=28m 19s | eta=59m 08s | loss=0.0210 | eps=0.518 | mean turn reward=+0.150 | mean episode return/seat=+3.97
iter 1620/5000 (32.40%) | elapsed=28m 20s | eta=59m 08s | loss=0.0225 | eps=0.517 | mean turn reward=+0.152 | mean episode return/seat=+3.97
iter 1621/5000 (32.42%) | elapsed=28m 21s | eta=59m 07s | loss=0.0234 | eps=0.517 | mean turn reward=+0.147 | mean episode return/seat=+3.84
iter 1622/5000 (32.44%) | elapsed=28m 22s | eta=59m 06s | loss=0.0215 | eps=0.517 | mean turn reward=+0.149 | mean episode return/seat=+3.92
iter 1623/5000 (32.46%) | elapsed=28m 23s | eta=59m 05s | loss=0.0282 | eps=0.516 | mean turn reward=+0.150 | mean episode return/seat=+3.92
iter 1624/5000 (32.48%) | elapsed=28m 24s | eta=59m 04s | loss=0.0244 | eps=0.516 | mean turn reward=+0.152 | mean episode return/seat=+3.97
iter 1625/5000 (32.50%) | elapsed=28m 25s | eta=59m 03s | loss=0.0211 | eps=0.516 | mean turn reward=+0.150 | mean episode return/seat=+3.93
iter 1626/5000 (32.52%) | elapsed=28m 27s | eta=59m 02s | loss=0.0254 | eps=0.515 | mean turn reward=+0.150 | mean episode return/seat=+3.98
iter 1627/5000 (32.54%) | elapsed=28m 28s | eta=59m 01s | loss=0.0278 | eps=0.515 | mean turn reward=+0.150 | mean episode return/seat=+3.95
iter 1628/5000 (32.56%) | elapsed=28m 29s | eta=59m 00s | loss=0.0253 | eps=0.515 | mean turn reward=+0.151 | mean episode return/seat=+3.96
iter 1629/5000 (32.58%) | elapsed=28m 30s | eta=58m 59s | loss=0.0228 | eps=0.515 | mean turn reward=+0.151 | mean episode return/seat=+3.91
iter 1630/5000 (32.60%) | elapsed=28m 31s | eta=58m 58s | loss=0.0229 | eps=0.514 | mean turn reward=+0.150 | mean episode return/seat=+3.93
iter 1631/5000 (32.62%) | elapsed=28m 32s | eta=58m 57s | loss=0.0214 | eps=0.514 | mean turn reward=+0.149 | mean episode return/seat=+3.95
iter 1632/5000 (32.64%) | elapsed=28m 33s | eta=58m 56s | loss=0.0217 | eps=0.514 | mean turn reward=+0.152 | mean episode return/seat=+4.05
iter 1633/5000 (32.66%) | elapsed=28m 34s | eta=58m 55s | loss=0.0225 | eps=0.513 | mean turn reward=+0.152 | mean episode return/seat=+4.04
iter 1634/5000 (32.68%) | elapsed=28m 35s | eta=58m 54s | loss=0.0265 | eps=0.513 | mean turn reward=+0.151 | mean episode return/seat=+3.96
iter 1635/5000 (32.70%) | elapsed=28m 36s | eta=58m 53s | loss=0.0215 | eps=0.513 | mean turn reward=+0.149 | mean episode return/seat=+3.88
iter 1636/5000 (32.72%) | elapsed=28m 37s | eta=58m 52s | loss=0.0198 | eps=0.512 | mean turn reward=+0.148 | mean episode return/seat=+3.91
iter 1637/5000 (32.74%) | elapsed=28m 38s | eta=58m 51s | loss=0.0220 | eps=0.512 | mean turn reward=+0.149 | mean episode return/seat=+3.90
iter 1638/5000 (32.76%) | elapsed=28m 39s | eta=58m 50s | loss=0.0227 | eps=0.512 | mean turn reward=+0.154 | mean episode return/seat=+4.07
iter 1639/5000 (32.78%) | elapsed=28m 41s | eta=58m 49s | loss=0.0233 | eps=0.512 | mean turn reward=+0.149 | mean episode return/seat=+3.93
iter 1640/5000 (32.80%) | elapsed=28m 42s | eta=58m 48s | loss=0.0235 | eps=0.511 | mean turn reward=+0.151 | mean episode return/seat=+3.97
iter 1641/5000 (32.82%) | elapsed=28m 43s | eta=58m 47s | loss=0.0206 | eps=0.511 | mean turn reward=+0.150 | mean episode return/seat=+3.97
iter 1642/5000 (32.84%) | elapsed=28m 44s | eta=58m 46s | loss=0.0219 | eps=0.511 | mean turn reward=+0.150 | mean episode return/seat=+3.99
iter 1643/5000 (32.86%) | elapsed=28m 45s | eta=58m 45s | loss=0.0248 | eps=0.510 | mean turn reward=+0.151 | mean episode return/seat=+4.01
iter 1644/5000 (32.88%) | elapsed=28m 46s | eta=58m 44s | loss=0.0238 | eps=0.510 | mean turn reward=+0.150 | mean episode return/seat=+3.94
iter 1645/5000 (32.90%) | elapsed=28m 47s | eta=58m 43s | loss=0.0227 | eps=0.510 | mean turn reward=+0.149 | mean episode return/seat=+3.89
iter 1646/5000 (32.92%) | elapsed=28m 48s | eta=58m 42s | loss=0.0211 | eps=0.509 | mean turn reward=+0.149 | mean episode return/seat=+3.91
iter 1647/5000 (32.94%) | elapsed=28m 49s | eta=58m 41s | loss=0.0245 | eps=0.509 | mean turn reward=+0.152 | mean episode return/seat=+3.99
iter 1648/5000 (32.96%) | elapsed=28m 50s | eta=58m 40s | loss=0.0248 | eps=0.509 | mean turn reward=+0.153 | mean episode return/seat=+4.09
iter 1649/5000 (32.98%) | elapsed=28m 51s | eta=58m 39s | loss=0.0226 | eps=0.509 | mean turn reward=+0.151 | mean episode return/seat=+3.98
iter 1650/5000 (33.00%) | elapsed=28m 52s | eta=58m 38s | loss=0.0234 | eps=0.508 | mean turn reward=+0.152 | mean episode return/seat=+4.05
iter 1651/5000 (33.02%) | elapsed=28m 53s | eta=58m 37s | loss=0.0222 | eps=0.508 | mean turn reward=+0.149 | mean episode return/seat=+3.85
iter 1652/5000 (33.04%) | elapsed=28m 54s | eta=58m 35s | loss=0.0205 | eps=0.508 | mean turn reward=+0.151 | mean episode return/seat=+4.03
iter 1653/5000 (33.06%) | elapsed=28m 55s | eta=58m 34s | loss=0.0246 | eps=0.507 | mean turn reward=+0.152 | mean episode return/seat=+4.01
iter 1654/5000 (33.08%) | elapsed=28m 57s | eta=58m 33s | loss=0.0247 | eps=0.507 | mean turn reward=+0.151 | mean episode return/seat=+3.98
iter 1655/5000 (33.10%) | elapsed=28m 58s | eta=58m 32s | loss=0.0221 | eps=0.507 | mean turn reward=+0.151 | mean episode return/seat=+3.98
iter 1656/5000 (33.12%) | elapsed=28m 59s | eta=58m 31s | loss=0.0217 | eps=0.506 | mean turn reward=+0.150 | mean episode return/seat=+3.97
iter 1657/5000 (33.14%) | elapsed=29m 00s | eta=58m 30s | loss=0.0232 | eps=0.506 | mean turn reward=+0.150 | mean episode return/seat=+3.93
iter 1658/5000 (33.16%) | elapsed=29m 01s | eta=58m 29s | loss=0.0215 | eps=0.506 | mean turn reward=+0.151 | mean episode return/seat=+4.00
iter 1659/5000 (33.18%) | elapsed=29m 02s | eta=58m 28s | loss=0.0221 | eps=0.506 | mean turn reward=+0.150 | mean episode return/seat=+3.95
iter 1660/5000 (33.20%) | elapsed=29m 03s | eta=58m 27s | loss=0.0245 | eps=0.505 | mean turn reward=+0.151 | mean episode return/seat=+4.01
iter 1661/5000 (33.22%) | elapsed=29m 04s | eta=58m 26s | loss=0.0200 | eps=0.505 | mean turn reward=+0.151 | mean episode return/seat=+3.97
iter 1662/5000 (33.24%) | elapsed=29m 05s | eta=58m 25s | loss=0.0219 | eps=0.505 | mean turn reward=+0.149 | mean episode return/seat=+3.87
iter 1663/5000 (33.26%) | elapsed=29m 06s | eta=58m 24s | loss=0.0212 | eps=0.504 | mean turn reward=+0.153 | mean episode return/seat=+4.04
iter 1664/5000 (33.28%) | elapsed=29m 07s | eta=58m 23s | loss=0.0223 | eps=0.504 | mean turn reward=+0.151 | mean episode return/seat=+3.95
iter 1665/5000 (33.30%) | elapsed=29m 08s | eta=58m 23s | loss=0.0231 | eps=0.504 | mean turn reward=+0.149 | mean episode return/seat=+3.91
iter 1666/5000 (33.32%) | elapsed=29m 10s | eta=58m 22s | loss=0.0201 | eps=0.503 | mean turn reward=+0.152 | mean episode return/seat=+4.02
iter 1667/5000 (33.34%) | elapsed=29m 11s | eta=58m 21s | loss=0.0198 | eps=0.503 | mean turn reward=+0.149 | mean episode return/seat=+3.90
iter 1668/5000 (33.36%) | elapsed=29m 12s | eta=58m 20s | loss=0.0213 | eps=0.503 | mean turn reward=+0.150 | mean episode return/seat=+3.94
iter 1669/5000 (33.38%) | elapsed=29m 13s | eta=58m 19s | loss=0.0221 | eps=0.503 | mean turn reward=+0.152 | mean episode return/seat=+3.99
iter 1670/5000 (33.40%) | elapsed=29m 14s | eta=58m 18s | loss=0.0259 | eps=0.502 | mean turn reward=+0.151 | mean episode return/seat=+3.95
iter 1671/5000 (33.42%) | elapsed=29m 15s | eta=58m 17s | loss=0.0224 | eps=0.502 | mean turn reward=+0.153 | mean episode return/seat=+4.02
iter 1672/5000 (33.44%) | elapsed=29m 16s | eta=58m 16s | loss=0.0219 | eps=0.502 | mean turn reward=+0.151 | mean episode return/seat=+4.00
iter 1673/5000 (33.46%) | elapsed=29m 17s | eta=58m 14s | loss=0.0182 | eps=0.501 | mean turn reward=+0.152 | mean episode return/seat=+3.96
iter 1674/5000 (33.48%) | elapsed=29m 18s | eta=58m 13s | loss=0.0222 | eps=0.501 | mean turn reward=+0.152 | mean episode return/seat=+3.97
iter 1675/5000 (33.50%) | elapsed=29m 19s | eta=58m 12s | loss=0.0213 | eps=0.501 | mean turn reward=+0.149 | mean episode return/seat=+3.90
iter 1676/5000 (33.52%) | elapsed=29m 20s | eta=58m 11s | loss=0.0191 | eps=0.501 | mean turn reward=+0.153 | mean episode return/seat=+4.04
iter 1677/5000 (33.54%) | elapsed=29m 21s | eta=58m 10s | loss=0.0213 | eps=0.500 | mean turn reward=+0.151 | mean episode return/seat=+3.97
iter 1678/5000 (33.56%) | elapsed=29m 22s | eta=58m 09s | loss=0.0234 | eps=0.500 | mean turn reward=+0.149 | mean episode return/seat=+3.91
iter 1679/5000 (33.58%) | elapsed=29m 23s | eta=58m 08s | loss=0.0210 | eps=0.499 | mean turn reward=+0.151 | mean episode return/seat=+4.02
iter 1680/5000 (33.60%) | elapsed=29m 24s | eta=58m 07s | loss=0.0206 | eps=0.499 | mean turn reward=+0.152 | mean episode return/seat=+4.02
iter 1681/5000 (33.62%) | elapsed=29m 25s | eta=58m 06s | loss=0.0199 | eps=0.499 | mean turn reward=+0.154 | mean episode return/seat=+4.17
iter 1682/5000 (33.64%) | elapsed=29m 26s | eta=58m 05s | loss=0.0224 | eps=0.498 | mean turn reward=+0.150 | mean episode return/seat=+3.93
iter 1683/5000 (33.66%) | elapsed=29m 28s | eta=58m 04s | loss=0.0223 | eps=0.498 | mean turn reward=+0.150 | mean episode return/seat=+3.96
iter 1684/5000 (33.68%) | elapsed=29m 29s | eta=58m 03s | loss=0.0256 | eps=0.497 | mean turn reward=+0.152 | mean episode return/seat=+4.00
iter 1685/5000 (33.70%) | elapsed=29m 30s | eta=58m 02s | loss=0.0222 | eps=0.497 | mean turn reward=+0.153 | mean episode return/seat=+4.03
iter 1686/5000 (33.72%) | elapsed=29m 31s | eta=58m 01s | loss=0.0236 | eps=0.496 | mean turn reward=+0.151 | mean episode return/seat=+3.94
iter 1687/5000 (33.74%) | elapsed=29m 32s | eta=58m 00s | loss=0.0231 | eps=0.496 | mean turn reward=+0.151 | mean episode return/seat=+3.96
iter 1688/5000 (33.76%) | elapsed=29m 33s | eta=57m 59s | loss=0.0230 | eps=0.495 | mean turn reward=+0.149 | mean episode return/seat=+3.94
iter 1689/5000 (33.78%) | elapsed=29m 34s | eta=57m 58s | loss=0.0248 | eps=0.495 | mean turn reward=+0.149 | mean episode return/seat=+3.90
iter 1690/5000 (33.80%) | elapsed=29m 35s | eta=57m 57s | loss=0.0243 | eps=0.495 | mean turn reward=+0.150 | mean episode return/seat=+3.92
iter 1691/5000 (33.82%) | elapsed=29m 36s | eta=57m 56s | loss=0.0235 | eps=0.494 | mean turn reward=+0.150 | mean episode return/seat=+3.94
iter 1692/5000 (33.84%) | elapsed=29m 37s | eta=57m 55s | loss=0.0230 | eps=0.494 | mean turn reward=+0.152 | mean episode return/seat=+3.98
iter 1693/5000 (33.86%) | elapsed=29m 38s | eta=57m 54s | loss=0.0224 | eps=0.493 | mean turn reward=+0.151 | mean episode return/seat=+3.97
iter 1694/5000 (33.88%) | elapsed=29m 39s | eta=57m 52s | loss=0.0204 | eps=0.493 | mean turn reward=+0.153 | mean episode return/seat=+4.04
iter 1695/5000 (33.90%) | elapsed=29m 40s | eta=57m 51s | loss=0.0237 | eps=0.492 | mean turn reward=+0.152 | mean episode return/seat=+3.98
iter 1696/5000 (33.92%) | elapsed=29m 41s | eta=57m 50s | loss=0.0225 | eps=0.492 | mean turn reward=+0.152 | mean episode return/seat=+3.99
iter 1697/5000 (33.94%) | elapsed=29m 42s | eta=57m 49s | loss=0.0189 | eps=0.491 | mean turn reward=+0.150 | mean episode return/seat=+3.96
iter 1698/5000 (33.96%) | elapsed=29m 43s | eta=57m 48s | loss=0.0229 | eps=0.491 | mean turn reward=+0.151 | mean episode return/seat=+4.00
iter 1699/5000 (33.98%) | elapsed=29m 44s | eta=57m 47s | loss=0.0228 | eps=0.490 | mean turn reward=+0.152 | mean episode return/seat=+4.01
iter 1700/5000 (34.00%) | elapsed=29m 45s | eta=57m 46s | loss=0.0217 | eps=0.490 | mean turn reward=+0.152 | mean episode return/seat=+4.05
iter 1701/5000 (34.02%) | elapsed=29m 46s | eta=57m 45s | loss=0.0194 | eps=0.490 | mean turn reward=+0.150 | mean episode return/seat=+3.99
iter 1702/5000 (34.04%) | elapsed=29m 48s | eta=57m 44s | loss=0.0209 | eps=0.489 | mean turn reward=+0.149 | mean episode return/seat=+3.92
iter 1703/5000 (34.06%) | elapsed=29m 49s | eta=57m 43s | loss=0.0210 | eps=0.489 | mean turn reward=+0.152 | mean episode return/seat=+4.03
iter 1704/5000 (34.08%) | elapsed=29m 50s | eta=57m 42s | loss=0.0230 | eps=0.488 | mean turn reward=+0.150 | mean episode return/seat=+3.96
iter 1705/5000 (34.10%) | elapsed=29m 51s | eta=57m 41s | loss=0.0238 | eps=0.488 | mean turn reward=+0.154 | mean episode return/seat=+4.09
iter 1706/5000 (34.12%) | elapsed=29m 52s | eta=57m 40s | loss=0.0238 | eps=0.487 | mean turn reward=+0.152 | mean episode return/seat=+4.00
iter 1707/5000 (34.14%) | elapsed=29m 53s | eta=57m 39s | loss=0.0238 | eps=0.487 | mean turn reward=+0.152 | mean episode return/seat=+4.04
iter 1708/5000 (34.16%) | elapsed=29m 54s | eta=57m 38s | loss=0.0233 | eps=0.486 | mean turn reward=+0.150 | mean episode return/seat=+3.96
iter 1709/5000 (34.18%) | elapsed=29m 55s | eta=57m 37s | loss=0.0221 | eps=0.486 | mean turn reward=+0.150 | mean episode return/seat=+3.88
iter 1710/5000 (34.20%) | elapsed=29m 56s | eta=57m 36s | loss=0.0220 | eps=0.486 | mean turn reward=+0.152 | mean episode return/seat=+4.06
iter 1711/5000 (34.22%) | elapsed=29m 57s | eta=57m 35s | loss=0.0255 | eps=0.485 | mean turn reward=+0.151 | mean episode return/seat=+3.98
iter 1712/5000 (34.24%) | elapsed=29m 58s | eta=57m 34s | loss=0.0231 | eps=0.485 | mean turn reward=+0.153 | mean episode return/seat=+4.02
iter 1713/5000 (34.26%) | elapsed=29m 59s | eta=57m 33s | loss=0.0217 | eps=0.484 | mean turn reward=+0.152 | mean episode return/seat=+4.00
iter 1714/5000 (34.28%) | elapsed=30m 00s | eta=57m 32s | loss=0.0211 | eps=0.484 | mean turn reward=+0.151 | mean episode return/seat=+3.99
iter 1715/5000 (34.30%) | elapsed=30m 01s | eta=57m 31s | loss=0.0247 | eps=0.483 | mean turn reward=+0.151 | mean episode return/seat=+3.98
iter 1716/5000 (34.32%) | elapsed=30m 02s | eta=57m 30s | loss=0.0247 | eps=0.483 | mean turn reward=+0.150 | mean episode return/seat=+3.95
iter 1717/5000 (34.34%) | elapsed=30m 04s | eta=57m 29s | loss=0.0213 | eps=0.482 | mean turn reward=+0.152 | mean episode return/seat=+4.00
iter 1718/5000 (34.36%) | elapsed=30m 05s | eta=57m 28s | loss=0.0228 | eps=0.482 | mean turn reward=+0.154 | mean episode return/seat=+4.09
iter 1719/5000 (34.38%) | elapsed=30m 06s | eta=57m 27s | loss=0.0236 | eps=0.482 | mean turn reward=+0.153 | mean episode return/seat=+4.06
iter 1720/5000 (34.40%) | elapsed=30m 07s | eta=57m 26s | loss=0.0226 | eps=0.481 | mean turn reward=+0.152 | mean episode return/seat=+4.03
iter 1721/5000 (34.42%) | elapsed=30m 08s | eta=57m 25s | loss=0.0235 | eps=0.481 | mean turn reward=+0.151 | mean episode return/seat=+3.96
iter 1722/5000 (34.44%) | elapsed=30m 09s | eta=57m 24s | loss=0.0229 | eps=0.480 | mean turn reward=+0.153 | mean episode return/seat=+4.06
iter 1723/5000 (34.46%) | elapsed=30m 10s | eta=57m 23s | loss=0.0265 | eps=0.480 | mean turn reward=+0.151 | mean episode return/seat=+3.98
iter 1724/5000 (34.48%) | elapsed=30m 11s | eta=57m 22s | loss=0.0275 | eps=0.479 | mean turn reward=+0.151 | mean episode return/seat=+3.96
iter 1725/5000 (34.50%) | elapsed=30m 12s | eta=57m 21s | loss=0.0235 | eps=0.479 | mean turn reward=+0.152 | mean episode return/seat=+4.01
iter 1726/5000 (34.52%) | elapsed=30m 13s | eta=57m 20s | loss=0.0235 | eps=0.478 | mean turn reward=+0.150 | mean episode return/seat=+3.94
iter 1727/5000 (34.54%) | elapsed=30m 14s | eta=57m 19s | loss=0.0241 | eps=0.478 | mean turn reward=+0.151 | mean episode return/seat=+3.94
iter 1728/5000 (34.56%) | elapsed=30m 15s | eta=57m 18s | loss=0.0240 | eps=0.478 | mean turn reward=+0.149 | mean episode return/seat=+3.87
iter 1729/5000 (34.58%) | elapsed=30m 16s | eta=57m 17s | loss=0.0222 | eps=0.477 | mean turn reward=+0.152 | mean episode return/seat=+3.98
iter 1730/5000 (34.60%) | elapsed=30m 17s | eta=57m 16s | loss=0.0202 | eps=0.477 | mean turn reward=+0.152 | mean episode return/seat=+4.00
iter 1731/5000 (34.62%) | elapsed=30m 18s | eta=57m 15s | loss=0.0215 | eps=0.476 | mean turn reward=+0.154 | mean episode return/seat=+4.08
iter 1732/5000 (34.64%) | elapsed=30m 20s | eta=57m 14s | loss=0.0232 | eps=0.476 | mean turn reward=+0.150 | mean episode return/seat=+3.94
iter 1733/5000 (34.66%) | elapsed=30m 21s | eta=57m 12s | loss=0.0231 | eps=0.475 | mean turn reward=+0.154 | mean episode return/seat=+4.05
iter 1734/5000 (34.68%) | elapsed=30m 22s | eta=57m 11s | loss=0.0240 | eps=0.475 | mean turn reward=+0.150 | mean episode return/seat=+3.93
iter 1735/5000 (34.70%) | elapsed=30m 23s | eta=57m 10s | loss=0.0225 | eps=0.474 | mean turn reward=+0.152 | mean episode return/seat=+4.05
iter 1736/5000 (34.72%) | elapsed=30m 24s | eta=57m 09s | loss=0.0209 | eps=0.474 | mean turn reward=+0.152 | mean episode return/seat=+4.02
iter 1737/5000 (34.74%) | elapsed=30m 25s | eta=57m 08s | loss=0.0200 | eps=0.474 | mean turn reward=+0.152 | mean episode return/seat=+4.00
iter 1738/5000 (34.76%) | elapsed=30m 26s | eta=57m 07s | loss=0.0248 | eps=0.473 | mean turn reward=+0.153 | mean episode return/seat=+4.06
iter 1739/5000 (34.78%) | elapsed=30m 27s | eta=57m 06s | loss=0.0195 | eps=0.473 | mean turn reward=+0.152 | mean episode return/seat=+3.99
iter 1740/5000 (34.80%) | elapsed=30m 28s | eta=57m 05s | loss=0.0247 | eps=0.472 | mean turn reward=+0.151 | mean episode return/seat=+3.99
iter 1741/5000 (34.82%) | elapsed=30m 29s | eta=57m 04s | loss=0.0248 | eps=0.472 | mean turn reward=+0.152 | mean episode return/seat=+4.01
iter 1742/5000 (34.84%) | elapsed=30m 30s | eta=57m 03s | loss=0.0252 | eps=0.471 | mean turn reward=+0.151 | mean episode return/seat=+3.94
iter 1743/5000 (34.86%) | elapsed=30m 31s | eta=57m 02s | loss=0.0204 | eps=0.471 | mean turn reward=+0.152 | mean episode return/seat=+4.03
iter 1744/5000 (34.88%) | elapsed=30m 32s | eta=57m 01s | loss=0.0244 | eps=0.470 | mean turn reward=+0.154 | mean episode return/seat=+4.10
iter 1745/5000 (34.90%) | elapsed=30m 33s | eta=57m 00s | loss=0.0201 | eps=0.470 | mean turn reward=+0.153 | mean episode return/seat=+4.03
iter 1746/5000 (34.92%) | elapsed=30m 34s | eta=56m 59s | loss=0.0249 | eps=0.469 | mean turn reward=+0.153 | mean episode return/seat=+4.00
iter 1747/5000 (34.94%) | elapsed=30m 35s | eta=56m 58s | loss=0.0227 | eps=0.469 | mean turn reward=+0.155 | mean episode return/seat=+4.16
iter 1748/5000 (34.96%) | elapsed=30m 37s | eta=56m 57s | loss=0.0218 | eps=0.469 | mean turn reward=+0.155 | mean episode return/seat=+4.05
iter 1749/5000 (34.98%) | elapsed=30m 38s | eta=56m 56s | loss=0.0242 | eps=0.468 | mean turn reward=+0.151 | mean episode return/seat=+3.96
iter 1750/5000 (35.00%) | elapsed=30m 39s | eta=56m 55s | loss=0.0210 | eps=0.468 | mean turn reward=+0.152 | mean episode return/seat=+4.00
iter 1751/5000 (35.02%) | elapsed=30m 40s | eta=56m 54s | loss=0.0206 | eps=0.467 | mean turn reward=+0.151 | mean episode return/seat=+3.95
iter 1752/5000 (35.04%) | elapsed=30m 41s | eta=56m 53s | loss=0.0214 | eps=0.467 | mean turn reward=+0.152 | mean episode return/seat=+3.99
iter 1753/5000 (35.06%) | elapsed=30m 42s | eta=56m 52s | loss=0.0199 | eps=0.466 | mean turn reward=+0.154 | mean episode return/seat=+4.05
iter 1754/5000 (35.08%) | elapsed=30m 43s | eta=56m 51s | loss=0.0278 | eps=0.466 | mean turn reward=+0.154 | mean episode return/seat=+4.11
iter 1755/5000 (35.10%) | elapsed=30m 44s | eta=56m 50s | loss=0.0228 | eps=0.465 | mean turn reward=+0.150 | mean episode return/seat=+3.95
iter 1756/5000 (35.12%) | elapsed=30m 45s | eta=56m 49s | loss=0.0231 | eps=0.465 | mean turn reward=+0.153 | mean episode return/seat=+4.04
iter 1757/5000 (35.14%) | elapsed=30m 46s | eta=56m 48s | loss=0.0234 | eps=0.465 | mean turn reward=+0.154 | mean episode return/seat=+4.11
iter 1758/5000 (35.16%) | elapsed=30m 47s | eta=56m 47s | loss=0.0226 | eps=0.464 | mean turn reward=+0.153 | mean episode return/seat=+4.00
iter 1759/5000 (35.18%) | elapsed=30m 48s | eta=56m 46s | loss=0.0258 | eps=0.464 | mean turn reward=+0.152 | mean episode return/seat=+3.97
iter 1760/5000 (35.20%) | elapsed=30m 49s | eta=56m 45s | loss=0.0230 | eps=0.463 | mean turn reward=+0.153 | mean episode return/seat=+4.04
iter 1761/5000 (35.22%) | elapsed=30m 50s | eta=56m 44s | loss=0.0215 | eps=0.463 | mean turn reward=+0.152 | mean episode return/seat=+3.99
iter 1762/5000 (35.24%) | elapsed=30m 51s | eta=56m 43s | loss=0.0215 | eps=0.462 | mean turn reward=+0.152 | mean episode return/seat=+3.98
iter 1763/5000 (35.26%) | elapsed=30m 52s | eta=56m 41s | loss=0.0187 | eps=0.462 | mean turn reward=+0.151 | mean episode return/seat=+3.95
iter 1764/5000 (35.28%) | elapsed=30m 53s | eta=56m 40s | loss=0.0205 | eps=0.461 | mean turn reward=+0.151 | mean episode return/seat=+4.00
iter 1765/5000 (35.30%) | elapsed=30m 54s | eta=56m 39s | loss=0.0212 | eps=0.461 | mean turn reward=+0.154 | mean episode return/seat=+4.02
iter 1766/5000 (35.32%) | elapsed=30m 56s | eta=56m 38s | loss=0.0229 | eps=0.461 | mean turn reward=+0.155 | mean episode return/seat=+4.11
iter 1767/5000 (35.34%) | elapsed=30m 57s | eta=56m 37s | loss=0.0229 | eps=0.460 | mean turn reward=+0.155 | mean episode return/seat=+4.13
iter 1768/5000 (35.36%) | elapsed=30m 58s | eta=56m 36s | loss=0.0209 | eps=0.460 | mean turn reward=+0.152 | mean episode return/seat=+4.01
iter 1769/5000 (35.38%) | elapsed=30m 59s | eta=56m 35s | loss=0.0263 | eps=0.459 | mean turn reward=+0.153 | mean episode return/seat=+4.00
iter 1770/5000 (35.40%) | elapsed=31m 00s | eta=56m 34s | loss=0.0173 | eps=0.459 | mean turn reward=+0.152 | mean episode return/seat=+4.02
iter 1771/5000 (35.42%) | elapsed=31m 01s | eta=56m 33s | loss=0.0229 | eps=0.458 | mean turn reward=+0.152 | mean episode return/seat=+3.98
iter 1772/5000 (35.44%) | elapsed=31m 02s | eta=56m 32s | loss=0.0232 | eps=0.458 | mean turn reward=+0.153 | mean episode return/seat=+3.98
iter 1773/5000 (35.46%) | elapsed=31m 03s | eta=56m 31s | loss=0.0205 | eps=0.457 | mean turn reward=+0.152 | mean episode return/seat=+4.02
iter 1774/5000 (35.48%) | elapsed=31m 04s | eta=56m 30s | loss=0.0227 | eps=0.457 | mean turn reward=+0.153 | mean episode return/seat=+4.05
iter 1775/5000 (35.50%) | elapsed=31m 05s | eta=56m 29s | loss=0.0239 | eps=0.457 | mean turn reward=+0.152 | mean episode return/seat=+4.01
iter 1776/5000 (35.52%) | elapsed=31m 06s | eta=56m 28s | loss=0.0224 | eps=0.456 | mean turn reward=+0.150 | mean episode return/seat=+3.95
iter 1777/5000 (35.54%) | elapsed=31m 07s | eta=56m 27s | loss=0.0198 | eps=0.456 | mean turn reward=+0.153 | mean episode return/seat=+4.05
iter 1778/5000 (35.56%) | elapsed=31m 08s | eta=56m 26s | loss=0.0228 | eps=0.455 | mean turn reward=+0.151 | mean episode return/seat=+3.97
iter 1779/5000 (35.58%) | elapsed=31m 09s | eta=56m 25s | loss=0.0195 | eps=0.455 | mean turn reward=+0.153 | mean episode return/seat=+4.02
iter 1780/5000 (35.60%) | elapsed=31m 10s | eta=56m 24s | loss=0.0201 | eps=0.454 | mean turn reward=+0.154 | mean episode return/seat=+4.13
iter 1781/5000 (35.62%) | elapsed=31m 12s | eta=56m 23s | loss=0.0227 | eps=0.454 | mean turn reward=+0.153 | mean episode return/seat=+4.02
iter 1782/5000 (35.64%) | elapsed=31m 13s | eta=56m 22s | loss=0.0246 | eps=0.453 | mean turn reward=+0.155 | mean episode return/seat=+4.08
iter 1783/5000 (35.66%) | elapsed=31m 14s | eta=56m 21s | loss=0.0188 | eps=0.453 | mean turn reward=+0.153 | mean episode return/seat=+4.01
iter 1784/5000 (35.68%) | elapsed=31m 15s | eta=56m 20s | loss=0.0231 | eps=0.452 | mean turn reward=+0.154 | mean episode return/seat=+4.04
iter 1785/5000 (35.70%) | elapsed=31m 16s | eta=56m 19s | loss=0.0231 | eps=0.452 | mean turn reward=+0.153 | mean episode return/seat=+4.07
iter 1786/5000 (35.72%) | elapsed=31m 17s | eta=56m 18s | loss=0.0217 | eps=0.452 | mean turn reward=+0.154 | mean episode return/seat=+4.06
iter 1787/5000 (35.74%) | elapsed=31m 18s | eta=56m 17s | loss=0.0210 | eps=0.451 | mean turn reward=+0.151 | mean episode return/seat=+3.91
iter 1788/5000 (35.76%) | elapsed=31m 19s | eta=56m 16s | loss=0.0236 | eps=0.451 | mean turn reward=+0.154 | mean episode return/seat=+4.07
iter 1789/5000 (35.78%) | elapsed=31m 20s | eta=56m 15s | loss=0.0201 | eps=0.450 | mean turn reward=+0.150 | mean episode return/seat=+3.88
iter 1790/5000 (35.80%) | elapsed=31m 21s | eta=56m 14s | loss=0.0217 | eps=0.450 | mean turn reward=+0.153 | mean episode return/seat=+3.97
iter 1791/5000 (35.82%) | elapsed=31m 22s | eta=56m 13s | loss=0.0213 | eps=0.449 | mean turn reward=+0.155 | mean episode return/seat=+4.11
iter 1792/5000 (35.84%) | elapsed=31m 23s | eta=56m 12s | loss=0.0205 | eps=0.449 | mean turn reward=+0.154 | mean episode return/seat=+4.09
iter 1793/5000 (35.86%) | elapsed=31m 24s | eta=56m 11s | loss=0.0235 | eps=0.448 | mean turn reward=+0.152 | mean episode return/seat=+3.99
iter 1794/5000 (35.88%) | elapsed=31m 25s | eta=56m 10s | loss=0.0250 | eps=0.448 | mean turn reward=+0.152 | mean episode return/seat=+4.00
iter 1795/5000 (35.90%) | elapsed=31m 26s | eta=56m 09s | loss=0.0173 | eps=0.448 | mean turn reward=+0.152 | mean episode return/seat=+3.98
iter 1796/5000 (35.92%) | elapsed=31m 27s | eta=56m 08s | loss=0.0239 | eps=0.447 | mean turn reward=+0.153 | mean episode return/seat=+3.99
iter 1797/5000 (35.94%) | elapsed=31m 29s | eta=56m 07s | loss=0.0194 | eps=0.447 | mean turn reward=+0.153 | mean episode return/seat=+4.05
iter 1798/5000 (35.96%) | elapsed=31m 30s | eta=56m 06s | loss=0.0217 | eps=0.446 | mean turn reward=+0.152 | mean episode return/seat=+4.03
iter 1799/5000 (35.98%) | elapsed=31m 31s | eta=56m 05s | loss=0.0218 | eps=0.446 | mean turn reward=+0.150 | mean episode return/seat=+3.93
iter 1800/5000 (36.00%) | elapsed=31m 32s | eta=56m 04s | loss=0.0232 | eps=0.445 | mean turn reward=+0.151 | mean episode return/seat=+3.96
iter 1801/5000 (36.02%) | elapsed=31m 33s | eta=56m 03s | loss=0.0217 | eps=0.445 | mean turn reward=+0.154 | mean episode return/seat=+4.03
iter 1802/5000 (36.04%) | elapsed=31m 34s | eta=56m 02s | loss=0.0232 | eps=0.444 | mean turn reward=+0.154 | mean episode return/seat=+4.07
iter 1803/5000 (36.06%) | elapsed=31m 35s | eta=56m 01s | loss=0.0233 | eps=0.444 | mean turn reward=+0.153 | mean episode return/seat=+4.03
iter 1804/5000 (36.08%) | elapsed=31m 36s | eta=56m 00s | loss=0.0244 | eps=0.444 | mean turn reward=+0.154 | mean episode return/seat=+4.03
iter 1805/5000 (36.10%) | elapsed=31m 37s | eta=55m 59s | loss=0.0223 | eps=0.443 | mean turn reward=+0.153 | mean episode return/seat=+4.04
iter 1806/5000 (36.12%) | elapsed=31m 38s | eta=55m 58s | loss=0.0234 | eps=0.443 | mean turn reward=+0.155 | mean episode return/seat=+4.08
iter 1807/5000 (36.14%) | elapsed=31m 39s | eta=55m 56s | loss=0.0217 | eps=0.442 | mean turn reward=+0.152 | mean episode return/seat=+4.01
iter 1808/5000 (36.16%) | elapsed=31m 40s | eta=55m 55s | loss=0.0230 | eps=0.442 | mean turn reward=+0.152 | mean episode return/seat=+4.00
iter 1809/5000 (36.18%) | elapsed=31m 41s | eta=55m 54s | loss=0.0203 | eps=0.441 | mean turn reward=+0.152 | mean episode return/seat=+3.97
iter 1810/5000 (36.20%) | elapsed=31m 42s | eta=55m 53s | loss=0.0211 | eps=0.441 | mean turn reward=+0.153 | mean episode return/seat=+4.01
iter 1811/5000 (36.22%) | elapsed=31m 43s | eta=55m 52s | loss=0.0222 | eps=0.440 | mean turn reward=+0.154 | mean episode return/seat=+4.04
iter 1812/5000 (36.24%) | elapsed=31m 45s | eta=55m 51s | loss=0.0221 | eps=0.440 | mean turn reward=+0.154 | mean episode return/seat=+4.06
iter 1813/5000 (36.26%) | elapsed=31m 46s | eta=55m 50s | loss=0.0224 | eps=0.440 | mean turn reward=+0.152 | mean episode return/seat=+3.97
iter 1814/5000 (36.28%) | elapsed=31m 47s | eta=55m 49s | loss=0.0198 | eps=0.439 | mean turn reward=+0.152 | mean episode return/seat=+3.94
iter 1815/5000 (36.30%) | elapsed=31m 48s | eta=55m 48s | loss=0.0209 | eps=0.439 | mean turn reward=+0.152 | mean episode return/seat=+4.01
iter 1816/5000 (36.32%) | elapsed=31m 49s | eta=55m 47s | loss=0.0221 | eps=0.438 | mean turn reward=+0.154 | mean episode return/seat=+4.08
iter 1817/5000 (36.34%) | elapsed=31m 50s | eta=55m 46s | loss=0.0227 | eps=0.438 | mean turn reward=+0.154 | mean episode return/seat=+4.04
iter 1818/5000 (36.36%) | elapsed=31m 51s | eta=55m 45s | loss=0.0208 | eps=0.437 | mean turn reward=+0.151 | mean episode return/seat=+3.95
iter 1819/5000 (36.38%) | elapsed=31m 52s | eta=55m 44s | loss=0.0223 | eps=0.437 | mean turn reward=+0.153 | mean episode return/seat=+4.05
iter 1820/5000 (36.40%) | elapsed=31m 53s | eta=55m 43s | loss=0.0222 | eps=0.436 | mean turn reward=+0.152 | mean episode return/seat=+3.94
iter 1821/5000 (36.42%) | elapsed=31m 54s | eta=55m 42s | loss=0.0211 | eps=0.436 | mean turn reward=+0.152 | mean episode return/seat=+4.05
iter 1822/5000 (36.44%) | elapsed=31m 55s | eta=55m 41s | loss=0.0250 | eps=0.436 | mean turn reward=+0.153 | mean episode return/seat=+4.08
iter 1823/5000 (36.46%) | elapsed=31m 56s | eta=55m 40s | loss=0.0218 | eps=0.435 | mean turn reward=+0.153 | mean episode return/seat=+4.04
iter 1824/5000 (36.48%) | elapsed=31m 57s | eta=55m 39s | loss=0.0221 | eps=0.435 | mean turn reward=+0.154 | mean episode return/seat=+4.04
iter 1825/5000 (36.50%) | elapsed=31m 58s | eta=55m 38s | loss=0.0239 | eps=0.434 | mean turn reward=+0.152 | mean episode return/seat=+3.99
iter 1826/5000 (36.52%) | elapsed=32m 00s | eta=55m 37s | loss=0.0218 | eps=0.434 | mean turn reward=+0.154 | mean episode return/seat=+4.09
iter 1827/5000 (36.54%) | elapsed=32m 01s | eta=55m 36s | loss=0.0186 | eps=0.433 | mean turn reward=+0.153 | mean episode return/seat=+4.05
iter 1828/5000 (36.56%) | elapsed=32m 02s | eta=55m 35s | loss=0.0206 | eps=0.433 | mean turn reward=+0.157 | mean episode return/seat=+4.18
iter 1829/5000 (36.58%) | elapsed=32m 03s | eta=55m 34s | loss=0.0214 | eps=0.432 | mean turn reward=+0.152 | mean episode return/seat=+3.98
iter 1830/5000 (36.60%) | elapsed=32m 04s | eta=55m 33s | loss=0.0200 | eps=0.432 | mean turn reward=+0.153 | mean episode return/seat=+4.01
iter 1831/5000 (36.62%) | elapsed=32m 05s | eta=55m 32s | loss=0.0185 | eps=0.431 | mean turn reward=+0.155 | mean episode return/seat=+4.10
iter 1832/5000 (36.64%) | elapsed=32m 06s | eta=55m 31s | loss=0.0182 | eps=0.431 | mean turn reward=+0.155 | mean episode return/seat=+4.09
iter 1833/5000 (36.66%) | elapsed=32m 07s | eta=55m 30s | loss=0.0188 | eps=0.431 | mean turn reward=+0.152 | mean episode return/seat=+4.01
iter 1834/5000 (36.68%) | elapsed=32m 08s | eta=55m 29s | loss=0.0211 | eps=0.430 | mean turn reward=+0.152 | mean episode return/seat=+3.95
iter 1835/5000 (36.70%) | elapsed=32m 09s | eta=55m 28s | loss=0.0217 | eps=0.430 | mean turn reward=+0.153 | mean episode return/seat=+4.02
iter 1836/5000 (36.72%) | elapsed=32m 10s | eta=55m 27s | loss=0.0209 | eps=0.429 | mean turn reward=+0.156 | mean episode return/seat=+4.09
iter 1837/5000 (36.74%) | elapsed=32m 11s | eta=55m 26s | loss=0.0226 | eps=0.429 | mean turn reward=+0.153 | mean episode return/seat=+4.00
iter 1838/5000 (36.76%) | elapsed=32m 12s | eta=55m 25s | loss=0.0181 | eps=0.428 | mean turn reward=+0.154 | mean episode return/seat=+4.07
iter 1839/5000 (36.78%) | elapsed=32m 14s | eta=55m 24s | loss=0.0219 | eps=0.428 | mean turn reward=+0.153 | mean episode return/seat=+4.03
iter 1840/5000 (36.80%) | elapsed=32m 15s | eta=55m 23s | loss=0.0206 | eps=0.427 | mean turn reward=+0.153 | mean episode return/seat=+4.05
iter 1841/5000 (36.82%) | elapsed=32m 16s | eta=55m 22s | loss=0.0225 | eps=0.427 | mean turn reward=+0.153 | mean episode return/seat=+4.05
iter 1842/5000 (36.84%) | elapsed=32m 17s | eta=55m 21s | loss=0.0235 | eps=0.427 | mean turn reward=+0.155 | mean episode return/seat=+4.11
iter 1843/5000 (36.86%) | elapsed=32m 18s | eta=55m 20s | loss=0.0203 | eps=0.426 | mean turn reward=+0.154 | mean episode return/seat=+4.04
iter 1844/5000 (36.88%) | elapsed=32m 19s | eta=55m 19s | loss=0.0210 | eps=0.426 | mean turn reward=+0.153 | mean episode return/seat=+3.98
iter 1845/5000 (36.90%) | elapsed=32m 20s | eta=55m 18s | loss=0.0257 | eps=0.425 | mean turn reward=+0.154 | mean episode return/seat=+4.05
iter 1846/5000 (36.92%) | elapsed=32m 21s | eta=55m 17s | loss=0.0208 | eps=0.425 | mean turn reward=+0.152 | mean episode return/seat=+4.02
iter 1847/5000 (36.94%) | elapsed=32m 22s | eta=55m 16s | loss=0.0231 | eps=0.424 | mean turn reward=+0.156 | mean episode return/seat=+4.17
iter 1848/5000 (36.96%) | elapsed=32m 23s | eta=55m 14s | loss=0.0236 | eps=0.424 | mean turn reward=+0.153 | mean episode return/seat=+4.03
iter 1849/5000 (36.98%) | elapsed=32m 24s | eta=55m 13s | loss=0.0197 | eps=0.423 | mean turn reward=+0.152 | mean episode return/seat=+4.03
iter 1850/5000 (37.00%) | elapsed=32m 25s | eta=55m 12s | loss=0.0228 | eps=0.423 | mean turn reward=+0.154 | mean episode return/seat=+4.02
iter 1851/5000 (37.02%) | elapsed=32m 26s | eta=55m 11s | loss=0.0199 | eps=0.423 | mean turn reward=+0.153 | mean episode return/seat=+4.07
iter 1852/5000 (37.04%) | elapsed=32m 27s | eta=55m 10s | loss=0.0232 | eps=0.422 | mean turn reward=+0.153 | mean episode return/seat=+4.04
iter 1853/5000 (37.06%) | elapsed=32m 28s | eta=55m 09s | loss=0.0220 | eps=0.422 | mean turn reward=+0.154 | mean episode return/seat=+4.08
iter 1854/5000 (37.08%) | elapsed=32m 29s | eta=55m 08s | loss=0.0217 | eps=0.421 | mean turn reward=+0.153 | mean episode return/seat=+4.00
iter 1855/5000 (37.10%) | elapsed=32m 30s | eta=55m 07s | loss=0.0217 | eps=0.421 | mean turn reward=+0.155 | mean episode return/seat=+4.10
iter 1856/5000 (37.12%) | elapsed=32m 31s | eta=55m 06s | loss=0.0213 | eps=0.420 | mean turn reward=+0.156 | mean episode return/seat=+4.15
iter 1857/5000 (37.14%) | elapsed=32m 33s | eta=55m 05s | loss=0.0235 | eps=0.420 | mean turn reward=+0.153 | mean episode return/seat=+4.02
iter 1858/5000 (37.16%) | elapsed=32m 34s | eta=55m 04s | loss=0.0210 | eps=0.419 | mean turn reward=+0.154 | mean episode return/seat=+4.10
iter 1859/5000 (37.18%) | elapsed=32m 35s | eta=55m 03s | loss=0.0230 | eps=0.419 | mean turn reward=+0.155 | mean episode return/seat=+4.06
iter 1860/5000 (37.20%) | elapsed=32m 36s | eta=55m 02s | loss=0.0219 | eps=0.419 | mean turn reward=+0.154 | mean episode return/seat=+4.10
iter 1861/5000 (37.22%) | elapsed=32m 37s | eta=55m 01s | loss=0.0188 | eps=0.418 | mean turn reward=+0.157 | mean episode return/seat=+4.14
iter 1862/5000 (37.24%) | elapsed=32m 38s | eta=55m 00s | loss=0.0213 | eps=0.418 | mean turn reward=+0.156 | mean episode return/seat=+4.08
iter 1863/5000 (37.26%) | elapsed=32m 39s | eta=54m 59s | loss=0.0219 | eps=0.417 | mean turn reward=+0.153 | mean episode return/seat=+4.10
iter 1864/5000 (37.28%) | elapsed=32m 40s | eta=54m 58s | loss=0.0213 | eps=0.417 | mean turn reward=+0.154 | mean episode return/seat=+4.03
iter 1865/5000 (37.30%) | elapsed=32m 41s | eta=54m 57s | loss=0.0223 | eps=0.416 | mean turn reward=+0.157 | mean episode return/seat=+4.19
iter 1866/5000 (37.32%) | elapsed=32m 42s | eta=54m 56s | loss=0.0226 | eps=0.416 | mean turn reward=+0.155 | mean episode return/seat=+4.10
iter 1867/5000 (37.34%) | elapsed=32m 43s | eta=54m 55s | loss=0.0228 | eps=0.415 | mean turn reward=+0.153 | mean episode return/seat=+4.06
iter 1868/5000 (37.36%) | elapsed=32m 44s | eta=54m 53s | loss=0.0229 | eps=0.415 | mean turn reward=+0.154 | mean episode return/seat=+4.04
iter 1869/5000 (37.38%) | elapsed=32m 45s | eta=54m 53s | loss=0.0210 | eps=0.414 | mean turn reward=+0.153 | mean episode return/seat=+4.01
iter 1870/5000 (37.40%) | elapsed=32m 46s | eta=54m 51s | loss=0.0214 | eps=0.414 | mean turn reward=+0.152 | mean episode return/seat=+3.98
iter 1871/5000 (37.42%) | elapsed=32m 47s | eta=54m 50s | loss=0.0255 | eps=0.414 | mean turn reward=+0.153 | mean episode return/seat=+4.04
iter 1872/5000 (37.44%) | elapsed=32m 48s | eta=54m 49s | loss=0.0214 | eps=0.413 | mean turn reward=+0.154 | mean episode return/seat=+4.10
iter 1873/5000 (37.46%) | elapsed=32m 49s | eta=54m 48s | loss=0.0224 | eps=0.413 | mean turn reward=+0.154 | mean episode return/seat=+4.06
iter 1874/5000 (37.48%) | elapsed=32m 50s | eta=54m 47s | loss=0.0220 | eps=0.412 | mean turn reward=+0.153 | mean episode return/seat=+3.96
iter 1875/5000 (37.50%) | elapsed=32m 52s | eta=54m 46s | loss=0.0207 | eps=0.412 | mean turn reward=+0.154 | mean episode return/seat=+4.08
iter 1876/5000 (37.52%) | elapsed=32m 53s | eta=54m 45s | loss=0.0222 | eps=0.411 | mean turn reward=+0.154 | mean episode return/seat=+4.03
iter 1877/5000 (37.54%) | elapsed=32m 54s | eta=54m 44s | loss=0.0216 | eps=0.411 | mean turn reward=+0.151 | mean episode return/seat=+3.93
iter 1878/5000 (37.56%) | elapsed=32m 55s | eta=54m 43s | loss=0.0238 | eps=0.410 | mean turn reward=+0.154 | mean episode return/seat=+4.04
iter 1879/5000 (37.58%) | elapsed=32m 56s | eta=54m 42s | loss=0.0224 | eps=0.410 | mean turn reward=+0.153 | mean episode return/seat=+4.00
iter 1880/5000 (37.60%) | elapsed=32m 57s | eta=54m 41s | loss=0.0213 | eps=0.410 | mean turn reward=+0.156 | mean episode return/seat=+4.14
iter 1881/5000 (37.62%) | elapsed=32m 58s | eta=54m 40s | loss=0.0221 | eps=0.409 | mean turn reward=+0.158 | mean episode return/seat=+4.18
iter 1882/5000 (37.64%) | elapsed=32m 59s | eta=54m 39s | loss=0.0203 | eps=0.409 | mean turn reward=+0.154 | mean episode return/seat=+4.05
iter 1883/5000 (37.66%) | elapsed=33m 00s | eta=54m 38s | loss=0.0214 | eps=0.408 | mean turn reward=+0.154 | mean episode return/seat=+4.04
iter 1884/5000 (37.68%) | elapsed=33m 01s | eta=54m 37s | loss=0.0220 | eps=0.408 | mean turn reward=+0.155 | mean episode return/seat=+4.08
iter 1885/5000 (37.70%) | elapsed=33m 02s | eta=54m 36s | loss=0.0196 | eps=0.407 | mean turn reward=+0.154 | mean episode return/seat=+4.06
iter 1886/5000 (37.72%) | elapsed=33m 03s | eta=54m 35s | loss=0.0240 | eps=0.407 | mean turn reward=+0.153 | mean episode return/seat=+3.97
iter 1887/5000 (37.74%) | elapsed=33m 04s | eta=54m 34s | loss=0.0202 | eps=0.406 | mean turn reward=+0.155 | mean episode return/seat=+4.08
iter 1888/5000 (37.76%) | elapsed=33m 05s | eta=54m 32s | loss=0.0197 | eps=0.406 | mean turn reward=+0.154 | mean episode return/seat=+4.06
iter 1889/5000 (37.78%) | elapsed=33m 06s | eta=54m 31s | loss=0.0221 | eps=0.406 | mean turn reward=+0.154 | mean episode return/seat=+4.05
iter 1890/5000 (37.80%) | elapsed=33m 07s | eta=54m 30s | loss=0.0228 | eps=0.405 | mean turn reward=+0.156 | mean episode return/seat=+4.10
iter 1891/5000 (37.82%) | elapsed=33m 08s | eta=54m 29s | loss=0.0196 | eps=0.405 | mean turn reward=+0.155 | mean episode return/seat=+4.05
iter 1892/5000 (37.84%) | elapsed=33m 10s | eta=54m 29s | loss=0.0243 | eps=0.404 | mean turn reward=+0.157 | mean episode return/seat=+4.16
iter 1893/5000 (37.86%) | elapsed=33m 11s | eta=54m 27s | loss=0.0202 | eps=0.404 | mean turn reward=+0.156 | mean episode return/seat=+4.11
iter 1894/5000 (37.88%) | elapsed=33m 12s | eta=54m 26s | loss=0.0224 | eps=0.403 | mean turn reward=+0.154 | mean episode return/seat=+4.04
iter 1895/5000 (37.90%) | elapsed=33m 13s | eta=54m 25s | loss=0.0220 | eps=0.403 | mean turn reward=+0.155 | mean episode return/seat=+4.09
iter 1896/5000 (37.92%) | elapsed=33m 14s | eta=54m 24s | loss=0.0219 | eps=0.402 | mean turn reward=+0.154 | mean episode return/seat=+4.04
iter 1897/5000 (37.94%) | elapsed=33m 15s | eta=54m 23s | loss=0.0203 | eps=0.402 | mean turn reward=+0.153 | mean episode return/seat=+3.98
iter 1898/5000 (37.96%) | elapsed=33m 16s | eta=54m 22s | loss=0.0201 | eps=0.402 | mean turn reward=+0.154 | mean episode return/seat=+4.03
iter 1899/5000 (37.98%) | elapsed=33m 17s | eta=54m 21s | loss=0.0214 | eps=0.401 | mean turn reward=+0.155 | mean episode return/seat=+4.08
iter 1900/5000 (38.00%) | elapsed=33m 18s | eta=54m 20s | loss=0.0224 | eps=0.401 | mean turn reward=+0.154 | mean episode return/seat=+3.98
iter 1901/5000 (38.02%) | elapsed=33m 19s | eta=54m 19s | loss=0.0213 | eps=0.400 | mean turn reward=+0.156 | mean episode return/seat=+4.16
iter 1902/5000 (38.04%) | elapsed=33m 20s | eta=54m 18s | loss=0.0229 | eps=0.400 | mean turn reward=+0.155 | mean episode return/seat=+4.05
iter 1903/5000 (38.06%) | elapsed=33m 21s | eta=54m 17s | loss=0.0227 | eps=0.399 | mean turn reward=+0.157 | mean episode return/seat=+4.15
iter 1904/5000 (38.08%) | elapsed=33m 22s | eta=54m 16s | loss=0.0223 | eps=0.399 | mean turn reward=+0.152 | mean episode return/seat=+4.00
iter 1905/5000 (38.10%) | elapsed=33m 24s | eta=54m 15s | loss=0.0195 | eps=0.398 | mean turn reward=+0.156 | mean episode return/seat=+4.08
iter 1906/5000 (38.12%) | elapsed=33m 25s | eta=54m 14s | loss=0.0189 | eps=0.398 | mean turn reward=+0.155 | mean episode return/seat=+4.09
iter 1907/5000 (38.14%) | elapsed=33m 26s | eta=54m 13s | loss=0.0211 | eps=0.398 | mean turn reward=+0.156 | mean episode return/seat=+4.05
iter 1908/5000 (38.16%) | elapsed=33m 27s | eta=54m 12s | loss=0.0217 | eps=0.397 | mean turn reward=+0.153 | mean episode return/seat=+4.01
iter 1909/5000 (38.18%) | elapsed=33m 28s | eta=54m 11s | loss=0.0202 | eps=0.397 | mean turn reward=+0.155 | mean episode return/seat=+4.08
iter 1910/5000 (38.20%) | elapsed=33m 29s | eta=54m 10s | loss=0.0221 | eps=0.396 | mean turn reward=+0.156 | mean episode return/seat=+4.10
iter 1911/5000 (38.22%) | elapsed=33m 30s | eta=54m 09s | loss=0.0243 | eps=0.396 | mean turn reward=+0.157 | mean episode return/seat=+4.17
iter 1912/5000 (38.24%) | elapsed=33m 31s | eta=54m 08s | loss=0.0222 | eps=0.395 | mean turn reward=+0.155 | mean episode return/seat=+4.05
iter 1913/5000 (38.26%) | elapsed=33m 32s | eta=54m 07s | loss=0.0227 | eps=0.395 | mean turn reward=+0.156 | mean episode return/seat=+4.11
iter 1914/5000 (38.28%) | elapsed=33m 33s | eta=54m 06s | loss=0.0198 | eps=0.394 | mean turn reward=+0.155 | mean episode return/seat=+4.10
iter 1915/5000 (38.30%) | elapsed=33m 34s | eta=54m 05s | loss=0.0196 | eps=0.394 | mean turn reward=+0.156 | mean episode return/seat=+4.08
iter 1916/5000 (38.32%) | elapsed=33m 35s | eta=54m 04s | loss=0.0192 | eps=0.393 | mean turn reward=+0.155 | mean episode return/seat=+4.11
iter 1917/5000 (38.34%) | elapsed=33m 36s | eta=54m 03s | loss=0.0235 | eps=0.393 | mean turn reward=+0.156 | mean episode return/seat=+4.09
iter 1918/5000 (38.36%) | elapsed=33m 37s | eta=54m 02s | loss=0.0251 | eps=0.393 | mean turn reward=+0.155 | mean episode return/seat=+4.09
iter 1919/5000 (38.38%) | elapsed=33m 38s | eta=54m 01s | loss=0.0212 | eps=0.392 | mean turn reward=+0.155 | mean episode return/seat=+4.11
iter 1920/5000 (38.40%) | elapsed=33m 39s | eta=54m 00s | loss=0.0197 | eps=0.392 | mean turn reward=+0.154 | mean episode return/seat=+4.00
iter 1921/5000 (38.42%) | elapsed=33m 41s | eta=53m 59s | loss=0.0201 | eps=0.391 | mean turn reward=+0.157 | mean episode return/seat=+4.16
iter 1922/5000 (38.44%) | elapsed=33m 42s | eta=53m 58s | loss=0.0233 | eps=0.391 | mean turn reward=+0.155 | mean episode return/seat=+4.15
iter 1923/5000 (38.46%) | elapsed=33m 43s | eta=53m 57s | loss=0.0193 | eps=0.390 | mean turn reward=+0.156 | mean episode return/seat=+4.09
iter 1924/5000 (38.48%) | elapsed=33m 44s | eta=53m 56s | loss=0.0228 | eps=0.390 | mean turn reward=+0.155 | mean episode return/seat=+4.05
iter 1925/5000 (38.50%) | elapsed=33m 45s | eta=53m 55s | loss=0.0210 | eps=0.389 | mean turn reward=+0.156 | mean episode return/seat=+4.11
iter 1926/5000 (38.52%) | elapsed=33m 46s | eta=53m 54s | loss=0.0203 | eps=0.389 | mean turn reward=+0.156 | mean episode return/seat=+4.13
iter 1927/5000 (38.54%) | elapsed=33m 47s | eta=53m 53s | loss=0.0201 | eps=0.389 | mean turn reward=+0.154 | mean episode return/seat=+4.03
iter 1928/5000 (38.56%) | elapsed=33m 48s | eta=53m 52s | loss=0.0199 | eps=0.388 | mean turn reward=+0.155 | mean episode return/seat=+4.13
iter 1929/5000 (38.58%) | elapsed=33m 49s | eta=53m 51s | loss=0.0213 | eps=0.388 | mean turn reward=+0.155 | mean episode return/seat=+4.05
iter 1930/5000 (38.60%) | elapsed=33m 50s | eta=53m 50s | loss=0.0221 | eps=0.387 | mean turn reward=+0.156 | mean episode return/seat=+4.09
iter 1931/5000 (38.62%) | elapsed=33m 51s | eta=53m 49s | loss=0.0190 | eps=0.387 | mean turn reward=+0.156 | mean episode return/seat=+4.08
iter 1932/5000 (38.64%) | elapsed=33m 52s | eta=53m 47s | loss=0.0222 | eps=0.386 | mean turn reward=+0.157 | mean episode return/seat=+4.16
iter 1933/5000 (38.66%) | elapsed=33m 53s | eta=53m 46s | loss=0.0233 | eps=0.386 | mean turn reward=+0.155 | mean episode return/seat=+4.11
iter 1934/5000 (38.68%) | elapsed=33m 54s | eta=53m 45s | loss=0.0218 | eps=0.385 | mean turn reward=+0.155 | mean episode return/seat=+4.00
iter 1935/5000 (38.70%) | elapsed=33m 55s | eta=53m 44s | loss=0.0222 | eps=0.385 | mean turn reward=+0.157 | mean episode return/seat=+4.18
iter 1936/5000 (38.72%) | elapsed=33m 56s | eta=53m 43s | loss=0.0213 | eps=0.385 | mean turn reward=+0.158 | mean episode return/seat=+4.17
iter 1937/5000 (38.74%) | elapsed=33m 58s | eta=53m 42s | loss=0.0239 | eps=0.384 | mean turn reward=+0.156 | mean episode return/seat=+4.12
iter 1938/5000 (38.76%) | elapsed=33m 59s | eta=53m 41s | loss=0.0214 | eps=0.384 | mean turn reward=+0.156 | mean episode return/seat=+4.10
iter 1939/5000 (38.78%) | elapsed=34m 00s | eta=53m 40s | loss=0.0208 | eps=0.383 | mean turn reward=+0.156 | mean episode return/seat=+4.13
iter 1940/5000 (38.80%) | elapsed=34m 01s | eta=53m 39s | loss=0.0208 | eps=0.383 | mean turn reward=+0.157 | mean episode return/seat=+4.14
iter 1941/5000 (38.82%) | elapsed=34m 02s | eta=53m 38s | loss=0.0220 | eps=0.382 | mean turn reward=+0.157 | mean episode return/seat=+4.17
iter 1942/5000 (38.84%) | elapsed=34m 03s | eta=53m 37s | loss=0.0219 | eps=0.382 | mean turn reward=+0.154 | mean episode return/seat=+4.02
iter 1943/5000 (38.86%) | elapsed=34m 04s | eta=53m 36s | loss=0.0208 | eps=0.381 | mean turn reward=+0.156 | mean episode return/seat=+4.07
iter 1944/5000 (38.88%) | elapsed=34m 05s | eta=53m 35s | loss=0.0216 | eps=0.381 | mean turn reward=+0.156 | mean episode return/seat=+4.11
iter 1945/5000 (38.90%) | elapsed=34m 06s | eta=53m 34s | loss=0.0194 | eps=0.381 | mean turn reward=+0.153 | mean episode return/seat=+4.02
iter 1946/5000 (38.92%) | elapsed=34m 07s | eta=53m 33s | loss=0.0223 | eps=0.380 | mean turn reward=+0.157 | mean episode return/seat=+4.22
iter 1947/5000 (38.94%) | elapsed=34m 08s | eta=53m 32s | loss=0.0200 | eps=0.380 | mean turn reward=+0.157 | mean episode return/seat=+4.14
iter 1948/5000 (38.96%) | elapsed=34m 09s | eta=53m 31s | loss=0.0185 | eps=0.379 | mean turn reward=+0.158 | mean episode return/seat=+4.18
iter 1949/5000 (38.98%) | elapsed=34m 10s | eta=53m 30s | loss=0.0194 | eps=0.379 | mean turn reward=+0.155 | mean episode return/seat=+4.07
iter 1950/5000 (39.00%) | elapsed=34m 11s | eta=53m 29s | loss=0.0239 | eps=0.378 | mean turn reward=+0.155 | mean episode return/seat=+4.07
iter 1951/5000 (39.02%) | elapsed=34m 12s | eta=53m 28s | loss=0.0252 | eps=0.378 | mean turn reward=+0.155 | mean episode return/seat=+4.03
iter 1952/5000 (39.04%) | elapsed=34m 13s | eta=53m 27s | loss=0.0219 | eps=0.377 | mean turn reward=+0.152 | mean episode return/seat=+3.97
iter 1953/5000 (39.06%) | elapsed=34m 14s | eta=53m 26s | loss=0.0216 | eps=0.377 | mean turn reward=+0.156 | mean episode return/seat=+4.10
iter 1954/5000 (39.08%) | elapsed=34m 15s | eta=53m 24s | loss=0.0204 | eps=0.376 | mean turn reward=+0.157 | mean episode return/seat=+4.16
iter 1955/5000 (39.10%) | elapsed=34m 17s | eta=53m 23s | loss=0.0205 | eps=0.376 | mean turn reward=+0.156 | mean episode return/seat=+4.13
iter 1956/5000 (39.12%) | elapsed=34m 18s | eta=53m 22s | loss=0.0187 | eps=0.376 | mean turn reward=+0.154 | mean episode return/seat=+4.03
iter 1957/5000 (39.14%) | elapsed=34m 19s | eta=53m 21s | loss=0.0231 | eps=0.375 | mean turn reward=+0.157 | mean episode return/seat=+4.20
iter 1958/5000 (39.16%) | elapsed=34m 20s | eta=53m 20s | loss=0.0187 | eps=0.375 | mean turn reward=+0.155 | mean episode return/seat=+4.07
iter 1959/5000 (39.18%) | elapsed=34m 21s | eta=53m 19s | loss=0.0189 | eps=0.374 | mean turn reward=+0.155 | mean episode return/seat=+4.06
iter 1960/5000 (39.20%) | elapsed=34m 22s | eta=53m 18s | loss=0.0208 | eps=0.374 | mean turn reward=+0.155 | mean episode return/seat=+4.05
iter 1961/5000 (39.22%) | elapsed=34m 23s | eta=53m 17s | loss=0.0201 | eps=0.373 | mean turn reward=+0.158 | mean episode return/seat=+4.17
iter 1962/5000 (39.24%) | elapsed=34m 24s | eta=53m 16s | loss=0.0181 | eps=0.373 | mean turn reward=+0.158 | mean episode return/seat=+4.17
iter 1963/5000 (39.26%) | elapsed=34m 25s | eta=53m 15s | loss=0.0197 | eps=0.372 | mean turn reward=+0.155 | mean episode return/seat=+4.06
iter 1964/5000 (39.28%) | elapsed=34m 26s | eta=53m 14s | loss=0.0252 | eps=0.372 | mean turn reward=+0.154 | mean episode return/seat=+3.99
iter 1965/5000 (39.30%) | elapsed=34m 27s | eta=53m 13s | loss=0.0208 | eps=0.372 | mean turn reward=+0.156 | mean episode return/seat=+4.10
iter 1966/5000 (39.32%) | elapsed=34m 28s | eta=53m 12s | loss=0.0194 | eps=0.371 | mean turn reward=+0.155 | mean episode return/seat=+4.10
iter 1967/5000 (39.34%) | elapsed=34m 29s | eta=53m 11s | loss=0.0201 | eps=0.371 | mean turn reward=+0.155 | mean episode return/seat=+4.07
iter 1968/5000 (39.36%) | elapsed=34m 30s | eta=53m 10s | loss=0.0194 | eps=0.370 | mean turn reward=+0.154 | mean episode return/seat=+4.04
iter 1969/5000 (39.38%) | elapsed=34m 31s | eta=53m 09s | loss=0.0194 | eps=0.370 | mean turn reward=+0.157 | mean episode return/seat=+4.17
iter 1970/5000 (39.40%) | elapsed=34m 32s | eta=53m 08s | loss=0.0197 | eps=0.369 | mean turn reward=+0.155 | mean episode return/seat=+4.04
iter 1971/5000 (39.42%) | elapsed=34m 34s | eta=53m 07s | loss=0.0213 | eps=0.369 | mean turn reward=+0.155 | mean episode return/seat=+4.06
iter 1972/5000 (39.44%) | elapsed=34m 35s | eta=53m 06s | loss=0.0236 | eps=0.368 | mean turn reward=+0.156 | mean episode return/seat=+4.09
iter 1973/5000 (39.46%) | elapsed=34m 36s | eta=53m 05s | loss=0.0224 | eps=0.368 | mean turn reward=+0.157 | mean episode return/seat=+4.13
iter 1974/5000 (39.48%) | elapsed=34m 37s | eta=53m 04s | loss=0.0206 | eps=0.368 | mean turn reward=+0.157 | mean episode return/seat=+4.13
iter 1975/5000 (39.50%) | elapsed=34m 38s | eta=53m 03s | loss=0.0184 | eps=0.367 | mean turn reward=+0.158 | mean episode return/seat=+4.17
iter 1976/5000 (39.52%) | elapsed=34m 39s | eta=53m 02s | loss=0.0193 | eps=0.367 | mean turn reward=+0.156 | mean episode return/seat=+4.10
iter 1977/5000 (39.54%) | elapsed=34m 40s | eta=53m 01s | loss=0.0212 | eps=0.366 | mean turn reward=+0.156 | mean episode return/seat=+4.16
iter 1978/5000 (39.56%) | elapsed=34m 41s | eta=53m 00s | loss=0.0213 | eps=0.366 | mean turn reward=+0.155 | mean episode return/seat=+4.09
iter 1979/5000 (39.58%) | elapsed=34m 42s | eta=52m 59s | loss=0.0196 | eps=0.365 | mean turn reward=+0.157 | mean episode return/seat=+4.13
iter 1980/5000 (39.60%) | elapsed=34m 43s | eta=52m 58s | loss=0.0202 | eps=0.365 | mean turn reward=+0.157 | mean episode return/seat=+4.19
iter 1981/5000 (39.62%) | elapsed=34m 44s | eta=52m 57s | loss=0.0199 | eps=0.364 | mean turn reward=+0.159 | mean episode return/seat=+4.20
iter 1982/5000 (39.64%) | elapsed=34m 45s | eta=52m 56s | loss=0.0220 | eps=0.364 | mean turn reward=+0.155 | mean episode return/seat=+4.06
iter 1983/5000 (39.66%) | elapsed=34m 46s | eta=52m 54s | loss=0.0228 | eps=0.364 | mean turn reward=+0.152 | mean episode return/seat=+3.97
iter 1984/5000 (39.68%) | elapsed=34m 47s | eta=52m 53s | loss=0.0190 | eps=0.363 | mean turn reward=+0.158 | mean episode return/seat=+4.18
iter 1985/5000 (39.70%) | elapsed=34m 49s | eta=52m 53s | loss=0.0208 | eps=0.363 | mean turn reward=+0.157 | mean episode return/seat=+4.14
iter 1986/5000 (39.72%) | elapsed=34m 50s | eta=52m 51s | loss=0.0188 | eps=0.362 | mean turn reward=+0.153 | mean episode return/seat=+4.03
iter 1987/5000 (39.74%) | elapsed=34m 51s | eta=52m 51s | loss=0.0188 | eps=0.362 | mean turn reward=+0.155 | mean episode return/seat=+4.06
iter 1988/5000 (39.76%) | elapsed=34m 52s | eta=52m 50s | loss=0.0211 | eps=0.361 | mean turn reward=+0.157 | mean episode return/seat=+4.09
iter 1989/5000 (39.78%) | elapsed=34m 53s | eta=52m 48s | loss=0.0190 | eps=0.361 | mean turn reward=+0.155 | mean episode return/seat=+4.05
iter 1990/5000 (39.80%) | elapsed=34m 54s | eta=52m 47s | loss=0.0226 | eps=0.360 | mean turn reward=+0.157 | mean episode return/seat=+4.14
iter 1991/5000 (39.82%) | elapsed=34m 55s | eta=52m 46s | loss=0.0193 | eps=0.360 | mean turn reward=+0.157 | mean episode return/seat=+4.17
iter 1992/5000 (39.84%) | elapsed=34m 56s | eta=52m 45s | loss=0.0205 | eps=0.360 | mean turn reward=+0.156 | mean episode return/seat=+4.10
iter 1993/5000 (39.86%) | elapsed=34m 57s | eta=52m 44s | loss=0.0214 | eps=0.359 | mean turn reward=+0.156 | mean episode return/seat=+4.11
iter 1994/5000 (39.88%) | elapsed=34m 58s | eta=52m 43s | loss=0.0184 | eps=0.359 | mean turn reward=+0.154 | mean episode return/seat=+4.03
iter 1995/5000 (39.90%) | elapsed=34m 59s | eta=52m 42s | loss=0.0197 | eps=0.358 | mean turn reward=+0.158 | mean episode return/seat=+4.19
iter 1996/5000 (39.92%) | elapsed=35m 00s | eta=52m 41s | loss=0.0179 | eps=0.358 | mean turn reward=+0.155 | mean episode return/seat=+4.07
iter 1997/5000 (39.94%) | elapsed=35m 01s | eta=52m 40s | loss=0.0198 | eps=0.357 | mean turn reward=+0.158 | mean episode return/seat=+4.20
iter 1998/5000 (39.96%) | elapsed=35m 02s | eta=52m 39s | loss=0.0206 | eps=0.357 | mean turn reward=+0.156 | mean episode return/seat=+4.08
iter 1999/5000 (39.98%) | elapsed=35m 03s | eta=52m 38s | loss=0.0233 | eps=0.356 | mean turn reward=+0.157 | mean episode return/seat=+4.20
iter 2000/5000 (40.00%) | elapsed=35m 05s | eta=52m 37s | loss=0.0175 | eps=0.356 | mean turn reward=+0.154 | mean episode return/seat=+4.03
iter 2001/5000 (40.02%) | elapsed=35m 06s | eta=52m 36s | loss=0.0209 | eps=0.355 | mean turn reward=+0.156 | mean episode return/seat=+4.07
iter 2002/5000 (40.04%) | elapsed=35m 07s | eta=52m 35s | loss=0.0209 | eps=0.355 | mean turn reward=+0.158 | mean episode return/seat=+4.19
iter 2003/5000 (40.06%) | elapsed=35m 08s | eta=52m 34s | loss=0.0178 | eps=0.355 | mean turn reward=+0.159 | mean episode return/seat=+4.21
iter 2004/5000 (40.08%) | elapsed=35m 09s | eta=52m 33s | loss=0.0192 | eps=0.354 | mean turn reward=+0.158 | mean episode return/seat=+4.13
iter 2005/5000 (40.10%) | elapsed=35m 10s | eta=52m 32s | loss=0.0232 | eps=0.354 | mean turn reward=+0.156 | mean episode return/seat=+4.08
iter 2006/5000 (40.12%) | elapsed=35m 11s | eta=52m 31s | loss=0.0204 | eps=0.353 | mean turn reward=+0.157 | mean episode return/seat=+4.13
iter 2007/5000 (40.14%) | elapsed=35m 12s | eta=52m 30s | loss=0.0186 | eps=0.353 | mean turn reward=+0.158 | mean episode return/seat=+4.21
iter 2008/5000 (40.16%) | elapsed=35m 13s | eta=52m 29s | loss=0.0230 | eps=0.352 | mean turn reward=+0.157 | mean episode return/seat=+4.14
iter 2009/5000 (40.18%) | elapsed=35m 14s | eta=52m 27s | loss=0.0202 | eps=0.352 | mean turn reward=+0.155 | mean episode return/seat=+4.12
iter 2010/5000 (40.20%) | elapsed=35m 15s | eta=52m 26s | loss=0.0217 | eps=0.351 | mean turn reward=+0.157 | mean episode return/seat=+4.15
iter 2011/5000 (40.22%) | elapsed=35m 16s | eta=52m 25s | loss=0.0198 | eps=0.351 | mean turn reward=+0.158 | mean episode return/seat=+4.18
iter 2012/5000 (40.24%) | elapsed=35m 17s | eta=52m 24s | loss=0.0214 | eps=0.351 | mean turn reward=+0.155 | mean episode return/seat=+4.07
iter 2013/5000 (40.26%) | elapsed=35m 18s | eta=52m 23s | loss=0.0200 | eps=0.350 | mean turn reward=+0.158 | mean episode return/seat=+4.14
iter 2014/5000 (40.28%) | elapsed=35m 19s | eta=52m 22s | loss=0.0194 | eps=0.350 | mean turn reward=+0.157 | mean episode return/seat=+4.12
iter 2015/5000 (40.30%) | elapsed=35m 20s | eta=52m 21s | loss=0.0196 | eps=0.349 | mean turn reward=+0.160 | mean episode return/seat=+4.26
iter 2016/5000 (40.32%) | elapsed=35m 21s | eta=52m 20s | loss=0.0220 | eps=0.349 | mean turn reward=+0.154 | mean episode return/seat=+4.03
iter 2017/5000 (40.34%) | elapsed=35m 22s | eta=52m 19s | loss=0.0212 | eps=0.348 | mean turn reward=+0.156 | mean episode return/seat=+4.11
iter 2018/5000 (40.36%) | elapsed=35m 23s | eta=52m 18s | loss=0.0212 | eps=0.348 | mean turn reward=+0.155 | mean episode return/seat=+4.07
iter 2019/5000 (40.38%) | elapsed=35m 25s | eta=52m 17s | loss=0.0210 | eps=0.347 | mean turn reward=+0.157 | mean episode return/seat=+4.10
iter 2020/5000 (40.40%) | elapsed=35m 26s | eta=52m 16s | loss=0.0198 | eps=0.347 | mean turn reward=+0.155 | mean episode return/seat=+4.06
iter 2021/5000 (40.42%) | elapsed=35m 27s | eta=52m 15s | loss=0.0203 | eps=0.347 | mean turn reward=+0.156 | mean episode return/seat=+4.09
iter 2022/5000 (40.44%) | elapsed=35m 28s | eta=52m 14s | loss=0.0190 | eps=0.346 | mean turn reward=+0.157 | mean episode return/seat=+4.15
iter 2023/5000 (40.46%) | elapsed=35m 29s | eta=52m 13s | loss=0.0189 | eps=0.346 | mean turn reward=+0.156 | mean episode return/seat=+4.09
iter 2024/5000 (40.48%) | elapsed=35m 30s | eta=52m 12s | loss=0.0264 | eps=0.345 | mean turn reward=+0.160 | mean episode return/seat=+4.30
iter 2025/5000 (40.50%) | elapsed=35m 31s | eta=52m 11s | loss=0.0191 | eps=0.345 | mean turn reward=+0.159 | mean episode return/seat=+4.18
iter 2026/5000 (40.52%) | elapsed=35m 32s | eta=52m 10s | loss=0.0210 | eps=0.344 | mean turn reward=+0.157 | mean episode return/seat=+4.18
iter 2027/5000 (40.54%) | elapsed=35m 33s | eta=52m 09s | loss=0.0192 | eps=0.344 | mean turn reward=+0.156 | mean episode return/seat=+4.10
iter 2028/5000 (40.56%) | elapsed=35m 34s | eta=52m 08s | loss=0.0206 | eps=0.343 | mean turn reward=+0.156 | mean episode return/seat=+4.05
iter 2029/5000 (40.58%) | elapsed=35m 35s | eta=52m 07s | loss=0.0201 | eps=0.343 | mean turn reward=+0.159 | mean episode return/seat=+4.24
iter 2030/5000 (40.60%) | elapsed=35m 36s | eta=52m 06s | loss=0.0216 | eps=0.343 | mean turn reward=+0.158 | mean episode return/seat=+4.18
iter 2031/5000 (40.62%) | elapsed=35m 37s | eta=52m 05s | loss=0.0191 | eps=0.342 | mean turn reward=+0.155 | mean episode return/seat=+4.06
iter 2032/5000 (40.64%) | elapsed=35m 38s | eta=52m 04s | loss=0.0197 | eps=0.342 | mean turn reward=+0.155 | mean episode return/seat=+4.06
iter 2033/5000 (40.66%) | elapsed=35m 39s | eta=52m 02s | loss=0.0184 | eps=0.341 | mean turn reward=+0.154 | mean episode return/seat=+4.00
iter 2034/5000 (40.68%) | elapsed=35m 40s | eta=52m 01s | loss=0.0194 | eps=0.341 | mean turn reward=+0.157 | mean episode return/seat=+4.13
iter 2035/5000 (40.70%) | elapsed=35m 41s | eta=52m 00s | loss=0.0237 | eps=0.340 | mean turn reward=+0.157 | mean episode return/seat=+4.10
iter 2036/5000 (40.72%) | elapsed=35m 43s | eta=51m 59s | loss=0.0191 | eps=0.340 | mean turn reward=+0.153 | mean episode return/seat=+4.04
iter 2037/5000 (40.74%) | elapsed=35m 44s | eta=51m 58s | loss=0.0194 | eps=0.339 | mean turn reward=+0.158 | mean episode return/seat=+4.18
iter 2038/5000 (40.76%) | elapsed=35m 45s | eta=51m 57s | loss=0.0191 | eps=0.339 | mean turn reward=+0.156 | mean episode return/seat=+4.07
iter 2039/5000 (40.78%) | elapsed=35m 46s | eta=51m 56s | loss=0.0219 | eps=0.338 | mean turn reward=+0.158 | mean episode return/seat=+4.19
iter 2040/5000 (40.80%) | elapsed=35m 47s | eta=51m 55s | loss=0.0212 | eps=0.338 | mean turn reward=+0.158 | mean episode return/seat=+4.18
iter 2041/5000 (40.82%) | elapsed=35m 48s | eta=51m 54s | loss=0.0197 | eps=0.338 | mean turn reward=+0.158 | mean episode return/seat=+4.20
iter 2042/5000 (40.84%) | elapsed=35m 49s | eta=51m 53s | loss=0.0182 | eps=0.337 | mean turn reward=+0.158 | mean episode return/seat=+4.22
iter 2043/5000 (40.86%) | elapsed=35m 50s | eta=51m 52s | loss=0.0241 | eps=0.337 | mean turn reward=+0.159 | mean episode return/seat=+4.24
iter 2044/5000 (40.88%) | elapsed=35m 51s | eta=51m 51s | loss=0.0205 | eps=0.336 | mean turn reward=+0.157 | mean episode return/seat=+4.10
iter 2045/5000 (40.90%) | elapsed=35m 52s | eta=51m 50s | loss=0.0200 | eps=0.336 | mean turn reward=+0.160 | mean episode return/seat=+4.25
iter 2046/5000 (40.92%) | elapsed=35m 53s | eta=51m 49s | loss=0.0239 | eps=0.335 | mean turn reward=+0.157 | mean episode return/seat=+4.18
iter 2047/5000 (40.94%) | elapsed=35m 54s | eta=51m 48s | loss=0.0201 | eps=0.335 | mean turn reward=+0.157 | mean episode return/seat=+4.12
iter 2048/5000 (40.96%) | elapsed=35m 55s | eta=51m 47s | loss=0.0193 | eps=0.334 | mean turn reward=+0.156 | mean episode return/seat=+4.09
iter 2049/5000 (40.98%) | elapsed=35m 56s | eta=51m 46s | loss=0.0206 | eps=0.334 | mean turn reward=+0.155 | mean episode return/seat=+4.12
iter 2050/5000 (41.00%) | elapsed=35m 57s | eta=51m 45s | loss=0.0187 | eps=0.334 | mean turn reward=+0.161 | mean episode return/seat=+4.26
iter 2051/5000 (41.02%) | elapsed=35m 58s | eta=51m 44s | loss=0.0217 | eps=0.333 | mean turn reward=+0.156 | mean episode return/seat=+4.13
iter 2052/5000 (41.04%) | elapsed=35m 59s | eta=51m 43s | loss=0.0183 | eps=0.333 | mean turn reward=+0.155 | mean episode return/seat=+4.05
iter 2053/5000 (41.06%) | elapsed=36m 00s | eta=51m 42s | loss=0.0174 | eps=0.332 | mean turn reward=+0.157 | mean episode return/seat=+4.10
iter 2054/5000 (41.08%) | elapsed=36m 01s | eta=51m 40s | loss=0.0202 | eps=0.332 | mean turn reward=+0.156 | mean episode return/seat=+4.12
iter 2055/5000 (41.10%) | elapsed=36m 03s | eta=51m 39s | loss=0.0205 | eps=0.331 | mean turn reward=+0.159 | mean episode return/seat=+4.20
iter 2056/5000 (41.12%) | elapsed=36m 04s | eta=51m 38s | loss=0.0204 | eps=0.331 | mean turn reward=+0.158 | mean episode return/seat=+4.17
iter 2057/5000 (41.14%) | elapsed=36m 05s | eta=51m 37s | loss=0.0192 | eps=0.330 | mean turn reward=+0.158 | mean episode return/seat=+4.15
iter 2058/5000 (41.16%) | elapsed=36m 06s | eta=51m 36s | loss=0.0233 | eps=0.330 | mean turn reward=+0.154 | mean episode return/seat=+4.02
iter 2059/5000 (41.18%) | elapsed=36m 07s | eta=51m 35s | loss=0.0195 | eps=0.330 | mean turn reward=+0.159 | mean episode return/seat=+4.16
iter 2060/5000 (41.20%) | elapsed=36m 08s | eta=51m 34s | loss=0.0191 | eps=0.329 | mean turn reward=+0.158 | mean episode return/seat=+4.19
iter 2061/5000 (41.22%) | elapsed=36m 09s | eta=51m 33s | loss=0.0231 | eps=0.329 | mean turn reward=+0.155 | mean episode return/seat=+4.03
iter 2062/5000 (41.24%) | elapsed=36m 10s | eta=51m 32s | loss=0.0169 | eps=0.328 | mean turn reward=+0.158 | mean episode return/seat=+4.14
iter 2063/5000 (41.26%) | elapsed=36m 11s | eta=51m 31s | loss=0.0204 | eps=0.328 | mean turn reward=+0.158 | mean episode return/seat=+4.17
iter 2064/5000 (41.28%) | elapsed=36m 12s | eta=51m 30s | loss=0.0194 | eps=0.327 | mean turn reward=+0.156 | mean episode return/seat=+4.11
iter 2065/5000 (41.30%) | elapsed=36m 13s | eta=51m 29s | loss=0.0205 | eps=0.327 | mean turn reward=+0.158 | mean episode return/seat=+4.18
iter 2066/5000 (41.32%) | elapsed=36m 14s | eta=51m 28s | loss=0.0230 | eps=0.326 | mean turn reward=+0.158 | mean episode return/seat=+4.11
iter 2067/5000 (41.34%) | elapsed=36m 15s | eta=51m 27s | loss=0.0198 | eps=0.326 | mean turn reward=+0.159 | mean episode return/seat=+4.17
iter 2068/5000 (41.36%) | elapsed=36m 16s | eta=51m 26s | loss=0.0195 | eps=0.326 | mean turn reward=+0.156 | mean episode return/seat=+4.09
iter 2069/5000 (41.38%) | elapsed=36m 17s | eta=51m 25s | loss=0.0191 | eps=0.325 | mean turn reward=+0.158 | mean episode return/seat=+4.16
iter 2070/5000 (41.40%) | elapsed=36m 18s | eta=51m 24s | loss=0.0217 | eps=0.325 | mean turn reward=+0.157 | mean episode return/seat=+4.15
iter 2071/5000 (41.42%) | elapsed=36m 20s | eta=51m 23s | loss=0.0169 | eps=0.324 | mean turn reward=+0.158 | mean episode return/seat=+4.18
iter 2072/5000 (41.44%) | elapsed=36m 21s | eta=51m 22s | loss=0.0220 | eps=0.324 | mean turn reward=+0.157 | mean episode return/seat=+4.10
iter 2073/5000 (41.46%) | elapsed=36m 22s | eta=51m 21s | loss=0.0192 | eps=0.323 | mean turn reward=+0.159 | mean episode return/seat=+4.17
iter 2074/5000 (41.48%) | elapsed=36m 23s | eta=51m 19s | loss=0.0197 | eps=0.323 | mean turn reward=+0.162 | mean episode return/seat=+4.31
iter 2075/5000 (41.50%) | elapsed=36m 24s | eta=51m 18s | loss=0.0188 | eps=0.322 | mean turn reward=+0.155 | mean episode return/seat=+4.07
iter 2076/5000 (41.52%) | elapsed=36m 25s | eta=51m 17s | loss=0.0191 | eps=0.322 | mean turn reward=+0.155 | mean episode return/seat=+4.08
iter 2077/5000 (41.54%) | elapsed=36m 26s | eta=51m 16s | loss=0.0200 | eps=0.322 | mean turn reward=+0.161 | mean episode return/seat=+4.26
iter 2078/5000 (41.56%) | elapsed=36m 27s | eta=51m 15s | loss=0.0196 | eps=0.321 | mean turn reward=+0.158 | mean episode return/seat=+4.18
iter 2079/5000 (41.58%) | elapsed=36m 28s | eta=51m 14s | loss=0.0209 | eps=0.321 | mean turn reward=+0.160 | mean episode return/seat=+4.28
iter 2080/5000 (41.60%) | elapsed=36m 29s | eta=51m 13s | loss=0.0172 | eps=0.320 | mean turn reward=+0.156 | mean episode return/seat=+4.10
iter 2081/5000 (41.62%) | elapsed=36m 30s | eta=51m 12s | loss=0.0210 | eps=0.320 | mean turn reward=+0.156 | mean episode return/seat=+4.11
iter 2082/5000 (41.64%) | elapsed=36m 31s | eta=51m 11s | loss=0.0198 | eps=0.319 | mean turn reward=+0.161 | mean episode return/seat=+4.27
iter 2083/5000 (41.66%) | elapsed=36m 32s | eta=51m 10s | loss=0.0207 | eps=0.319 | mean turn reward=+0.158 | mean episode return/seat=+4.16
iter 2084/5000 (41.68%) | elapsed=36m 33s | eta=51m 09s | loss=0.0198 | eps=0.318 | mean turn reward=+0.161 | mean episode return/seat=+4.24
iter 2085/5000 (41.70%) | elapsed=36m 34s | eta=51m 08s | loss=0.0194 | eps=0.318 | mean turn reward=+0.159 | mean episode return/seat=+4.19
iter 2086/5000 (41.72%) | elapsed=36m 35s | eta=51m 07s | loss=0.0215 | eps=0.317 | mean turn reward=+0.160 | mean episode return/seat=+4.23
iter 2087/5000 (41.74%) | elapsed=36m 36s | eta=51m 06s | loss=0.0190 | eps=0.317 | mean turn reward=+0.160 | mean episode return/seat=+4.22
iter 2088/5000 (41.76%) | elapsed=36m 37s | eta=51m 05s | loss=0.0197 | eps=0.317 | mean turn reward=+0.159 | mean episode return/seat=+4.18
iter 2089/5000 (41.78%) | elapsed=36m 38s | eta=51m 04s | loss=0.0180 | eps=0.316 | mean turn reward=+0.159 | mean episode return/seat=+4.21
iter 2090/5000 (41.80%) | elapsed=36m 39s | eta=51m 03s | loss=0.0193 | eps=0.316 | mean turn reward=+0.158 | mean episode return/seat=+4.10
iter 2091/5000 (41.82%) | elapsed=36m 41s | eta=51m 02s | loss=0.0218 | eps=0.315 | mean turn reward=+0.160 | mean episode return/seat=+4.29
iter 2092/5000 (41.84%) | elapsed=36m 42s | eta=51m 00s | loss=0.0212 | eps=0.315 | mean turn reward=+0.158 | mean episode return/seat=+4.08
iter 2093/5000 (41.86%) | elapsed=36m 43s | eta=50m 59s | loss=0.0201 | eps=0.314 | mean turn reward=+0.158 | mean episode return/seat=+4.14
iter 2094/5000 (41.88%) | elapsed=36m 44s | eta=50m 58s | loss=0.0196 | eps=0.314 | mean turn reward=+0.161 | mean episode return/seat=+4.26
iter 2095/5000 (41.90%) | elapsed=36m 45s | eta=50m 57s | loss=0.0195 | eps=0.313 | mean turn reward=+0.158 | mean episode return/seat=+4.20
iter 2096/5000 (41.92%) | elapsed=36m 46s | eta=50m 56s | loss=0.0212 | eps=0.313 | mean turn reward=+0.159 | mean episode return/seat=+4.17
iter 2097/5000 (41.94%) | elapsed=36m 47s | eta=50m 55s | loss=0.0209 | eps=0.313 | mean turn reward=+0.158 | mean episode return/seat=+4.18
iter 2098/5000 (41.96%) | elapsed=36m 48s | eta=50m 54s | loss=0.0170 | eps=0.312 | mean turn reward=+0.157 | mean episode return/seat=+4.09
iter 2099/5000 (41.98%) | elapsed=36m 49s | eta=50m 53s | loss=0.0215 | eps=0.312 | mean turn reward=+0.158 | mean episode return/seat=+4.18
iter 2100/5000 (42.00%) | elapsed=36m 50s | eta=50m 52s | loss=0.0199 | eps=0.311 | mean turn reward=+0.160 | mean episode return/seat=+4.22
iter 2101/5000 (42.02%) | elapsed=36m 51s | eta=50m 51s | loss=0.0191 | eps=0.311 | mean turn reward=+0.159 | mean episode return/seat=+4.21
iter 2102/5000 (42.04%) | elapsed=36m 52s | eta=50m 50s | loss=0.0230 | eps=0.310 | mean turn reward=+0.160 | mean episode return/seat=+4.25
iter 2103/5000 (42.06%) | elapsed=36m 53s | eta=50m 49s | loss=0.0198 | eps=0.310 | mean turn reward=+0.157 | mean episode return/seat=+4.12
iter 2104/5000 (42.08%) | elapsed=36m 54s | eta=50m 48s | loss=0.0221 | eps=0.309 | mean turn reward=+0.158 | mean episode return/seat=+4.18
iter 2105/5000 (42.10%) | elapsed=36m 55s | eta=50m 47s | loss=0.0222 | eps=0.309 | mean turn reward=+0.160 | mean episode return/seat=+4.22
iter 2106/5000 (42.12%) | elapsed=36m 57s | eta=50m 46s | loss=0.0215 | eps=0.309 | mean turn reward=+0.158 | mean episode return/seat=+4.10
iter 2107/5000 (42.14%) | elapsed=36m 58s | eta=50m 45s | loss=0.0205 | eps=0.308 | mean turn reward=+0.159 | mean episode return/seat=+4.19
iter 2108/5000 (42.16%) | elapsed=36m 59s | eta=50m 44s | loss=0.0205 | eps=0.308 | mean turn reward=+0.158 | mean episode return/seat=+4.17
iter 2109/5000 (42.18%) | elapsed=37m 00s | eta=50m 43s | loss=0.0202 | eps=0.307 | mean turn reward=+0.157 | mean episode return/seat=+4.11
iter 2110/5000 (42.20%) | elapsed=37m 01s | eta=50m 42s | loss=0.0185 | eps=0.307 | mean turn reward=+0.160 | mean episode return/seat=+4.25
iter 2111/5000 (42.22%) | elapsed=37m 02s | eta=50m 41s | loss=0.0216 | eps=0.306 | mean turn reward=+0.158 | mean episode return/seat=+4.13
iter 2112/5000 (42.24%) | elapsed=37m 03s | eta=50m 40s | loss=0.0211 | eps=0.306 | mean turn reward=+0.159 | mean episode return/seat=+4.15
iter 2113/5000 (42.26%) | elapsed=37m 04s | eta=50m 39s | loss=0.0195 | eps=0.305 | mean turn reward=+0.158 | mean episode return/seat=+4.17
iter 2114/5000 (42.28%) | elapsed=37m 05s | eta=50m 38s | loss=0.0188 | eps=0.305 | mean turn reward=+0.159 | mean episode return/seat=+4.19
iter 2115/5000 (42.30%) | elapsed=37m 06s | eta=50m 37s | loss=0.0208 | eps=0.305 | mean turn reward=+0.158 | mean episode return/seat=+4.20
iter 2116/5000 (42.32%) | elapsed=37m 07s | eta=50m 36s | loss=0.0200 | eps=0.304 | mean turn reward=+0.161 | mean episode return/seat=+4.23
iter 2117/5000 (42.34%) | elapsed=37m 08s | eta=50m 35s | loss=0.0203 | eps=0.304 | mean turn reward=+0.160 | mean episode return/seat=+4.26
iter 2118/5000 (42.36%) | elapsed=37m 09s | eta=50m 34s | loss=0.0198 | eps=0.303 | mean turn reward=+0.158 | mean episode return/seat=+4.17
iter 2119/5000 (42.38%) | elapsed=37m 10s | eta=50m 33s | loss=0.0191 | eps=0.303 | mean turn reward=+0.158 | mean episode return/seat=+4.20
iter 2120/5000 (42.40%) | elapsed=37m 11s | eta=50m 32s | loss=0.0192 | eps=0.302 | mean turn reward=+0.157 | mean episode return/seat=+4.13
iter 2121/5000 (42.42%) | elapsed=37m 13s | eta=50m 31s | loss=0.0216 | eps=0.302 | mean turn reward=+0.160 | mean episode return/seat=+4.27
iter 2122/5000 (42.44%) | elapsed=37m 14s | eta=50m 30s | loss=0.0188 | eps=0.301 | mean turn reward=+0.159 | mean episode return/seat=+4.16
iter 2123/5000 (42.46%) | elapsed=37m 15s | eta=50m 29s | loss=0.0198 | eps=0.301 | mean turn reward=+0.161 | mean episode return/seat=+4.27
iter 2124/5000 (42.48%) | elapsed=37m 16s | eta=50m 28s | loss=0.0198 | eps=0.300 | mean turn reward=+0.160 | mean episode return/seat=+4.19
iter 2125/5000 (42.50%) | elapsed=37m 17s | eta=50m 26s | loss=0.0195 | eps=0.300 | mean turn reward=+0.157 | mean episode return/seat=+4.11
iter 2126/5000 (42.52%) | elapsed=37m 18s | eta=50m 26s | loss=0.0212 | eps=0.300 | mean turn reward=+0.160 | mean episode return/seat=+4.24
iter 2127/5000 (42.54%) | elapsed=37m 19s | eta=50m 25s | loss=0.0192 | eps=0.299 | mean turn reward=+0.159 | mean episode return/seat=+4.19
iter 2128/5000 (42.56%) | elapsed=37m 20s | eta=50m 23s | loss=0.0208 | eps=0.299 | mean turn reward=+0.160 | mean episode return/seat=+4.20
iter 2129/5000 (42.58%) | elapsed=37m 21s | eta=50m 22s | loss=0.0169 | eps=0.298 | mean turn reward=+0.156 | mean episode return/seat=+4.08
iter 2130/5000 (42.60%) | elapsed=37m 22s | eta=50m 21s | loss=0.0179 | eps=0.298 | mean turn reward=+0.160 | mean episode return/seat=+4.21
iter 2131/5000 (42.62%) | elapsed=37m 23s | eta=50m 20s | loss=0.0183 | eps=0.297 | mean turn reward=+0.158 | mean episode return/seat=+4.16
iter 2132/5000 (42.64%) | elapsed=37m 24s | eta=50m 19s | loss=0.0188 | eps=0.297 | mean turn reward=+0.157 | mean episode return/seat=+4.08
iter 2133/5000 (42.66%) | elapsed=37m 25s | eta=50m 18s | loss=0.0182 | eps=0.296 | mean turn reward=+0.159 | mean episode return/seat=+4.16
iter 2134/5000 (42.68%) | elapsed=37m 27s | eta=50m 17s | loss=0.0219 | eps=0.296 | mean turn reward=+0.158 | mean episode return/seat=+4.15
iter 2135/5000 (42.70%) | elapsed=37m 28s | eta=50m 16s | loss=0.0201 | eps=0.296 | mean turn reward=+0.162 | mean episode return/seat=+4.27
iter 2136/5000 (42.72%) | elapsed=37m 29s | eta=50m 15s | loss=0.0179 | eps=0.295 | mean turn reward=+0.158 | mean episode return/seat=+4.17
iter 2137/5000 (42.74%) | elapsed=37m 30s | eta=50m 14s | loss=0.0203 | eps=0.295 | mean turn reward=+0.160 | mean episode return/seat=+4.22
iter 2138/5000 (42.76%) | elapsed=37m 31s | eta=50m 13s | loss=0.0183 | eps=0.294 | mean turn reward=+0.157 | mean episode return/seat=+4.16
iter 2139/5000 (42.78%) | elapsed=37m 32s | eta=50m 12s | loss=0.0192 | eps=0.294 | mean turn reward=+0.160 | mean episode return/seat=+4.22
iter 2140/5000 (42.80%) | elapsed=37m 33s | eta=50m 11s | loss=0.0219 | eps=0.293 | mean turn reward=+0.159 | mean episode return/seat=+4.19
iter 2141/5000 (42.82%) | elapsed=37m 34s | eta=50m 10s | loss=0.0236 | eps=0.293 | mean turn reward=+0.160 | mean episode return/seat=+4.21
iter 2142/5000 (42.84%) | elapsed=37m 35s | eta=50m 09s | loss=0.0211 | eps=0.292 | mean turn reward=+0.156 | mean episode return/seat=+4.11
iter 2143/5000 (42.86%) | elapsed=37m 36s | eta=50m 08s | loss=0.0191 | eps=0.292 | mean turn reward=+0.157 | mean episode return/seat=+4.08
iter 2144/5000 (42.88%) | elapsed=37m 37s | eta=50m 07s | loss=0.0194 | eps=0.292 | mean turn reward=+0.158 | mean episode return/seat=+4.19
iter 2145/5000 (42.90%) | elapsed=37m 38s | eta=50m 06s | loss=0.0202 | eps=0.291 | mean turn reward=+0.161 | mean episode return/seat=+4.22
iter 2146/5000 (42.92%) | elapsed=37m 39s | eta=50m 05s | loss=0.0203 | eps=0.291 | mean turn reward=+0.158 | mean episode return/seat=+4.19
iter 2147/5000 (42.94%) | elapsed=37m 40s | eta=50m 04s | loss=0.0180 | eps=0.290 | mean turn reward=+0.160 | mean episode return/seat=+4.21
iter 2148/5000 (42.96%) | elapsed=37m 41s | eta=50m 03s | loss=0.0183 | eps=0.290 | mean turn reward=+0.160 | mean episode return/seat=+4.21
iter 2149/5000 (42.98%) | elapsed=37m 42s | eta=50m 02s | loss=0.0220 | eps=0.289 | mean turn reward=+0.158 | mean episode return/seat=+4.15
iter 2150/5000 (43.00%) | elapsed=37m 43s | eta=50m 01s | loss=0.0187 | eps=0.289 | mean turn reward=+0.159 | mean episode return/seat=+4.16
iter 2151/5000 (43.02%) | elapsed=37m 45s | eta=50m 00s | loss=0.0201 | eps=0.288 | mean turn reward=+0.157 | mean episode return/seat=+4.12
iter 2152/5000 (43.04%) | elapsed=37m 46s | eta=49m 59s | loss=0.0213 | eps=0.288 | mean turn reward=+0.161 | mean episode return/seat=+4.25
iter 2153/5000 (43.06%) | elapsed=37m 47s | eta=49m 57s | loss=0.0199 | eps=0.288 | mean turn reward=+0.157 | mean episode return/seat=+4.13
iter 2154/5000 (43.08%) | elapsed=37m 48s | eta=49m 56s | loss=0.0222 | eps=0.287 | mean turn reward=+0.160 | mean episode return/seat=+4.23
iter 2155/5000 (43.10%) | elapsed=37m 49s | eta=49m 55s | loss=0.0211 | eps=0.287 | mean turn reward=+0.160 | mean episode return/seat=+4.25
iter 2156/5000 (43.12%) | elapsed=37m 50s | eta=49m 54s | loss=0.0193 | eps=0.286 | mean turn reward=+0.159 | mean episode return/seat=+4.21
iter 2157/5000 (43.14%) | elapsed=37m 51s | eta=49m 53s | loss=0.0199 | eps=0.286 | mean turn reward=+0.159 | mean episode return/seat=+4.19
iter 2158/5000 (43.16%) | elapsed=37m 52s | eta=49m 52s | loss=0.0183 | eps=0.285 | mean turn reward=+0.157 | mean episode return/seat=+4.08
iter 2159/5000 (43.18%) | elapsed=37m 53s | eta=49m 51s | loss=0.0208 | eps=0.285 | mean turn reward=+0.158 | mean episode return/seat=+4.16
iter 2160/5000 (43.20%) | elapsed=37m 54s | eta=49m 50s | loss=0.0171 | eps=0.284 | mean turn reward=+0.158 | mean episode return/seat=+4.17
iter 2161/5000 (43.22%) | elapsed=37m 55s | eta=49m 49s | loss=0.0193 | eps=0.284 | mean turn reward=+0.156 | mean episode return/seat=+4.05
iter 2162/5000 (43.24%) | elapsed=37m 56s | eta=49m 48s | loss=0.0223 | eps=0.284 | mean turn reward=+0.157 | mean episode return/seat=+4.12
iter 2163/5000 (43.26%) | elapsed=37m 57s | eta=49m 47s | loss=0.0183 | eps=0.283 | mean turn reward=+0.158 | mean episode return/seat=+4.13
iter 2164/5000 (43.28%) | elapsed=37m 59s | eta=49m 46s | loss=0.0172 | eps=0.283 | mean turn reward=+0.158 | mean episode return/seat=+4.17
iter 2165/5000 (43.30%) | elapsed=38m 00s | eta=49m 45s | loss=0.0193 | eps=0.282 | mean turn reward=+0.159 | mean episode return/seat=+4.19
iter 2166/5000 (43.32%) | elapsed=38m 01s | eta=49m 44s | loss=0.0189 | eps=0.282 | mean turn reward=+0.158 | mean episode return/seat=+4.13
iter 2167/5000 (43.34%) | elapsed=38m 02s | eta=49m 43s | loss=0.0237 | eps=0.281 | mean turn reward=+0.159 | mean episode return/seat=+4.14
iter 2168/5000 (43.36%) | elapsed=38m 03s | eta=49m 42s | loss=0.0233 | eps=0.281 | mean turn reward=+0.161 | mean episode return/seat=+4.31
iter 2169/5000 (43.38%) | elapsed=38m 04s | eta=49m 41s | loss=0.0222 | eps=0.280 | mean turn reward=+0.158 | mean episode return/seat=+4.07
iter 2170/5000 (43.40%) | elapsed=38m 05s | eta=49m 40s | loss=0.0191 | eps=0.280 | mean turn reward=+0.159 | mean episode return/seat=+4.19
iter 2171/5000 (43.42%) | elapsed=38m 06s | eta=49m 39s | loss=0.0200 | eps=0.279 | mean turn reward=+0.160 | mean episode return/seat=+4.21
iter 2172/5000 (43.44%) | elapsed=38m 07s | eta=49m 38s | loss=0.0198 | eps=0.279 | mean turn reward=+0.157 | mean episode return/seat=+4.12
iter 2173/5000 (43.46%) | elapsed=38m 08s | eta=49m 37s | loss=0.0217 | eps=0.279 | mean turn reward=+0.160 | mean episode return/seat=+4.23
iter 2174/5000 (43.48%) | elapsed=38m 09s | eta=49m 36s | loss=0.0184 | eps=0.278 | mean turn reward=+0.159 | mean episode return/seat=+4.15
iter 2175/5000 (43.50%) | elapsed=38m 10s | eta=49m 35s | loss=0.0185 | eps=0.278 | mean turn reward=+0.158 | mean episode return/seat=+4.14
iter 2176/5000 (43.52%) | elapsed=38m 11s | eta=49m 34s | loss=0.0181 | eps=0.277 | mean turn reward=+0.159 | mean episode return/seat=+4.21
iter 2177/5000 (43.54%) | elapsed=38m 12s | eta=49m 33s | loss=0.0207 | eps=0.277 | mean turn reward=+0.158 | mean episode return/seat=+4.15
iter 2178/5000 (43.56%) | elapsed=38m 13s | eta=49m 32s | loss=0.0191 | eps=0.276 | mean turn reward=+0.161 | mean episode return/seat=+4.24
iter 2179/5000 (43.58%) | elapsed=38m 14s | eta=49m 31s | loss=0.0172 | eps=0.276 | mean turn reward=+0.159 | mean episode return/seat=+4.19
iter 2180/5000 (43.60%) | elapsed=38m 16s | eta=49m 30s | loss=0.0212 | eps=0.275 | mean turn reward=+0.161 | mean episode return/seat=+4.29
iter 2181/5000 (43.62%) | elapsed=38m 17s | eta=49m 29s | loss=0.0166 | eps=0.275 | mean turn reward=+0.163 | mean episode return/seat=+4.33
iter 2182/5000 (43.64%) | elapsed=38m 18s | eta=49m 28s | loss=0.0204 | eps=0.275 | mean turn reward=+0.160 | mean episode return/seat=+4.24
iter 2183/5000 (43.66%) | elapsed=38m 19s | eta=49m 27s | loss=0.0198 | eps=0.274 | mean turn reward=+0.162 | mean episode return/seat=+4.34
iter 2184/5000 (43.68%) | elapsed=38m 20s | eta=49m 26s | loss=0.0216 | eps=0.274 | mean turn reward=+0.161 | mean episode return/seat=+4.29
iter 2185/5000 (43.70%) | elapsed=38m 21s | eta=49m 25s | loss=0.0189 | eps=0.273 | mean turn reward=+0.157 | mean episode return/seat=+4.10
iter 2186/5000 (43.72%) | elapsed=38m 22s | eta=49m 24s | loss=0.0184 | eps=0.273 | mean turn reward=+0.158 | mean episode return/seat=+4.15
iter 2187/5000 (43.74%) | elapsed=38m 23s | eta=49m 22s | loss=0.0192 | eps=0.272 | mean turn reward=+0.158 | mean episode return/seat=+4.20
iter 2188/5000 (43.76%) | elapsed=38m 24s | eta=49m 21s | loss=0.0189 | eps=0.272 | mean turn reward=+0.159 | mean episode return/seat=+4.19
iter 2189/5000 (43.78%) | elapsed=38m 25s | eta=49m 20s | loss=0.0203 | eps=0.271 | mean turn reward=+0.161 | mean episode return/seat=+4.22
iter 2190/5000 (43.80%) | elapsed=38m 26s | eta=49m 19s | loss=0.0205 | eps=0.271 | mean turn reward=+0.161 | mean episode return/seat=+4.24
iter 2191/5000 (43.82%) | elapsed=38m 27s | eta=49m 18s | loss=0.0207 | eps=0.271 | mean turn reward=+0.160 | mean episode return/seat=+4.23
iter 2192/5000 (43.84%) | elapsed=38m 28s | eta=49m 17s | loss=0.0176 | eps=0.270 | mean turn reward=+0.156 | mean episode return/seat=+4.13
iter 2193/5000 (43.86%) | elapsed=38m 29s | eta=49m 16s | loss=0.0204 | eps=0.270 | mean turn reward=+0.160 | mean episode return/seat=+4.21
iter 2194/5000 (43.88%) | elapsed=38m 31s | eta=49m 15s | loss=0.0188 | eps=0.269 | mean turn reward=+0.160 | mean episode return/seat=+4.23
iter 2195/5000 (43.90%) | elapsed=38m 32s | eta=49m 14s | loss=0.0191 | eps=0.269 | mean turn reward=+0.160 | mean episode return/seat=+4.25
iter 2196/5000 (43.92%) | elapsed=38m 33s | eta=49m 13s | loss=0.0208 | eps=0.268 | mean turn reward=+0.158 | mean episode return/seat=+4.13
iter 2197/5000 (43.94%) | elapsed=38m 34s | eta=49m 12s | loss=0.0222 | eps=0.268 | mean turn reward=+0.158 | mean episode return/seat=+4.15
iter 2198/5000 (43.96%) | elapsed=38m 35s | eta=49m 11s | loss=0.0190 | eps=0.267 | mean turn reward=+0.158 | mean episode return/seat=+4.13
iter 2199/5000 (43.98%) | elapsed=38m 36s | eta=49m 10s | loss=0.0182 | eps=0.267 | mean turn reward=+0.164 | mean episode return/seat=+4.31
iter 2200/5000 (44.00%) | elapsed=38m 37s | eta=49m 09s | loss=0.0196 | eps=0.267 | mean turn reward=+0.160 | mean episode return/seat=+4.24
iter 2201/5000 (44.02%) | elapsed=38m 38s | eta=49m 08s | loss=0.0180 | eps=0.266 | mean turn reward=+0.158 | mean episode return/seat=+4.15
iter 2202/5000 (44.04%) | elapsed=38m 39s | eta=49m 07s | loss=0.0198 | eps=0.266 | mean turn reward=+0.161 | mean episode return/seat=+4.23
iter 2203/5000 (44.06%) | elapsed=38m 40s | eta=49m 06s | loss=0.0192 | eps=0.265 | mean turn reward=+0.158 | mean episode return/seat=+4.14
iter 2204/5000 (44.08%) | elapsed=38m 41s | eta=49m 05s | loss=0.0177 | eps=0.265 | mean turn reward=+0.159 | mean episode return/seat=+4.20
iter 2205/5000 (44.10%) | elapsed=38m 42s | eta=49m 04s | loss=0.0192 | eps=0.264 | mean turn reward=+0.159 | mean episode return/seat=+4.19
iter 2206/5000 (44.12%) | elapsed=38m 43s | eta=49m 03s | loss=0.0193 | eps=0.264 | mean turn reward=+0.159 | mean episode return/seat=+4.20
iter 2207/5000 (44.14%) | elapsed=38m 44s | eta=49m 02s | loss=0.0192 | eps=0.263 | mean turn reward=+0.159 | mean episode return/seat=+4.16
iter 2208/5000 (44.16%) | elapsed=38m 45s | eta=49m 01s | loss=0.0208 | eps=0.263 | mean turn reward=+0.158 | mean episode return/seat=+4.12
iter 2209/5000 (44.18%) | elapsed=38m 46s | eta=49m 00s | loss=0.0187 | eps=0.263 | mean turn reward=+0.158 | mean episode return/seat=+4.13
iter 2210/5000 (44.20%) | elapsed=38m 48s | eta=48m 59s | loss=0.0196 | eps=0.262 | mean turn reward=+0.160 | mean episode return/seat=+4.21
iter 2211/5000 (44.22%) | elapsed=38m 49s | eta=48m 57s | loss=0.0191 | eps=0.262 | mean turn reward=+0.160 | mean episode return/seat=+4.23
iter 2212/5000 (44.24%) | elapsed=38m 50s | eta=48m 56s | loss=0.0193 | eps=0.261 | mean turn reward=+0.161 | mean episode return/seat=+4.26
iter 2213/5000 (44.26%) | elapsed=38m 51s | eta=48m 55s | loss=0.0206 | eps=0.261 | mean turn reward=+0.160 | mean episode return/seat=+4.20
iter 2214/5000 (44.28%) | elapsed=38m 52s | eta=48m 54s | loss=0.0207 | eps=0.260 | mean turn reward=+0.163 | mean episode return/seat=+4.31
iter 2215/5000 (44.30%) | elapsed=38m 53s | eta=48m 53s | loss=0.0183 | eps=0.260 | mean turn reward=+0.157 | mean episode return/seat=+4.09
iter 2216/5000 (44.32%) | elapsed=38m 54s | eta=48m 52s | loss=0.0186 | eps=0.259 | mean turn reward=+0.159 | mean episode return/seat=+4.19
iter 2217/5000 (44.34%) | elapsed=38m 55s | eta=48m 51s | loss=0.0192 | eps=0.259 | mean turn reward=+0.159 | mean episode return/seat=+4.15
iter 2218/5000 (44.36%) | elapsed=38m 56s | eta=48m 50s | loss=0.0194 | eps=0.258 | mean turn reward=+0.158 | mean episode return/seat=+4.15
iter 2219/5000 (44.38%) | elapsed=38m 57s | eta=48m 49s | loss=0.0188 | eps=0.258 | mean turn reward=+0.161 | mean episode return/seat=+4.23
iter 2220/5000 (44.40%) | elapsed=38m 58s | eta=48m 48s | loss=0.0176 | eps=0.258 | mean turn reward=+0.161 | mean episode return/seat=+4.26
iter 2221/5000 (44.42%) | elapsed=38m 59s | eta=48m 47s | loss=0.0195 | eps=0.257 | mean turn reward=+0.162 | mean episode return/seat=+4.27
iter 2222/5000 (44.44%) | elapsed=39m 00s | eta=48m 46s | loss=0.0191 | eps=0.257 | mean turn reward=+0.160 | mean episode return/seat=+4.24
iter 2223/5000 (44.46%) | elapsed=39m 01s | eta=48m 45s | loss=0.0188 | eps=0.256 | mean turn reward=+0.162 | mean episode return/seat=+4.27
iter 2224/5000 (44.48%) | elapsed=39m 02s | eta=48m 44s | loss=0.0187 | eps=0.256 | mean turn reward=+0.161 | mean episode return/seat=+4.24
iter 2225/5000 (44.50%) | elapsed=39m 03s | eta=48m 43s | loss=0.0188 | eps=0.255 | mean turn reward=+0.160 | mean episode return/seat=+4.19
iter 2226/5000 (44.52%) | elapsed=39m 05s | eta=48m 42s | loss=0.0214 | eps=0.255 | mean turn reward=+0.162 | mean episode return/seat=+4.28
iter 2227/5000 (44.54%) | elapsed=39m 06s | eta=48m 41s | loss=0.0173 | eps=0.254 | mean turn reward=+0.159 | mean episode return/seat=+4.19
iter 2228/5000 (44.56%) | elapsed=39m 07s | eta=48m 40s | loss=0.0202 | eps=0.254 | mean turn reward=+0.160 | mean episode return/seat=+4.19
iter 2229/5000 (44.58%) | elapsed=39m 08s | eta=48m 39s | loss=0.0216 | eps=0.254 | mean turn reward=+0.161 | mean episode return/seat=+4.23
iter 2230/5000 (44.60%) | elapsed=39m 09s | eta=48m 38s | loss=0.0202 | eps=0.253 | mean turn reward=+0.160 | mean episode return/seat=+4.26
iter 2231/5000 (44.62%) | elapsed=39m 10s | eta=48m 37s | loss=0.0201 | eps=0.253 | mean turn reward=+0.159 | mean episode return/seat=+4.18
iter 2232/5000 (44.64%) | elapsed=39m 11s | eta=48m 35s | loss=0.0184 | eps=0.252 | mean turn reward=+0.161 | mean episode return/seat=+4.25
iter 2233/5000 (44.66%) | elapsed=39m 12s | eta=48m 34s | loss=0.0203 | eps=0.252 | mean turn reward=+0.161 | mean episode return/seat=+4.26
iter 2234/5000 (44.68%) | elapsed=39m 13s | eta=48m 33s | loss=0.0186 | eps=0.251 | mean turn reward=+0.161 | mean episode return/seat=+4.26
iter 2235/5000 (44.70%) | elapsed=39m 14s | eta=48m 32s | loss=0.0219 | eps=0.251 | mean turn reward=+0.162 | mean episode return/seat=+4.27
iter 2236/5000 (44.72%) | elapsed=39m 15s | eta=48m 31s | loss=0.0209 | eps=0.250 | mean turn reward=+0.161 | mean episode return/seat=+4.27
iter 2237/5000 (44.74%) | elapsed=39m 16s | eta=48m 30s | loss=0.0174 | eps=0.250 | mean turn reward=+0.161 | mean episode return/seat=+4.20
iter 2238/5000 (44.76%) | elapsed=39m 17s | eta=48m 29s | loss=0.0187 | eps=0.250 | mean turn reward=+0.163 | mean episode return/seat=+4.31
iter 2239/5000 (44.78%) | elapsed=39m 18s | eta=48m 28s | loss=0.0209 | eps=0.249 | mean turn reward=+0.157 | mean episode return/seat=+4.13
iter 2240/5000 (44.80%) | elapsed=39m 19s | eta=48m 27s | loss=0.0225 | eps=0.249 | mean turn reward=+0.160 | mean episode return/seat=+4.20
iter 2241/5000 (44.82%) | elapsed=39m 20s | eta=48m 26s | loss=0.0215 | eps=0.248 | mean turn reward=+0.160 | mean episode return/seat=+4.14
iter 2242/5000 (44.84%) | elapsed=39m 21s | eta=48m 25s | loss=0.0203 | eps=0.248 | mean turn reward=+0.160 | mean episode return/seat=+4.24
iter 2243/5000 (44.86%) | elapsed=39m 22s | eta=48m 24s | loss=0.0211 | eps=0.248 | mean turn reward=+0.161 | mean episode return/seat=+4.22
iter 2244/5000 (44.88%) | elapsed=39m 23s | eta=48m 23s | loss=0.0216 | eps=0.247 | mean turn reward=+0.161 | mean episode return/seat=+4.20
iter 2245/5000 (44.90%) | elapsed=39m 24s | eta=48m 22s | loss=0.0198 | eps=0.247 | mean turn reward=+0.158 | mean episode return/seat=+4.13
iter 2246/5000 (44.92%) | elapsed=39m 25s | eta=48m 21s | loss=0.0202 | eps=0.247 | mean turn reward=+0.160 | mean episode return/seat=+4.24
iter 2247/5000 (44.94%) | elapsed=39m 26s | eta=48m 19s | loss=0.0192 | eps=0.246 | mean turn reward=+0.160 | mean episode return/seat=+4.18
iter 2248/5000 (44.96%) | elapsed=39m 28s | eta=48m 18s | loss=0.0169 | eps=0.246 | mean turn reward=+0.162 | mean episode return/seat=+4.25
iter 2249/5000 (44.98%) | elapsed=39m 29s | eta=48m 17s | loss=0.0189 | eps=0.246 | mean turn reward=+0.158 | mean episode return/seat=+4.13
iter 2250/5000 (45.00%) | elapsed=39m 30s | eta=48m 16s | loss=0.0190 | eps=0.245 | mean turn reward=+0.164 | mean episode return/seat=+4.35
iter 2251/5000 (45.02%) | elapsed=39m 31s | eta=48m 15s | loss=0.0201 | eps=0.245 | mean turn reward=+0.161 | mean episode return/seat=+4.26
iter 2252/5000 (45.04%) | elapsed=39m 32s | eta=48m 14s | loss=0.0181 | eps=0.244 | mean turn reward=+0.159 | mean episode return/seat=+4.18
iter 2253/5000 (45.06%) | elapsed=39m 33s | eta=48m 13s | loss=0.0186 | eps=0.244 | mean turn reward=+0.161 | mean episode return/seat=+4.18
iter 2254/5000 (45.08%) | elapsed=39m 34s | eta=48m 12s | loss=0.0197 | eps=0.244 | mean turn reward=+0.162 | mean episode return/seat=+4.27
iter 2255/5000 (45.10%) | elapsed=39m 35s | eta=48m 11s | loss=0.0207 | eps=0.243 | mean turn reward=+0.160 | mean episode return/seat=+4.19
iter 2256/5000 (45.12%) | elapsed=39m 36s | eta=48m 10s | loss=0.0178 | eps=0.243 | mean turn reward=+0.160 | mean episode return/seat=+4.19
iter 2257/5000 (45.14%) | elapsed=39m 37s | eta=48m 09s | loss=0.0194 | eps=0.243 | mean turn reward=+0.159 | mean episode return/seat=+4.18
iter 2258/5000 (45.16%) | elapsed=39m 38s | eta=48m 08s | loss=0.0201 | eps=0.242 | mean turn reward=+0.161 | mean episode return/seat=+4.17
iter 2259/5000 (45.18%) | elapsed=39m 39s | eta=48m 07s | loss=0.0211 | eps=0.242 | mean turn reward=+0.159 | mean episode return/seat=+4.20
iter 2260/5000 (45.20%) | elapsed=39m 41s | eta=48m 06s | loss=0.0199 | eps=0.241 | mean turn reward=+0.160 | mean episode return/seat=+4.20
iter 2261/5000 (45.22%) | elapsed=39m 42s | eta=48m 05s | loss=0.0190 | eps=0.241 | mean turn reward=+0.162 | mean episode return/seat=+4.21
iter 2262/5000 (45.24%) | elapsed=39m 43s | eta=48m 04s | loss=0.0194 | eps=0.241 | mean turn reward=+0.162 | mean episode return/seat=+4.28
iter 2263/5000 (45.26%) | elapsed=39m 44s | eta=48m 03s | loss=0.0188 | eps=0.240 | mean turn reward=+0.161 | mean episode return/seat=+4.22
iter 2264/5000 (45.28%) | elapsed=39m 45s | eta=48m 02s | loss=0.0176 | eps=0.240 | mean turn reward=+0.161 | mean episode return/seat=+4.24
iter 2265/5000 (45.30%) | elapsed=39m 46s | eta=48m 01s | loss=0.0188 | eps=0.240 | mean turn reward=+0.159 | mean episode return/seat=+4.20
iter 2266/5000 (45.32%) | elapsed=39m 47s | eta=48m 00s | loss=0.0209 | eps=0.239 | mean turn reward=+0.162 | mean episode return/seat=+4.25
iter 2267/5000 (45.34%) | elapsed=39m 48s | eta=47m 59s | loss=0.0186 | eps=0.239 | mean turn reward=+0.161 | mean episode return/seat=+4.26
iter 2268/5000 (45.36%) | elapsed=39m 49s | eta=47m 58s | loss=0.0186 | eps=0.238 | mean turn reward=+0.162 | mean episode return/seat=+4.26
iter 2269/5000 (45.38%) | elapsed=39m 50s | eta=47m 57s | loss=0.0192 | eps=0.238 | mean turn reward=+0.160 | mean episode return/seat=+4.22
iter 2270/5000 (45.40%) | elapsed=39m 52s | eta=47m 56s | loss=0.0180 | eps=0.238 | mean turn reward=+0.163 | mean episode return/seat=+4.32
iter 2271/5000 (45.42%) | elapsed=39m 53s | eta=47m 55s | loss=0.0182 | eps=0.237 | mean turn reward=+0.161 | mean episode return/seat=+4.29
iter 2272/5000 (45.44%) | elapsed=39m 54s | eta=47m 54s | loss=0.0193 | eps=0.237 | mean turn reward=+0.161 | mean episode return/seat=+4.26
iter 2273/5000 (45.46%) | elapsed=39m 55s | eta=47m 53s | loss=0.0169 | eps=0.237 | mean turn reward=+0.162 | mean episode return/seat=+4.26
iter 2274/5000 (45.48%) | elapsed=39m 56s | eta=47m 52s | loss=0.0199 | eps=0.236 | mean turn reward=+0.160 | mean episode return/seat=+4.22
iter 2275/5000 (45.50%) | elapsed=39m 57s | eta=47m 51s | loss=0.0195 | eps=0.236 | mean turn reward=+0.161 | mean episode return/seat=+4.25
iter 2276/5000 (45.52%) | elapsed=39m 58s | eta=47m 50s | loss=0.0179 | eps=0.235 | mean turn reward=+0.163 | mean episode return/seat=+4.29
iter 2277/5000 (45.54%) | elapsed=39m 59s | eta=47m 49s | loss=0.0175 | eps=0.235 | mean turn reward=+0.161 | mean episode return/seat=+4.26
iter 2278/5000 (45.56%) | elapsed=40m 00s | eta=47m 48s | loss=0.0189 | eps=0.235 | mean turn reward=+0.160 | mean episode return/seat=+4.25
iter 2279/5000 (45.58%) | elapsed=40m 01s | eta=47m 47s | loss=0.0180 | eps=0.234 | mean turn reward=+0.162 | mean episode return/seat=+4.25
iter 2280/5000 (45.60%) | elapsed=40m 02s | eta=47m 46s | loss=0.0185 | eps=0.234 | mean turn reward=+0.158 | mean episode return/seat=+4.11
iter 2281/5000 (45.62%) | elapsed=40m 03s | eta=47m 45s | loss=0.0205 | eps=0.234 | mean turn reward=+0.162 | mean episode return/seat=+4.26
iter 2282/5000 (45.64%) | elapsed=40m 04s | eta=47m 44s | loss=0.0195 | eps=0.233 | mean turn reward=+0.159 | mean episode return/seat=+4.19
iter 2283/5000 (45.66%) | elapsed=40m 06s | eta=47m 43s | loss=0.0232 | eps=0.233 | mean turn reward=+0.159 | mean episode return/seat=+4.15
iter 2284/5000 (45.68%) | elapsed=40m 07s | eta=47m 42s | loss=0.0192 | eps=0.232 | mean turn reward=+0.162 | mean episode return/seat=+4.25
iter 2285/5000 (45.70%) | elapsed=40m 08s | eta=47m 41s | loss=0.0213 | eps=0.232 | mean turn reward=+0.161 | mean episode return/seat=+4.23
iter 2286/5000 (45.72%) | elapsed=40m 09s | eta=47m 40s | loss=0.0190 | eps=0.232 | mean turn reward=+0.161 | mean episode return/seat=+4.21
iter 2287/5000 (45.74%) | elapsed=40m 10s | eta=47m 39s | loss=0.0208 | eps=0.231 | mean turn reward=+0.161 | mean episode return/seat=+4.27
iter 2288/5000 (45.76%) | elapsed=40m 11s | eta=47m 38s | loss=0.0192 | eps=0.231 | mean turn reward=+0.161 | mean episode return/seat=+4.25
iter 2289/5000 (45.78%) | elapsed=40m 12s | eta=47m 36s | loss=0.0198 | eps=0.231 | mean turn reward=+0.161 | mean episode return/seat=+4.21
iter 2290/5000 (45.80%) | elapsed=40m 13s | eta=47m 35s | loss=0.0198 | eps=0.230 | mean turn reward=+0.162 | mean episode return/seat=+4.26
iter 2291/5000 (45.82%) | elapsed=40m 14s | eta=47m 34s | loss=0.0191 | eps=0.230 | mean turn reward=+0.159 | mean episode return/seat=+4.21
iter 2292/5000 (45.84%) | elapsed=40m 15s | eta=47m 33s | loss=0.0211 | eps=0.229 | mean turn reward=+0.164 | mean episode return/seat=+4.35
iter 2293/5000 (45.86%) | elapsed=40m 16s | eta=47m 32s | loss=0.0186 | eps=0.229 | mean turn reward=+0.162 | mean episode return/seat=+4.28
iter 2294/5000 (45.88%) | elapsed=40m 17s | eta=47m 31s | loss=0.0179 | eps=0.229 | mean turn reward=+0.159 | mean episode return/seat=+4.16
iter 2295/5000 (45.90%) | elapsed=40m 18s | eta=47m 30s | loss=0.0167 | eps=0.228 | mean turn reward=+0.162 | mean episode return/seat=+4.28
iter 2296/5000 (45.92%) | elapsed=40m 19s | eta=47m 29s | loss=0.0174 | eps=0.228 | mean turn reward=+0.159 | mean episode return/seat=+4.17
iter 2297/5000 (45.94%) | elapsed=40m 20s | eta=47m 28s | loss=0.0192 | eps=0.228 | mean turn reward=+0.159 | mean episode return/seat=+4.16
iter 2298/5000 (45.96%) | elapsed=40m 21s | eta=47m 27s | loss=0.0208 | eps=0.227 | mean turn reward=+0.160 | mean episode return/seat=+4.23
iter 2299/5000 (45.98%) | elapsed=40m 22s | eta=47m 26s | loss=0.0198 | eps=0.227 | mean turn reward=+0.160 | mean episode return/seat=+4.24
iter 2300/5000 (46.00%) | elapsed=40m 23s | eta=47m 25s | loss=0.0179 | eps=0.227 | mean turn reward=+0.165 | mean episode return/seat=+4.36
iter 2301/5000 (46.02%) | elapsed=40m 24s | eta=47m 24s | loss=0.0212 | eps=0.226 | mean turn reward=+0.160 | mean episode return/seat=+4.18
iter 2302/5000 (46.04%) | elapsed=40m 25s | eta=47m 23s | loss=0.0204 | eps=0.226 | mean turn reward=+0.161 | mean episode return/seat=+4.22
iter 2303/5000 (46.06%) | elapsed=40m 27s | eta=47m 22s | loss=0.0194 | eps=0.225 | mean turn reward=+0.160 | mean episode return/seat=+4.20
iter 2304/5000 (46.08%) | elapsed=40m 28s | eta=47m 21s | loss=0.0180 | eps=0.225 | mean turn reward=+0.159 | mean episode return/seat=+4.14
iter 2305/5000 (46.10%) | elapsed=40m 29s | eta=47m 20s | loss=0.0205 | eps=0.225 | mean turn reward=+0.162 | mean episode return/seat=+4.31
iter 2306/5000 (46.12%) | elapsed=40m 30s | eta=47m 18s | loss=0.0186 | eps=0.224 | mean turn reward=+0.162 | mean episode return/seat=+4.24
iter 2307/5000 (46.14%) | elapsed=40m 31s | eta=47m 17s | loss=0.0199 | eps=0.224 | mean turn reward=+0.162 | mean episode return/seat=+4.30
iter 2308/5000 (46.16%) | elapsed=40m 32s | eta=47m 16s | loss=0.0180 | eps=0.224 | mean turn reward=+0.160 | mean episode return/seat=+4.20
iter 2309/5000 (46.18%) | elapsed=40m 33s | eta=47m 15s | loss=0.0198 | eps=0.223 | mean turn reward=+0.159 | mean episode return/seat=+4.19
iter 2310/5000 (46.20%) | elapsed=40m 34s | eta=47m 14s | loss=0.0185 | eps=0.223 | mean turn reward=+0.163 | mean episode return/seat=+4.35
iter 2311/5000 (46.22%) | elapsed=40m 35s | eta=47m 13s | loss=0.0218 | eps=0.222 | mean turn reward=+0.160 | mean episode return/seat=+4.20
iter 2312/5000 (46.24%) | elapsed=40m 36s | eta=47m 12s | loss=0.0222 | eps=0.222 | mean turn reward=+0.161 | mean episode return/seat=+4.28
iter 2313/5000 (46.26%) | elapsed=40m 37s | eta=47m 11s | loss=0.0170 | eps=0.222 | mean turn reward=+0.160 | mean episode return/seat=+4.16
iter 2314/5000 (46.28%) | elapsed=40m 38s | eta=47m 10s | loss=0.0195 | eps=0.221 | mean turn reward=+0.162 | mean episode return/seat=+4.27
iter 2315/5000 (46.30%) | elapsed=40m 39s | eta=47m 09s | loss=0.0242 | eps=0.221 | mean turn reward=+0.161 | mean episode return/seat=+4.26
iter 2316/5000 (46.32%) | elapsed=40m 40s | eta=47m 08s | loss=0.0173 | eps=0.221 | mean turn reward=+0.162 | mean episode return/seat=+4.24
iter 2317/5000 (46.34%) | elapsed=40m 41s | eta=47m 07s | loss=0.0167 | eps=0.220 | mean turn reward=+0.160 | mean episode return/seat=+4.19
iter 2318/5000 (46.36%) | elapsed=40m 42s | eta=47m 06s | loss=0.0173 | eps=0.220 | mean turn reward=+0.162 | mean episode return/seat=+4.24
iter 2319/5000 (46.38%) | elapsed=40m 43s | eta=47m 05s | loss=0.0150 | eps=0.219 | mean turn reward=+0.163 | mean episode return/seat=+4.35
iter 2320/5000 (46.40%) | elapsed=40m 44s | eta=47m 04s | loss=0.0186 | eps=0.219 | mean turn reward=+0.161 | mean episode return/seat=+4.25
iter 2321/5000 (46.42%) | elapsed=40m 45s | eta=47m 03s | loss=0.0192 | eps=0.219 | mean turn reward=+0.162 | mean episode return/seat=+4.29
iter 2322/5000 (46.44%) | elapsed=40m 46s | eta=47m 02s | loss=0.0191 | eps=0.218 | mean turn reward=+0.162 | mean episode return/seat=+4.27
iter 2323/5000 (46.46%) | elapsed=40m 48s | eta=47m 01s | loss=0.0193 | eps=0.218 | mean turn reward=+0.163 | mean episode return/seat=+4.31
iter 2324/5000 (46.48%) | elapsed=40m 49s | eta=46m 59s | loss=0.0189 | eps=0.218 | mean turn reward=+0.161 | mean episode return/seat=+4.24
iter 2325/5000 (46.50%) | elapsed=40m 50s | eta=46m 58s | loss=0.0190 | eps=0.217 | mean turn reward=+0.164 | mean episode return/seat=+4.34
iter 2326/5000 (46.52%) | elapsed=40m 51s | eta=46m 57s | loss=0.0188 | eps=0.217 | mean turn reward=+0.160 | mean episode return/seat=+4.18
iter 2327/5000 (46.54%) | elapsed=40m 52s | eta=46m 56s | loss=0.0195 | eps=0.216 | mean turn reward=+0.163 | mean episode return/seat=+4.33
iter 2328/5000 (46.56%) | elapsed=40m 53s | eta=46m 55s | loss=0.0223 | eps=0.216 | mean turn reward=+0.164 | mean episode return/seat=+4.33
iter 2329/5000 (46.58%) | elapsed=40m 54s | eta=46m 54s | loss=0.0192 | eps=0.216 | mean turn reward=+0.160 | mean episode return/seat=+4.21
iter 2330/5000 (46.60%) | elapsed=40m 55s | eta=46m 53s | loss=0.0179 | eps=0.215 | mean turn reward=+0.160 | mean episode return/seat=+4.20
iter 2331/5000 (46.62%) | elapsed=40m 56s | eta=46m 52s | loss=0.0185 | eps=0.215 | mean turn reward=+0.162 | mean episode return/seat=+4.25
iter 2332/5000 (46.64%) | elapsed=40m 57s | eta=46m 51s | loss=0.0170 | eps=0.215 | mean turn reward=+0.161 | mean episode return/seat=+4.26
iter 2333/5000 (46.66%) | elapsed=40m 58s | eta=46m 50s | loss=0.0186 | eps=0.214 | mean turn reward=+0.160 | mean episode return/seat=+4.19
iter 2334/5000 (46.68%) | elapsed=40m 59s | eta=46m 49s | loss=0.0193 | eps=0.214 | mean turn reward=+0.161 | mean episode return/seat=+4.21
iter 2335/5000 (46.70%) | elapsed=41m 00s | eta=46m 48s | loss=0.0192 | eps=0.213 | mean turn reward=+0.161 | mean episode return/seat=+4.20
iter 2336/5000 (46.72%) | elapsed=41m 01s | eta=46m 47s | loss=0.0199 | eps=0.213 | mean turn reward=+0.162 | mean episode return/seat=+4.29
iter 2337/5000 (46.74%) | elapsed=41m 02s | eta=46m 46s | loss=0.0194 | eps=0.213 | mean turn reward=+0.160 | mean episode return/seat=+4.17
iter 2338/5000 (46.76%) | elapsed=41m 03s | eta=46m 45s | loss=0.0195 | eps=0.212 | mean turn reward=+0.162 | mean episode return/seat=+4.29
iter 2339/5000 (46.78%) | elapsed=41m 04s | eta=46m 44s | loss=0.0203 | eps=0.212 | mean turn reward=+0.161 | mean episode return/seat=+4.20
iter 2340/5000 (46.80%) | elapsed=41m 05s | eta=46m 43s | loss=0.0168 | eps=0.212 | mean turn reward=+0.162 | mean episode return/seat=+4.26
iter 2341/5000 (46.82%) | elapsed=41m 06s | eta=46m 41s | loss=0.0195 | eps=0.211 | mean turn reward=+0.161 | mean episode return/seat=+4.26
iter 2342/5000 (46.84%) | elapsed=41m 07s | eta=46m 40s | loss=0.0182 | eps=0.211 | mean turn reward=+0.161 | mean episode return/seat=+4.23
iter 2343/5000 (46.86%) | elapsed=41m 08s | eta=46m 39s | loss=0.0192 | eps=0.210 | mean turn reward=+0.160 | mean episode return/seat=+4.19
iter 2344/5000 (46.88%) | elapsed=41m 10s | eta=46m 38s | loss=0.0184 | eps=0.210 | mean turn reward=+0.163 | mean episode return/seat=+4.27
iter 2345/5000 (46.90%) | elapsed=41m 11s | eta=46m 37s | loss=0.0219 | eps=0.210 | mean turn reward=+0.161 | mean episode return/seat=+4.22
iter 2346/5000 (46.92%) | elapsed=41m 12s | eta=46m 36s | loss=0.0192 | eps=0.209 | mean turn reward=+0.161 | mean episode return/seat=+4.27
iter 2347/5000 (46.94%) | elapsed=41m 13s | eta=46m 35s | loss=0.0185 | eps=0.209 | mean turn reward=+0.161 | mean episode return/seat=+4.22
iter 2348/5000 (46.96%) | elapsed=41m 14s | eta=46m 34s | loss=0.0195 | eps=0.209 | mean turn reward=+0.161 | mean episode return/seat=+4.20
iter 2349/5000 (46.98%) | elapsed=41m 15s | eta=46m 33s | loss=0.0186 | eps=0.208 | mean turn reward=+0.163 | mean episode return/seat=+4.30
iter 2350/5000 (47.00%) | elapsed=41m 16s | eta=46m 32s | loss=0.0201 | eps=0.208 | mean turn reward=+0.160 | mean episode return/seat=+4.24
iter 2351/5000 (47.02%) | elapsed=41m 17s | eta=46m 31s | loss=0.0176 | eps=0.208 | mean turn reward=+0.161 | mean episode return/seat=+4.24
iter 2352/5000 (47.04%) | elapsed=41m 18s | eta=46m 30s | loss=0.0205 | eps=0.207 | mean turn reward=+0.162 | mean episode return/seat=+4.29
iter 2353/5000 (47.06%) | elapsed=41m 19s | eta=46m 29s | loss=0.0159 | eps=0.207 | mean turn reward=+0.161 | mean episode return/seat=+4.22
iter 2354/5000 (47.08%) | elapsed=41m 20s | eta=46m 28s | loss=0.0203 | eps=0.206 | mean turn reward=+0.160 | mean episode return/seat=+4.20
iter 2355/5000 (47.10%) | elapsed=41m 21s | eta=46m 27s | loss=0.0184 | eps=0.206 | mean turn reward=+0.160 | mean episode return/seat=+4.19
iter 2356/5000 (47.12%) | elapsed=41m 22s | eta=46m 26s | loss=0.0189 | eps=0.206 | mean turn reward=+0.164 | mean episode return/seat=+4.32
iter 2357/5000 (47.14%) | elapsed=41m 23s | eta=46m 25s | loss=0.0217 | eps=0.205 | mean turn reward=+0.161 | mean episode return/seat=+4.25
iter 2358/5000 (47.16%) | elapsed=41m 24s | eta=46m 24s | loss=0.0221 | eps=0.205 | mean turn reward=+0.163 | mean episode return/seat=+4.25
iter 2359/5000 (47.18%) | elapsed=41m 26s | eta=46m 23s | loss=0.0185 | eps=0.205 | mean turn reward=+0.159 | mean episode return/seat=+4.22
iter 2360/5000 (47.20%) | elapsed=41m 27s | eta=46m 22s | loss=0.0181 | eps=0.204 | mean turn reward=+0.162 | mean episode return/seat=+4.25
iter 2361/5000 (47.22%) | elapsed=41m 28s | eta=46m 21s | loss=0.0180 | eps=0.204 | mean turn reward=+0.160 | mean episode return/seat=+4.19
iter 2362/5000 (47.24%) | elapsed=41m 29s | eta=46m 19s | loss=0.0210 | eps=0.203 | mean turn reward=+0.163 | mean episode return/seat=+4.24
iter 2363/5000 (47.26%) | elapsed=41m 30s | eta=46m 18s | loss=0.0189 | eps=0.203 | mean turn reward=+0.164 | mean episode return/seat=+4.35
iter 2364/5000 (47.28%) | elapsed=41m 31s | eta=46m 17s | loss=0.0185 | eps=0.203 | mean turn reward=+0.164 | mean episode return/seat=+4.32
iter 2365/5000 (47.30%) | elapsed=41m 32s | eta=46m 16s | loss=0.0206 | eps=0.202 | mean turn reward=+0.163 | mean episode return/seat=+4.27
iter 2366/5000 (47.32%) | elapsed=41m 33s | eta=46m 15s | loss=0.0209 | eps=0.202 | mean turn reward=+0.163 | mean episode return/seat=+4.36
iter 2367/5000 (47.34%) | elapsed=41m 34s | eta=46m 14s | loss=0.0192 | eps=0.202 | mean turn reward=+0.162 | mean episode return/seat=+4.26
iter 2368/5000 (47.36%) | elapsed=41m 35s | eta=46m 13s | loss=0.0180 | eps=0.201 | mean turn reward=+0.163 | mean episode return/seat=+4.27
iter 2369/5000 (47.38%) | elapsed=41m 36s | eta=46m 12s | loss=0.0212 | eps=0.201 | mean turn reward=+0.161 | mean episode return/seat=+4.16
iter 2370/5000 (47.40%) | elapsed=41m 37s | eta=46m 11s | loss=0.0185 | eps=0.200 | mean turn reward=+0.161 | mean episode return/seat=+4.21
iter 2371/5000 (47.42%) | elapsed=41m 38s | eta=46m 10s | loss=0.0212 | eps=0.200 | mean turn reward=+0.163 | mean episode return/seat=+4.30
iter 2372/5000 (47.44%) | elapsed=41m 39s | eta=46m 09s | loss=0.0205 | eps=0.200 | mean turn reward=+0.161 | mean episode return/seat=+4.26
iter 2373/5000 (47.46%) | elapsed=41m 41s | eta=46m 08s | loss=0.0202 | eps=0.199 | mean turn reward=+0.159 | mean episode return/seat=+4.13
iter 2374/5000 (47.48%) | elapsed=41m 42s | eta=46m 07s | loss=0.0179 | eps=0.199 | mean turn reward=+0.163 | mean episode return/seat=+4.29
iter 2375/5000 (47.50%) | elapsed=41m 43s | eta=46m 06s | loss=0.0198 | eps=0.199 | mean turn reward=+0.161 | mean episode return/seat=+4.24
iter 2376/5000 (47.52%) | elapsed=41m 44s | eta=46m 05s | loss=0.0178 | eps=0.198 | mean turn reward=+0.163 | mean episode return/seat=+4.25
iter 2377/5000 (47.54%) | elapsed=41m 45s | eta=46m 04s | loss=0.0170 | eps=0.198 | mean turn reward=+0.163 | mean episode return/seat=+4.29
iter 2378/5000 (47.56%) | elapsed=41m 46s | eta=46m 03s | loss=0.0193 | eps=0.197 | mean turn reward=+0.163 | mean episode return/seat=+4.27
iter 2379/5000 (47.58%) | elapsed=41m 47s | eta=46m 02s | loss=0.0193 | eps=0.197 | mean turn reward=+0.161 | mean episode return/seat=+4.25
iter 2380/5000 (47.60%) | elapsed=41m 48s | eta=46m 01s | loss=0.0193 | eps=0.197 | mean turn reward=+0.163 | mean episode return/seat=+4.26
iter 2381/5000 (47.62%) | elapsed=41m 49s | eta=46m 00s | loss=0.0173 | eps=0.196 | mean turn reward=+0.162 | mean episode return/seat=+4.21
iter 2382/5000 (47.64%) | elapsed=41m 50s | eta=45m 59s | loss=0.0220 | eps=0.196 | mean turn reward=+0.162 | mean episode return/seat=+4.28
iter 2383/5000 (47.66%) | elapsed=41m 51s | eta=45m 58s | loss=0.0200 | eps=0.196 | mean turn reward=+0.164 | mean episode return/seat=+4.38
iter 2384/5000 (47.68%) | elapsed=41m 53s | eta=45m 57s | loss=0.0189 | eps=0.195 | mean turn reward=+0.162 | mean episode return/seat=+4.25
iter 2385/5000 (47.70%) | elapsed=41m 54s | eta=45m 56s | loss=0.0199 | eps=0.195 | mean turn reward=+0.162 | mean episode return/seat=+4.31
iter 2386/5000 (47.72%) | elapsed=41m 55s | eta=45m 55s | loss=0.0216 | eps=0.194 | mean turn reward=+0.163 | mean episode return/seat=+4.23
iter 2387/5000 (47.74%) | elapsed=41m 56s | eta=45m 54s | loss=0.0180 | eps=0.194 | mean turn reward=+0.167 | mean episode return/seat=+4.46
iter 2388/5000 (47.76%) | elapsed=41m 57s | eta=45m 53s | loss=0.0197 | eps=0.194 | mean turn reward=+0.163 | mean episode return/seat=+4.33
iter 2389/5000 (47.78%) | elapsed=41m 58s | eta=45m 52s | loss=0.0187 | eps=0.193 | mean turn reward=+0.162 | mean episode return/seat=+4.26
iter 2390/5000 (47.80%) | elapsed=41m 59s | eta=45m 51s | loss=0.0201 | eps=0.193 | mean turn reward=+0.161 | mean episode return/seat=+4.24
iter 2391/5000 (47.82%) | elapsed=42m 00s | eta=45m 50s | loss=0.0189 | eps=0.193 | mean turn reward=+0.161 | mean episode return/seat=+4.21
iter 2392/5000 (47.84%) | elapsed=42m 01s | eta=45m 49s | loss=0.0173 | eps=0.192 | mean turn reward=+0.163 | mean episode return/seat=+4.32
iter 2393/5000 (47.86%) | elapsed=42m 02s | eta=45m 48s | loss=0.0191 | eps=0.192 | mean turn reward=+0.162 | mean episode return/seat=+4.29
iter 2394/5000 (47.88%) | elapsed=42m 03s | eta=45m 47s | loss=0.0190 | eps=0.191 | mean turn reward=+0.161 | mean episode return/seat=+4.23
iter 2395/5000 (47.90%) | elapsed=42m 04s | eta=45m 46s | loss=0.0207 | eps=0.191 | mean turn reward=+0.162 | mean episode return/seat=+4.26
iter 2396/5000 (47.92%) | elapsed=42m 05s | eta=45m 45s | loss=0.0195 | eps=0.191 | mean turn reward=+0.163 | mean episode return/seat=+4.25
iter 2397/5000 (47.94%) | elapsed=42m 07s | eta=45m 44s | loss=0.0207 | eps=0.190 | mean turn reward=+0.164 | mean episode return/seat=+4.32
iter 2398/5000 (47.96%) | elapsed=42m 08s | eta=45m 43s | loss=0.0180 | eps=0.190 | mean turn reward=+0.162 | mean episode return/seat=+4.33
iter 2399/5000 (47.98%) | elapsed=42m 09s | eta=45m 42s | loss=0.0173 | eps=0.190 | mean turn reward=+0.164 | mean episode return/seat=+4.32
iter 2400/5000 (48.00%) | elapsed=42m 10s | eta=45m 41s | loss=0.0160 | eps=0.189 | mean turn reward=+0.164 | mean episode return/seat=+4.35
iter 2401/5000 (48.02%) | elapsed=42m 11s | eta=45m 40s | loss=0.0180 | eps=0.189 | mean turn reward=+0.160 | mean episode return/seat=+4.23
iter 2402/5000 (48.04%) | elapsed=42m 12s | eta=45m 39s | loss=0.0185 | eps=0.189 | mean turn reward=+0.163 | mean episode return/seat=+4.30
iter 2403/5000 (48.06%) | elapsed=42m 13s | eta=45m 38s | loss=0.0185 | eps=0.188 | mean turn reward=+0.164 | mean episode return/seat=+4.34
iter 2404/5000 (48.08%) | elapsed=42m 14s | eta=45m 37s | loss=0.0203 | eps=0.188 | mean turn reward=+0.160 | mean episode return/seat=+4.19
iter 2405/5000 (48.10%) | elapsed=42m 15s | eta=45m 36s | loss=0.0205 | eps=0.187 | mean turn reward=+0.163 | mean episode return/seat=+4.35
iter 2406/5000 (48.12%) | elapsed=42m 16s | eta=45m 34s | loss=0.0187 | eps=0.187 | mean turn reward=+0.162 | mean episode return/seat=+4.27
iter 2407/5000 (48.14%) | elapsed=42m 17s | eta=45m 33s | loss=0.0184 | eps=0.187 | mean turn reward=+0.163 | mean episode return/seat=+4.31
iter 2408/5000 (48.16%) | elapsed=42m 18s | eta=45m 32s | loss=0.0189 | eps=0.186 | mean turn reward=+0.164 | mean episode return/seat=+4.33
iter 2409/5000 (48.18%) | elapsed=42m 19s | eta=45m 31s | loss=0.0194 | eps=0.186 | mean turn reward=+0.162 | mean episode return/seat=+4.28
iter 2410/5000 (48.20%) | elapsed=42m 20s | eta=45m 30s | loss=0.0172 | eps=0.186 | mean turn reward=+0.163 | mean episode return/seat=+4.29
iter 2411/5000 (48.22%) | elapsed=42m 22s | eta=45m 29s | loss=0.0157 | eps=0.185 | mean turn reward=+0.163 | mean episode return/seat=+4.32
iter 2412/5000 (48.24%) | elapsed=42m 23s | eta=45m 28s | loss=0.0209 | eps=0.185 | mean turn reward=+0.162 | mean episode return/seat=+4.30
iter 2413/5000 (48.26%) | elapsed=42m 24s | eta=45m 27s | loss=0.0179 | eps=0.184 | mean turn reward=+0.162 | mean episode return/seat=+4.28
iter 2414/5000 (48.28%) | elapsed=42m 25s | eta=45m 26s | loss=0.0211 | eps=0.184 | mean turn reward=+0.162 | mean episode return/seat=+4.24
iter 2415/5000 (48.30%) | elapsed=42m 26s | eta=45m 25s | loss=0.0180 | eps=0.184 | mean turn reward=+0.161 | mean episode return/seat=+4.25
iter 2416/5000 (48.32%) | elapsed=42m 27s | eta=45m 24s | loss=0.0168 | eps=0.183 | mean turn reward=+0.163 | mean episode return/seat=+4.29
iter 2417/5000 (48.34%) | elapsed=42m 28s | eta=45m 23s | loss=0.0183 | eps=0.183 | mean turn reward=+0.161 | mean episode return/seat=+4.17
iter 2418/5000 (48.36%) | elapsed=42m 29s | eta=45m 22s | loss=0.0188 | eps=0.183 | mean turn reward=+0.161 | mean episode return/seat=+4.26
iter 2419/5000 (48.38%) | elapsed=42m 30s | eta=45m 21s | loss=0.0205 | eps=0.182 | mean turn reward=+0.163 | mean episode return/seat=+4.32
iter 2420/5000 (48.40%) | elapsed=42m 31s | eta=45m 20s | loss=0.0208 | eps=0.182 | mean turn reward=+0.162 | mean episode return/seat=+4.28
iter 2421/5000 (48.42%) | elapsed=42m 32s | eta=45m 19s | loss=0.0164 | eps=0.181 | mean turn reward=+0.161 | mean episode return/seat=+4.23
iter 2422/5000 (48.44%) | elapsed=42m 33s | eta=45m 18s | loss=0.0198 | eps=0.181 | mean turn reward=+0.161 | mean episode return/seat=+4.22
iter 2423/5000 (48.46%) | elapsed=42m 34s | eta=45m 17s | loss=0.0189 | eps=0.181 | mean turn reward=+0.163 | mean episode return/seat=+4.27
iter 2424/5000 (48.48%) | elapsed=42m 36s | eta=45m 16s | loss=0.0205 | eps=0.180 | mean turn reward=+0.162 | mean episode return/seat=+4.27
iter 2425/5000 (48.50%) | elapsed=42m 37s | eta=45m 15s | loss=0.0205 | eps=0.180 | mean turn reward=+0.162 | mean episode return/seat=+4.17
iter 2426/5000 (48.52%) | elapsed=42m 38s | eta=45m 14s | loss=0.0208 | eps=0.180 | mean turn reward=+0.164 | mean episode return/seat=+4.33
iter 2427/5000 (48.54%) | elapsed=42m 39s | eta=45m 13s | loss=0.0157 | eps=0.179 | mean turn reward=+0.163 | mean episode return/seat=+4.34
iter 2428/5000 (48.56%) | elapsed=42m 40s | eta=45m 12s | loss=0.0178 | eps=0.179 | mean turn reward=+0.164 | mean episode return/seat=+4.33
iter 2429/5000 (48.58%) | elapsed=42m 41s | eta=45m 11s | loss=0.0194 | eps=0.178 | mean turn reward=+0.162 | mean episode return/seat=+4.27
iter 2430/5000 (48.60%) | elapsed=42m 42s | eta=45m 10s | loss=0.0181 | eps=0.178 | mean turn reward=+0.165 | mean episode return/seat=+4.32
iter 2431/5000 (48.62%) | elapsed=42m 43s | eta=45m 08s | loss=0.0179 | eps=0.178 | mean turn reward=+0.165 | mean episode return/seat=+4.35
iter 2432/5000 (48.64%) | elapsed=42m 44s | eta=45m 07s | loss=0.0192 | eps=0.177 | mean turn reward=+0.163 | mean episode return/seat=+4.31
iter 2433/5000 (48.66%) | elapsed=42m 45s | eta=45m 06s | loss=0.0194 | eps=0.177 | mean turn reward=+0.161 | mean episode return/seat=+4.22
iter 2434/5000 (48.68%) | elapsed=42m 46s | eta=45m 05s | loss=0.0183 | eps=0.177 | mean turn reward=+0.165 | mean episode return/seat=+4.34
iter 2435/5000 (48.70%) | elapsed=42m 47s | eta=45m 04s | loss=0.0184 | eps=0.176 | mean turn reward=+0.162 | mean episode return/seat=+4.24
iter 2436/5000 (48.72%) | elapsed=42m 48s | eta=45m 03s | loss=0.0182 | eps=0.176 | mean turn reward=+0.162 | mean episode return/seat=+4.30
iter 2437/5000 (48.74%) | elapsed=42m 49s | eta=45m 02s | loss=0.0168 | eps=0.175 | mean turn reward=+0.164 | mean episode return/seat=+4.36
iter 2438/5000 (48.76%) | elapsed=42m 50s | eta=45m 01s | loss=0.0161 | eps=0.175 | mean turn reward=+0.163 | mean episode return/seat=+4.24
iter 2439/5000 (48.78%) | elapsed=42m 51s | eta=45m 00s | loss=0.0177 | eps=0.175 | mean turn reward=+0.162 | mean episode return/seat=+4.29
iter 2440/5000 (48.80%) | elapsed=42m 53s | eta=44m 59s | loss=0.0166 | eps=0.174 | mean turn reward=+0.164 | mean episode return/seat=+4.35
iter 2441/5000 (48.82%) | elapsed=42m 54s | eta=44m 58s | loss=0.0188 | eps=0.174 | mean turn reward=+0.164 | mean episode return/seat=+4.36
iter 2442/5000 (48.84%) | elapsed=42m 55s | eta=44m 57s | loss=0.0182 | eps=0.174 | mean turn reward=+0.161 | mean episode return/seat=+4.21
iter 2443/5000 (48.86%) | elapsed=42m 56s | eta=44m 56s | loss=0.0194 | eps=0.173 | mean turn reward=+0.164 | mean episode return/seat=+4.37
iter 2444/5000 (48.88%) | elapsed=42m 57s | eta=44m 55s | loss=0.0168 | eps=0.173 | mean turn reward=+0.163 | mean episode return/seat=+4.33
iter 2445/5000 (48.90%) | elapsed=42m 58s | eta=44m 54s | loss=0.0203 | eps=0.172 | mean turn reward=+0.161 | mean episode return/seat=+4.23
iter 2446/5000 (48.92%) | elapsed=42m 59s | eta=44m 53s | loss=0.0170 | eps=0.172 | mean turn reward=+0.164 | mean episode return/seat=+4.31
iter 2447/5000 (48.94%) | elapsed=43m 00s | eta=44m 52s | loss=0.0183 | eps=0.172 | mean turn reward=+0.163 | mean episode return/seat=+4.27
iter 2448/5000 (48.96%) | elapsed=43m 01s | eta=44m 51s | loss=0.0178 | eps=0.171 | mean turn reward=+0.162 | mean episode return/seat=+4.29
iter 2449/5000 (48.98%) | elapsed=43m 02s | eta=44m 50s | loss=0.0179 | eps=0.171 | mean turn reward=+0.162 | mean episode return/seat=+4.27
iter 2450/5000 (49.00%) | elapsed=43m 03s | eta=44m 49s | loss=0.0181 | eps=0.171 | mean turn reward=+0.162 | mean episode return/seat=+4.29
iter 2451/5000 (49.02%) | elapsed=43m 04s | eta=44m 48s | loss=0.0188 | eps=0.170 | mean turn reward=+0.163 | mean episode return/seat=+4.33
iter 2452/5000 (49.04%) | elapsed=43m 05s | eta=44m 47s | loss=0.0181 | eps=0.170 | mean turn reward=+0.161 | mean episode return/seat=+4.22
iter 2453/5000 (49.06%) | elapsed=43m 06s | eta=44m 45s | loss=0.0190 | eps=0.170 | mean turn reward=+0.163 | mean episode return/seat=+4.32
iter 2454/5000 (49.08%) | elapsed=43m 07s | eta=44m 44s | loss=0.0195 | eps=0.169 | mean turn reward=+0.160 | mean episode return/seat=+4.17
iter 2455/5000 (49.10%) | elapsed=43m 08s | eta=44m 43s | loss=0.0219 | eps=0.169 | mean turn reward=+0.165 | mean episode return/seat=+4.34
iter 2456/5000 (49.12%) | elapsed=43m 09s | eta=44m 42s | loss=0.0174 | eps=0.168 | mean turn reward=+0.164 | mean episode return/seat=+4.33
iter 2457/5000 (49.14%) | elapsed=43m 11s | eta=44m 41s | loss=0.0182 | eps=0.168 | mean turn reward=+0.162 | mean episode return/seat=+4.26
iter 2458/5000 (49.16%) | elapsed=43m 12s | eta=44m 40s | loss=0.0225 | eps=0.168 | mean turn reward=+0.162 | mean episode return/seat=+4.25
iter 2459/5000 (49.18%) | elapsed=43m 13s | eta=44m 39s | loss=0.0193 | eps=0.167 | mean turn reward=+0.165 | mean episode return/seat=+4.40
iter 2460/5000 (49.20%) | elapsed=43m 14s | eta=44m 38s | loss=0.0164 | eps=0.167 | mean turn reward=+0.165 | mean episode return/seat=+4.32
iter 2461/5000 (49.22%) | elapsed=43m 15s | eta=44m 37s | loss=0.0218 | eps=0.167 | mean turn reward=+0.159 | mean episode return/seat=+4.21
iter 2462/5000 (49.24%) | elapsed=43m 16s | eta=44m 36s | loss=0.0195 | eps=0.166 | mean turn reward=+0.163 | mean episode return/seat=+4.34
iter 2463/5000 (49.26%) | elapsed=43m 17s | eta=44m 35s | loss=0.0187 | eps=0.166 | mean turn reward=+0.165 | mean episode return/seat=+4.37
iter 2464/5000 (49.28%) | elapsed=43m 18s | eta=44m 34s | loss=0.0200 | eps=0.165 | mean turn reward=+0.165 | mean episode return/seat=+4.38
iter 2465/5000 (49.30%) | elapsed=43m 19s | eta=44m 33s | loss=0.0167 | eps=0.165 | mean turn reward=+0.163 | mean episode return/seat=+4.30
iter 2466/5000 (49.32%) | elapsed=43m 20s | eta=44m 32s | loss=0.0178 | eps=0.165 | mean turn reward=+0.164 | mean episode return/seat=+4.33
iter 2467/5000 (49.34%) | elapsed=43m 21s | eta=44m 31s | loss=0.0179 | eps=0.164 | mean turn reward=+0.165 | mean episode return/seat=+4.42
iter 2468/5000 (49.36%) | elapsed=43m 22s | eta=44m 30s | loss=0.0191 | eps=0.164 | mean turn reward=+0.164 | mean episode return/seat=+4.30
iter 2469/5000 (49.38%) | elapsed=43m 23s | eta=44m 29s | loss=0.0176 | eps=0.164 | mean turn reward=+0.164 | mean episode return/seat=+4.39
iter 2470/5000 (49.40%) | elapsed=43m 24s | eta=44m 28s | loss=0.0186 | eps=0.163 | mean turn reward=+0.162 | mean episode return/seat=+4.27
iter 2471/5000 (49.42%) | elapsed=43m 25s | eta=44m 27s | loss=0.0177 | eps=0.163 | mean turn reward=+0.160 | mean episode return/seat=+4.15
iter 2472/5000 (49.44%) | elapsed=43m 26s | eta=44m 25s | loss=0.0178 | eps=0.162 | mean turn reward=+0.164 | mean episode return/seat=+4.34
iter 2473/5000 (49.46%) | elapsed=43m 28s | eta=44m 24s | loss=0.0167 | eps=0.162 | mean turn reward=+0.168 | mean episode return/seat=+4.44
iter 2474/5000 (49.48%) | elapsed=43m 29s | eta=44m 23s | loss=0.0176 | eps=0.162 | mean turn reward=+0.161 | mean episode return/seat=+4.24
iter 2475/5000 (49.50%) | elapsed=43m 30s | eta=44m 22s | loss=0.0180 | eps=0.161 | mean turn reward=+0.164 | mean episode return/seat=+4.33
iter 2476/5000 (49.52%) | elapsed=43m 31s | eta=44m 21s | loss=0.0201 | eps=0.161 | mean turn reward=+0.161 | mean episode return/seat=+4.17
iter 2477/5000 (49.54%) | elapsed=43m 32s | eta=44m 20s | loss=0.0180 | eps=0.161 | mean turn reward=+0.165 | mean episode return/seat=+4.34
iter 2478/5000 (49.56%) | elapsed=43m 33s | eta=44m 19s | loss=0.0191 | eps=0.160 | mean turn reward=+0.166 | mean episode return/seat=+4.45
iter 2479/5000 (49.58%) | elapsed=43m 34s | eta=44m 18s | loss=0.0195 | eps=0.160 | mean turn reward=+0.163 | mean episode return/seat=+4.30
iter 2480/5000 (49.60%) | elapsed=43m 35s | eta=44m 17s | loss=0.0194 | eps=0.159 | mean turn reward=+0.160 | mean episode return/seat=+4.20
iter 2481/5000 (49.62%) | elapsed=43m 36s | eta=44m 16s | loss=0.0170 | eps=0.159 | mean turn reward=+0.164 | mean episode return/seat=+4.27
iter 2482/5000 (49.64%) | elapsed=43m 37s | eta=44m 15s | loss=0.0199 | eps=0.159 | mean turn reward=+0.162 | mean episode return/seat=+4.21
iter 2483/5000 (49.66%) | elapsed=43m 38s | eta=44m 14s | loss=0.0183 | eps=0.158 | mean turn reward=+0.164 | mean episode return/seat=+4.33
iter 2484/5000 (49.68%) | elapsed=43m 39s | eta=44m 13s | loss=0.0181 | eps=0.158 | mean turn reward=+0.164 | mean episode return/seat=+4.33
iter 2485/5000 (49.70%) | elapsed=43m 40s | eta=44m 12s | loss=0.0223 | eps=0.158 | mean turn reward=+0.162 | mean episode return/seat=+4.21
iter 2486/5000 (49.72%) | elapsed=43m 41s | eta=44m 11s | loss=0.0200 | eps=0.157 | mean turn reward=+0.162 | mean episode return/seat=+4.34
iter 2487/5000 (49.74%) | elapsed=43m 42s | eta=44m 10s | loss=0.0199 | eps=0.157 | mean turn reward=+0.162 | mean episode return/seat=+4.25
iter 2488/5000 (49.76%) | elapsed=43m 44s | eta=44m 09s | loss=0.0197 | eps=0.156 | mean turn reward=+0.163 | mean episode return/seat=+4.30
iter 2489/5000 (49.78%) | elapsed=43m 45s | eta=44m 08s | loss=0.0176 | eps=0.156 | mean turn reward=+0.160 | mean episode return/seat=+4.21
iter 2490/5000 (49.80%) | elapsed=43m 46s | eta=44m 07s | loss=0.0189 | eps=0.156 | mean turn reward=+0.163 | mean episode return/seat=+4.31
iter 2491/5000 (49.82%) | elapsed=43m 47s | eta=44m 06s | loss=0.0164 | eps=0.155 | mean turn reward=+0.164 | mean episode return/seat=+4.33
iter 2492/5000 (49.84%) | elapsed=43m 48s | eta=44m 05s | loss=0.0187 | eps=0.155 | mean turn reward=+0.164 | mean episode return/seat=+4.33
iter 2493/5000 (49.86%) | elapsed=43m 49s | eta=44m 04s | loss=0.0176 | eps=0.155 | mean turn reward=+0.162 | mean episode return/seat=+4.27
iter 2494/5000 (49.88%) | elapsed=43m 50s | eta=44m 03s | loss=0.0197 | eps=0.154 | mean turn reward=+0.165 | mean episode return/seat=+4.35
iter 2495/5000 (49.90%) | elapsed=43m 51s | eta=44m 02s | loss=0.0174 | eps=0.154 | mean turn reward=+0.164 | mean episode return/seat=+4.38
iter 2496/5000 (49.92%) | elapsed=43m 52s | eta=44m 00s | loss=0.0191 | eps=0.154 | mean turn reward=+0.164 | mean episode return/seat=+4.33
iter 2497/5000 (49.94%) | elapsed=43m 53s | eta=43m 59s | loss=0.0195 | eps=0.153 | mean turn reward=+0.162 | mean episode return/seat=+4.25
iter 2498/5000 (49.96%) | elapsed=43m 54s | eta=43m 58s | loss=0.0173 | eps=0.153 | mean turn reward=+0.163 | mean episode return/seat=+4.26
iter 2499/5000 (49.98%) | elapsed=43m 55s | eta=43m 57s | loss=0.0174 | eps=0.152 | mean turn reward=+0.162 | mean episode return/seat=+4.22
iter 2500/5000 (50.00%) | elapsed=43m 56s | eta=43m 56s | loss=0.0177 | eps=0.152 | mean turn reward=+0.162 | mean episode return/seat=+4.25
iter 2501/5000 (50.02%) | elapsed=43m 58s | eta=43m 55s | loss=0.0173 | eps=0.152 | mean turn reward=+0.164 | mean episode return/seat=+4.33
iter 2502/5000 (50.04%) | elapsed=43m 59s | eta=43m 54s | loss=0.0183 | eps=0.151 | mean turn reward=+0.161 | mean episode return/seat=+4.21
iter 2503/5000 (50.06%) | elapsed=44m 00s | eta=43m 53s | loss=0.0183 | eps=0.151 | mean turn reward=+0.165 | mean episode return/seat=+4.40
iter 2504/5000 (50.08%) | elapsed=44m 01s | eta=43m 52s | loss=0.0206 | eps=0.151 | mean turn reward=+0.164 | mean episode return/seat=+4.32
iter 2505/5000 (50.10%) | elapsed=44m 02s | eta=43m 51s | loss=0.0192 | eps=0.150 | mean turn reward=+0.164 | mean episode return/seat=+4.31
iter 2506/5000 (50.12%) | elapsed=44m 03s | eta=43m 50s | loss=0.0165 | eps=0.150 | mean turn reward=+0.162 | mean episode return/seat=+4.24
iter 2507/5000 (50.14%) | elapsed=44m 04s | eta=43m 49s | loss=0.0188 | eps=0.149 | mean turn reward=+0.163 | mean episode return/seat=+4.30
iter 2508/5000 (50.16%) | elapsed=44m 05s | eta=43m 48s | loss=0.0166 | eps=0.149 | mean turn reward=+0.167 | mean episode return/seat=+4.43
iter 2509/5000 (50.18%) | elapsed=44m 06s | eta=43m 47s | loss=0.0176 | eps=0.149 | mean turn reward=+0.164 | mean episode return/seat=+4.32
iter 2510/5000 (50.20%) | elapsed=44m 07s | eta=43m 46s | loss=0.0168 | eps=0.148 | mean turn reward=+0.163 | mean episode return/seat=+4.27
iter 2511/5000 (50.22%) | elapsed=44m 08s | eta=43m 45s | loss=0.0188 | eps=0.148 | mean turn reward=+0.164 | mean episode return/seat=+4.38
iter 2512/5000 (50.24%) | elapsed=44m 09s | eta=43m 44s | loss=0.0174 | eps=0.148 | mean turn reward=+0.165 | mean episode return/seat=+4.34
iter 2513/5000 (50.26%) | elapsed=44m 10s | eta=43m 43s | loss=0.0176 | eps=0.147 | mean turn reward=+0.164 | mean episode return/seat=+4.33
iter 2514/5000 (50.28%) | elapsed=44m 11s | eta=43m 42s | loss=0.0182 | eps=0.147 | mean turn reward=+0.164 | mean episode return/seat=+4.28
iter 2515/5000 (50.30%) | elapsed=44m 12s | eta=43m 41s | loss=0.0201 | eps=0.146 | mean turn reward=+0.163 | mean episode return/seat=+4.26
iter 2516/5000 (50.32%) | elapsed=44m 13s | eta=43m 40s | loss=0.0164 | eps=0.146 | mean turn reward=+0.162 | mean episode return/seat=+4.25
iter 2517/5000 (50.34%) | elapsed=44m 15s | eta=43m 39s | loss=0.0172 | eps=0.146 | mean turn reward=+0.166 | mean episode return/seat=+4.34
iter 2518/5000 (50.36%) | elapsed=44m 16s | eta=43m 38s | loss=0.0177 | eps=0.145 | mean turn reward=+0.164 | mean episode return/seat=+4.30
iter 2519/5000 (50.38%) | elapsed=44m 17s | eta=43m 37s | loss=0.0181 | eps=0.145 | mean turn reward=+0.164 | mean episode return/seat=+4.29
iter 2520/5000 (50.40%) | elapsed=44m 18s | eta=43m 36s | loss=0.0163 | eps=0.145 | mean turn reward=+0.164 | mean episode return/seat=+4.39
iter 2521/5000 (50.42%) | elapsed=44m 19s | eta=43m 34s | loss=0.0190 | eps=0.144 | mean turn reward=+0.162 | mean episode return/seat=+4.22
iter 2522/5000 (50.44%) | elapsed=44m 20s | eta=43m 33s | loss=0.0202 | eps=0.144 | mean turn reward=+0.163 | mean episode return/seat=+4.26
iter 2523/5000 (50.46%) | elapsed=44m 21s | eta=43m 32s | loss=0.0178 | eps=0.143 | mean turn reward=+0.163 | mean episode return/seat=+4.35
iter 2524/5000 (50.48%) | elapsed=44m 22s | eta=43m 31s | loss=0.0203 | eps=0.143 | mean turn reward=+0.164 | mean episode return/seat=+4.30
iter 2525/5000 (50.50%) | elapsed=44m 23s | eta=43m 30s | loss=0.0195 | eps=0.143 | mean turn reward=+0.162 | mean episode return/seat=+4.26
iter 2526/5000 (50.52%) | elapsed=44m 24s | eta=43m 29s | loss=0.0187 | eps=0.142 | mean turn reward=+0.165 | mean episode return/seat=+4.30
iter 2527/5000 (50.54%) | elapsed=44m 25s | eta=43m 28s | loss=0.0217 | eps=0.142 | mean turn reward=+0.163 | mean episode return/seat=+4.30
iter 2528/5000 (50.56%) | elapsed=44m 26s | eta=43m 27s | loss=0.0187 | eps=0.142 | mean turn reward=+0.166 | mean episode return/seat=+4.39
iter 2529/5000 (50.58%) | elapsed=44m 27s | eta=43m 26s | loss=0.0171 | eps=0.141 | mean turn reward=+0.163 | mean episode return/seat=+4.33
iter 2530/5000 (50.60%) | elapsed=44m 28s | eta=43m 25s | loss=0.0169 | eps=0.141 | mean turn reward=+0.163 | mean episode return/seat=+4.30
iter 2531/5000 (50.62%) | elapsed=44m 29s | eta=43m 24s | loss=0.0197 | eps=0.140 | mean turn reward=+0.163 | mean episode return/seat=+4.35
iter 2532/5000 (50.64%) | elapsed=44m 30s | eta=43m 23s | loss=0.0164 | eps=0.140 | mean turn reward=+0.163 | mean episode return/seat=+4.26
iter 2533/5000 (50.66%) | elapsed=44m 32s | eta=43m 22s | loss=0.0177 | eps=0.140 | mean turn reward=+0.164 | mean episode return/seat=+4.33
iter 2534/5000 (50.68%) | elapsed=44m 33s | eta=43m 21s | loss=0.0181 | eps=0.139 | mean turn reward=+0.164 | mean episode return/seat=+4.37
iter 2535/5000 (50.70%) | elapsed=44m 34s | eta=43m 20s | loss=0.0170 | eps=0.139 | mean turn reward=+0.164 | mean episode return/seat=+4.35
iter 2536/5000 (50.72%) | elapsed=44m 35s | eta=43m 19s | loss=0.0191 | eps=0.139 | mean turn reward=+0.162 | mean episode return/seat=+4.23
iter 2537/5000 (50.74%) | elapsed=44m 36s | eta=43m 18s | loss=0.0180 | eps=0.138 | mean turn reward=+0.161 | mean episode return/seat=+4.27
iter 2538/5000 (50.76%) | elapsed=44m 37s | eta=43m 17s | loss=0.0189 | eps=0.138 | mean turn reward=+0.162 | mean episode return/seat=+4.28
iter 2539/5000 (50.78%) | elapsed=44m 38s | eta=43m 16s | loss=0.0196 | eps=0.137 | mean turn reward=+0.165 | mean episode return/seat=+4.32
iter 2540/5000 (50.80%) | elapsed=44m 39s | eta=43m 15s | loss=0.0185 | eps=0.137 | mean turn reward=+0.165 | mean episode return/seat=+4.38
iter 2541/5000 (50.82%) | elapsed=44m 40s | eta=43m 14s | loss=0.0178 | eps=0.137 | mean turn reward=+0.164 | mean episode return/seat=+4.30
iter 2542/5000 (50.84%) | elapsed=44m 41s | eta=43m 13s | loss=0.0191 | eps=0.136 | mean turn reward=+0.167 | mean episode return/seat=+4.47
iter 2543/5000 (50.86%) | elapsed=44m 42s | eta=43m 11s | loss=0.0187 | eps=0.136 | mean turn reward=+0.164 | mean episode return/seat=+4.31
iter 2544/5000 (50.88%) | elapsed=44m 43s | eta=43m 10s | loss=0.0161 | eps=0.136 | mean turn reward=+0.162 | mean episode return/seat=+4.25
iter 2545/5000 (50.90%) | elapsed=44m 44s | eta=43m 09s | loss=0.0194 | eps=0.135 | mean turn reward=+0.162 | mean episode return/seat=+4.27
iter 2546/5000 (50.92%) | elapsed=44m 45s | eta=43m 08s | loss=0.0175 | eps=0.135 | mean turn reward=+0.166 | mean episode return/seat=+4.42
iter 2547/5000 (50.94%) | elapsed=44m 46s | eta=43m 07s | loss=0.0183 | eps=0.135 | mean turn reward=+0.164 | mean episode return/seat=+4.31
iter 2548/5000 (50.96%) | elapsed=44m 47s | eta=43m 06s | loss=0.0183 | eps=0.134 | mean turn reward=+0.164 | mean episode return/seat=+4.32
iter 2549/5000 (50.98%) | elapsed=44m 48s | eta=43m 05s | loss=0.0173 | eps=0.134 | mean turn reward=+0.162 | mean episode return/seat=+4.30
iter 2550/5000 (51.00%) | elapsed=44m 50s | eta=43m 04s | loss=0.0167 | eps=0.133 | mean turn reward=+0.165 | mean episode return/seat=+4.37
iter 2551/5000 (51.02%) | elapsed=44m 51s | eta=43m 03s | loss=0.0179 | eps=0.133 | mean turn reward=+0.163 | mean episode return/seat=+4.33
iter 2552/5000 (51.04%) | elapsed=44m 52s | eta=43m 02s | loss=0.0181 | eps=0.133 | mean turn reward=+0.163 | mean episode return/seat=+4.28
iter 2553/5000 (51.06%) | elapsed=44m 53s | eta=43m 01s | loss=0.0194 | eps=0.132 | mean turn reward=+0.166 | mean episode return/seat=+4.41
iter 2554/5000 (51.08%) | elapsed=44m 54s | eta=43m 00s | loss=0.0195 | eps=0.132 | mean turn reward=+0.165 | mean episode return/seat=+4.37
iter 2555/5000 (51.10%) | elapsed=44m 55s | eta=42m 59s | loss=0.0175 | eps=0.132 | mean turn reward=+0.165 | mean episode return/seat=+4.32
iter 2556/5000 (51.12%) | elapsed=44m 56s | eta=42m 58s | loss=0.0197 | eps=0.131 | mean turn reward=+0.162 | mean episode return/seat=+4.27
iter 2557/5000 (51.14%) | elapsed=44m 57s | eta=42m 57s | loss=0.0185 | eps=0.131 | mean turn reward=+0.162 | mean episode return/seat=+4.26
iter 2558/5000 (51.16%) | elapsed=44m 58s | eta=42m 56s | loss=0.0202 | eps=0.130 | mean turn reward=+0.161 | mean episode return/seat=+4.25
iter 2559/5000 (51.18%) | elapsed=44m 59s | eta=42m 55s | loss=0.0186 | eps=0.130 | mean turn reward=+0.161 | mean episode return/seat=+4.20
iter 2560/5000 (51.20%) | elapsed=45m 00s | eta=42m 54s | loss=0.0186 | eps=0.130 | mean turn reward=+0.160 | mean episode return/seat=+4.17
iter 2561/5000 (51.22%) | elapsed=45m 01s | eta=42m 53s | loss=0.0195 | eps=0.129 | mean turn reward=+0.165 | mean episode return/seat=+4.36
iter 2562/5000 (51.24%) | elapsed=45m 02s | eta=42m 51s | loss=0.0184 | eps=0.129 | mean turn reward=+0.161 | mean episode return/seat=+4.24
iter 2563/5000 (51.26%) | elapsed=45m 03s | eta=42m 50s | loss=0.0196 | eps=0.129 | mean turn reward=+0.165 | mean episode return/seat=+4.33
iter 2564/5000 (51.28%) | elapsed=45m 04s | eta=42m 49s | loss=0.0176 | eps=0.128 | mean turn reward=+0.164 | mean episode return/seat=+4.32
iter 2565/5000 (51.30%) | elapsed=45m 05s | eta=42m 48s | loss=0.0191 | eps=0.128 | mean turn reward=+0.163 | mean episode return/seat=+4.26
iter 2566/5000 (51.32%) | elapsed=45m 06s | eta=42m 47s | loss=0.0179 | eps=0.127 | mean turn reward=+0.165 | mean episode return/seat=+4.36
iter 2567/5000 (51.34%) | elapsed=45m 08s | eta=42m 46s | loss=0.0164 | eps=0.127 | mean turn reward=+0.163 | mean episode return/seat=+4.25
iter 2568/5000 (51.36%) | elapsed=45m 09s | eta=42m 45s | loss=0.0172 | eps=0.127 | mean turn reward=+0.161 | mean episode return/seat=+4.21
iter 2569/5000 (51.38%) | elapsed=45m 10s | eta=42m 44s | loss=0.0176 | eps=0.126 | mean turn reward=+0.163 | mean episode return/seat=+4.30
iter 2570/5000 (51.40%) | elapsed=45m 11s | eta=42m 43s | loss=0.0171 | eps=0.126 | mean turn reward=+0.160 | mean episode return/seat=+4.23
iter 2571/5000 (51.42%) | elapsed=45m 12s | eta=42m 42s | loss=0.0185 | eps=0.126 | mean turn reward=+0.165 | mean episode return/seat=+4.39
iter 2572/5000 (51.44%) | elapsed=45m 13s | eta=42m 41s | loss=0.0192 | eps=0.125 | mean turn reward=+0.165 | mean episode return/seat=+4.37
iter 2573/5000 (51.46%) | elapsed=45m 14s | eta=42m 40s | loss=0.0179 | eps=0.125 | mean turn reward=+0.162 | mean episode return/seat=+4.21
iter 2574/5000 (51.48%) | elapsed=45m 15s | eta=42m 39s | loss=0.0188 | eps=0.124 | mean turn reward=+0.163 | mean episode return/seat=+4.24
iter 2575/5000 (51.50%) | elapsed=45m 16s | eta=42m 38s | loss=0.0162 | eps=0.124 | mean turn reward=+0.165 | mean episode return/seat=+4.33
iter 2576/5000 (51.52%) | elapsed=45m 17s | eta=42m 37s | loss=0.0184 | eps=0.124 | mean turn reward=+0.163 | mean episode return/seat=+4.22
iter 2577/5000 (51.54%) | elapsed=45m 18s | eta=42m 36s | loss=0.0183 | eps=0.123 | mean turn reward=+0.165 | mean episode return/seat=+4.32
iter 2578/5000 (51.56%) | elapsed=45m 19s | eta=42m 35s | loss=0.0210 | eps=0.123 | mean turn reward=+0.167 | mean episode return/seat=+4.45
iter 2579/5000 (51.58%) | elapsed=45m 20s | eta=42m 33s | loss=0.0170 | eps=0.123 | mean turn reward=+0.163 | mean episode return/seat=+4.29
iter 2580/5000 (51.60%) | elapsed=45m 21s | eta=42m 32s | loss=0.0165 | eps=0.122 | mean turn reward=+0.164 | mean episode return/seat=+4.32
iter 2581/5000 (51.62%) | elapsed=45m 22s | eta=42m 31s | loss=0.0197 | eps=0.122 | mean turn reward=+0.164 | mean episode return/seat=+4.33
iter 2582/5000 (51.64%) | elapsed=45m 23s | eta=42m 30s | loss=0.0219 | eps=0.121 | mean turn reward=+0.167 | mean episode return/seat=+4.43
iter 2583/5000 (51.66%) | elapsed=45m 24s | eta=42m 29s | loss=0.0213 | eps=0.121 | mean turn reward=+0.164 | mean episode return/seat=+4.35
iter 2584/5000 (51.68%) | elapsed=45m 26s | eta=42m 28s | loss=0.0165 | eps=0.121 | mean turn reward=+0.164 | mean episode return/seat=+4.33
iter 2585/5000 (51.70%) | elapsed=45m 27s | eta=42m 27s | loss=0.0199 | eps=0.120 | mean turn reward=+0.164 | mean episode return/seat=+4.29
iter 2586/5000 (51.72%) | elapsed=45m 28s | eta=42m 26s | loss=0.0180 | eps=0.120 | mean turn reward=+0.162 | mean episode return/seat=+4.25
iter 2587/5000 (51.74%) | elapsed=45m 29s | eta=42m 25s | loss=0.0186 | eps=0.120 | mean turn reward=+0.165 | mean episode return/seat=+4.38
iter 2588/5000 (51.76%) | elapsed=45m 30s | eta=42m 24s | loss=0.0181 | eps=0.119 | mean turn reward=+0.166 | mean episode return/seat=+4.41
iter 2589/5000 (51.78%) | elapsed=45m 31s | eta=42m 23s | loss=0.0191 | eps=0.119 | mean turn reward=+0.166 | mean episode return/seat=+4.32
iter 2590/5000 (51.80%) | elapsed=45m 32s | eta=42m 22s | loss=0.0174 | eps=0.118 | mean turn reward=+0.164 | mean episode return/seat=+4.35
iter 2591/5000 (51.82%) | elapsed=45m 33s | eta=42m 21s | loss=0.0174 | eps=0.118 | mean turn reward=+0.162 | mean episode return/seat=+4.22
iter 2592/5000 (51.84%) | elapsed=45m 34s | eta=42m 20s | loss=0.0170 | eps=0.118 | mean turn reward=+0.164 | mean episode return/seat=+4.33
iter 2593/5000 (51.86%) | elapsed=45m 35s | eta=42m 19s | loss=0.0186 | eps=0.117 | mean turn reward=+0.162 | mean episode return/seat=+4.24
iter 2594/5000 (51.88%) | elapsed=45m 36s | eta=42m 18s | loss=0.0176 | eps=0.117 | mean turn reward=+0.166 | mean episode return/seat=+4.35
iter 2595/5000 (51.90%) | elapsed=45m 37s | eta=42m 17s | loss=0.0170 | eps=0.117 | mean turn reward=+0.164 | mean episode return/seat=+4.29
iter 2596/5000 (51.92%) | elapsed=45m 38s | eta=42m 16s | loss=0.0193 | eps=0.116 | mean turn reward=+0.163 | mean episode return/seat=+4.20
iter 2597/5000 (51.94%) | elapsed=45m 39s | eta=42m 15s | loss=0.0189 | eps=0.116 | mean turn reward=+0.164 | mean episode return/seat=+4.27
iter 2598/5000 (51.96%) | elapsed=45m 41s | eta=42m 14s | loss=0.0173 | eps=0.116 | mean turn reward=+0.164 | mean episode return/seat=+4.30
iter 2599/5000 (51.98%) | elapsed=45m 42s | eta=42m 13s | loss=0.0198 | eps=0.115 | mean turn reward=+0.162 | mean episode return/seat=+4.26
iter 2600/5000 (52.00%) | elapsed=45m 43s | eta=42m 12s | loss=0.0164 | eps=0.115 | mean turn reward=+0.166 | mean episode return/seat=+4.36
iter 2601/5000 (52.02%) | elapsed=45m 44s | eta=42m 11s | loss=0.0166 | eps=0.114 | mean turn reward=+0.166 | mean episode return/seat=+4.40
iter 2602/5000 (52.04%) | elapsed=45m 45s | eta=42m 10s | loss=0.0178 | eps=0.114 | mean turn reward=+0.163 | mean episode return/seat=+4.28
iter 2603/5000 (52.06%) | elapsed=45m 46s | eta=42m 09s | loss=0.0174 | eps=0.114 | mean turn reward=+0.165 | mean episode return/seat=+4.35
iter 2604/5000 (52.08%) | elapsed=45m 47s | eta=42m 08s | loss=0.0145 | eps=0.113 | mean turn reward=+0.165 | mean episode return/seat=+4.36
iter 2605/5000 (52.10%) | elapsed=45m 48s | eta=42m 07s | loss=0.0170 | eps=0.113 | mean turn reward=+0.164 | mean episode return/seat=+4.36
iter 2606/5000 (52.12%) | elapsed=45m 49s | eta=42m 06s | loss=0.0171 | eps=0.113 | mean turn reward=+0.165 | mean episode return/seat=+4.37
iter 2607/5000 (52.14%) | elapsed=45m 50s | eta=42m 05s | loss=0.0181 | eps=0.112 | mean turn reward=+0.163 | mean episode return/seat=+4.25
iter 2608/5000 (52.16%) | elapsed=45m 51s | eta=42m 03s | loss=0.0211 | eps=0.112 | mean turn reward=+0.166 | mean episode return/seat=+4.42
iter 2609/5000 (52.18%) | elapsed=45m 52s | eta=42m 02s | loss=0.0167 | eps=0.111 | mean turn reward=+0.165 | mean episode return/seat=+4.40
iter 2610/5000 (52.20%) | elapsed=45m 53s | eta=42m 01s | loss=0.0183 | eps=0.111 | mean turn reward=+0.163 | mean episode return/seat=+4.31
iter 2611/5000 (52.22%) | elapsed=45m 55s | eta=42m 00s | loss=0.0175 | eps=0.111 | mean turn reward=+0.166 | mean episode return/seat=+4.39
iter 2612/5000 (52.24%) | elapsed=45m 56s | eta=41m 59s | loss=0.0199 | eps=0.110 | mean turn reward=+0.162 | mean episode return/seat=+4.28
iter 2613/5000 (52.26%) | elapsed=45m 57s | eta=41m 58s | loss=0.0162 | eps=0.110 | mean turn reward=+0.164 | mean episode return/seat=+4.29
iter 2614/5000 (52.28%) | elapsed=45m 58s | eta=41m 57s | loss=0.0167 | eps=0.110 | mean turn reward=+0.164 | mean episode return/seat=+4.31
iter 2615/5000 (52.30%) | elapsed=45m 59s | eta=41m 56s | loss=0.0194 | eps=0.109 | mean turn reward=+0.162 | mean episode return/seat=+4.29
iter 2616/5000 (52.32%) | elapsed=46m 00s | eta=41m 55s | loss=0.0168 | eps=0.109 | mean turn reward=+0.163 | mean episode return/seat=+4.26
iter 2617/5000 (52.34%) | elapsed=46m 01s | eta=41m 54s | loss=0.0167 | eps=0.108 | mean turn reward=+0.164 | mean episode return/seat=+4.39
iter 2618/5000 (52.36%) | elapsed=46m 02s | eta=41m 53s | loss=0.0177 | eps=0.108 | mean turn reward=+0.164 | mean episode return/seat=+4.33
iter 2619/5000 (52.38%) | elapsed=46m 03s | eta=41m 52s | loss=0.0181 | eps=0.108 | mean turn reward=+0.163 | mean episode return/seat=+4.30
iter 2620/5000 (52.40%) | elapsed=46m 04s | eta=41m 51s | loss=0.0176 | eps=0.107 | mean turn reward=+0.163 | mean episode return/seat=+4.30
iter 2621/5000 (52.42%) | elapsed=46m 05s | eta=41m 50s | loss=0.0166 | eps=0.107 | mean turn reward=+0.164 | mean episode return/seat=+4.28
iter 2622/5000 (52.44%) | elapsed=46m 06s | eta=41m 49s | loss=0.0176 | eps=0.107 | mean turn reward=+0.164 | mean episode return/seat=+4.35
iter 2623/5000 (52.46%) | elapsed=46m 07s | eta=41m 48s | loss=0.0165 | eps=0.106 | mean turn reward=+0.166 | mean episode return/seat=+4.45
iter 2624/5000 (52.48%) | elapsed=46m 08s | eta=41m 47s | loss=0.0177 | eps=0.106 | mean turn reward=+0.164 | mean episode return/seat=+4.24
iter 2625/5000 (52.50%) | elapsed=46m 09s | eta=41m 46s | loss=0.0190 | eps=0.105 | mean turn reward=+0.162 | mean episode return/seat=+4.21
iter 2626/5000 (52.52%) | elapsed=46m 10s | eta=41m 44s | loss=0.0161 | eps=0.105 | mean turn reward=+0.162 | mean episode return/seat=+4.25
iter 2627/5000 (52.54%) | elapsed=46m 11s | eta=41m 43s | loss=0.0187 | eps=0.105 | mean turn reward=+0.167 | mean episode return/seat=+4.38
iter 2628/5000 (52.56%) | elapsed=46m 13s | eta=41m 42s | loss=0.0182 | eps=0.104 | mean turn reward=+0.165 | mean episode return/seat=+4.40
iter 2629/5000 (52.58%) | elapsed=46m 14s | eta=41m 41s | loss=0.0171 | eps=0.104 | mean turn reward=+0.166 | mean episode return/seat=+4.39
iter 2630/5000 (52.60%) | elapsed=46m 15s | eta=41m 40s | loss=0.0186 | eps=0.104 | mean turn reward=+0.162 | mean episode return/seat=+4.26
iter 2631/5000 (52.62%) | elapsed=46m 16s | eta=41m 39s | loss=0.0179 | eps=0.103 | mean turn reward=+0.166 | mean episode return/seat=+4.38
iter 2632/5000 (52.64%) | elapsed=46m 17s | eta=41m 38s | loss=0.0196 | eps=0.103 | mean turn reward=+0.163 | mean episode return/seat=+4.27
iter 2633/5000 (52.66%) | elapsed=46m 18s | eta=41m 37s | loss=0.0161 | eps=0.102 | mean turn reward=+0.166 | mean episode return/seat=+4.39
iter 2634/5000 (52.68%) | elapsed=46m 19s | eta=41m 36s | loss=0.0175 | eps=0.102 | mean turn reward=+0.166 | mean episode return/seat=+4.35
iter 2635/5000 (52.70%) | elapsed=46m 20s | eta=41m 35s | loss=0.0159 | eps=0.102 | mean turn reward=+0.167 | mean episode return/seat=+4.42
iter 2636/5000 (52.72%) | elapsed=46m 21s | eta=41m 34s | loss=0.0160 | eps=0.101 | mean turn reward=+0.165 | mean episode return/seat=+4.34
iter 2637/5000 (52.74%) | elapsed=46m 22s | eta=41m 33s | loss=0.0190 | eps=0.101 | mean turn reward=+0.164 | mean episode return/seat=+4.33
iter 2638/5000 (52.76%) | elapsed=46m 23s | eta=41m 32s | loss=0.0184 | eps=0.101 | mean turn reward=+0.165 | mean episode return/seat=+4.28
iter 2639/5000 (52.78%) | elapsed=46m 24s | eta=41m 31s | loss=0.0176 | eps=0.100 | mean turn reward=+0.163 | mean episode return/seat=+4.25
iter 2640/5000 (52.80%) | elapsed=46m 25s | eta=41m 30s | loss=0.0191 | eps=0.100 | mean turn reward=+0.164 | mean episode return/seat=+4.33
iter 2641/5000 (52.82%) | elapsed=46m 26s | eta=41m 29s | loss=0.0168 | eps=0.099 | mean turn reward=+0.164 | mean episode return/seat=+4.26
iter 2642/5000 (52.84%) | elapsed=46m 27s | eta=41m 28s | loss=0.0159 | eps=0.099 | mean turn reward=+0.165 | mean episode return/seat=+4.32
iter 2643/5000 (52.86%) | elapsed=46m 28s | eta=41m 26s | loss=0.0153 | eps=0.099 | mean turn reward=+0.165 | mean episode return/seat=+4.39
iter 2644/5000 (52.88%) | elapsed=46m 29s | eta=41m 25s | loss=0.0169 | eps=0.098 | mean turn reward=+0.164 | mean episode return/seat=+4.28
iter 2645/5000 (52.90%) | elapsed=46m 30s | eta=41m 24s | loss=0.0202 | eps=0.098 | mean turn reward=+0.166 | mean episode return/seat=+4.40
iter 2646/5000 (52.92%) | elapsed=46m 31s | eta=41m 23s | loss=0.0168 | eps=0.098 | mean turn reward=+0.164 | mean episode return/seat=+4.36
iter 2647/5000 (52.94%) | elapsed=46m 32s | eta=41m 22s | loss=0.0170 | eps=0.097 | mean turn reward=+0.166 | mean episode return/seat=+4.40
iter 2648/5000 (52.96%) | elapsed=46m 34s | eta=41m 21s | loss=0.0171 | eps=0.097 | mean turn reward=+0.165 | mean episode return/seat=+4.36
iter 2649/5000 (52.98%) | elapsed=46m 35s | eta=41m 20s | loss=0.0159 | eps=0.097 | mean turn reward=+0.164 | mean episode return/seat=+4.33
iter 2650/5000 (53.00%) | elapsed=46m 36s | eta=41m 19s | loss=0.0169 | eps=0.096 | mean turn reward=+0.167 | mean episode return/seat=+4.41
iter 2651/5000 (53.02%) | elapsed=46m 37s | eta=41m 18s | loss=0.0201 | eps=0.096 | mean turn reward=+0.166 | mean episode return/seat=+4.39
iter 2652/5000 (53.04%) | elapsed=46m 38s | eta=41m 17s | loss=0.0168 | eps=0.095 | mean turn reward=+0.167 | mean episode return/seat=+4.44
iter 2653/5000 (53.06%) | elapsed=46m 39s | eta=41m 16s | loss=0.0178 | eps=0.095 | mean turn reward=+0.162 | mean episode return/seat=+4.22
iter 2654/5000 (53.08%) | elapsed=46m 40s | eta=41m 15s | loss=0.0175 | eps=0.095 | mean turn reward=+0.169 | mean episode return/seat=+4.51
iter 2655/5000 (53.10%) | elapsed=46m 41s | eta=41m 14s | loss=0.0172 | eps=0.094 | mean turn reward=+0.164 | mean episode return/seat=+4.31
iter 2656/5000 (53.12%) | elapsed=46m 42s | eta=41m 13s | loss=0.0180 | eps=0.094 | mean turn reward=+0.166 | mean episode return/seat=+4.39
iter 2657/5000 (53.14%) | elapsed=46m 43s | eta=41m 12s | loss=0.0184 | eps=0.094 | mean turn reward=+0.163 | mean episode return/seat=+4.28
iter 2658/5000 (53.16%) | elapsed=46m 44s | eta=41m 11s | loss=0.0195 | eps=0.093 | mean turn reward=+0.166 | mean episode return/seat=+4.40
iter 2659/5000 (53.18%) | elapsed=46m 45s | eta=41m 10s | loss=0.0171 | eps=0.093 | mean turn reward=+0.165 | mean episode return/seat=+4.36
iter 2660/5000 (53.20%) | elapsed=46m 46s | eta=41m 09s | loss=0.0200 | eps=0.092 | mean turn reward=+0.163 | mean episode return/seat=+4.32
iter 2661/5000 (53.22%) | elapsed=46m 47s | eta=41m 08s | loss=0.0152 | eps=0.092 | mean turn reward=+0.166 | mean episode return/seat=+4.38
iter 2662/5000 (53.24%) | elapsed=46m 48s | eta=41m 07s | loss=0.0164 | eps=0.092 | mean turn reward=+0.164 | mean episode return/seat=+4.34
iter 2663/5000 (53.26%) | elapsed=46m 49s | eta=41m 05s | loss=0.0180 | eps=0.091 | mean turn reward=+0.165 | mean episode return/seat=+4.32
iter 2664/5000 (53.28%) | elapsed=46m 50s | eta=41m 04s | loss=0.0169 | eps=0.091 | mean turn reward=+0.167 | mean episode return/seat=+4.41
iter 2665/5000 (53.30%) | elapsed=46m 52s | eta=41m 03s | loss=0.0177 | eps=0.091 | mean turn reward=+0.163 | mean episode return/seat=+4.27
iter 2666/5000 (53.32%) | elapsed=46m 53s | eta=41m 02s | loss=0.0183 | eps=0.090 | mean turn reward=+0.165 | mean episode return/seat=+4.35
iter 2667/5000 (53.34%) | elapsed=46m 54s | eta=41m 01s | loss=0.0158 | eps=0.090 | mean turn reward=+0.164 | mean episode return/seat=+4.31
iter 2668/5000 (53.36%) | elapsed=46m 55s | eta=41m 00s | loss=0.0179 | eps=0.089 | mean turn reward=+0.167 | mean episode return/seat=+4.38
iter 2669/5000 (53.38%) | elapsed=46m 56s | eta=40m 59s | loss=0.0187 | eps=0.089 | mean turn reward=+0.166 | mean episode return/seat=+4.37
iter 2670/5000 (53.40%) | elapsed=46m 57s | eta=40m 58s | loss=0.0181 | eps=0.089 | mean turn reward=+0.167 | mean episode return/seat=+4.48
iter 2671/5000 (53.42%) | elapsed=46m 58s | eta=40m 57s | loss=0.0188 | eps=0.088 | mean turn reward=+0.165 | mean episode return/seat=+4.38
iter 2672/5000 (53.44%) | elapsed=46m 59s | eta=40m 56s | loss=0.0170 | eps=0.088 | mean turn reward=+0.164 | mean episode return/seat=+4.33
iter 2673/5000 (53.46%) | elapsed=47m 00s | eta=40m 55s | loss=0.0190 | eps=0.088 | mean turn reward=+0.163 | mean episode return/seat=+4.26
iter 2674/5000 (53.48%) | elapsed=47m 01s | eta=40m 54s | loss=0.0164 | eps=0.087 | mean turn reward=+0.164 | mean episode return/seat=+4.32
iter 2675/5000 (53.50%) | elapsed=47m 02s | eta=40m 53s | loss=0.0156 | eps=0.087 | mean turn reward=+0.163 | mean episode return/seat=+4.27
iter 2676/5000 (53.52%) | elapsed=47m 03s | eta=40m 52s | loss=0.0187 | eps=0.086 | mean turn reward=+0.165 | mean episode return/seat=+4.32
iter 2677/5000 (53.54%) | elapsed=47m 04s | eta=40m 51s | loss=0.0154 | eps=0.086 | mean turn reward=+0.163 | mean episode return/seat=+4.30
iter 2678/5000 (53.56%) | elapsed=47m 05s | eta=40m 50s | loss=0.0194 | eps=0.086 | mean turn reward=+0.163 | mean episode return/seat=+4.26
iter 2679/5000 (53.58%) | elapsed=47m 07s | eta=40m 49s | loss=0.0159 | eps=0.085 | mean turn reward=+0.163 | mean episode return/seat=+4.26
iter 2680/5000 (53.60%) | elapsed=47m 08s | eta=40m 48s | loss=0.0181 | eps=0.085 | mean turn reward=+0.165 | mean episode return/seat=+4.36
iter 2681/5000 (53.62%) | elapsed=47m 09s | eta=40m 47s | loss=0.0166 | eps=0.085 | mean turn reward=+0.167 | mean episode return/seat=+4.39
iter 2682/5000 (53.64%) | elapsed=47m 10s | eta=40m 46s | loss=0.0173 | eps=0.084 | mean turn reward=+0.161 | mean episode return/seat=+4.23
iter 2683/5000 (53.66%) | elapsed=47m 11s | eta=40m 45s | loss=0.0151 | eps=0.084 | mean turn reward=+0.165 | mean episode return/seat=+4.35
iter 2684/5000 (53.68%) | elapsed=47m 12s | eta=40m 43s | loss=0.0179 | eps=0.083 | mean turn reward=+0.167 | mean episode return/seat=+4.44
iter 2685/5000 (53.70%) | elapsed=47m 13s | eta=40m 42s | loss=0.0162 | eps=0.083 | mean turn reward=+0.163 | mean episode return/seat=+4.27
iter 2686/5000 (53.72%) | elapsed=47m 14s | eta=40m 41s | loss=0.0171 | eps=0.083 | mean turn reward=+0.165 | mean episode return/seat=+4.36
iter 2687/5000 (53.74%) | elapsed=47m 15s | eta=40m 40s | loss=0.0174 | eps=0.082 | mean turn reward=+0.165 | mean episode return/seat=+4.37
iter 2688/5000 (53.76%) | elapsed=47m 16s | eta=40m 39s | loss=0.0161 | eps=0.082 | mean turn reward=+0.165 | mean episode return/seat=+4.36
iter 2689/5000 (53.78%) | elapsed=47m 17s | eta=40m 38s | loss=0.0165 | eps=0.082 | mean turn reward=+0.167 | mean episode return/seat=+4.45
iter 2690/5000 (53.80%) | elapsed=47m 18s | eta=40m 37s | loss=0.0165 | eps=0.081 | mean turn reward=+0.164 | mean episode return/seat=+4.28
iter 2691/5000 (53.82%) | elapsed=47m 19s | eta=40m 36s | loss=0.0153 | eps=0.081 | mean turn reward=+0.166 | mean episode return/seat=+4.45
iter 2692/5000 (53.84%) | elapsed=47m 20s | eta=40m 35s | loss=0.0185 | eps=0.080 | mean turn reward=+0.167 | mean episode return/seat=+4.43
iter 2693/5000 (53.86%) | elapsed=47m 21s | eta=40m 34s | loss=0.0195 | eps=0.080 | mean turn reward=+0.165 | mean episode return/seat=+4.38
iter 2694/5000 (53.88%) | elapsed=47m 22s | eta=40m 33s | loss=0.0179 | eps=0.080 | mean turn reward=+0.160 | mean episode return/seat=+4.15
iter 2695/5000 (53.90%) | elapsed=47m 24s | eta=40m 32s | loss=0.0189 | eps=0.079 | mean turn reward=+0.165 | mean episode return/seat=+4.33
iter 2696/5000 (53.92%) | elapsed=47m 25s | eta=40m 31s | loss=0.0185 | eps=0.079 | mean turn reward=+0.167 | mean episode return/seat=+4.36
iter 2697/5000 (53.94%) | elapsed=47m 26s | eta=40m 30s | loss=0.0157 | eps=0.079 | mean turn reward=+0.166 | mean episode return/seat=+4.37
iter 2698/5000 (53.96%) | elapsed=47m 27s | eta=40m 29s | loss=0.0178 | eps=0.078 | mean turn reward=+0.165 | mean episode return/seat=+4.33
iter 2699/5000 (53.98%) | elapsed=47m 28s | eta=40m 28s | loss=0.0173 | eps=0.078 | mean turn reward=+0.164 | mean episode return/seat=+4.31
iter 2700/5000 (54.00%) | elapsed=47m 29s | eta=40m 27s | loss=0.0203 | eps=0.078 | mean turn reward=+0.168 | mean episode return/seat=+4.46
iter 2701/5000 (54.02%) | elapsed=47m 30s | eta=40m 26s | loss=0.0169 | eps=0.077 | mean turn reward=+0.166 | mean episode return/seat=+4.38
iter 2702/5000 (54.04%) | elapsed=47m 31s | eta=40m 25s | loss=0.0183 | eps=0.077 | mean turn reward=+0.166 | mean episode return/seat=+4.34
iter 2703/5000 (54.06%) | elapsed=47m 32s | eta=40m 24s | loss=0.0177 | eps=0.076 | mean turn reward=+0.166 | mean episode return/seat=+4.32
iter 2704/5000 (54.08%) | elapsed=47m 33s | eta=40m 23s | loss=0.0175 | eps=0.076 | mean turn reward=+0.164 | mean episode return/seat=+4.33
iter 2705/5000 (54.10%) | elapsed=47m 34s | eta=40m 22s | loss=0.0174 | eps=0.076 | mean turn reward=+0.166 | mean episode return/seat=+4.36
iter 2706/5000 (54.12%) | elapsed=47m 35s | eta=40m 20s | loss=0.0174 | eps=0.075 | mean turn reward=+0.165 | mean episode return/seat=+4.36
iter 2707/5000 (54.14%) | elapsed=47m 36s | eta=40m 19s | loss=0.0166 | eps=0.075 | mean turn reward=+0.163 | mean episode return/seat=+4.22
iter 2708/5000 (54.16%) | elapsed=47m 37s | eta=40m 18s | loss=0.0152 | eps=0.075 | mean turn reward=+0.167 | mean episode return/seat=+4.42
iter 2709/5000 (54.18%) | elapsed=47m 38s | eta=40m 17s | loss=0.0153 | eps=0.074 | mean turn reward=+0.165 | mean episode return/seat=+4.34
iter 2710/5000 (54.20%) | elapsed=47m 39s | eta=40m 16s | loss=0.0183 | eps=0.074 | mean turn reward=+0.164 | mean episode return/seat=+4.30
iter 2711/5000 (54.22%) | elapsed=47m 41s | eta=40m 15s | loss=0.0180 | eps=0.073 | mean turn reward=+0.164 | mean episode return/seat=+4.31
iter 2712/5000 (54.24%) | elapsed=47m 42s | eta=40m 14s | loss=0.0174 | eps=0.073 | mean turn reward=+0.166 | mean episode return/seat=+4.39
iter 2713/5000 (54.26%) | elapsed=47m 43s | eta=40m 13s | loss=0.0161 | eps=0.073 | mean turn reward=+0.165 | mean episode return/seat=+4.33
iter 2714/5000 (54.28%) | elapsed=47m 44s | eta=40m 12s | loss=0.0165 | eps=0.072 | mean turn reward=+0.165 | mean episode return/seat=+4.30
iter 2715/5000 (54.30%) | elapsed=47m 45s | eta=40m 11s | loss=0.0182 | eps=0.072 | mean turn reward=+0.164 | mean episode return/seat=+4.32
iter 2716/5000 (54.32%) | elapsed=47m 46s | eta=40m 10s | loss=0.0173 | eps=0.072 | mean turn reward=+0.166 | mean episode return/seat=+4.33
iter 2717/5000 (54.34%) | elapsed=47m 47s | eta=40m 09s | loss=0.0146 | eps=0.071 | mean turn reward=+0.166 | mean episode return/seat=+4.37
iter 2718/5000 (54.36%) | elapsed=47m 48s | eta=40m 08s | loss=0.0182 | eps=0.071 | mean turn reward=+0.167 | mean episode return/seat=+4.38
iter 2719/5000 (54.38%) | elapsed=47m 49s | eta=40m 07s | loss=0.0142 | eps=0.070 | mean turn reward=+0.163 | mean episode return/seat=+4.27
iter 2720/5000 (54.40%) | elapsed=47m 50s | eta=40m 06s | loss=0.0178 | eps=0.070 | mean turn reward=+0.166 | mean episode return/seat=+4.41
iter 2721/5000 (54.42%) | elapsed=47m 51s | eta=40m 05s | loss=0.0166 | eps=0.070 | mean turn reward=+0.167 | mean episode return/seat=+4.39
iter 2722/5000 (54.44%) | elapsed=47m 52s | eta=40m 04s | loss=0.0174 | eps=0.069 | mean turn reward=+0.166 | mean episode return/seat=+4.35
iter 2723/5000 (54.46%) | elapsed=47m 53s | eta=40m 03s | loss=0.0163 | eps=0.069 | mean turn reward=+0.164 | mean episode return/seat=+4.31
iter 2724/5000 (54.48%) | elapsed=47m 54s | eta=40m 02s | loss=0.0168 | eps=0.069 | mean turn reward=+0.161 | mean episode return/seat=+4.19
iter 2725/5000 (54.50%) | elapsed=47m 55s | eta=40m 01s | loss=0.0171 | eps=0.068 | mean turn reward=+0.163 | mean episode return/seat=+4.34
iter 2726/5000 (54.52%) | elapsed=47m 57s | eta=40m 00s | loss=0.0186 | eps=0.068 | mean turn reward=+0.164 | mean episode return/seat=+4.39
iter 2727/5000 (54.54%) | elapsed=47m 58s | eta=39m 58s | loss=0.0157 | eps=0.067 | mean turn reward=+0.167 | mean episode return/seat=+4.43
iter 2728/5000 (54.56%) | elapsed=47m 59s | eta=39m 57s | loss=0.0181 | eps=0.067 | mean turn reward=+0.165 | mean episode return/seat=+4.37
iter 2729/5000 (54.58%) | elapsed=48m 00s | eta=39m 56s | loss=0.0177 | eps=0.067 | mean turn reward=+0.165 | mean episode return/seat=+4.40
iter 2730/5000 (54.60%) | elapsed=48m 01s | eta=39m 55s | loss=0.0170 | eps=0.066 | mean turn reward=+0.162 | mean episode return/seat=+4.19
iter 2731/5000 (54.62%) | elapsed=48m 02s | eta=39m 54s | loss=0.0219 | eps=0.066 | mean turn reward=+0.163 | mean episode return/seat=+4.26
iter 2732/5000 (54.64%) | elapsed=48m 03s | eta=39m 53s | loss=0.0194 | eps=0.066 | mean turn reward=+0.167 | mean episode return/seat=+4.42
iter 2733/5000 (54.66%) | elapsed=48m 04s | eta=39m 52s | loss=0.0197 | eps=0.065 | mean turn reward=+0.166 | mean episode return/seat=+4.38
iter 2734/5000 (54.68%) | elapsed=48m 05s | eta=39m 51s | loss=0.0172 | eps=0.065 | mean turn reward=+0.163 | mean episode return/seat=+4.27
iter 2735/5000 (54.70%) | elapsed=48m 06s | eta=39m 50s | loss=0.0171 | eps=0.064 | mean turn reward=+0.164 | mean episode return/seat=+4.28
iter 2736/5000 (54.72%) | elapsed=48m 07s | eta=39m 49s | loss=0.0174 | eps=0.064 | mean turn reward=+0.166 | mean episode return/seat=+4.40
iter 2737/5000 (54.74%) | elapsed=48m 08s | eta=39m 48s | loss=0.0173 | eps=0.064 | mean turn reward=+0.163 | mean episode return/seat=+4.23
iter 2738/5000 (54.76%) | elapsed=48m 09s | eta=39m 47s | loss=0.0158 | eps=0.063 | mean turn reward=+0.166 | mean episode return/seat=+4.40
iter 2739/5000 (54.78%) | elapsed=48m 10s | eta=39m 46s | loss=0.0159 | eps=0.063 | mean turn reward=+0.168 | mean episode return/seat=+4.40
iter 2740/5000 (54.80%) | elapsed=48m 12s | eta=39m 45s | loss=0.0152 | eps=0.063 | mean turn reward=+0.165 | mean episode return/seat=+4.30
iter 2741/5000 (54.82%) | elapsed=48m 13s | eta=39m 44s | loss=0.0156 | eps=0.062 | mean turn reward=+0.166 | mean episode return/seat=+4.42
iter 2742/5000 (54.84%) | elapsed=48m 14s | eta=39m 43s | loss=0.0175 | eps=0.062 | mean turn reward=+0.167 | mean episode return/seat=+4.42
iter 2743/5000 (54.86%) | elapsed=48m 15s | eta=39m 42s | loss=0.0169 | eps=0.061 | mean turn reward=+0.166 | mean episode return/seat=+4.37
iter 2744/5000 (54.88%) | elapsed=48m 16s | eta=39m 41s | loss=0.0171 | eps=0.061 | mean turn reward=+0.166 | mean episode return/seat=+4.40
iter 2745/5000 (54.90%) | elapsed=48m 17s | eta=39m 40s | loss=0.0181 | eps=0.061 | mean turn reward=+0.168 | mean episode return/seat=+4.43
iter 2746/5000 (54.92%) | elapsed=48m 18s | eta=39m 39s | loss=0.0193 | eps=0.060 | mean turn reward=+0.164 | mean episode return/seat=+4.31
iter 2747/5000 (54.94%) | elapsed=48m 19s | eta=39m 37s | loss=0.0174 | eps=0.060 | mean turn reward=+0.165 | mean episode return/seat=+4.33
iter 2748/5000 (54.96%) | elapsed=48m 20s | eta=39m 36s | loss=0.0131 | eps=0.060 | mean turn reward=+0.167 | mean episode return/seat=+4.43
iter 2749/5000 (54.98%) | elapsed=48m 21s | eta=39m 35s | loss=0.0169 | eps=0.059 | mean turn reward=+0.164 | mean episode return/seat=+4.29
iter 2750/5000 (55.00%) | elapsed=48m 22s | eta=39m 34s | loss=0.0135 | eps=0.059 | mean turn reward=+0.170 | mean episode return/seat=+4.48
iter 2751/5000 (55.02%) | elapsed=48m 23s | eta=39m 33s | loss=0.0189 | eps=0.059 | mean turn reward=+0.164 | mean episode return/seat=+4.31
iter 2752/5000 (55.04%) | elapsed=48m 24s | eta=39m 32s | loss=0.0163 | eps=0.058 | mean turn reward=+0.166 | mean episode return/seat=+4.42
iter 2753/5000 (55.06%) | elapsed=48m 25s | eta=39m 31s | loss=0.0165 | eps=0.058 | mean turn reward=+0.166 | mean episode return/seat=+4.38
iter 2754/5000 (55.08%) | elapsed=48m 26s | eta=39m 30s | loss=0.0167 | eps=0.057 | mean turn reward=+0.165 | mean episode return/seat=+4.32
iter 2755/5000 (55.10%) | elapsed=48m 27s | eta=39m 29s | loss=0.0160 | eps=0.057 | mean turn reward=+0.167 | mean episode return/seat=+4.37
iter 2756/5000 (55.12%) | elapsed=48m 29s | eta=39m 28s | loss=0.0190 | eps=0.057 | mean turn reward=+0.168 | mean episode return/seat=+4.45
iter 2757/5000 (55.14%) | elapsed=48m 30s | eta=39m 27s | loss=0.0168 | eps=0.056 | mean turn reward=+0.168 | mean episode return/seat=+4.43
iter 2758/5000 (55.16%) | elapsed=48m 31s | eta=39m 26s | loss=0.0152 | eps=0.056 | mean turn reward=+0.163 | mean episode return/seat=+4.29
iter 2759/5000 (55.18%) | elapsed=48m 32s | eta=39m 25s | loss=0.0171 | eps=0.056 | mean turn reward=+0.166 | mean episode return/seat=+4.35
iter 2760/5000 (55.20%) | elapsed=48m 33s | eta=39m 24s | loss=0.0175 | eps=0.055 | mean turn reward=+0.167 | mean episode return/seat=+4.37
iter 2761/5000 (55.22%) | elapsed=48m 34s | eta=39m 23s | loss=0.0169 | eps=0.055 | mean turn reward=+0.166 | mean episode return/seat=+4.36
iter 2762/5000 (55.24%) | elapsed=48m 35s | eta=39m 22s | loss=0.0174 | eps=0.054 | mean turn reward=+0.165 | mean episode return/seat=+4.34
iter 2763/5000 (55.26%) | elapsed=48m 36s | eta=39m 21s | loss=0.0169 | eps=0.054 | mean turn reward=+0.167 | mean episode return/seat=+4.38
iter 2764/5000 (55.28%) | elapsed=48m 37s | eta=39m 20s | loss=0.0172 | eps=0.054 | mean turn reward=+0.166 | mean episode return/seat=+4.38
iter 2765/5000 (55.30%) | elapsed=48m 38s | eta=39m 19s | loss=0.0167 | eps=0.053 | mean turn reward=+0.167 | mean episode return/seat=+4.36
iter 2766/5000 (55.32%) | elapsed=48m 39s | eta=39m 18s | loss=0.0158 | eps=0.053 | mean turn reward=+0.170 | mean episode return/seat=+4.55
iter 2767/5000 (55.34%) | elapsed=48m 40s | eta=39m 17s | loss=0.0152 | eps=0.053 | mean turn reward=+0.167 | mean episode return/seat=+4.39
iter 2768/5000 (55.36%) | elapsed=48m 41s | eta=39m 16s | loss=0.0153 | eps=0.052 | mean turn reward=+0.166 | mean episode return/seat=+4.40
iter 2769/5000 (55.38%) | elapsed=48m 42s | eta=39m 14s | loss=0.0167 | eps=0.052 | mean turn reward=+0.167 | mean episode return/seat=+4.38
iter 2770/5000 (55.40%) | elapsed=48m 43s | eta=39m 13s | loss=0.0178 | eps=0.051 | mean turn reward=+0.167 | mean episode return/seat=+4.42
iter 2771/5000 (55.42%) | elapsed=48m 45s | eta=39m 12s | loss=0.0160 | eps=0.051 | mean turn reward=+0.168 | mean episode return/seat=+4.39
iter 2772/5000 (55.44%) | elapsed=48m 46s | eta=39m 11s | loss=0.0181 | eps=0.051 | mean turn reward=+0.166 | mean episode return/seat=+4.39
iter 2773/5000 (55.46%) | elapsed=48m 47s | eta=39m 10s | loss=0.0160 | eps=0.050 | mean turn reward=+0.164 | mean episode return/seat=+4.27
iter 2774/5000 (55.48%) | elapsed=48m 48s | eta=39m 09s | loss=0.0163 | eps=0.050 | mean turn reward=+0.167 | mean episode return/seat=+4.39
iter 2775/5000 (55.50%) | elapsed=48m 49s | eta=39m 08s | loss=0.0201 | eps=0.050 | mean turn reward=+0.167 | mean episode return/seat=+4.40
iter 2776/5000 (55.52%) | elapsed=48m 50s | eta=39m 07s | loss=0.0140 | eps=0.050 | mean turn reward=+0.167 | mean episode return/seat=+4.36
iter 2777/5000 (55.54%) | elapsed=48m 51s | eta=39m 06s | loss=0.0151 | eps=0.050 | mean turn reward=+0.163 | mean episode return/seat=+4.29
iter 2778/5000 (55.56%) | elapsed=48m 52s | eta=39m 05s | loss=0.0162 | eps=0.050 | mean turn reward=+0.167 | mean episode return/seat=+4.41
iter 2779/5000 (55.58%) | elapsed=48m 53s | eta=39m 04s | loss=0.0176 | eps=0.050 | mean turn reward=+0.166 | mean episode return/seat=+4.37
iter 2780/5000 (55.60%) | elapsed=48m 54s | eta=39m 03s | loss=0.0160 | eps=0.050 | mean turn reward=+0.169 | mean episode return/seat=+4.47
iter 2781/5000 (55.62%) | elapsed=48m 55s | eta=39m 02s | loss=0.0179 | eps=0.050 | mean turn reward=+0.164 | mean episode return/seat=+4.32
iter 2782/5000 (55.64%) | elapsed=48m 56s | eta=39m 01s | loss=0.0169 | eps=0.050 | mean turn reward=+0.165 | mean episode return/seat=+4.37
iter 2783/5000 (55.66%) | elapsed=48m 57s | eta=39m 00s | loss=0.0171 | eps=0.050 | mean turn reward=+0.166 | mean episode return/seat=+4.32
iter 2784/5000 (55.68%) | elapsed=48m 59s | eta=38m 59s | loss=0.0152 | eps=0.050 | mean turn reward=+0.170 | mean episode return/seat=+4.52
iter 2785/5000 (55.70%) | elapsed=49m 00s | eta=38m 58s | loss=0.0162 | eps=0.050 | mean turn reward=+0.168 | mean episode return/seat=+4.44
iter 2786/5000 (55.72%) | elapsed=49m 00s | eta=38m 57s | loss=0.0171 | eps=0.050 | mean turn reward=+0.165 | mean episode return/seat=+4.32
iter 2787/5000 (55.74%) | elapsed=49m 02s | eta=38m 56s | loss=0.0189 | eps=0.050 | mean turn reward=+0.165 | mean episode return/seat=+4.29
iter 2788/5000 (55.76%) | elapsed=49m 03s | eta=38m 55s | loss=0.0170 | eps=0.050 | mean turn reward=+0.164 | mean episode return/seat=+4.31
iter 2789/5000 (55.78%) | elapsed=49m 04s | eta=38m 54s | loss=0.0150 | eps=0.050 | mean turn reward=+0.166 | mean episode return/seat=+4.34
iter 2790/5000 (55.80%) | elapsed=49m 05s | eta=38m 52s | loss=0.0176 | eps=0.050 | mean turn reward=+0.164 | mean episode return/seat=+4.30
iter 2791/5000 (55.82%) | elapsed=49m 06s | eta=38m 51s | loss=0.0183 | eps=0.050 | mean turn reward=+0.167 | mean episode return/seat=+4.41
iter 2792/5000 (55.84%) | elapsed=49m 07s | eta=38m 50s | loss=0.0188 | eps=0.050 | mean turn reward=+0.167 | mean episode return/seat=+4.41
iter 2793/5000 (55.86%) | elapsed=49m 08s | eta=38m 49s | loss=0.0150 | eps=0.050 | mean turn reward=+0.165 | mean episode return/seat=+4.32
iter 2794/5000 (55.88%) | elapsed=49m 09s | eta=38m 48s | loss=0.0133 | eps=0.050 | mean turn reward=+0.168 | mean episode return/seat=+4.48
iter 2795/5000 (55.90%) | elapsed=49m 10s | eta=38m 47s | loss=0.0160 | eps=0.050 | mean turn reward=+0.163 | mean episode return/seat=+4.25
iter 2796/5000 (55.92%) | elapsed=49m 11s | eta=38m 46s | loss=0.0154 | eps=0.050 | mean turn reward=+0.166 | mean episode return/seat=+4.33
iter 2797/5000 (55.94%) | elapsed=49m 12s | eta=38m 45s | loss=0.0168 | eps=0.050 | mean turn reward=+0.166 | mean episode return/seat=+4.37
iter 2798/5000 (55.96%) | elapsed=49m 13s | eta=38m 44s | loss=0.0161 | eps=0.050 | mean turn reward=+0.165 | mean episode return/seat=+4.35
iter 2799/5000 (55.98%) | elapsed=49m 14s | eta=38m 43s | loss=0.0188 | eps=0.050 | mean turn reward=+0.167 | mean episode return/seat=+4.42
iter 2800/5000 (56.00%) | elapsed=49m 15s | eta=38m 42s | loss=0.0171 | eps=0.050 | mean turn reward=+0.167 | mean episode return/seat=+4.40
iter 2801/5000 (56.02%) | elapsed=49m 16s | eta=38m 41s | loss=0.0177 | eps=0.050 | mean turn reward=+0.168 | mean episode return/seat=+4.51
iter 2802/5000 (56.04%) | elapsed=49m 17s | eta=38m 40s | loss=0.0187 | eps=0.050 | mean turn reward=+0.167 | mean episode return/seat=+4.41
iter 2803/5000 (56.06%) | elapsed=49m 19s | eta=38m 39s | loss=0.0173 | eps=0.050 | mean turn reward=+0.168 | mean episode return/seat=+4.43
iter 2804/5000 (56.08%) | elapsed=49m 20s | eta=38m 38s | loss=0.0166 | eps=0.050 | mean turn reward=+0.163 | mean episode return/seat=+4.31
iter 2805/5000 (56.10%) | elapsed=49m 21s | eta=38m 37s | loss=0.0170 | eps=0.050 | mean turn reward=+0.165 | mean episode return/seat=+4.29
iter 2806/5000 (56.12%) | elapsed=49m 22s | eta=38m 36s | loss=0.0159 | eps=0.050 | mean turn reward=+0.168 | mean episode return/seat=+4.43
iter 2807/5000 (56.14%) | elapsed=49m 23s | eta=38m 35s | loss=0.0155 | eps=0.050 | mean turn reward=+0.165 | mean episode return/seat=+4.32
iter 2808/5000 (56.16%) | elapsed=49m 24s | eta=38m 34s | loss=0.0170 | eps=0.050 | mean turn reward=+0.168 | mean episode return/seat=+4.41
iter 2809/5000 (56.18%) | elapsed=49m 25s | eta=38m 32s | loss=0.0169 | eps=0.050 | mean turn reward=+0.167 | mean episode return/seat=+4.39
iter 2810/5000 (56.20%) | elapsed=49m 26s | eta=38m 31s | loss=0.0140 | eps=0.050 | mean turn reward=+0.166 | mean episode return/seat=+4.34
iter 2811/5000 (56.22%) | elapsed=49m 27s | eta=38m 30s | loss=0.0170 | eps=0.050 | mean turn reward=+0.164 | mean episode return/seat=+4.32
iter 2812/5000 (56.24%) | elapsed=49m 28s | eta=38m 29s | loss=0.0187 | eps=0.050 | mean turn reward=+0.166 | mean episode return/seat=+4.39
iter 2813/5000 (56.26%) | elapsed=49m 29s | eta=38m 28s | loss=0.0157 | eps=0.050 | mean turn reward=+0.164 | mean episode return/seat=+4.33
iter 2814/5000 (56.28%) | elapsed=49m 30s | eta=38m 27s | loss=0.0163 | eps=0.050 | mean turn reward=+0.165 | mean episode return/seat=+4.36
iter 2815/5000 (56.30%) | elapsed=49m 31s | eta=38m 26s | loss=0.0160 | eps=0.050 | mean turn reward=+0.166 | mean episode return/seat=+4.33
iter 2816/5000 (56.32%) | elapsed=49m 32s | eta=38m 25s | loss=0.0163 | eps=0.050 | mean turn reward=+0.164 | mean episode return/seat=+4.31
iter 2817/5000 (56.34%) | elapsed=49m 33s | eta=38m 24s | loss=0.0182 | eps=0.050 | mean turn reward=+0.166 | mean episode return/seat=+4.41
iter 2818/5000 (56.36%) | elapsed=49m 34s | eta=38m 23s | loss=0.0152 | eps=0.050 | mean turn reward=+0.166 | mean episode return/seat=+4.35
iter 2819/5000 (56.38%) | elapsed=49m 35s | eta=38m 22s | loss=0.0178 | eps=0.050 | mean turn reward=+0.165 | mean episode return/seat=+4.30
iter 2820/5000 (56.40%) | elapsed=49m 36s | eta=38m 21s | loss=0.0179 | eps=0.050 | mean turn reward=+0.165 | mean episode return/seat=+4.27
iter 2821/5000 (56.42%) | elapsed=49m 37s | eta=38m 20s | loss=0.0174 | eps=0.050 | mean turn reward=+0.165 | mean episode return/seat=+4.35
iter 2822/5000 (56.44%) | elapsed=49m 39s | eta=38m 19s | loss=0.0176 | eps=0.050 | mean turn reward=+0.166 | mean episode return/seat=+4.40
iter 2823/5000 (56.46%) | elapsed=49m 40s | eta=38m 18s | loss=0.0195 | eps=0.050 | mean turn reward=+0.166 | mean episode return/seat=+4.37
iter 2824/5000 (56.48%) | elapsed=49m 41s | eta=38m 17s | loss=0.0172 | eps=0.050 | mean turn reward=+0.164 | mean episode return/seat=+4.30
iter 2825/5000 (56.50%) | elapsed=49m 42s | eta=38m 16s | loss=0.0173 | eps=0.050 | mean turn reward=+0.168 | mean episode return/seat=+4.41
iter 2826/5000 (56.52%) | elapsed=49m 43s | eta=38m 15s | loss=0.0157 | eps=0.050 | mean turn reward=+0.166 | mean episode return/seat=+4.40
iter 2827/5000 (56.54%) | elapsed=49m 44s | eta=38m 14s | loss=0.0149 | eps=0.050 | mean turn reward=+0.169 | mean episode return/seat=+4.46
iter 2828/5000 (56.56%) | elapsed=49m 45s | eta=38m 12s | loss=0.0158 | eps=0.050 | mean turn reward=+0.167 | mean episode return/seat=+4.40
iter 2829/5000 (56.58%) | elapsed=49m 46s | eta=38m 11s | loss=0.0181 | eps=0.050 | mean turn reward=+0.167 | mean episode return/seat=+4.45
iter 2830/5000 (56.60%) | elapsed=49m 47s | eta=38m 10s | loss=0.0159 | eps=0.050 | mean turn reward=+0.162 | mean episode return/seat=+4.26
iter 2831/5000 (56.62%) | elapsed=49m 48s | eta=38m 09s | loss=0.0159 | eps=0.050 | mean turn reward=+0.165 | mean episode return/seat=+4.34
iter 2832/5000 (56.64%) | elapsed=49m 49s | eta=38m 08s | loss=0.0203 | eps=0.050 | mean turn reward=+0.165 | mean episode return/seat=+4.36
iter 2833/5000 (56.66%) | elapsed=49m 50s | eta=38m 07s | loss=0.0163 | eps=0.050 | mean turn reward=+0.167 | mean episode return/seat=+4.38
iter 2834/5000 (56.68%) | elapsed=49m 52s | eta=38m 06s | loss=0.0224 | eps=0.050 | mean turn reward=+0.167 | mean episode return/seat=+4.41
iter 2835/5000 (56.70%) | elapsed=49m 53s | eta=38m 05s | loss=0.0160 | eps=0.050 | mean turn reward=+0.166 | mean episode return/seat=+4.35
iter 2836/5000 (56.72%) | elapsed=49m 54s | eta=38m 04s | loss=0.0163 | eps=0.050 | mean turn reward=+0.167 | mean episode return/seat=+4.46
iter 2837/5000 (56.74%) | elapsed=49m 55s | eta=38m 03s | loss=0.0178 | eps=0.050 | mean turn reward=+0.167 | mean episode return/seat=+4.44
iter 2838/5000 (56.76%) | elapsed=49m 56s | eta=38m 02s | loss=0.0177 | eps=0.050 | mean turn reward=+0.166 | mean episode return/seat=+4.38
iter 2839/5000 (56.78%) | elapsed=49m 57s | eta=38m 01s | loss=0.0170 | eps=0.050 | mean turn reward=+0.165 | mean episode return/seat=+4.36
iter 2840/5000 (56.80%) | elapsed=49m 58s | eta=38m 00s | loss=0.0148 | eps=0.050 | mean turn reward=+0.167 | mean episode return/seat=+4.40
iter 2841/5000 (56.82%) | elapsed=49m 59s | eta=37m 59s | loss=0.0165 | eps=0.050 | mean turn reward=+0.166 | mean episode return/seat=+4.36
iter 2842/5000 (56.84%) | elapsed=50m 00s | eta=37m 58s | loss=0.0151 | eps=0.050 | mean turn reward=+0.167 | mean episode return/seat=+4.46
iter 2843/5000 (56.86%) | elapsed=50m 01s | eta=37m 57s | loss=0.0162 | eps=0.050 | mean turn reward=+0.164 | mean episode return/seat=+4.27
iter 2844/5000 (56.88%) | elapsed=50m 02s | eta=37m 56s | loss=0.0145 | eps=0.050 | mean turn reward=+0.167 | mean episode return/seat=+4.42
iter 2845/5000 (56.90%) | elapsed=50m 03s | eta=37m 55s | loss=0.0161 | eps=0.050 | mean turn reward=+0.167 | mean episode return/seat=+4.41
iter 2846/5000 (56.92%) | elapsed=50m 05s | eta=37m 54s | loss=0.0171 | eps=0.050 | mean turn reward=+0.165 | mean episode return/seat=+4.34
iter 2847/5000 (56.94%) | elapsed=50m 06s | eta=37m 53s | loss=0.0172 | eps=0.050 | mean turn reward=+0.165 | mean episode return/seat=+4.29
iter 2848/5000 (56.96%) | elapsed=50m 07s | eta=37m 52s | loss=0.0185 | eps=0.050 | mean turn reward=+0.165 | mean episode return/seat=+4.32
iter 2849/5000 (56.98%) | elapsed=50m 08s | eta=37m 51s | loss=0.0164 | eps=0.050 | mean turn reward=+0.166 | mean episode return/seat=+4.40
iter 2850/5000 (57.00%) | elapsed=50m 09s | eta=37m 50s | loss=0.0163 | eps=0.050 | mean turn reward=+0.165 | mean episode return/seat=+4.34
iter 2851/5000 (57.02%) | elapsed=50m 10s | eta=37m 49s | loss=0.0176 | eps=0.050 | mean turn reward=+0.167 | mean episode return/seat=+4.41
iter 2852/5000 (57.04%) | elapsed=50m 11s | eta=37m 48s | loss=0.0163 | eps=0.050 | mean turn reward=+0.166 | mean episode return/seat=+4.40
iter 2853/5000 (57.06%) | elapsed=50m 12s | eta=37m 47s | loss=0.0159 | eps=0.050 | mean turn reward=+0.166 | mean episode return/seat=+4.37
iter 2854/5000 (57.08%) | elapsed=50m 13s | eta=37m 46s | loss=0.0158 | eps=0.050 | mean turn reward=+0.164 | mean episode return/seat=+4.35
iter 2855/5000 (57.10%) | elapsed=50m 14s | eta=37m 45s | loss=0.0184 | eps=0.050 | mean turn reward=+0.166 | mean episode return/seat=+4.43
iter 2856/5000 (57.12%) | elapsed=50m 15s | eta=37m 44s | loss=0.0172 | eps=0.050 | mean turn reward=+0.166 | mean episode return/seat=+4.33
iter 2857/5000 (57.14%) | elapsed=50m 16s | eta=37m 43s | loss=0.0165 | eps=0.050 | mean turn reward=+0.169 | mean episode return/seat=+4.47
iter 2858/5000 (57.16%) | elapsed=50m 18s | eta=37m 41s | loss=0.0178 | eps=0.050 | mean turn reward=+0.167 | mean episode return/seat=+4.41
iter 2859/5000 (57.18%) | elapsed=50m 19s | eta=37m 40s | loss=0.0158 | eps=0.050 | mean turn reward=+0.166 | mean episode return/seat=+4.42
iter 2860/5000 (57.20%) | elapsed=50m 20s | eta=37m 39s | loss=0.0149 | eps=0.050 | mean turn reward=+0.164 | mean episode return/seat=+4.27
iter 2861/5000 (57.22%) | elapsed=50m 21s | eta=37m 38s | loss=0.0161 | eps=0.050 | mean turn reward=+0.166 | mean episode return/seat=+4.32
iter 2862/5000 (57.24%) | elapsed=50m 22s | eta=37m 37s | loss=0.0179 | eps=0.050 | mean turn reward=+0.166 | mean episode return/seat=+4.39
iter 2863/5000 (57.26%) | elapsed=50m 23s | eta=37m 36s | loss=0.0165 | eps=0.050 | mean turn reward=+0.168 | mean episode return/seat=+4.45
iter 2864/5000 (57.28%) | elapsed=50m 24s | eta=37m 35s | loss=0.0159 | eps=0.050 | mean turn reward=+0.166 | mean episode return/seat=+4.38
iter 2865/5000 (57.30%) | elapsed=50m 25s | eta=37m 34s | loss=0.0167 | eps=0.050 | mean turn reward=+0.169 | mean episode return/seat=+4.50
iter 2866/5000 (57.32%) | elapsed=50m 26s | eta=37m 33s | loss=0.0187 | eps=0.050 | mean turn reward=+0.165 | mean episode return/seat=+4.32
iter 2867/5000 (57.34%) | elapsed=50m 27s | eta=37m 32s | loss=0.0161 | eps=0.050 | mean turn reward=+0.167 | mean episode return/seat=+4.39
iter 2868/5000 (57.36%) | elapsed=50m 28s | eta=37m 31s | loss=0.0166 | eps=0.050 | mean turn reward=+0.165 | mean episode return/seat=+4.34
iter 2869/5000 (57.38%) | elapsed=50m 29s | eta=37m 30s | loss=0.0149 | eps=0.050 | mean turn reward=+0.169 | mean episode return/seat=+4.47
iter 2870/5000 (57.40%) | elapsed=50m 30s | eta=37m 29s | loss=0.0153 | eps=0.050 | mean turn reward=+0.166 | mean episode return/seat=+4.39
iter 2871/5000 (57.42%) | elapsed=50m 31s | eta=37m 28s | loss=0.0158 | eps=0.050 | mean turn reward=+0.165 | mean episode return/seat=+4.37
iter 2872/5000 (57.44%) | elapsed=50m 32s | eta=37m 27s | loss=0.0167 | eps=0.050 | mean turn reward=+0.165 | mean episode return/seat=+4.28
iter 2873/5000 (57.46%) | elapsed=50m 33s | eta=37m 26s | loss=0.0172 | eps=0.050 | mean turn reward=+0.166 | mean episode return/seat=+4.37
iter 2874/5000 (57.48%) | elapsed=50m 34s | eta=37m 25s | loss=0.0165 | eps=0.050 | mean turn reward=+0.166 | mean episode return/seat=+4.36
iter 2875/5000 (57.50%) | elapsed=50m 36s | eta=37m 24s | loss=0.0171 | eps=0.050 | mean turn reward=+0.167 | mean episode return/seat=+4.36
iter 2876/5000 (57.52%) | elapsed=50m 37s | eta=37m 23s | loss=0.0161 | eps=0.050 | mean turn reward=+0.165 | mean episode return/seat=+4.34
iter 2877/5000 (57.54%) | elapsed=50m 38s | eta=37m 21s | loss=0.0163 | eps=0.050 | mean turn reward=+0.167 | mean episode return/seat=+4.39
iter 2878/5000 (57.56%) | elapsed=50m 39s | eta=37m 20s | loss=0.0161 | eps=0.050 | mean turn reward=+0.167 | mean episode return/seat=+4.39
iter 2879/5000 (57.58%) | elapsed=50m 40s | eta=37m 19s | loss=0.0168 | eps=0.050 | mean turn reward=+0.167 | mean episode return/seat=+4.37
iter 2880/5000 (57.60%) | elapsed=50m 41s | eta=37m 18s | loss=0.0192 | eps=0.050 | mean turn reward=+0.165 | mean episode return/seat=+4.34
iter 2881/5000 (57.62%) | elapsed=50m 42s | eta=37m 17s | loss=0.0149 | eps=0.050 | mean turn reward=+0.165 | mean episode return/seat=+4.35
iter 2882/5000 (57.64%) | elapsed=50m 43s | eta=37m 16s | loss=0.0175 | eps=0.050 | mean turn reward=+0.166 | mean episode return/seat=+4.36
iter 2883/5000 (57.66%) | elapsed=50m 44s | eta=37m 15s | loss=0.0157 | eps=0.050 | mean turn reward=+0.165 | mean episode return/seat=+4.32
iter 2884/5000 (57.68%) | elapsed=50m 45s | eta=37m 14s | loss=0.0171 | eps=0.050 | mean turn reward=+0.163 | mean episode return/seat=+4.25
iter 2885/5000 (57.70%) | elapsed=50m 47s | eta=37m 13s | loss=0.0146 | eps=0.050 | mean turn reward=+0.165 | mean episode return/seat=+4.36
iter 2886/5000 (57.72%) | elapsed=50m 48s | eta=37m 12s | loss=0.0164 | eps=0.050 | mean turn reward=+0.166 | mean episode return/seat=+4.35
iter 2887/5000 (57.74%) | elapsed=50m 49s | eta=37m 11s | loss=0.0147 | eps=0.050 | mean turn reward=+0.168 | mean episode return/seat=+4.44
iter 2888/5000 (57.76%) | elapsed=50m 50s | eta=37m 10s | loss=0.0141 | eps=0.050 | mean turn reward=+0.169 | mean episode return/seat=+4.49
iter 2889/5000 (57.78%) | elapsed=50m 51s | eta=37m 09s | loss=0.0156 | eps=0.050 | mean turn reward=+0.167 | mean episode return/seat=+4.45
iter 2890/5000 (57.80%) | elapsed=50m 52s | eta=37m 08s | loss=0.0146 | eps=0.050 | mean turn reward=+0.170 | mean episode return/seat=+4.50
iter 2891/5000 (57.82%) | elapsed=50m 53s | eta=37m 07s | loss=0.0194 | eps=0.050 | mean turn reward=+0.164 | mean episode return/seat=+4.31
iter 2892/5000 (57.84%) | elapsed=50m 54s | eta=37m 06s | loss=0.0171 | eps=0.050 | mean turn reward=+0.165 | mean episode return/seat=+4.40
iter 2893/5000 (57.86%) | elapsed=50m 55s | eta=37m 05s | loss=0.0170 | eps=0.050 | mean turn reward=+0.167 | mean episode return/seat=+4.39
iter 2894/5000 (57.88%) | elapsed=50m 56s | eta=37m 04s | loss=0.0161 | eps=0.050 | mean turn reward=+0.168 | mean episode return/seat=+4.45
iter 2895/5000 (57.90%) | elapsed=50m 57s | eta=37m 03s | loss=0.0182 | eps=0.050 | mean turn reward=+0.166 | mean episode return/seat=+4.34
iter 2896/5000 (57.92%) | elapsed=50m 58s | eta=37m 02s | loss=0.0156 | eps=0.050 | mean turn reward=+0.167 | mean episode return/seat=+4.40
iter 2897/5000 (57.94%) | elapsed=50m 59s | eta=37m 01s | loss=0.0161 | eps=0.050 | mean turn reward=+0.166 | mean episode return/seat=+4.36
iter 2898/5000 (57.96%) | elapsed=51m 00s | eta=37m 00s | loss=0.0187 | eps=0.050 | mean turn reward=+0.166 | mean episode return/seat=+4.36
iter 2899/5000 (57.98%) | elapsed=51m 02s | eta=36m 59s | loss=0.0161 | eps=0.050 | mean turn reward=+0.167 | mean episode return/seat=+4.36
iter 2900/5000 (58.00%) | elapsed=51m 03s | eta=36m 58s | loss=0.0165 | eps=0.050 | mean turn reward=+0.164 | mean episode return/seat=+4.36
iter 2901/5000 (58.02%) | elapsed=51m 04s | eta=36m 57s | loss=0.0171 | eps=0.050 | mean turn reward=+0.167 | mean episode return/seat=+4.41
iter 2902/5000 (58.04%) | elapsed=51m 05s | eta=36m 56s | loss=0.0177 | eps=0.050 | mean turn reward=+0.167 | mean episode return/seat=+4.42
iter 2903/5000 (58.06%) | elapsed=51m 06s | eta=36m 54s | loss=0.0174 | eps=0.050 | mean turn reward=+0.166 | mean episode return/seat=+4.35
iter 2904/5000 (58.08%) | elapsed=51m 07s | eta=36m 53s | loss=0.0181 | eps=0.050 | mean turn reward=+0.166 | mean episode return/seat=+4.36
iter 2905/5000 (58.10%) | elapsed=51m 08s | eta=36m 52s | loss=0.0216 | eps=0.050 | mean turn reward=+0.167 | mean episode return/seat=+4.41
iter 2906/5000 (58.12%) | elapsed=51m 09s | eta=36m 51s | loss=0.0197 | eps=0.050 | mean turn reward=+0.165 | mean episode return/seat=+4.39
iter 2907/5000 (58.14%) | elapsed=51m 10s | eta=36m 50s | loss=0.0155 | eps=0.050 | mean turn reward=+0.165 | mean episode return/seat=+4.32
iter 2908/5000 (58.16%) | elapsed=51m 11s | eta=36m 49s | loss=0.0160 | eps=0.050 | mean turn reward=+0.167 | mean episode return/seat=+4.39
iter 2909/5000 (58.18%) | elapsed=51m 12s | eta=36m 48s | loss=0.0173 | eps=0.050 | mean turn reward=+0.165 | mean episode return/seat=+4.36
iter 2910/5000 (58.20%) | elapsed=51m 14s | eta=36m 47s | loss=0.0152 | eps=0.050 | mean turn reward=+0.167 | mean episode return/seat=+4.42
iter 2911/5000 (58.22%) | elapsed=51m 15s | eta=36m 46s | loss=0.0140 | eps=0.050 | mean turn reward=+0.166 | mean episode return/seat=+4.38
iter 2912/5000 (58.24%) | elapsed=51m 16s | eta=36m 45s | loss=0.0161 | eps=0.050 | mean turn reward=+0.167 | mean episode return/seat=+4.37
iter 2913/5000 (58.26%) | elapsed=51m 17s | eta=36m 44s | loss=0.0177 | eps=0.050 | mean turn reward=+0.168 | mean episode return/seat=+4.47
iter 2914/5000 (58.28%) | elapsed=51m 18s | eta=36m 43s | loss=0.0142 | eps=0.050 | mean turn reward=+0.166 | mean episode return/seat=+4.38
iter 2915/5000 (58.30%) | elapsed=51m 19s | eta=36m 42s | loss=0.0168 | eps=0.050 | mean turn reward=+0.167 | mean episode return/seat=+4.40
iter 2916/5000 (58.32%) | elapsed=51m 20s | eta=36m 41s | loss=0.0151 | eps=0.050 | mean turn reward=+0.167 | mean episode return/seat=+4.40
iter 2917/5000 (58.34%) | elapsed=51m 21s | eta=36m 40s | loss=0.0171 | eps=0.050 | mean turn reward=+0.168 | mean episode return/seat=+4.48
iter 2918/5000 (58.36%) | elapsed=51m 22s | eta=36m 39s | loss=0.0183 | eps=0.050 | mean turn reward=+0.169 | mean episode return/seat=+4.46
iter 2919/5000 (58.38%) | elapsed=51m 23s | eta=36m 38s | loss=0.0167 | eps=0.050 | mean turn reward=+0.169 | mean episode return/seat=+4.48
iter 2920/5000 (58.40%) | elapsed=51m 24s | eta=36m 37s | loss=0.0160 | eps=0.050 | mean turn reward=+0.167 | mean episode return/seat=+4.37
iter 2921/5000 (58.42%) | elapsed=51m 25s | eta=36m 36s | loss=0.0158 | eps=0.050 | mean turn reward=+0.165 | mean episode return/seat=+4.39
iter 2922/5000 (58.44%) | elapsed=51m 27s | eta=36m 35s | loss=0.0185 | eps=0.050 | mean turn reward=+0.166 | mean episode return/seat=+4.34
iter 2923/5000 (58.46%) | elapsed=51m 28s | eta=36m 34s | loss=0.0161 | eps=0.050 | mean turn reward=+0.168 | mean episode return/seat=+4.50
iter 2924/5000 (58.48%) | elapsed=51m 29s | eta=36m 33s | loss=0.0144 | eps=0.050 | mean turn reward=+0.168 | mean episode return/seat=+4.45
iter 2925/5000 (58.50%) | elapsed=51m 30s | eta=36m 32s | loss=0.0157 | eps=0.050 | mean turn reward=+0.168 | mean episode return/seat=+4.45
iter 2926/5000 (58.52%) | elapsed=51m 31s | eta=36m 31s | loss=0.0174 | eps=0.050 | mean turn reward=+0.167 | mean episode return/seat=+4.44
iter 2927/5000 (58.54%) | elapsed=51m 32s | eta=36m 30s | loss=0.0178 | eps=0.050 | mean turn reward=+0.165 | mean episode return/seat=+4.32
iter 2928/5000 (58.56%) | elapsed=51m 33s | eta=36m 28s | loss=0.0163 | eps=0.050 | mean turn reward=+0.168 | mean episode return/seat=+4.43
iter 2929/5000 (58.58%) | elapsed=51m 34s | eta=36m 27s | loss=0.0161 | eps=0.050 | mean turn reward=+0.165 | mean episode return/seat=+4.37
iter 2930/5000 (58.60%) | elapsed=51m 35s | eta=36m 26s | loss=0.0176 | eps=0.050 | mean turn reward=+0.168 | mean episode return/seat=+4.42
iter 2931/5000 (58.62%) | elapsed=51m 36s | eta=36m 25s | loss=0.0179 | eps=0.050 | mean turn reward=+0.167 | mean episode return/seat=+4.37
iter 2932/5000 (58.64%) | elapsed=51m 37s | eta=36m 24s | loss=0.0167 | eps=0.050 | mean turn reward=+0.167 | mean episode return/seat=+4.43
iter 2933/5000 (58.66%) | elapsed=51m 38s | eta=36m 23s | loss=0.0164 | eps=0.050 | mean turn reward=+0.166 | mean episode return/seat=+4.37
iter 2934/5000 (58.68%) | elapsed=51m 39s | eta=36m 22s | loss=0.0184 | eps=0.050 | mean turn reward=+0.167 | mean episode return/seat=+4.36
iter 2935/5000 (58.70%) | elapsed=51m 40s | eta=36m 21s | loss=0.0157 | eps=0.050 | mean turn reward=+0.166 | mean episode return/seat=+4.34
iter 2936/5000 (58.72%) | elapsed=51m 41s | eta=36m 20s | loss=0.0175 | eps=0.050 | mean turn reward=+0.167 | mean episode return/seat=+4.42
iter 2937/5000 (58.74%) | elapsed=51m 42s | eta=36m 19s | loss=0.0191 | eps=0.050 | mean turn reward=+0.167 | mean episode return/seat=+4.46
iter 2938/5000 (58.76%) | elapsed=51m 43s | eta=36m 18s | loss=0.0167 | eps=0.050 | mean turn reward=+0.169 | mean episode return/seat=+4.46
iter 2939/5000 (58.78%) | elapsed=51m 44s | eta=36m 17s | loss=0.0155 | eps=0.050 | mean turn reward=+0.167 | mean episode return/seat=+4.37
iter 2940/5000 (58.80%) | elapsed=51m 45s | eta=36m 16s | loss=0.0169 | eps=0.050 | mean turn reward=+0.168 | mean episode return/seat=+4.45
iter 2941/5000 (58.82%) | elapsed=51m 46s | eta=36m 15s | loss=0.0159 | eps=0.050 | mean turn reward=+0.165 | mean episode return/seat=+4.37
iter 2942/5000 (58.84%) | elapsed=51m 47s | eta=36m 13s | loss=0.0153 | eps=0.050 | mean turn reward=+0.165 | mean episode return/seat=+4.35
iter 2943/5000 (58.86%) | elapsed=51m 48s | eta=36m 12s | loss=0.0169 | eps=0.050 | mean turn reward=+0.167 | mean episode return/seat=+4.38
iter 2944/5000 (58.88%) | elapsed=51m 49s | eta=36m 11s | loss=0.0157 | eps=0.050 | mean turn reward=+0.168 | mean episode return/seat=+4.47
iter 2945/5000 (58.90%) | elapsed=51m 51s | eta=36m 10s | loss=0.0164 | eps=0.050 | mean turn reward=+0.164 | mean episode return/seat=+4.29
iter 2946/5000 (58.92%) | elapsed=51m 52s | eta=36m 09s | loss=0.0185 | eps=0.050 | mean turn reward=+0.165 | mean episode return/seat=+4.34
iter 2947/5000 (58.94%) | elapsed=51m 53s | eta=36m 08s | loss=0.0190 | eps=0.050 | mean turn reward=+0.166 | mean episode return/seat=+4.40
iter 2948/5000 (58.96%) | elapsed=51m 54s | eta=36m 07s | loss=0.0170 | eps=0.050 | mean turn reward=+0.165 | mean episode return/seat=+4.38
iter 2949/5000 (58.98%) | elapsed=51m 55s | eta=36m 06s | loss=0.0168 | eps=0.050 | mean turn reward=+0.167 | mean episode return/seat=+4.42
iter 2950/5000 (59.00%) | elapsed=51m 56s | eta=36m 05s | loss=0.0190 | eps=0.050 | mean turn reward=+0.167 | mean episode return/seat=+4.37
iter 2951/5000 (59.02%) | elapsed=51m 57s | eta=36m 04s | loss=0.0166 | eps=0.050 | mean turn reward=+0.165 | mean episode return/seat=+4.34
iter 2952/5000 (59.04%) | elapsed=51m 58s | eta=36m 03s | loss=0.0172 | eps=0.050 | mean turn reward=+0.166 | mean episode return/seat=+4.34
iter 2953/5000 (59.06%) | elapsed=51m 59s | eta=36m 02s | loss=0.0199 | eps=0.050 | mean turn reward=+0.164 | mean episode return/seat=+4.30
iter 2954/5000 (59.08%) | elapsed=52m 00s | eta=36m 01s | loss=0.0168 | eps=0.050 | mean turn reward=+0.168 | mean episode return/seat=+4.44
iter 2955/5000 (59.10%) | elapsed=52m 01s | eta=36m 00s | loss=0.0183 | eps=0.050 | mean turn reward=+0.170 | mean episode return/seat=+4.52
iter 2956/5000 (59.12%) | elapsed=52m 02s | eta=35m 59s | loss=0.0164 | eps=0.050 | mean turn reward=+0.166 | mean episode return/seat=+4.40
iter 2957/5000 (59.14%) | elapsed=52m 03s | eta=35m 58s | loss=0.0167 | eps=0.050 | mean turn reward=+0.168 | mean episode return/seat=+4.43
iter 2958/5000 (59.16%) | elapsed=52m 04s | eta=35m 57s | loss=0.0161 | eps=0.050 | mean turn reward=+0.166 | mean episode return/seat=+4.36
iter 2959/5000 (59.18%) | elapsed=52m 05s | eta=35m 56s | loss=0.0156 | eps=0.050 | mean turn reward=+0.167 | mean episode return/seat=+4.35
iter 2960/5000 (59.20%) | elapsed=52m 06s | eta=35m 55s | loss=0.0199 | eps=0.050 | mean turn reward=+0.166 | mean episode return/seat=+4.36
iter 2961/5000 (59.22%) | elapsed=52m 07s | eta=35m 53s | loss=0.0180 | eps=0.050 | mean turn reward=+0.166 | mean episode return/seat=+4.35
iter 2962/5000 (59.24%) | elapsed=52m 09s | eta=35m 52s | loss=0.0165 | eps=0.050 | mean turn reward=+0.165 | mean episode return/seat=+4.36
iter 2963/5000 (59.26%) | elapsed=52m 10s | eta=35m 51s | loss=0.0183 | eps=0.050 | mean turn reward=+0.169 | mean episode return/seat=+4.52
iter 2964/5000 (59.28%) | elapsed=52m 11s | eta=35m 50s | loss=0.0185 | eps=0.050 | mean turn reward=+0.167 | mean episode return/seat=+4.41
iter 2965/5000 (59.30%) | elapsed=52m 12s | eta=35m 49s | loss=0.0145 | eps=0.050 | mean turn reward=+0.165 | mean episode return/seat=+4.28
iter 2966/5000 (59.32%) | elapsed=52m 13s | eta=35m 48s | loss=0.0173 | eps=0.050 | mean turn reward=+0.167 | mean episode return/seat=+4.44
iter 2967/5000 (59.34%) | elapsed=52m 14s | eta=35m 47s | loss=0.0143 | eps=0.050 | mean turn reward=+0.168 | mean episode return/seat=+4.42
iter 2968/5000 (59.36%) | elapsed=52m 15s | eta=35m 46s | loss=0.0166 | eps=0.050 | mean turn reward=+0.165 | mean episode return/seat=+4.32
iter 2969/5000 (59.38%) | elapsed=52m 16s | eta=35m 45s | loss=0.0169 | eps=0.050 | mean turn reward=+0.164 | mean episode return/seat=+4.29
iter 2970/5000 (59.40%) | elapsed=52m 17s | eta=35m 44s | loss=0.0146 | eps=0.050 | mean turn reward=+0.166 | mean episode return/seat=+4.45
iter 2971/5000 (59.42%) | elapsed=52m 18s | eta=35m 43s | loss=0.0177 | eps=0.050 | mean turn reward=+0.167 | mean episode return/seat=+4.35
iter 2972/5000 (59.44%) | elapsed=52m 19s | eta=35m 42s | loss=0.0196 | eps=0.050 | mean turn reward=+0.167 | mean episode return/seat=+4.37
iter 2973/5000 (59.46%) | elapsed=52m 20s | eta=35m 41s | loss=0.0150 | eps=0.050 | mean turn reward=+0.167 | mean episode return/seat=+4.37
iter 2974/5000 (59.48%) | elapsed=52m 21s | eta=35m 40s | loss=0.0177 | eps=0.050 | mean turn reward=+0.164 | mean episode return/seat=+4.34
iter 2975/5000 (59.50%) | elapsed=52m 22s | eta=35m 39s | loss=0.0167 | eps=0.050 | mean turn reward=+0.164 | mean episode return/seat=+4.31
iter 2976/5000 (59.52%) | elapsed=52m 23s | eta=35m 38s | loss=0.0173 | eps=0.050 | mean turn reward=+0.166 | mean episode return/seat=+4.36
iter 2977/5000 (59.54%) | elapsed=52m 24s | eta=35m 37s | loss=0.0168 | eps=0.050 | mean turn reward=+0.166 | mean episode return/seat=+4.37
iter 2978/5000 (59.56%) | elapsed=52m 25s | eta=35m 36s | loss=0.0184 | eps=0.050 | mean turn reward=+0.165 | mean episode return/seat=+4.35
iter 2979/5000 (59.58%) | elapsed=52m 27s | eta=35m 35s | loss=0.0176 | eps=0.050 | mean turn reward=+0.168 | mean episode return/seat=+4.45
iter 2980/5000 (59.60%) | elapsed=52m 28s | eta=35m 33s | loss=0.0199 | eps=0.050 | mean turn reward=+0.166 | mean episode return/seat=+4.34
iter 2981/5000 (59.62%) | elapsed=52m 29s | eta=35m 32s | loss=0.0173 | eps=0.050 | mean turn reward=+0.167 | mean episode return/seat=+4.43
iter 2982/5000 (59.64%) | elapsed=52m 30s | eta=35m 31s | loss=0.0172 | eps=0.050 | mean turn reward=+0.165 | mean episode return/seat=+4.33
iter 2983/5000 (59.66%) | elapsed=52m 31s | eta=35m 30s | loss=0.0150 | eps=0.050 | mean turn reward=+0.167 | mean episode return/seat=+4.39
iter 2984/5000 (59.68%) | elapsed=52m 32s | eta=35m 29s | loss=0.0155 | eps=0.050 | mean turn reward=+0.167 | mean episode return/seat=+4.42
iter 2985/5000 (59.70%) | elapsed=52m 33s | eta=35m 28s | loss=0.0165 | eps=0.050 | mean turn reward=+0.168 | mean episode return/seat=+4.43
iter 2986/5000 (59.72%) | elapsed=52m 34s | eta=35m 27s | loss=0.0167 | eps=0.050 | mean turn reward=+0.169 | mean episode return/seat=+4.47
iter 2987/5000 (59.74%) | elapsed=52m 35s | eta=35m 26s | loss=0.0160 | eps=0.050 | mean turn reward=+0.168 | mean episode return/seat=+4.47
iter 2988/5000 (59.76%) | elapsed=52m 36s | eta=35m 25s | loss=0.0156 | eps=0.050 | mean turn reward=+0.167 | mean episode return/seat=+4.48
iter 2989/5000 (59.78%) | elapsed=52m 37s | eta=35m 24s | loss=0.0169 | eps=0.050 | mean turn reward=+0.165 | mean episode return/seat=+4.36
iter 2990/5000 (59.80%) | elapsed=52m 38s | eta=35m 23s | loss=0.0177 | eps=0.050 | mean turn reward=+0.167 | mean episode return/seat=+4.39
iter 2991/5000 (59.82%) | elapsed=52m 39s | eta=35m 22s | loss=0.0166 | eps=0.050 | mean turn reward=+0.164 | mean episode return/seat=+4.33
iter 2992/5000 (59.84%) | elapsed=52m 41s | eta=35m 21s | loss=0.0167 | eps=0.050 | mean turn reward=+0.166 | mean episode return/seat=+4.37
iter 2993/5000 (59.86%) | elapsed=52m 42s | eta=35m 20s | loss=0.0190 | eps=0.050 | mean turn reward=+0.169 | mean episode return/seat=+4.50
iter 2994/5000 (59.88%) | elapsed=52m 43s | eta=35m 19s | loss=0.0173 | eps=0.050 | mean turn reward=+0.167 | mean episode return/seat=+4.39
iter 2995/5000 (59.90%) | elapsed=52m 44s | eta=35m 18s | loss=0.0184 | eps=0.050 | mean turn reward=+0.166 | mean episode return/seat=+4.38
iter 2996/5000 (59.92%) | elapsed=52m 45s | eta=35m 17s | loss=0.0185 | eps=0.050 | mean turn reward=+0.165 | mean episode return/seat=+4.38
iter 2997/5000 (59.94%) | elapsed=52m 46s | eta=35m 16s | loss=0.0170 | eps=0.050 | mean turn reward=+0.168 | mean episode return/seat=+4.39
iter 2998/5000 (59.96%) | elapsed=52m 47s | eta=35m 15s | loss=0.0178 | eps=0.050 | mean turn reward=+0.165 | mean episode return/seat=+4.37
iter 2999/5000 (59.98%) | elapsed=52m 48s | eta=35m 14s | loss=0.0179 | eps=0.050 | mean turn reward=+0.167 | mean episode return/seat=+4.41
iter 3000/5000 (60.00%) | elapsed=52m 49s | eta=35m 13s | loss=0.0162 | eps=0.050 | mean turn reward=+0.164 | mean episode return/seat=+4.28
iter 3001/5000 (60.02%) | elapsed=52m 50s | eta=35m 12s | loss=0.0172 | eps=0.050 | mean turn reward=+0.164 | mean episode return/seat=+4.28
iter 3002/5000 (60.04%) | elapsed=52m 51s | eta=35m 11s | loss=0.0160 | eps=0.050 | mean turn reward=+0.169 | mean episode return/seat=+4.47
iter 3003/5000 (60.06%) | elapsed=52m 53s | eta=35m 10s | loss=0.0172 | eps=0.050 | mean turn reward=+0.168 | mean episode return/seat=+4.48
iter 3004/5000 (60.08%) | elapsed=52m 54s | eta=35m 09s | loss=0.0180 | eps=0.050 | mean turn reward=+0.166 | mean episode return/seat=+4.40
iter 3005/5000 (60.10%) | elapsed=52m 55s | eta=35m 08s | loss=0.0140 | eps=0.050 | mean turn reward=+0.168 | mean episode return/seat=+4.41
iter 3006/5000 (60.12%) | elapsed=52m 56s | eta=35m 07s | loss=0.0151 | eps=0.050 | mean turn reward=+0.168 | mean episode return/seat=+4.49
iter 3007/5000 (60.14%) | elapsed=52m 57s | eta=35m 06s | loss=0.0174 | eps=0.050 | mean turn reward=+0.164 | mean episode return/seat=+4.32
iter 3008/5000 (60.16%) | elapsed=52m 58s | eta=35m 04s | loss=0.0156 | eps=0.050 | mean turn reward=+0.169 | mean episode return/seat=+4.45
iter 3009/5000 (60.18%) | elapsed=52m 59s | eta=35m 03s | loss=0.0154 | eps=0.050 | mean turn reward=+0.166 | mean episode return/seat=+4.38
iter 3010/5000 (60.20%) | elapsed=53m 00s | eta=35m 02s | loss=0.0179 | eps=0.050 | mean turn reward=+0.166 | mean episode return/seat=+4.38
iter 3011/5000 (60.22%) | elapsed=53m 01s | eta=35m 01s | loss=0.0170 | eps=0.050 | mean turn reward=+0.166 | mean episode return/seat=+4.36
iter 3012/5000 (60.24%) | elapsed=53m 02s | eta=35m 00s | loss=0.0162 | eps=0.050 | mean turn reward=+0.168 | mean episode return/seat=+4.43
iter 3013/5000 (60.26%) | elapsed=53m 03s | eta=34m 59s | loss=0.0170 | eps=0.050 | mean turn reward=+0.170 | mean episode return/seat=+4.53
iter 3014/5000 (60.28%) | elapsed=53m 05s | eta=34m 58s | loss=0.0171 | eps=0.050 | mean turn reward=+0.166 | mean episode return/seat=+4.34
iter 3015/5000 (60.30%) | elapsed=53m 06s | eta=34m 57s | loss=0.0155 | eps=0.050 | mean turn reward=+0.167 | mean episode return/seat=+4.44
iter 3016/5000 (60.32%) | elapsed=53m 07s | eta=34m 56s | loss=0.0188 | eps=0.050 | mean turn reward=+0.169 | mean episode return/seat=+4.50
iter 3017/5000 (60.34%) | elapsed=53m 08s | eta=34m 55s | loss=0.0190 | eps=0.050 | mean turn reward=+0.165 | mean episode return/seat=+4.33
iter 3018/5000 (60.36%) | elapsed=53m 09s | eta=34m 54s | loss=0.0180 | eps=0.050 | mean turn reward=+0.166 | mean episode return/seat=+4.38
iter 3019/5000 (60.38%) | elapsed=53m 10s | eta=34m 53s | loss=0.0172 | eps=0.050 | mean turn reward=+0.169 | mean episode return/seat=+4.45
iter 3020/5000 (60.40%) | elapsed=53m 11s | eta=34m 52s | loss=0.0173 | eps=0.050 | mean turn reward=+0.166 | mean episode return/seat=+4.42
iter 3021/5000 (60.42%) | elapsed=53m 12s | eta=34m 51s | loss=0.0156 | eps=0.050 | mean turn reward=+0.168 | mean episode return/seat=+4.48
iter 3022/5000 (60.44%) | elapsed=53m 13s | eta=34m 50s | loss=0.0167 | eps=0.050 | mean turn reward=+0.167 | mean episode return/seat=+4.45
iter 3023/5000 (60.46%) | elapsed=53m 14s | eta=34m 49s | loss=0.0176 | eps=0.050 | mean turn reward=+0.169 | mean episode return/seat=+4.48
iter 3024/5000 (60.48%) | elapsed=53m 15s | eta=34m 48s | loss=0.0174 | eps=0.050 | mean turn reward=+0.168 | mean episode return/seat=+4.42
iter 3025/5000 (60.50%) | elapsed=53m 16s | eta=34m 47s | loss=0.0162 | eps=0.050 | mean turn reward=+0.169 | mean episode return/seat=+4.49
iter 3026/5000 (60.52%) | elapsed=53m 18s | eta=34m 46s | loss=0.0150 | eps=0.050 | mean turn reward=+0.167 | mean episode return/seat=+4.38
iter 3027/5000 (60.54%) | elapsed=53m 19s | eta=34m 45s | loss=0.0158 | eps=0.050 | mean turn reward=+0.167 | mean episode return/seat=+4.39
iter 3028/5000 (60.56%) | elapsed=53m 20s | eta=34m 44s | loss=0.0160 | eps=0.050 | mean turn reward=+0.169 | mean episode return/seat=+4.46
iter 3029/5000 (60.58%) | elapsed=53m 21s | eta=34m 43s | loss=0.0159 | eps=0.050 | mean turn reward=+0.164 | mean episode return/seat=+4.29
iter 3030/5000 (60.60%) | elapsed=53m 22s | eta=34m 42s | loss=0.0178 | eps=0.050 | mean turn reward=+0.167 | mean episode return/seat=+4.37
iter 3031/5000 (60.62%) | elapsed=53m 23s | eta=34m 41s | loss=0.0179 | eps=0.050 | mean turn reward=+0.167 | mean episode return/seat=+4.37
iter 3032/5000 (60.64%) | elapsed=53m 24s | eta=34m 40s | loss=0.0184 | eps=0.050 | mean turn reward=+0.166 | mean episode return/seat=+4.37
iter 3033/5000 (60.66%) | elapsed=53m 25s | eta=34m 39s | loss=0.0161 | eps=0.050 | mean turn reward=+0.169 | mean episode return/seat=+4.46
iter 3034/5000 (60.68%) | elapsed=53m 26s | eta=34m 38s | loss=0.0167 | eps=0.050 | mean turn reward=+0.168 | mean episode return/seat=+4.45
iter 3035/5000 (60.70%) | elapsed=53m 28s | eta=34m 37s | loss=0.0164 | eps=0.050 | mean turn reward=+0.164 | mean episode return/seat=+4.37
iter 3036/5000 (60.72%) | elapsed=53m 29s | eta=34m 35s | loss=0.0174 | eps=0.050 | mean turn reward=+0.165 | mean episode return/seat=+4.32
iter 3037/5000 (60.74%) | elapsed=53m 30s | eta=34m 34s | loss=0.0186 | eps=0.050 | mean turn reward=+0.164 | mean episode return/seat=+4.35
iter 3038/5000 (60.76%) | elapsed=53m 31s | eta=34m 33s | loss=0.0155 | eps=0.050 | mean turn reward=+0.168 | mean episode return/seat=+4.40
iter 3039/5000 (60.78%) | elapsed=53m 32s | eta=34m 32s | loss=0.0155 | eps=0.050 | mean turn reward=+0.168 | mean episode return/seat=+4.39
iter 3040/5000 (60.80%) | elapsed=53m 33s | eta=34m 31s | loss=0.0179 | eps=0.050 | mean turn reward=+0.166 | mean episode return/seat=+4.40
iter 3041/5000 (60.82%) | elapsed=53m 34s | eta=34m 30s | loss=0.0178 | eps=0.050 | mean turn reward=+0.168 | mean episode return/seat=+4.40
iter 3042/5000 (60.84%) | elapsed=53m 35s | eta=34m 29s | loss=0.0159 | eps=0.050 | mean turn reward=+0.167 | mean episode return/seat=+4.40
iter 3043/5000 (60.86%) | elapsed=53m 36s | eta=34m 28s | loss=0.0185 | eps=0.050 | mean turn reward=+0.167 | mean episode return/seat=+4.41
iter 3044/5000 (60.88%) | elapsed=53m 37s | eta=34m 27s | loss=0.0182 | eps=0.050 | mean turn reward=+0.169 | mean episode return/seat=+4.44
iter 3045/5000 (60.90%) | elapsed=53m 38s | eta=34m 26s | loss=0.0164 | eps=0.050 | mean turn reward=+0.165 | mean episode return/seat=+4.34
iter 3046/5000 (60.92%) | elapsed=53m 39s | eta=34m 25s | loss=0.0193 | eps=0.050 | mean turn reward=+0.167 | mean episode return/seat=+4.41
iter 3047/5000 (60.94%) | elapsed=53m 40s | eta=34m 24s | loss=0.0166 | eps=0.050 | mean turn reward=+0.168 | mean episode return/seat=+4.40
iter 3048/5000 (60.96%) | elapsed=53m 41s | eta=34m 23s | loss=0.0169 | eps=0.050 | mean turn reward=+0.164 | mean episode return/seat=+4.30
iter 3049/5000 (60.98%) | elapsed=53m 42s | eta=34m 22s | loss=0.0159 | eps=0.050 | mean turn reward=+0.168 | mean episode return/seat=+4.44
iter 3050/5000 (61.00%) | elapsed=53m 44s | eta=34m 21s | loss=0.0153 | eps=0.050 | mean turn reward=+0.165 | mean episode return/seat=+4.33
iter 3051/5000 (61.02%) | elapsed=53m 45s | eta=34m 20s | loss=0.0177 | eps=0.050 | mean turn reward=+0.168 | mean episode return/seat=+4.40
iter 3052/5000 (61.04%) | elapsed=53m 46s | eta=34m 19s | loss=0.0193 | eps=0.050 | mean turn reward=+0.166 | mean episode return/seat=+4.41
iter 3053/5000 (61.06%) | elapsed=53m 47s | eta=34m 18s | loss=0.0182 | eps=0.050 | mean turn reward=+0.165 | mean episode return/seat=+4.34
iter 3054/5000 (61.08%) | elapsed=53m 48s | eta=34m 17s | loss=0.0153 | eps=0.050 | mean turn reward=+0.169 | mean episode return/seat=+4.45
iter 3055/5000 (61.10%) | elapsed=53m 49s | eta=34m 16s | loss=0.0170 | eps=0.050 | mean turn reward=+0.170 | mean episode return/seat=+4.54
iter 3056/5000 (61.12%) | elapsed=53m 50s | eta=34m 14s | loss=0.0157 | eps=0.050 | mean turn reward=+0.164 | mean episode return/seat=+4.30
iter 3057/5000 (61.14%) | elapsed=53m 51s | eta=34m 13s | loss=0.0188 | eps=0.050 | mean turn reward=+0.166 | mean episode return/seat=+4.40
iter 3058/5000 (61.16%) | elapsed=53m 52s | eta=34m 12s | loss=0.0159 | eps=0.050 | mean turn reward=+0.168 | mean episode return/seat=+4.39
iter 3059/5000 (61.18%) | elapsed=53m 53s | eta=34m 11s | loss=0.0162 | eps=0.050 | mean turn reward=+0.166 | mean episode return/seat=+4.35
iter 3060/5000 (61.20%) | elapsed=53m 54s | eta=34m 10s | loss=0.0153 | eps=0.050 | mean turn reward=+0.168 | mean episode return/seat=+4.43
iter 3061/5000 (61.22%) | elapsed=53m 55s | eta=34m 09s | loss=0.0147 | eps=0.050 | mean turn reward=+0.166 | mean episode return/seat=+4.36
iter 3062/5000 (61.24%) | elapsed=53m 56s | eta=34m 08s | loss=0.0159 | eps=0.050 | mean turn reward=+0.167 | mean episode return/seat=+4.38
iter 3063/5000 (61.26%) | elapsed=53m 57s | eta=34m 07s | loss=0.0181 | eps=0.050 | mean turn reward=+0.167 | mean episode return/seat=+4.34
iter 3064/5000 (61.28%) | elapsed=53m 58s | eta=34m 06s | loss=0.0163 | eps=0.050 | mean turn reward=+0.167 | mean episode return/seat=+4.43
iter 3065/5000 (61.30%) | elapsed=53m 59s | eta=34m 05s | loss=0.0155 | eps=0.050 | mean turn reward=+0.167 | mean episode return/seat=+4.35
iter 3066/5000 (61.32%) | elapsed=54m 01s | eta=34m 04s | loss=0.0153 | eps=0.050 | mean turn reward=+0.169 | mean episode return/seat=+4.46
iter 3067/5000 (61.34%) | elapsed=54m 02s | eta=34m 03s | loss=0.0160 | eps=0.050 | mean turn reward=+0.167 | mean episode return/seat=+4.46
iter 3068/5000 (61.36%) | elapsed=54m 03s | eta=34m 02s | loss=0.0178 | eps=0.050 | mean turn reward=+0.166 | mean episode return/seat=+4.36
iter 3069/5000 (61.38%) | elapsed=54m 04s | eta=34m 01s | loss=0.0155 | eps=0.050 | mean turn reward=+0.167 | mean episode return/seat=+4.37
iter 3070/5000 (61.40%) | elapsed=54m 05s | eta=34m 00s | loss=0.0160 | eps=0.050 | mean turn reward=+0.166 | mean episode return/seat=+4.35
iter 3071/5000 (61.42%) | elapsed=54m 06s | eta=33m 59s | loss=0.0175 | eps=0.050 | mean turn reward=+0.168 | mean episode return/seat=+4.42
iter 3072/5000 (61.44%) | elapsed=54m 07s | eta=33m 58s | loss=0.0167 | eps=0.050 | mean turn reward=+0.167 | mean episode return/seat=+4.42
iter 3073/5000 (61.46%) | elapsed=54m 08s | eta=33m 56s | loss=0.0152 | eps=0.050 | mean turn reward=+0.166 | mean episode return/seat=+4.37
iter 3074/5000 (61.48%) | elapsed=54m 09s | eta=33m 55s | loss=0.0174 | eps=0.050 | mean turn reward=+0.167 | mean episode return/seat=+4.43
iter 3075/5000 (61.50%) | elapsed=54m 10s | eta=33m 54s | loss=0.0237 | eps=0.050 | mean turn reward=+0.166 | mean episode return/seat=+4.34
iter 3076/5000 (61.52%) | elapsed=54m 11s | eta=33m 53s | loss=0.0174 | eps=0.050 | mean turn reward=+0.166 | mean episode return/seat=+4.39
iter 3077/5000 (61.54%) | elapsed=54m 12s | eta=33m 52s | loss=0.0183 | eps=0.050 | mean turn reward=+0.167 | mean episode return/seat=+4.38
iter 3078/5000 (61.56%) | elapsed=54m 13s | eta=33m 51s | loss=0.0168 | eps=0.050 | mean turn reward=+0.167 | mean episode return/seat=+4.40
iter 3079/5000 (61.58%) | elapsed=54m 14s | eta=33m 50s | loss=0.0179 | eps=0.050 | mean turn reward=+0.167 | mean episode return/seat=+4.43
iter 3080/5000 (61.60%) | elapsed=54m 15s | eta=33m 49s | loss=0.0159 | eps=0.050 | mean turn reward=+0.165 | mean episode return/seat=+4.34
iter 3081/5000 (61.62%) | elapsed=54m 16s | eta=33m 48s | loss=0.0170 | eps=0.050 | mean turn reward=+0.167 | mean episode return/seat=+4.37
iter 3082/5000 (61.64%) | elapsed=54m 17s | eta=33m 47s | loss=0.0163 | eps=0.050 | mean turn reward=+0.168 | mean episode return/seat=+4.47
iter 3083/5000 (61.66%) | elapsed=54m 19s | eta=33m 46s | loss=0.0190 | eps=0.050 | mean turn reward=+0.165 | mean episode return/seat=+4.32
iter 3084/5000 (61.68%) | elapsed=54m 20s | eta=33m 45s | loss=0.0171 | eps=0.050 | mean turn reward=+0.165 | mean episode return/seat=+4.31
iter 3085/5000 (61.70%) | elapsed=54m 21s | eta=33m 44s | loss=0.0149 | eps=0.050 | mean turn reward=+0.167 | mean episode return/seat=+4.41
iter 3086/5000 (61.72%) | elapsed=54m 22s | eta=33m 43s | loss=0.0161 | eps=0.050 | mean turn reward=+0.166 | mean episode return/seat=+4.34
iter 3087/5000 (61.74%) | elapsed=54m 23s | eta=33m 42s | loss=0.0158 | eps=0.050 | mean turn reward=+0.167 | mean episode return/seat=+4.42
iter 3088/5000 (61.76%) | elapsed=54m 24s | eta=33m 41s | loss=0.0187 | eps=0.050 | mean turn reward=+0.169 | mean episode return/seat=+4.46
iter 3089/5000 (61.78%) | elapsed=54m 25s | eta=33m 40s | loss=0.0170 | eps=0.050 | mean turn reward=+0.166 | mean episode return/seat=+4.35
iter 3090/5000 (61.80%) | elapsed=54m 26s | eta=33m 39s | loss=0.0187 | eps=0.050 | mean turn reward=+0.164 | mean episode return/seat=+4.31
iter 3091/5000 (61.82%) | elapsed=54m 27s | eta=33m 38s | loss=0.0169 | eps=0.050 | mean turn reward=+0.167 | mean episode return/seat=+4.38
iter 3092/5000 (61.84%) | elapsed=54m 28s | eta=33m 37s | loss=0.0170 | eps=0.050 | mean turn reward=+0.167 | mean episode return/seat=+4.46
iter 3093/5000 (61.86%) | elapsed=54m 29s | eta=33m 35s | loss=0.0189 | eps=0.050 | mean turn reward=+0.166 | mean episode return/seat=+4.42
iter 3094/5000 (61.88%) | elapsed=54m 30s | eta=33m 34s | loss=0.0148 | eps=0.050 | mean turn reward=+0.168 | mean episode return/seat=+4.41
iter 3095/5000 (61.90%) | elapsed=54m 32s | eta=33m 33s | loss=0.0169 | eps=0.050 | mean turn reward=+0.165 | mean episode return/seat=+4.34
iter 3096/5000 (61.92%) | elapsed=54m 33s | eta=33m 32s | loss=0.0176 | eps=0.050 | mean turn reward=+0.166 | mean episode return/seat=+4.36
iter 3097/5000 (61.94%) | elapsed=54m 34s | eta=33m 31s | loss=0.0166 | eps=0.050 | mean turn reward=+0.167 | mean episode return/seat=+4.36
iter 3098/5000 (61.96%) | elapsed=54m 35s | eta=33m 30s | loss=0.0157 | eps=0.050 | mean turn reward=+0.168 | mean episode return/seat=+4.46
iter 3099/5000 (61.98%) | elapsed=54m 36s | eta=33m 29s | loss=0.0164 | eps=0.050 | mean turn reward=+0.166 | mean episode return/seat=+4.35
iter 3100/5000 (62.00%) | elapsed=54m 37s | eta=33m 28s | loss=0.0166 | eps=0.050 | mean turn reward=+0.167 | mean episode return/seat=+4.40
iter 3101/5000 (62.02%) | elapsed=54m 38s | eta=33m 27s | loss=0.0154 | eps=0.050 | mean turn reward=+0.166 | mean episode return/seat=+4.34
iter 3102/5000 (62.04%) | elapsed=54m 39s | eta=33m 26s | loss=0.0151 | eps=0.050 | mean turn reward=+0.166 | mean episode return/seat=+4.31
iter 3103/5000 (62.06%) | elapsed=54m 40s | eta=33m 25s | loss=0.0154 | eps=0.050 | mean turn reward=+0.166 | mean episode return/seat=+4.41
iter 3104/5000 (62.08%) | elapsed=54m 41s | eta=33m 24s | loss=0.0170 | eps=0.050 | mean turn reward=+0.168 | mean episode return/seat=+4.42
iter 3105/5000 (62.10%) | elapsed=54m 42s | eta=33m 23s | loss=0.0173 | eps=0.050 | mean turn reward=+0.166 | mean episode return/seat=+4.38
iter 3106/5000 (62.12%) | elapsed=54m 43s | eta=33m 22s | loss=0.0193 | eps=0.050 | mean turn reward=+0.168 | mean episode return/seat=+4.38
iter 3107/5000 (62.14%) | elapsed=54m 44s | eta=33m 21s | loss=0.0150 | eps=0.050 | mean turn reward=+0.167 | mean episode return/seat=+4.40
iter 3108/5000 (62.16%) | elapsed=54m 45s | eta=33m 20s | loss=0.0175 | eps=0.050 | mean turn reward=+0.168 | mean episode return/seat=+4.47
iter 3109/5000 (62.18%) | elapsed=54m 46s | eta=33m 19s | loss=0.0176 | eps=0.050 | mean turn reward=+0.167 | mean episode return/seat=+4.40
iter 3110/5000 (62.20%) | elapsed=54m 47s | eta=33m 18s | loss=0.0158 | eps=0.050 | mean turn reward=+0.164 | mean episode return/seat=+4.31
iter 3111/5000 (62.22%) | elapsed=54m 49s | eta=33m 17s | loss=0.0154 | eps=0.050 | mean turn reward=+0.167 | mean episode return/seat=+4.39
iter 3112/5000 (62.24%) | elapsed=54m 50s | eta=33m 16s | loss=0.0149 | eps=0.050 | mean turn reward=+0.166 | mean episode return/seat=+4.36
iter 3113/5000 (62.26%) | elapsed=54m 51s | eta=33m 14s | loss=0.0166 | eps=0.050 | mean turn reward=+0.166 | mean episode return/seat=+4.34
iter 3114/5000 (62.28%) | elapsed=54m 52s | eta=33m 13s | loss=0.0175 | eps=0.050 | mean turn reward=+0.165 | mean episode return/seat=+4.36
iter 3115/5000 (62.30%) | elapsed=54m 53s | eta=33m 12s | loss=0.0170 | eps=0.050 | mean turn reward=+0.166 | mean episode return/seat=+4.40
iter 3116/5000 (62.32%) | elapsed=54m 54s | eta=33m 11s | loss=0.0181 | eps=0.050 | mean turn reward=+0.166 | mean episode return/seat=+4.41
iter 3117/5000 (62.34%) | elapsed=54m 55s | eta=33m 10s | loss=0.0166 | eps=0.050 | mean turn reward=+0.166 | mean episode return/seat=+4.36
iter 3118/5000 (62.36%) | elapsed=54m 56s | eta=33m 09s | loss=0.0154 | eps=0.050 | mean turn reward=+0.166 | mean episode return/seat=+4.35
iter 3119/5000 (62.38%) | elapsed=54m 57s | eta=33m 08s | loss=0.0156 | eps=0.050 | mean turn reward=+0.165 | mean episode return/seat=+4.34
iter 3120/5000 (62.40%) | elapsed=54m 58s | eta=33m 07s | loss=0.0135 | eps=0.050 | mean turn reward=+0.165 | mean episode return/seat=+4.34
iter 3121/5000 (62.42%) | elapsed=54m 59s | eta=33m 06s | loss=0.0181 | eps=0.050 | mean turn reward=+0.166 | mean episode return/seat=+4.33
iter 3122/5000 (62.44%) | elapsed=55m 00s | eta=33m 05s | loss=0.0185 | eps=0.050 | mean turn reward=+0.169 | mean episode return/seat=+4.47
iter 3123/5000 (62.46%) | elapsed=55m 01s | eta=33m 04s | loss=0.0188 | eps=0.050 | mean turn reward=+0.170 | mean episode return/seat=+4.48
iter 3124/5000 (62.48%) | elapsed=55m 02s | eta=33m 03s | loss=0.0180 | eps=0.050 | mean turn reward=+0.170 | mean episode return/seat=+4.53
iter 3125/5000 (62.50%) | elapsed=55m 03s | eta=33m 02s | loss=0.0194 | eps=0.050 | mean turn reward=+0.170 | mean episode return/seat=+4.45
iter 3126/5000 (62.52%) | elapsed=55m 04s | eta=33m 01s | loss=0.0152 | eps=0.050 | mean turn reward=+0.166 | mean episode return/seat=+4.39
iter 3127/5000 (62.54%) | elapsed=55m 05s | eta=33m 00s | loss=0.0168 | eps=0.050 | mean turn reward=+0.166 | mean episode return/seat=+4.39
iter 3128/5000 (62.56%) | elapsed=55m 06s | eta=32m 59s | loss=0.0172 | eps=0.050 | mean turn reward=+0.166 | mean episode return/seat=+4.35
iter 3129/5000 (62.58%) | elapsed=55m 07s | eta=32m 58s | loss=0.0172 | eps=0.050 | mean turn reward=+0.167 | mean episode return/seat=+4.38
iter 3130/5000 (62.60%) | elapsed=55m 09s | eta=32m 56s | loss=0.0187 | eps=0.050 | mean turn reward=+0.169 | mean episode return/seat=+4.48
iter 3131/5000 (62.62%) | elapsed=55m 10s | eta=32m 55s | loss=0.0173 | eps=0.050 | mean turn reward=+0.166 | mean episode return/seat=+4.34
iter 3132/5000 (62.64%) | elapsed=55m 11s | eta=32m 54s | loss=0.0182 | eps=0.050 | mean turn reward=+0.168 | mean episode return/seat=+4.46
iter 3133/5000 (62.66%) | elapsed=55m 12s | eta=32m 53s | loss=0.0169 | eps=0.050 | mean turn reward=+0.167 | mean episode return/seat=+4.40
iter 3134/5000 (62.68%) | elapsed=55m 13s | eta=32m 52s | loss=0.0172 | eps=0.050 | mean turn reward=+0.166 | mean episode return/seat=+4.37
iter 3135/5000 (62.70%) | elapsed=55m 14s | eta=32m 51s | loss=0.0192 | eps=0.050 | mean turn reward=+0.165 | mean episode return/seat=+4.34
iter 3136/5000 (62.72%) | elapsed=55m 15s | eta=32m 50s | loss=0.0159 | eps=0.050 | mean turn reward=+0.168 | mean episode return/seat=+4.40
iter 3137/5000 (62.74%) | elapsed=55m 16s | eta=32m 49s | loss=0.0155 | eps=0.050 | mean turn reward=+0.165 | mean episode return/seat=+4.34
iter 3138/5000 (62.76%) | elapsed=55m 17s | eta=32m 48s | loss=0.0168 | eps=0.050 | mean turn reward=+0.164 | mean episode return/seat=+4.28
iter 3139/5000 (62.78%) | elapsed=55m 18s | eta=32m 47s | loss=0.0167 | eps=0.050 | mean turn reward=+0.168 | mean episode return/seat=+4.44
iter 3140/5000 (62.80%) | elapsed=55m 19s | eta=32m 46s | loss=0.0133 | eps=0.050 | mean turn reward=+0.165 | mean episode return/seat=+4.33
iter 3141/5000 (62.82%) | elapsed=55m 20s | eta=32m 45s | loss=0.0188 | eps=0.050 | mean turn reward=+0.167 | mean episode return/seat=+4.43
iter 3142/5000 (62.84%) | elapsed=55m 21s | eta=32m 44s | loss=0.0163 | eps=0.050 | mean turn reward=+0.167 | mean episode return/seat=+4.44
iter 3143/5000 (62.86%) | elapsed=55m 22s | eta=32m 43s | loss=0.0172 | eps=0.050 | mean turn reward=+0.167 | mean episode return/seat=+4.39
iter 3144/5000 (62.88%) | elapsed=55m 24s | eta=32m 42s | loss=0.0154 | eps=0.050 | mean turn reward=+0.169 | mean episode return/seat=+4.51
iter 3145/5000 (62.90%) | elapsed=55m 25s | eta=32m 41s | loss=0.0155 | eps=0.050 | mean turn reward=+0.167 | mean episode return/seat=+4.40
iter 3146/5000 (62.92%) | elapsed=55m 26s | eta=32m 40s | loss=0.0191 | eps=0.050 | mean turn reward=+0.168 | mean episode return/seat=+4.40
iter 3147/5000 (62.94%) | elapsed=55m 27s | eta=32m 39s | loss=0.0155 | eps=0.050 | mean turn reward=+0.167 | mean episode return/seat=+4.45
iter 3148/5000 (62.96%) | elapsed=55m 28s | eta=32m 38s | loss=0.0172 | eps=0.050 | mean turn reward=+0.165 | mean episode return/seat=+4.36
iter 3149/5000 (62.98%) | elapsed=55m 29s | eta=32m 37s | loss=0.0156 | eps=0.050 | mean turn reward=+0.167 | mean episode return/seat=+4.40
iter 3150/5000 (63.00%) | elapsed=55m 30s | eta=32m 36s | loss=0.0156 | eps=0.050 | mean turn reward=+0.164 | mean episode return/seat=+4.34
iter 3151/5000 (63.02%) | elapsed=55m 31s | eta=32m 34s | loss=0.0157 | eps=0.050 | mean turn reward=+0.166 | mean episode return/seat=+4.29
iter 3152/5000 (63.04%) | elapsed=55m 32s | eta=32m 33s | loss=0.0174 | eps=0.050 | mean turn reward=+0.164 | mean episode return/seat=+4.35
iter 3153/5000 (63.06%) | elapsed=55m 33s | eta=32m 32s | loss=0.0153 | eps=0.050 | mean turn reward=+0.167 | mean episode return/seat=+4.43
iter 3154/5000 (63.08%) | elapsed=55m 34s | eta=32m 31s | loss=0.0161 | eps=0.050 | mean turn reward=+0.167 | mean episode return/seat=+4.45
iter 3155/5000 (63.10%) | elapsed=55m 35s | eta=32m 30s | loss=0.0183 | eps=0.050 | mean turn reward=+0.167 | mean episode return/seat=+4.36
iter 3156/5000 (63.12%) | elapsed=55m 36s | eta=32m 29s | loss=0.0172 | eps=0.050 | mean turn reward=+0.167 | mean episode return/seat=+4.37
iter 3157/5000 (63.14%) | elapsed=55m 38s | eta=32m 28s | loss=0.0183 | eps=0.050 | mean turn reward=+0.166 | mean episode return/seat=+4.42
iter 3158/5000 (63.16%) | elapsed=55m 39s | eta=32m 27s | loss=0.0140 | eps=0.050 | mean turn reward=+0.166 | mean episode return/seat=+4.40
iter 3159/5000 (63.18%) | elapsed=55m 40s | eta=32m 26s | loss=0.0167 | eps=0.050 | mean turn reward=+0.166 | mean episode return/seat=+4.30
iter 3160/5000 (63.20%) | elapsed=55m 41s | eta=32m 25s | loss=0.0182 | eps=0.050 | mean turn reward=+0.168 | mean episode return/seat=+4.45
iter 3161/5000 (63.22%) | elapsed=55m 42s | eta=32m 24s | loss=0.0173 | eps=0.050 | mean turn reward=+0.168 | mean episode return/seat=+4.40
iter 3162/5000 (63.24%) | elapsed=55m 43s | eta=32m 23s | loss=0.0179 | eps=0.050 | mean turn reward=+0.168 | mean episode return/seat=+4.49
iter 3163/5000 (63.26%) | elapsed=55m 44s | eta=32m 22s | loss=0.0164 | eps=0.050 | mean turn reward=+0.167 | mean episode return/seat=+4.37
iter 3164/5000 (63.28%) | elapsed=55m 45s | eta=32m 21s | loss=0.0180 | eps=0.050 | mean turn reward=+0.168 | mean episode return/seat=+4.44
iter 3165/5000 (63.30%) | elapsed=55m 46s | eta=32m 20s | loss=0.0165 | eps=0.050 | mean turn reward=+0.165 | mean episode return/seat=+4.33
iter 3166/5000 (63.32%) | elapsed=55m 47s | eta=32m 19s | loss=0.0161 | eps=0.050 | mean turn reward=+0.167 | mean episode return/seat=+4.34
iter 3167/5000 (63.34%) | elapsed=55m 48s | eta=32m 18s | loss=0.0177 | eps=0.050 | mean turn reward=+0.169 | mean episode return/seat=+4.45
iter 3168/5000 (63.36%) | elapsed=55m 49s | eta=32m 16s | loss=0.0176 | eps=0.050 | mean turn reward=+0.167 | mean episode return/seat=+4.36
iter 3169/5000 (63.38%) | elapsed=55m 50s | eta=32m 15s | loss=0.0171 | eps=0.050 | mean turn reward=+0.167 | mean episode return/seat=+4.45
iter 3170/5000 (63.40%) | elapsed=55m 51s | eta=32m 14s | loss=0.0146 | eps=0.050 | mean turn reward=+0.167 | mean episode return/seat=+4.40
iter 3171/5000 (63.42%) | elapsed=55m 52s | eta=32m 13s | loss=0.0196 | eps=0.050 | mean turn reward=+0.166 | mean episode return/seat=+4.35
iter 3172/5000 (63.44%) | elapsed=55m 53s | eta=32m 12s | loss=0.0182 | eps=0.050 | mean turn reward=+0.165 | mean episode return/seat=+4.32
iter 3173/5000 (63.46%) | elapsed=55m 54s | eta=32m 11s | loss=0.0150 | eps=0.050 | mean turn reward=+0.168 | mean episode return/seat=+4.46
iter 3174/5000 (63.48%) | elapsed=55m 55s | eta=32m 10s | loss=0.0153 | eps=0.050 | mean turn reward=+0.168 | mean episode return/seat=+4.46
iter 3175/5000 (63.50%) | elapsed=55m 56s | eta=32m 09s | loss=0.0176 | eps=0.050 | mean turn reward=+0.167 | mean episode return/seat=+4.42
iter 3176/5000 (63.52%) | elapsed=55m 58s | eta=32m 08s | loss=0.0156 | eps=0.050 | mean turn reward=+0.169 | mean episode return/seat=+4.45
iter 3177/5000 (63.54%) | elapsed=55m 58s | eta=32m 07s | loss=0.0162 | eps=0.050 | mean turn reward=+0.167 | mean episode return/seat=+4.41
iter 3178/5000 (63.56%) | elapsed=56m 00s | eta=32m 06s | loss=0.0175 | eps=0.050 | mean turn reward=+0.166 | mean episode return/seat=+4.43
iter 3179/5000 (63.58%) | elapsed=56m 01s | eta=32m 05s | loss=0.0154 | eps=0.050 | mean turn reward=+0.170 | mean episode return/seat=+4.58
iter 3180/5000 (63.60%) | elapsed=56m 02s | eta=32m 04s | loss=0.0180 | eps=0.050 | mean turn reward=+0.166 | mean episode return/seat=+4.37
iter 3181/5000 (63.62%) | elapsed=56m 03s | eta=32m 03s | loss=0.0164 | eps=0.050 | mean turn reward=+0.167 | mean episode return/seat=+4.37
iter 3182/5000 (63.64%) | elapsed=56m 04s | eta=32m 02s | loss=0.0171 | eps=0.050 | mean turn reward=+0.169 | mean episode return/seat=+4.48
iter 3183/5000 (63.66%) | elapsed=56m 05s | eta=32m 01s | loss=0.0157 | eps=0.050 | mean turn reward=+0.166 | mean episode return/seat=+4.40
iter 3184/5000 (63.68%) | elapsed=56m 06s | eta=32m 00s | loss=0.0156 | eps=0.050 | mean turn reward=+0.164 | mean episode return/seat=+4.30
iter 3185/5000 (63.70%) | elapsed=56m 07s | eta=31m 59s | loss=0.0164 | eps=0.050 | mean turn reward=+0.167 | mean episode return/seat=+4.46
iter 3186/5000 (63.72%) | elapsed=56m 08s | eta=31m 58s | loss=0.0165 | eps=0.050 | mean turn reward=+0.167 | mean episode return/seat=+4.42
iter 3187/5000 (63.74%) | elapsed=56m 09s | eta=31m 56s | loss=0.0171 | eps=0.050 | mean turn reward=+0.165 | mean episode return/seat=+4.36
iter 3188/5000 (63.76%) | elapsed=56m 10s | eta=31m 55s | loss=0.0202 | eps=0.050 | mean turn reward=+0.165 | mean episode return/seat=+4.29
iter 3189/5000 (63.78%) | elapsed=56m 11s | eta=31m 54s | loss=0.0144 | eps=0.050 | mean turn reward=+0.166 | mean episode return/seat=+4.40
iter 3190/5000 (63.80%) | elapsed=56m 13s | eta=31m 53s | loss=0.0182 | eps=0.050 | mean turn reward=+0.167 | mean episode return/seat=+4.38
iter 3191/5000 (63.82%) | elapsed=56m 14s | eta=31m 52s | loss=0.0158 | eps=0.050 | mean turn reward=+0.164 | mean episode return/seat=+4.31
iter 3192/5000 (63.84%) | elapsed=56m 15s | eta=31m 51s | loss=0.0183 | eps=0.050 | mean turn reward=+0.165 | mean episode return/seat=+4.35
iter 3193/5000 (63.86%) | elapsed=56m 16s | eta=31m 50s | loss=0.0161 | eps=0.050 | mean turn reward=+0.168 | mean episode return/seat=+4.41
iter 3194/5000 (63.88%) | elapsed=56m 17s | eta=31m 49s | loss=0.0194 | eps=0.050 | mean turn reward=+0.164 | mean episode return/seat=+4.30
iter 3195/5000 (63.90%) | elapsed=56m 18s | eta=31m 48s | loss=0.0153 | eps=0.050 | mean turn reward=+0.167 | mean episode return/seat=+4.41
iter 3196/5000 (63.92%) | elapsed=56m 19s | eta=31m 47s | loss=0.0144 | eps=0.050 | mean turn reward=+0.168 | mean episode return/seat=+4.47
iter 3197/5000 (63.94%) | elapsed=56m 20s | eta=31m 46s | loss=0.0198 | eps=0.050 | mean turn reward=+0.167 | mean episode return/seat=+4.45
iter 3198/5000 (63.96%) | elapsed=56m 21s | eta=31m 45s | loss=0.0152 | eps=0.050 | mean turn reward=+0.168 | mean episode return/seat=+4.44
iter 3199/5000 (63.98%) | elapsed=56m 22s | eta=31m 44s | loss=0.0156 | eps=0.050 | mean turn reward=+0.167 | mean episode return/seat=+4.38
iter 3200/5000 (64.00%) | elapsed=56m 23s | eta=31m 43s | loss=0.0186 | eps=0.050 | mean turn reward=+0.166 | mean episode return/seat=+4.35
iter 3201/5000 (64.02%) | elapsed=56m 25s | eta=31m 42s | loss=0.0155 | eps=0.050 | mean turn reward=+0.167 | mean episode return/seat=+4.40
iter 3202/5000 (64.04%) | elapsed=56m 26s | eta=31m 41s | loss=0.0158 | eps=0.050 | mean turn reward=+0.166 | mean episode return/seat=+4.40
iter 3203/5000 (64.06%) | elapsed=56m 27s | eta=31m 40s | loss=0.0158 | eps=0.050 | mean turn reward=+0.166 | mean episode return/seat=+4.37
iter 3204/5000 (64.08%) | elapsed=56m 28s | eta=31m 39s | loss=0.0159 | eps=0.050 | mean turn reward=+0.166 | mean episode return/seat=+4.33
iter 3205/5000 (64.10%) | elapsed=56m 29s | eta=31m 38s | loss=0.0173 | eps=0.050 | mean turn reward=+0.166 | mean episode return/seat=+4.32
iter 3206/5000 (64.12%) | elapsed=56m 30s | eta=31m 37s | loss=0.0163 | eps=0.050 | mean turn reward=+0.165 | mean episode return/seat=+4.34
iter 3207/5000 (64.14%) | elapsed=56m 31s | eta=31m 36s | loss=0.0155 | eps=0.050 | mean turn reward=+0.166 | mean episode return/seat=+4.33
iter 3208/5000 (64.16%) | elapsed=56m 32s | eta=31m 35s | loss=0.0156 | eps=0.050 | mean turn reward=+0.168 | mean episode return/seat=+4.44
iter 3209/5000 (64.18%) | elapsed=56m 33s | eta=31m 33s | loss=0.0143 | eps=0.050 | mean turn reward=+0.167 | mean episode return/seat=+4.39
iter 3210/5000 (64.20%) | elapsed=56m 34s | eta=31m 32s | loss=0.0164 | eps=0.050 | mean turn reward=+0.167 | mean episode return/seat=+4.41
iter 3211/5000 (64.22%) | elapsed=56m 35s | eta=31m 31s | loss=0.0155 | eps=0.050 | mean turn reward=+0.167 | mean episode return/seat=+4.38
iter 3212/5000 (64.24%) | elapsed=56m 36s | eta=31m 30s | loss=0.0194 | eps=0.050 | mean turn reward=+0.166 | mean episode return/seat=+4.37
iter 3213/5000 (64.26%) | elapsed=56m 37s | eta=31m 29s | loss=0.0154 | eps=0.050 | mean turn reward=+0.166 | mean episode return/seat=+4.34
iter 3214/5000 (64.28%) | elapsed=56m 38s | eta=31m 28s | loss=0.0203 | eps=0.050 | mean turn reward=+0.167 | mean episode return/seat=+4.36
iter 3215/5000 (64.30%) | elapsed=56m 40s | eta=31m 27s | loss=0.0185 | eps=0.050 | mean turn reward=+0.167 | mean episode return/seat=+4.43
iter 3216/5000 (64.32%) | elapsed=56m 41s | eta=31m 26s | loss=0.0174 | eps=0.050 | mean turn reward=+0.165 | mean episode return/seat=+4.30
iter 3217/5000 (64.34%) | elapsed=56m 42s | eta=31m 25s | loss=0.0187 | eps=0.050 | mean turn reward=+0.165 | mean episode return/seat=+4.32
iter 3218/5000 (64.36%) | elapsed=56m 43s | eta=31m 24s | loss=0.0162 | eps=0.050 | mean turn reward=+0.167 | mean episode return/seat=+4.37
iter 3219/5000 (64.38%) | elapsed=56m 44s | eta=31m 23s | loss=0.0149 | eps=0.050 | mean turn reward=+0.167 | mean episode return/seat=+4.35
iter 3220/5000 (64.40%) | elapsed=56m 45s | eta=31m 22s | loss=0.0163 | eps=0.050 | mean turn reward=+0.168 | mean episode return/seat=+4.42
iter 3221/5000 (64.42%) | elapsed=56m 46s | eta=31m 21s | loss=0.0172 | eps=0.050 | mean turn reward=+0.169 | mean episode return/seat=+4.46
iter 3222/5000 (64.44%) | elapsed=56m 47s | eta=31m 20s | loss=0.0172 | eps=0.050 | mean turn reward=+0.166 | mean episode return/seat=+4.37
iter 3223/5000 (64.46%) | elapsed=56m 48s | eta=31m 19s | loss=0.0163 | eps=0.050 | mean turn reward=+0.169 | mean episode return/seat=+4.52
iter 3224/5000 (64.48%) | elapsed=56m 49s | eta=31m 18s | loss=0.0162 | eps=0.050 | mean turn reward=+0.167 | mean episode return/seat=+4.40
iter 3225/5000 (64.50%) | elapsed=56m 50s | eta=31m 17s | loss=0.0200 | eps=0.050 | mean turn reward=+0.167 | mean episode return/seat=+4.38
iter 3226/5000 (64.52%) | elapsed=56m 51s | eta=31m 16s | loss=0.0171 | eps=0.050 | mean turn reward=+0.166 | mean episode return/seat=+4.37
iter 3227/5000 (64.54%) | elapsed=56m 52s | eta=31m 15s | loss=0.0185 | eps=0.050 | mean turn reward=+0.167 | mean episode return/seat=+4.39
iter 3228/5000 (64.56%) | elapsed=56m 53s | eta=31m 14s | loss=0.0161 | eps=0.050 | mean turn reward=+0.168 | mean episode return/seat=+4.43
iter 3229/5000 (64.58%) | elapsed=56m 55s | eta=31m 13s | loss=0.0160 | eps=0.050 | mean turn reward=+0.167 | mean episode return/seat=+4.43
iter 3230/5000 (64.60%) | elapsed=56m 56s | eta=31m 12s | loss=0.0203 | eps=0.050 | mean turn reward=+0.167 | mean episode return/seat=+4.41
iter 3231/5000 (64.62%) | elapsed=56m 57s | eta=31m 10s | loss=0.0155 | eps=0.050 | mean turn reward=+0.167 | mean episode return/seat=+4.39
iter 3232/5000 (64.64%) | elapsed=56m 58s | eta=31m 09s | loss=0.0145 | eps=0.050 | mean turn reward=+0.169 | mean episode return/seat=+4.50
iter 3233/5000 (64.66%) | elapsed=56m 59s | eta=31m 08s | loss=0.0152 | eps=0.050 | mean turn reward=+0.168 | mean episode return/seat=+4.47
iter 3234/5000 (64.68%) | elapsed=57m 00s | eta=31m 07s | loss=0.0169 | eps=0.050 | mean turn reward=+0.166 | mean episode return/seat=+4.33
iter 3235/5000 (64.70%) | elapsed=57m 01s | eta=31m 06s | loss=0.0180 | eps=0.050 | mean turn reward=+0.166 | mean episode return/seat=+4.40
iter 3236/5000 (64.72%) | elapsed=57m 02s | eta=31m 05s | loss=0.0172 | eps=0.050 | mean turn reward=+0.168 | mean episode return/seat=+4.43
iter 3237/5000 (64.74%) | elapsed=57m 03s | eta=31m 04s | loss=0.0164 | eps=0.050 | mean turn reward=+0.167 | mean episode return/seat=+4.40
iter 3238/5000 (64.76%) | elapsed=57m 04s | eta=31m 03s | loss=0.0160 | eps=0.050 | mean turn reward=+0.164 | mean episode return/seat=+4.30
iter 3239/5000 (64.78%) | elapsed=57m 05s | eta=31m 02s | loss=0.0178 | eps=0.050 | mean turn reward=+0.169 | mean episode return/seat=+4.46
iter 3240/5000 (64.80%) | elapsed=57m 06s | eta=31m 01s | loss=0.0163 | eps=0.050 | mean turn reward=+0.168 | mean episode return/seat=+4.44
iter 3241/5000 (64.82%) | elapsed=57m 07s | eta=31m 00s | loss=0.0146 | eps=0.050 | mean turn reward=+0.167 | mean episode return/seat=+4.40
iter 3242/5000 (64.84%) | elapsed=57m 08s | eta=30m 59s | loss=0.0178 | eps=0.050 | mean turn reward=+0.168 | mean episode return/seat=+4.45
iter 3243/5000 (64.86%) | elapsed=57m 10s | eta=30m 58s | loss=0.0186 | eps=0.050 | mean turn reward=+0.166 | mean episode return/seat=+4.36
iter 3244/5000 (64.88%) | elapsed=57m 11s | eta=30m 57s | loss=0.0175 | eps=0.050 | mean turn reward=+0.168 | mean episode return/seat=+4.48
iter 3245/5000 (64.90%) | elapsed=57m 12s | eta=30m 56s | loss=0.0177 | eps=0.050 | mean turn reward=+0.167 | mean episode return/seat=+4.35
iter 3246/5000 (64.92%) | elapsed=57m 13s | eta=30m 55s | loss=0.0174 | eps=0.050 | mean turn reward=+0.166 | mean episode return/seat=+4.39
iter 3247/5000 (64.94%) | elapsed=57m 14s | eta=30m 54s | loss=0.0179 | eps=0.050 | mean turn reward=+0.168 | mean episode return/seat=+4.46
iter 3248/5000 (64.96%) | elapsed=57m 15s | eta=30m 53s | loss=0.0164 | eps=0.050 | mean turn reward=+0.167 | mean episode return/seat=+4.38
iter 3249/5000 (64.98%) | elapsed=57m 16s | eta=30m 52s | loss=0.0147 | eps=0.050 | mean turn reward=+0.165 | mean episode return/seat=+4.35
iter 3250/5000 (65.00%) | elapsed=57m 17s | eta=30m 51s | loss=0.0161 | eps=0.050 | mean turn reward=+0.166 | mean episode return/seat=+4.36
iter 3251/5000 (65.02%) | elapsed=57m 18s | eta=30m 49s | loss=0.0167 | eps=0.050 | mean turn reward=+0.166 | mean episode return/seat=+4.38
iter 3252/5000 (65.04%) | elapsed=57m 19s | eta=30m 48s | loss=0.0160 | eps=0.050 | mean turn reward=+0.166 | mean episode return/seat=+4.41
iter 3253/5000 (65.06%) | elapsed=57m 20s | eta=30m 47s | loss=0.0166 | eps=0.050 | mean turn reward=+0.166 | mean episode return/seat=+4.35
iter 3254/5000 (65.08%) | elapsed=57m 21s | eta=30m 46s | loss=0.0153 | eps=0.050 | mean turn reward=+0.168 | mean episode return/seat=+4.40
iter 3255/5000 (65.10%) | elapsed=57m 22s | eta=30m 45s | loss=0.0168 | eps=0.050 | mean turn reward=+0.166 | mean episode return/seat=+4.33
iter 3256/5000 (65.12%) | elapsed=57m 23s | eta=30m 44s | loss=0.0168 | eps=0.050 | mean turn reward=+0.166 | mean episode return/seat=+4.32
iter 3257/5000 (65.14%) | elapsed=57m 25s | eta=30m 43s | loss=0.0171 | eps=0.050 | mean turn reward=+0.168 | mean episode return/seat=+4.41
iter 3258/5000 (65.16%) | elapsed=57m 26s | eta=30m 42s | loss=0.0154 | eps=0.050 | mean turn reward=+0.167 | mean episode return/seat=+4.44
iter 3259/5000 (65.18%) | elapsed=57m 27s | eta=30m 41s | loss=0.0174 | eps=0.050 | mean turn reward=+0.167 | mean episode return/seat=+4.35
iter 3260/5000 (65.20%) | elapsed=57m 28s | eta=30m 40s | loss=0.0162 | eps=0.050 | mean turn reward=+0.169 | mean episode return/seat=+4.46
iter 3261/5000 (65.22%) | elapsed=57m 29s | eta=30m 39s | loss=0.0151 | eps=0.050 | mean turn reward=+0.166 | mean episode return/seat=+4.42
iter 3262/5000 (65.24%) | elapsed=57m 30s | eta=30m 38s | loss=0.0181 | eps=0.050 | mean turn reward=+0.166 | mean episode return/seat=+4.34
iter 3263/5000 (65.26%) | elapsed=57m 31s | eta=30m 37s | loss=0.0178 | eps=0.050 | mean turn reward=+0.168 | mean episode return/seat=+4.50
iter 3264/5000 (65.28%) | elapsed=57m 32s | eta=30m 36s | loss=0.0180 | eps=0.050 | mean turn reward=+0.168 | mean episode return/seat=+4.42
iter 3265/5000 (65.30%) | elapsed=57m 33s | eta=30m 35s | loss=0.0154 | eps=0.050 | mean turn reward=+0.166 | mean episode return/seat=+4.34
iter 3266/5000 (65.32%) | elapsed=57m 34s | eta=30m 34s | loss=0.0160 | eps=0.050 | mean turn reward=+0.167 | mean episode return/seat=+4.37
iter 3267/5000 (65.34%) | elapsed=57m 35s | eta=30m 33s | loss=0.0161 | eps=0.050 | mean turn reward=+0.167 | mean episode return/seat=+4.41
iter 3268/5000 (65.36%) | elapsed=57m 36s | eta=30m 32s | loss=0.0161 | eps=0.050 | mean turn reward=+0.167 | mean episode return/seat=+4.44
iter 3269/5000 (65.38%) | elapsed=57m 37s | eta=30m 30s | loss=0.0176 | eps=0.050 | mean turn reward=+0.167 | mean episode return/seat=+4.41
iter 3270/5000 (65.40%) | elapsed=57m 38s | eta=30m 29s | loss=0.0149 | eps=0.050 | mean turn reward=+0.168 | mean episode return/seat=+4.50
iter 3271/5000 (65.42%) | elapsed=57m 39s | eta=30m 28s | loss=0.0143 | eps=0.050 | mean turn reward=+0.165 | mean episode return/seat=+4.30
iter 3272/5000 (65.44%) | elapsed=57m 41s | eta=30m 27s | loss=0.0177 | eps=0.050 | mean turn reward=+0.167 | mean episode return/seat=+4.39
iter 3273/5000 (65.46%) | elapsed=57m 42s | eta=30m 26s | loss=0.0159 | eps=0.050 | mean turn reward=+0.166 | mean episode return/seat=+4.33
iter 3274/5000 (65.48%) | elapsed=57m 43s | eta=30m 25s | loss=0.0139 | eps=0.050 | mean turn reward=+0.168 | mean episode return/seat=+4.41
iter 3275/5000 (65.50%) | elapsed=57m 44s | eta=30m 24s | loss=0.0164 | eps=0.050 | mean turn reward=+0.167 | mean episode return/seat=+4.35
iter 3276/5000 (65.52%) | elapsed=57m 45s | eta=30m 23s | loss=0.0169 | eps=0.050 | mean turn reward=+0.165 | mean episode return/seat=+4.32
iter 3277/5000 (65.54%) | elapsed=57m 46s | eta=30m 22s | loss=0.0147 | eps=0.050 | mean turn reward=+0.168 | mean episode return/seat=+4.46
iter 3278/5000 (65.56%) | elapsed=57m 47s | eta=30m 21s | loss=0.0174 | eps=0.050 | mean turn reward=+0.170 | mean episode return/seat=+4.47
iter 3279/5000 (65.58%) | elapsed=57m 48s | eta=30m 20s | loss=0.0182 | eps=0.050 | mean turn reward=+0.164 | mean episode return/seat=+4.30
iter 3280/5000 (65.60%) | elapsed=57m 49s | eta=30m 19s | loss=0.0163 | eps=0.050 | mean turn reward=+0.166 | mean episode return/seat=+4.36
iter 3281/5000 (65.62%) | elapsed=57m 50s | eta=30m 18s | loss=0.0165 | eps=0.050 | mean turn reward=+0.169 | mean episode return/seat=+4.47
iter 3282/5000 (65.64%) | elapsed=57m 51s | eta=30m 17s | loss=0.0189 | eps=0.050 | mean turn reward=+0.168 | mean episode return/seat=+4.43
iter 3283/5000 (65.66%) | elapsed=57m 52s | eta=30m 16s | loss=0.0169 | eps=0.050 | mean turn reward=+0.168 | mean episode return/seat=+4.43
iter 3284/5000 (65.68%) | elapsed=57m 53s | eta=30m 15s | loss=0.0184 | eps=0.050 | mean turn reward=+0.165 | mean episode return/seat=+4.28
iter 3285/5000 (65.70%) | elapsed=57m 54s | eta=30m 14s | loss=0.0154 | eps=0.050 | mean turn reward=+0.165 | mean episode return/seat=+4.37
iter 3286/5000 (65.72%) | elapsed=57m 55s | eta=30m 13s | loss=0.0181 | eps=0.050 | mean turn reward=+0.166 | mean episode return/seat=+4.40
iter 3287/5000 (65.74%) | elapsed=57m 56s | eta=30m 12s | loss=0.0151 | eps=0.050 | mean turn reward=+0.165 | mean episode return/seat=+4.34
iter 3288/5000 (65.76%) | elapsed=57m 58s | eta=30m 10s | loss=0.0148 | eps=0.050 | mean turn reward=+0.167 | mean episode return/seat=+4.39
iter 3289/5000 (65.78%) | elapsed=57m 59s | eta=30m 09s | loss=0.0169 | eps=0.050 | mean turn reward=+0.165 | mean episode return/seat=+4.36
iter 3290/5000 (65.80%) | elapsed=58m 00s | eta=30m 08s | loss=0.0182 | eps=0.050 | mean turn reward=+0.168 | mean episode return/seat=+4.40
iter 3291/5000 (65.82%) | elapsed=58m 01s | eta=30m 07s | loss=0.0167 | eps=0.050 | mean turn reward=+0.168 | mean episode return/seat=+4.43
iter 3292/5000 (65.84%) | elapsed=58m 02s | eta=30m 06s | loss=0.0177 | eps=0.050 | mean turn reward=+0.165 | mean episode return/seat=+4.32
iter 3293/5000 (65.86%) | elapsed=58m 03s | eta=30m 05s | loss=0.0161 | eps=0.050 | mean turn reward=+0.167 | mean episode return/seat=+4.37
iter 3294/5000 (65.88%) | elapsed=58m 04s | eta=30m 04s | loss=0.0180 | eps=0.050 | mean turn reward=+0.165 | mean episode return/seat=+4.35
iter 3295/5000 (65.90%) | elapsed=58m 05s | eta=30m 03s | loss=0.0166 | eps=0.050 | mean turn reward=+0.168 | mean episode return/seat=+4.41
iter 3296/5000 (65.92%) | elapsed=58m 06s | eta=30m 02s | loss=0.0155 | eps=0.050 | mean turn reward=+0.165 | mean episode return/seat=+4.32
iter 3297/5000 (65.94%) | elapsed=58m 07s | eta=30m 01s | loss=0.0175 | eps=0.050 | mean turn reward=+0.168 | mean episode return/seat=+4.45
iter 3298/5000 (65.96%) | elapsed=58m 08s | eta=30m 00s | loss=0.0159 | eps=0.050 | mean turn reward=+0.167 | mean episode return/seat=+4.34
iter 3299/5000 (65.98%) | elapsed=58m 09s | eta=29m 59s | loss=0.0160 | eps=0.050 | mean turn reward=+0.168 | mean episode return/seat=+4.46
iter 3300/5000 (66.00%) | elapsed=58m 10s | eta=29m 58s | loss=0.0161 | eps=0.050 | mean turn reward=+0.165 | mean episode return/seat=+4.33
iter 3301/5000 (66.02%) | elapsed=58m 11s | eta=29m 57s | loss=0.0182 | eps=0.050 | mean turn reward=+0.166 | mean episode return/seat=+4.43
iter 3302/5000 (66.04%) | elapsed=58m 12s | eta=29m 56s | loss=0.0180 | eps=0.050 | mean turn reward=+0.165 | mean episode return/seat=+4.34
iter 3303/5000 (66.06%) | elapsed=58m 13s | eta=29m 55s | loss=0.0147 | eps=0.050 | mean turn reward=+0.168 | mean episode return/seat=+4.46
iter 3304/5000 (66.08%) | elapsed=58m 15s | eta=29m 54s | loss=0.0173 | eps=0.050 | mean turn reward=+0.169 | mean episode return/seat=+4.44
iter 3305/5000 (66.10%) | elapsed=58m 16s | eta=29m 52s | loss=0.0179 | eps=0.050 | mean turn reward=+0.168 | mean episode return/seat=+4.50
iter 3306/5000 (66.12%) | elapsed=58m 17s | eta=29m 51s | loss=0.0181 | eps=0.050 | mean turn reward=+0.169 | mean episode return/seat=+4.45
iter 3307/5000 (66.14%) | elapsed=58m 18s | eta=29m 50s | loss=0.0189 | eps=0.050 | mean turn reward=+0.165 | mean episode return/seat=+4.33
iter 3308/5000 (66.16%) | elapsed=58m 19s | eta=29m 49s | loss=0.0187 | eps=0.050 | mean turn reward=+0.166 | mean episode return/seat=+4.39
iter 3309/5000 (66.18%) | elapsed=58m 20s | eta=29m 48s | loss=0.0140 | eps=0.050 | mean turn reward=+0.168 | mean episode return/seat=+4.43
iter 3310/5000 (66.20%) | elapsed=58m 21s | eta=29m 47s | loss=0.0159 | eps=0.050 | mean turn reward=+0.167 | mean episode return/seat=+4.42
iter 3311/5000 (66.22%) | elapsed=58m 22s | eta=29m 46s | loss=0.0159 | eps=0.050 | mean turn reward=+0.165 | mean episode return/seat=+4.35
iter 3312/5000 (66.24%) | elapsed=58m 23s | eta=29m 45s | loss=0.0155 | eps=0.050 | mean turn reward=+0.167 | mean episode return/seat=+4.37
iter 3313/5000 (66.26%) | elapsed=58m 24s | eta=29m 44s | loss=0.0168 | eps=0.050 | mean turn reward=+0.169 | mean episode return/seat=+4.46
iter 3314/5000 (66.28%) | elapsed=58m 25s | eta=29m 43s | loss=0.0176 | eps=0.050 | mean turn reward=+0.166 | mean episode return/seat=+4.35
iter 3315/5000 (66.30%) | elapsed=58m 26s | eta=29m 42s | loss=0.0166 | eps=0.050 | mean turn reward=+0.167 | mean episode return/seat=+4.34
iter 3316/5000 (66.32%) | elapsed=58m 27s | eta=29m 41s | loss=0.0165 | eps=0.050 | mean turn reward=+0.167 | mean episode return/seat=+4.43
iter 3317/5000 (66.34%) | elapsed=58m 28s | eta=29m 40s | loss=0.0160 | eps=0.050 | mean turn reward=+0.167 | mean episode return/seat=+4.38
iter 3318/5000 (66.36%) | elapsed=58m 29s | eta=29m 39s | loss=0.0158 | eps=0.050 | mean turn reward=+0.167 | mean episode return/seat=+4.40
iter 3319/5000 (66.38%) | elapsed=58m 30s | eta=29m 38s | loss=0.0163 | eps=0.050 | mean turn reward=+0.172 | mean episode return/seat=+4.55
iter 3320/5000 (66.40%) | elapsed=58m 31s | eta=29m 37s | loss=0.0189 | eps=0.050 | mean turn reward=+0.170 | mean episode return/seat=+4.49
iter 3321/5000 (66.42%) | elapsed=58m 32s | eta=29m 36s | loss=0.0186 | eps=0.050 | mean turn reward=+0.165 | mean episode return/seat=+4.32
iter 3322/5000 (66.44%) | elapsed=58m 33s | eta=29m 34s | loss=0.0149 | eps=0.050 | mean turn reward=+0.167 | mean episode return/seat=+4.47
iter 3323/5000 (66.46%) | elapsed=58m 35s | eta=29m 33s | loss=0.0149 | eps=0.050 | mean turn reward=+0.169 | mean episode return/seat=+4.46
iter 3324/5000 (66.48%) | elapsed=58m 36s | eta=29m 32s | loss=0.0151 | eps=0.050 | mean turn reward=+0.169 | mean episode return/seat=+4.44
iter 3325/5000 (66.50%) | elapsed=58m 37s | eta=29m 31s | loss=0.0167 | eps=0.050 | mean turn reward=+0.170 | mean episode return/seat=+4.55
iter 3326/5000 (66.52%) | elapsed=58m 38s | eta=29m 30s | loss=0.0177 | eps=0.050 | mean turn reward=+0.165 | mean episode return/seat=+4.33
iter 3327/5000 (66.54%) | elapsed=58m 39s | eta=29m 29s | loss=0.0187 | eps=0.050 | mean turn reward=+0.167 | mean episode return/seat=+4.39
iter 3328/5000 (66.56%) | elapsed=58m 40s | eta=29m 28s | loss=0.0179 | eps=0.050 | mean turn reward=+0.167 | mean episode return/seat=+4.37
iter 3329/5000 (66.58%) | elapsed=58m 41s | eta=29m 27s | loss=0.0169 | eps=0.050 | mean turn reward=+0.167 | mean episode return/seat=+4.40
iter 3330/5000 (66.60%) | elapsed=58m 42s | eta=29m 26s | loss=0.0164 | eps=0.050 | mean turn reward=+0.165 | mean episode return/seat=+4.33
iter 3331/5000 (66.62%) | elapsed=58m 43s | eta=29m 25s | loss=0.0172 | eps=0.050 | mean turn reward=+0.165 | mean episode return/seat=+4.35
iter 3332/5000 (66.64%) | elapsed=58m 44s | eta=29m 24s | loss=0.0161 | eps=0.050 | mean turn reward=+0.166 | mean episode return/seat=+4.39
iter 3333/5000 (66.66%) | elapsed=58m 45s | eta=29m 23s | loss=0.0157 | eps=0.050 | mean turn reward=+0.166 | mean episode return/seat=+4.36
iter 3334/5000 (66.68%) | elapsed=58m 46s | eta=29m 22s | loss=0.0152 | eps=0.050 | mean turn reward=+0.168 | mean episode return/seat=+4.42
iter 3335/5000 (66.70%) | elapsed=58m 47s | eta=29m 21s | loss=0.0174 | eps=0.050 | mean turn reward=+0.165 | mean episode return/seat=+4.33
iter 3336/5000 (66.72%) | elapsed=58m 48s | eta=29m 20s | loss=0.0177 | eps=0.050 | mean turn reward=+0.167 | mean episode return/seat=+4.45
iter 3337/5000 (66.74%) | elapsed=58m 49s | eta=29m 19s | loss=0.0170 | eps=0.050 | mean turn reward=+0.167 | mean episode return/seat=+4.35
iter 3338/5000 (66.76%) | elapsed=58m 50s | eta=29m 18s | loss=0.0156 | eps=0.050 | mean turn reward=+0.167 | mean episode return/seat=+4.35
iter 3339/5000 (66.78%) | elapsed=58m 51s | eta=29m 16s | loss=0.0146 | eps=0.050 | mean turn reward=+0.168 | mean episode return/seat=+4.43
iter 3340/5000 (66.80%) | elapsed=58m 52s | eta=29m 15s | loss=0.0165 | eps=0.050 | mean turn reward=+0.166 | mean episode return/seat=+4.41
iter 3341/5000 (66.82%) | elapsed=58m 54s | eta=29m 14s | loss=0.0162 | eps=0.050 | mean turn reward=+0.168 | mean episode return/seat=+4.47
iter 3342/5000 (66.84%) | elapsed=58m 55s | eta=29m 13s | loss=0.0150 | eps=0.050 | mean turn reward=+0.165 | mean episode return/seat=+4.32
iter 3343/5000 (66.86%) | elapsed=58m 56s | eta=29m 12s | loss=0.0171 | eps=0.050 | mean turn reward=+0.168 | mean episode return/seat=+4.42
iter 3344/5000 (66.88%) | elapsed=58m 57s | eta=29m 11s | loss=0.0188 | eps=0.050 | mean turn reward=+0.165 | mean episode return/seat=+4.36
iter 3345/5000 (66.90%) | elapsed=58m 58s | eta=29m 10s | loss=0.0158 | eps=0.050 | mean turn reward=+0.168 | mean episode return/seat=+4.39
iter 3346/5000 (66.92%) | elapsed=58m 59s | eta=29m 09s | loss=0.0173 | eps=0.050 | mean turn reward=+0.169 | mean episode return/seat=+4.42
iter 3347/5000 (66.94%) | elapsed=59m 00s | eta=29m 08s | loss=0.0164 | eps=0.050 | mean turn reward=+0.166 | mean episode return/seat=+4.37
iter 3348/5000 (66.96%) | elapsed=59m 01s | eta=29m 07s | loss=0.0159 | eps=0.050 | mean turn reward=+0.168 | mean episode return/seat=+4.44
iter 3349/5000 (66.98%) | elapsed=59m 02s | eta=29m 06s | loss=0.0169 | eps=0.050 | mean turn reward=+0.171 | mean episode return/seat=+4.55
iter 3350/5000 (67.00%) | elapsed=59m 03s | eta=29m 05s | loss=0.0189 | eps=0.050 | mean turn reward=+0.165 | mean episode return/seat=+4.29
iter 3351/5000 (67.02%) | elapsed=59m 04s | eta=29m 04s | loss=0.0157 | eps=0.050 | mean turn reward=+0.165 | mean episode return/seat=+4.33
iter 3352/5000 (67.04%) | elapsed=59m 05s | eta=29m 03s | loss=0.0192 | eps=0.050 | mean turn reward=+0.163 | mean episode return/seat=+4.27
iter 3353/5000 (67.06%) | elapsed=59m 06s | eta=29m 02s | loss=0.0154 | eps=0.050 | mean turn reward=+0.169 | mean episode return/seat=+4.47
iter 3354/5000 (67.08%) | elapsed=59m 07s | eta=29m 01s | loss=0.0148 | eps=0.050 | mean turn reward=+0.169 | mean episode return/seat=+4.49
iter 3355/5000 (67.10%) | elapsed=59m 09s | eta=29m 00s | loss=0.0190 | eps=0.050 | mean turn reward=+0.167 | mean episode return/seat=+4.39
iter 3356/5000 (67.12%) | elapsed=59m 10s | eta=28m 59s | loss=0.0165 | eps=0.050 | mean turn reward=+0.167 | mean episode return/seat=+4.39
iter 3357/5000 (67.14%) | elapsed=59m 11s | eta=28m 57s | loss=0.0159 | eps=0.050 | mean turn reward=+0.169 | mean episode return/seat=+4.50
iter 3358/5000 (67.16%) | elapsed=59m 12s | eta=28m 56s | loss=0.0170 | eps=0.050 | mean turn reward=+0.168 | mean episode return/seat=+4.45
iter 3359/5000 (67.18%) | elapsed=59m 13s | eta=28m 55s | loss=0.0158 | eps=0.050 | mean turn reward=+0.167 | mean episode return/seat=+4.43
iter 3360/5000 (67.20%) | elapsed=59m 14s | eta=28m 54s | loss=0.0192 | eps=0.050 | mean turn reward=+0.169 | mean episode return/seat=+4.48
iter 3361/5000 (67.22%) | elapsed=59m 15s | eta=28m 53s | loss=0.0175 | eps=0.050 | mean turn reward=+0.168 | mean episode return/seat=+4.42
iter 3362/5000 (67.24%) | elapsed=59m 16s | eta=28m 52s | loss=0.0174 | eps=0.050 | mean turn reward=+0.164 | mean episode return/seat=+4.30
iter 3363/5000 (67.26%) | elapsed=59m 17s | eta=28m 51s | loss=0.0168 | eps=0.050 | mean turn reward=+0.168 | mean episode return/seat=+4.45
iter 3364/5000 (67.28%) | elapsed=59m 18s | eta=28m 50s | loss=0.0179 | eps=0.050 | mean turn reward=+0.165 | mean episode return/seat=+4.29
iter 3365/5000 (67.30%) | elapsed=59m 19s | eta=28m 49s | loss=0.0159 | eps=0.050 | mean turn reward=+0.166 | mean episode return/seat=+4.38
iter 3366/5000 (67.32%) | elapsed=59m 20s | eta=28m 48s | loss=0.0181 | eps=0.050 | mean turn reward=+0.171 | mean episode return/seat=+4.52
iter 3367/5000 (67.34%) | elapsed=59m 21s | eta=28m 47s | loss=0.0169 | eps=0.050 | mean turn reward=+0.165 | mean episode return/seat=+4.35
iter 3368/5000 (67.36%) | elapsed=59m 22s | eta=28m 46s | loss=0.0165 | eps=0.050 | mean turn reward=+0.167 | mean episode return/seat=+4.36
iter 3369/5000 (67.38%) | elapsed=59m 23s | eta=28m 45s | loss=0.0161 | eps=0.050 | mean turn reward=+0.166 | mean episode return/seat=+4.36
iter 3370/5000 (67.40%) | elapsed=59m 24s | eta=28m 44s | loss=0.0136 | eps=0.050 | mean turn reward=+0.167 | mean episode return/seat=+4.40
iter 3371/5000 (67.42%) | elapsed=59m 25s | eta=28m 43s | loss=0.0177 | eps=0.050 | mean turn reward=+0.165 | mean episode return/seat=+4.30
iter 3372/5000 (67.44%) | elapsed=59m 26s | eta=28m 42s | loss=0.0184 | eps=0.050 | mean turn reward=+0.167 | mean episode return/seat=+4.41
iter 3373/5000 (67.46%) | elapsed=59m 27s | eta=28m 41s | loss=0.0176 | eps=0.050 | mean turn reward=+0.167 | mean episode return/seat=+4.40
iter 3374/5000 (67.48%) | elapsed=59m 29s | eta=28m 40s | loss=0.0169 | eps=0.050 | mean turn reward=+0.167 | mean episode return/seat=+4.37
iter 3375/5000 (67.50%) | elapsed=59m 30s | eta=28m 38s | loss=0.0163 | eps=0.050 | mean turn reward=+0.166 | mean episode return/seat=+4.35
iter 3376/5000 (67.52%) | elapsed=59m 31s | eta=28m 37s | loss=0.0179 | eps=0.050 | mean turn reward=+0.166 | mean episode return/seat=+4.37
iter 3377/5000 (67.54%) | elapsed=59m 32s | eta=28m 36s | loss=0.0165 | eps=0.050 | mean turn reward=+0.166 | mean episode return/seat=+4.36
iter 3378/5000 (67.56%) | elapsed=59m 33s | eta=28m 35s | loss=0.0192 | eps=0.050 | mean turn reward=+0.170 | mean episode return/seat=+4.50
iter 3379/5000 (67.58%) | elapsed=59m 34s | eta=28m 34s | loss=0.0170 | eps=0.050 | mean turn reward=+0.167 | mean episode return/seat=+4.44
iter 3380/5000 (67.60%) | elapsed=59m 35s | eta=28m 33s | loss=0.0161 | eps=0.050 | mean turn reward=+0.165 | mean episode return/seat=+4.32
iter 3381/5000 (67.62%) | elapsed=59m 36s | eta=28m 32s | loss=0.0158 | eps=0.050 | mean turn reward=+0.168 | mean episode return/seat=+4.41
iter 3382/5000 (67.64%) | elapsed=59m 37s | eta=28m 31s | loss=0.0159 | eps=0.050 | mean turn reward=+0.164 | mean episode return/seat=+4.34
iter 3383/5000 (67.66%) | elapsed=59m 38s | eta=28m 30s | loss=0.0172 | eps=0.050 | mean turn reward=+0.166 | mean episode return/seat=+4.35
iter 3384/5000 (67.68%) | elapsed=59m 39s | eta=28m 29s | loss=0.0150 | eps=0.050 | mean turn reward=+0.168 | mean episode return/seat=+4.41
iter 3385/5000 (67.70%) | elapsed=59m 40s | eta=28m 28s | loss=0.0185 | eps=0.050 | mean turn reward=+0.167 | mean episode return/seat=+4.43
iter 3386/5000 (67.72%) | elapsed=59m 41s | eta=28m 27s | loss=0.0176 | eps=0.050 | mean turn reward=+0.166 | mean episode return/seat=+4.33
iter 3387/5000 (67.74%) | elapsed=59m 42s | eta=28m 26s | loss=0.0166 | eps=0.050 | mean turn reward=+0.165 | mean episode return/seat=+4.33
iter 3388/5000 (67.76%) | elapsed=59m 43s | eta=28m 25s | loss=0.0177 | eps=0.050 | mean turn reward=+0.168 | mean episode return/seat=+4.39
iter 3389/5000 (67.78%) | elapsed=59m 44s | eta=28m 24s | loss=0.0164 | eps=0.050 | mean turn reward=+0.169 | mean episode return/seat=+4.42
iter 3390/5000 (67.80%) | elapsed=59m 45s | eta=28m 22s | loss=0.0177 | eps=0.050 | mean turn reward=+0.166 | mean episode return/seat=+4.37
iter 3391/5000 (67.82%) | elapsed=59m 46s | eta=28m 21s | loss=0.0172 | eps=0.050 | mean turn reward=+0.168 | mean episode return/seat=+4.48
iter 3392/5000 (67.84%) | elapsed=59m 47s | eta=28m 20s | loss=0.0154 | eps=0.050 | mean turn reward=+0.168 | mean episode return/seat=+4.39
iter 3393/5000 (67.86%) | elapsed=59m 48s | eta=28m 19s | loss=0.0177 | eps=0.050 | mean turn reward=+0.167 | mean episode return/seat=+4.38
iter 3394/5000 (67.88%) | elapsed=59m 50s | eta=28m 18s | loss=0.0168 | eps=0.050 | mean turn reward=+0.166 | mean episode return/seat=+4.39
iter 3395/5000 (67.90%) | elapsed=59m 51s | eta=28m 17s | loss=0.0175 | eps=0.050 | mean turn reward=+0.169 | mean episode return/seat=+4.40
iter 3396/5000 (67.92%) | elapsed=59m 52s | eta=28m 16s | loss=0.0169 | eps=0.050 | mean turn reward=+0.163 | mean episode return/seat=+4.23
iter 3397/5000 (67.94%) | elapsed=59m 53s | eta=28m 15s | loss=0.0156 | eps=0.050 | mean turn reward=+0.168 | mean episode return/seat=+4.47
iter 3398/5000 (67.96%) | elapsed=59m 54s | eta=28m 14s | loss=0.0170 | eps=0.050 | mean turn reward=+0.167 | mean episode return/seat=+4.42
iter 3399/5000 (67.98%) | elapsed=59m 55s | eta=28m 13s | loss=0.0181 | eps=0.050 | mean turn reward=+0.167 | mean episode return/seat=+4.42
iter 3400/5000 (68.00%) | elapsed=59m 56s | eta=28m 12s | loss=0.0164 | eps=0.050 | mean turn reward=+0.167 | mean episode return/seat=+4.38
iter 3401/5000 (68.02%) | elapsed=59m 57s | eta=28m 11s | loss=0.0172 | eps=0.050 | mean turn reward=+0.168 | mean episode return/seat=+4.44
iter 3402/5000 (68.04%) | elapsed=59m 58s | eta=28m 10s | loss=0.0154 | eps=0.050 | mean turn reward=+0.167 | mean episode return/seat=+4.45
iter 3403/5000 (68.06%) | elapsed=59m 59s | eta=28m 09s | loss=0.0192 | eps=0.050 | mean turn reward=+0.170 | mean episode return/seat=+4.49
iter 3404/5000 (68.08%) | elapsed=1h 00m 00s | eta=28m 08s | loss=0.0172 | eps=0.050 | mean turn reward=+0.167 | mean episode return/seat=+4.42
iter 3405/5000 (68.10%) | elapsed=1h 00m 01s | eta=28m 07s | loss=0.0156 | eps=0.050 | mean turn reward=+0.168 | mean episode return/seat=+4.47
iter 3406/5000 (68.12%) | elapsed=1h 00m 02s | eta=28m 06s | loss=0.0143 | eps=0.050 | mean turn reward=+0.169 | mean episode return/seat=+4.41
iter 3407/5000 (68.14%) | elapsed=1h 00m 03s | eta=28m 05s | loss=0.0157 | eps=0.050 | mean turn reward=+0.166 | mean episode return/seat=+4.41
iter 3408/5000 (68.16%) | elapsed=1h 00m 04s | eta=28m 03s | loss=0.0194 | eps=0.050 | mean turn reward=+0.165 | mean episode return/seat=+4.35
iter 3409/5000 (68.18%) | elapsed=1h 00m 05s | eta=28m 02s | loss=0.0167 | eps=0.050 | mean turn reward=+0.169 | mean episode return/seat=+4.49
iter 3410/5000 (68.20%) | elapsed=1h 00m 07s | eta=28m 01s | loss=0.0180 | eps=0.050 | mean turn reward=+0.165 | mean episode return/seat=+4.33
iter 3411/5000 (68.22%) | elapsed=1h 00m 08s | eta=28m 00s | loss=0.0185 | eps=0.050 | mean turn reward=+0.167 | mean episode return/seat=+4.42
iter 3412/5000 (68.24%) | elapsed=1h 00m 09s | eta=27m 59s | loss=0.0145 | eps=0.050 | mean turn reward=+0.166 | mean episode return/seat=+4.36
iter 3413/5000 (68.26%) | elapsed=1h 00m 10s | eta=27m 58s | loss=0.0155 | eps=0.050 | mean turn reward=+0.167 | mean episode return/seat=+4.40
iter 3414/5000 (68.28%) | elapsed=1h 00m 11s | eta=27m 57s | loss=0.0164 | eps=0.050 | mean turn reward=+0.165 | mean episode return/seat=+4.34
iter 3415/5000 (68.30%) | elapsed=1h 00m 12s | eta=27m 56s | loss=0.0185 | eps=0.050 | mean turn reward=+0.166 | mean episode return/seat=+4.31
iter 3416/5000 (68.32%) | elapsed=1h 00m 13s | eta=27m 55s | loss=0.0175 | eps=0.050 | mean turn reward=+0.168 | mean episode return/seat=+4.44
iter 3417/5000 (68.34%) | elapsed=1h 00m 14s | eta=27m 54s | loss=0.0156 | eps=0.050 | mean turn reward=+0.168 | mean episode return/seat=+4.46
iter 3418/5000 (68.36%) | elapsed=1h 00m 15s | eta=27m 53s | loss=0.0166 | eps=0.050 | mean turn reward=+0.168 | mean episode return/seat=+4.46
iter 3419/5000 (68.38%) | elapsed=1h 00m 16s | eta=27m 52s | loss=0.0167 | eps=0.050 | mean turn reward=+0.168 | mean episode return/seat=+4.47
iter 3420/5000 (68.40%) | elapsed=1h 00m 17s | eta=27m 51s | loss=0.0164 | eps=0.050 | mean turn reward=+0.167 | mean episode return/seat=+4.40
iter 3421/5000 (68.42%) | elapsed=1h 00m 18s | eta=27m 50s | loss=0.0207 | eps=0.050 | mean turn reward=+0.168 | mean episode return/seat=+4.41
iter 3422/5000 (68.44%) | elapsed=1h 00m 19s | eta=27m 49s | loss=0.0173 | eps=0.050 | mean turn reward=+0.165 | mean episode return/seat=+4.38
iter 3423/5000 (68.46%) | elapsed=1h 00m 20s | eta=27m 48s | loss=0.0175 | eps=0.050 | mean turn reward=+0.164 | mean episode return/seat=+4.27
iter 3424/5000 (68.48%) | elapsed=1h 00m 21s | eta=27m 47s | loss=0.0179 | eps=0.050 | mean turn reward=+0.164 | mean episode return/seat=+4.29
iter 3425/5000 (68.50%) | elapsed=1h 00m 23s | eta=27m 46s | loss=0.0189 | eps=0.050 | mean turn reward=+0.167 | mean episode return/seat=+4.37
iter 3426/5000 (68.52%) | elapsed=1h 00m 24s | eta=27m 45s | loss=0.0174 | eps=0.050 | mean turn reward=+0.164 | mean episode return/seat=+4.32
iter 3427/5000 (68.54%) | elapsed=1h 00m 25s | eta=27m 44s | loss=0.0175 | eps=0.050 | mean turn reward=+0.165 | mean episode return/seat=+4.33
iter 3428/5000 (68.56%) | elapsed=1h 00m 26s | eta=27m 42s | loss=0.0177 | eps=0.050 | mean turn reward=+0.167 | mean episode return/seat=+4.42
iter 3429/5000 (68.58%) | elapsed=1h 00m 27s | eta=27m 41s | loss=0.0165 | eps=0.050 | mean turn reward=+0.167 | mean episode return/seat=+4.41
iter 3430/5000 (68.60%) | elapsed=1h 00m 28s | eta=27m 40s | loss=0.0178 | eps=0.050 | mean turn reward=+0.168 | mean episode return/seat=+4.47
iter 3431/5000 (68.62%) | elapsed=1h 00m 29s | eta=27m 39s | loss=0.0150 | eps=0.050 | mean turn reward=+0.167 | mean episode return/seat=+4.42
iter 3432/5000 (68.64%) | elapsed=1h 00m 30s | eta=27m 38s | loss=0.0172 | eps=0.050 | mean turn reward=+0.166 | mean episode return/seat=+4.34
iter 3433/5000 (68.66%) | elapsed=1h 00m 31s | eta=27m 37s | loss=0.0146 | eps=0.050 | mean turn reward=+0.167 | mean episode return/seat=+4.36
iter 3434/5000 (68.68%) | elapsed=1h 00m 32s | eta=27m 36s | loss=0.0148 | eps=0.050 | mean turn reward=+0.168 | mean episode return/seat=+4.41
iter 3435/5000 (68.70%) | elapsed=1h 00m 34s | eta=27m 35s | loss=0.0150 | eps=0.050 | mean turn reward=+0.166 | mean episode return/seat=+4.37
iter 3436/5000 (68.72%) | elapsed=1h 00m 35s | eta=27m 34s | loss=0.0159 | eps=0.050 | mean turn reward=+0.170 | mean episode return/seat=+4.45
iter 3437/5000 (68.74%) | elapsed=1h 00m 36s | eta=27m 33s | loss=0.0194 | eps=0.050 | mean turn reward=+0.166 | mean episode return/seat=+4.38
iter 3438/5000 (68.76%) | elapsed=1h 00m 37s | eta=27m 32s | loss=0.0158 | eps=0.050 | mean turn reward=+0.167 | mean episode return/seat=+4.36
iter 3439/5000 (68.78%) | elapsed=1h 00m 38s | eta=27m 31s | loss=0.0161 | eps=0.050 | mean turn reward=+0.167 | mean episode return/seat=+4.45
iter 3440/5000 (68.80%) | elapsed=1h 00m 39s | eta=27m 30s | loss=0.0174 | eps=0.050 | mean turn reward=+0.167 | mean episode return/seat=+4.35
iter 3441/5000 (68.82%) | elapsed=1h 00m 40s | eta=27m 29s | loss=0.0159 | eps=0.050 | mean turn reward=+0.168 | mean episode return/seat=+4.41
iter 3442/5000 (68.84%) | elapsed=1h 00m 41s | eta=27m 28s | loss=0.0165 | eps=0.050 | mean turn reward=+0.169 | mean episode return/seat=+4.46
iter 3443/5000 (68.86%) | elapsed=1h 00m 42s | eta=27m 27s | loss=0.0154 | eps=0.050 | mean turn reward=+0.168 | mean episode return/seat=+4.42
iter 3444/5000 (68.88%) | elapsed=1h 00m 43s | eta=27m 26s | loss=0.0155 | eps=0.050 | mean turn reward=+0.168 | mean episode return/seat=+4.44
iter 3445/5000 (68.90%) | elapsed=1h 00m 45s | eta=27m 25s | loss=0.0161 | eps=0.050 | mean turn reward=+0.167 | mean episode return/seat=+4.44
iter 3446/5000 (68.92%) | elapsed=1h 00m 46s | eta=27m 24s | loss=0.0162 | eps=0.050 | mean turn reward=+0.166 | mean episode return/seat=+4.35
iter 3447/5000 (68.94%) | elapsed=1h 00m 47s | eta=27m 23s | loss=0.0189 | eps=0.050 | mean turn reward=+0.166 | mean episode return/seat=+4.35
iter 3448/5000 (68.96%) | elapsed=1h 00m 48s | eta=27m 22s | loss=0.0150 | eps=0.050 | mean turn reward=+0.167 | mean episode return/seat=+4.38
iter 3449/5000 (68.98%) | elapsed=1h 00m 49s | eta=27m 21s | loss=0.0175 | eps=0.050 | mean turn reward=+0.168 | mean episode return/seat=+4.39
iter 3450/5000 (69.00%) | elapsed=1h 00m 50s | eta=27m 20s | loss=0.0163 | eps=0.050 | mean turn reward=+0.170 | mean episode return/seat=+4.50
iter 3451/5000 (69.02%) | elapsed=1h 00m 51s | eta=27m 18s | loss=0.0153 | eps=0.050 | mean turn reward=+0.164 | mean episode return/seat=+4.27
iter 3452/5000 (69.04%) | elapsed=1h 00m 52s | eta=27m 17s | loss=0.0180 | eps=0.050 | mean turn reward=+0.167 | mean episode return/seat=+4.37
iter 3453/5000 (69.06%) | elapsed=1h 00m 53s | eta=27m 16s | loss=0.0159 | eps=0.050 | mean turn reward=+0.168 | mean episode return/seat=+4.42
iter 3454/5000 (69.08%) | elapsed=1h 00m 54s | eta=27m 15s | loss=0.0156 | eps=0.050 | mean turn reward=+0.166 | mean episode return/seat=+4.37
iter 3455/5000 (69.10%) | elapsed=1h 00m 55s | eta=27m 14s | loss=0.0184 | eps=0.050 | mean turn reward=+0.166 | mean episode return/seat=+4.36
iter 3456/5000 (69.12%) | elapsed=1h 00m 56s | eta=27m 13s | loss=0.0169 | eps=0.050 | mean turn reward=+0.167 | mean episode return/seat=+4.37
iter 3457/5000 (69.14%) | elapsed=1h 00m 57s | eta=27m 12s | loss=0.0178 | eps=0.050 | mean turn reward=+0.167 | mean episode return/seat=+4.36
iter 3458/5000 (69.16%) | elapsed=1h 00m 58s | eta=27m 11s | loss=0.0164 | eps=0.050 | mean turn reward=+0.168 | mean episode return/seat=+4.44
iter 3459/5000 (69.18%) | elapsed=1h 00m 59s | eta=27m 10s | loss=0.0171 | eps=0.050 | mean turn reward=+0.167 | mean episode return/seat=+4.36
iter 3460/5000 (69.20%) | elapsed=1h 01m 01s | eta=27m 09s | loss=0.0159 | eps=0.050 | mean turn reward=+0.167 | mean episode return/seat=+4.42
iter 3461/5000 (69.22%) | elapsed=1h 01m 02s | eta=27m 08s | loss=0.0183 | eps=0.050 | mean turn reward=+0.168 | mean episode return/seat=+4.43
iter 3462/5000 (69.24%) | elapsed=1h 01m 03s | eta=27m 07s | loss=0.0146 | eps=0.050 | mean turn reward=+0.169 | mean episode return/seat=+4.45
iter 3463/5000 (69.26%) | elapsed=1h 01m 04s | eta=27m 06s | loss=0.0169 | eps=0.050 | mean turn reward=+0.165 | mean episode return/seat=+4.41
iter 3464/5000 (69.28%) | elapsed=1h 01m 05s | eta=27m 05s | loss=0.0167 | eps=0.050 | mean turn reward=+0.169 | mean episode return/seat=+4.42
iter 3465/5000 (69.30%) | elapsed=1h 01m 06s | eta=27m 04s | loss=0.0135 | eps=0.050 | mean turn reward=+0.166 | mean episode return/seat=+4.42
iter 3466/5000 (69.32%) | elapsed=1h 01m 07s | eta=27m 03s | loss=0.0171 | eps=0.050 | mean turn reward=+0.165 | mean episode return/seat=+4.35
iter 3467/5000 (69.34%) | elapsed=1h 01m 08s | eta=27m 02s | loss=0.0184 | eps=0.050 | mean turn reward=+0.169 | mean episode return/seat=+4.48
iter 3468/5000 (69.36%) | elapsed=1h 01m 09s | eta=27m 00s | loss=0.0203 | eps=0.050 | mean turn reward=+0.165 | mean episode return/seat=+4.34
iter 3469/5000 (69.38%) | elapsed=1h 01m 10s | eta=26m 59s | loss=0.0143 | eps=0.050 | mean turn reward=+0.168 | mean episode return/seat=+4.48
iter 3470/5000 (69.40%) | elapsed=1h 01m 11s | eta=26m 58s | loss=0.0162 | eps=0.050 | mean turn reward=+0.166 | mean episode return/seat=+4.30
iter 3471/5000 (69.42%) | elapsed=1h 01m 12s | eta=26m 57s | loss=0.0209 | eps=0.050 | mean turn reward=+0.166 | mean episode return/seat=+4.37
iter 3472/5000 (69.44%) | elapsed=1h 01m 13s | eta=26m 56s | loss=0.0181 | eps=0.050 | mean turn reward=+0.167 | mean episode return/seat=+4.33
iter 3473/5000 (69.46%) | elapsed=1h 01m 14s | eta=26m 55s | loss=0.0137 | eps=0.050 | mean turn reward=+0.168 | mean episode return/seat=+4.38
iter 3474/5000 (69.48%) | elapsed=1h 01m 15s | eta=26m 54s | loss=0.0186 | eps=0.050 | mean turn reward=+0.165 | mean episode return/seat=+4.38
iter 3475/5000 (69.50%) | elapsed=1h 01m 16s | eta=26m 53s | loss=0.0185 | eps=0.050 | mean turn reward=+0.168 | mean episode return/seat=+4.43
iter 3476/5000 (69.52%) | elapsed=1h 01m 18s | eta=26m 52s | loss=0.0161 | eps=0.050 | mean turn reward=+0.167 | mean episode return/seat=+4.44
iter 3477/5000 (69.54%) | elapsed=1h 01m 19s | eta=26m 51s | loss=0.0173 | eps=0.050 | mean turn reward=+0.165 | mean episode return/seat=+4.30
iter 3478/5000 (69.56%) | elapsed=1h 01m 20s | eta=26m 50s | loss=0.0158 | eps=0.050 | mean turn reward=+0.169 | mean episode return/seat=+4.51
iter 3479/5000 (69.58%) | elapsed=1h 01m 21s | eta=26m 49s | loss=0.0195 | eps=0.050 | mean turn reward=+0.166 | mean episode return/seat=+4.41
iter 3480/5000 (69.60%) | elapsed=1h 01m 22s | eta=26m 48s | loss=0.0176 | eps=0.050 | mean turn reward=+0.167 | mean episode return/seat=+4.34
iter 3481/5000 (69.62%) | elapsed=1h 01m 23s | eta=26m 47s | loss=0.0166 | eps=0.050 | mean turn reward=+0.165 | mean episode return/seat=+4.34
iter 3482/5000 (69.64%) | elapsed=1h 01m 24s | eta=26m 46s | loss=0.0162 | eps=0.050 | mean turn reward=+0.166 | mean episode return/seat=+4.35
iter 3483/5000 (69.66%) | elapsed=1h 01m 25s | eta=26m 45s | loss=0.0155 | eps=0.050 | mean turn reward=+0.165 | mean episode return/seat=+4.34
iter 3484/5000 (69.68%) | elapsed=1h 01m 26s | eta=26m 44s | loss=0.0173 | eps=0.050 | mean turn reward=+0.168 | mean episode return/seat=+4.38
iter 3485/5000 (69.70%) | elapsed=1h 01m 27s | eta=26m 43s | loss=0.0152 | eps=0.050 | mean turn reward=+0.167 | mean episode return/seat=+4.41
iter 3486/5000 (69.72%) | elapsed=1h 01m 28s | eta=26m 42s | loss=0.0147 | eps=0.050 | mean turn reward=+0.164 | mean episode return/seat=+4.27
iter 3487/5000 (69.74%) | elapsed=1h 01m 29s | eta=26m 40s | loss=0.0157 | eps=0.050 | mean turn reward=+0.167 | mean episode return/seat=+4.38
iter 3488/5000 (69.76%) | elapsed=1h 01m 30s | eta=26m 39s | loss=0.0174 | eps=0.050 | mean turn reward=+0.166 | mean episode return/seat=+4.35
iter 3489/5000 (69.78%) | elapsed=1h 01m 32s | eta=26m 38s | loss=0.0171 | eps=0.050 | mean turn reward=+0.169 | mean episode return/seat=+4.49
iter 3490/5000 (69.80%) | elapsed=1h 01m 33s | eta=26m 37s | loss=0.0151 | eps=0.050 | mean turn reward=+0.169 | mean episode return/seat=+4.47
iter 3491/5000 (69.82%) | elapsed=1h 01m 34s | eta=26m 36s | loss=0.0165 | eps=0.050 | mean turn reward=+0.164 | mean episode return/seat=+4.32
iter 3492/5000 (69.84%) | elapsed=1h 01m 35s | eta=26m 35s | loss=0.0151 | eps=0.050 | mean turn reward=+0.166 | mean episode return/seat=+4.37
iter 3493/5000 (69.86%) | elapsed=1h 01m 36s | eta=26m 34s | loss=0.0157 | eps=0.050 | mean turn reward=+0.167 | mean episode return/seat=+4.42
iter 3494/5000 (69.88%) | elapsed=1h 01m 37s | eta=26m 33s | loss=0.0173 | eps=0.050 | mean turn reward=+0.165 | mean episode return/seat=+4.36
iter 3495/5000 (69.90%) | elapsed=1h 01m 38s | eta=26m 32s | loss=0.0160 | eps=0.050 | mean turn reward=+0.167 | mean episode return/seat=+4.37
iter 3496/5000 (69.92%) | elapsed=1h 01m 39s | eta=26m 31s | loss=0.0155 | eps=0.050 | mean turn reward=+0.169 | mean episode return/seat=+4.49
iter 3497/5000 (69.94%) | elapsed=1h 01m 40s | eta=26m 30s | loss=0.0186 | eps=0.050 | mean turn reward=+0.168 | mean episode return/seat=+4.48
iter 3498/5000 (69.96%) | elapsed=1h 01m 41s | eta=26m 29s | loss=0.0169 | eps=0.050 | mean turn reward=+0.168 | mean episode return/seat=+4.42
iter 3499/5000 (69.98%) | elapsed=1h 01m 42s | eta=26m 28s | loss=0.0184 | eps=0.050 | mean turn reward=+0.167 | mean episode return/seat=+4.32
iter 3500/5000 (70.00%) | elapsed=1h 01m 43s | eta=26m 27s | loss=0.0181 | eps=0.050 | mean turn reward=+0.168 | mean episode return/seat=+4.38
iter 3501/5000 (70.02%) | elapsed=1h 01m 44s | eta=26m 26s | loss=0.0162 | eps=0.050 | mean turn reward=+0.168 | mean episode return/seat=+4.44
iter 3502/5000 (70.04%) | elapsed=1h 01m 46s | eta=26m 25s | loss=0.0165 | eps=0.050 | mean turn reward=+0.166 | mean episode return/seat=+4.38
iter 3503/5000 (70.06%) | elapsed=1h 01m 47s | eta=26m 24s | loss=0.0159 | eps=0.050 | mean turn reward=+0.172 | mean episode return/seat=+4.56
iter 3504/5000 (70.08%) | elapsed=1h 01m 48s | eta=26m 23s | loss=0.0155 | eps=0.050 | mean turn reward=+0.164 | mean episode return/seat=+4.32
iter 3505/5000 (70.10%) | elapsed=1h 01m 49s | eta=26m 22s | loss=0.0150 | eps=0.050 | mean turn reward=+0.165 | mean episode return/seat=+4.30
iter 3506/5000 (70.12%) | elapsed=1h 01m 50s | eta=26m 21s | loss=0.0164 | eps=0.050 | mean turn reward=+0.168 | mean episode return/seat=+4.43
iter 3507/5000 (70.14%) | elapsed=1h 01m 51s | eta=26m 20s | loss=0.0165 | eps=0.050 | mean turn reward=+0.168 | mean episode return/seat=+4.47
iter 3508/5000 (70.16%) | elapsed=1h 01m 52s | eta=26m 19s | loss=0.0201 | eps=0.050 | mean turn reward=+0.168 | mean episode return/seat=+4.37
iter 3509/5000 (70.18%) | elapsed=1h 01m 53s | eta=26m 17s | loss=0.0172 | eps=0.050 | mean turn reward=+0.166 | mean episode return/seat=+4.37
iter 3510/5000 (70.20%) | elapsed=1h 01m 54s | eta=26m 16s | loss=0.0171 | eps=0.050 | mean turn reward=+0.165 | mean episode return/seat=+4.31
iter 3511/5000 (70.22%) | elapsed=1h 01m 55s | eta=26m 15s | loss=0.0159 | eps=0.050 | mean turn reward=+0.163 | mean episode return/seat=+4.26
iter 3512/5000 (70.24%) | elapsed=1h 01m 56s | eta=26m 14s | loss=0.0142 | eps=0.050 | mean turn reward=+0.166 | mean episode return/seat=+4.34
iter 3513/5000 (70.26%) | elapsed=1h 01m 57s | eta=26m 13s | loss=0.0186 | eps=0.050 | mean turn reward=+0.167 | mean episode return/seat=+4.41
iter 3514/5000 (70.28%) | elapsed=1h 01m 58s | eta=26m 12s | loss=0.0187 | eps=0.050 | mean turn reward=+0.165 | mean episode return/seat=+4.36
iter 3515/5000 (70.30%) | elapsed=1h 01m 59s | eta=26m 11s | loss=0.0175 | eps=0.050 | mean turn reward=+0.164 | mean episode return/seat=+4.38
iter 3516/5000 (70.32%) | elapsed=1h 02m 00s | eta=26m 10s | loss=0.0151 | eps=0.050 | mean turn reward=+0.164 | mean episode return/seat=+4.23
iter 3517/5000 (70.34%) | elapsed=1h 02m 01s | eta=26m 09s | loss=0.0179 | eps=0.050 | mean turn reward=+0.165 | mean episode return/seat=+4.34
iter 3518/5000 (70.36%) | elapsed=1h 02m 02s | eta=26m 08s | loss=0.0157 | eps=0.050 | mean turn reward=+0.165 | mean episode return/seat=+4.39
iter 3519/5000 (70.38%) | elapsed=1h 02m 04s | eta=26m 07s | loss=0.0162 | eps=0.050 | mean turn reward=+0.168 | mean episode return/seat=+4.41
iter 3520/5000 (70.40%) | elapsed=1h 02m 05s | eta=26m 06s | loss=0.0176 | eps=0.050 | mean turn reward=+0.167 | mean episode return/seat=+4.46
iter 3521/5000 (70.42%) | elapsed=1h 02m 06s | eta=26m 05s | loss=0.0155 | eps=0.050 | mean turn reward=+0.167 | mean episode return/seat=+4.39
iter 3522/5000 (70.44%) | elapsed=1h 02m 07s | eta=26m 04s | loss=0.0165 | eps=0.050 | mean turn reward=+0.168 | mean episode return/seat=+4.39
iter 3523/5000 (70.46%) | elapsed=1h 02m 08s | eta=26m 03s | loss=0.0171 | eps=0.050 | mean turn reward=+0.163 | mean episode return/seat=+4.26
iter 3524/5000 (70.48%) | elapsed=1h 02m 09s | eta=26m 02s | loss=0.0156 | eps=0.050 | mean turn reward=+0.168 | mean episode return/seat=+4.46
iter 3525/5000 (70.50%) | elapsed=1h 02m 10s | eta=26m 00s | loss=0.0180 | eps=0.050 | mean turn reward=+0.167 | mean episode return/seat=+4.44
iter 3526/5000 (70.52%) | elapsed=1h 02m 11s | eta=25m 59s | loss=0.0160 | eps=0.050 | mean turn reward=+0.168 | mean episode return/seat=+4.45
iter 3527/5000 (70.54%) | elapsed=1h 02m 12s | eta=25m 58s | loss=0.0161 | eps=0.050 | mean turn reward=+0.166 | mean episode return/seat=+4.32
iter 3528/5000 (70.56%) | elapsed=1h 02m 13s | eta=25m 57s | loss=0.0174 | eps=0.050 | mean turn reward=+0.166 | mean episode return/seat=+4.28
iter 3529/5000 (70.58%) | elapsed=1h 02m 14s | eta=25m 56s | loss=0.0162 | eps=0.050 | mean turn reward=+0.167 | mean episode return/seat=+4.39
iter 3530/5000 (70.60%) | elapsed=1h 02m 15s | eta=25m 55s | loss=0.0145 | eps=0.050 | mean turn reward=+0.169 | mean episode return/seat=+4.45
iter 3531/5000 (70.62%) | elapsed=1h 02m 16s | eta=25m 54s | loss=0.0152 | eps=0.050 | mean turn reward=+0.170 | mean episode return/seat=+4.52
iter 3532/5000 (70.64%) | elapsed=1h 02m 17s | eta=25m 53s | loss=0.0151 | eps=0.050 | mean turn reward=+0.167 | mean episode return/seat=+4.41
iter 3533/5000 (70.66%) | elapsed=1h 02m 18s | eta=25m 52s | loss=0.0170 | eps=0.050 | mean turn reward=+0.165 | mean episode return/seat=+4.28
iter 3534/5000 (70.68%) | elapsed=1h 02m 20s | eta=25m 51s | loss=0.0157 | eps=0.050 | mean turn reward=+0.168 | mean episode return/seat=+4.43
iter 3535/5000 (70.70%) | elapsed=1h 02m 21s | eta=25m 50s | loss=0.0146 | eps=0.050 | mean turn reward=+0.169 | mean episode return/seat=+4.45
iter 3536/5000 (70.72%) | elapsed=1h 02m 22s | eta=25m 49s | loss=0.0152 | eps=0.050 | mean turn reward=+0.169 | mean episode return/seat=+4.44
iter 3537/5000 (70.74%) | elapsed=1h 02m 23s | eta=25m 48s | loss=0.0156 | eps=0.050 | mean turn reward=+0.167 | mean episode return/seat=+4.44
iter 3538/5000 (70.76%) | elapsed=1h 02m 24s | eta=25m 47s | loss=0.0160 | eps=0.050 | mean turn reward=+0.167 | mean episode return/seat=+4.39
iter 3539/5000 (70.78%) | elapsed=1h 02m 25s | eta=25m 46s | loss=0.0195 | eps=0.050 | mean turn reward=+0.168 | mean episode return/seat=+4.41
iter 3540/5000 (70.80%) | elapsed=1h 02m 26s | eta=25m 45s | loss=0.0157 | eps=0.050 | mean turn reward=+0.168 | mean episode return/seat=+4.42
iter 3541/5000 (70.82%) | elapsed=1h 02m 27s | eta=25m 44s | loss=0.0172 | eps=0.050 | mean turn reward=+0.167 | mean episode return/seat=+4.37
iter 3542/5000 (70.84%) | elapsed=1h 02m 28s | eta=25m 43s | loss=0.0166 | eps=0.050 | mean turn reward=+0.166 | mean episode return/seat=+4.40
iter 3543/5000 (70.86%) | elapsed=1h 02m 29s | eta=25m 41s | loss=0.0162 | eps=0.050 | mean turn reward=+0.165 | mean episode return/seat=+4.35
iter 3544/5000 (70.88%) | elapsed=1h 02m 30s | eta=25m 40s | loss=0.0155 | eps=0.050 | mean turn reward=+0.164 | mean episode return/seat=+4.31
iter 3545/5000 (70.90%) | elapsed=1h 02m 31s | eta=25m 39s | loss=0.0198 | eps=0.050 | mean turn reward=+0.168 | mean episode return/seat=+4.41
iter 3546/5000 (70.92%) | elapsed=1h 02m 32s | eta=25m 38s | loss=0.0176 | eps=0.050 | mean turn reward=+0.170 | mean episode return/seat=+4.54
iter 3547/5000 (70.94%) | elapsed=1h 02m 33s | eta=25m 37s | loss=0.0167 | eps=0.050 | mean turn reward=+0.167 | mean episode return/seat=+4.37
iter 3548/5000 (70.96%) | elapsed=1h 02m 35s | eta=25m 36s | loss=0.0144 | eps=0.050 | mean turn reward=+0.167 | mean episode return/seat=+4.47
iter 3549/5000 (70.98%) | elapsed=1h 02m 36s | eta=25m 35s | loss=0.0170 | eps=0.050 | mean turn reward=+0.169 | mean episode return/seat=+4.45
iter 3550/5000 (71.00%) | elapsed=1h 02m 37s | eta=25m 34s | loss=0.0180 | eps=0.050 | mean turn reward=+0.167 | mean episode return/seat=+4.40
iter 3551/5000 (71.02%) | elapsed=1h 02m 38s | eta=25m 33s | loss=0.0156 | eps=0.050 | mean turn reward=+0.169 | mean episode return/seat=+4.45
iter 3552/5000 (71.04%) | elapsed=1h 02m 39s | eta=25m 32s | loss=0.0196 | eps=0.050 | mean turn reward=+0.168 | mean episode return/seat=+4.41
iter 3553/5000 (71.06%) | elapsed=1h 02m 40s | eta=25m 31s | loss=0.0183 | eps=0.050 | mean turn reward=+0.168 | mean episode return/seat=+4.43
iter 3554/5000 (71.08%) | elapsed=1h 02m 41s | eta=25m 30s | loss=0.0173 | eps=0.050 | mean turn reward=+0.167 | mean episode return/seat=+4.39
iter 3555/5000 (71.10%) | elapsed=1h 02m 42s | eta=25m 29s | loss=0.0159 | eps=0.050 | mean turn reward=+0.168 | mean episode return/seat=+4.41
iter 3556/5000 (71.12%) | elapsed=1h 02m 43s | eta=25m 28s | loss=0.0142 | eps=0.050 | mean turn reward=+0.168 | mean episode return/seat=+4.43
iter 3557/5000 (71.14%) | elapsed=1h 02m 44s | eta=25m 27s | loss=0.0170 | eps=0.050 | mean turn reward=+0.166 | mean episode return/seat=+4.41
iter 3558/5000 (71.16%) | elapsed=1h 02m 45s | eta=25m 26s | loss=0.0176 | eps=0.050 | mean turn reward=+0.166 | mean episode return/seat=+4.40
iter 3559/5000 (71.18%) | elapsed=1h 02m 46s | eta=25m 25s | loss=0.0168 | eps=0.050 | mean turn reward=+0.166 | mean episode return/seat=+4.37
iter 3560/5000 (71.20%) | elapsed=1h 02m 47s | eta=25m 24s | loss=0.0143 | eps=0.050 | mean turn reward=+0.168 | mean episode return/seat=+4.43
iter 3561/5000 (71.22%) | elapsed=1h 02m 48s | eta=25m 22s | loss=0.0173 | eps=0.050 | mean turn reward=+0.166 | mean episode return/seat=+4.36
iter 3562/5000 (71.24%) | elapsed=1h 02m 49s | eta=25m 21s | loss=0.0165 | eps=0.050 | mean turn reward=+0.168 | mean episode return/seat=+4.42
iter 3563/5000 (71.26%) | elapsed=1h 02m 50s | eta=25m 20s | loss=0.0177 | eps=0.050 | mean turn reward=+0.167 | mean episode return/seat=+4.41
iter 3564/5000 (71.28%) | elapsed=1h 02m 51s | eta=25m 19s | loss=0.0184 | eps=0.050 | mean turn reward=+0.167 | mean episode return/seat=+4.36
iter 3565/5000 (71.30%) | elapsed=1h 02m 52s | eta=25m 18s | loss=0.0175 | eps=0.050 | mean turn reward=+0.166 | mean episode return/seat=+4.42
iter 3566/5000 (71.32%) | elapsed=1h 02m 54s | eta=25m 17s | loss=0.0169 | eps=0.050 | mean turn reward=+0.168 | mean episode return/seat=+4.43
iter 3567/5000 (71.34%) | elapsed=1h 02m 55s | eta=25m 16s | loss=0.0165 | eps=0.050 | mean turn reward=+0.166 | mean episode return/seat=+4.45
iter 3568/5000 (71.36%) | elapsed=1h 02m 56s | eta=25m 15s | loss=0.0165 | eps=0.050 | mean turn reward=+0.169 | mean episode return/seat=+4.52
iter 3569/5000 (71.38%) | elapsed=1h 02m 57s | eta=25m 14s | loss=0.0154 | eps=0.050 | mean turn reward=+0.165 | mean episode return/seat=+4.32
iter 3570/5000 (71.40%) | elapsed=1h 02m 58s | eta=25m 13s | loss=0.0183 | eps=0.050 | mean turn reward=+0.167 | mean episode return/seat=+4.41
iter 3571/5000 (71.42%) | elapsed=1h 02m 59s | eta=25m 12s | loss=0.0169 | eps=0.050 | mean turn reward=+0.166 | mean episode return/seat=+4.32
iter 3572/5000 (71.44%) | elapsed=1h 03m 00s | eta=25m 11s | loss=0.0156 | eps=0.050 | mean turn reward=+0.166 | mean episode return/seat=+4.39
iter 3573/5000 (71.46%) | elapsed=1h 03m 01s | eta=25m 10s | loss=0.0154 | eps=0.050 | mean turn reward=+0.167 | mean episode return/seat=+4.41
iter 3574/5000 (71.48%) | elapsed=1h 03m 02s | eta=25m 09s | loss=0.0176 | eps=0.050 | mean turn reward=+0.166 | mean episode return/seat=+4.37
iter 3575/5000 (71.50%) | elapsed=1h 03m 03s | eta=25m 08s | loss=0.0170 | eps=0.050 | mean turn reward=+0.166 | mean episode return/seat=+4.37
iter 3576/5000 (71.52%) | elapsed=1h 03m 04s | eta=25m 07s | loss=0.0160 | eps=0.050 | mean turn reward=+0.165 | mean episode return/seat=+4.31
iter 3577/5000 (71.54%) | elapsed=1h 03m 05s | eta=25m 06s | loss=0.0216 | eps=0.050 | mean turn reward=+0.170 | mean episode return/seat=+4.52
iter 3578/5000 (71.56%) | elapsed=1h 03m 06s | eta=25m 04s | loss=0.0152 | eps=0.050 | mean turn reward=+0.166 | mean episode return/seat=+4.31
iter 3579/5000 (71.58%) | elapsed=1h 03m 07s | eta=25m 03s | loss=0.0149 | eps=0.050 | mean turn reward=+0.167 | mean episode return/seat=+4.43
iter 3580/5000 (71.60%) | elapsed=1h 03m 08s | eta=25m 02s | loss=0.0159 | eps=0.050 | mean turn reward=+0.167 | mean episode return/seat=+4.39
iter 3581/5000 (71.62%) | elapsed=1h 03m 09s | eta=25m 01s | loss=0.0174 | eps=0.050 | mean turn reward=+0.167 | mean episode return/seat=+4.38
iter 3582/5000 (71.64%) | elapsed=1h 03m 11s | eta=25m 00s | loss=0.0140 | eps=0.050 | mean turn reward=+0.166 | mean episode return/seat=+4.39
iter 3583/5000 (71.66%) | elapsed=1h 03m 12s | eta=24m 59s | loss=0.0160 | eps=0.050 | mean turn reward=+0.167 | mean episode return/seat=+4.37
iter 3584/5000 (71.68%) | elapsed=1h 03m 13s | eta=24m 58s | loss=0.0174 | eps=0.050 | mean turn reward=+0.169 | mean episode return/seat=+4.43
iter 3585/5000 (71.70%) | elapsed=1h 03m 14s | eta=24m 57s | loss=0.0194 | eps=0.050 | mean turn reward=+0.167 | mean episode return/seat=+4.45
iter 3586/5000 (71.72%) | elapsed=1h 03m 15s | eta=24m 56s | loss=0.0156 | eps=0.050 | mean turn reward=+0.165 | mean episode return/seat=+4.34
iter 3587/5000 (71.74%) | elapsed=1h 03m 16s | eta=24m 55s | loss=0.0154 | eps=0.050 | mean turn reward=+0.165 | mean episode return/seat=+4.32
iter 3588/5000 (71.76%) | elapsed=1h 03m 17s | eta=24m 54s | loss=0.0168 | eps=0.050 | mean turn reward=+0.169 | mean episode return/seat=+4.49
iter 3589/5000 (71.78%) | elapsed=1h 03m 18s | eta=24m 53s | loss=0.0153 | eps=0.050 | mean turn reward=+0.169 | mean episode return/seat=+4.42
iter 3590/5000 (71.80%) | elapsed=1h 03m 19s | eta=24m 52s | loss=0.0158 | eps=0.050 | mean turn reward=+0.169 | mean episode return/seat=+4.45
iter 3591/5000 (71.82%) | elapsed=1h 03m 20s | eta=24m 51s | loss=0.0162 | eps=0.050 | mean turn reward=+0.167 | mean episode return/seat=+4.36
iter 3592/5000 (71.84%) | elapsed=1h 03m 21s | eta=24m 50s | loss=0.0143 | eps=0.050 | mean turn reward=+0.168 | mean episode return/seat=+4.45
iter 3593/5000 (71.86%) | elapsed=1h 03m 22s | eta=24m 49s | loss=0.0150 | eps=0.050 | mean turn reward=+0.167 | mean episode return/seat=+4.40
iter 3594/5000 (71.88%) | elapsed=1h 03m 23s | eta=24m 47s | loss=0.0169 | eps=0.050 | mean turn reward=+0.169 | mean episode return/seat=+4.44
iter 3595/5000 (71.90%) | elapsed=1h 03m 24s | eta=24m 46s | loss=0.0174 | eps=0.050 | mean turn reward=+0.168 | mean episode return/seat=+4.43
iter 3596/5000 (71.92%) | elapsed=1h 03m 25s | eta=24m 45s | loss=0.0164 | eps=0.050 | mean turn reward=+0.168 | mean episode return/seat=+4.43
iter 3597/5000 (71.94%) | elapsed=1h 03m 26s | eta=24m 44s | loss=0.0153 | eps=0.050 | mean turn reward=+0.169 | mean episode return/seat=+4.45
iter 3598/5000 (71.96%) | elapsed=1h 03m 27s | eta=24m 43s | loss=0.0173 | eps=0.050 | mean turn reward=+0.166 | mean episode return/seat=+4.32
iter 3599/5000 (71.98%) | elapsed=1h 03m 28s | eta=24m 42s | loss=0.0161 | eps=0.050 | mean turn reward=+0.166 | mean episode return/seat=+4.37
iter 3600/5000 (72.00%) | elapsed=1h 03m 29s | eta=24m 41s | loss=0.0155 | eps=0.050 | mean turn reward=+0.167 | mean episode return/seat=+4.42
iter 3601/5000 (72.02%) | elapsed=1h 03m 31s | eta=24m 40s | loss=0.0158 | eps=0.050 | mean turn reward=+0.168 | mean episode return/seat=+4.44
iter 3602/5000 (72.04%) | elapsed=1h 03m 32s | eta=24m 39s | loss=0.0143 | eps=0.050 | mean turn reward=+0.167 | mean episode return/seat=+4.39
iter 3603/5000 (72.06%) | elapsed=1h 03m 33s | eta=24m 38s | loss=0.0190 | eps=0.050 | mean turn reward=+0.167 | mean episode return/seat=+4.42
iter 3604/5000 (72.08%) | elapsed=1h 03m 34s | eta=24m 37s | loss=0.0146 | eps=0.050 | mean turn reward=+0.167 | mean episode return/seat=+4.38
iter 3605/5000 (72.10%) | elapsed=1h 03m 35s | eta=24m 36s | loss=0.0177 | eps=0.050 | mean turn reward=+0.167 | mean episode return/seat=+4.37
iter 3606/5000 (72.12%) | elapsed=1h 03m 36s | eta=24m 35s | loss=0.0157 | eps=0.050 | mean turn reward=+0.166 | mean episode return/seat=+4.36
iter 3607/5000 (72.14%) | elapsed=1h 03m 37s | eta=24m 34s | loss=0.0157 | eps=0.050 | mean turn reward=+0.165 | mean episode return/seat=+4.34
iter 3608/5000 (72.16%) | elapsed=1h 03m 38s | eta=24m 33s | loss=0.0180 | eps=0.050 | mean turn reward=+0.168 | mean episode return/seat=+4.40
iter 3609/5000 (72.18%) | elapsed=1h 03m 39s | eta=24m 32s | loss=0.0162 | eps=0.050 | mean turn reward=+0.167 | mean episode return/seat=+4.44
iter 3610/5000 (72.20%) | elapsed=1h 03m 40s | eta=24m 31s | loss=0.0171 | eps=0.050 | mean turn reward=+0.169 | mean episode return/seat=+4.50
iter 3611/5000 (72.22%) | elapsed=1h 03m 41s | eta=24m 30s | loss=0.0182 | eps=0.050 | mean turn reward=+0.167 | mean episode return/seat=+4.40
iter 3612/5000 (72.24%) | elapsed=1h 03m 42s | eta=24m 29s | loss=0.0168 | eps=0.050 | mean turn reward=+0.168 | mean episode return/seat=+4.48
iter 3613/5000 (72.26%) | elapsed=1h 03m 43s | eta=24m 27s | loss=0.0155 | eps=0.050 | mean turn reward=+0.169 | mean episode return/seat=+4.47
iter 3614/5000 (72.28%) | elapsed=1h 03m 45s | eta=24m 26s | loss=0.0183 | eps=0.050 | mean turn reward=+0.166 | mean episode return/seat=+4.40
iter 3615/5000 (72.30%) | elapsed=1h 03m 46s | eta=24m 25s | loss=0.0139 | eps=0.050 | mean turn reward=+0.167 | mean episode return/seat=+4.38
iter 3616/5000 (72.32%) | elapsed=1h 03m 47s | eta=24m 24s | loss=0.0171 | eps=0.050 | mean turn reward=+0.166 | mean episode return/seat=+4.39
iter 3617/5000 (72.34%) | elapsed=1h 03m 48s | eta=24m 23s | loss=0.0149 | eps=0.050 | mean turn reward=+0.169 | mean episode return/seat=+4.46
iter 3618/5000 (72.36%) | elapsed=1h 03m 49s | eta=24m 22s | loss=0.0171 | eps=0.050 | mean turn reward=+0.168 | mean episode return/seat=+4.46
iter 3619/5000 (72.38%) | elapsed=1h 03m 50s | eta=24m 21s | loss=0.0155 | eps=0.050 | mean turn reward=+0.166 | mean episode return/seat=+4.35
iter 3620/5000 (72.40%) | elapsed=1h 03m 51s | eta=24m 20s | loss=0.0165 | eps=0.050 | mean turn reward=+0.165 | mean episode return/seat=+4.33
iter 3621/5000 (72.42%) | elapsed=1h 03m 52s | eta=24m 19s | loss=0.0150 | eps=0.050 | mean turn reward=+0.168 | mean episode return/seat=+4.44
iter 3622/5000 (72.44%) | elapsed=1h 03m 53s | eta=24m 18s | loss=0.0155 | eps=0.050 | mean turn reward=+0.165 | mean episode return/seat=+4.32
iter 3623/5000 (72.46%) | elapsed=1h 03m 54s | eta=24m 17s | loss=0.0149 | eps=0.050 | mean turn reward=+0.167 | mean episode return/seat=+4.35
iter 3624/5000 (72.48%) | elapsed=1h 03m 55s | eta=24m 16s | loss=0.0192 | eps=0.050 | mean turn reward=+0.168 | mean episode return/seat=+4.37
iter 3625/5000 (72.50%) | elapsed=1h 03m 56s | eta=24m 15s | loss=0.0186 | eps=0.050 | mean turn reward=+0.166 | mean episode return/seat=+4.36
iter 3626/5000 (72.52%) | elapsed=1h 03m 57s | eta=24m 14s | loss=0.0173 | eps=0.050 | mean turn reward=+0.169 | mean episode return/seat=+4.51
iter 3627/5000 (72.54%) | elapsed=1h 03m 58s | eta=24m 13s | loss=0.0166 | eps=0.050 | mean turn reward=+0.168 | mean episode return/seat=+4.39
iter 3628/5000 (72.56%) | elapsed=1h 04m 00s | eta=24m 12s | loss=0.0153 | eps=0.050 | mean turn reward=+0.168 | mean episode return/seat=+4.47
iter 3629/5000 (72.58%) | elapsed=1h 04m 01s | eta=24m 11s | loss=0.0161 | eps=0.050 | mean turn reward=+0.166 | mean episode return/seat=+4.40
iter 3630/5000 (72.60%) | elapsed=1h 04m 02s | eta=24m 10s | loss=0.0154 | eps=0.050 | mean turn reward=+0.167 | mean episode return/seat=+4.39
iter 3631/5000 (72.62%) | elapsed=1h 04m 03s | eta=24m 09s | loss=0.0162 | eps=0.050 | mean turn reward=+0.166 | mean episode return/seat=+4.35
iter 3632/5000 (72.64%) | elapsed=1h 04m 04s | eta=24m 08s | loss=0.0148 | eps=0.050 | mean turn reward=+0.167 | mean episode return/seat=+4.48
iter 3633/5000 (72.66%) | elapsed=1h 04m 05s | eta=24m 06s | loss=0.0163 | eps=0.050 | mean turn reward=+0.167 | mean episode return/seat=+4.37
iter 3634/5000 (72.68%) | elapsed=1h 04m 06s | eta=24m 05s | loss=0.0154 | eps=0.050 | mean turn reward=+0.166 | mean episode return/seat=+4.38
iter 3635/5000 (72.70%) | elapsed=1h 04m 07s | eta=24m 04s | loss=0.0176 | eps=0.050 | mean turn reward=+0.168 | mean episode return/seat=+4.47
iter 3636/5000 (72.72%) | elapsed=1h 04m 08s | eta=24m 03s | loss=0.0152 | eps=0.050 | mean turn reward=+0.168 | mean episode return/seat=+4.40
iter 3637/5000 (72.74%) | elapsed=1h 04m 09s | eta=24m 02s | loss=0.0173 | eps=0.050 | mean turn reward=+0.167 | mean episode return/seat=+4.41
iter 3638/5000 (72.76%) | elapsed=1h 04m 10s | eta=24m 01s | loss=0.0163 | eps=0.050 | mean turn reward=+0.167 | mean episode return/seat=+4.34
iter 3639/5000 (72.78%) | elapsed=1h 04m 11s | eta=24m 00s | loss=0.0151 | eps=0.050 | mean turn reward=+0.165 | mean episode return/seat=+4.31
iter 3640/5000 (72.80%) | elapsed=1h 04m 12s | eta=23m 59s | loss=0.0174 | eps=0.050 | mean turn reward=+0.169 | mean episode return/seat=+4.47
iter 3641/5000 (72.82%) | elapsed=1h 04m 14s | eta=23m 58s | loss=0.0168 | eps=0.050 | mean turn reward=+0.167 | mean episode return/seat=+4.38
iter 3642/5000 (72.84%) | elapsed=1h 04m 15s | eta=23m 57s | loss=0.0174 | eps=0.050 | mean turn reward=+0.169 | mean episode return/seat=+4.46
iter 3643/5000 (72.86%) | elapsed=1h 04m 16s | eta=23m 56s | loss=0.0137 | eps=0.050 | mean turn reward=+0.164 | mean episode return/seat=+4.36
iter 3644/5000 (72.88%) | elapsed=1h 04m 17s | eta=23m 55s | loss=0.0199 | eps=0.050 | mean turn reward=+0.166 | mean episode return/seat=+4.30
iter 3645/5000 (72.90%) | elapsed=1h 04m 18s | eta=23m 54s | loss=0.0179 | eps=0.050 | mean turn reward=+0.167 | mean episode return/seat=+4.43
iter 3646/5000 (72.92%) | elapsed=1h 04m 19s | eta=23m 53s | loss=0.0158 | eps=0.050 | mean turn reward=+0.167 | mean episode return/seat=+4.40
iter 3647/5000 (72.94%) | elapsed=1h 04m 20s | eta=23m 52s | loss=0.0165 | eps=0.050 | mean turn reward=+0.168 | mean episode return/seat=+4.36
iter 3648/5000 (72.96%) | elapsed=1h 04m 21s | eta=23m 51s | loss=0.0166 | eps=0.050 | mean turn reward=+0.167 | mean episode return/seat=+4.42
iter 3649/5000 (72.98%) | elapsed=1h 04m 22s | eta=23m 50s | loss=0.0166 | eps=0.050 | mean turn reward=+0.166 | mean episode return/seat=+4.40
iter 3650/5000 (73.00%) | elapsed=1h 04m 23s | eta=23m 49s | loss=0.0175 | eps=0.050 | mean turn reward=+0.168 | mean episode return/seat=+4.43
iter 3651/5000 (73.02%) | elapsed=1h 04m 24s | eta=23m 48s | loss=0.0178 | eps=0.050 | mean turn reward=+0.169 | mean episode return/seat=+4.54
iter 3652/5000 (73.04%) | elapsed=1h 04m 25s | eta=23m 46s | loss=0.0193 | eps=0.050 | mean turn reward=+0.169 | mean episode return/seat=+4.42
iter 3653/5000 (73.06%) | elapsed=1h 04m 27s | eta=23m 45s | loss=0.0190 | eps=0.050 | mean turn reward=+0.167 | mean episode return/seat=+4.33
iter 3654/5000 (73.08%) | elapsed=1h 04m 28s | eta=23m 44s | loss=0.0152 | eps=0.050 | mean turn reward=+0.165 | mean episode return/seat=+4.31
iter 3655/5000 (73.10%) | elapsed=1h 04m 29s | eta=23m 43s | loss=0.0174 | eps=0.050 | mean turn reward=+0.166 | mean episode return/seat=+4.35
iter 3656/5000 (73.12%) | elapsed=1h 04m 30s | eta=23m 42s | loss=0.0150 | eps=0.050 | mean turn reward=+0.167 | mean episode return/seat=+4.40
iter 3657/5000 (73.14%) | elapsed=1h 04m 31s | eta=23m 41s | loss=0.0147 | eps=0.050 | mean turn reward=+0.167 | mean episode return/seat=+4.38
iter 3658/5000 (73.16%) | elapsed=1h 04m 32s | eta=23m 40s | loss=0.0169 | eps=0.050 | mean turn reward=+0.167 | mean episode return/seat=+4.38
iter 3659/5000 (73.18%) | elapsed=1h 04m 33s | eta=23m 39s | loss=0.0178 | eps=0.050 | mean turn reward=+0.167 | mean episode return/seat=+4.38
iter 3660/5000 (73.20%) | elapsed=1h 04m 34s | eta=23m 38s | loss=0.0170 | eps=0.050 | mean turn reward=+0.167 | mean episode return/seat=+4.40
iter 3661/5000 (73.22%) | elapsed=1h 04m 35s | eta=23m 37s | loss=0.0169 | eps=0.050 | mean turn reward=+0.168 | mean episode return/seat=+4.41
iter 3662/5000 (73.24%) | elapsed=1h 04m 36s | eta=23m 36s | loss=0.0175 | eps=0.050 | mean turn reward=+0.168 | mean episode return/seat=+4.43
iter 3663/5000 (73.26%) | elapsed=1h 04m 37s | eta=23m 35s | loss=0.0168 | eps=0.050 | mean turn reward=+0.165 | mean episode return/seat=+4.31
iter 3664/5000 (73.28%) | elapsed=1h 04m 39s | eta=23m 34s | loss=0.0146 | eps=0.050 | mean turn reward=+0.168 | mean episode return/seat=+4.46
iter 3665/5000 (73.30%) | elapsed=1h 04m 40s | eta=23m 33s | loss=0.0149 | eps=0.050 | mean turn reward=+0.169 | mean episode return/seat=+4.48
iter 3666/5000 (73.32%) | elapsed=1h 04m 41s | eta=23m 32s | loss=0.0153 | eps=0.050 | mean turn reward=+0.166 | mean episode return/seat=+4.37
iter 3667/5000 (73.34%) | elapsed=1h 04m 42s | eta=23m 31s | loss=0.0159 | eps=0.050 | mean turn reward=+0.167 | mean episode return/seat=+4.39
iter 3668/5000 (73.36%) | elapsed=1h 04m 43s | eta=23m 30s | loss=0.0179 | eps=0.050 | mean turn reward=+0.168 | mean episode return/seat=+4.46
iter 3669/5000 (73.38%) | elapsed=1h 04m 44s | eta=23m 29s | loss=0.0172 | eps=0.050 | mean turn reward=+0.170 | mean episode return/seat=+4.45
iter 3670/5000 (73.40%) | elapsed=1h 04m 45s | eta=23m 28s | loss=0.0152 | eps=0.050 | mean turn reward=+0.166 | mean episode return/seat=+4.39
iter 3671/5000 (73.42%) | elapsed=1h 04m 46s | eta=23m 27s | loss=0.0151 | eps=0.050 | mean turn reward=+0.168 | mean episode return/seat=+4.51
iter 3672/5000 (73.44%) | elapsed=1h 04m 47s | eta=23m 26s | loss=0.0139 | eps=0.050 | mean turn reward=+0.167 | mean episode return/seat=+4.38
iter 3673/5000 (73.46%) | elapsed=1h 04m 48s | eta=23m 24s | loss=0.0183 | eps=0.050 | mean turn reward=+0.168 | mean episode return/seat=+4.48
iter 3674/5000 (73.48%) | elapsed=1h 04m 49s | eta=23m 23s | loss=0.0158 | eps=0.050 | mean turn reward=+0.165 | mean episode return/seat=+4.33
iter 3675/5000 (73.50%) | elapsed=1h 04m 50s | eta=23m 22s | loss=0.0143 | eps=0.050 | mean turn reward=+0.168 | mean episode return/seat=+4.40
iter 3676/5000 (73.52%) | elapsed=1h 04m 52s | eta=23m 21s | loss=0.0164 | eps=0.050 | mean turn reward=+0.170 | mean episode return/seat=+4.52
iter 3677/5000 (73.54%) | elapsed=1h 04m 53s | eta=23m 20s | loss=0.0173 | eps=0.050 | mean turn reward=+0.168 | mean episode return/seat=+4.44
iter 3678/5000 (73.56%) | elapsed=1h 04m 54s | eta=23m 19s | loss=0.0148 | eps=0.050 | mean turn reward=+0.168 | mean episode return/seat=+4.46
iter 3679/5000 (73.58%) | elapsed=1h 04m 55s | eta=23m 18s | loss=0.0170 | eps=0.050 | mean turn reward=+0.166 | mean episode return/seat=+4.37
iter 3680/5000 (73.60%) | elapsed=1h 04m 56s | eta=23m 17s | loss=0.0149 | eps=0.050 | mean turn reward=+0.167 | mean episode return/seat=+4.42
iter 3681/5000 (73.62%) | elapsed=1h 04m 57s | eta=23m 16s | loss=0.0156 | eps=0.050 | mean turn reward=+0.165 | mean episode return/seat=+4.39
iter 3682/5000 (73.64%) | elapsed=1h 04m 58s | eta=23m 15s | loss=0.0161 | eps=0.050 | mean turn reward=+0.170 | mean episode return/seat=+4.44
iter 3683/5000 (73.66%) | elapsed=1h 04m 59s | eta=23m 14s | loss=0.0188 | eps=0.050 | mean turn reward=+0.167 | mean episode return/seat=+4.38
iter 3684/5000 (73.68%) | elapsed=1h 05m 00s | eta=23m 13s | loss=0.0149 | eps=0.050 | mean turn reward=+0.167 | mean episode return/seat=+4.41
iter 3685/5000 (73.70%) | elapsed=1h 05m 01s | eta=23m 12s | loss=0.0169 | eps=0.050 | mean turn reward=+0.166 | mean episode return/seat=+4.38
iter 3686/5000 (73.72%) | elapsed=1h 05m 02s | eta=23m 11s | loss=0.0173 | eps=0.050 | mean turn reward=+0.167 | mean episode return/seat=+4.35
iter 3687/5000 (73.74%) | elapsed=1h 05m 03s | eta=23m 10s | loss=0.0151 | eps=0.050 | mean turn reward=+0.165 | mean episode return/seat=+4.35
iter 3688/5000 (73.76%) | elapsed=1h 05m 04s | eta=23m 09s | loss=0.0164 | eps=0.050 | mean turn reward=+0.168 | mean episode return/seat=+4.46
iter 3689/5000 (73.78%) | elapsed=1h 05m 05s | eta=23m 08s | loss=0.0167 | eps=0.050 | mean turn reward=+0.165 | mean episode return/seat=+4.35
iter 3690/5000 (73.80%) | elapsed=1h 05m 06s | eta=23m 06s | loss=0.0157 | eps=0.050 | mean turn reward=+0.166 | mean episode return/seat=+4.34
iter 3691/5000 (73.82%) | elapsed=1h 05m 07s | eta=23m 05s | loss=0.0167 | eps=0.050 | mean turn reward=+0.169 | mean episode return/seat=+4.43
iter 3692/5000 (73.84%) | elapsed=1h 05m 09s | eta=23m 04s | loss=0.0167 | eps=0.050 | mean turn reward=+0.169 | mean episode return/seat=+4.49
iter 3693/5000 (73.86%) | elapsed=1h 05m 10s | eta=23m 03s | loss=0.0137 | eps=0.050 | mean turn reward=+0.167 | mean episode return/seat=+4.39
iter 3694/5000 (73.88%) | elapsed=1h 05m 11s | eta=23m 02s | loss=0.0159 | eps=0.050 | mean turn reward=+0.163 | mean episode return/seat=+4.26
iter 3695/5000 (73.90%) | elapsed=1h 05m 12s | eta=23m 01s | loss=0.0145 | eps=0.050 | mean turn reward=+0.166 | mean episode return/seat=+4.37
iter 3696/5000 (73.92%) | elapsed=1h 05m 13s | eta=23m 00s | loss=0.0177 | eps=0.050 | mean turn reward=+0.168 | mean episode return/seat=+4.41
iter 3697/5000 (73.94%) | elapsed=1h 05m 14s | eta=22m 59s | loss=0.0166 | eps=0.050 | mean turn reward=+0.164 | mean episode return/seat=+4.33
iter 3698/5000 (73.96%) | elapsed=1h 05m 15s | eta=22m 58s | loss=0.0169 | eps=0.050 | mean turn reward=+0.166 | mean episode return/seat=+4.35
iter 3699/5000 (73.98%) | elapsed=1h 05m 16s | eta=22m 57s | loss=0.0181 | eps=0.050 | mean turn reward=+0.168 | mean episode return/seat=+4.48
iter 3700/5000 (74.00%) | elapsed=1h 05m 17s | eta=22m 56s | loss=0.0164 | eps=0.050 | mean turn reward=+0.169 | mean episode return/seat=+4.41
iter 3701/5000 (74.02%) | elapsed=1h 05m 18s | eta=22m 55s | loss=0.0147 | eps=0.050 | mean turn reward=+0.168 | mean episode return/seat=+4.41
iter 3702/5000 (74.04%) | elapsed=1h 05m 19s | eta=22m 54s | loss=0.0144 | eps=0.050 | mean turn reward=+0.167 | mean episode return/seat=+4.36
iter 3703/5000 (74.06%) | elapsed=1h 05m 20s | eta=22m 53s | loss=0.0188 | eps=0.050 | mean turn reward=+0.169 | mean episode return/seat=+4.44
iter 3704/5000 (74.08%) | elapsed=1h 05m 21s | eta=22m 52s | loss=0.0165 | eps=0.050 | mean turn reward=+0.168 | mean episode return/seat=+4.42
iter 3705/5000 (74.10%) | elapsed=1h 05m 23s | eta=22m 51s | loss=0.0187 | eps=0.050 | mean turn reward=+0.170 | mean episode return/seat=+4.51
iter 3706/5000 (74.12%) | elapsed=1h 05m 24s | eta=22m 50s | loss=0.0186 | eps=0.050 | mean turn reward=+0.165 | mean episode return/seat=+4.35
iter 3707/5000 (74.14%) | elapsed=1h 05m 25s | eta=22m 49s | loss=0.0150 | eps=0.050 | mean turn reward=+0.167 | mean episode return/seat=+4.37
iter 3708/5000 (74.16%) | elapsed=1h 05m 26s | eta=22m 48s | loss=0.0183 | eps=0.050 | mean turn reward=+0.169 | mean episode return/seat=+4.44
iter 3709/5000 (74.18%) | elapsed=1h 05m 27s | eta=22m 46s | loss=0.0172 | eps=0.050 | mean turn reward=+0.168 | mean episode return/seat=+4.43
iter 3710/5000 (74.20%) | elapsed=1h 05m 28s | eta=22m 45s | loss=0.0178 | eps=0.050 | mean turn reward=+0.167 | mean episode return/seat=+4.40
iter 3711/5000 (74.22%) | elapsed=1h 05m 29s | eta=22m 44s | loss=0.0170 | eps=0.050 | mean turn reward=+0.167 | mean episode return/seat=+4.36
iter 3712/5000 (74.24%) | elapsed=1h 05m 30s | eta=22m 43s | loss=0.0147 | eps=0.050 | mean turn reward=+0.169 | mean episode return/seat=+4.50
iter 3713/5000 (74.26%) | elapsed=1h 05m 31s | eta=22m 42s | loss=0.0157 | eps=0.050 | mean turn reward=+0.166 | mean episode return/seat=+4.37
iter 3714/5000 (74.28%) | elapsed=1h 05m 32s | eta=22m 41s | loss=0.0155 | eps=0.050 | mean turn reward=+0.167 | mean episode return/seat=+4.40
iter 3715/5000 (74.30%) | elapsed=1h 05m 33s | eta=22m 40s | loss=0.0163 | eps=0.050 | mean turn reward=+0.166 | mean episode return/seat=+4.31
iter 3716/5000 (74.32%) | elapsed=1h 05m 34s | eta=22m 39s | loss=0.0165 | eps=0.050 | mean turn reward=+0.167 | mean episode return/seat=+4.38
iter 3717/5000 (74.34%) | elapsed=1h 05m 35s | eta=22m 38s | loss=0.0166 | eps=0.050 | mean turn reward=+0.168 | mean episode return/seat=+4.44
iter 3718/5000 (74.36%) | elapsed=1h 05m 36s | eta=22m 37s | loss=0.0159 | eps=0.050 | mean turn reward=+0.168 | mean episode return/seat=+4.38
iter 3719/5000 (74.38%) | elapsed=1h 05m 37s | eta=22m 36s | loss=0.0142 | eps=0.050 | mean turn reward=+0.166 | mean episode return/seat=+4.34
iter 3720/5000 (74.40%) | elapsed=1h 05m 39s | eta=22m 35s | loss=0.0179 | eps=0.050 | mean turn reward=+0.167 | mean episode return/seat=+4.38
iter 3721/5000 (74.42%) | elapsed=1h 05m 40s | eta=22m 34s | loss=0.0179 | eps=0.050 | mean turn reward=+0.168 | mean episode return/seat=+4.45
iter 3722/5000 (74.44%) | elapsed=1h 05m 41s | eta=22m 33s | loss=0.0174 | eps=0.050 | mean turn reward=+0.167 | mean episode return/seat=+4.39
iter 3723/5000 (74.46%) | elapsed=1h 05m 42s | eta=22m 32s | loss=0.0155 | eps=0.050 | mean turn reward=+0.167 | mean episode return/seat=+4.40
iter 3724/5000 (74.48%) | elapsed=1h 05m 43s | eta=22m 31s | loss=0.0177 | eps=0.050 | mean turn reward=+0.167 | mean episode return/seat=+4.35
iter 3725/5000 (74.50%) | elapsed=1h 05m 44s | eta=22m 30s | loss=0.0154 | eps=0.050 | mean turn reward=+0.168 | mean episode return/seat=+4.41
iter 3726/5000 (74.52%) | elapsed=1h 05m 45s | eta=22m 29s | loss=0.0162 | eps=0.050 | mean turn reward=+0.170 | mean episode return/seat=+4.47
iter 3727/5000 (74.54%) | elapsed=1h 05m 46s | eta=22m 28s | loss=0.0146 | eps=0.050 | mean turn reward=+0.167 | mean episode return/seat=+4.41
iter 3728/5000 (74.56%) | elapsed=1h 05m 47s | eta=22m 26s | loss=0.0174 | eps=0.050 | mean turn reward=+0.168 | mean episode return/seat=+4.44
iter 3729/5000 (74.58%) | elapsed=1h 05m 48s | eta=22m 25s | loss=0.0162 | eps=0.050 | mean turn reward=+0.166 | mean episode return/seat=+4.32
iter 3730/5000 (74.60%) | elapsed=1h 05m 49s | eta=22m 24s | loss=0.0175 | eps=0.050 | mean turn reward=+0.163 | mean episode return/seat=+4.24
iter 3731/5000 (74.62%) | elapsed=1h 05m 50s | eta=22m 23s | loss=0.0166 | eps=0.050 | mean turn reward=+0.170 | mean episode return/seat=+4.51
iter 3732/5000 (74.64%) | elapsed=1h 05m 51s | eta=22m 22s | loss=0.0183 | eps=0.050 | mean turn reward=+0.164 | mean episode return/seat=+4.31
iter 3733/5000 (74.66%) | elapsed=1h 05m 53s | eta=22m 21s | loss=0.0176 | eps=0.050 | mean turn reward=+0.166 | mean episode return/seat=+4.38
iter 3734/5000 (74.68%) | elapsed=1h 05m 54s | eta=22m 20s | loss=0.0160 | eps=0.050 | mean turn reward=+0.167 | mean episode return/seat=+4.36
iter 3735/5000 (74.70%) | elapsed=1h 05m 55s | eta=22m 19s | loss=0.0188 | eps=0.050 | mean turn reward=+0.166 | mean episode return/seat=+4.37
iter 3736/5000 (74.72%) | elapsed=1h 05m 56s | eta=22m 18s | loss=0.0173 | eps=0.050 | mean turn reward=+0.170 | mean episode return/seat=+4.44
iter 3737/5000 (74.74%) | elapsed=1h 05m 57s | eta=22m 17s | loss=0.0162 | eps=0.050 | mean turn reward=+0.167 | mean episode return/seat=+4.36
iter 3738/5000 (74.76%) | elapsed=1h 05m 58s | eta=22m 16s | loss=0.0165 | eps=0.050 | mean turn reward=+0.168 | mean episode return/seat=+4.45
iter 3739/5000 (74.78%) | elapsed=1h 05m 59s | eta=22m 15s | loss=0.0175 | eps=0.050 | mean turn reward=+0.166 | mean episode return/seat=+4.33
iter 3740/5000 (74.80%) | elapsed=1h 06m 00s | eta=22m 14s | loss=0.0172 | eps=0.050 | mean turn reward=+0.168 | mean episode return/seat=+4.40
iter 3741/5000 (74.82%) | elapsed=1h 06m 01s | eta=22m 13s | loss=0.0178 | eps=0.050 | mean turn reward=+0.170 | mean episode return/seat=+4.49
iter 3742/5000 (74.84%) | elapsed=1h 06m 02s | eta=22m 12s | loss=0.0139 | eps=0.050 | mean turn reward=+0.167 | mean episode return/seat=+4.43
iter 3743/5000 (74.86%) | elapsed=1h 06m 03s | eta=22m 11s | loss=0.0165 | eps=0.050 | mean turn reward=+0.167 | mean episode return/seat=+4.34
iter 3744/5000 (74.88%) | elapsed=1h 06m 04s | eta=22m 10s | loss=0.0165 | eps=0.050 | mean turn reward=+0.166 | mean episode return/seat=+4.33
iter 3745/5000 (74.90%) | elapsed=1h 06m 05s | eta=22m 08s | loss=0.0154 | eps=0.050 | mean turn reward=+0.165 | mean episode return/seat=+4.27
iter 3746/5000 (74.92%) | elapsed=1h 06m 06s | eta=22m 07s | loss=0.0162 | eps=0.050 | mean turn reward=+0.167 | mean episode return/seat=+4.38
iter 3747/5000 (74.94%) | elapsed=1h 06m 08s | eta=22m 06s | loss=0.0165 | eps=0.050 | mean turn reward=+0.169 | mean episode return/seat=+4.52
iter 3748/5000 (74.96%) | elapsed=1h 06m 09s | eta=22m 05s | loss=0.0151 | eps=0.050 | mean turn reward=+0.166 | mean episode return/seat=+4.37
iter 3749/5000 (74.98%) | elapsed=1h 06m 10s | eta=22m 04s | loss=0.0148 | eps=0.050 | mean turn reward=+0.168 | mean episode return/seat=+4.41
iter 3750/5000 (75.00%) | elapsed=1h 06m 11s | eta=22m 03s | loss=0.0167 | eps=0.050 | mean turn reward=+0.165 | mean episode return/seat=+4.35
iter 3751/5000 (75.02%) | elapsed=1h 06m 12s | eta=22m 02s | loss=0.0148 | eps=0.050 | mean turn reward=+0.166 | mean episode return/seat=+4.37
iter 3752/5000 (75.04%) | elapsed=1h 06m 13s | eta=22m 01s | loss=0.0143 | eps=0.050 | mean turn reward=+0.167 | mean episode return/seat=+4.38
iter 3753/5000 (75.06%) | elapsed=1h 06m 14s | eta=22m 00s | loss=0.0149 | eps=0.050 | mean turn reward=+0.170 | mean episode return/seat=+4.53
iter 3754/5000 (75.08%) | elapsed=1h 06m 15s | eta=21m 59s | loss=0.0162 | eps=0.050 | mean turn reward=+0.168 | mean episode return/seat=+4.41
iter 3755/5000 (75.10%) | elapsed=1h 06m 16s | eta=21m 58s | loss=0.0146 | eps=0.050 | mean turn reward=+0.169 | mean episode return/seat=+4.47
iter 3756/5000 (75.12%) | elapsed=1h 06m 17s | eta=21m 57s | loss=0.0171 | eps=0.050 | mean turn reward=+0.168 | mean episode return/seat=+4.43
iter 3757/5000 (75.14%) | elapsed=1h 06m 18s | eta=21m 56s | loss=0.0146 | eps=0.050 | mean turn reward=+0.168 | mean episode return/seat=+4.41
iter 3758/5000 (75.16%) | elapsed=1h 06m 19s | eta=21m 55s | loss=0.0156 | eps=0.050 | mean turn reward=+0.168 | mean episode return/seat=+4.47
iter 3759/5000 (75.18%) | elapsed=1h 06m 20s | eta=21m 54s | loss=0.0180 | eps=0.050 | mean turn reward=+0.166 | mean episode return/seat=+4.32
iter 3760/5000 (75.20%) | elapsed=1h 06m 21s | eta=21m 53s | loss=0.0158 | eps=0.050 | mean turn reward=+0.168 | mean episode return/seat=+4.45
iter 3761/5000 (75.22%) | elapsed=1h 06m 22s | eta=21m 52s | loss=0.0151 | eps=0.050 | mean turn reward=+0.165 | mean episode return/seat=+4.30
iter 3762/5000 (75.24%) | elapsed=1h 06m 23s | eta=21m 51s | loss=0.0149 | eps=0.050 | mean turn reward=+0.166 | mean episode return/seat=+4.38
iter 3763/5000 (75.26%) | elapsed=1h 06m 25s | eta=21m 49s | loss=0.0161 | eps=0.050 | mean turn reward=+0.168 | mean episode return/seat=+4.35
iter 3764/5000 (75.28%) | elapsed=1h 06m 25s | eta=21m 48s | loss=0.0155 | eps=0.050 | mean turn reward=+0.166 | mean episode return/seat=+4.38
iter 3765/5000 (75.30%) | elapsed=1h 06m 27s | eta=21m 47s | loss=0.0152 | eps=0.050 | mean turn reward=+0.167 | mean episode return/seat=+4.36
iter 3766/5000 (75.32%) | elapsed=1h 06m 28s | eta=21m 46s | loss=0.0160 | eps=0.050 | mean turn reward=+0.164 | mean episode return/seat=+4.34
iter 3767/5000 (75.34%) | elapsed=1h 06m 29s | eta=21m 45s | loss=0.0159 | eps=0.050 | mean turn reward=+0.167 | mean episode return/seat=+4.37
iter 3768/5000 (75.36%) | elapsed=1h 06m 30s | eta=21m 44s | loss=0.0166 | eps=0.050 | mean turn reward=+0.165 | mean episode return/seat=+4.34
iter 3769/5000 (75.38%) | elapsed=1h 06m 31s | eta=21m 43s | loss=0.0165 | eps=0.050 | mean turn reward=+0.168 | mean episode return/seat=+4.43
iter 3770/5000 (75.40%) | elapsed=1h 06m 32s | eta=21m 42s | loss=0.0160 | eps=0.050 | mean turn reward=+0.164 | mean episode return/seat=+4.26
iter 3771/5000 (75.42%) | elapsed=1h 06m 33s | eta=21m 41s | loss=0.0160 | eps=0.050 | mean turn reward=+0.168 | mean episode return/seat=+4.43
iter 3772/5000 (75.44%) | elapsed=1h 06m 34s | eta=21m 40s | loss=0.0144 | eps=0.050 | mean turn reward=+0.167 | mean episode return/seat=+4.41
iter 3773/5000 (75.46%) | elapsed=1h 06m 35s | eta=21m 39s | loss=0.0144 | eps=0.050 | mean turn reward=+0.166 | mean episode return/seat=+4.32
iter 3774/5000 (75.48%) | elapsed=1h 06m 36s | eta=21m 38s | loss=0.0156 | eps=0.050 | mean turn reward=+0.168 | mean episode return/seat=+4.41
iter 3775/5000 (75.50%) | elapsed=1h 06m 37s | eta=21m 37s | loss=0.0163 | eps=0.050 | mean turn reward=+0.169 | mean episode return/seat=+4.45
iter 3776/5000 (75.52%) | elapsed=1h 06m 38s | eta=21m 36s | loss=0.0149 | eps=0.050 | mean turn reward=+0.169 | mean episode return/seat=+4.46
iter 3777/5000 (75.54%) | elapsed=1h 06m 39s | eta=21m 35s | loss=0.0165 | eps=0.050 | mean turn reward=+0.166 | mean episode return/seat=+4.38
iter 3778/5000 (75.56%) | elapsed=1h 06m 41s | eta=21m 34s | loss=0.0145 | eps=0.050 | mean turn reward=+0.168 | mean episode return/seat=+4.43
iter 3779/5000 (75.58%) | elapsed=1h 06m 42s | eta=21m 33s | loss=0.0166 | eps=0.050 | mean turn reward=+0.168 | mean episode return/seat=+4.42
iter 3780/5000 (75.60%) | elapsed=1h 06m 43s | eta=21m 32s | loss=0.0153 | eps=0.050 | mean turn reward=+0.167 | mean episode return/seat=+4.37
iter 3781/5000 (75.62%) | elapsed=1h 06m 44s | eta=21m 31s | loss=0.0157 | eps=0.050 | mean turn reward=+0.168 | mean episode return/seat=+4.45
iter 3782/5000 (75.64%) | elapsed=1h 06m 45s | eta=21m 29s | loss=0.0132 | eps=0.050 | mean turn reward=+0.168 | mean episode return/seat=+4.43
iter 3783/5000 (75.66%) | elapsed=1h 06m 46s | eta=21m 28s | loss=0.0151 | eps=0.050 | mean turn reward=+0.168 | mean episode return/seat=+4.46
iter 3784/5000 (75.68%) | elapsed=1h 06m 47s | eta=21m 27s | loss=0.0160 | eps=0.050 | mean turn reward=+0.166 | mean episode return/seat=+4.36
iter 3785/5000 (75.70%) | elapsed=1h 06m 48s | eta=21m 26s | loss=0.0165 | eps=0.050 | mean turn reward=+0.170 | mean episode return/seat=+4.49
iter 3786/5000 (75.72%) | elapsed=1h 06m 49s | eta=21m 25s | loss=0.0161 | eps=0.050 | mean turn reward=+0.168 | mean episode return/seat=+4.43
iter 3787/5000 (75.74%) | elapsed=1h 06m 50s | eta=21m 24s | loss=0.0148 | eps=0.050 | mean turn reward=+0.166 | mean episode return/seat=+4.38
iter 3788/5000 (75.76%) | elapsed=1h 06m 51s | eta=21m 23s | loss=0.0187 | eps=0.050 | mean turn reward=+0.170 | mean episode return/seat=+4.58
iter 3789/5000 (75.78%) | elapsed=1h 06m 52s | eta=21m 22s | loss=0.0150 | eps=0.050 | mean turn reward=+0.169 | mean episode return/seat=+4.41
iter 3790/5000 (75.80%) | elapsed=1h 06m 53s | eta=21m 21s | loss=0.0142 | eps=0.050 | mean turn reward=+0.168 | mean episode return/seat=+4.43
iter 3791/5000 (75.82%) | elapsed=1h 06m 55s | eta=21m 20s | loss=0.0169 | eps=0.050 | mean turn reward=+0.167 | mean episode return/seat=+4.38
iter 3792/5000 (75.84%) | elapsed=1h 06m 56s | eta=21m 19s | loss=0.0165 | eps=0.050 | mean turn reward=+0.168 | mean episode return/seat=+4.42
iter 3793/5000 (75.86%) | elapsed=1h 06m 57s | eta=21m 18s | loss=0.0159 | eps=0.050 | mean turn reward=+0.167 | mean episode return/seat=+4.38
iter 3794/5000 (75.88%) | elapsed=1h 06m 58s | eta=21m 17s | loss=0.0173 | eps=0.050 | mean turn reward=+0.171 | mean episode return/seat=+4.52
iter 3795/5000 (75.90%) | elapsed=1h 06m 59s | eta=21m 16s | loss=0.0157 | eps=0.050 | mean turn reward=+0.166 | mean episode return/seat=+4.35
iter 3796/5000 (75.92%) | elapsed=1h 07m 00s | eta=21m 15s | loss=0.0135 | eps=0.050 | mean turn reward=+0.169 | mean episode return/seat=+4.46
iter 3797/5000 (75.94%) | elapsed=1h 07m 01s | eta=21m 14s | loss=0.0182 | eps=0.050 | mean turn reward=+0.168 | mean episode return/seat=+4.43
iter 3798/5000 (75.96%) | elapsed=1h 07m 02s | eta=21m 13s | loss=0.0163 | eps=0.050 | mean turn reward=+0.166 | mean episode return/seat=+4.34
iter 3799/5000 (75.98%) | elapsed=1h 07m 03s | eta=21m 12s | loss=0.0180 | eps=0.050 | mean turn reward=+0.167 | mean episode return/seat=+4.40
iter 3800/5000 (76.00%) | elapsed=1h 07m 04s | eta=21m 10s | loss=0.0158 | eps=0.050 | mean turn reward=+0.166 | mean episode return/seat=+4.36
iter 3801/5000 (76.02%) | elapsed=1h 07m 05s | eta=21m 09s | loss=0.0148 | eps=0.050 | mean turn reward=+0.168 | mean episode return/seat=+4.46
iter 3802/5000 (76.04%) | elapsed=1h 07m 06s | eta=21m 08s | loss=0.0152 | eps=0.050 | mean turn reward=+0.171 | mean episode return/seat=+4.55
iter 3803/5000 (76.06%) | elapsed=1h 07m 07s | eta=21m 07s | loss=0.0164 | eps=0.050 | mean turn reward=+0.168 | mean episode return/seat=+4.43
iter 3804/5000 (76.08%) | elapsed=1h 07m 08s | eta=21m 06s | loss=0.0151 | eps=0.050 | mean turn reward=+0.166 | mean episode return/seat=+4.40
iter 3805/5000 (76.10%) | elapsed=1h 07m 10s | eta=21m 05s | loss=0.0152 | eps=0.050 | mean turn reward=+0.168 | mean episode return/seat=+4.42
iter 3806/5000 (76.12%) | elapsed=1h 07m 11s | eta=21m 04s | loss=0.0156 | eps=0.050 | mean turn reward=+0.166 | mean episode return/seat=+4.34
iter 3807/5000 (76.14%) | elapsed=1h 07m 12s | eta=21m 03s | loss=0.0174 | eps=0.050 | mean turn reward=+0.167 | mean episode return/seat=+4.38
iter 3808/5000 (76.16%) | elapsed=1h 07m 13s | eta=21m 02s | loss=0.0181 | eps=0.050 | mean turn reward=+0.168 | mean episode return/seat=+4.46
iter 3809/5000 (76.18%) | elapsed=1h 07m 14s | eta=21m 01s | loss=0.0170 | eps=0.050 | mean turn reward=+0.167 | mean episode return/seat=+4.42
iter 3810/5000 (76.20%) | elapsed=1h 07m 15s | eta=21m 00s | loss=0.0129 | eps=0.050 | mean turn reward=+0.169 | mean episode return/seat=+4.42
iter 3811/5000 (76.22%) | elapsed=1h 07m 16s | eta=20m 59s | loss=0.0169 | eps=0.050 | mean turn reward=+0.167 | mean episode return/seat=+4.37
iter 3812/5000 (76.24%) | elapsed=1h 07m 17s | eta=20m 58s | loss=0.0156 | eps=0.050 | mean turn reward=+0.166 | mean episode return/seat=+4.39
iter 3813/5000 (76.26%) | elapsed=1h 07m 18s | eta=20m 57s | loss=0.0163 | eps=0.050 | mean turn reward=+0.167 | mean episode return/seat=+4.44
iter 3814/5000 (76.28%) | elapsed=1h 07m 19s | eta=20m 56s | loss=0.0157 | eps=0.050 | mean turn reward=+0.171 | mean episode return/seat=+4.53
iter 3815/5000 (76.30%) | elapsed=1h 07m 20s | eta=20m 55s | loss=0.0173 | eps=0.050 | mean turn reward=+0.165 | mean episode return/seat=+4.32
iter 3816/5000 (76.32%) | elapsed=1h 07m 21s | eta=20m 54s | loss=0.0166 | eps=0.050 | mean turn reward=+0.165 | mean episode return/seat=+4.36
iter 3817/5000 (76.34%) | elapsed=1h 07m 22s | eta=20m 53s | loss=0.0166 | eps=0.050 | mean turn reward=+0.169 | mean episode return/seat=+4.47
iter 3818/5000 (76.36%) | elapsed=1h 07m 24s | eta=20m 51s | loss=0.0155 | eps=0.050 | mean turn reward=+0.166 | mean episode return/seat=+4.33
iter 3819/5000 (76.38%) | elapsed=1h 07m 25s | eta=20m 50s | loss=0.0165 | eps=0.050 | mean turn reward=+0.169 | mean episode return/seat=+4.48
iter 3820/5000 (76.40%) | elapsed=1h 07m 26s | eta=20m 49s | loss=0.0161 | eps=0.050 | mean turn reward=+0.168 | mean episode return/seat=+4.41
iter 3821/5000 (76.42%) | elapsed=1h 07m 27s | eta=20m 48s | loss=0.0174 | eps=0.050 | mean turn reward=+0.167 | mean episode return/seat=+4.47
iter 3822/5000 (76.44%) | elapsed=1h 07m 28s | eta=20m 47s | loss=0.0159 | eps=0.050 | mean turn reward=+0.167 | mean episode return/seat=+4.36
iter 3823/5000 (76.46%) | elapsed=1h 07m 29s | eta=20m 46s | loss=0.0174 | eps=0.050 | mean turn reward=+0.166 | mean episode return/seat=+4.39
iter 3824/5000 (76.48%) | elapsed=1h 07m 30s | eta=20m 45s | loss=0.0183 | eps=0.050 | mean turn reward=+0.169 | mean episode return/seat=+4.47
iter 3825/5000 (76.50%) | elapsed=1h 07m 31s | eta=20m 44s | loss=0.0168 | eps=0.050 | mean turn reward=+0.166 | mean episode return/seat=+4.34
iter 3826/5000 (76.52%) | elapsed=1h 07m 32s | eta=20m 43s | loss=0.0185 | eps=0.050 | mean turn reward=+0.167 | mean episode return/seat=+4.33
iter 3827/5000 (76.54%) | elapsed=1h 07m 33s | eta=20m 42s | loss=0.0182 | eps=0.050 | mean turn reward=+0.166 | mean episode return/seat=+4.34
iter 3828/5000 (76.56%) | elapsed=1h 07m 34s | eta=20m 41s | loss=0.0157 | eps=0.050 | mean turn reward=+0.169 | mean episode return/seat=+4.47
iter 3829/5000 (76.58%) | elapsed=1h 07m 35s | eta=20m 40s | loss=0.0172 | eps=0.050 | mean turn reward=+0.167 | mean episode return/seat=+4.38
iter 3830/5000 (76.60%) | elapsed=1h 07m 36s | eta=20m 39s | loss=0.0158 | eps=0.050 | mean turn reward=+0.166 | mean episode return/seat=+4.34
iter 3831/5000 (76.62%) | elapsed=1h 07m 37s | eta=20m 38s | loss=0.0171 | eps=0.050 | mean turn reward=+0.167 | mean episode return/seat=+4.37
iter 3832/5000 (76.64%) | elapsed=1h 07m 38s | eta=20m 37s | loss=0.0164 | eps=0.050 | mean turn reward=+0.167 | mean episode return/seat=+4.42
iter 3833/5000 (76.66%) | elapsed=1h 07m 40s | eta=20m 36s | loss=0.0154 | eps=0.050 | mean turn reward=+0.169 | mean episode return/seat=+4.46
iter 3834/5000 (76.68%) | elapsed=1h 07m 41s | eta=20m 35s | loss=0.0160 | eps=0.050 | mean turn reward=+0.167 | mean episode return/seat=+4.42
iter 3835/5000 (76.70%) | elapsed=1h 07m 42s | eta=20m 34s | loss=0.0179 | eps=0.050 | mean turn reward=+0.165 | mean episode return/seat=+4.34
iter 3836/5000 (76.72%) | elapsed=1h 07m 43s | eta=20m 32s | loss=0.0160 | eps=0.050 | mean turn reward=+0.170 | mean episode return/seat=+4.51
iter 3837/5000 (76.74%) | elapsed=1h 07m 44s | eta=20m 31s | loss=0.0188 | eps=0.050 | mean turn reward=+0.167 | mean episode return/seat=+4.44
iter 3838/5000 (76.76%) | elapsed=1h 07m 45s | eta=20m 30s | loss=0.0160 | eps=0.050 | mean turn reward=+0.168 | mean episode return/seat=+4.43
iter 3839/5000 (76.78%) | elapsed=1h 07m 46s | eta=20m 29s | loss=0.0151 | eps=0.050 | mean turn reward=+0.167 | mean episode return/seat=+4.43
iter 3840/5000 (76.80%) | elapsed=1h 07m 47s | eta=20m 28s | loss=0.0174 | eps=0.050 | mean turn reward=+0.165 | mean episode return/seat=+4.32
iter 3841/5000 (76.82%) | elapsed=1h 07m 48s | eta=20m 27s | loss=0.0167 | eps=0.050 | mean turn reward=+0.167 | mean episode return/seat=+4.44
iter 3842/5000 (76.84%) | elapsed=1h 07m 49s | eta=20m 26s | loss=0.0155 | eps=0.050 | mean turn reward=+0.168 | mean episode return/seat=+4.36
iter 3843/5000 (76.86%) | elapsed=1h 07m 50s | eta=20m 25s | loss=0.0160 | eps=0.050 | mean turn reward=+0.167 | mean episode return/seat=+4.38
iter 3844/5000 (76.88%) | elapsed=1h 07m 51s | eta=20m 24s | loss=0.0152 | eps=0.050 | mean turn reward=+0.164 | mean episode return/seat=+4.29
iter 3845/5000 (76.90%) | elapsed=1h 07m 53s | eta=20m 23s | loss=0.0150 | eps=0.050 | mean turn reward=+0.168 | mean episode return/seat=+4.43
iter 3846/5000 (76.92%) | elapsed=1h 07m 54s | eta=20m 22s | loss=0.0154 | eps=0.050 | mean turn reward=+0.167 | mean episode return/seat=+4.41
iter 3847/5000 (76.94%) | elapsed=1h 07m 55s | eta=20m 21s | loss=0.0189 | eps=0.050 | mean turn reward=+0.169 | mean episode return/seat=+4.47
iter 3848/5000 (76.96%) | elapsed=1h 07m 56s | eta=20m 20s | loss=0.0162 | eps=0.050 | mean turn reward=+0.167 | mean episode return/seat=+4.44
iter 3849/5000 (76.98%) | elapsed=1h 07m 57s | eta=20m 19s | loss=0.0178 | eps=0.050 | mean turn reward=+0.169 | mean episode return/seat=+4.45
iter 3850/5000 (77.00%) | elapsed=1h 07m 58s | eta=20m 18s | loss=0.0175 | eps=0.050 | mean turn reward=+0.166 | mean episode return/seat=+4.39
iter 3851/5000 (77.02%) | elapsed=1h 07m 59s | eta=20m 17s | loss=0.0171 | eps=0.050 | mean turn reward=+0.167 | mean episode return/seat=+4.36
iter 3852/5000 (77.04%) | elapsed=1h 08m 00s | eta=20m 16s | loss=0.0167 | eps=0.050 | mean turn reward=+0.168 | mean episode return/seat=+4.38
iter 3853/5000 (77.06%) | elapsed=1h 08m 01s | eta=20m 15s | loss=0.0168 | eps=0.050 | mean turn reward=+0.166 | mean episode return/seat=+4.36
iter 3854/5000 (77.08%) | elapsed=1h 08m 02s | eta=20m 14s | loss=0.0164 | eps=0.050 | mean turn reward=+0.167 | mean episode return/seat=+4.41
iter 3855/5000 (77.10%) | elapsed=1h 08m 03s | eta=20m 12s | loss=0.0183 | eps=0.050 | mean turn reward=+0.165 | mean episode return/seat=+4.36
iter 3856/5000 (77.12%) | elapsed=1h 08m 04s | eta=20m 11s | loss=0.0171 | eps=0.050 | mean turn reward=+0.165 | mean episode return/seat=+4.32
iter 3857/5000 (77.14%) | elapsed=1h 08m 05s | eta=20m 10s | loss=0.0159 | eps=0.050 | mean turn reward=+0.166 | mean episode return/seat=+4.33
iter 3858/5000 (77.16%) | elapsed=1h 08m 06s | eta=20m 09s | loss=0.0155 | eps=0.050 | mean turn reward=+0.168 | mean episode return/seat=+4.46
iter 3859/5000 (77.18%) | elapsed=1h 08m 08s | eta=20m 08s | loss=0.0150 | eps=0.050 | mean turn reward=+0.168 | mean episode return/seat=+4.43
iter 3860/5000 (77.20%) | elapsed=1h 08m 09s | eta=20m 07s | loss=0.0151 | eps=0.050 | mean turn reward=+0.167 | mean episode return/seat=+4.44
iter 3861/5000 (77.22%) | elapsed=1h 08m 10s | eta=20m 06s | loss=0.0164 | eps=0.050 | mean turn reward=+0.166 | mean episode return/seat=+4.32
iter 3862/5000 (77.24%) | elapsed=1h 08m 11s | eta=20m 05s | loss=0.0151 | eps=0.050 | mean turn reward=+0.166 | mean episode return/seat=+4.37
iter 3863/5000 (77.26%) | elapsed=1h 08m 12s | eta=20m 04s | loss=0.0177 | eps=0.050 | mean turn reward=+0.167 | mean episode return/seat=+4.37
iter 3864/5000 (77.28%) | elapsed=1h 08m 13s | eta=20m 03s | loss=0.0182 | eps=0.050 | mean turn reward=+0.167 | mean episode return/seat=+4.44
iter 3865/5000 (77.30%) | elapsed=1h 08m 14s | eta=20m 02s | loss=0.0203 | eps=0.050 | mean turn reward=+0.166 | mean episode return/seat=+4.37
iter 3866/5000 (77.32%) | elapsed=1h 08m 15s | eta=20m 01s | loss=0.0161 | eps=0.050 | mean turn reward=+0.169 | mean episode return/seat=+4.49
iter 3867/5000 (77.34%) | elapsed=1h 08m 16s | eta=20m 00s | loss=0.0159 | eps=0.050 | mean turn reward=+0.166 | mean episode return/seat=+4.37
iter 3868/5000 (77.36%) | elapsed=1h 08m 17s | eta=19m 59s | loss=0.0169 | eps=0.050 | mean turn reward=+0.169 | mean episode return/seat=+4.46
iter 3869/5000 (77.38%) | elapsed=1h 08m 18s | eta=19m 58s | loss=0.0169 | eps=0.050 | mean turn reward=+0.165 | mean episode return/seat=+4.30
iter 3870/5000 (77.40%) | elapsed=1h 08m 19s | eta=19m 57s | loss=0.0153 | eps=0.050 | mean turn reward=+0.169 | mean episode return/seat=+4.47
iter 3871/5000 (77.42%) | elapsed=1h 08m 20s | eta=19m 56s | loss=0.0148 | eps=0.050 | mean turn reward=+0.168 | mean episode return/seat=+4.42
iter 3872/5000 (77.44%) | elapsed=1h 08m 22s | eta=19m 55s | loss=0.0166 | eps=0.050 | mean turn reward=+0.166 | mean episode return/seat=+4.38
iter 3873/5000 (77.46%) | elapsed=1h 08m 23s | eta=19m 53s | loss=0.0191 | eps=0.050 | mean turn reward=+0.171 | mean episode return/seat=+4.52
iter 3874/5000 (77.48%) | elapsed=1h 08m 24s | eta=19m 52s | loss=0.0156 | eps=0.050 | mean turn reward=+0.167 | mean episode return/seat=+4.42
iter 3875/5000 (77.50%) | elapsed=1h 08m 25s | eta=19m 51s | loss=0.0173 | eps=0.050 | mean turn reward=+0.165 | mean episode return/seat=+4.36
iter 3876/5000 (77.52%) | elapsed=1h 08m 26s | eta=19m 50s | loss=0.0145 | eps=0.050 | mean turn reward=+0.165 | mean episode return/seat=+4.35
iter 3877/5000 (77.54%) | elapsed=1h 08m 27s | eta=19m 49s | loss=0.0168 | eps=0.050 | mean turn reward=+0.166 | mean episode return/seat=+4.40
iter 3878/5000 (77.56%) | elapsed=1h 08m 28s | eta=19m 48s | loss=0.0149 | eps=0.050 | mean turn reward=+0.169 | mean episode return/seat=+4.46
iter 3879/5000 (77.58%) | elapsed=1h 08m 29s | eta=19m 47s | loss=0.0187 | eps=0.050 | mean turn reward=+0.169 | mean episode return/seat=+4.48
iter 3880/5000 (77.60%) | elapsed=1h 08m 30s | eta=19m 46s | loss=0.0174 | eps=0.050 | mean turn reward=+0.167 | mean episode return/seat=+4.37
iter 3881/5000 (77.62%) | elapsed=1h 08m 31s | eta=19m 45s | loss=0.0153 | eps=0.050 | mean turn reward=+0.167 | mean episode return/seat=+4.36
iter 3882/5000 (77.64%) | elapsed=1h 08m 32s | eta=19m 44s | loss=0.0176 | eps=0.050 | mean turn reward=+0.169 | mean episode return/seat=+4.51
iter 3883/5000 (77.66%) | elapsed=1h 08m 33s | eta=19m 43s | loss=0.0145 | eps=0.050 | mean turn reward=+0.167 | mean episode return/seat=+4.37
iter 3884/5000 (77.68%) | elapsed=1h 08m 35s | eta=19m 42s | loss=0.0134 | eps=0.050 | mean turn reward=+0.171 | mean episode return/seat=+4.51
iter 3885/5000 (77.70%) | elapsed=1h 08m 36s | eta=19m 41s | loss=0.0182 | eps=0.050 | mean turn reward=+0.169 | mean episode return/seat=+4.46
iter 3886/5000 (77.72%) | elapsed=1h 08m 37s | eta=19m 40s | loss=0.0159 | eps=0.050 | mean turn reward=+0.167 | mean episode return/seat=+4.39
iter 3887/5000 (77.74%) | elapsed=1h 08m 38s | eta=19m 39s | loss=0.0168 | eps=0.050 | mean turn reward=+0.167 | mean episode return/seat=+4.42
iter 3888/5000 (77.76%) | elapsed=1h 08m 39s | eta=19m 38s | loss=0.0165 | eps=0.050 | mean turn reward=+0.168 | mean episode return/seat=+4.44
iter 3889/5000 (77.78%) | elapsed=1h 08m 40s | eta=19m 37s | loss=0.0155 | eps=0.050 | mean turn reward=+0.168 | mean episode return/seat=+4.46
iter 3890/5000 (77.80%) | elapsed=1h 08m 41s | eta=19m 36s | loss=0.0177 | eps=0.050 | mean turn reward=+0.168 | mean episode return/seat=+4.44
iter 3891/5000 (77.82%) | elapsed=1h 08m 42s | eta=19m 34s | loss=0.0162 | eps=0.050 | mean turn reward=+0.169 | mean episode return/seat=+4.42
iter 3892/5000 (77.84%) | elapsed=1h 08m 43s | eta=19m 33s | loss=0.0147 | eps=0.050 | mean turn reward=+0.167 | mean episode return/seat=+4.42
iter 3893/5000 (77.86%) | elapsed=1h 08m 44s | eta=19m 32s | loss=0.0150 | eps=0.050 | mean turn reward=+0.167 | mean episode return/seat=+4.36
iter 3894/5000 (77.88%) | elapsed=1h 08m 45s | eta=19m 31s | loss=0.0163 | eps=0.050 | mean turn reward=+0.168 | mean episode return/seat=+4.44
iter 3895/5000 (77.90%) | elapsed=1h 08m 46s | eta=19m 30s | loss=0.0161 | eps=0.050 | mean turn reward=+0.166 | mean episode return/seat=+4.40
iter 3896/5000 (77.92%) | elapsed=1h 08m 47s | eta=19m 29s | loss=0.0153 | eps=0.050 | mean turn reward=+0.168 | mean episode return/seat=+4.41
iter 3897/5000 (77.94%) | elapsed=1h 08m 48s | eta=19m 28s | loss=0.0151 | eps=0.050 | mean turn reward=+0.167 | mean episode return/seat=+4.39
iter 3898/5000 (77.96%) | elapsed=1h 08m 49s | eta=19m 27s | loss=0.0167 | eps=0.050 | mean turn reward=+0.168 | mean episode return/seat=+4.44
iter 3899/5000 (77.98%) | elapsed=1h 08m 51s | eta=19m 26s | loss=0.0160 | eps=0.050 | mean turn reward=+0.167 | mean episode return/seat=+4.40
iter 3900/5000 (78.00%) | elapsed=1h 08m 52s | eta=19m 25s | loss=0.0158 | eps=0.050 | mean turn reward=+0.165 | mean episode return/seat=+4.33
iter 3901/5000 (78.02%) | elapsed=1h 08m 53s | eta=19m 24s | loss=0.0151 | eps=0.050 | mean turn reward=+0.168 | mean episode return/seat=+4.39
iter 3902/5000 (78.04%) | elapsed=1h 08m 54s | eta=19m 23s | loss=0.0171 | eps=0.050 | mean turn reward=+0.168 | mean episode return/seat=+4.41
iter 3903/5000 (78.06%) | elapsed=1h 08m 55s | eta=19m 22s | loss=0.0147 | eps=0.050 | mean turn reward=+0.166 | mean episode return/seat=+4.41
iter 3904/5000 (78.08%) | elapsed=1h 08m 56s | eta=19m 21s | loss=0.0150 | eps=0.050 | mean turn reward=+0.166 | mean episode return/seat=+4.38
iter 3905/5000 (78.10%) | elapsed=1h 08m 57s | eta=19m 20s | loss=0.0157 | eps=0.050 | mean turn reward=+0.167 | mean episode return/seat=+4.40
iter 3906/5000 (78.12%) | elapsed=1h 08m 58s | eta=19m 19s | loss=0.0166 | eps=0.050 | mean turn reward=+0.169 | mean episode return/seat=+4.51
iter 3907/5000 (78.14%) | elapsed=1h 08m 59s | eta=19m 18s | loss=0.0168 | eps=0.050 | mean turn reward=+0.168 | mean episode return/seat=+4.39
iter 3908/5000 (78.16%) | elapsed=1h 09m 00s | eta=19m 17s | loss=0.0166 | eps=0.050 | mean turn reward=+0.167 | mean episode return/seat=+4.43
iter 3909/5000 (78.18%) | elapsed=1h 09m 01s | eta=19m 15s | loss=0.0147 | eps=0.050 | mean turn reward=+0.167 | mean episode return/seat=+4.39
iter 3910/5000 (78.20%) | elapsed=1h 09m 02s | eta=19m 14s | loss=0.0156 | eps=0.050 | mean turn reward=+0.167 | mean episode return/seat=+4.34
iter 3911/5000 (78.22%) | elapsed=1h 09m 03s | eta=19m 13s | loss=0.0148 | eps=0.050 | mean turn reward=+0.169 | mean episode return/seat=+4.47
iter 3912/5000 (78.24%) | elapsed=1h 09m 04s | eta=19m 12s | loss=0.0153 | eps=0.050 | mean turn reward=+0.166 | mean episode return/seat=+4.37
iter 3913/5000 (78.26%) | elapsed=1h 09m 06s | eta=19m 11s | loss=0.0150 | eps=0.050 | mean turn reward=+0.166 | mean episode return/seat=+4.33
iter 3914/5000 (78.28%) | elapsed=1h 09m 07s | eta=19m 10s | loss=0.0146 | eps=0.050 | mean turn reward=+0.168 | mean episode return/seat=+4.40
iter 3915/5000 (78.30%) | elapsed=1h 09m 08s | eta=19m 09s | loss=0.0159 | eps=0.050 | mean turn reward=+0.166 | mean episode return/seat=+4.35
iter 3916/5000 (78.32%) | elapsed=1h 09m 09s | eta=19m 08s | loss=0.0161 | eps=0.050 | mean turn reward=+0.169 | mean episode return/seat=+4.48
iter 3917/5000 (78.34%) | elapsed=1h 09m 10s | eta=19m 07s | loss=0.0156 | eps=0.050 | mean turn reward=+0.163 | mean episode return/seat=+4.23
iter 3918/5000 (78.36%) | elapsed=1h 09m 11s | eta=19m 06s | loss=0.0163 | eps=0.050 | mean turn reward=+0.169 | mean episode return/seat=+4.49
iter 3919/5000 (78.38%) | elapsed=1h 09m 12s | eta=19m 05s | loss=0.0161 | eps=0.050 | mean turn reward=+0.168 | mean episode return/seat=+4.44
iter 3920/5000 (78.40%) | elapsed=1h 09m 13s | eta=19m 04s | loss=0.0156 | eps=0.050 | mean turn reward=+0.168 | mean episode return/seat=+4.43
iter 3921/5000 (78.42%) | elapsed=1h 09m 14s | eta=19m 03s | loss=0.0140 | eps=0.050 | mean turn reward=+0.169 | mean episode return/seat=+4.42
iter 3922/5000 (78.44%) | elapsed=1h 09m 15s | eta=19m 02s | loss=0.0143 | eps=0.050 | mean turn reward=+0.168 | mean episode return/seat=+4.45
iter 3923/5000 (78.46%) | elapsed=1h 09m 16s | eta=19m 01s | loss=0.0155 | eps=0.050 | mean turn reward=+0.168 | mean episode return/seat=+4.41
iter 3924/5000 (78.48%) | elapsed=1h 09m 17s | eta=19m 00s | loss=0.0152 | eps=0.050 | mean turn reward=+0.166 | mean episode return/seat=+4.39
iter 3925/5000 (78.50%) | elapsed=1h 09m 18s | eta=18m 59s | loss=0.0175 | eps=0.050 | mean turn reward=+0.168 | mean episode return/seat=+4.44
iter 3926/5000 (78.52%) | elapsed=1h 09m 20s | eta=18m 58s | loss=0.0176 | eps=0.050 | mean turn reward=+0.166 | mean episode return/seat=+4.29
iter 3927/5000 (78.54%) | elapsed=1h 09m 21s | eta=18m 56s | loss=0.0157 | eps=0.050 | mean turn reward=+0.167 | mean episode return/seat=+4.41
iter 3928/5000 (78.56%) | elapsed=1h 09m 22s | eta=18m 55s | loss=0.0157 | eps=0.050 | mean turn reward=+0.165 | mean episode return/seat=+4.30
iter 3929/5000 (78.58%) | elapsed=1h 09m 23s | eta=18m 54s | loss=0.0164 | eps=0.050 | mean turn reward=+0.166 | mean episode return/seat=+4.42
iter 3930/5000 (78.60%) | elapsed=1h 09m 24s | eta=18m 53s | loss=0.0154 | eps=0.050 | mean turn reward=+0.166 | mean episode return/seat=+4.34
iter 3931/5000 (78.62%) | elapsed=1h 09m 25s | eta=18m 52s | loss=0.0141 | eps=0.050 | mean turn reward=+0.170 | mean episode return/seat=+4.48
iter 3932/5000 (78.64%) | elapsed=1h 09m 26s | eta=18m 51s | loss=0.0173 | eps=0.050 | mean turn reward=+0.168 | mean episode return/seat=+4.46
iter 3933/5000 (78.66%) | elapsed=1h 09m 27s | eta=18m 50s | loss=0.0139 | eps=0.050 | mean turn reward=+0.167 | mean episode return/seat=+4.44
iter 3934/5000 (78.68%) | elapsed=1h 09m 28s | eta=18m 49s | loss=0.0149 | eps=0.050 | mean turn reward=+0.163 | mean episode return/seat=+4.24
iter 3935/5000 (78.70%) | elapsed=1h 09m 29s | eta=18m 48s | loss=0.0163 | eps=0.050 | mean turn reward=+0.166 | mean episode return/seat=+4.38
iter 3936/5000 (78.72%) | elapsed=1h 09m 30s | eta=18m 47s | loss=0.0177 | eps=0.050 | mean turn reward=+0.167 | mean episode return/seat=+4.43
iter 3937/5000 (78.74%) | elapsed=1h 09m 32s | eta=18m 46s | loss=0.0167 | eps=0.050 | mean turn reward=+0.165 | mean episode return/seat=+4.39
iter 3938/5000 (78.76%) | elapsed=1h 09m 33s | eta=18m 45s | loss=0.0183 | eps=0.050 | mean turn reward=+0.169 | mean episode return/seat=+4.43
iter 3939/5000 (78.78%) | elapsed=1h 09m 34s | eta=18m 44s | loss=0.0152 | eps=0.050 | mean turn reward=+0.168 | mean episode return/seat=+4.40
iter 3940/5000 (78.80%) | elapsed=1h 09m 35s | eta=18m 43s | loss=0.0138 | eps=0.050 | mean turn reward=+0.168 | mean episode return/seat=+4.45
iter 3941/5000 (78.82%) | elapsed=1h 09m 36s | eta=18m 42s | loss=0.0165 | eps=0.050 | mean turn reward=+0.167 | mean episode return/seat=+4.43
iter 3942/5000 (78.84%) | elapsed=1h 09m 37s | eta=18m 41s | loss=0.0153 | eps=0.050 | mean turn reward=+0.164 | mean episode return/seat=+4.27
iter 3943/5000 (78.86%) | elapsed=1h 09m 38s | eta=18m 40s | loss=0.0155 | eps=0.050 | mean turn reward=+0.167 | mean episode return/seat=+4.35
iter 3944/5000 (78.88%) | elapsed=1h 09m 39s | eta=18m 39s | loss=0.0156 | eps=0.050 | mean turn reward=+0.168 | mean episode return/seat=+4.40
iter 3945/5000 (78.90%) | elapsed=1h 09m 40s | eta=18m 38s | loss=0.0137 | eps=0.050 | mean turn reward=+0.169 | mean episode return/seat=+4.48
iter 3946/5000 (78.92%) | elapsed=1h 09m 41s | eta=18m 36s | loss=0.0147 | eps=0.050 | mean turn reward=+0.168 | mean episode return/seat=+4.38
iter 3947/5000 (78.94%) | elapsed=1h 09m 42s | eta=18m 35s | loss=0.0148 | eps=0.050 | mean turn reward=+0.170 | mean episode return/seat=+4.49
iter 3948/5000 (78.96%) | elapsed=1h 09m 43s | eta=18m 34s | loss=0.0153 | eps=0.050 | mean turn reward=+0.169 | mean episode return/seat=+4.50
iter 3949/5000 (78.98%) | elapsed=1h 09m 44s | eta=18m 33s | loss=0.0149 | eps=0.050 | mean turn reward=+0.166 | mean episode return/seat=+4.38
iter 3950/5000 (79.00%) | elapsed=1h 09m 45s | eta=18m 32s | loss=0.0163 | eps=0.050 | mean turn reward=+0.166 | mean episode return/seat=+4.36
iter 3951/5000 (79.02%) | elapsed=1h 09m 47s | eta=18m 31s | loss=0.0181 | eps=0.050 | mean turn reward=+0.163 | mean episode return/seat=+4.27
iter 3952/5000 (79.04%) | elapsed=1h 09m 48s | eta=18m 30s | loss=0.0146 | eps=0.050 | mean turn reward=+0.164 | mean episode return/seat=+4.26
iter 3953/5000 (79.06%) | elapsed=1h 09m 49s | eta=18m 29s | loss=0.0160 | eps=0.050 | mean turn reward=+0.166 | mean episode return/seat=+4.37
iter 3954/5000 (79.08%) | elapsed=1h 09m 50s | eta=18m 28s | loss=0.0152 | eps=0.050 | mean turn reward=+0.169 | mean episode return/seat=+4.46
iter 3955/5000 (79.10%) | elapsed=1h 09m 51s | eta=18m 27s | loss=0.0156 | eps=0.050 | mean turn reward=+0.167 | mean episode return/seat=+4.40
iter 3956/5000 (79.12%) | elapsed=1h 09m 52s | eta=18m 26s | loss=0.0160 | eps=0.050 | mean turn reward=+0.164 | mean episode return/seat=+4.26
iter 3957/5000 (79.14%) | elapsed=1h 09m 53s | eta=18m 25s | loss=0.0141 | eps=0.050 | mean turn reward=+0.168 | mean episode return/seat=+4.44
iter 3958/5000 (79.16%) | elapsed=1h 09m 54s | eta=18m 24s | loss=0.0150 | eps=0.050 | mean turn reward=+0.168 | mean episode return/seat=+4.45
iter 3959/5000 (79.18%) | elapsed=1h 09m 55s | eta=18m 23s | loss=0.0146 | eps=0.050 | mean turn reward=+0.167 | mean episode return/seat=+4.34
iter 3960/5000 (79.20%) | elapsed=1h 09m 56s | eta=18m 22s | loss=0.0163 | eps=0.050 | mean turn reward=+0.167 | mean episode return/seat=+4.38
iter 3961/5000 (79.22%) | elapsed=1h 09m 57s | eta=18m 21s | loss=0.0159 | eps=0.050 | mean turn reward=+0.171 | mean episode return/seat=+4.53
iter 3962/5000 (79.24%) | elapsed=1h 09m 58s | eta=18m 20s | loss=0.0138 | eps=0.050 | mean turn reward=+0.168 | mean episode return/seat=+4.47
iter 3963/5000 (79.26%) | elapsed=1h 09m 59s | eta=18m 18s | loss=0.0170 | eps=0.050 | mean turn reward=+0.167 | mean episode return/seat=+4.43
iter 3964/5000 (79.28%) | elapsed=1h 10m 00s | eta=18m 17s | loss=0.0175 | eps=0.050 | mean turn reward=+0.171 | mean episode return/seat=+4.51
iter 3965/5000 (79.30%) | elapsed=1h 10m 01s | eta=18m 16s | loss=0.0143 | eps=0.050 | mean turn reward=+0.167 | mean episode return/seat=+4.43
iter 3966/5000 (79.32%) | elapsed=1h 10m 03s | eta=18m 15s | loss=0.0167 | eps=0.050 | mean turn reward=+0.168 | mean episode return/seat=+4.35
iter 3967/5000 (79.34%) | elapsed=1h 10m 04s | eta=18m 14s | loss=0.0154 | eps=0.050 | mean turn reward=+0.166 | mean episode return/seat=+4.44
iter 3968/5000 (79.36%) | elapsed=1h 10m 05s | eta=18m 13s | loss=0.0172 | eps=0.050 | mean turn reward=+0.167 | mean episode return/seat=+4.36
iter 3969/5000 (79.38%) | elapsed=1h 10m 06s | eta=18m 12s | loss=0.0155 | eps=0.050 | mean turn reward=+0.169 | mean episode return/seat=+4.46
iter 3970/5000 (79.40%) | elapsed=1h 10m 07s | eta=18m 11s | loss=0.0156 | eps=0.050 | mean turn reward=+0.165 | mean episode return/seat=+4.32
iter 3971/5000 (79.42%) | elapsed=1h 10m 08s | eta=18m 10s | loss=0.0177 | eps=0.050 | mean turn reward=+0.165 | mean episode return/seat=+4.28
iter 3972/5000 (79.44%) | elapsed=1h 10m 09s | eta=18m 09s | loss=0.0158 | eps=0.050 | mean turn reward=+0.168 | mean episode return/seat=+4.40
iter 3973/5000 (79.46%) | elapsed=1h 10m 10s | eta=18m 08s | loss=0.0148 | eps=0.050 | mean turn reward=+0.170 | mean episode return/seat=+4.48
iter 3974/5000 (79.48%) | elapsed=1h 10m 11s | eta=18m 07s | loss=0.0173 | eps=0.050 | mean turn reward=+0.169 | mean episode return/seat=+4.45
iter 3975/5000 (79.50%) | elapsed=1h 10m 12s | eta=18m 06s | loss=0.0188 | eps=0.050 | mean turn reward=+0.170 | mean episode return/seat=+4.47
iter 3976/5000 (79.52%) | elapsed=1h 10m 13s | eta=18m 05s | loss=0.0188 | eps=0.050 | mean turn reward=+0.168 | mean episode return/seat=+4.40
iter 3977/5000 (79.54%) | elapsed=1h 10m 14s | eta=18m 04s | loss=0.0151 | eps=0.050 | mean turn reward=+0.167 | mean episode return/seat=+4.42
iter 3978/5000 (79.56%) | elapsed=1h 10m 15s | eta=18m 03s | loss=0.0160 | eps=0.050 | mean turn reward=+0.167 | mean episode return/seat=+4.36
iter 3979/5000 (79.58%) | elapsed=1h 10m 17s | eta=18m 02s | loss=0.0159 | eps=0.050 | mean turn reward=+0.169 | mean episode return/seat=+4.43
iter 3980/5000 (79.60%) | elapsed=1h 10m 18s | eta=18m 01s | loss=0.0163 | eps=0.050 | mean turn reward=+0.167 | mean episode return/seat=+4.34
iter 3981/5000 (79.62%) | elapsed=1h 10m 19s | eta=17m 59s | loss=0.0175 | eps=0.050 | mean turn reward=+0.168 | mean episode return/seat=+4.45
iter 3982/5000 (79.64%) | elapsed=1h 10m 20s | eta=17m 58s | loss=0.0163 | eps=0.050 | mean turn reward=+0.167 | mean episode return/seat=+4.43
iter 3983/5000 (79.66%) | elapsed=1h 10m 21s | eta=17m 57s | loss=0.0168 | eps=0.050 | mean turn reward=+0.164 | mean episode return/seat=+4.30
iter 3984/5000 (79.68%) | elapsed=1h 10m 22s | eta=17m 56s | loss=0.0163 | eps=0.050 | mean turn reward=+0.165 | mean episode return/seat=+4.28
iter 3985/5000 (79.70%) | elapsed=1h 10m 23s | eta=17m 55s | loss=0.0152 | eps=0.050 | mean turn reward=+0.166 | mean episode return/seat=+4.39
iter 3986/5000 (79.72%) | elapsed=1h 10m 24s | eta=17m 54s | loss=0.0175 | eps=0.050 | mean turn reward=+0.171 | mean episode return/seat=+4.58
iter 3987/5000 (79.74%) | elapsed=1h 10m 25s | eta=17m 53s | loss=0.0162 | eps=0.050 | mean turn reward=+0.169 | mean episode return/seat=+4.48
iter 3988/5000 (79.76%) | elapsed=1h 10m 26s | eta=17m 52s | loss=0.0160 | eps=0.050 | mean turn reward=+0.167 | mean episode return/seat=+4.43
iter 3989/5000 (79.78%) | elapsed=1h 10m 27s | eta=17m 51s | loss=0.0151 | eps=0.050 | mean turn reward=+0.167 | mean episode return/seat=+4.37
iter 3990/5000 (79.80%) | elapsed=1h 10m 28s | eta=17m 50s | loss=0.0158 | eps=0.050 | mean turn reward=+0.169 | mean episode return/seat=+4.47
iter 3991/5000 (79.82%) | elapsed=1h 10m 29s | eta=17m 49s | loss=0.0138 | eps=0.050 | mean turn reward=+0.168 | mean episode return/seat=+4.44
iter 3992/5000 (79.84%) | elapsed=1h 10m 31s | eta=17m 48s | loss=0.0162 | eps=0.050 | mean turn reward=+0.168 | mean episode return/seat=+4.45
iter 3993/5000 (79.86%) | elapsed=1h 10m 32s | eta=17m 47s | loss=0.0205 | eps=0.050 | mean turn reward=+0.171 | mean episode return/seat=+4.53
iter 3994/5000 (79.88%) | elapsed=1h 10m 33s | eta=17m 46s | loss=0.0166 | eps=0.050 | mean turn reward=+0.169 | mean episode return/seat=+4.46
iter 3995/5000 (79.90%) | elapsed=1h 10m 34s | eta=17m 45s | loss=0.0178 | eps=0.050 | mean turn reward=+0.165 | mean episode return/seat=+4.34
iter 3996/5000 (79.92%) | elapsed=1h 10m 35s | eta=17m 44s | loss=0.0165 | eps=0.050 | mean turn reward=+0.167 | mean episode return/seat=+4.41
iter 3997/5000 (79.94%) | elapsed=1h 10m 36s | eta=17m 43s | loss=0.0184 | eps=0.050 | mean turn reward=+0.169 | mean episode return/seat=+4.41
iter 3998/5000 (79.96%) | elapsed=1h 10m 37s | eta=17m 42s | loss=0.0166 | eps=0.050 | mean turn reward=+0.167 | mean episode return/seat=+4.43
iter 3999/5000 (79.98%) | elapsed=1h 10m 38s | eta=17m 40s | loss=0.0166 | eps=0.050 | mean turn reward=+0.168 | mean episode return/seat=+4.48
iter 4000/5000 (80.00%) | elapsed=1h 10m 39s | eta=17m 39s | loss=0.0165 | eps=0.050 | mean turn reward=+0.167 | mean episode return/seat=+4.36
iter 4001/5000 (80.02%) | elapsed=1h 10m 40s | eta=17m 38s | loss=0.0172 | eps=0.050 | mean turn reward=+0.169 | mean episode return/seat=+4.44
iter 4002/5000 (80.04%) | elapsed=1h 10m 41s | eta=17m 37s | loss=0.0176 | eps=0.050 | mean turn reward=+0.167 | mean episode return/seat=+4.34
iter 4003/5000 (80.06%) | elapsed=1h 10m 42s | eta=17m 36s | loss=0.0164 | eps=0.050 | mean turn reward=+0.166 | mean episode return/seat=+4.40
iter 4004/5000 (80.08%) | elapsed=1h 10m 43s | eta=17m 35s | loss=0.0181 | eps=0.050 | mean turn reward=+0.168 | mean episode return/seat=+4.38
iter 4005/5000 (80.10%) | elapsed=1h 10m 44s | eta=17m 34s | loss=0.0161 | eps=0.050 | mean turn reward=+0.167 | mean episode return/seat=+4.42
iter 4006/5000 (80.12%) | elapsed=1h 10m 46s | eta=17m 33s | loss=0.0179 | eps=0.050 | mean turn reward=+0.166 | mean episode return/seat=+4.36
iter 4007/5000 (80.14%) | elapsed=1h 10m 47s | eta=17m 32s | loss=0.0156 | eps=0.050 | mean turn reward=+0.166 | mean episode return/seat=+4.38
iter 4008/5000 (80.16%) | elapsed=1h 10m 48s | eta=17m 31s | loss=0.0170 | eps=0.050 | mean turn reward=+0.167 | mean episode return/seat=+4.36
iter 4009/5000 (80.18%) | elapsed=1h 10m 49s | eta=17m 30s | loss=0.0165 | eps=0.050 | mean turn reward=+0.167 | mean episode return/seat=+4.41
iter 4010/5000 (80.20%) | elapsed=1h 10m 50s | eta=17m 29s | loss=0.0149 | eps=0.050 | mean turn reward=+0.167 | mean episode return/seat=+4.38
iter 4011/5000 (80.22%) | elapsed=1h 10m 51s | eta=17m 28s | loss=0.0146 | eps=0.050 | mean turn reward=+0.169 | mean episode return/seat=+4.50
iter 4012/5000 (80.24%) | elapsed=1h 10m 52s | eta=17m 27s | loss=0.0160 | eps=0.050 | mean turn reward=+0.167 | mean episode return/seat=+4.41
iter 4013/5000 (80.26%) | elapsed=1h 10m 53s | eta=17m 26s | loss=0.0190 | eps=0.050 | mean turn reward=+0.170 | mean episode return/seat=+4.49
iter 4014/5000 (80.28%) | elapsed=1h 10m 54s | eta=17m 25s | loss=0.0165 | eps=0.050 | mean turn reward=+0.166 | mean episode return/seat=+4.40
iter 4015/5000 (80.30%) | elapsed=1h 10m 55s | eta=17m 24s | loss=0.0157 | eps=0.050 | mean turn reward=+0.169 | mean episode return/seat=+4.46
iter 4016/5000 (80.32%) | elapsed=1h 10m 56s | eta=17m 23s | loss=0.0137 | eps=0.050 | mean turn reward=+0.167 | mean episode return/seat=+4.38
iter 4017/5000 (80.34%) | elapsed=1h 10m 57s | eta=17m 21s | loss=0.0148 | eps=0.050 | mean turn reward=+0.166 | mean episode return/seat=+4.36
iter 4018/5000 (80.36%) | elapsed=1h 10m 58s | eta=17m 20s | loss=0.0215 | eps=0.050 | mean turn reward=+0.166 | mean episode return/seat=+4.36
iter 4019/5000 (80.38%) | elapsed=1h 11m 00s | eta=17m 19s | loss=0.0149 | eps=0.050 | mean turn reward=+0.168 | mean episode return/seat=+4.47
iter 4020/5000 (80.40%) | elapsed=1h 11m 01s | eta=17m 18s | loss=0.0174 | eps=0.050 | mean turn reward=+0.165 | mean episode return/seat=+4.34
iter 4021/5000 (80.42%) | elapsed=1h 11m 02s | eta=17m 17s | loss=0.0153 | eps=0.050 | mean turn reward=+0.167 | mean episode return/seat=+4.40
iter 4022/5000 (80.44%) | elapsed=1h 11m 03s | eta=17m 16s | loss=0.0169 | eps=0.050 | mean turn reward=+0.170 | mean episode return/seat=+4.51
iter 4023/5000 (80.46%) | elapsed=1h 11m 04s | eta=17m 15s | loss=0.0154 | eps=0.050 | mean turn reward=+0.165 | mean episode return/seat=+4.35
iter 4024/5000 (80.48%) | elapsed=1h 11m 05s | eta=17m 14s | loss=0.0159 | eps=0.050 | mean turn reward=+0.165 | mean episode return/seat=+4.37
iter 4025/5000 (80.50%) | elapsed=1h 11m 06s | eta=17m 13s | loss=0.0143 | eps=0.050 | mean turn reward=+0.169 | mean episode return/seat=+4.49
iter 4026/5000 (80.52%) | elapsed=1h 11m 07s | eta=17m 12s | loss=0.0178 | eps=0.050 | mean turn reward=+0.168 | mean episode return/seat=+4.44
iter 4027/5000 (80.54%) | elapsed=1h 11m 08s | eta=17m 11s | loss=0.0155 | eps=0.050 | mean turn reward=+0.167 | mean episode return/seat=+4.41
iter 4028/5000 (80.56%) | elapsed=1h 11m 09s | eta=17m 10s | loss=0.0146 | eps=0.050 | mean turn reward=+0.168 | mean episode return/seat=+4.39
iter 4029/5000 (80.58%) | elapsed=1h 11m 10s | eta=17m 09s | loss=0.0179 | eps=0.050 | mean turn reward=+0.166 | mean episode return/seat=+4.39
iter 4030/5000 (80.60%) | elapsed=1h 11m 11s | eta=17m 08s | loss=0.0148 | eps=0.050 | mean turn reward=+0.168 | mean episode return/seat=+4.44
iter 4031/5000 (80.62%) | elapsed=1h 11m 12s | eta=17m 07s | loss=0.0155 | eps=0.050 | mean turn reward=+0.168 | mean episode return/seat=+4.45
iter 4032/5000 (80.64%) | elapsed=1h 11m 13s | eta=17m 06s | loss=0.0168 | eps=0.050 | mean turn reward=+0.165 | mean episode return/seat=+4.30
iter 4033/5000 (80.66%) | elapsed=1h 11m 14s | eta=17m 05s | loss=0.0142 | eps=0.050 | mean turn reward=+0.169 | mean episode return/seat=+4.43
iter 4034/5000 (80.68%) | elapsed=1h 11m 15s | eta=17m 03s | loss=0.0162 | eps=0.050 | mean turn reward=+0.169 | mean episode return/seat=+4.48
iter 4035/5000 (80.70%) | elapsed=1h 11m 17s | eta=17m 02s | loss=0.0183 | eps=0.050 | mean turn reward=+0.168 | mean episode return/seat=+4.49
iter 4036/5000 (80.72%) | elapsed=1h 11m 18s | eta=17m 01s | loss=0.0173 | eps=0.050 | mean turn reward=+0.167 | mean episode return/seat=+4.44
iter 4037/5000 (80.74%) | elapsed=1h 11m 19s | eta=17m 00s | loss=0.0160 | eps=0.050 | mean turn reward=+0.168 | mean episode return/seat=+4.42
iter 4038/5000 (80.76%) | elapsed=1h 11m 20s | eta=16m 59s | loss=0.0161 | eps=0.050 | mean turn reward=+0.166 | mean episode return/seat=+4.40
iter 4039/5000 (80.78%) | elapsed=1h 11m 21s | eta=16m 58s | loss=0.0166 | eps=0.050 | mean turn reward=+0.166 | mean episode return/seat=+4.38
iter 4040/5000 (80.80%) | elapsed=1h 11m 22s | eta=16m 57s | loss=0.0156 | eps=0.050 | mean turn reward=+0.167 | mean episode return/seat=+4.43
iter 4041/5000 (80.82%) | elapsed=1h 11m 23s | eta=16m 56s | loss=0.0146 | eps=0.050 | mean turn reward=+0.166 | mean episode return/seat=+4.34
iter 4042/5000 (80.84%) | elapsed=1h 11m 24s | eta=16m 55s | loss=0.0171 | eps=0.050 | mean turn reward=+0.165 | mean episode return/seat=+4.34
iter 4043/5000 (80.86%) | elapsed=1h 11m 25s | eta=16m 54s | loss=0.0173 | eps=0.050 | mean turn reward=+0.166 | mean episode return/seat=+4.35
iter 4044/5000 (80.88%) | elapsed=1h 11m 26s | eta=16m 53s | loss=0.0181 | eps=0.050 | mean turn reward=+0.166 | mean episode return/seat=+4.32
iter 4045/5000 (80.90%) | elapsed=1h 11m 27s | eta=16m 52s | loss=0.0146 | eps=0.050 | mean turn reward=+0.166 | mean episode return/seat=+4.38
iter 4046/5000 (80.92%) | elapsed=1h 11m 28s | eta=16m 51s | loss=0.0173 | eps=0.050 | mean turn reward=+0.168 | mean episode return/seat=+4.45
iter 4047/5000 (80.94%) | elapsed=1h 11m 29s | eta=16m 50s | loss=0.0176 | eps=0.050 | mean turn reward=+0.168 | mean episode return/seat=+4.45
iter 4048/5000 (80.96%) | elapsed=1h 11m 30s | eta=16m 49s | loss=0.0171 | eps=0.050 | mean turn reward=+0.167 | mean episode return/seat=+4.42
iter 4049/5000 (80.98%) | elapsed=1h 11m 31s | eta=16m 48s | loss=0.0152 | eps=0.050 | mean turn reward=+0.166 | mean episode return/seat=+4.32
iter 4050/5000 (81.00%) | elapsed=1h 11m 32s | eta=16m 46s | loss=0.0163 | eps=0.050 | mean turn reward=+0.167 | mean episode return/seat=+4.40
iter 4051/5000 (81.02%) | elapsed=1h 11m 33s | eta=16m 45s | loss=0.0198 | eps=0.050 | mean turn reward=+0.169 | mean episode return/seat=+4.47
iter 4052/5000 (81.04%) | elapsed=1h 11m 34s | eta=16m 44s | loss=0.0169 | eps=0.050 | mean turn reward=+0.167 | mean episode return/seat=+4.42
iter 4053/5000 (81.06%) | elapsed=1h 11m 36s | eta=16m 43s | loss=0.0126 | eps=0.050 | mean turn reward=+0.170 | mean episode return/seat=+4.55
iter 4054/5000 (81.08%) | elapsed=1h 11m 37s | eta=16m 42s | loss=0.0174 | eps=0.050 | mean turn reward=+0.167 | mean episode return/seat=+4.36
iter 4055/5000 (81.10%) | elapsed=1h 11m 38s | eta=16m 41s | loss=0.0150 | eps=0.050 | mean turn reward=+0.168 | mean episode return/seat=+4.40
iter 4056/5000 (81.12%) | elapsed=1h 11m 39s | eta=16m 40s | loss=0.0161 | eps=0.050 | mean turn reward=+0.171 | mean episode return/seat=+4.57
iter 4057/5000 (81.14%) | elapsed=1h 11m 40s | eta=16m 39s | loss=0.0161 | eps=0.050 | mean turn reward=+0.166 | mean episode return/seat=+4.43
iter 4058/5000 (81.16%) | elapsed=1h 11m 41s | eta=16m 38s | loss=0.0159 | eps=0.050 | mean turn reward=+0.169 | mean episode return/seat=+4.43
iter 4059/5000 (81.18%) | elapsed=1h 11m 42s | eta=16m 37s | loss=0.0161 | eps=0.050 | mean turn reward=+0.169 | mean episode return/seat=+4.48
iter 4060/5000 (81.20%) | elapsed=1h 11m 43s | eta=16m 36s | loss=0.0135 | eps=0.050 | mean turn reward=+0.168 | mean episode return/seat=+4.44
iter 4061/5000 (81.22%) | elapsed=1h 11m 44s | eta=16m 35s | loss=0.0176 | eps=0.050 | mean turn reward=+0.167 | mean episode return/seat=+4.44
iter 4062/5000 (81.24%) | elapsed=1h 11m 45s | eta=16m 34s | loss=0.0149 | eps=0.050 | mean turn reward=+0.169 | mean episode return/seat=+4.42
iter 4063/5000 (81.26%) | elapsed=1h 11m 46s | eta=16m 33s | loss=0.0183 | eps=0.050 | mean turn reward=+0.168 | mean episode return/seat=+4.42
iter 4064/5000 (81.28%) | elapsed=1h 11m 47s | eta=16m 32s | loss=0.0138 | eps=0.050 | mean turn reward=+0.168 | mean episode return/seat=+4.47
iter 4065/5000 (81.30%) | elapsed=1h 11m 48s | eta=16m 31s | loss=0.0180 | eps=0.050 | mean turn reward=+0.169 | mean episode return/seat=+4.47
iter 4066/5000 (81.32%) | elapsed=1h 11m 49s | eta=16m 29s | loss=0.0154 | eps=0.050 | mean turn reward=+0.167 | mean episode return/seat=+4.34
iter 4067/5000 (81.34%) | elapsed=1h 11m 50s | eta=16m 28s | loss=0.0163 | eps=0.050 | mean turn reward=+0.168 | mean episode return/seat=+4.35
iter 4068/5000 (81.36%) | elapsed=1h 11m 51s | eta=16m 27s | loss=0.0150 | eps=0.050 | mean turn reward=+0.170 | mean episode return/seat=+4.51
iter 4069/5000 (81.38%) | elapsed=1h 11m 52s | eta=16m 26s | loss=0.0165 | eps=0.050 | mean turn reward=+0.163 | mean episode return/seat=+4.27
iter 4070/5000 (81.40%) | elapsed=1h 11m 54s | eta=16m 25s | loss=0.0153 | eps=0.050 | mean turn reward=+0.167 | mean episode return/seat=+4.36
iter 4071/5000 (81.42%) | elapsed=1h 11m 55s | eta=16m 24s | loss=0.0181 | eps=0.050 | mean turn reward=+0.165 | mean episode return/seat=+4.34
iter 4072/5000 (81.44%) | elapsed=1h 11m 56s | eta=16m 23s | loss=0.0158 | eps=0.050 | mean turn reward=+0.169 | mean episode return/seat=+4.45
iter 4073/5000 (81.46%) | elapsed=1h 11m 57s | eta=16m 22s | loss=0.0167 | eps=0.050 | mean turn reward=+0.166 | mean episode return/seat=+4.38
iter 4074/5000 (81.48%) | elapsed=1h 11m 58s | eta=16m 21s | loss=0.0155 | eps=0.050 | mean turn reward=+0.168 | mean episode return/seat=+4.44
iter 4075/5000 (81.50%) | elapsed=1h 11m 59s | eta=16m 20s | loss=0.0172 | eps=0.050 | mean turn reward=+0.166 | mean episode return/seat=+4.42
iter 4076/5000 (81.52%) | elapsed=1h 12m 00s | eta=16m 19s | loss=0.0165 | eps=0.050 | mean turn reward=+0.166 | mean episode return/seat=+4.33
iter 4077/5000 (81.54%) | elapsed=1h 12m 01s | eta=16m 18s | loss=0.0178 | eps=0.050 | mean turn reward=+0.170 | mean episode return/seat=+4.47
iter 4078/5000 (81.56%) | elapsed=1h 12m 02s | eta=16m 17s | loss=0.0149 | eps=0.050 | mean turn reward=+0.168 | mean episode return/seat=+4.48
iter 4079/5000 (81.58%) | elapsed=1h 12m 03s | eta=16m 16s | loss=0.0157 | eps=0.050 | mean turn reward=+0.166 | mean episode return/seat=+4.40
iter 4080/5000 (81.60%) | elapsed=1h 12m 04s | eta=16m 15s | loss=0.0166 | eps=0.050 | mean turn reward=+0.166 | mean episode return/seat=+4.33
iter 4081/5000 (81.62%) | elapsed=1h 12m 05s | eta=16m 14s | loss=0.0162 | eps=0.050 | mean turn reward=+0.168 | mean episode return/seat=+4.44
iter 4082/5000 (81.64%) | elapsed=1h 12m 06s | eta=16m 13s | loss=0.0160 | eps=0.050 | mean turn reward=+0.168 | mean episode return/seat=+4.39
iter 4083/5000 (81.66%) | elapsed=1h 12m 07s | eta=16m 11s | loss=0.0166 | eps=0.050 | mean turn reward=+0.167 | mean episode return/seat=+4.47
iter 4084/5000 (81.68%) | elapsed=1h 12m 08s | eta=16m 10s | loss=0.0181 | eps=0.050 | mean turn reward=+0.167 | mean episode return/seat=+4.39
iter 4085/5000 (81.70%) | elapsed=1h 12m 10s | eta=16m 09s | loss=0.0172 | eps=0.050 | mean turn reward=+0.168 | mean episode return/seat=+4.47
iter 4086/5000 (81.72%) | elapsed=1h 12m 11s | eta=16m 08s | loss=0.0166 | eps=0.050 | mean turn reward=+0.167 | mean episode return/seat=+4.39
iter 4087/5000 (81.74%) | elapsed=1h 12m 12s | eta=16m 07s | loss=0.0167 | eps=0.050 | mean turn reward=+0.167 | mean episode return/seat=+4.35
iter 4088/5000 (81.76%) | elapsed=1h 12m 13s | eta=16m 06s | loss=0.0197 | eps=0.050 | mean turn reward=+0.167 | mean episode return/seat=+4.43
iter 4089/5000 (81.78%) | elapsed=1h 12m 14s | eta=16m 05s | loss=0.0160 | eps=0.050 | mean turn reward=+0.165 | mean episode return/seat=+4.40
iter 4090/5000 (81.80%) | elapsed=1h 12m 15s | eta=16m 04s | loss=0.0174 | eps=0.050 | mean turn reward=+0.170 | mean episode return/seat=+4.50
iter 4091/5000 (81.82%) | elapsed=1h 12m 16s | eta=16m 03s | loss=0.0174 | eps=0.050 | mean turn reward=+0.166 | mean episode return/seat=+4.40
iter 4092/5000 (81.84%) | elapsed=1h 12m 17s | eta=16m 02s | loss=0.0146 | eps=0.050 | mean turn reward=+0.169 | mean episode return/seat=+4.45
iter 4093/5000 (81.86%) | elapsed=1h 12m 18s | eta=16m 01s | loss=0.0184 | eps=0.050 | mean turn reward=+0.167 | mean episode return/seat=+4.41
iter 4094/5000 (81.88%) | elapsed=1h 12m 19s | eta=16m 00s | loss=0.0177 | eps=0.050 | mean turn reward=+0.166 | mean episode return/seat=+4.35
iter 4095/5000 (81.90%) | elapsed=1h 12m 20s | eta=15m 59s | loss=0.0171 | eps=0.050 | mean turn reward=+0.168 | mean episode return/seat=+4.43
iter 4096/5000 (81.92%) | elapsed=1h 12m 21s | eta=15m 58s | loss=0.0154 | eps=0.050 | mean turn reward=+0.167 | mean episode return/seat=+4.36
iter 4097/5000 (81.94%) | elapsed=1h 12m 22s | eta=15m 57s | loss=0.0138 | eps=0.050 | mean turn reward=+0.165 | mean episode return/seat=+4.42
iter 4098/5000 (81.96%) | elapsed=1h 12m 23s | eta=15m 56s | loss=0.0161 | eps=0.050 | mean turn reward=+0.168 | mean episode return/seat=+4.49
iter 4099/5000 (81.98%) | elapsed=1h 12m 24s | eta=15m 55s | loss=0.0156 | eps=0.050 | mean turn reward=+0.164 | mean episode return/seat=+4.24
iter 4100/5000 (82.00%) | elapsed=1h 12m 26s | eta=15m 54s | loss=0.0167 | eps=0.050 | mean turn reward=+0.164 | mean episode return/seat=+4.30
iter 4101/5000 (82.02%) | elapsed=1h 12m 27s | eta=15m 52s | loss=0.0165 | eps=0.050 | mean turn reward=+0.166 | mean episode return/seat=+4.36
iter 4102/5000 (82.04%) | elapsed=1h 12m 28s | eta=15m 51s | loss=0.0158 | eps=0.050 | mean turn reward=+0.168 | mean episode return/seat=+4.49
iter 4103/5000 (82.06%) | elapsed=1h 12m 29s | eta=15m 50s | loss=0.0162 | eps=0.050 | mean turn reward=+0.167 | mean episode return/seat=+4.39
iter 4104/5000 (82.08%) | elapsed=1h 12m 30s | eta=15m 49s | loss=0.0175 | eps=0.050 | mean turn reward=+0.169 | mean episode return/seat=+4.45
iter 4105/5000 (82.10%) | elapsed=1h 12m 31s | eta=15m 48s | loss=0.0156 | eps=0.050 | mean turn reward=+0.167 | mean episode return/seat=+4.38
iter 4106/5000 (82.12%) | elapsed=1h 12m 32s | eta=15m 47s | loss=0.0173 | eps=0.050 | mean turn reward=+0.167 | mean episode return/seat=+4.43
iter 4107/5000 (82.14%) | elapsed=1h 12m 33s | eta=15m 46s | loss=0.0153 | eps=0.050 | mean turn reward=+0.166 | mean episode return/seat=+4.32
iter 4108/5000 (82.16%) | elapsed=1h 12m 34s | eta=15m 45s | loss=0.0156 | eps=0.050 | mean turn reward=+0.166 | mean episode return/seat=+4.38
iter 4109/5000 (82.18%) | elapsed=1h 12m 35s | eta=15m 44s | loss=0.0169 | eps=0.050 | mean turn reward=+0.166 | mean episode return/seat=+4.36
iter 4110/5000 (82.20%) | elapsed=1h 12m 36s | eta=15m 43s | loss=0.0170 | eps=0.050 | mean turn reward=+0.165 | mean episode return/seat=+4.29
iter 4111/5000 (82.22%) | elapsed=1h 12m 37s | eta=15m 42s | loss=0.0144 | eps=0.050 | mean turn reward=+0.168 | mean episode return/seat=+4.48
iter 4112/5000 (82.24%) | elapsed=1h 12m 39s | eta=15m 41s | loss=0.0164 | eps=0.050 | mean turn reward=+0.166 | mean episode return/seat=+4.31
iter 4113/5000 (82.26%) | elapsed=1h 12m 40s | eta=15m 40s | loss=0.0164 | eps=0.050 | mean turn reward=+0.166 | mean episode return/seat=+4.36
iter 4114/5000 (82.28%) | elapsed=1h 12m 41s | eta=15m 39s | loss=0.0156 | eps=0.050 | mean turn reward=+0.166 | mean episode return/seat=+4.36
iter 4115/5000 (82.30%) | elapsed=1h 12m 42s | eta=15m 38s | loss=0.0157 | eps=0.050 | mean turn reward=+0.165 | mean episode return/seat=+4.37
iter 4116/5000 (82.32%) | elapsed=1h 12m 43s | eta=15m 37s | loss=0.0178 | eps=0.050 | mean turn reward=+0.167 | mean episode return/seat=+4.37
iter 4117/5000 (82.34%) | elapsed=1h 12m 44s | eta=15m 36s | loss=0.0147 | eps=0.050 | mean turn reward=+0.167 | mean episode return/seat=+4.41
iter 4118/5000 (82.36%) | elapsed=1h 12m 45s | eta=15m 35s | loss=0.0176 | eps=0.050 | mean turn reward=+0.170 | mean episode return/seat=+4.50
iter 4119/5000 (82.38%) | elapsed=1h 12m 46s | eta=15m 33s | loss=0.0146 | eps=0.050 | mean turn reward=+0.167 | mean episode return/seat=+4.44
iter 4120/5000 (82.40%) | elapsed=1h 12m 47s | eta=15m 32s | loss=0.0170 | eps=0.050 | mean turn reward=+0.168 | mean episode return/seat=+4.50
iter 4121/5000 (82.42%) | elapsed=1h 12m 48s | eta=15m 31s | loss=0.0164 | eps=0.050 | mean turn reward=+0.166 | mean episode return/seat=+4.37
iter 4122/5000 (82.44%) | elapsed=1h 12m 49s | eta=15m 30s | loss=0.0171 | eps=0.050 | mean turn reward=+0.167 | mean episode return/seat=+4.39
iter 4123/5000 (82.46%) | elapsed=1h 12m 51s | eta=15m 29s | loss=0.0160 | eps=0.050 | mean turn reward=+0.166 | mean episode return/seat=+4.39
iter 4124/5000 (82.48%) | elapsed=1h 12m 52s | eta=15m 28s | loss=0.0156 | eps=0.050 | mean turn reward=+0.169 | mean episode return/seat=+4.44
iter 4125/5000 (82.50%) | elapsed=1h 12m 53s | eta=15m 27s | loss=0.0154 | eps=0.050 | mean turn reward=+0.166 | mean episode return/seat=+4.39
iter 4126/5000 (82.52%) | elapsed=1h 12m 54s | eta=15m 26s | loss=0.0159 | eps=0.050 | mean turn reward=+0.168 | mean episode return/seat=+4.39
iter 4127/5000 (82.54%) | elapsed=1h 12m 55s | eta=15m 25s | loss=0.0168 | eps=0.050 | mean turn reward=+0.166 | mean episode return/seat=+4.34
iter 4128/5000 (82.56%) | elapsed=1h 12m 56s | eta=15m 24s | loss=0.0171 | eps=0.050 | mean turn reward=+0.166 | mean episode return/seat=+4.36
iter 4129/5000 (82.58%) | elapsed=1h 12m 57s | eta=15m 23s | loss=0.0146 | eps=0.050 | mean turn reward=+0.169 | mean episode return/seat=+4.43
iter 4130/5000 (82.60%) | elapsed=1h 12m 58s | eta=15m 22s | loss=0.0158 | eps=0.050 | mean turn reward=+0.167 | mean episode return/seat=+4.44
iter 4131/5000 (82.62%) | elapsed=1h 12m 59s | eta=15m 21s | loss=0.0151 | eps=0.050 | mean turn reward=+0.167 | mean episode return/seat=+4.40
iter 4132/5000 (82.64%) | elapsed=1h 13m 00s | eta=15m 20s | loss=0.0166 | eps=0.050 | mean turn reward=+0.167 | mean episode return/seat=+4.45
iter 4133/5000 (82.66%) | elapsed=1h 13m 01s | eta=15m 19s | loss=0.0168 | eps=0.050 | mean turn reward=+0.165 | mean episode return/seat=+4.31
iter 4134/5000 (82.68%) | elapsed=1h 13m 02s | eta=15m 18s | loss=0.0151 | eps=0.050 | mean turn reward=+0.167 | mean episode return/seat=+4.39
iter 4135/5000 (82.70%) | elapsed=1h 13m 04s | eta=15m 17s | loss=0.0165 | eps=0.050 | mean turn reward=+0.168 | mean episode return/seat=+4.44
iter 4136/5000 (82.72%) | elapsed=1h 13m 05s | eta=15m 16s | loss=0.0158 | eps=0.050 | mean turn reward=+0.168 | mean episode return/seat=+4.40
iter 4137/5000 (82.74%) | elapsed=1h 13m 06s | eta=15m 14s | loss=0.0152 | eps=0.050 | mean turn reward=+0.165 | mean episode return/seat=+4.35
iter 4138/5000 (82.76%) | elapsed=1h 13m 07s | eta=15m 13s | loss=0.0153 | eps=0.050 | mean turn reward=+0.164 | mean episode return/seat=+4.29
iter 4139/5000 (82.78%) | elapsed=1h 13m 08s | eta=15m 12s | loss=0.0161 | eps=0.050 | mean turn reward=+0.167 | mean episode return/seat=+4.42
iter 4140/5000 (82.80%) | elapsed=1h 13m 09s | eta=15m 11s | loss=0.0168 | eps=0.050 | mean turn reward=+0.169 | mean episode return/seat=+4.43
iter 4141/5000 (82.82%) | elapsed=1h 13m 10s | eta=15m 10s | loss=0.0178 | eps=0.050 | mean turn reward=+0.169 | mean episode return/seat=+4.41
iter 4142/5000 (82.84%) | elapsed=1h 13m 11s | eta=15m 09s | loss=0.0177 | eps=0.050 | mean turn reward=+0.166 | mean episode return/seat=+4.32
iter 4143/5000 (82.86%) | elapsed=1h 13m 12s | eta=15m 08s | loss=0.0144 | eps=0.050 | mean turn reward=+0.165 | mean episode return/seat=+4.29
iter 4144/5000 (82.88%) | elapsed=1h 13m 13s | eta=15m 07s | loss=0.0154 | eps=0.050 | mean turn reward=+0.165 | mean episode return/seat=+4.39
iter 4145/5000 (82.90%) | elapsed=1h 13m 14s | eta=15m 06s | loss=0.0152 | eps=0.050 | mean turn reward=+0.167 | mean episode return/seat=+4.39
iter 4146/5000 (82.92%) | elapsed=1h 13m 16s | eta=15m 05s | loss=0.0163 | eps=0.050 | mean turn reward=+0.167 | mean episode return/seat=+4.44
iter 4147/5000 (82.94%) | elapsed=1h 13m 17s | eta=15m 04s | loss=0.0177 | eps=0.050 | mean turn reward=+0.170 | mean episode return/seat=+4.55
iter 4148/5000 (82.96%) | elapsed=1h 13m 18s | eta=15m 03s | loss=0.0168 | eps=0.050 | mean turn reward=+0.166 | mean episode return/seat=+4.32
iter 4149/5000 (82.98%) | elapsed=1h 13m 19s | eta=15m 02s | loss=0.0167 | eps=0.050 | mean turn reward=+0.168 | mean episode return/seat=+4.37
iter 4150/5000 (83.00%) | elapsed=1h 13m 20s | eta=15m 01s | loss=0.0163 | eps=0.050 | mean turn reward=+0.167 | mean episode return/seat=+4.40
iter 4151/5000 (83.02%) | elapsed=1h 13m 21s | eta=15m 00s | loss=0.0138 | eps=0.050 | mean turn reward=+0.166 | mean episode return/seat=+4.40
iter 4152/5000 (83.04%) | elapsed=1h 13m 22s | eta=14m 59s | loss=0.0147 | eps=0.050 | mean turn reward=+0.165 | mean episode return/seat=+4.31
iter 4153/5000 (83.06%) | elapsed=1h 13m 23s | eta=14m 58s | loss=0.0159 | eps=0.050 | mean turn reward=+0.165 | mean episode return/seat=+4.35
iter 4154/5000 (83.08%) | elapsed=1h 13m 24s | eta=14m 57s | loss=0.0158 | eps=0.050 | mean turn reward=+0.167 | mean episode return/seat=+4.40
iter 4155/5000 (83.10%) | elapsed=1h 13m 25s | eta=14m 56s | loss=0.0145 | eps=0.050 | mean turn reward=+0.167 | mean episode return/seat=+4.42
iter 4156/5000 (83.12%) | elapsed=1h 13m 26s | eta=14m 54s | loss=0.0183 | eps=0.050 | mean turn reward=+0.168 | mean episode return/seat=+4.48
iter 4157/5000 (83.14%) | elapsed=1h 13m 28s | eta=14m 53s | loss=0.0159 | eps=0.050 | mean turn reward=+0.167 | mean episode return/seat=+4.37
iter 4158/5000 (83.16%) | elapsed=1h 13m 29s | eta=14m 52s | loss=0.0173 | eps=0.050 | mean turn reward=+0.169 | mean episode return/seat=+4.47
iter 4159/5000 (83.18%) | elapsed=1h 13m 30s | eta=14m 51s | loss=0.0150 | eps=0.050 | mean turn reward=+0.167 | mean episode return/seat=+4.40
iter 4160/5000 (83.20%) | elapsed=1h 13m 31s | eta=14m 50s | loss=0.0182 | eps=0.050 | mean turn reward=+0.169 | mean episode return/seat=+4.44
iter 4161/5000 (83.22%) | elapsed=1h 13m 32s | eta=14m 49s | loss=0.0152 | eps=0.050 | mean turn reward=+0.168 | mean episode return/seat=+4.45
iter 4162/5000 (83.24%) | elapsed=1h 13m 33s | eta=14m 48s | loss=0.0168 | eps=0.050 | mean turn reward=+0.167 | mean episode return/seat=+4.40
iter 4163/5000 (83.26%) | elapsed=1h 13m 34s | eta=14m 47s | loss=0.0166 | eps=0.050 | mean turn reward=+0.166 | mean episode return/seat=+4.37
iter 4164/5000 (83.28%) | elapsed=1h 13m 35s | eta=14m 46s | loss=0.0165 | eps=0.050 | mean turn reward=+0.169 | mean episode return/seat=+4.43
iter 4165/5000 (83.30%) | elapsed=1h 13m 36s | eta=14m 45s | loss=0.0157 | eps=0.050 | mean turn reward=+0.166 | mean episode return/seat=+4.39
iter 4166/5000 (83.32%) | elapsed=1h 13m 37s | eta=14m 44s | loss=0.0153 | eps=0.050 | mean turn reward=+0.166 | mean episode return/seat=+4.35
iter 4167/5000 (83.34%) | elapsed=1h 13m 39s | eta=14m 43s | loss=0.0173 | eps=0.050 | mean turn reward=+0.169 | mean episode return/seat=+4.51
iter 4168/5000 (83.36%) | elapsed=1h 13m 40s | eta=14m 42s | loss=0.0171 | eps=0.050 | mean turn reward=+0.167 | mean episode return/seat=+4.40
iter 4169/5000 (83.38%) | elapsed=1h 13m 41s | eta=14m 41s | loss=0.0177 | eps=0.050 | mean turn reward=+0.167 | mean episode return/seat=+4.36
iter 4170/5000 (83.40%) | elapsed=1h 13m 42s | eta=14m 40s | loss=0.0171 | eps=0.050 | mean turn reward=+0.166 | mean episode return/seat=+4.33
iter 4171/5000 (83.42%) | elapsed=1h 13m 43s | eta=14m 39s | loss=0.0150 | eps=0.050 | mean turn reward=+0.167 | mean episode return/seat=+4.34
iter 4172/5000 (83.44%) | elapsed=1h 13m 44s | eta=14m 38s | loss=0.0184 | eps=0.050 | mean turn reward=+0.170 | mean episode return/seat=+4.56
iter 4173/5000 (83.46%) | elapsed=1h 13m 45s | eta=14m 37s | loss=0.0189 | eps=0.050 | mean turn reward=+0.166 | mean episode return/seat=+4.35
iter 4174/5000 (83.48%) | elapsed=1h 13m 46s | eta=14m 36s | loss=0.0166 | eps=0.050 | mean turn reward=+0.168 | mean episode return/seat=+4.42
iter 4175/5000 (83.50%) | elapsed=1h 13m 47s | eta=14m 34s | loss=0.0160 | eps=0.050 | mean turn reward=+0.166 | mean episode return/seat=+4.37
iter 4176/5000 (83.52%) | elapsed=1h 13m 49s | eta=14m 33s | loss=0.0165 | eps=0.050 | mean turn reward=+0.168 | mean episode return/seat=+4.38
iter 4177/5000 (83.54%) | elapsed=1h 13m 50s | eta=14m 32s | loss=0.0168 | eps=0.050 | mean turn reward=+0.166 | mean episode return/seat=+4.40
iter 4178/5000 (83.56%) | elapsed=1h 13m 51s | eta=14m 31s | loss=0.0152 | eps=0.050 | mean turn reward=+0.166 | mean episode return/seat=+4.42
iter 4179/5000 (83.58%) | elapsed=1h 13m 52s | eta=14m 30s | loss=0.0148 | eps=0.050 | mean turn reward=+0.169 | mean episode return/seat=+4.50
iter 4180/5000 (83.60%) | elapsed=1h 13m 53s | eta=14m 29s | loss=0.0176 | eps=0.050 | mean turn reward=+0.168 | mean episode return/seat=+4.42
iter 4181/5000 (83.62%) | elapsed=1h 13m 54s | eta=14m 28s | loss=0.0177 | eps=0.050 | mean turn reward=+0.167 | mean episode return/seat=+4.39
iter 4182/5000 (83.64%) | elapsed=1h 13m 55s | eta=14m 27s | loss=0.0165 | eps=0.050 | mean turn reward=+0.167 | mean episode return/seat=+4.42
iter 4183/5000 (83.66%) | elapsed=1h 13m 56s | eta=14m 26s | loss=0.0166 | eps=0.050 | mean turn reward=+0.164 | mean episode return/seat=+4.25
iter 4184/5000 (83.68%) | elapsed=1h 13m 57s | eta=14m 25s | loss=0.0135 | eps=0.050 | mean turn reward=+0.165 | mean episode return/seat=+4.36
iter 4185/5000 (83.70%) | elapsed=1h 13m 58s | eta=14m 24s | loss=0.0148 | eps=0.050 | mean turn reward=+0.168 | mean episode return/seat=+4.42
iter 4186/5000 (83.72%) | elapsed=1h 13m 59s | eta=14m 23s | loss=0.0155 | eps=0.050 | mean turn reward=+0.167 | mean episode return/seat=+4.41
iter 4187/5000 (83.74%) | elapsed=1h 14m 00s | eta=14m 22s | loss=0.0174 | eps=0.050 | mean turn reward=+0.166 | mean episode return/seat=+4.36
iter 4188/5000 (83.76%) | elapsed=1h 14m 01s | eta=14m 21s | loss=0.0148 | eps=0.050 | mean turn reward=+0.169 | mean episode return/seat=+4.43
iter 4189/5000 (83.78%) | elapsed=1h 14m 03s | eta=14m 20s | loss=0.0162 | eps=0.050 | mean turn reward=+0.165 | mean episode return/seat=+4.33
iter 4190/5000 (83.80%) | elapsed=1h 14m 04s | eta=14m 19s | loss=0.0170 | eps=0.050 | mean turn reward=+0.167 | mean episode return/seat=+4.45
iter 4191/5000 (83.82%) | elapsed=1h 14m 05s | eta=14m 18s | loss=0.0168 | eps=0.050 | mean turn reward=+0.164 | mean episode return/seat=+4.30
iter 4192/5000 (83.84%) | elapsed=1h 14m 06s | eta=14m 17s | loss=0.0149 | eps=0.050 | mean turn reward=+0.167 | mean episode return/seat=+4.42
iter 4193/5000 (83.86%) | elapsed=1h 14m 07s | eta=14m 15s | loss=0.0156 | eps=0.050 | mean turn reward=+0.166 | mean episode return/seat=+4.33
iter 4194/5000 (83.88%) | elapsed=1h 14m 08s | eta=14m 14s | loss=0.0175 | eps=0.050 | mean turn reward=+0.165 | mean episode return/seat=+4.35
iter 4195/5000 (83.90%) | elapsed=1h 14m 09s | eta=14m 13s | loss=0.0171 | eps=0.050 | mean turn reward=+0.168 | mean episode return/seat=+4.36
iter 4196/5000 (83.92%) | elapsed=1h 14m 10s | eta=14m 12s | loss=0.0154 | eps=0.050 | mean turn reward=+0.168 | mean episode return/seat=+4.44
iter 4197/5000 (83.94%) | elapsed=1h 14m 11s | eta=14m 11s | loss=0.0201 | eps=0.050 | mean turn reward=+0.165 | mean episode return/seat=+4.34
iter 4198/5000 (83.96%) | elapsed=1h 14m 12s | eta=14m 10s | loss=0.0180 | eps=0.050 | mean turn reward=+0.166 | mean episode return/seat=+4.32
iter 4199/5000 (83.98%) | elapsed=1h 14m 13s | eta=14m 09s | loss=0.0173 | eps=0.050 | mean turn reward=+0.168 | mean episode return/seat=+4.43
iter 4200/5000 (84.00%) | elapsed=1h 14m 14s | eta=14m 08s | loss=0.0178 | eps=0.050 | mean turn reward=+0.169 | mean episode return/seat=+4.44
iter 4201/5000 (84.02%) | elapsed=1h 14m 15s | eta=14m 07s | loss=0.0156 | eps=0.050 | mean turn reward=+0.169 | mean episode return/seat=+4.49
iter 4202/5000 (84.04%) | elapsed=1h 14m 17s | eta=14m 06s | loss=0.0148 | eps=0.050 | mean turn reward=+0.167 | mean episode return/seat=+4.40
iter 4203/5000 (84.06%) | elapsed=1h 14m 18s | eta=14m 05s | loss=0.0167 | eps=0.050 | mean turn reward=+0.167 | mean episode return/seat=+4.41
iter 4204/5000 (84.08%) | elapsed=1h 14m 19s | eta=14m 04s | loss=0.0164 | eps=0.050 | mean turn reward=+0.168 | mean episode return/seat=+4.47
iter 4205/5000 (84.10%) | elapsed=1h 14m 20s | eta=14m 03s | loss=0.0171 | eps=0.050 | mean turn reward=+0.164 | mean episode return/seat=+4.27
iter 4206/5000 (84.12%) | elapsed=1h 14m 21s | eta=14m 02s | loss=0.0165 | eps=0.050 | mean turn reward=+0.167 | mean episode return/seat=+4.44
iter 4207/5000 (84.14%) | elapsed=1h 14m 22s | eta=14m 01s | loss=0.0166 | eps=0.050 | mean turn reward=+0.169 | mean episode return/seat=+4.38
iter 4208/5000 (84.16%) | elapsed=1h 14m 23s | eta=14m 00s | loss=0.0164 | eps=0.050 | mean turn reward=+0.167 | mean episode return/seat=+4.40
iter 4209/5000 (84.18%) | elapsed=1h 14m 24s | eta=13m 59s | loss=0.0165 | eps=0.050 | mean turn reward=+0.167 | mean episode return/seat=+4.37
iter 4210/5000 (84.20%) | elapsed=1h 14m 25s | eta=13m 57s | loss=0.0163 | eps=0.050 | mean turn reward=+0.167 | mean episode return/seat=+4.47
iter 4211/5000 (84.22%) | elapsed=1h 14m 26s | eta=13m 56s | loss=0.0182 | eps=0.050 | mean turn reward=+0.167 | mean episode return/seat=+4.39
iter 4212/5000 (84.24%) | elapsed=1h 14m 27s | eta=13m 55s | loss=0.0172 | eps=0.050 | mean turn reward=+0.169 | mean episode return/seat=+4.47
iter 4213/5000 (84.26%) | elapsed=1h 14m 28s | eta=13m 54s | loss=0.0194 | eps=0.050 | mean turn reward=+0.168 | mean episode return/seat=+4.48
iter 4214/5000 (84.28%) | elapsed=1h 14m 30s | eta=13m 53s | loss=0.0176 | eps=0.050 | mean turn reward=+0.165 | mean episode return/seat=+4.37
iter 4215/5000 (84.30%) | elapsed=1h 14m 31s | eta=13m 52s | loss=0.0163 | eps=0.050 | mean turn reward=+0.166 | mean episode return/seat=+4.34
iter 4216/5000 (84.32%) | elapsed=1h 14m 32s | eta=13m 51s | loss=0.0140 | eps=0.050 | mean turn reward=+0.168 | mean episode return/seat=+4.46
iter 4217/5000 (84.34%) | elapsed=1h 14m 33s | eta=13m 50s | loss=0.0150 | eps=0.050 | mean turn reward=+0.169 | mean episode return/seat=+4.44
iter 4218/5000 (84.36%) | elapsed=1h 14m 34s | eta=13m 49s | loss=0.0169 | eps=0.050 | mean turn reward=+0.167 | mean episode return/seat=+4.44
iter 4219/5000 (84.38%) | elapsed=1h 14m 35s | eta=13m 48s | loss=0.0147 | eps=0.050 | mean turn reward=+0.167 | mean episode return/seat=+4.41
iter 4220/5000 (84.40%) | elapsed=1h 14m 36s | eta=13m 47s | loss=0.0173 | eps=0.050 | mean turn reward=+0.168 | mean episode return/seat=+4.41
iter 4221/5000 (84.42%) | elapsed=1h 14m 37s | eta=13m 46s | loss=0.0158 | eps=0.050 | mean turn reward=+0.165 | mean episode return/seat=+4.38
iter 4222/5000 (84.44%) | elapsed=1h 14m 38s | eta=13m 45s | loss=0.0174 | eps=0.050 | mean turn reward=+0.167 | mean episode return/seat=+4.40
iter 4223/5000 (84.46%) | elapsed=1h 14m 39s | eta=13m 44s | loss=0.0183 | eps=0.050 | mean turn reward=+0.167 | mean episode return/seat=+4.42
iter 4224/5000 (84.48%) | elapsed=1h 14m 40s | eta=13m 43s | loss=0.0157 | eps=0.050 | mean turn reward=+0.169 | mean episode return/seat=+4.44
iter 4225/5000 (84.50%) | elapsed=1h 14m 41s | eta=13m 42s | loss=0.0163 | eps=0.050 | mean turn reward=+0.171 | mean episode return/seat=+4.55
iter 4226/5000 (84.52%) | elapsed=1h 14m 43s | eta=13m 41s | loss=0.0156 | eps=0.050 | mean turn reward=+0.167 | mean episode return/seat=+4.42
iter 4227/5000 (84.54%) | elapsed=1h 14m 44s | eta=13m 40s | loss=0.0162 | eps=0.050 | mean turn reward=+0.168 | mean episode return/seat=+4.39
iter 4228/5000 (84.56%) | elapsed=1h 14m 45s | eta=13m 38s | loss=0.0157 | eps=0.050 | mean turn reward=+0.168 | mean episode return/seat=+4.50
iter 4229/5000 (84.58%) | elapsed=1h 14m 46s | eta=13m 37s | loss=0.0161 | eps=0.050 | mean turn reward=+0.167 | mean episode return/seat=+4.38
iter 4230/5000 (84.60%) | elapsed=1h 14m 47s | eta=13m 36s | loss=0.0158 | eps=0.050 | mean turn reward=+0.166 | mean episode return/seat=+4.36
iter 4231/5000 (84.62%) | elapsed=1h 14m 48s | eta=13m 35s | loss=0.0182 | eps=0.050 | mean turn reward=+0.168 | mean episode return/seat=+4.42
iter 4232/5000 (84.64%) | elapsed=1h 14m 49s | eta=13m 34s | loss=0.0163 | eps=0.050 | mean turn reward=+0.168 | mean episode return/seat=+4.42
iter 4233/5000 (84.66%) | elapsed=1h 14m 50s | eta=13m 33s | loss=0.0147 | eps=0.050 | mean turn reward=+0.167 | mean episode return/seat=+4.37
iter 4234/5000 (84.68%) | elapsed=1h 14m 51s | eta=13m 32s | loss=0.0159 | eps=0.050 | mean turn reward=+0.167 | mean episode return/seat=+4.37
iter 4235/5000 (84.70%) | elapsed=1h 14m 52s | eta=13m 31s | loss=0.0156 | eps=0.050 | mean turn reward=+0.167 | mean episode return/seat=+4.36
iter 4236/5000 (84.72%) | elapsed=1h 14m 53s | eta=13m 30s | loss=0.0180 | eps=0.050 | mean turn reward=+0.167 | mean episode return/seat=+4.36
iter 4237/5000 (84.74%) | elapsed=1h 14m 55s | eta=13m 29s | loss=0.0155 | eps=0.050 | mean turn reward=+0.168 | mean episode return/seat=+4.44
iter 4238/5000 (84.76%) | elapsed=1h 14m 56s | eta=13m 28s | loss=0.0151 | eps=0.050 | mean turn reward=+0.169 | mean episode return/seat=+4.47
iter 4239/5000 (84.78%) | elapsed=1h 14m 57s | eta=13m 27s | loss=0.0150 | eps=0.050 | mean turn reward=+0.168 | mean episode return/seat=+4.44
iter 4240/5000 (84.80%) | elapsed=1h 14m 58s | eta=13m 26s | loss=0.0158 | eps=0.050 | mean turn reward=+0.167 | mean episode return/seat=+4.42
iter 4241/5000 (84.82%) | elapsed=1h 14m 59s | eta=13m 25s | loss=0.0156 | eps=0.050 | mean turn reward=+0.167 | mean episode return/seat=+4.37
iter 4242/5000 (84.84%) | elapsed=1h 15m 00s | eta=13m 24s | loss=0.0170 | eps=0.050 | mean turn reward=+0.165 | mean episode return/seat=+4.34
iter 4243/5000 (84.86%) | elapsed=1h 15m 01s | eta=13m 23s | loss=0.0186 | eps=0.050 | mean turn reward=+0.167 | mean episode return/seat=+4.41
iter 4244/5000 (84.88%) | elapsed=1h 15m 02s | eta=13m 22s | loss=0.0172 | eps=0.050 | mean turn reward=+0.168 | mean episode return/seat=+4.43
iter 4245/5000 (84.90%) | elapsed=1h 15m 03s | eta=13m 21s | loss=0.0148 | eps=0.050 | mean turn reward=+0.166 | mean episode return/seat=+4.35
iter 4246/5000 (84.92%) | elapsed=1h 15m 04s | eta=13m 19s | loss=0.0170 | eps=0.050 | mean turn reward=+0.166 | mean episode return/seat=+4.35
iter 4247/5000 (84.94%) | elapsed=1h 15m 05s | eta=13m 18s | loss=0.0163 | eps=0.050 | mean turn reward=+0.167 | mean episode return/seat=+4.43
iter 4248/5000 (84.96%) | elapsed=1h 15m 06s | eta=13m 17s | loss=0.0174 | eps=0.050 | mean turn reward=+0.168 | mean episode return/seat=+4.43
iter 4249/5000 (84.98%) | elapsed=1h 15m 08s | eta=13m 16s | loss=0.0150 | eps=0.050 | mean turn reward=+0.164 | mean episode return/seat=+4.31
iter 4250/5000 (85.00%) | elapsed=1h 15m 09s | eta=13m 15s | loss=0.0172 | eps=0.050 | mean turn reward=+0.169 | mean episode return/seat=+4.42
iter 4251/5000 (85.02%) | elapsed=1h 15m 10s | eta=13m 14s | loss=0.0166 | eps=0.050 | mean turn reward=+0.168 | mean episode return/seat=+4.40
iter 4252/5000 (85.04%) | elapsed=1h 15m 11s | eta=13m 13s | loss=0.0175 | eps=0.050 | mean turn reward=+0.167 | mean episode return/seat=+4.35
iter 4253/5000 (85.06%) | elapsed=1h 15m 12s | eta=13m 12s | loss=0.0147 | eps=0.050 | mean turn reward=+0.168 | mean episode return/seat=+4.44
iter 4254/5000 (85.08%) | elapsed=1h 15m 13s | eta=13m 11s | loss=0.0157 | eps=0.050 | mean turn reward=+0.168 | mean episode return/seat=+4.44
iter 4255/5000 (85.10%) | elapsed=1h 15m 14s | eta=13m 10s | loss=0.0166 | eps=0.050 | mean turn reward=+0.165 | mean episode return/seat=+4.31
iter 4256/5000 (85.12%) | elapsed=1h 15m 15s | eta=13m 09s | loss=0.0155 | eps=0.050 | mean turn reward=+0.166 | mean episode return/seat=+4.33
iter 4257/5000 (85.14%) | elapsed=1h 15m 16s | eta=13m 08s | loss=0.0176 | eps=0.050 | mean turn reward=+0.166 | mean episode return/seat=+4.37
iter 4258/5000 (85.16%) | elapsed=1h 15m 17s | eta=13m 07s | loss=0.0150 | eps=0.050 | mean turn reward=+0.168 | mean episode return/seat=+4.41
iter 4259/5000 (85.18%) | elapsed=1h 15m 18s | eta=13m 06s | loss=0.0146 | eps=0.050 | mean turn reward=+0.168 | mean episode return/seat=+4.39
iter 4260/5000 (85.20%) | elapsed=1h 15m 19s | eta=13m 05s | loss=0.0150 | eps=0.050 | mean turn reward=+0.168 | mean episode return/seat=+4.43
iter 4261/5000 (85.22%) | elapsed=1h 15m 20s | eta=13m 04s | loss=0.0176 | eps=0.050 | mean turn reward=+0.168 | mean episode return/seat=+4.42
iter 4262/5000 (85.24%) | elapsed=1h 15m 21s | eta=13m 03s | loss=0.0169 | eps=0.050 | mean turn reward=+0.169 | mean episode return/seat=+4.52
iter 4263/5000 (85.26%) | elapsed=1h 15m 23s | eta=13m 01s | loss=0.0156 | eps=0.050 | mean turn reward=+0.166 | mean episode return/seat=+4.39
iter 4264/5000 (85.28%) | elapsed=1h 15m 24s | eta=13m 00s | loss=0.0154 | eps=0.050 | mean turn reward=+0.168 | mean episode return/seat=+4.42
iter 4265/5000 (85.30%) | elapsed=1h 15m 25s | eta=12m 59s | loss=0.0167 | eps=0.050 | mean turn reward=+0.169 | mean episode return/seat=+4.46
iter 4266/5000 (85.32%) | elapsed=1h 15m 26s | eta=12m 58s | loss=0.0149 | eps=0.050 | mean turn reward=+0.170 | mean episode return/seat=+4.50
iter 4267/5000 (85.34%) | elapsed=1h 15m 27s | eta=12m 57s | loss=0.0169 | eps=0.050 | mean turn reward=+0.169 | mean episode return/seat=+4.43
iter 4268/5000 (85.36%) | elapsed=1h 15m 28s | eta=12m 56s | loss=0.0169 | eps=0.050 | mean turn reward=+0.168 | mean episode return/seat=+4.42
iter 4269/5000 (85.38%) | elapsed=1h 15m 29s | eta=12m 55s | loss=0.0163 | eps=0.050 | mean turn reward=+0.168 | mean episode return/seat=+4.41
iter 4270/5000 (85.40%) | elapsed=1h 15m 30s | eta=12m 54s | loss=0.0167 | eps=0.050 | mean turn reward=+0.168 | mean episode return/seat=+4.42
iter 4271/5000 (85.42%) | elapsed=1h 15m 31s | eta=12m 53s | loss=0.0167 | eps=0.050 | mean turn reward=+0.167 | mean episode return/seat=+4.38
iter 4272/5000 (85.44%) | elapsed=1h 15m 32s | eta=12m 52s | loss=0.0145 | eps=0.050 | mean turn reward=+0.169 | mean episode return/seat=+4.47
iter 4273/5000 (85.46%) | elapsed=1h 15m 33s | eta=12m 51s | loss=0.0164 | eps=0.050 | mean turn reward=+0.168 | mean episode return/seat=+4.43
iter 4274/5000 (85.48%) | elapsed=1h 15m 34s | eta=12m 50s | loss=0.0157 | eps=0.050 | mean turn reward=+0.168 | mean episode return/seat=+4.46
iter 4275/5000 (85.50%) | elapsed=1h 15m 35s | eta=12m 49s | loss=0.0165 | eps=0.050 | mean turn reward=+0.168 | mean episode return/seat=+4.39
iter 4276/5000 (85.52%) | elapsed=1h 15m 36s | eta=12m 48s | loss=0.0182 | eps=0.050 | mean turn reward=+0.169 | mean episode return/seat=+4.48
iter 4277/5000 (85.54%) | elapsed=1h 15m 38s | eta=12m 47s | loss=0.0161 | eps=0.050 | mean turn reward=+0.168 | mean episode return/seat=+4.43
iter 4278/5000 (85.56%) | elapsed=1h 15m 39s | eta=12m 46s | loss=0.0164 | eps=0.050 | mean turn reward=+0.168 | mean episode return/seat=+4.44
iter 4279/5000 (85.58%) | elapsed=1h 15m 40s | eta=12m 45s | loss=0.0166 | eps=0.050 | mean turn reward=+0.168 | mean episode return/seat=+4.45
iter 4280/5000 (85.60%) | elapsed=1h 15m 41s | eta=12m 43s | loss=0.0193 | eps=0.050 | mean turn reward=+0.167 | mean episode return/seat=+4.42
iter 4281/5000 (85.62%) | elapsed=1h 15m 42s | eta=12m 42s | loss=0.0164 | eps=0.050 | mean turn reward=+0.167 | mean episode return/seat=+4.41
iter 4282/5000 (85.64%) | elapsed=1h 15m 43s | eta=12m 41s | loss=0.0154 | eps=0.050 | mean turn reward=+0.168 | mean episode return/seat=+4.42
iter 4283/5000 (85.66%) | elapsed=1h 15m 44s | eta=12m 40s | loss=0.0150 | eps=0.050 | mean turn reward=+0.171 | mean episode return/seat=+4.56
iter 4284/5000 (85.68%) | elapsed=1h 15m 45s | eta=12m 39s | loss=0.0158 | eps=0.050 | mean turn reward=+0.167 | mean episode return/seat=+4.39
iter 4285/5000 (85.70%) | elapsed=1h 15m 46s | eta=12m 38s | loss=0.0174 | eps=0.050 | mean turn reward=+0.168 | mean episode return/seat=+4.38
iter 4286/5000 (85.72%) | elapsed=1h 15m 47s | eta=12m 37s | loss=0.0141 | eps=0.050 | mean turn reward=+0.165 | mean episode return/seat=+4.33
iter 4287/5000 (85.74%) | elapsed=1h 15m 48s | eta=12m 36s | loss=0.0173 | eps=0.050 | mean turn reward=+0.168 | mean episode return/seat=+4.42
iter 4288/5000 (85.76%) | elapsed=1h 15m 49s | eta=12m 35s | loss=0.0151 | eps=0.050 | mean turn reward=+0.169 | mean episode return/seat=+4.48
iter 4289/5000 (85.78%) | elapsed=1h 15m 50s | eta=12m 34s | loss=0.0175 | eps=0.050 | mean turn reward=+0.167 | mean episode return/seat=+4.38
iter 4290/5000 (85.80%) | elapsed=1h 15m 51s | eta=12m 33s | loss=0.0168 | eps=0.050 | mean turn reward=+0.171 | mean episode return/seat=+4.55
iter 4291/5000 (85.82%) | elapsed=1h 15m 53s | eta=12m 32s | loss=0.0166 | eps=0.050 | mean turn reward=+0.170 | mean episode return/seat=+4.53
iter 4292/5000 (85.84%) | elapsed=1h 15m 54s | eta=12m 31s | loss=0.0156 | eps=0.050 | mean turn reward=+0.167 | mean episode return/seat=+4.39
iter 4293/5000 (85.86%) | elapsed=1h 15m 55s | eta=12m 30s | loss=0.0158 | eps=0.050 | mean turn reward=+0.167 | mean episode return/seat=+4.46
iter 4294/5000 (85.88%) | elapsed=1h 15m 56s | eta=12m 29s | loss=0.0179 | eps=0.050 | mean turn reward=+0.170 | mean episode return/seat=+4.48
iter 4295/5000 (85.90%) | elapsed=1h 15m 57s | eta=12m 28s | loss=0.0164 | eps=0.050 | mean turn reward=+0.168 | mean episode return/seat=+4.44
iter 4296/5000 (85.92%) | elapsed=1h 15m 58s | eta=12m 26s | loss=0.0157 | eps=0.050 | mean turn reward=+0.169 | mean episode return/seat=+4.48
iter 4297/5000 (85.94%) | elapsed=1h 15m 59s | eta=12m 25s | loss=0.0175 | eps=0.050 | mean turn reward=+0.167 | mean episode return/seat=+4.40
iter 4298/5000 (85.96%) | elapsed=1h 16m 00s | eta=12m 24s | loss=0.0148 | eps=0.050 | mean turn reward=+0.168 | mean episode return/seat=+4.46
iter 4299/5000 (85.98%) | elapsed=1h 16m 01s | eta=12m 23s | loss=0.0176 | eps=0.050 | mean turn reward=+0.168 | mean episode return/seat=+4.45
iter 4300/5000 (86.00%) | elapsed=1h 16m 02s | eta=12m 22s | loss=0.0145 | eps=0.050 | mean turn reward=+0.166 | mean episode return/seat=+4.39
iter 4301/5000 (86.02%) | elapsed=1h 16m 03s | eta=12m 21s | loss=0.0175 | eps=0.050 | mean turn reward=+0.167 | mean episode return/seat=+4.44
iter 4302/5000 (86.04%) | elapsed=1h 16m 04s | eta=12m 20s | loss=0.0170 | eps=0.050 | mean turn reward=+0.166 | mean episode return/seat=+4.33
iter 4303/5000 (86.06%) | elapsed=1h 16m 05s | eta=12m 19s | loss=0.0153 | eps=0.050 | mean turn reward=+0.165 | mean episode return/seat=+4.36
iter 4304/5000 (86.08%) | elapsed=1h 16m 06s | eta=12m 18s | loss=0.0156 | eps=0.050 | mean turn reward=+0.167 | mean episode return/seat=+4.33
iter 4305/5000 (86.10%) | elapsed=1h 16m 08s | eta=12m 17s | loss=0.0150 | eps=0.050 | mean turn reward=+0.168 | mean episode return/seat=+4.43
iter 4306/5000 (86.12%) | elapsed=1h 16m 09s | eta=12m 16s | loss=0.0158 | eps=0.050 | mean turn reward=+0.168 | mean episode return/seat=+4.39
iter 4307/5000 (86.14%) | elapsed=1h 16m 10s | eta=12m 15s | loss=0.0166 | eps=0.050 | mean turn reward=+0.167 | mean episode return/seat=+4.36
iter 4308/5000 (86.16%) | elapsed=1h 16m 11s | eta=12m 14s | loss=0.0179 | eps=0.050 | mean turn reward=+0.168 | mean episode return/seat=+4.44
iter 4309/5000 (86.18%) | elapsed=1h 16m 12s | eta=12m 13s | loss=0.0152 | eps=0.050 | mean turn reward=+0.167 | mean episode return/seat=+4.37
iter 4310/5000 (86.20%) | elapsed=1h 16m 13s | eta=12m 12s | loss=0.0155 | eps=0.050 | mean turn reward=+0.167 | mean episode return/seat=+4.45
iter 4311/5000 (86.22%) | elapsed=1h 16m 14s | eta=12m 11s | loss=0.0149 | eps=0.050 | mean turn reward=+0.167 | mean episode return/seat=+4.37
iter 4312/5000 (86.24%) | elapsed=1h 16m 15s | eta=12m 10s | loss=0.0150 | eps=0.050 | mean turn reward=+0.167 | mean episode return/seat=+4.48
iter 4313/5000 (86.26%) | elapsed=1h 16m 16s | eta=12m 09s | loss=0.0178 | eps=0.050 | mean turn reward=+0.170 | mean episode return/seat=+4.49
iter 4314/5000 (86.28%) | elapsed=1h 16m 17s | eta=12m 07s | loss=0.0169 | eps=0.050 | mean turn reward=+0.167 | mean episode return/seat=+4.39
iter 4315/5000 (86.30%) | elapsed=1h 16m 18s | eta=12m 06s | loss=0.0165 | eps=0.050 | mean turn reward=+0.168 | mean episode return/seat=+4.47
iter 4316/5000 (86.32%) | elapsed=1h 16m 20s | eta=12m 05s | loss=0.0147 | eps=0.050 | mean turn reward=+0.167 | mean episode return/seat=+4.41
iter 4317/5000 (86.34%) | elapsed=1h 16m 21s | eta=12m 04s | loss=0.0152 | eps=0.050 | mean turn reward=+0.169 | mean episode return/seat=+4.46
iter 4318/5000 (86.36%) | elapsed=1h 16m 22s | eta=12m 03s | loss=0.0131 | eps=0.050 | mean turn reward=+0.166 | mean episode return/seat=+4.40
iter 4319/5000 (86.38%) | elapsed=1h 16m 23s | eta=12m 02s | loss=0.0158 | eps=0.050 | mean turn reward=+0.167 | mean episode return/seat=+4.38
iter 4320/5000 (86.40%) | elapsed=1h 16m 24s | eta=12m 01s | loss=0.0170 | eps=0.050 | mean turn reward=+0.166 | mean episode return/seat=+4.37
iter 4321/5000 (86.42%) | elapsed=1h 16m 25s | eta=12m 00s | loss=0.0153 | eps=0.050 | mean turn reward=+0.168 | mean episode return/seat=+4.40
iter 4322/5000 (86.44%) | elapsed=1h 16m 26s | eta=11m 59s | loss=0.0149 | eps=0.050 | mean turn reward=+0.167 | mean episode return/seat=+4.38
iter 4323/5000 (86.46%) | elapsed=1h 16m 27s | eta=11m 58s | loss=0.0165 | eps=0.050 | mean turn reward=+0.166 | mean episode return/seat=+4.35
iter 4324/5000 (86.48%) | elapsed=1h 16m 28s | eta=11m 57s | loss=0.0162 | eps=0.050 | mean turn reward=+0.167 | mean episode return/seat=+4.32
iter 4325/5000 (86.50%) | elapsed=1h 16m 29s | eta=11m 56s | loss=0.0149 | eps=0.050 | mean turn reward=+0.165 | mean episode return/seat=+4.34
iter 4326/5000 (86.52%) | elapsed=1h 16m 30s | eta=11m 55s | loss=0.0154 | eps=0.050 | mean turn reward=+0.169 | mean episode return/seat=+4.48
iter 4327/5000 (86.54%) | elapsed=1h 16m 31s | eta=11m 54s | loss=0.0135 | eps=0.050 | mean turn reward=+0.169 | mean episode return/seat=+4.47
iter 4328/5000 (86.56%) | elapsed=1h 16m 32s | eta=11m 53s | loss=0.0167 | eps=0.050 | mean turn reward=+0.167 | mean episode return/seat=+4.40
iter 4329/5000 (86.58%) | elapsed=1h 16m 34s | eta=11m 52s | loss=0.0162 | eps=0.050 | mean turn reward=+0.168 | mean episode return/seat=+4.44
iter 4330/5000 (86.60%) | elapsed=1h 16m 35s | eta=11m 51s | loss=0.0149 | eps=0.050 | mean turn reward=+0.169 | mean episode return/seat=+4.51
iter 4331/5000 (86.62%) | elapsed=1h 16m 36s | eta=11m 49s | loss=0.0183 | eps=0.050 | mean turn reward=+0.165 | mean episode return/seat=+4.34
iter 4332/5000 (86.64%) | elapsed=1h 16m 37s | eta=11m 48s | loss=0.0145 | eps=0.050 | mean turn reward=+0.167 | mean episode return/seat=+4.40
iter 4333/5000 (86.66%) | elapsed=1h 16m 38s | eta=11m 47s | loss=0.0167 | eps=0.050 | mean turn reward=+0.167 | mean episode return/seat=+4.37
iter 4334/5000 (86.68%) | elapsed=1h 16m 39s | eta=11m 46s | loss=0.0169 | eps=0.050 | mean turn reward=+0.167 | mean episode return/seat=+4.38
iter 4335/5000 (86.70%) | elapsed=1h 16m 40s | eta=11m 45s | loss=0.0167 | eps=0.050 | mean turn reward=+0.167 | mean episode return/seat=+4.37
iter 4336/5000 (86.72%) | elapsed=1h 16m 41s | eta=11m 44s | loss=0.0173 | eps=0.050 | mean turn reward=+0.170 | mean episode return/seat=+4.55
iter 4337/5000 (86.74%) | elapsed=1h 16m 42s | eta=11m 43s | loss=0.0157 | eps=0.050 | mean turn reward=+0.168 | mean episode return/seat=+4.42
iter 4338/5000 (86.76%) | elapsed=1h 16m 43s | eta=11m 42s | loss=0.0166 | eps=0.050 | mean turn reward=+0.167 | mean episode return/seat=+4.34
iter 4339/5000 (86.78%) | elapsed=1h 16m 44s | eta=11m 41s | loss=0.0145 | eps=0.050 | mean turn reward=+0.167 | mean episode return/seat=+4.38
iter 4340/5000 (86.80%) | elapsed=1h 16m 46s | eta=11m 40s | loss=0.0168 | eps=0.050 | mean turn reward=+0.167 | mean episode return/seat=+4.43
iter 4341/5000 (86.82%) | elapsed=1h 16m 47s | eta=11m 39s | loss=0.0148 | eps=0.050 | mean turn reward=+0.166 | mean episode return/seat=+4.40
iter 4342/5000 (86.84%) | elapsed=1h 16m 48s | eta=11m 38s | loss=0.0174 | eps=0.050 | mean turn reward=+0.168 | mean episode return/seat=+4.40
iter 4343/5000 (86.86%) | elapsed=1h 16m 49s | eta=11m 37s | loss=0.0173 | eps=0.050 | mean turn reward=+0.171 | mean episode return/seat=+4.51
iter 4344/5000 (86.88%) | elapsed=1h 16m 50s | eta=11m 36s | loss=0.0159 | eps=0.050 | mean turn reward=+0.168 | mean episode return/seat=+4.46
iter 4345/5000 (86.90%) | elapsed=1h 16m 51s | eta=11m 35s | loss=0.0178 | eps=0.050 | mean turn reward=+0.168 | mean episode return/seat=+4.43
iter 4346/5000 (86.92%) | elapsed=1h 16m 52s | eta=11m 34s | loss=0.0193 | eps=0.050 | mean turn reward=+0.165 | mean episode return/seat=+4.29
iter 4347/5000 (86.94%) | elapsed=1h 16m 53s | eta=11m 33s | loss=0.0171 | eps=0.050 | mean turn reward=+0.169 | mean episode return/seat=+4.43
iter 4348/5000 (86.96%) | elapsed=1h 16m 54s | eta=11m 31s | loss=0.0177 | eps=0.050 | mean turn reward=+0.168 | mean episode return/seat=+4.48
iter 4349/5000 (86.98%) | elapsed=1h 16m 55s | eta=11m 30s | loss=0.0161 | eps=0.050 | mean turn reward=+0.168 | mean episode return/seat=+4.45
iter 4350/5000 (87.00%) | elapsed=1h 16m 56s | eta=11m 29s | loss=0.0178 | eps=0.050 | mean turn reward=+0.168 | mean episode return/seat=+4.42
iter 4351/5000 (87.02%) | elapsed=1h 16m 57s | eta=11m 28s | loss=0.0165 | eps=0.050 | mean turn reward=+0.168 | mean episode return/seat=+4.39
iter 4352/5000 (87.04%) | elapsed=1h 16m 58s | eta=11m 27s | loss=0.0155 | eps=0.050 | mean turn reward=+0.168 | mean episode return/seat=+4.46
iter 4353/5000 (87.06%) | elapsed=1h 16m 59s | eta=11m 26s | loss=0.0149 | eps=0.050 | mean turn reward=+0.167 | mean episode return/seat=+4.42
iter 4354/5000 (87.08%) | elapsed=1h 17m 00s | eta=11m 25s | loss=0.0149 | eps=0.050 | mean turn reward=+0.167 | mean episode return/seat=+4.37
iter 4355/5000 (87.10%) | elapsed=1h 17m 01s | eta=11m 24s | loss=0.0161 | eps=0.050 | mean turn reward=+0.167 | mean episode return/seat=+4.40
iter 4356/5000 (87.12%) | elapsed=1h 17m 02s | eta=11m 23s | loss=0.0140 | eps=0.050 | mean turn reward=+0.171 | mean episode return/seat=+4.46
iter 4357/5000 (87.14%) | elapsed=1h 17m 04s | eta=11m 22s | loss=0.0174 | eps=0.050 | mean turn reward=+0.170 | mean episode return/seat=+4.51
iter 4358/5000 (87.16%) | elapsed=1h 17m 05s | eta=11m 21s | loss=0.0158 | eps=0.050 | mean turn reward=+0.169 | mean episode return/seat=+4.49
iter 4359/5000 (87.18%) | elapsed=1h 17m 06s | eta=11m 20s | loss=0.0180 | eps=0.050 | mean turn reward=+0.167 | mean episode return/seat=+4.40
iter 4360/5000 (87.20%) | elapsed=1h 17m 07s | eta=11m 19s | loss=0.0158 | eps=0.050 | mean turn reward=+0.167 | mean episode return/seat=+4.37
iter 4361/5000 (87.22%) | elapsed=1h 17m 08s | eta=11m 18s | loss=0.0164 | eps=0.050 | mean turn reward=+0.166 | mean episode return/seat=+4.40
iter 4362/5000 (87.24%) | elapsed=1h 17m 09s | eta=11m 17s | loss=0.0149 | eps=0.050 | mean turn reward=+0.169 | mean episode return/seat=+4.46
iter 4363/5000 (87.26%) | elapsed=1h 17m 10s | eta=11m 16s | loss=0.0148 | eps=0.050 | mean turn reward=+0.168 | mean episode return/seat=+4.37
iter 4364/5000 (87.28%) | elapsed=1h 17m 11s | eta=11m 14s | loss=0.0182 | eps=0.050 | mean turn reward=+0.169 | mean episode return/seat=+4.46
iter 4365/5000 (87.30%) | elapsed=1h 17m 12s | eta=11m 13s | loss=0.0173 | eps=0.050 | mean turn reward=+0.170 | mean episode return/seat=+4.51
iter 4366/5000 (87.32%) | elapsed=1h 17m 13s | eta=11m 12s | loss=0.0144 | eps=0.050 | mean turn reward=+0.168 | mean episode return/seat=+4.40
iter 4367/5000 (87.34%) | elapsed=1h 17m 14s | eta=11m 11s | loss=0.0143 | eps=0.050 | mean turn reward=+0.167 | mean episode return/seat=+4.43
iter 4368/5000 (87.36%) | elapsed=1h 17m 15s | eta=11m 10s | loss=0.0144 | eps=0.050 | mean turn reward=+0.167 | mean episode return/seat=+4.38
iter 4369/5000 (87.38%) | elapsed=1h 17m 16s | eta=11m 09s | loss=0.0172 | eps=0.050 | mean turn reward=+0.166 | mean episode return/seat=+4.35
iter 4370/5000 (87.40%) | elapsed=1h 17m 17s | eta=11m 08s | loss=0.0134 | eps=0.050 | mean turn reward=+0.170 | mean episode return/seat=+4.45
iter 4371/5000 (87.42%) | elapsed=1h 17m 18s | eta=11m 07s | loss=0.0154 | eps=0.050 | mean turn reward=+0.166 | mean episode return/seat=+4.40
iter 4372/5000 (87.44%) | elapsed=1h 17m 19s | eta=11m 06s | loss=0.0173 | eps=0.050 | mean turn reward=+0.168 | mean episode return/seat=+4.43
iter 4373/5000 (87.46%) | elapsed=1h 17m 21s | eta=11m 05s | loss=0.0164 | eps=0.050 | mean turn reward=+0.169 | mean episode return/seat=+4.41
iter 4374/5000 (87.48%) | elapsed=1h 17m 22s | eta=11m 04s | loss=0.0156 | eps=0.050 | mean turn reward=+0.168 | mean episode return/seat=+4.46
iter 4375/5000 (87.50%) | elapsed=1h 17m 23s | eta=11m 03s | loss=0.0165 | eps=0.050 | mean turn reward=+0.168 | mean episode return/seat=+4.44
iter 4376/5000 (87.52%) | elapsed=1h 17m 24s | eta=11m 02s | loss=0.0162 | eps=0.050 | mean turn reward=+0.168 | mean episode return/seat=+4.48
iter 4377/5000 (87.54%) | elapsed=1h 17m 25s | eta=11m 01s | loss=0.0156 | eps=0.050 | mean turn reward=+0.167 | mean episode return/seat=+4.40
iter 4378/5000 (87.56%) | elapsed=1h 17m 26s | eta=11m 00s | loss=0.0158 | eps=0.050 | mean turn reward=+0.165 | mean episode return/seat=+4.39
iter 4379/5000 (87.58%) | elapsed=1h 17m 27s | eta=10m 59s | loss=0.0153 | eps=0.050 | mean turn reward=+0.167 | mean episode return/seat=+4.39
iter 4380/5000 (87.60%) | elapsed=1h 17m 28s | eta=10m 57s | loss=0.0145 | eps=0.050 | mean turn reward=+0.167 | mean episode return/seat=+4.35
iter 4381/5000 (87.62%) | elapsed=1h 17m 29s | eta=10m 56s | loss=0.0186 | eps=0.050 | mean turn reward=+0.166 | mean episode return/seat=+4.35
iter 4382/5000 (87.64%) | elapsed=1h 17m 30s | eta=10m 55s | loss=0.0165 | eps=0.050 | mean turn reward=+0.168 | mean episode return/seat=+4.44
iter 4383/5000 (87.66%) | elapsed=1h 17m 31s | eta=10m 54s | loss=0.0173 | eps=0.050 | mean turn reward=+0.171 | mean episode return/seat=+4.54
iter 4384/5000 (87.68%) | elapsed=1h 17m 32s | eta=10m 53s | loss=0.0164 | eps=0.050 | mean turn reward=+0.169 | mean episode return/seat=+4.50
iter 4385/5000 (87.70%) | elapsed=1h 17m 33s | eta=10m 52s | loss=0.0169 | eps=0.050 | mean turn reward=+0.167 | mean episode return/seat=+4.43
iter 4386/5000 (87.72%) | elapsed=1h 17m 34s | eta=10m 51s | loss=0.0141 | eps=0.050 | mean turn reward=+0.165 | mean episode return/seat=+4.33
iter 4387/5000 (87.74%) | elapsed=1h 17m 35s | eta=10m 50s | loss=0.0161 | eps=0.050 | mean turn reward=+0.167 | mean episode return/seat=+4.38
iter 4388/5000 (87.76%) | elapsed=1h 17m 37s | eta=10m 49s | loss=0.0173 | eps=0.050 | mean turn reward=+0.166 | mean episode return/seat=+4.38
iter 4389/5000 (87.78%) | elapsed=1h 17m 38s | eta=10m 48s | loss=0.0153 | eps=0.050 | mean turn reward=+0.167 | mean episode return/seat=+4.38
iter 4390/5000 (87.80%) | elapsed=1h 17m 39s | eta=10m 47s | loss=0.0171 | eps=0.050 | mean turn reward=+0.169 | mean episode return/seat=+4.47
iter 4391/5000 (87.82%) | elapsed=1h 17m 40s | eta=10m 46s | loss=0.0168 | eps=0.050 | mean turn reward=+0.170 | mean episode return/seat=+4.51
iter 4392/5000 (87.84%) | elapsed=1h 17m 41s | eta=10m 45s | loss=0.0167 | eps=0.050 | mean turn reward=+0.167 | mean episode return/seat=+4.40
iter 4393/5000 (87.86%) | elapsed=1h 17m 42s | eta=10m 44s | loss=0.0170 | eps=0.050 | mean turn reward=+0.170 | mean episode return/seat=+4.48
iter 4394/5000 (87.88%) | elapsed=1h 17m 43s | eta=10m 43s | loss=0.0153 | eps=0.050 | mean turn reward=+0.166 | mean episode return/seat=+4.33
iter 4395/5000 (87.90%) | elapsed=1h 17m 44s | eta=10m 42s | loss=0.0173 | eps=0.050 | mean turn reward=+0.169 | mean episode return/seat=+4.49
iter 4396/5000 (87.92%) | elapsed=1h 17m 45s | eta=10m 41s | loss=0.0152 | eps=0.050 | mean turn reward=+0.168 | mean episode return/seat=+4.40
iter 4397/5000 (87.94%) | elapsed=1h 17m 46s | eta=10m 39s | loss=0.0190 | eps=0.050 | mean turn reward=+0.167 | mean episode return/seat=+4.40
iter 4398/5000 (87.96%) | elapsed=1h 17m 47s | eta=10m 38s | loss=0.0155 | eps=0.050 | mean turn reward=+0.166 | mean episode return/seat=+4.43
iter 4399/5000 (87.98%) | elapsed=1h 17m 48s | eta=10m 37s | loss=0.0156 | eps=0.050 | mean turn reward=+0.168 | mean episode return/seat=+4.40
iter 4400/5000 (88.00%) | elapsed=1h 17m 50s | eta=10m 36s | loss=0.0172 | eps=0.050 | mean turn reward=+0.165 | mean episode return/seat=+4.31
iter 4401/5000 (88.02%) | elapsed=1h 17m 51s | eta=10m 35s | loss=0.0154 | eps=0.050 | mean turn reward=+0.168 | mean episode return/seat=+4.41
iter 4402/5000 (88.04%) | elapsed=1h 17m 52s | eta=10m 34s | loss=0.0139 | eps=0.050 | mean turn reward=+0.165 | mean episode return/seat=+4.40
iter 4403/5000 (88.06%) | elapsed=1h 17m 53s | eta=10m 33s | loss=0.0168 | eps=0.050 | mean turn reward=+0.169 | mean episode return/seat=+4.43
iter 4404/5000 (88.08%) | elapsed=1h 17m 54s | eta=10m 32s | loss=0.0167 | eps=0.050 | mean turn reward=+0.169 | mean episode return/seat=+4.54
iter 4405/5000 (88.10%) | elapsed=1h 17m 55s | eta=10m 31s | loss=0.0160 | eps=0.050 | mean turn reward=+0.167 | mean episode return/seat=+4.40
iter 4406/5000 (88.12%) | elapsed=1h 17m 56s | eta=10m 30s | loss=0.0152 | eps=0.050 | mean turn reward=+0.169 | mean episode return/seat=+4.46
iter 4407/5000 (88.14%) | elapsed=1h 17m 57s | eta=10m 29s | loss=0.0170 | eps=0.050 | mean turn reward=+0.167 | mean episode return/seat=+4.41
iter 4408/5000 (88.16%) | elapsed=1h 17m 58s | eta=10m 28s | loss=0.0148 | eps=0.050 | mean turn reward=+0.167 | mean episode return/seat=+4.39
iter 4409/5000 (88.18%) | elapsed=1h 17m 59s | eta=10m 27s | loss=0.0158 | eps=0.050 | mean turn reward=+0.167 | mean episode return/seat=+4.32
iter 4410/5000 (88.20%) | elapsed=1h 18m 00s | eta=10m 26s | loss=0.0141 | eps=0.050 | mean turn reward=+0.166 | mean episode return/seat=+4.36
iter 4411/5000 (88.22%) | elapsed=1h 18m 01s | eta=10m 25s | loss=0.0183 | eps=0.050 | mean turn reward=+0.167 | mean episode return/seat=+4.37
iter 4412/5000 (88.24%) | elapsed=1h 18m 02s | eta=10m 24s | loss=0.0152 | eps=0.050 | mean turn reward=+0.169 | mean episode return/seat=+4.50
iter 4413/5000 (88.26%) | elapsed=1h 18m 03s | eta=10m 23s | loss=0.0153 | eps=0.050 | mean turn reward=+0.168 | mean episode return/seat=+4.38
iter 4414/5000 (88.28%) | elapsed=1h 18m 04s | eta=10m 21s | loss=0.0185 | eps=0.050 | mean turn reward=+0.169 | mean episode return/seat=+4.43
iter 4415/5000 (88.30%) | elapsed=1h 18m 06s | eta=10m 20s | loss=0.0181 | eps=0.050 | mean turn reward=+0.164 | mean episode return/seat=+4.31
iter 4416/5000 (88.32%) | elapsed=1h 18m 07s | eta=10m 19s | loss=0.0167 | eps=0.050 | mean turn reward=+0.169 | mean episode return/seat=+4.42
iter 4417/5000 (88.34%) | elapsed=1h 18m 08s | eta=10m 18s | loss=0.0161 | eps=0.050 | mean turn reward=+0.167 | mean episode return/seat=+4.42
iter 4418/5000 (88.36%) | elapsed=1h 18m 09s | eta=10m 17s | loss=0.0175 | eps=0.050 | mean turn reward=+0.165 | mean episode return/seat=+4.29
iter 4419/5000 (88.38%) | elapsed=1h 18m 10s | eta=10m 16s | loss=0.0140 | eps=0.050 | mean turn reward=+0.170 | mean episode return/seat=+4.58
iter 4420/5000 (88.40%) | elapsed=1h 18m 11s | eta=10m 15s | loss=0.0155 | eps=0.050 | mean turn reward=+0.168 | mean episode return/seat=+4.41
iter 4421/5000 (88.42%) | elapsed=1h 18m 12s | eta=10m 14s | loss=0.0183 | eps=0.050 | mean turn reward=+0.171 | mean episode return/seat=+4.53
iter 4422/5000 (88.44%) | elapsed=1h 18m 13s | eta=10m 13s | loss=0.0162 | eps=0.050 | mean turn reward=+0.168 | mean episode return/seat=+4.48
iter 4423/5000 (88.46%) | elapsed=1h 18m 14s | eta=10m 12s | loss=0.0200 | eps=0.050 | mean turn reward=+0.171 | mean episode return/seat=+4.50
iter 4424/5000 (88.48%) | elapsed=1h 18m 15s | eta=10m 11s | loss=0.0151 | eps=0.050 | mean turn reward=+0.167 | mean episode return/seat=+4.38
iter 4425/5000 (88.50%) | elapsed=1h 18m 16s | eta=10m 10s | loss=0.0172 | eps=0.050 | mean turn reward=+0.165 | mean episode return/seat=+4.36
iter 4426/5000 (88.52%) | elapsed=1h 18m 17s | eta=10m 09s | loss=0.0144 | eps=0.050 | mean turn reward=+0.166 | mean episode return/seat=+4.35
iter 4427/5000 (88.54%) | elapsed=1h 18m 18s | eta=10m 08s | loss=0.0160 | eps=0.050 | mean turn reward=+0.165 | mean episode return/seat=+4.30
iter 4428/5000 (88.56%) | elapsed=1h 18m 19s | eta=10m 07s | loss=0.0186 | eps=0.050 | mean turn reward=+0.168 | mean episode return/seat=+4.40
iter 4429/5000 (88.58%) | elapsed=1h 18m 20s | eta=10m 06s | loss=0.0139 | eps=0.050 | mean turn reward=+0.167 | mean episode return/seat=+4.35
iter 4430/5000 (88.60%) | elapsed=1h 18m 22s | eta=10m 04s | loss=0.0165 | eps=0.050 | mean turn reward=+0.166 | mean episode return/seat=+4.36
iter 4431/5000 (88.62%) | elapsed=1h 18m 23s | eta=10m 03s | loss=0.0159 | eps=0.050 | mean turn reward=+0.168 | mean episode return/seat=+4.45
iter 4432/5000 (88.64%) | elapsed=1h 18m 24s | eta=10m 02s | loss=0.0146 | eps=0.050 | mean turn reward=+0.166 | mean episode return/seat=+4.36
iter 4433/5000 (88.66%) | elapsed=1h 18m 25s | eta=10m 01s | loss=0.0150 | eps=0.050 | mean turn reward=+0.168 | mean episode return/seat=+4.41
iter 4434/5000 (88.68%) | elapsed=1h 18m 26s | eta=10m 00s | loss=0.0162 | eps=0.050 | mean turn reward=+0.169 | mean episode return/seat=+4.48
iter 4435/5000 (88.70%) | elapsed=1h 18m 27s | eta=9m 59s | loss=0.0164 | eps=0.050 | mean turn reward=+0.169 | mean episode return/seat=+4.45
iter 4436/5000 (88.72%) | elapsed=1h 18m 28s | eta=9m 58s | loss=0.0183 | eps=0.050 | mean turn reward=+0.166 | mean episode return/seat=+4.35
iter 4437/5000 (88.74%) | elapsed=1h 18m 29s | eta=9m 57s | loss=0.0158 | eps=0.050 | mean turn reward=+0.170 | mean episode return/seat=+4.47
iter 4438/5000 (88.76%) | elapsed=1h 18m 30s | eta=9m 56s | loss=0.0150 | eps=0.050 | mean turn reward=+0.167 | mean episode return/seat=+4.41
iter 4439/5000 (88.78%) | elapsed=1h 18m 31s | eta=9m 55s | loss=0.0151 | eps=0.050 | mean turn reward=+0.169 | mean episode return/seat=+4.48
iter 4440/5000 (88.80%) | elapsed=1h 18m 32s | eta=9m 54s | loss=0.0162 | eps=0.050 | mean turn reward=+0.164 | mean episode return/seat=+4.24
iter 4441/5000 (88.82%) | elapsed=1h 18m 33s | eta=9m 53s | loss=0.0160 | eps=0.050 | mean turn reward=+0.168 | mean episode return/seat=+4.46
iter 4442/5000 (88.84%) | elapsed=1h 18m 34s | eta=9m 52s | loss=0.0142 | eps=0.050 | mean turn reward=+0.165 | mean episode return/seat=+4.31
iter 4443/5000 (88.86%) | elapsed=1h 18m 35s | eta=9m 51s | loss=0.0148 | eps=0.050 | mean turn reward=+0.167 | mean episode return/seat=+4.35
iter 4444/5000 (88.88%) | elapsed=1h 18m 36s | eta=9m 50s | loss=0.0178 | eps=0.050 | mean turn reward=+0.168 | mean episode return/seat=+4.41
iter 4445/5000 (88.90%) | elapsed=1h 18m 37s | eta=9m 49s | loss=0.0173 | eps=0.050 | mean turn reward=+0.168 | mean episode return/seat=+4.47
iter 4446/5000 (88.92%) | elapsed=1h 18m 38s | eta=9m 48s | loss=0.0151 | eps=0.050 | mean turn reward=+0.167 | mean episode return/seat=+4.40
iter 4447/5000 (88.94%) | elapsed=1h 18m 40s | eta=9m 46s | loss=0.0171 | eps=0.050 | mean turn reward=+0.171 | mean episode return/seat=+4.56
iter 4448/5000 (88.96%) | elapsed=1h 18m 41s | eta=9m 45s | loss=0.0168 | eps=0.050 | mean turn reward=+0.170 | mean episode return/seat=+4.48
iter 4449/5000 (88.98%) | elapsed=1h 18m 42s | eta=9m 44s | loss=0.0149 | eps=0.050 | mean turn reward=+0.166 | mean episode return/seat=+4.35
iter 4450/5000 (89.00%) | elapsed=1h 18m 43s | eta=9m 43s | loss=0.0151 | eps=0.050 | mean turn reward=+0.166 | mean episode return/seat=+4.38
iter 4451/5000 (89.02%) | elapsed=1h 18m 44s | eta=9m 42s | loss=0.0161 | eps=0.050 | mean turn reward=+0.166 | mean episode return/seat=+4.37
iter 4452/5000 (89.04%) | elapsed=1h 18m 45s | eta=9m 41s | loss=0.0164 | eps=0.050 | mean turn reward=+0.168 | mean episode return/seat=+4.44
iter 4453/5000 (89.06%) | elapsed=1h 18m 46s | eta=9m 40s | loss=0.0158 | eps=0.050 | mean turn reward=+0.166 | mean episode return/seat=+4.39
iter 4454/5000 (89.08%) | elapsed=1h 18m 47s | eta=9m 39s | loss=0.0163 | eps=0.050 | mean turn reward=+0.166 | mean episode return/seat=+4.40
iter 4455/5000 (89.10%) | elapsed=1h 18m 48s | eta=9m 38s | loss=0.0142 | eps=0.050 | mean turn reward=+0.168 | mean episode return/seat=+4.48
iter 4456/5000 (89.12%) | elapsed=1h 18m 49s | eta=9m 37s | loss=0.0145 | eps=0.050 | mean turn reward=+0.168 | mean episode return/seat=+4.44
iter 4457/5000 (89.14%) | elapsed=1h 18m 50s | eta=9m 36s | loss=0.0160 | eps=0.050 | mean turn reward=+0.169 | mean episode return/seat=+4.50
iter 4458/5000 (89.16%) | elapsed=1h 18m 51s | eta=9m 35s | loss=0.0169 | eps=0.050 | mean turn reward=+0.164 | mean episode return/seat=+4.27
iter 4459/5000 (89.18%) | elapsed=1h 18m 52s | eta=9m 34s | loss=0.0155 | eps=0.050 | mean turn reward=+0.168 | mean episode return/seat=+4.44
iter 4460/5000 (89.20%) | elapsed=1h 18m 53s | eta=9m 33s | loss=0.0169 | eps=0.050 | mean turn reward=+0.168 | mean episode return/seat=+4.45
iter 4461/5000 (89.22%) | elapsed=1h 18m 54s | eta=9m 32s | loss=0.0169 | eps=0.050 | mean turn reward=+0.167 | mean episode return/seat=+4.42
iter 4462/5000 (89.24%) | elapsed=1h 18m 55s | eta=9m 31s | loss=0.0160 | eps=0.050 | mean turn reward=+0.169 | mean episode return/seat=+4.47
iter 4463/5000 (89.26%) | elapsed=1h 18m 56s | eta=9m 29s | loss=0.0158 | eps=0.050 | mean turn reward=+0.167 | mean episode return/seat=+4.40
iter 4464/5000 (89.28%) | elapsed=1h 18m 58s | eta=9m 28s | loss=0.0161 | eps=0.050 | mean turn reward=+0.167 | mean episode return/seat=+4.39
iter 4465/5000 (89.30%) | elapsed=1h 18m 59s | eta=9m 27s | loss=0.0151 | eps=0.050 | mean turn reward=+0.172 | mean episode return/seat=+4.55
iter 4466/5000 (89.32%) | elapsed=1h 19m 00s | eta=9m 26s | loss=0.0156 | eps=0.050 | mean turn reward=+0.166 | mean episode return/seat=+4.30
iter 4467/5000 (89.34%) | elapsed=1h 19m 01s | eta=9m 25s | loss=0.0160 | eps=0.050 | mean turn reward=+0.167 | mean episode return/seat=+4.39
iter 4468/5000 (89.36%) | elapsed=1h 19m 02s | eta=9m 24s | loss=0.0156 | eps=0.050 | mean turn reward=+0.167 | mean episode return/seat=+4.37
iter 4469/5000 (89.38%) | elapsed=1h 19m 03s | eta=9m 23s | loss=0.0172 | eps=0.050 | mean turn reward=+0.168 | mean episode return/seat=+4.45
iter 4470/5000 (89.40%) | elapsed=1h 19m 04s | eta=9m 22s | loss=0.0160 | eps=0.050 | mean turn reward=+0.168 | mean episode return/seat=+4.44
iter 4471/5000 (89.42%) | elapsed=1h 19m 05s | eta=9m 21s | loss=0.0164 | eps=0.050 | mean turn reward=+0.168 | mean episode return/seat=+4.50
iter 4472/5000 (89.44%) | elapsed=1h 19m 06s | eta=9m 20s | loss=0.0133 | eps=0.050 | mean turn reward=+0.166 | mean episode return/seat=+4.32
iter 4473/5000 (89.46%) | elapsed=1h 19m 07s | eta=9m 19s | loss=0.0160 | eps=0.050 | mean turn reward=+0.169 | mean episode return/seat=+4.54
iter 4474/5000 (89.48%) | elapsed=1h 19m 08s | eta=9m 18s | loss=0.0150 | eps=0.050 | mean turn reward=+0.165 | mean episode return/seat=+4.33
iter 4475/5000 (89.50%) | elapsed=1h 19m 09s | eta=9m 17s | loss=0.0166 | eps=0.050 | mean turn reward=+0.171 | mean episode return/seat=+4.52
iter 4476/5000 (89.52%) | elapsed=1h 19m 10s | eta=9m 16s | loss=0.0139 | eps=0.050 | mean turn reward=+0.169 | mean episode return/seat=+4.45
iter 4477/5000 (89.54%) | elapsed=1h 19m 11s | eta=9m 15s | loss=0.0143 | eps=0.050 | mean turn reward=+0.170 | mean episode return/seat=+4.57
iter 4478/5000 (89.56%) | elapsed=1h 19m 13s | eta=9m 14s | loss=0.0166 | eps=0.050 | mean turn reward=+0.166 | mean episode return/seat=+4.35
iter 4479/5000 (89.58%) | elapsed=1h 19m 14s | eta=9m 13s | loss=0.0164 | eps=0.050 | mean turn reward=+0.170 | mean episode return/seat=+4.47
iter 4480/5000 (89.60%) | elapsed=1h 19m 15s | eta=9m 11s | loss=0.0144 | eps=0.050 | mean turn reward=+0.166 | mean episode return/seat=+4.39
iter 4481/5000 (89.62%) | elapsed=1h 19m 16s | eta=9m 10s | loss=0.0170 | eps=0.050 | mean turn reward=+0.167 | mean episode return/seat=+4.36
iter 4482/5000 (89.64%) | elapsed=1h 19m 17s | eta=9m 09s | loss=0.0146 | eps=0.050 | mean turn reward=+0.166 | mean episode return/seat=+4.32
iter 4483/5000 (89.66%) | elapsed=1h 19m 18s | eta=9m 08s | loss=0.0161 | eps=0.050 | mean turn reward=+0.168 | mean episode return/seat=+4.51
iter 4484/5000 (89.68%) | elapsed=1h 19m 19s | eta=9m 07s | loss=0.0154 | eps=0.050 | mean turn reward=+0.166 | mean episode return/seat=+4.36
iter 4485/5000 (89.70%) | elapsed=1h 19m 20s | eta=9m 06s | loss=0.0148 | eps=0.050 | mean turn reward=+0.166 | mean episode return/seat=+4.36
iter 4486/5000 (89.72%) | elapsed=1h 19m 21s | eta=9m 05s | loss=0.0141 | eps=0.050 | mean turn reward=+0.167 | mean episode return/seat=+4.35
iter 4487/5000 (89.74%) | elapsed=1h 19m 22s | eta=9m 04s | loss=0.0138 | eps=0.050 | mean turn reward=+0.168 | mean episode return/seat=+4.41
iter 4488/5000 (89.76%) | elapsed=1h 19m 23s | eta=9m 03s | loss=0.0165 | eps=0.050 | mean turn reward=+0.168 | mean episode return/seat=+4.41
iter 4489/5000 (89.78%) | elapsed=1h 19m 24s | eta=9m 02s | loss=0.0175 | eps=0.050 | mean turn reward=+0.168 | mean episode return/seat=+4.41
iter 4490/5000 (89.80%) | elapsed=1h 19m 25s | eta=9m 01s | loss=0.0144 | eps=0.050 | mean turn reward=+0.168 | mean episode return/seat=+4.45
iter 4491/5000 (89.82%) | elapsed=1h 19m 26s | eta=9m 00s | loss=0.0139 | eps=0.050 | mean turn reward=+0.169 | mean episode return/seat=+4.43
iter 4492/5000 (89.84%) | elapsed=1h 19m 27s | eta=8m 59s | loss=0.0142 | eps=0.050 | mean turn reward=+0.170 | mean episode return/seat=+4.47
iter 4493/5000 (89.86%) | elapsed=1h 19m 28s | eta=8m 58s | loss=0.0170 | eps=0.050 | mean turn reward=+0.166 | mean episode return/seat=+4.35
iter 4494/5000 (89.88%) | elapsed=1h 19m 29s | eta=8m 57s | loss=0.0141 | eps=0.050 | mean turn reward=+0.169 | mean episode return/seat=+4.44
iter 4495/5000 (89.90%) | elapsed=1h 19m 30s | eta=8m 56s | loss=0.0170 | eps=0.050 | mean turn reward=+0.166 | mean episode return/seat=+4.31
iter 4496/5000 (89.92%) | elapsed=1h 19m 32s | eta=8m 54s | loss=0.0148 | eps=0.050 | mean turn reward=+0.168 | mean episode return/seat=+4.41
iter 4497/5000 (89.94%) | elapsed=1h 19m 33s | eta=8m 53s | loss=0.0182 | eps=0.050 | mean turn reward=+0.167 | mean episode return/seat=+4.39
iter 4498/5000 (89.96%) | elapsed=1h 19m 34s | eta=8m 52s | loss=0.0143 | eps=0.050 | mean turn reward=+0.168 | mean episode return/seat=+4.46
iter 4499/5000 (89.98%) | elapsed=1h 19m 35s | eta=8m 51s | loss=0.0161 | eps=0.050 | mean turn reward=+0.167 | mean episode return/seat=+4.39
iter 4500/5000 (90.00%) | elapsed=1h 19m 36s | eta=8m 50s | loss=0.0167 | eps=0.050 | mean turn reward=+0.168 | mean episode return/seat=+4.42
iter 4501/5000 (90.02%) | elapsed=1h 19m 37s | eta=8m 49s | loss=0.0138 | eps=0.050 | mean turn reward=+0.165 | mean episode return/seat=+4.32
iter 4502/5000 (90.04%) | elapsed=1h 19m 38s | eta=8m 48s | loss=0.0188 | eps=0.050 | mean turn reward=+0.166 | mean episode return/seat=+4.40
iter 4503/5000 (90.06%) | elapsed=1h 19m 39s | eta=8m 47s | loss=0.0153 | eps=0.050 | mean turn reward=+0.166 | mean episode return/seat=+4.38
iter 4504/5000 (90.08%) | elapsed=1h 19m 40s | eta=8m 46s | loss=0.0181 | eps=0.050 | mean turn reward=+0.163 | mean episode return/seat=+4.28
iter 4505/5000 (90.10%) | elapsed=1h 19m 41s | eta=8m 45s | loss=0.0152 | eps=0.050 | mean turn reward=+0.170 | mean episode return/seat=+4.51
iter 4506/5000 (90.12%) | elapsed=1h 19m 42s | eta=8m 44s | loss=0.0152 | eps=0.050 | mean turn reward=+0.166 | mean episode return/seat=+4.37
iter 4507/5000 (90.14%) | elapsed=1h 19m 43s | eta=8m 43s | loss=0.0150 | eps=0.050 | mean turn reward=+0.166 | mean episode return/seat=+4.37
iter 4508/5000 (90.16%) | elapsed=1h 19m 44s | eta=8m 42s | loss=0.0150 | eps=0.050 | mean turn reward=+0.170 | mean episode return/seat=+4.54
iter 4509/5000 (90.18%) | elapsed=1h 19m 45s | eta=8m 41s | loss=0.0167 | eps=0.050 | mean turn reward=+0.168 | mean episode return/seat=+4.46
iter 4510/5000 (90.20%) | elapsed=1h 19m 46s | eta=8m 40s | loss=0.0167 | eps=0.050 | mean turn reward=+0.168 | mean episode return/seat=+4.48
iter 4511/5000 (90.22%) | elapsed=1h 19m 47s | eta=8m 39s | loss=0.0168 | eps=0.050 | mean turn reward=+0.168 | mean episode return/seat=+4.49
iter 4512/5000 (90.24%) | elapsed=1h 19m 48s | eta=8m 37s | loss=0.0137 | eps=0.050 | mean turn reward=+0.165 | mean episode return/seat=+4.33
iter 4513/5000 (90.26%) | elapsed=1h 19m 49s | eta=8m 36s | loss=0.0157 | eps=0.050 | mean turn reward=+0.168 | mean episode return/seat=+4.40
iter 4514/5000 (90.28%) | elapsed=1h 19m 50s | eta=8m 35s | loss=0.0182 | eps=0.050 | mean turn reward=+0.169 | mean episode return/seat=+4.44
iter 4515/5000 (90.30%) | elapsed=1h 19m 52s | eta=8m 34s | loss=0.0167 | eps=0.050 | mean turn reward=+0.168 | mean episode return/seat=+4.45
iter 4516/5000 (90.32%) | elapsed=1h 19m 53s | eta=8m 33s | loss=0.0164 | eps=0.050 | mean turn reward=+0.167 | mean episode return/seat=+4.40
iter 4517/5000 (90.34%) | elapsed=1h 19m 54s | eta=8m 32s | loss=0.0171 | eps=0.050 | mean turn reward=+0.167 | mean episode return/seat=+4.42
iter 4518/5000 (90.36%) | elapsed=1h 19m 55s | eta=8m 31s | loss=0.0152 | eps=0.050 | mean turn reward=+0.167 | mean episode return/seat=+4.38
iter 4519/5000 (90.38%) | elapsed=1h 19m 56s | eta=8m 30s | loss=0.0163 | eps=0.050 | mean turn reward=+0.168 | mean episode return/seat=+4.45
iter 4520/5000 (90.40%) | elapsed=1h 19m 57s | eta=8m 29s | loss=0.0163 | eps=0.050 | mean turn reward=+0.168 | mean episode return/seat=+4.42
iter 4521/5000 (90.42%) | elapsed=1h 19m 58s | eta=8m 28s | loss=0.0161 | eps=0.050 | mean turn reward=+0.168 | mean episode return/seat=+4.38
iter 4522/5000 (90.44%) | elapsed=1h 19m 59s | eta=8m 27s | loss=0.0180 | eps=0.050 | mean turn reward=+0.168 | mean episode return/seat=+4.44
iter 4523/5000 (90.46%) | elapsed=1h 20m 00s | eta=8m 26s | loss=0.0165 | eps=0.050 | mean turn reward=+0.167 | mean episode return/seat=+4.41
iter 4524/5000 (90.48%) | elapsed=1h 20m 01s | eta=8m 25s | loss=0.0164 | eps=0.050 | mean turn reward=+0.168 | mean episode return/seat=+4.40
iter 4525/5000 (90.50%) | elapsed=1h 20m 02s | eta=8m 24s | loss=0.0166 | eps=0.050 | mean turn reward=+0.169 | mean episode return/seat=+4.46
iter 4526/5000 (90.52%) | elapsed=1h 20m 03s | eta=8m 23s | loss=0.0162 | eps=0.050 | mean turn reward=+0.168 | mean episode return/seat=+4.43
iter 4527/5000 (90.54%) | elapsed=1h 20m 04s | eta=8m 22s | loss=0.0141 | eps=0.050 | mean turn reward=+0.167 | mean episode return/seat=+4.46
iter 4528/5000 (90.56%) | elapsed=1h 20m 05s | eta=8m 20s | loss=0.0141 | eps=0.050 | mean turn reward=+0.168 | mean episode return/seat=+4.45
iter 4529/5000 (90.58%) | elapsed=1h 20m 06s | eta=8m 19s | loss=0.0177 | eps=0.050 | mean turn reward=+0.168 | mean episode return/seat=+4.43
iter 4530/5000 (90.60%) | elapsed=1h 20m 08s | eta=8m 18s | loss=0.0150 | eps=0.050 | mean turn reward=+0.167 | mean episode return/seat=+4.41
iter 4531/5000 (90.62%) | elapsed=1h 20m 09s | eta=8m 17s | loss=0.0159 | eps=0.050 | mean turn reward=+0.168 | mean episode return/seat=+4.43
iter 4532/5000 (90.64%) | elapsed=1h 20m 10s | eta=8m 16s | loss=0.0160 | eps=0.050 | mean turn reward=+0.166 | mean episode return/seat=+4.37
iter 4533/5000 (90.66%) | elapsed=1h 20m 11s | eta=8m 15s | loss=0.0169 | eps=0.050 | mean turn reward=+0.165 | mean episode return/seat=+4.35
iter 4534/5000 (90.68%) | elapsed=1h 20m 12s | eta=8m 14s | loss=0.0166 | eps=0.050 | mean turn reward=+0.169 | mean episode return/seat=+4.42
iter 4535/5000 (90.70%) | elapsed=1h 20m 13s | eta=8m 13s | loss=0.0143 | eps=0.050 | mean turn reward=+0.169 | mean episode return/seat=+4.46
iter 4536/5000 (90.72%) | elapsed=1h 20m 14s | eta=8m 12s | loss=0.0157 | eps=0.050 | mean turn reward=+0.168 | mean episode return/seat=+4.46
iter 4537/5000 (90.74%) | elapsed=1h 20m 15s | eta=8m 11s | loss=0.0181 | eps=0.050 | mean turn reward=+0.168 | mean episode return/seat=+4.42
iter 4538/5000 (90.76%) | elapsed=1h 20m 16s | eta=8m 10s | loss=0.0137 | eps=0.050 | mean turn reward=+0.167 | mean episode return/seat=+4.40
iter 4539/5000 (90.78%) | elapsed=1h 20m 17s | eta=8m 09s | loss=0.0176 | eps=0.050 | mean turn reward=+0.165 | mean episode return/seat=+4.34
iter 4540/5000 (90.80%) | elapsed=1h 20m 18s | eta=8m 08s | loss=0.0171 | eps=0.050 | mean turn reward=+0.167 | mean episode return/seat=+4.44
iter 4541/5000 (90.82%) | elapsed=1h 20m 19s | eta=8m 07s | loss=0.0168 | eps=0.050 | mean turn reward=+0.168 | mean episode return/seat=+4.37
iter 4542/5000 (90.84%) | elapsed=1h 20m 20s | eta=8m 06s | loss=0.0161 | eps=0.050 | mean turn reward=+0.168 | mean episode return/seat=+4.45
iter 4543/5000 (90.86%) | elapsed=1h 20m 21s | eta=8m 05s | loss=0.0157 | eps=0.050 | mean turn reward=+0.166 | mean episode return/seat=+4.35
iter 4544/5000 (90.88%) | elapsed=1h 20m 23s | eta=8m 04s | loss=0.0168 | eps=0.050 | mean turn reward=+0.169 | mean episode return/seat=+4.44
iter 4545/5000 (90.90%) | elapsed=1h 20m 24s | eta=8m 02s | loss=0.0151 | eps=0.050 | mean turn reward=+0.168 | mean episode return/seat=+4.45
iter 4546/5000 (90.92%) | elapsed=1h 20m 25s | eta=8m 01s | loss=0.0165 | eps=0.050 | mean turn reward=+0.166 | mean episode return/seat=+4.35
iter 4547/5000 (90.94%) | elapsed=1h 20m 26s | eta=8m 00s | loss=0.0160 | eps=0.050 | mean turn reward=+0.171 | mean episode return/seat=+4.48
iter 4548/5000 (90.96%) | elapsed=1h 20m 27s | eta=7m 59s | loss=0.0161 | eps=0.050 | mean turn reward=+0.167 | mean episode return/seat=+4.41
iter 4549/5000 (90.98%) | elapsed=1h 20m 28s | eta=7m 58s | loss=0.0167 | eps=0.050 | mean turn reward=+0.167 | mean episode return/seat=+4.41
iter 4550/5000 (91.00%) | elapsed=1h 20m 29s | eta=7m 57s | loss=0.0162 | eps=0.050 | mean turn reward=+0.168 | mean episode return/seat=+4.42
iter 4551/5000 (91.02%) | elapsed=1h 20m 30s | eta=7m 56s | loss=0.0168 | eps=0.050 | mean turn reward=+0.168 | mean episode return/seat=+4.46
iter 4552/5000 (91.04%) | elapsed=1h 20m 31s | eta=7m 55s | loss=0.0166 | eps=0.050 | mean turn reward=+0.167 | mean episode return/seat=+4.37
iter 4553/5000 (91.06%) | elapsed=1h 20m 32s | eta=7m 54s | loss=0.0184 | eps=0.050 | mean turn reward=+0.166 | mean episode return/seat=+4.34
iter 4554/5000 (91.08%) | elapsed=1h 20m 33s | eta=7m 53s | loss=0.0149 | eps=0.050 | mean turn reward=+0.169 | mean episode return/seat=+4.45
iter 4555/5000 (91.10%) | elapsed=1h 20m 34s | eta=7m 52s | loss=0.0173 | eps=0.050 | mean turn reward=+0.166 | mean episode return/seat=+4.37
iter 4556/5000 (91.12%) | elapsed=1h 20m 36s | eta=7m 51s | loss=0.0155 | eps=0.050 | mean turn reward=+0.167 | mean episode return/seat=+4.42
iter 4557/5000 (91.14%) | elapsed=1h 20m 37s | eta=7m 50s | loss=0.0170 | eps=0.050 | mean turn reward=+0.170 | mean episode return/seat=+4.45
iter 4558/5000 (91.16%) | elapsed=1h 20m 38s | eta=7m 49s | loss=0.0141 | eps=0.050 | mean turn reward=+0.169 | mean episode return/seat=+4.51
iter 4559/5000 (91.18%) | elapsed=1h 20m 39s | eta=7m 48s | loss=0.0147 | eps=0.050 | mean turn reward=+0.167 | mean episode return/seat=+4.44
iter 4560/5000 (91.20%) | elapsed=1h 20m 40s | eta=7m 47s | loss=0.0141 | eps=0.050 | mean turn reward=+0.166 | mean episode return/seat=+4.33
iter 4561/5000 (91.22%) | elapsed=1h 20m 41s | eta=7m 45s | loss=0.0158 | eps=0.050 | mean turn reward=+0.166 | mean episode return/seat=+4.36
iter 4562/5000 (91.24%) | elapsed=1h 20m 42s | eta=7m 44s | loss=0.0157 | eps=0.050 | mean turn reward=+0.167 | mean episode return/seat=+4.40
iter 4563/5000 (91.26%) | elapsed=1h 20m 43s | eta=7m 43s | loss=0.0180 | eps=0.050 | mean turn reward=+0.166 | mean episode return/seat=+4.39
iter 4564/5000 (91.28%) | elapsed=1h 20m 44s | eta=7m 42s | loss=0.0138 | eps=0.050 | mean turn reward=+0.168 | mean episode return/seat=+4.45
iter 4565/5000 (91.30%) | elapsed=1h 20m 45s | eta=7m 41s | loss=0.0166 | eps=0.050 | mean turn reward=+0.169 | mean episode return/seat=+4.46
iter 4566/5000 (91.32%) | elapsed=1h 20m 46s | eta=7m 40s | loss=0.0153 | eps=0.050 | mean turn reward=+0.167 | mean episode return/seat=+4.38
iter 4567/5000 (91.34%) | elapsed=1h 20m 47s | eta=7m 39s | loss=0.0165 | eps=0.050 | mean turn reward=+0.167 | mean episode return/seat=+4.38
iter 4568/5000 (91.36%) | elapsed=1h 20m 49s | eta=7m 38s | loss=0.0138 | eps=0.050 | mean turn reward=+0.168 | mean episode return/seat=+4.38
iter 4569/5000 (91.38%) | elapsed=1h 20m 50s | eta=7m 37s | loss=0.0175 | eps=0.050 | mean turn reward=+0.167 | mean episode return/seat=+4.43
iter 4570/5000 (91.40%) | elapsed=1h 20m 51s | eta=7m 36s | loss=0.0181 | eps=0.050 | mean turn reward=+0.168 | mean episode return/seat=+4.43
iter 4571/5000 (91.42%) | elapsed=1h 20m 52s | eta=7m 35s | loss=0.0170 | eps=0.050 | mean turn reward=+0.167 | mean episode return/seat=+4.39
iter 4572/5000 (91.44%) | elapsed=1h 20m 53s | eta=7m 34s | loss=0.0157 | eps=0.050 | mean turn reward=+0.166 | mean episode return/seat=+4.39
iter 4573/5000 (91.46%) | elapsed=1h 20m 54s | eta=7m 33s | loss=0.0157 | eps=0.050 | mean turn reward=+0.169 | mean episode return/seat=+4.48
iter 4574/5000 (91.48%) | elapsed=1h 20m 55s | eta=7m 32s | loss=0.0165 | eps=0.050 | mean turn reward=+0.169 | mean episode return/seat=+4.43
iter 4575/5000 (91.50%) | elapsed=1h 20m 56s | eta=7m 31s | loss=0.0172 | eps=0.050 | mean turn reward=+0.167 | mean episode return/seat=+4.40
iter 4576/5000 (91.52%) | elapsed=1h 20m 57s | eta=7m 30s | loss=0.0164 | eps=0.050 | mean turn reward=+0.166 | mean episode return/seat=+4.39
iter 4577/5000 (91.54%) | elapsed=1h 20m 58s | eta=7m 29s | loss=0.0162 | eps=0.050 | mean turn reward=+0.170 | mean episode return/seat=+4.51
iter 4578/5000 (91.56%) | elapsed=1h 20m 59s | eta=7m 27s | loss=0.0152 | eps=0.050 | mean turn reward=+0.169 | mean episode return/seat=+4.43
iter 4579/5000 (91.58%) | elapsed=1h 21m 00s | eta=7m 26s | loss=0.0170 | eps=0.050 | mean turn reward=+0.169 | mean episode return/seat=+4.50
iter 4580/5000 (91.60%) | elapsed=1h 21m 01s | eta=7m 25s | loss=0.0159 | eps=0.050 | mean turn reward=+0.167 | mean episode return/seat=+4.40
iter 4581/5000 (91.62%) | elapsed=1h 21m 03s | eta=7m 24s | loss=0.0154 | eps=0.050 | mean turn reward=+0.167 | mean episode return/seat=+4.41
iter 4582/5000 (91.64%) | elapsed=1h 21m 04s | eta=7m 23s | loss=0.0171 | eps=0.050 | mean turn reward=+0.166 | mean episode return/seat=+4.38
iter 4583/5000 (91.66%) | elapsed=1h 21m 05s | eta=7m 22s | loss=0.0144 | eps=0.050 | mean turn reward=+0.167 | mean episode return/seat=+4.43
iter 4584/5000 (91.68%) | elapsed=1h 21m 06s | eta=7m 21s | loss=0.0158 | eps=0.050 | mean turn reward=+0.167 | mean episode return/seat=+4.39
iter 4585/5000 (91.70%) | elapsed=1h 21m 07s | eta=7m 20s | loss=0.0143 | eps=0.050 | mean turn reward=+0.165 | mean episode return/seat=+4.41
iter 4586/5000 (91.72%) | elapsed=1h 21m 08s | eta=7m 19s | loss=0.0159 | eps=0.050 | mean turn reward=+0.166 | mean episode return/seat=+4.37
iter 4587/5000 (91.74%) | elapsed=1h 21m 09s | eta=7m 18s | loss=0.0149 | eps=0.050 | mean turn reward=+0.167 | mean episode return/seat=+4.39
iter 4588/5000 (91.76%) | elapsed=1h 21m 10s | eta=7m 17s | loss=0.0171 | eps=0.050 | mean turn reward=+0.169 | mean episode return/seat=+4.45
iter 4589/5000 (91.78%) | elapsed=1h 21m 11s | eta=7m 16s | loss=0.0152 | eps=0.050 | mean turn reward=+0.166 | mean episode return/seat=+4.33
iter 4590/5000 (91.80%) | elapsed=1h 21m 12s | eta=7m 15s | loss=0.0159 | eps=0.050 | mean turn reward=+0.170 | mean episode return/seat=+4.52
iter 4591/5000 (91.82%) | elapsed=1h 21m 13s | eta=7m 14s | loss=0.0156 | eps=0.050 | mean turn reward=+0.167 | mean episode return/seat=+4.36
iter 4592/5000 (91.84%) | elapsed=1h 21m 14s | eta=7m 13s | loss=0.0167 | eps=0.050 | mean turn reward=+0.169 | mean episode return/seat=+4.50
iter 4593/5000 (91.86%) | elapsed=1h 21m 15s | eta=7m 12s | loss=0.0147 | eps=0.050 | mean turn reward=+0.166 | mean episode return/seat=+4.36
iter 4594/5000 (91.88%) | elapsed=1h 21m 16s | eta=7m 11s | loss=0.0166 | eps=0.050 | mean turn reward=+0.167 | mean episode return/seat=+4.39
iter 4595/5000 (91.90%) | elapsed=1h 21m 17s | eta=7m 09s | loss=0.0147 | eps=0.050 | mean turn reward=+0.166 | mean episode return/seat=+4.43
iter 4596/5000 (91.92%) | elapsed=1h 21m 19s | eta=7m 08s | loss=0.0145 | eps=0.050 | mean turn reward=+0.166 | mean episode return/seat=+4.31
iter 4597/5000 (91.94%) | elapsed=1h 21m 20s | eta=7m 07s | loss=0.0167 | eps=0.050 | mean turn reward=+0.168 | mean episode return/seat=+4.36
iter 4598/5000 (91.96%) | elapsed=1h 21m 21s | eta=7m 06s | loss=0.0154 | eps=0.050 | mean turn reward=+0.168 | mean episode return/seat=+4.39
iter 4599/5000 (91.98%) | elapsed=1h 21m 22s | eta=7m 05s | loss=0.0168 | eps=0.050 | mean turn reward=+0.168 | mean episode return/seat=+4.40
iter 4600/5000 (92.00%) | elapsed=1h 21m 23s | eta=7m 04s | loss=0.0170 | eps=0.050 | mean turn reward=+0.171 | mean episode return/seat=+4.53
iter 4601/5000 (92.02%) | elapsed=1h 21m 24s | eta=7m 03s | loss=0.0190 | eps=0.050 | mean turn reward=+0.169 | mean episode return/seat=+4.50
iter 4602/5000 (92.04%) | elapsed=1h 21m 25s | eta=7m 02s | loss=0.0156 | eps=0.050 | mean turn reward=+0.168 | mean episode return/seat=+4.45
iter 4603/5000 (92.06%) | elapsed=1h 21m 26s | eta=7m 01s | loss=0.0155 | eps=0.050 | mean turn reward=+0.166 | mean episode return/seat=+4.39
iter 4604/5000 (92.08%) | elapsed=1h 21m 27s | eta=7m 00s | loss=0.0170 | eps=0.050 | mean turn reward=+0.170 | mean episode return/seat=+4.48
iter 4605/5000 (92.10%) | elapsed=1h 21m 28s | eta=6m 59s | loss=0.0175 | eps=0.050 | mean turn reward=+0.166 | mean episode return/seat=+4.38
iter 4606/5000 (92.12%) | elapsed=1h 21m 29s | eta=6m 58s | loss=0.0140 | eps=0.050 | mean turn reward=+0.169 | mean episode return/seat=+4.47
iter 4607/5000 (92.14%) | elapsed=1h 21m 30s | eta=6m 57s | loss=0.0138 | eps=0.050 | mean turn reward=+0.167 | mean episode return/seat=+4.42
iter 4608/5000 (92.16%) | elapsed=1h 21m 32s | eta=6m 56s | loss=0.0143 | eps=0.050 | mean turn reward=+0.168 | mean episode return/seat=+4.40
iter 4609/5000 (92.18%) | elapsed=1h 21m 33s | eta=6m 55s | loss=0.0165 | eps=0.050 | mean turn reward=+0.168 | mean episode return/seat=+4.45
iter 4610/5000 (92.20%) | elapsed=1h 21m 34s | eta=6m 54s | loss=0.0162 | eps=0.050 | mean turn reward=+0.166 | mean episode return/seat=+4.29
iter 4611/5000 (92.22%) | elapsed=1h 21m 35s | eta=6m 52s | loss=0.0169 | eps=0.050 | mean turn reward=+0.168 | mean episode return/seat=+4.48
iter 4612/5000 (92.24%) | elapsed=1h 21m 36s | eta=6m 51s | loss=0.0147 | eps=0.050 | mean turn reward=+0.167 | mean episode return/seat=+4.37
iter 4613/5000 (92.26%) | elapsed=1h 21m 37s | eta=6m 50s | loss=0.0169 | eps=0.050 | mean turn reward=+0.166 | mean episode return/seat=+4.36
iter 4614/5000 (92.28%) | elapsed=1h 21m 38s | eta=6m 49s | loss=0.0159 | eps=0.050 | mean turn reward=+0.169 | mean episode return/seat=+4.41
iter 4615/5000 (92.30%) | elapsed=1h 21m 39s | eta=6m 48s | loss=0.0154 | eps=0.050 | mean turn reward=+0.167 | mean episode return/seat=+4.42
iter 4616/5000 (92.32%) | elapsed=1h 21m 40s | eta=6m 47s | loss=0.0172 | eps=0.050 | mean turn reward=+0.167 | mean episode return/seat=+4.47
iter 4617/5000 (92.34%) | elapsed=1h 21m 41s | eta=6m 46s | loss=0.0156 | eps=0.050 | mean turn reward=+0.166 | mean episode return/seat=+4.31
iter 4618/5000 (92.36%) | elapsed=1h 21m 42s | eta=6m 45s | loss=0.0151 | eps=0.050 | mean turn reward=+0.170 | mean episode return/seat=+4.49
iter 4619/5000 (92.38%) | elapsed=1h 21m 43s | eta=6m 44s | loss=0.0144 | eps=0.050 | mean turn reward=+0.166 | mean episode return/seat=+4.39
iter 4620/5000 (92.40%) | elapsed=1h 21m 45s | eta=6m 43s | loss=0.0180 | eps=0.050 | mean turn reward=+0.167 | mean episode return/seat=+4.41
iter 4621/5000 (92.42%) | elapsed=1h 21m 46s | eta=6m 42s | loss=0.0160 | eps=0.050 | mean turn reward=+0.165 | mean episode return/seat=+4.31
iter 4622/5000 (92.44%) | elapsed=1h 21m 47s | eta=6m 41s | loss=0.0172 | eps=0.050 | mean turn reward=+0.166 | mean episode return/seat=+4.40
iter 4623/5000 (92.46%) | elapsed=1h 21m 48s | eta=6m 40s | loss=0.0151 | eps=0.050 | mean turn reward=+0.166 | mean episode return/seat=+4.36
iter 4624/5000 (92.48%) | elapsed=1h 21m 49s | eta=6m 39s | loss=0.0164 | eps=0.050 | mean turn reward=+0.168 | mean episode return/seat=+4.41
iter 4625/5000 (92.50%) | elapsed=1h 21m 50s | eta=6m 38s | loss=0.0152 | eps=0.050 | mean turn reward=+0.166 | mean episode return/seat=+4.34
iter 4626/5000 (92.52%) | elapsed=1h 21m 51s | eta=6m 37s | loss=0.0176 | eps=0.050 | mean turn reward=+0.167 | mean episode return/seat=+4.35
iter 4627/5000 (92.54%) | elapsed=1h 21m 52s | eta=6m 36s | loss=0.0143 | eps=0.050 | mean turn reward=+0.167 | mean episode return/seat=+4.42
iter 4628/5000 (92.56%) | elapsed=1h 21m 53s | eta=6m 34s | loss=0.0155 | eps=0.050 | mean turn reward=+0.167 | mean episode return/seat=+4.39
iter 4629/5000 (92.58%) | elapsed=1h 21m 54s | eta=6m 33s | loss=0.0162 | eps=0.050 | mean turn reward=+0.166 | mean episode return/seat=+4.39
iter 4630/5000 (92.60%) | elapsed=1h 21m 55s | eta=6m 32s | loss=0.0132 | eps=0.050 | mean turn reward=+0.168 | mean episode return/seat=+4.43
iter 4631/5000 (92.62%) | elapsed=1h 21m 56s | eta=6m 31s | loss=0.0173 | eps=0.050 | mean turn reward=+0.166 | mean episode return/seat=+4.42
iter 4632/5000 (92.64%) | elapsed=1h 21m 57s | eta=6m 30s | loss=0.0157 | eps=0.050 | mean turn reward=+0.166 | mean episode return/seat=+4.34
iter 4633/5000 (92.66%) | elapsed=1h 21m 58s | eta=6m 29s | loss=0.0178 | eps=0.050 | mean turn reward=+0.166 | mean episode return/seat=+4.33
iter 4634/5000 (92.68%) | elapsed=1h 22m 00s | eta=6m 28s | loss=0.0156 | eps=0.050 | mean turn reward=+0.169 | mean episode return/seat=+4.48
iter 4635/5000 (92.70%) | elapsed=1h 22m 01s | eta=6m 27s | loss=0.0153 | eps=0.050 | mean turn reward=+0.167 | mean episode return/seat=+4.44
iter 4636/5000 (92.72%) | elapsed=1h 22m 02s | eta=6m 26s | loss=0.0147 | eps=0.050 | mean turn reward=+0.168 | mean episode return/seat=+4.44
iter 4637/5000 (92.74%) | elapsed=1h 22m 03s | eta=6m 25s | loss=0.0147 | eps=0.050 | mean turn reward=+0.167 | mean episode return/seat=+4.38
iter 4638/5000 (92.76%) | elapsed=1h 22m 04s | eta=6m 24s | loss=0.0162 | eps=0.050 | mean turn reward=+0.168 | mean episode return/seat=+4.40
iter 4639/5000 (92.78%) | elapsed=1h 22m 05s | eta=6m 23s | loss=0.0155 | eps=0.050 | mean turn reward=+0.169 | mean episode return/seat=+4.45
iter 4640/5000 (92.80%) | elapsed=1h 22m 06s | eta=6m 22s | loss=0.0157 | eps=0.050 | mean turn reward=+0.164 | mean episode return/seat=+4.29
iter 4641/5000 (92.82%) | elapsed=1h 22m 07s | eta=6m 21s | loss=0.0166 | eps=0.050 | mean turn reward=+0.167 | mean episode return/seat=+4.41
iter 4642/5000 (92.84%) | elapsed=1h 22m 08s | eta=6m 20s | loss=0.0167 | eps=0.050 | mean turn reward=+0.167 | mean episode return/seat=+4.40
iter 4643/5000 (92.86%) | elapsed=1h 22m 09s | eta=6m 19s | loss=0.0178 | eps=0.050 | mean turn reward=+0.167 | mean episode return/seat=+4.38
iter 4644/5000 (92.88%) | elapsed=1h 22m 10s | eta=6m 17s | loss=0.0173 | eps=0.050 | mean turn reward=+0.168 | mean episode return/seat=+4.43
iter 4645/5000 (92.90%) | elapsed=1h 22m 11s | eta=6m 16s | loss=0.0171 | eps=0.050 | mean turn reward=+0.167 | mean episode return/seat=+4.39
iter 4646/5000 (92.92%) | elapsed=1h 22m 12s | eta=6m 15s | loss=0.0161 | eps=0.050 | mean turn reward=+0.167 | mean episode return/seat=+4.37
iter 4647/5000 (92.94%) | elapsed=1h 22m 13s | eta=6m 14s | loss=0.0156 | eps=0.050 | mean turn reward=+0.170 | mean episode return/seat=+4.44
iter 4648/5000 (92.96%) | elapsed=1h 22m 14s | eta=6m 13s | loss=0.0150 | eps=0.050 | mean turn reward=+0.169 | mean episode return/seat=+4.45
iter 4649/5000 (92.98%) | elapsed=1h 22m 15s | eta=6m 12s | loss=0.0165 | eps=0.050 | mean turn reward=+0.167 | mean episode return/seat=+4.40
iter 4650/5000 (93.00%) | elapsed=1h 22m 16s | eta=6m 11s | loss=0.0160 | eps=0.050 | mean turn reward=+0.167 | mean episode return/seat=+4.44
iter 4651/5000 (93.02%) | elapsed=1h 22m 18s | eta=6m 10s | loss=0.0142 | eps=0.050 | mean turn reward=+0.167 | mean episode return/seat=+4.41
iter 4652/5000 (93.04%) | elapsed=1h 22m 19s | eta=6m 09s | loss=0.0165 | eps=0.050 | mean turn reward=+0.169 | mean episode return/seat=+4.44
iter 4653/5000 (93.06%) | elapsed=1h 22m 20s | eta=6m 08s | loss=0.0148 | eps=0.050 | mean turn reward=+0.167 | mean episode return/seat=+4.38
iter 4654/5000 (93.08%) | elapsed=1h 22m 21s | eta=6m 07s | loss=0.0143 | eps=0.050 | mean turn reward=+0.168 | mean episode return/seat=+4.45
iter 4655/5000 (93.10%) | elapsed=1h 22m 22s | eta=6m 06s | loss=0.0161 | eps=0.050 | mean turn reward=+0.169 | mean episode return/seat=+4.43
iter 4656/5000 (93.12%) | elapsed=1h 22m 23s | eta=6m 05s | loss=0.0155 | eps=0.050 | mean turn reward=+0.168 | mean episode return/seat=+4.43
iter 4657/5000 (93.14%) | elapsed=1h 22m 24s | eta=6m 04s | loss=0.0173 | eps=0.050 | mean turn reward=+0.167 | mean episode return/seat=+4.39
iter 4658/5000 (93.16%) | elapsed=1h 22m 25s | eta=6m 03s | loss=0.0170 | eps=0.050 | mean turn reward=+0.167 | mean episode return/seat=+4.36
iter 4659/5000 (93.18%) | elapsed=1h 22m 26s | eta=6m 02s | loss=0.0171 | eps=0.050 | mean turn reward=+0.167 | mean episode return/seat=+4.40
iter 4660/5000 (93.20%) | elapsed=1h 22m 27s | eta=6m 00s | loss=0.0140 | eps=0.050 | mean turn reward=+0.169 | mean episode return/seat=+4.44
iter 4661/5000 (93.22%) | elapsed=1h 22m 28s | eta=5m 59s | loss=0.0184 | eps=0.050 | mean turn reward=+0.167 | mean episode return/seat=+4.37
iter 4662/5000 (93.24%) | elapsed=1h 22m 29s | eta=5m 58s | loss=0.0173 | eps=0.050 | mean turn reward=+0.164 | mean episode return/seat=+4.31
iter 4663/5000 (93.26%) | elapsed=1h 22m 30s | eta=5m 57s | loss=0.0140 | eps=0.050 | mean turn reward=+0.166 | mean episode return/seat=+4.38
iter 4664/5000 (93.28%) | elapsed=1h 22m 32s | eta=5m 56s | loss=0.0149 | eps=0.050 | mean turn reward=+0.165 | mean episode return/seat=+4.29
iter 4665/5000 (93.30%) | elapsed=1h 22m 33s | eta=5m 55s | loss=0.0150 | eps=0.050 | mean turn reward=+0.165 | mean episode return/seat=+4.32
iter 4666/5000 (93.32%) | elapsed=1h 22m 34s | eta=5m 54s | loss=0.0167 | eps=0.050 | mean turn reward=+0.168 | mean episode return/seat=+4.47
iter 4667/5000 (93.34%) | elapsed=1h 22m 35s | eta=5m 53s | loss=0.0150 | eps=0.050 | mean turn reward=+0.168 | mean episode return/seat=+4.43
iter 4668/5000 (93.36%) | elapsed=1h 22m 36s | eta=5m 52s | loss=0.0165 | eps=0.050 | mean turn reward=+0.170 | mean episode return/seat=+4.52
iter 4669/5000 (93.38%) | elapsed=1h 22m 37s | eta=5m 51s | loss=0.0144 | eps=0.050 | mean turn reward=+0.166 | mean episode return/seat=+4.34
iter 4670/5000 (93.40%) | elapsed=1h 22m 38s | eta=5m 50s | loss=0.0194 | eps=0.050 | mean turn reward=+0.167 | mean episode return/seat=+4.38
iter 4671/5000 (93.42%) | elapsed=1h 22m 39s | eta=5m 49s | loss=0.0152 | eps=0.050 | mean turn reward=+0.166 | mean episode return/seat=+4.31
iter 4672/5000 (93.44%) | elapsed=1h 22m 40s | eta=5m 48s | loss=0.0194 | eps=0.050 | mean turn reward=+0.166 | mean episode return/seat=+4.43
iter 4673/5000 (93.46%) | elapsed=1h 22m 41s | eta=5m 47s | loss=0.0148 | eps=0.050 | mean turn reward=+0.167 | mean episode return/seat=+4.39
iter 4674/5000 (93.48%) | elapsed=1h 22m 42s | eta=5m 46s | loss=0.0155 | eps=0.050 | mean turn reward=+0.166 | mean episode return/seat=+4.33
iter 4675/5000 (93.50%) | elapsed=1h 22m 44s | eta=5m 45s | loss=0.0168 | eps=0.050 | mean turn reward=+0.168 | mean episode return/seat=+4.43
iter 4676/5000 (93.52%) | elapsed=1h 22m 45s | eta=5m 44s | loss=0.0148 | eps=0.050 | mean turn reward=+0.168 | mean episode return/seat=+4.38
iter 4677/5000 (93.54%) | elapsed=1h 22m 46s | eta=5m 42s | loss=0.0175 | eps=0.050 | mean turn reward=+0.167 | mean episode return/seat=+4.47
iter 4678/5000 (93.56%) | elapsed=1h 22m 47s | eta=5m 41s | loss=0.0159 | eps=0.050 | mean turn reward=+0.168 | mean episode return/seat=+4.44
iter 4679/5000 (93.58%) | elapsed=1h 22m 48s | eta=5m 40s | loss=0.0143 | eps=0.050 | mean turn reward=+0.168 | mean episode return/seat=+4.46
iter 4680/5000 (93.60%) | elapsed=1h 22m 49s | eta=5m 39s | loss=0.0152 | eps=0.050 | mean turn reward=+0.168 | mean episode return/seat=+4.49
iter 4681/5000 (93.62%) | elapsed=1h 22m 50s | eta=5m 38s | loss=0.0168 | eps=0.050 | mean turn reward=+0.168 | mean episode return/seat=+4.46
iter 4682/5000 (93.64%) | elapsed=1h 22m 51s | eta=5m 37s | loss=0.0162 | eps=0.050 | mean turn reward=+0.167 | mean episode return/seat=+4.40
iter 4683/5000 (93.66%) | elapsed=1h 22m 52s | eta=5m 36s | loss=0.0147 | eps=0.050 | mean turn reward=+0.164 | mean episode return/seat=+4.32
iter 4684/5000 (93.68%) | elapsed=1h 22m 53s | eta=5m 35s | loss=0.0155 | eps=0.050 | mean turn reward=+0.167 | mean episode return/seat=+4.39
iter 4685/5000 (93.70%) | elapsed=1h 22m 54s | eta=5m 34s | loss=0.0175 | eps=0.050 | mean turn reward=+0.169 | mean episode return/seat=+4.51
iter 4686/5000 (93.72%) | elapsed=1h 22m 55s | eta=5m 33s | loss=0.0147 | eps=0.050 | mean turn reward=+0.168 | mean episode return/seat=+4.42
iter 4687/5000 (93.74%) | elapsed=1h 22m 56s | eta=5m 32s | loss=0.0154 | eps=0.050 | mean turn reward=+0.168 | mean episode return/seat=+4.39
iter 4688/5000 (93.76%) | elapsed=1h 22m 57s | eta=5m 31s | loss=0.0153 | eps=0.050 | mean turn reward=+0.167 | mean episode return/seat=+4.38
iter 4689/5000 (93.78%) | elapsed=1h 22m 58s | eta=5m 30s | loss=0.0135 | eps=0.050 | mean turn reward=+0.169 | mean episode return/seat=+4.46
iter 4690/5000 (93.80%) | elapsed=1h 23m 00s | eta=5m 29s | loss=0.0166 | eps=0.050 | mean turn reward=+0.170 | mean episode return/seat=+4.49
iter 4691/5000 (93.82%) | elapsed=1h 23m 01s | eta=5m 28s | loss=0.0177 | eps=0.050 | mean turn reward=+0.166 | mean episode return/seat=+4.33
iter 4692/5000 (93.84%) | elapsed=1h 23m 02s | eta=5m 27s | loss=0.0165 | eps=0.050 | mean turn reward=+0.168 | mean episode return/seat=+4.44
iter 4693/5000 (93.86%) | elapsed=1h 23m 03s | eta=5m 25s | loss=0.0155 | eps=0.050 | mean turn reward=+0.167 | mean episode return/seat=+4.35
iter 4694/5000 (93.88%) | elapsed=1h 23m 04s | eta=5m 24s | loss=0.0162 | eps=0.050 | mean turn reward=+0.165 | mean episode return/seat=+4.30
iter 4695/5000 (93.90%) | elapsed=1h 23m 05s | eta=5m 23s | loss=0.0145 | eps=0.050 | mean turn reward=+0.166 | mean episode return/seat=+4.34
iter 4696/5000 (93.92%) | elapsed=1h 23m 06s | eta=5m 22s | loss=0.0142 | eps=0.050 | mean turn reward=+0.167 | mean episode return/seat=+4.39
iter 4697/5000 (93.94%) | elapsed=1h 23m 07s | eta=5m 21s | loss=0.0179 | eps=0.050 | mean turn reward=+0.171 | mean episode return/seat=+4.51
iter 4698/5000 (93.96%) | elapsed=1h 23m 08s | eta=5m 20s | loss=0.0147 | eps=0.050 | mean turn reward=+0.167 | mean episode return/seat=+4.34
iter 4699/5000 (93.98%) | elapsed=1h 23m 09s | eta=5m 19s | loss=0.0187 | eps=0.050 | mean turn reward=+0.167 | mean episode return/seat=+4.45
iter 4700/5000 (94.00%) | elapsed=1h 23m 10s | eta=5m 18s | loss=0.0157 | eps=0.050 | mean turn reward=+0.168 | mean episode return/seat=+4.45
iter 4701/5000 (94.02%) | elapsed=1h 23m 11s | eta=5m 17s | loss=0.0150 | eps=0.050 | mean turn reward=+0.168 | mean episode return/seat=+4.42
iter 4702/5000 (94.04%) | elapsed=1h 23m 13s | eta=5m 16s | loss=0.0169 | eps=0.050 | mean turn reward=+0.169 | mean episode return/seat=+4.50
iter 4703/5000 (94.06%) | elapsed=1h 23m 14s | eta=5m 15s | loss=0.0139 | eps=0.050 | mean turn reward=+0.166 | mean episode return/seat=+4.39
iter 4704/5000 (94.08%) | elapsed=1h 23m 15s | eta=5m 14s | loss=0.0180 | eps=0.050 | mean turn reward=+0.166 | mean episode return/seat=+4.38
iter 4705/5000 (94.10%) | elapsed=1h 23m 16s | eta=5m 13s | loss=0.0150 | eps=0.050 | mean turn reward=+0.169 | mean episode return/seat=+4.53
iter 4706/5000 (94.12%) | elapsed=1h 23m 17s | eta=5m 12s | loss=0.0147 | eps=0.050 | mean turn reward=+0.168 | mean episode return/seat=+4.37
iter 4707/5000 (94.14%) | elapsed=1h 23m 18s | eta=5m 11s | loss=0.0152 | eps=0.050 | mean turn reward=+0.169 | mean episode return/seat=+4.49
iter 4708/5000 (94.16%) | elapsed=1h 23m 19s | eta=5m 10s | loss=0.0180 | eps=0.050 | mean turn reward=+0.166 | mean episode return/seat=+4.37
iter 4709/5000 (94.18%) | elapsed=1h 23m 20s | eta=5m 09s | loss=0.0167 | eps=0.050 | mean turn reward=+0.167 | mean episode return/seat=+4.40
iter 4710/5000 (94.20%) | elapsed=1h 23m 21s | eta=5m 07s | loss=0.0160 | eps=0.050 | mean turn reward=+0.168 | mean episode return/seat=+4.39
iter 4711/5000 (94.22%) | elapsed=1h 23m 22s | eta=5m 06s | loss=0.0147 | eps=0.050 | mean turn reward=+0.169 | mean episode return/seat=+4.49
iter 4712/5000 (94.24%) | elapsed=1h 23m 23s | eta=5m 05s | loss=0.0166 | eps=0.050 | mean turn reward=+0.167 | mean episode return/seat=+4.46
iter 4713/5000 (94.26%) | elapsed=1h 23m 24s | eta=5m 04s | loss=0.0150 | eps=0.050 | mean turn reward=+0.169 | mean episode return/seat=+4.47
iter 4714/5000 (94.28%) | elapsed=1h 23m 26s | eta=5m 03s | loss=0.0120 | eps=0.050 | mean turn reward=+0.168 | mean episode return/seat=+4.42
iter 4715/5000 (94.30%) | elapsed=1h 23m 27s | eta=5m 02s | loss=0.0154 | eps=0.050 | mean turn reward=+0.167 | mean episode return/seat=+4.42
iter 4716/5000 (94.32%) | elapsed=1h 23m 28s | eta=5m 01s | loss=0.0197 | eps=0.050 | mean turn reward=+0.165 | mean episode return/seat=+4.33
iter 4717/5000 (94.34%) | elapsed=1h 23m 29s | eta=5m 00s | loss=0.0142 | eps=0.050 | mean turn reward=+0.167 | mean episode return/seat=+4.36
iter 4718/5000 (94.36%) | elapsed=1h 23m 30s | eta=4m 59s | loss=0.0186 | eps=0.050 | mean turn reward=+0.166 | mean episode return/seat=+4.37
iter 4719/5000 (94.38%) | elapsed=1h 23m 31s | eta=4m 58s | loss=0.0164 | eps=0.050 | mean turn reward=+0.164 | mean episode return/seat=+4.28
iter 4720/5000 (94.40%) | elapsed=1h 23m 32s | eta=4m 57s | loss=0.0165 | eps=0.050 | mean turn reward=+0.170 | mean episode return/seat=+4.46
iter 4721/5000 (94.42%) | elapsed=1h 23m 33s | eta=4m 56s | loss=0.0144 | eps=0.050 | mean turn reward=+0.166 | mean episode return/seat=+4.43
iter 4722/5000 (94.44%) | elapsed=1h 23m 34s | eta=4m 55s | loss=0.0157 | eps=0.050 | mean turn reward=+0.166 | mean episode return/seat=+4.33
iter 4723/5000 (94.46%) | elapsed=1h 23m 35s | eta=4m 54s | loss=0.0132 | eps=0.050 | mean turn reward=+0.168 | mean episode return/seat=+4.43
iter 4724/5000 (94.48%) | elapsed=1h 23m 36s | eta=4m 53s | loss=0.0146 | eps=0.050 | mean turn reward=+0.166 | mean episode return/seat=+4.39
iter 4725/5000 (94.50%) | elapsed=1h 23m 37s | eta=4m 52s | loss=0.0151 | eps=0.050 | mean turn reward=+0.167 | mean episode return/seat=+4.41
iter 4726/5000 (94.52%) | elapsed=1h 23m 39s | eta=4m 50s | loss=0.0172 | eps=0.050 | mean turn reward=+0.167 | mean episode return/seat=+4.38
iter 4727/5000 (94.54%) | elapsed=1h 23m 40s | eta=4m 49s | loss=0.0161 | eps=0.050 | mean turn reward=+0.169 | mean episode return/seat=+4.45
iter 4728/5000 (94.56%) | elapsed=1h 23m 41s | eta=4m 48s | loss=0.0171 | eps=0.050 | mean turn reward=+0.165 | mean episode return/seat=+4.34
iter 4729/5000 (94.58%) | elapsed=1h 23m 42s | eta=4m 47s | loss=0.0167 | eps=0.050 | mean turn reward=+0.169 | mean episode return/seat=+4.47
iter 4730/5000 (94.60%) | elapsed=1h 23m 43s | eta=4m 46s | loss=0.0170 | eps=0.050 | mean turn reward=+0.170 | mean episode return/seat=+4.47
iter 4731/5000 (94.62%) | elapsed=1h 23m 44s | eta=4m 45s | loss=0.0160 | eps=0.050 | mean turn reward=+0.169 | mean episode return/seat=+4.48
iter 4732/5000 (94.64%) | elapsed=1h 23m 45s | eta=4m 44s | loss=0.0171 | eps=0.050 | mean turn reward=+0.167 | mean episode return/seat=+4.37
iter 4733/5000 (94.66%) | elapsed=1h 23m 46s | eta=4m 43s | loss=0.0144 | eps=0.050 | mean turn reward=+0.168 | mean episode return/seat=+4.43
iter 4734/5000 (94.68%) | elapsed=1h 23m 47s | eta=4m 42s | loss=0.0157 | eps=0.050 | mean turn reward=+0.166 | mean episode return/seat=+4.39
iter 4735/5000 (94.70%) | elapsed=1h 23m 48s | eta=4m 41s | loss=0.0147 | eps=0.050 | mean turn reward=+0.166 | mean episode return/seat=+4.33
iter 4736/5000 (94.72%) | elapsed=1h 23m 50s | eta=4m 40s | loss=0.0158 | eps=0.050 | mean turn reward=+0.167 | mean episode return/seat=+4.37
iter 4737/5000 (94.74%) | elapsed=1h 23m 51s | eta=4m 39s | loss=0.0184 | eps=0.050 | mean turn reward=+0.168 | mean episode return/seat=+4.46
iter 4738/5000 (94.76%) | elapsed=1h 23m 52s | eta=4m 38s | loss=0.0168 | eps=0.050 | mean turn reward=+0.166 | mean episode return/seat=+4.37
iter 4739/5000 (94.78%) | elapsed=1h 23m 53s | eta=4m 37s | loss=0.0164 | eps=0.050 | mean turn reward=+0.168 | mean episode return/seat=+4.41
iter 4740/5000 (94.80%) | elapsed=1h 23m 54s | eta=4m 36s | loss=0.0156 | eps=0.050 | mean turn reward=+0.167 | mean episode return/seat=+4.35
iter 4741/5000 (94.82%) | elapsed=1h 23m 55s | eta=4m 35s | loss=0.0154 | eps=0.050 | mean turn reward=+0.166 | mean episode return/seat=+4.44
iter 4742/5000 (94.84%) | elapsed=1h 23m 56s | eta=4m 34s | loss=0.0137 | eps=0.050 | mean turn reward=+0.167 | mean episode return/seat=+4.36
iter 4743/5000 (94.86%) | elapsed=1h 23m 57s | eta=4m 32s | loss=0.0151 | eps=0.050 | mean turn reward=+0.166 | mean episode return/seat=+4.39
iter 4744/5000 (94.88%) | elapsed=1h 23m 58s | eta=4m 31s | loss=0.0159 | eps=0.050 | mean turn reward=+0.166 | mean episode return/seat=+4.38
iter 4745/5000 (94.90%) | elapsed=1h 24m 00s | eta=4m 30s | loss=0.0152 | eps=0.050 | mean turn reward=+0.166 | mean episode return/seat=+4.38
iter 4746/5000 (94.92%) | elapsed=1h 24m 01s | eta=4m 29s | loss=0.0173 | eps=0.050 | mean turn reward=+0.169 | mean episode return/seat=+4.46
iter 4747/5000 (94.94%) | elapsed=1h 24m 02s | eta=4m 28s | loss=0.0167 | eps=0.050 | mean turn reward=+0.167 | mean episode return/seat=+4.37
iter 4748/5000 (94.96%) | elapsed=1h 24m 03s | eta=4m 27s | loss=0.0176 | eps=0.050 | mean turn reward=+0.167 | mean episode return/seat=+4.41
iter 4749/5000 (94.98%) | elapsed=1h 24m 04s | eta=4m 26s | loss=0.0165 | eps=0.050 | mean turn reward=+0.166 | mean episode return/seat=+4.37
iter 4750/5000 (95.00%) | elapsed=1h 24m 05s | eta=4m 25s | loss=0.0147 | eps=0.050 | mean turn reward=+0.168 | mean episode return/seat=+4.41
iter 4751/5000 (95.02%) | elapsed=1h 24m 06s | eta=4m 24s | loss=0.0159 | eps=0.050 | mean turn reward=+0.168 | mean episode return/seat=+4.47
iter 4752/5000 (95.04%) | elapsed=1h 24m 07s | eta=4m 23s | loss=0.0171 | eps=0.050 | mean turn reward=+0.166 | mean episode return/seat=+4.37
iter 4753/5000 (95.06%) | elapsed=1h 24m 08s | eta=4m 22s | loss=0.0158 | eps=0.050 | mean turn reward=+0.169 | mean episode return/seat=+4.49
iter 4754/5000 (95.08%) | elapsed=1h 24m 09s | eta=4m 21s | loss=0.0167 | eps=0.050 | mean turn reward=+0.167 | mean episode return/seat=+4.41
iter 4755/5000 (95.10%) | elapsed=1h 24m 10s | eta=4m 20s | loss=0.0164 | eps=0.050 | mean turn reward=+0.165 | mean episode return/seat=+4.33
iter 4756/5000 (95.12%) | elapsed=1h 24m 11s | eta=4m 19s | loss=0.0167 | eps=0.050 | mean turn reward=+0.167 | mean episode return/seat=+4.38
iter 4757/5000 (95.14%) | elapsed=1h 24m 12s | eta=4m 18s | loss=0.0148 | eps=0.050 | mean turn reward=+0.166 | mean episode return/seat=+4.37
iter 4758/5000 (95.16%) | elapsed=1h 24m 14s | eta=4m 17s | loss=0.0172 | eps=0.050 | mean turn reward=+0.169 | mean episode return/seat=+4.45
iter 4759/5000 (95.18%) | elapsed=1h 24m 15s | eta=4m 15s | loss=0.0145 | eps=0.050 | mean turn reward=+0.164 | mean episode return/seat=+4.30
iter 4760/5000 (95.20%) | elapsed=1h 24m 16s | eta=4m 14s | loss=0.0176 | eps=0.050 | mean turn reward=+0.167 | mean episode return/seat=+4.42
iter 4761/5000 (95.22%) | elapsed=1h 24m 17s | eta=4m 13s | loss=0.0169 | eps=0.050 | mean turn reward=+0.164 | mean episode return/seat=+4.31
iter 4762/5000 (95.24%) | elapsed=1h 24m 18s | eta=4m 12s | loss=0.0140 | eps=0.050 | mean turn reward=+0.168 | mean episode return/seat=+4.38
iter 4763/5000 (95.26%) | elapsed=1h 24m 19s | eta=4m 11s | loss=0.0168 | eps=0.050 | mean turn reward=+0.169 | mean episode return/seat=+4.47
iter 4764/5000 (95.28%) | elapsed=1h 24m 20s | eta=4m 10s | loss=0.0148 | eps=0.050 | mean turn reward=+0.167 | mean episode return/seat=+4.41
iter 4765/5000 (95.30%) | elapsed=1h 24m 21s | eta=4m 09s | loss=0.0169 | eps=0.050 | mean turn reward=+0.167 | mean episode return/seat=+4.38
iter 4766/5000 (95.32%) | elapsed=1h 24m 22s | eta=4m 08s | loss=0.0164 | eps=0.050 | mean turn reward=+0.166 | mean episode return/seat=+4.37
iter 4767/5000 (95.34%) | elapsed=1h 24m 23s | eta=4m 07s | loss=0.0160 | eps=0.050 | mean turn reward=+0.168 | mean episode return/seat=+4.45
iter 4768/5000 (95.36%) | elapsed=1h 24m 24s | eta=4m 06s | loss=0.0136 | eps=0.050 | mean turn reward=+0.168 | mean episode return/seat=+4.44
iter 4769/5000 (95.38%) | elapsed=1h 24m 25s | eta=4m 05s | loss=0.0153 | eps=0.050 | mean turn reward=+0.165 | mean episode return/seat=+4.36
iter 4770/5000 (95.40%) | elapsed=1h 24m 26s | eta=4m 04s | loss=0.0154 | eps=0.050 | mean turn reward=+0.166 | mean episode return/seat=+4.38
iter 4771/5000 (95.42%) | elapsed=1h 24m 27s | eta=4m 03s | loss=0.0147 | eps=0.050 | mean turn reward=+0.167 | mean episode return/seat=+4.43
iter 4772/5000 (95.44%) | elapsed=1h 24m 28s | eta=4m 02s | loss=0.0179 | eps=0.050 | mean turn reward=+0.168 | mean episode return/seat=+4.42
iter 4773/5000 (95.46%) | elapsed=1h 24m 30s | eta=4m 01s | loss=0.0134 | eps=0.050 | mean turn reward=+0.165 | mean episode return/seat=+4.29
iter 4774/5000 (95.48%) | elapsed=1h 24m 31s | eta=4m 00s | loss=0.0164 | eps=0.050 | mean turn reward=+0.167 | mean episode return/seat=+4.41
iter 4775/5000 (95.50%) | elapsed=1h 24m 32s | eta=3m 59s | loss=0.0170 | eps=0.050 | mean turn reward=+0.167 | mean episode return/seat=+4.41
iter 4776/5000 (95.52%) | elapsed=1h 24m 33s | eta=3m 57s | loss=0.0138 | eps=0.050 | mean turn reward=+0.168 | mean episode return/seat=+4.39
iter 4777/5000 (95.54%) | elapsed=1h 24m 34s | eta=3m 56s | loss=0.0139 | eps=0.050 | mean turn reward=+0.166 | mean episode return/seat=+4.37
iter 4778/5000 (95.56%) | elapsed=1h 24m 35s | eta=3m 55s | loss=0.0141 | eps=0.050 | mean turn reward=+0.166 | mean episode return/seat=+4.41
iter 4779/5000 (95.58%) | elapsed=1h 24m 36s | eta=3m 54s | loss=0.0152 | eps=0.050 | mean turn reward=+0.167 | mean episode return/seat=+4.36
iter 4780/5000 (95.60%) | elapsed=1h 24m 37s | eta=3m 53s | loss=0.0164 | eps=0.050 | mean turn reward=+0.164 | mean episode return/seat=+4.25
iter 4781/5000 (95.62%) | elapsed=1h 24m 38s | eta=3m 52s | loss=0.0171 | eps=0.050 | mean turn reward=+0.168 | mean episode return/seat=+4.46
iter 4782/5000 (95.64%) | elapsed=1h 24m 39s | eta=3m 51s | loss=0.0156 | eps=0.050 | mean turn reward=+0.168 | mean episode return/seat=+4.48
iter 4783/5000 (95.66%) | elapsed=1h 24m 40s | eta=3m 50s | loss=0.0160 | eps=0.050 | mean turn reward=+0.169 | mean episode return/seat=+4.46
iter 4784/5000 (95.68%) | elapsed=1h 24m 41s | eta=3m 49s | loss=0.0146 | eps=0.050 | mean turn reward=+0.168 | mean episode return/seat=+4.38
iter 4785/5000 (95.70%) | elapsed=1h 24m 43s | eta=3m 48s | loss=0.0159 | eps=0.050 | mean turn reward=+0.162 | mean episode return/seat=+4.24
iter 4786/5000 (95.72%) | elapsed=1h 24m 44s | eta=3m 47s | loss=0.0141 | eps=0.050 | mean turn reward=+0.167 | mean episode return/seat=+4.40
iter 4787/5000 (95.74%) | elapsed=1h 24m 45s | eta=3m 46s | loss=0.0164 | eps=0.050 | mean turn reward=+0.165 | mean episode return/seat=+4.29
iter 4788/5000 (95.76%) | elapsed=1h 24m 46s | eta=3m 45s | loss=0.0139 | eps=0.050 | mean turn reward=+0.168 | mean episode return/seat=+4.45
iter 4789/5000 (95.78%) | elapsed=1h 24m 47s | eta=3m 44s | loss=0.0170 | eps=0.050 | mean turn reward=+0.164 | mean episode return/seat=+4.30
iter 4790/5000 (95.80%) | elapsed=1h 24m 48s | eta=3m 43s | loss=0.0159 | eps=0.050 | mean turn reward=+0.166 | mean episode return/seat=+4.35
iter 4791/5000 (95.82%) | elapsed=1h 24m 49s | eta=3m 42s | loss=0.0137 | eps=0.050 | mean turn reward=+0.165 | mean episode return/seat=+4.36
iter 4792/5000 (95.84%) | elapsed=1h 24m 50s | eta=3m 40s | loss=0.0167 | eps=0.050 | mean turn reward=+0.169 | mean episode return/seat=+4.46
iter 4793/5000 (95.86%) | elapsed=1h 24m 51s | eta=3m 39s | loss=0.0192 | eps=0.050 | mean turn reward=+0.167 | mean episode return/seat=+4.43
iter 4794/5000 (95.88%) | elapsed=1h 24m 52s | eta=3m 38s | loss=0.0173 | eps=0.050 | mean turn reward=+0.165 | mean episode return/seat=+4.31
iter 4795/5000 (95.90%) | elapsed=1h 24m 53s | eta=3m 37s | loss=0.0157 | eps=0.050 | mean turn reward=+0.167 | mean episode return/seat=+4.41
iter 4796/5000 (95.92%) | elapsed=1h 24m 54s | eta=3m 36s | loss=0.0154 | eps=0.050 | mean turn reward=+0.170 | mean episode return/seat=+4.48
iter 4797/5000 (95.94%) | elapsed=1h 24m 55s | eta=3m 35s | loss=0.0176 | eps=0.050 | mean turn reward=+0.168 | mean episode return/seat=+4.45
iter 4798/5000 (95.96%) | elapsed=1h 24m 56s | eta=3m 34s | loss=0.0161 | eps=0.050 | mean turn reward=+0.169 | mean episode return/seat=+4.48
iter 4799/5000 (95.98%) | elapsed=1h 24m 58s | eta=3m 33s | loss=0.0161 | eps=0.050 | mean turn reward=+0.169 | mean episode return/seat=+4.47
iter 4800/5000 (96.00%) | elapsed=1h 24m 59s | eta=3m 32s | loss=0.0145 | eps=0.050 | mean turn reward=+0.167 | mean episode return/seat=+4.37
iter 4801/5000 (96.02%) | elapsed=1h 25m 00s | eta=3m 31s | loss=0.0150 | eps=0.050 | mean turn reward=+0.166 | mean episode return/seat=+4.38
iter 4802/5000 (96.04%) | elapsed=1h 25m 01s | eta=3m 30s | loss=0.0156 | eps=0.050 | mean turn reward=+0.168 | mean episode return/seat=+4.38
iter 4803/5000 (96.06%) | elapsed=1h 25m 02s | eta=3m 29s | loss=0.0140 | eps=0.050 | mean turn reward=+0.164 | mean episode return/seat=+4.32
iter 4804/5000 (96.08%) | elapsed=1h 25m 03s | eta=3m 28s | loss=0.0174 | eps=0.050 | mean turn reward=+0.168 | mean episode return/seat=+4.40
iter 4805/5000 (96.10%) | elapsed=1h 25m 04s | eta=3m 27s | loss=0.0145 | eps=0.050 | mean turn reward=+0.170 | mean episode return/seat=+4.47
iter 4806/5000 (96.12%) | elapsed=1h 25m 05s | eta=3m 26s | loss=0.0194 | eps=0.050 | mean turn reward=+0.167 | mean episode return/seat=+4.44
iter 4807/5000 (96.14%) | elapsed=1h 25m 06s | eta=3m 25s | loss=0.0177 | eps=0.050 | mean turn reward=+0.167 | mean episode return/seat=+4.41
iter 4808/5000 (96.16%) | elapsed=1h 25m 07s | eta=3m 23s | loss=0.0156 | eps=0.050 | mean turn reward=+0.168 | mean episode return/seat=+4.41
iter 4809/5000 (96.18%) | elapsed=1h 25m 08s | eta=3m 22s | loss=0.0168 | eps=0.050 | mean turn reward=+0.167 | mean episode return/seat=+4.41
iter 4810/5000 (96.20%) | elapsed=1h 25m 09s | eta=3m 21s | loss=0.0162 | eps=0.050 | mean turn reward=+0.167 | mean episode return/seat=+4.43
iter 4811/5000 (96.22%) | elapsed=1h 25m 10s | eta=3m 20s | loss=0.0143 | eps=0.050 | mean turn reward=+0.168 | mean episode return/seat=+4.42
iter 4812/5000 (96.24%) | elapsed=1h 25m 11s | eta=3m 19s | loss=0.0146 | eps=0.050 | mean turn reward=+0.169 | mean episode return/seat=+4.45
iter 4813/5000 (96.26%) | elapsed=1h 25m 13s | eta=3m 18s | loss=0.0132 | eps=0.050 | mean turn reward=+0.166 | mean episode return/seat=+4.38
iter 4814/5000 (96.28%) | elapsed=1h 25m 14s | eta=3m 17s | loss=0.0144 | eps=0.050 | mean turn reward=+0.167 | mean episode return/seat=+4.40
iter 4815/5000 (96.30%) | elapsed=1h 25m 15s | eta=3m 16s | loss=0.0161 | eps=0.050 | mean turn reward=+0.165 | mean episode return/seat=+4.28
iter 4816/5000 (96.32%) | elapsed=1h 25m 16s | eta=3m 15s | loss=0.0154 | eps=0.050 | mean turn reward=+0.169 | mean episode return/seat=+4.52
iter 4817/5000 (96.34%) | elapsed=1h 25m 17s | eta=3m 14s | loss=0.0154 | eps=0.050 | mean turn reward=+0.169 | mean episode return/seat=+4.50
iter 4818/5000 (96.36%) | elapsed=1h 25m 18s | eta=3m 13s | loss=0.0153 | eps=0.050 | mean turn reward=+0.167 | mean episode return/seat=+4.40
iter 4819/5000 (96.38%) | elapsed=1h 25m 19s | eta=3m 12s | loss=0.0157 | eps=0.050 | mean turn reward=+0.166 | mean episode return/seat=+4.39
iter 4820/5000 (96.40%) | elapsed=1h 25m 20s | eta=3m 11s | loss=0.0156 | eps=0.050 | mean turn reward=+0.166 | mean episode return/seat=+4.33
iter 4821/5000 (96.42%) | elapsed=1h 25m 21s | eta=3m 10s | loss=0.0160 | eps=0.050 | mean turn reward=+0.166 | mean episode return/seat=+4.36
iter 4822/5000 (96.44%) | elapsed=1h 25m 22s | eta=3m 09s | loss=0.0132 | eps=0.050 | mean turn reward=+0.167 | mean episode return/seat=+4.33
iter 4823/5000 (96.46%) | elapsed=1h 25m 24s | eta=3m 08s | loss=0.0155 | eps=0.050 | mean turn reward=+0.168 | mean episode return/seat=+4.45
iter 4824/5000 (96.48%) | elapsed=1h 25m 25s | eta=3m 06s | loss=0.0161 | eps=0.050 | mean turn reward=+0.167 | mean episode return/seat=+4.43
iter 4825/5000 (96.50%) | elapsed=1h 25m 26s | eta=3m 05s | loss=0.0173 | eps=0.050 | mean turn reward=+0.167 | mean episode return/seat=+4.45
iter 4826/5000 (96.52%) | elapsed=1h 25m 27s | eta=3m 04s | loss=0.0161 | eps=0.050 | mean turn reward=+0.168 | mean episode return/seat=+4.39
iter 4827/5000 (96.54%) | elapsed=1h 25m 28s | eta=3m 03s | loss=0.0136 | eps=0.050 | mean turn reward=+0.168 | mean episode return/seat=+4.43
iter 4828/5000 (96.56%) | elapsed=1h 25m 29s | eta=3m 02s | loss=0.0161 | eps=0.050 | mean turn reward=+0.170 | mean episode return/seat=+4.48
iter 4829/5000 (96.58%) | elapsed=1h 25m 30s | eta=3m 01s | loss=0.0168 | eps=0.050 | mean turn reward=+0.165 | mean episode return/seat=+4.32
iter 4830/5000 (96.60%) | elapsed=1h 25m 31s | eta=3m 00s | loss=0.0157 | eps=0.050 | mean turn reward=+0.166 | mean episode return/seat=+4.37
iter 4831/5000 (96.62%) | elapsed=1h 25m 32s | eta=2m 59s | loss=0.0174 | eps=0.050 | mean turn reward=+0.167 | mean episode return/seat=+4.39
iter 4832/5000 (96.64%) | elapsed=1h 25m 33s | eta=2m 58s | loss=0.0168 | eps=0.050 | mean turn reward=+0.168 | mean episode return/seat=+4.47
iter 4833/5000 (96.66%) | elapsed=1h 25m 34s | eta=2m 57s | loss=0.0176 | eps=0.050 | mean turn reward=+0.168 | mean episode return/seat=+4.43
iter 4834/5000 (96.68%) | elapsed=1h 25m 35s | eta=2m 56s | loss=0.0163 | eps=0.050 | mean turn reward=+0.167 | mean episode return/seat=+4.38
iter 4835/5000 (96.70%) | elapsed=1h 25m 36s | eta=2m 55s | loss=0.0153 | eps=0.050 | mean turn reward=+0.167 | mean episode return/seat=+4.41
iter 4836/5000 (96.72%) | elapsed=1h 25m 37s | eta=2m 54s | loss=0.0173 | eps=0.050 | mean turn reward=+0.167 | mean episode return/seat=+4.36
iter 4837/5000 (96.74%) | elapsed=1h 25m 39s | eta=2m 53s | loss=0.0154 | eps=0.050 | mean turn reward=+0.166 | mean episode return/seat=+4.34
iter 4838/5000 (96.76%) | elapsed=1h 25m 40s | eta=2m 52s | loss=0.0162 | eps=0.050 | mean turn reward=+0.170 | mean episode return/seat=+4.51
iter 4839/5000 (96.78%) | elapsed=1h 25m 41s | eta=2m 51s | loss=0.0165 | eps=0.050 | mean turn reward=+0.169 | mean episode return/seat=+4.48
iter 4840/5000 (96.80%) | elapsed=1h 25m 42s | eta=2m 49s | loss=0.0161 | eps=0.050 | mean turn reward=+0.166 | mean episode return/seat=+4.34
iter 4841/5000 (96.82%) | elapsed=1h 25m 43s | eta=2m 48s | loss=0.0158 | eps=0.050 | mean turn reward=+0.166 | mean episode return/seat=+4.37
iter 4842/5000 (96.84%) | elapsed=1h 25m 44s | eta=2m 47s | loss=0.0161 | eps=0.050 | mean turn reward=+0.166 | mean episode return/seat=+4.37
iter 4843/5000 (96.86%) | elapsed=1h 25m 45s | eta=2m 46s | loss=0.0165 | eps=0.050 | mean turn reward=+0.171 | mean episode return/seat=+4.52
iter 4844/5000 (96.88%) | elapsed=1h 25m 46s | eta=2m 45s | loss=0.0157 | eps=0.050 | mean turn reward=+0.166 | mean episode return/seat=+4.36
iter 4845/5000 (96.90%) | elapsed=1h 25m 47s | eta=2m 44s | loss=0.0162 | eps=0.050 | mean turn reward=+0.168 | mean episode return/seat=+4.37
iter 4846/5000 (96.92%) | elapsed=1h 25m 48s | eta=2m 43s | loss=0.0179 | eps=0.050 | mean turn reward=+0.169 | mean episode return/seat=+4.47
iter 4847/5000 (96.94%) | elapsed=1h 25m 49s | eta=2m 42s | loss=0.0150 | eps=0.050 | mean turn reward=+0.167 | mean episode return/seat=+4.39
iter 4848/5000 (96.96%) | elapsed=1h 25m 50s | eta=2m 41s | loss=0.0166 | eps=0.050 | mean turn reward=+0.163 | mean episode return/seat=+4.27
iter 4849/5000 (96.98%) | elapsed=1h 25m 51s | eta=2m 40s | loss=0.0162 | eps=0.050 | mean turn reward=+0.167 | mean episode return/seat=+4.40
iter 4850/5000 (97.00%) | elapsed=1h 25m 52s | eta=2m 39s | loss=0.0154 | eps=0.050 | mean turn reward=+0.168 | mean episode return/seat=+4.39
iter 4851/5000 (97.02%) | elapsed=1h 25m 53s | eta=2m 38s | loss=0.0170 | eps=0.050 | mean turn reward=+0.165 | mean episode return/seat=+4.29
iter 4852/5000 (97.04%) | elapsed=1h 25m 55s | eta=2m 37s | loss=0.0149 | eps=0.050 | mean turn reward=+0.167 | mean episode return/seat=+4.40
iter 4853/5000 (97.06%) | elapsed=1h 25m 56s | eta=2m 36s | loss=0.0161 | eps=0.050 | mean turn reward=+0.167 | mean episode return/seat=+4.37
iter 4854/5000 (97.08%) | elapsed=1h 25m 57s | eta=2m 35s | loss=0.0167 | eps=0.050 | mean turn reward=+0.167 | mean episode return/seat=+4.40
iter 4855/5000 (97.10%) | elapsed=1h 25m 58s | eta=2m 34s | loss=0.0170 | eps=0.050 | mean turn reward=+0.171 | mean episode return/seat=+4.57
iter 4856/5000 (97.12%) | elapsed=1h 25m 59s | eta=2m 32s | loss=0.0180 | eps=0.050 | mean turn reward=+0.165 | mean episode return/seat=+4.34
iter 4857/5000 (97.14%) | elapsed=1h 26m 00s | eta=2m 31s | loss=0.0143 | eps=0.050 | mean turn reward=+0.167 | mean episode return/seat=+4.39
iter 4858/5000 (97.16%) | elapsed=1h 26m 01s | eta=2m 30s | loss=0.0156 | eps=0.050 | mean turn reward=+0.168 | mean episode return/seat=+4.40
iter 4859/5000 (97.18%) | elapsed=1h 26m 02s | eta=2m 29s | loss=0.0153 | eps=0.050 | mean turn reward=+0.167 | mean episode return/seat=+4.37
iter 4860/5000 (97.20%) | elapsed=1h 26m 03s | eta=2m 28s | loss=0.0160 | eps=0.050 | mean turn reward=+0.168 | mean episode return/seat=+4.44
iter 4861/5000 (97.22%) | elapsed=1h 26m 04s | eta=2m 27s | loss=0.0140 | eps=0.050 | mean turn reward=+0.167 | mean episode return/seat=+4.42
iter 4862/5000 (97.24%) | elapsed=1h 26m 05s | eta=2m 26s | loss=0.0158 | eps=0.050 | mean turn reward=+0.166 | mean episode return/seat=+4.36
iter 4863/5000 (97.26%) | elapsed=1h 26m 06s | eta=2m 25s | loss=0.0169 | eps=0.050 | mean turn reward=+0.166 | mean episode return/seat=+4.37
iter 4864/5000 (97.28%) | elapsed=1h 26m 08s | eta=2m 24s | loss=0.0154 | eps=0.050 | mean turn reward=+0.167 | mean episode return/seat=+4.38
iter 4865/5000 (97.30%) | elapsed=1h 26m 09s | eta=2m 23s | loss=0.0174 | eps=0.050 | mean turn reward=+0.166 | mean episode return/seat=+4.31
iter 4866/5000 (97.32%) | elapsed=1h 26m 10s | eta=2m 22s | loss=0.0148 | eps=0.050 | mean turn reward=+0.166 | mean episode return/seat=+4.42
iter 4867/5000 (97.34%) | elapsed=1h 26m 11s | eta=2m 21s | loss=0.0167 | eps=0.050 | mean turn reward=+0.168 | mean episode return/seat=+4.37
iter 4868/5000 (97.36%) | elapsed=1h 26m 12s | eta=2m 20s | loss=0.0168 | eps=0.050 | mean turn reward=+0.167 | mean episode return/seat=+4.41
iter 4869/5000 (97.38%) | elapsed=1h 26m 13s | eta=2m 19s | loss=0.0170 | eps=0.050 | mean turn reward=+0.169 | mean episode return/seat=+4.45
iter 4870/5000 (97.40%) | elapsed=1h 26m 14s | eta=2m 18s | loss=0.0160 | eps=0.050 | mean turn reward=+0.168 | mean episode return/seat=+4.45
iter 4871/5000 (97.42%) | elapsed=1h 26m 15s | eta=2m 17s | loss=0.0154 | eps=0.050 | mean turn reward=+0.169 | mean episode return/seat=+4.48
iter 4872/5000 (97.44%) | elapsed=1h 26m 16s | eta=2m 16s | loss=0.0159 | eps=0.050 | mean turn reward=+0.166 | mean episode return/seat=+4.39
iter 4873/5000 (97.46%) | elapsed=1h 26m 17s | eta=2m 14s | loss=0.0140 | eps=0.050 | mean turn reward=+0.168 | mean episode return/seat=+4.42
iter 4874/5000 (97.48%) | elapsed=1h 26m 18s | eta=2m 13s | loss=0.0150 | eps=0.050 | mean turn reward=+0.167 | mean episode return/seat=+4.37
iter 4875/5000 (97.50%) | elapsed=1h 26m 19s | eta=2m 12s | loss=0.0178 | eps=0.050 | mean turn reward=+0.166 | mean episode return/seat=+4.38
iter 4876/5000 (97.52%) | elapsed=1h 26m 20s | eta=2m 11s | loss=0.0138 | eps=0.050 | mean turn reward=+0.167 | mean episode return/seat=+4.41
iter 4877/5000 (97.54%) | elapsed=1h 26m 21s | eta=2m 10s | loss=0.0151 | eps=0.050 | mean turn reward=+0.167 | mean episode return/seat=+4.35
iter 4878/5000 (97.56%) | elapsed=1h 26m 23s | eta=2m 09s | loss=0.0140 | eps=0.050 | mean turn reward=+0.169 | mean episode return/seat=+4.48
iter 4879/5000 (97.58%) | elapsed=1h 26m 24s | eta=2m 08s | loss=0.0172 | eps=0.050 | mean turn reward=+0.168 | mean episode return/seat=+4.41
iter 4880/5000 (97.60%) | elapsed=1h 26m 25s | eta=2m 07s | loss=0.0158 | eps=0.050 | mean turn reward=+0.167 | mean episode return/seat=+4.40
iter 4881/5000 (97.62%) | elapsed=1h 26m 26s | eta=2m 06s | loss=0.0142 | eps=0.050 | mean turn reward=+0.167 | mean episode return/seat=+4.39
iter 4882/5000 (97.64%) | elapsed=1h 26m 27s | eta=2m 05s | loss=0.0181 | eps=0.050 | mean turn reward=+0.168 | mean episode return/seat=+4.44
iter 4883/5000 (97.66%) | elapsed=1h 26m 28s | eta=2m 04s | loss=0.0138 | eps=0.050 | mean turn reward=+0.166 | mean episode return/seat=+4.31
iter 4884/5000 (97.68%) | elapsed=1h 26m 29s | eta=2m 03s | loss=0.0137 | eps=0.050 | mean turn reward=+0.167 | mean episode return/seat=+4.35
iter 4885/5000 (97.70%) | elapsed=1h 26m 30s | eta=2m 02s | loss=0.0178 | eps=0.050 | mean turn reward=+0.164 | mean episode return/seat=+4.25
iter 4886/5000 (97.72%) | elapsed=1h 26m 31s | eta=2m 01s | loss=0.0169 | eps=0.050 | mean turn reward=+0.170 | mean episode return/seat=+4.52
iter 4887/5000 (97.74%) | elapsed=1h 26m 32s | eta=2m 00s | loss=0.0157 | eps=0.050 | mean turn reward=+0.168 | mean episode return/seat=+4.44
iter 4888/5000 (97.76%) | elapsed=1h 26m 33s | eta=1m 59s | loss=0.0188 | eps=0.050 | mean turn reward=+0.165 | mean episode return/seat=+4.30
iter 4889/5000 (97.78%) | elapsed=1h 26m 35s | eta=1m 57s | loss=0.0171 | eps=0.050 | mean turn reward=+0.170 | mean episode return/seat=+4.49
iter 4890/5000 (97.80%) | elapsed=1h 26m 36s | eta=1m 56s | loss=0.0149 | eps=0.050 | mean turn reward=+0.166 | mean episode return/seat=+4.39
iter 4891/5000 (97.82%) | elapsed=1h 26m 37s | eta=1m 55s | loss=0.0177 | eps=0.050 | mean turn reward=+0.167 | mean episode return/seat=+4.41
iter 4892/5000 (97.84%) | elapsed=1h 26m 38s | eta=1m 54s | loss=0.0153 | eps=0.050 | mean turn reward=+0.164 | mean episode return/seat=+4.29
iter 4893/5000 (97.86%) | elapsed=1h 26m 39s | eta=1m 53s | loss=0.0162 | eps=0.050 | mean turn reward=+0.169 | mean episode return/seat=+4.44
iter 4894/5000 (97.88%) | elapsed=1h 26m 40s | eta=1m 52s | loss=0.0174 | eps=0.050 | mean turn reward=+0.167 | mean episode return/seat=+4.41
iter 4895/5000 (97.90%) | elapsed=1h 26m 41s | eta=1m 51s | loss=0.0157 | eps=0.050 | mean turn reward=+0.168 | mean episode return/seat=+4.43
iter 4896/5000 (97.92%) | elapsed=1h 26m 42s | eta=1m 50s | loss=0.0139 | eps=0.050 | mean turn reward=+0.167 | mean episode return/seat=+4.36
iter 4897/5000 (97.94%) | elapsed=1h 26m 43s | eta=1m 49s | loss=0.0162 | eps=0.050 | mean turn reward=+0.167 | mean episode return/seat=+4.38
iter 4898/5000 (97.96%) | elapsed=1h 26m 44s | eta=1m 48s | loss=0.0176 | eps=0.050 | mean turn reward=+0.168 | mean episode return/seat=+4.45
iter 4899/5000 (97.98%) | elapsed=1h 26m 45s | eta=1m 47s | loss=0.0163 | eps=0.050 | mean turn reward=+0.166 | mean episode return/seat=+4.36
iter 4900/5000 (98.00%) | elapsed=1h 26m 47s | eta=1m 46s | loss=0.0144 | eps=0.050 | mean turn reward=+0.170 | mean episode return/seat=+4.46
iter 4901/5000 (98.02%) | elapsed=1h 26m 48s | eta=1m 45s | loss=0.0169 | eps=0.050 | mean turn reward=+0.167 | mean episode return/seat=+4.44
iter 4902/5000 (98.04%) | elapsed=1h 26m 49s | eta=1m 44s | loss=0.0131 | eps=0.050 | mean turn reward=+0.166 | mean episode return/seat=+4.31
iter 4903/5000 (98.06%) | elapsed=1h 26m 50s | eta=1m 43s | loss=0.0131 | eps=0.050 | mean turn reward=+0.164 | mean episode return/seat=+4.31
iter 4904/5000 (98.08%) | elapsed=1h 26m 51s | eta=1m 42s | loss=0.0180 | eps=0.050 | mean turn reward=+0.166 | mean episode return/seat=+4.37
iter 4905/5000 (98.10%) | elapsed=1h 26m 52s | eta=1m 40s | loss=0.0167 | eps=0.050 | mean turn reward=+0.169 | mean episode return/seat=+4.47
iter 4906/5000 (98.12%) | elapsed=1h 26m 53s | eta=1m 39s | loss=0.0153 | eps=0.050 | mean turn reward=+0.167 | mean episode return/seat=+4.43
iter 4907/5000 (98.14%) | elapsed=1h 26m 54s | eta=1m 38s | loss=0.0149 | eps=0.050 | mean turn reward=+0.168 | mean episode return/seat=+4.44
iter 4908/5000 (98.16%) | elapsed=1h 26m 55s | eta=1m 37s | loss=0.0168 | eps=0.050 | mean turn reward=+0.168 | mean episode return/seat=+4.40
iter 4909/5000 (98.18%) | elapsed=1h 26m 56s | eta=1m 36s | loss=0.0145 | eps=0.050 | mean turn reward=+0.169 | mean episode return/seat=+4.53
iter 4910/5000 (98.20%) | elapsed=1h 26m 57s | eta=1m 35s | loss=0.0154 | eps=0.050 | mean turn reward=+0.167 | mean episode return/seat=+4.40
iter 4911/5000 (98.22%) | elapsed=1h 26m 58s | eta=1m 34s | loss=0.0136 | eps=0.050 | mean turn reward=+0.167 | mean episode return/seat=+4.41
iter 4912/5000 (98.24%) | elapsed=1h 27m 00s | eta=1m 33s | loss=0.0173 | eps=0.050 | mean turn reward=+0.169 | mean episode return/seat=+4.45
iter 4913/5000 (98.26%) | elapsed=1h 27m 01s | eta=1m 32s | loss=0.0154 | eps=0.050 | mean turn reward=+0.167 | mean episode return/seat=+4.42
iter 4914/5000 (98.28%) | elapsed=1h 27m 02s | eta=1m 31s | loss=0.0161 | eps=0.050 | mean turn reward=+0.168 | mean episode return/seat=+4.43
iter 4915/5000 (98.30%) | elapsed=1h 27m 03s | eta=1m 30s | loss=0.0161 | eps=0.050 | mean turn reward=+0.167 | mean episode return/seat=+4.44
iter 4916/5000 (98.32%) | elapsed=1h 27m 04s | eta=1m 29s | loss=0.0160 | eps=0.050 | mean turn reward=+0.168 | mean episode return/seat=+4.48
iter 4917/5000 (98.34%) | elapsed=1h 27m 05s | eta=1m 28s | loss=0.0182 | eps=0.050 | mean turn reward=+0.169 | mean episode return/seat=+4.40
iter 4918/5000 (98.36%) | elapsed=1h 27m 06s | eta=1m 27s | loss=0.0196 | eps=0.050 | mean turn reward=+0.167 | mean episode return/seat=+4.38
iter 4919/5000 (98.38%) | elapsed=1h 27m 07s | eta=1m 26s | loss=0.0162 | eps=0.050 | mean turn reward=+0.167 | mean episode return/seat=+4.38
iter 4920/5000 (98.40%) | elapsed=1h 27m 08s | eta=1m 25s | loss=0.0177 | eps=0.050 | mean turn reward=+0.167 | mean episode return/seat=+4.37
iter 4921/5000 (98.42%) | elapsed=1h 27m 09s | eta=1m 23s | loss=0.0152 | eps=0.050 | mean turn reward=+0.168 | mean episode return/seat=+4.44
iter 4922/5000 (98.44%) | elapsed=1h 27m 10s | eta=1m 22s | loss=0.0151 | eps=0.050 | mean turn reward=+0.168 | mean episode return/seat=+4.41
iter 4923/5000 (98.46%) | elapsed=1h 27m 11s | eta=1m 21s | loss=0.0148 | eps=0.050 | mean turn reward=+0.168 | mean episode return/seat=+4.46
iter 4924/5000 (98.48%) | elapsed=1h 27m 12s | eta=1m 20s | loss=0.0154 | eps=0.050 | mean turn reward=+0.167 | mean episode return/seat=+4.47
iter 4925/5000 (98.50%) | elapsed=1h 27m 13s | eta=1m 19s | loss=0.0156 | eps=0.050 | mean turn reward=+0.168 | mean episode return/seat=+4.42
iter 4926/5000 (98.52%) | elapsed=1h 27m 14s | eta=1m 18s | loss=0.0152 | eps=0.050 | mean turn reward=+0.168 | mean episode return/seat=+4.42
iter 4927/5000 (98.54%) | elapsed=1h 27m 15s | eta=1m 17s | loss=0.0144 | eps=0.050 | mean turn reward=+0.166 | mean episode return/seat=+4.38
iter 4928/5000 (98.56%) | elapsed=1h 27m 16s | eta=1m 16s | loss=0.0158 | eps=0.050 | mean turn reward=+0.165 | mean episode return/seat=+4.32
iter 4929/5000 (98.58%) | elapsed=1h 27m 18s | eta=1m 15s | loss=0.0149 | eps=0.050 | mean turn reward=+0.168 | mean episode return/seat=+4.42
iter 4930/5000 (98.60%) | elapsed=1h 27m 19s | eta=1m 14s | loss=0.0135 | eps=0.050 | mean turn reward=+0.165 | mean episode return/seat=+4.36
iter 4931/5000 (98.62%) | elapsed=1h 27m 20s | eta=1m 13s | loss=0.0163 | eps=0.050 | mean turn reward=+0.170 | mean episode return/seat=+4.55
iter 4932/5000 (98.64%) | elapsed=1h 27m 21s | eta=1m 12s | loss=0.0177 | eps=0.050 | mean turn reward=+0.167 | mean episode return/seat=+4.39
iter 4933/5000 (98.66%) | elapsed=1h 27m 22s | eta=1m 11s | loss=0.0158 | eps=0.050 | mean turn reward=+0.169 | mean episode return/seat=+4.41
iter 4934/5000 (98.68%) | elapsed=1h 27m 23s | eta=1m 10s | loss=0.0173 | eps=0.050 | mean turn reward=+0.168 | mean episode return/seat=+4.41
iter 4935/5000 (98.70%) | elapsed=1h 27m 24s | eta=1m 09s | loss=0.0135 | eps=0.050 | mean turn reward=+0.166 | mean episode return/seat=+4.36
iter 4936/5000 (98.72%) | elapsed=1h 27m 25s | eta=1m 08s | loss=0.0144 | eps=0.050 | mean turn reward=+0.169 | mean episode return/seat=+4.48
iter 4937/5000 (98.74%) | elapsed=1h 27m 26s | eta=1m 06s | loss=0.0162 | eps=0.050 | mean turn reward=+0.166 | mean episode return/seat=+4.40
iter 4938/5000 (98.76%) | elapsed=1h 27m 27s | eta=1m 05s | loss=0.0174 | eps=0.050 | mean turn reward=+0.168 | mean episode return/seat=+4.40
iter 4939/5000 (98.78%) | elapsed=1h 27m 28s | eta=1m 04s | loss=0.0154 | eps=0.050 | mean turn reward=+0.166 | mean episode return/seat=+4.33
iter 4940/5000 (98.80%) | elapsed=1h 27m 29s | eta=1m 03s | loss=0.0178 | eps=0.050 | mean turn reward=+0.171 | mean episode return/seat=+4.54
iter 4941/5000 (98.82%) | elapsed=1h 27m 30s | eta=1m 02s | loss=0.0139 | eps=0.050 | mean turn reward=+0.170 | mean episode return/seat=+4.53
iter 4942/5000 (98.84%) | elapsed=1h 27m 31s | eta=1m 01s | loss=0.0156 | eps=0.050 | mean turn reward=+0.166 | mean episode return/seat=+4.34
iter 4943/5000 (98.86%) | elapsed=1h 27m 32s | eta=1m 00s | loss=0.0139 | eps=0.050 | mean turn reward=+0.168 | mean episode return/seat=+4.45
iter 4944/5000 (98.88%) | elapsed=1h 27m 33s | eta=59s | loss=0.0165 | eps=0.050 | mean turn reward=+0.169 | mean episode return/seat=+4.49
iter 4945/5000 (98.90%) | elapsed=1h 27m 34s | eta=58s | loss=0.0151 | eps=0.050 | mean turn reward=+0.168 | mean episode return/seat=+4.39
iter 4946/5000 (98.92%) | elapsed=1h 27m 36s | eta=57s | loss=0.0166 | eps=0.050 | mean turn reward=+0.169 | mean episode return/seat=+4.44
iter 4947/5000 (98.94%) | elapsed=1h 27m 37s | eta=56s | loss=0.0176 | eps=0.050 | mean turn reward=+0.167 | mean episode return/seat=+4.43
iter 4948/5000 (98.96%) | elapsed=1h 27m 38s | eta=55s | loss=0.0160 | eps=0.050 | mean turn reward=+0.168 | mean episode return/seat=+4.43
iter 4949/5000 (98.98%) | elapsed=1h 27m 39s | eta=54s | loss=0.0151 | eps=0.050 | mean turn reward=+0.169 | mean episode return/seat=+4.45
iter 4950/5000 (99.00%) | elapsed=1h 27m 40s | eta=53s | loss=0.0157 | eps=0.050 | mean turn reward=+0.168 | mean episode return/seat=+4.41
iter 4951/5000 (99.02%) | elapsed=1h 27m 41s | eta=52s | loss=0.0154 | eps=0.050 | mean turn reward=+0.166 | mean episode return/seat=+4.33
iter 4952/5000 (99.04%) | elapsed=1h 27m 42s | eta=51s | loss=0.0142 | eps=0.050 | mean turn reward=+0.169 | mean episode return/seat=+4.42
iter 4953/5000 (99.06%) | elapsed=1h 27m 43s | eta=49s | loss=0.0174 | eps=0.050 | mean turn reward=+0.166 | mean episode return/seat=+4.35
iter 4954/5000 (99.08%) | elapsed=1h 27m 44s | eta=48s | loss=0.0146 | eps=0.050 | mean turn reward=+0.166 | mean episode return/seat=+4.33
iter 4955/5000 (99.10%) | elapsed=1h 27m 45s | eta=47s | loss=0.0153 | eps=0.050 | mean turn reward=+0.166 | mean episode return/seat=+4.41
iter 4956/5000 (99.12%) | elapsed=1h 27m 46s | eta=46s | loss=0.0151 | eps=0.050 | mean turn reward=+0.167 | mean episode return/seat=+4.37
iter 4957/5000 (99.14%) | elapsed=1h 27m 47s | eta=45s | loss=0.0157 | eps=0.050 | mean turn reward=+0.170 | mean episode return/seat=+4.48
iter 4958/5000 (99.16%) | elapsed=1h 27m 48s | eta=44s | loss=0.0149 | eps=0.050 | mean turn reward=+0.168 | mean episode return/seat=+4.42
iter 4959/5000 (99.18%) | elapsed=1h 27m 49s | eta=43s | loss=0.0153 | eps=0.050 | mean turn reward=+0.167 | mean episode return/seat=+4.40
iter 4960/5000 (99.20%) | elapsed=1h 27m 51s | eta=42s | loss=0.0159 | eps=0.050 | mean turn reward=+0.167 | mean episode return/seat=+4.31
iter 4961/5000 (99.22%) | elapsed=1h 27m 52s | eta=41s | loss=0.0152 | eps=0.050 | mean turn reward=+0.166 | mean episode return/seat=+4.40
iter 4962/5000 (99.24%) | elapsed=1h 27m 53s | eta=40s | loss=0.0153 | eps=0.050 | mean turn reward=+0.166 | mean episode return/seat=+4.40
iter 4963/5000 (99.26%) | elapsed=1h 27m 54s | eta=39s | loss=0.0160 | eps=0.050 | mean turn reward=+0.167 | mean episode return/seat=+4.39
iter 4964/5000 (99.28%) | elapsed=1h 27m 55s | eta=38s | loss=0.0168 | eps=0.050 | mean turn reward=+0.168 | mean episode return/seat=+4.44
iter 4965/5000 (99.30%) | elapsed=1h 27m 56s | eta=37s | loss=0.0154 | eps=0.050 | mean turn reward=+0.167 | mean episode return/seat=+4.42
iter 4966/5000 (99.32%) | elapsed=1h 27m 57s | eta=36s | loss=0.0160 | eps=0.050 | mean turn reward=+0.167 | mean episode return/seat=+4.35
iter 4967/5000 (99.34%) | elapsed=1h 27m 58s | eta=35s | loss=0.0142 | eps=0.050 | mean turn reward=+0.167 | mean episode return/seat=+4.36
iter 4968/5000 (99.36%) | elapsed=1h 27m 59s | eta=34s | loss=0.0172 | eps=0.050 | mean turn reward=+0.166 | mean episode return/seat=+4.42
iter 4969/5000 (99.38%) | elapsed=1h 28m 00s | eta=32s | loss=0.0147 | eps=0.050 | mean turn reward=+0.167 | mean episode return/seat=+4.36
iter 4970/5000 (99.40%) | elapsed=1h 28m 01s | eta=31s | loss=0.0179 | eps=0.050 | mean turn reward=+0.166 | mean episode return/seat=+4.34
iter 4971/5000 (99.42%) | elapsed=1h 28m 02s | eta=30s | loss=0.0183 | eps=0.050 | mean turn reward=+0.166 | mean episode return/seat=+4.32
iter 4972/5000 (99.44%) | elapsed=1h 28m 03s | eta=29s | loss=0.0140 | eps=0.050 | mean turn reward=+0.168 | mean episode return/seat=+4.40
iter 4973/5000 (99.46%) | elapsed=1h 28m 04s | eta=28s | loss=0.0193 | eps=0.050 | mean turn reward=+0.167 | mean episode return/seat=+4.44
iter 4974/5000 (99.48%) | elapsed=1h 28m 06s | eta=27s | loss=0.0153 | eps=0.050 | mean turn reward=+0.169 | mean episode return/seat=+4.40
iter 4975/5000 (99.50%) | elapsed=1h 28m 07s | eta=26s | loss=0.0163 | eps=0.050 | mean turn reward=+0.168 | mean episode return/seat=+4.46
iter 4976/5000 (99.52%) | elapsed=1h 28m 08s | eta=25s | loss=0.0175 | eps=0.050 | mean turn reward=+0.165 | mean episode return/seat=+4.36
iter 4977/5000 (99.54%) | elapsed=1h 28m 09s | eta=24s | loss=0.0152 | eps=0.050 | mean turn reward=+0.169 | mean episode return/seat=+4.42
iter 4978/5000 (99.56%) | elapsed=1h 28m 10s | eta=23s | loss=0.0141 | eps=0.050 | mean turn reward=+0.167 | mean episode return/seat=+4.40
iter 4979/5000 (99.58%) | elapsed=1h 28m 11s | eta=22s | loss=0.0164 | eps=0.050 | mean turn reward=+0.169 | mean episode return/seat=+4.47
iter 4980/5000 (99.60%) | elapsed=1h 28m 12s | eta=21s | loss=0.0156 | eps=0.050 | mean turn reward=+0.165 | mean episode return/seat=+4.37
iter 4981/5000 (99.62%) | elapsed=1h 28m 13s | eta=20s | loss=0.0135 | eps=0.050 | mean turn reward=+0.167 | mean episode return/seat=+4.39
iter 4982/5000 (99.64%) | elapsed=1h 28m 14s | eta=19s | loss=0.0151 | eps=0.050 | mean turn reward=+0.166 | mean episode return/seat=+4.36
iter 4983/5000 (99.66%) | elapsed=1h 28m 15s | eta=18s | loss=0.0158 | eps=0.050 | mean turn reward=+0.167 | mean episode return/seat=+4.37
iter 4984/5000 (99.68%) | elapsed=1h 28m 16s | eta=17s | loss=0.0153 | eps=0.050 | mean turn reward=+0.169 | mean episode return/seat=+4.46
iter 4985/5000 (99.70%) | elapsed=1h 28m 17s | eta=15s | loss=0.0135 | eps=0.050 | mean turn reward=+0.167 | mean episode return/seat=+4.33
iter 4986/5000 (99.72%) | elapsed=1h 28m 18s | eta=14s | loss=0.0151 | eps=0.050 | mean turn reward=+0.167 | mean episode return/seat=+4.43
iter 4987/5000 (99.74%) | elapsed=1h 28m 19s | eta=13s | loss=0.0148 | eps=0.050 | mean turn reward=+0.167 | mean episode return/seat=+4.42
iter 4988/5000 (99.76%) | elapsed=1h 28m 20s | eta=12s | loss=0.0161 | eps=0.050 | mean turn reward=+0.169 | mean episode return/seat=+4.43
iter 4989/5000 (99.78%) | elapsed=1h 28m 21s | eta=11s | loss=0.0154 | eps=0.050 | mean turn reward=+0.167 | mean episode return/seat=+4.41
iter 4990/5000 (99.80%) | elapsed=1h 28m 22s | eta=10s | loss=0.0146 | eps=0.050 | mean turn reward=+0.165 | mean episode return/seat=+4.32
iter 4991/5000 (99.82%) | elapsed=1h 28m 24s | eta=9s | loss=0.0146 | eps=0.050 | mean turn reward=+0.168 | mean episode return/seat=+4.35
iter 4992/5000 (99.84%) | elapsed=1h 28m 25s | eta=8s | loss=0.0158 | eps=0.050 | mean turn reward=+0.167 | mean episode return/seat=+4.39
iter 4993/5000 (99.86%) | elapsed=1h 28m 26s | eta=7s | loss=0.0150 | eps=0.050 | mean turn reward=+0.168 | mean episode return/seat=+4.44
saved Q-network -> /SushiGo/results/league/variable_2_4/repetition_1/model.pt
