iteration,elapsed_seconds,loss,epsilon,mean_turn_reward,mean_episode_return
0,9.476422805339098,0.046590786427259445,0.9996185302734375,0.13141445815563202,3.3916664123535156
1,10.564665982499719,0.04226277396082878,0.999237060546875,0.13080646097660065,3.4720001220703125
2,11.715004360303283,0.03715934604406357,0.9988555908203125,0.11891892552375793,3.1035711765289307
3,12.670338714495301,0.043712325394153595,0.99847412109375,0.13417086005210876,3.4304351806640625
4,13.928881397470832,0.04409068077802658,0.9980926513671875,0.12600001692771912,3.230769157409668
5,14.859046353958547,0.040222153067588806,0.997711181640625,0.12055215984582901,3.103703737258911
6,15.700053636915982,0.03555630147457123,0.9973297119140625,0.14352227747440338,3.6999998092651367
7,16.533406745642424,0.03904744237661362,0.9969482421875,0.13495495915412903,3.8947367668151855
8,17.475580994971097,0.03486533463001251,0.9965667724609375,0.1263551414012909,3.4200000762939453
9,18.47546276729554,0.03508399799466133,0.996185302734375,0.1312393844127655,3.690000057220459
10,19.52317242603749,0.03754248470067978,0.9958038330078125,0.12730376422405243,3.3434786796569824
11,20.766878915019333,0.03361441567540169,0.99542236328125,0.13226746022701263,3.289285659790039
12,22.025993546471,0.03290247917175293,0.9950408935546875,0.12141681462526321,2.880000114440918
13,22.97758913319558,0.037306223064661026,0.994659423828125,0.1289583295583725,3.8449997901916504
14,25.10367542039603,0.03279411047697067,0.9942779541015625,0.13460208475589752,3.559091091156006
15,26.802565230987966,0.036703333258628845,0.993896484375,0.12551181018352509,3.2800002098083496
16,28.297835981473327,0.03067007288336754,0.9935150146484375,0.12742681801319122,3.2719998359680176
17,29.26983449421823,0.027496684342622757,0.993133544921875,0.12560604512691498,3.32962965965271
18,30.141455163247883,0.03524317964911461,0.9927520751953125,0.1172468364238739,2.98888897895813
19,31.141624148003757,0.0382034108042717,0.99237060546875,0.12457043677568436,3.1440000534057617
20,32.211048217490315,0.031126001849770546,0.9919891357421875,0.13469751179218292,3.531818151473999
21,33.14360228460282,0.035161908715963364,0.991607666015625,0.13355371356010437,3.799999952316284
22,34.03361293952912,0.04043614864349365,0.9912261962890625,0.12382609397172928,3.32608699798584
23,35.01509446557611,0.033121269196271896,0.9908447265625,0.1298769861459732,3.372000217437744
24,36.003023196943104,0.027983173727989197,0.9904632568359375,0.12385862320661545,3.169565200805664
25,36.879635787568986,0.038510024547576904,0.990081787109375,0.12861895561218262,3.3000001907348633
26,38.26829745620489,0.03396843001246452,0.9897003173828125,0.1266886293888092,3.249999761581421
27,40.038330955430865,0.0270969420671463,0.98931884765625,0.12640263140201569,3.312499761581421
28,41.12586069107056,0.04122579097747803,0.9889373779296875,0.12168285250663757,3.427999973297119
29,42.66948405187577,0.03240755572915077,0.988555908203125,0.1292724311351776,3.2791669368743896
30,43.73586996924132,0.03558666631579399,0.9881744384765625,0.12402597814798355,3.10909104347229
31,44.681906681507826,0.039171118289232254,0.98779296875,0.12897728383541107,3.5647058486938477
32,45.50676525104791,0.03834674134850502,0.9874114990234375,0.1333925426006317,3.8999998569488525
33,46.339165987446904,0.0380718931555748,0.987030029296875,0.12607312202453613,3.173076868057251
34,47.17843332514167,0.042121995240449905,0.9866485595703125,0.12520457804203033,3.307999610900879
35,48.21873985789716,0.036371249705553055,0.98626708984375,0.13946868479251862,3.4708335399627686
36,49.064766051247716,0.03427686542272568,0.9858856201171875,0.129541277885437,3.611764669418335
37,50.46197078470141,0.03420582041144371,0.985504150390625,0.1332082599401474,3.620000123977661
38,51.48611537925899,0.04182492196559906,0.9851226806640625,0.11999999731779099,3.3399996757507324
39,52.39412150345743,0.049130503088235855,0.9847412109375,0.1259615421295166,3.0249998569488525
40,53.797397940419614,0.04347767308354378,0.9843597412109375,0.13071298599243164,3.494999647140503
41,54.752440803684294,0.03833285719156265,0.983978271484375,0.13413730263710022,3.6052632331848145
42,55.691945457831025,0.03617004305124283,0.9835968017578125,0.13779069483280182,3.805555582046509
43,57.473453923128545,0.03869261220097542,0.98321533203125,0.1263502538204193,3.2920000553131104
44,58.41198613867164,0.03508523106575012,0.9828338623046875,0.12486583739519119,3.5142855644226074
45,59.36557436734438,0.03695322200655937,0.982452392578125,0.15277208387851715,4.08420991897583
46,60.4224985120818,0.041027676314115524,0.9820709228515625,0.1248747929930687,3.180000066757202
47,61.78606956731528,0.03654346987605095,0.981689453125,0.1280612200498581,3.461111068725586
48,62.64059207588434,0.041027940809726715,0.9813079833984375,0.13815578818321228,3.5249998569488525
49,63.4914860650897,0.04019782319664955,0.980926513671875,0.122022844851017,3.4727277755737305
50,64.39043453056365,0.037807710468769073,0.9805450439453125,0.1271493136882782,2.9482758045196533
51,65.38658812455833,0.04221264272928238,0.98016357421875,0.13179397583007812,3.4549994468688965
52,66.78401107899845,0.04047451540827751,0.9797821044921875,0.12689530849456787,3.654545545578003
53,67.57952606398612,0.04013101011514664,0.979400634765625,0.12111802399158478,3.1370370388031006
54,68.43353939894587,0.03418157249689102,0.9790191650390625,0.14817988872528076,3.933333396911621
55,69.46992676332593,0.049100011587142944,0.9786376953125,0.13581080734729767,3.6599998474121094
56,70.47554491460323,0.044164400547742844,0.9782562255859375,0.13124999403953552,3.7136361598968506
57,71.93877860251814,0.04479373246431351,0.977874755859375,0.1455645114183426,3.8789474964141846
58,73.15408093761653,0.05235447734594345,0.9774932861328125,0.11637520790100098,3.0920000076293945
59,74.02272159419954,0.043411560356616974,0.97711181640625,0.12636815011501312,3.308000087738037
60,74.94528022687882,0.04579119756817818,0.9767303466796875,0.12662538886070251,3.269230842590332
61,75.85756753664464,0.04243941977620125,0.976348876953125,0.12849651277065277,3.2444443702697754
62,77.31925558764488,0.04318172484636307,0.9759674072265625,0.12428811192512512,3.5400002002716064
63,78.2935318024829,0.04384787380695343,0.9755859375,0.12556131184101105,3.2239999771118164
64,79.17157709412277,0.040976546704769135,0.9752044677734375,0.1237717866897583,3.240000009536743
65,80.13596116192639,0.03915819898247719,0.974822998046875,0.1360197514295578,3.4720001220703125
66,81.02411764487624,0.048118602484464645,0.9744415283203125,0.12434640526771545,3.247999906539917
67,81.91930297762156,0.03911546617746353,0.97406005859375,0.12628304958343506,3.1565215587615967
68,83.05712023656815,0.040787313133478165,0.9736785888671875,0.12700489163398743,3.3439998626708984
69,84.11101123690605,0.04545280709862709,0.973297119140625,0.12370029836893082,3.1352944374084473
70,85.06214498355985,0.041498929262161255,0.9729156494140625,0.12612903118133545,3.1846156120300293
71,86.23177340533584,0.035349830985069275,0.9725341796875,0.14201520383358002,4.039999961853027
72,87.09907207451761,0.03801434487104416,0.9721527099609375,0.1431775838136673,3.566666841506958
73,88.45620449073613,0.039240434765815735,0.971771240234375,0.13679058849811554,3.9285714626312256
74,89.41827015671879,0.0404059998691082,0.9713897705078125,0.12173913419246674,3.233333110809326
75,90.39214029721916,0.033024270087480545,0.97100830078125,0.13082942366600037,3.380000352859497
76,91.36077935155481,0.039184652268886566,0.9706268310546875,0.13165466487407684,3.2150001525878906
77,92.31933233514428,0.04037483409047127,0.970245361328125,0.1278207004070282,3.320833444595337
78,93.14074735622853,0.03385526314377785,0.9698638916015625,0.12192691117525101,3.433333158493042
79,94.52349698450416,0.03618737682700157,0.969482421875,0.1298932433128357,3.104761838912964
80,95.47964429017156,0.03482415899634361,0.9691009521484375,0.1353703737258911,4.149999618530273
81,97.47197353560477,0.03895535320043564,0.968719482421875,0.12265487015247345,3.1666667461395264
82,98.6303433412686,0.03412819281220436,0.9683380126953125,0.12614035606384277,3.2200000286102295
83,99.49932995159179,0.03556236997246742,0.96795654296875,0.14957447350025177,4.217647552490234
84,100.32099537644535,0.03882737457752228,0.9675750732421875,0.1303263157606125,3.7615389823913574
85,101.20364173222333,0.03325829654932022,0.967193603515625,0.12207406759262085,3.3375003337860107
86,102.22772136051208,0.033215515315532684,0.9668121337890625,0.12413793802261353,2.9724135398864746
87,103.13047800585628,0.03413284569978714,0.9664306640625,0.1299823522567749,3.5130438804626465
88,104.00535101629794,0.03408671170473099,0.9660491943359375,0.12163833528757095,3.051851987838745
89,104.89534116536379,0.03561636060476303,0.965667724609375,0.12468750774860382,3.1769230365753174
90,106.13389569800347,0.033607762306928635,0.9652862548828125,0.1418803483247757,4.078571319580078
91,107.16979552339762,0.03602378070354462,0.96490478515625,0.1364421248435974,3.700000047683716
92,108.20937516540289,0.03413456678390503,0.9645233154296875,0.13787084817886353,3.745000123977661
93,109.04087136685848,0.03450678288936615,0.964141845703125,0.12782461941242218,3.2538461685180664
94,110.44699025712907,0.03973094001412392,0.9637603759765625,0.13919414579868317,3.5699996948242188
95,112.2340346314013,0.03016524575650692,0.96337890625,0.12218543887138367,3.2291667461395264
96,113.2330211494118,0.03634849190711975,0.9629974365234375,0.12521009147167206,3.4125001430511475
97,114.05719868373126,0.035816773772239685,0.962615966796875,0.12508143484592438,3.4380950927734375
98,115.03738089930266,0.0327698215842247,0.9622344970703125,0.12463769316673279,3.1052632331848145
99,116.1649621874094,0.029750881716609,0.96185302734375,0.11246290057897568,2.9375
100,117.3908742396161,0.027448823675513268,0.9614715576171875,0.1328519880771637,3.4521737098693848
101,118.20088992919773,0.03713122382760048,0.961090087890625,0.12960289418697357,3.4347825050354004
102,119.23075302224606,0.033117715269327164,0.9607086181640625,0.13279569149017334,3.3374998569488525
103,120.69828290306032,0.033303629606962204,0.9603271484375,0.123519167304039,3.357142925262451
104,121.71074581053108,0.03292902931571007,0.9599456787109375,0.13512659072875977,3.3680002689361572
105,122.54210352897644,0.033271465450525284,0.959564208984375,0.12035831063985825,3.161904811859131
106,123.40864705014974,0.029561661183834076,0.9591827392578125,0.11875901371240616,3.248000144958496
107,124.6028719842434,0.0379357673227787,0.95880126953125,0.12701813876628876,3.2679998874664307
108,125.75189989898354,0.033824555575847626,0.9584197998046875,0.12661290168762207,3.1041667461395264
109,126.73091918602586,0.031080545857548714,0.958038330078125,0.14612476527690887,3.812000036239624
110,127.7510487260297,0.03275734558701515,0.9576568603515625,0.13064517080783844,3.799999713897705
111,128.8143303785473,0.03292601928114891,0.957275390625,0.12573771178722382,3.1954545974731445
112,129.65878061484545,0.03197048231959343,0.9568939208984375,0.12552447617053986,3.452173948287964
113,130.48980961740017,0.027329163625836372,0.956512451171875,0.12429079413414001,3.3499999046325684
114,131.48316739033908,0.03062095306813717,0.9561309814453125,0.13777370750904083,3.595454454421997
115,132.52879553567618,0.03354362025856972,0.95574951171875,0.12877357006072998,3.136000156402588
116,133.49957352038473,0.028511108830571175,0.9553680419921875,0.1424657553434372,3.9600002765655518
117,134.36326661519706,0.029001766815781593,0.954986572265625,0.135009303689003,3.856250286102295
118,135.20451839640737,0.03143654763698578,0.9546051025390625,0.11656716465950012,3.076923131942749
119,136.49882278125733,0.03883928060531616,0.9542236328125,0.13830189406871796,3.6000001430511475
120,137.35194972809404,0.02968289703130722,0.9538421630859375,0.13414636254310608,4.006666660308838
121,138.36186793074012,0.032139528542757034,0.953460693359375,0.12960630655288696,3.2066667079925537
122,139.2327918196097,0.029864590615034103,0.9530792236328125,0.1264413446187973,3.5999996662139893
123,140.1213022004813,0.03042295202612877,0.95269775390625,0.13109090924263,3.7133333683013916
124,141.7824844866991,0.029464909806847572,0.9523162841796875,0.12090760469436646,3.184615135192871
125,142.65742505993694,0.029826946556568146,0.951934814453125,0.1316118985414505,3.388000249862671
126,143.6469552256167,0.02910010702908039,0.9515533447265625,0.12937180697917938,3.3736846446990967
127,144.6575761884451,0.030296199023723602,0.951171875,0.13486725091934204,3.5565216541290283
128,145.90636330191046,0.030143629759550095,0.9507904052734375,0.13066202402114868,3.442857265472412
129,146.90758082363755,0.03171645477414131,0.950408935546875,0.13278687000274658,3.7136361598968506
130,147.8204575618729,0.032699309289455414,0.9500274658203125,0.13501577079296112,3.3439998626708984
131,148.73274722509086,0.02913857065141201,0.94964599609375,0.12888199090957642,3.3500001430511475
132,149.57565095461905,0.031154988333582878,0.9492645263671875,0.12512478232383728,3.188000202178955
133,150.43512071017176,0.030823292210698128,0.948883056640625,0.13394342362880707,3.68999981880188
134,151.35898677818477,0.0309495497494936,0.9485015869140625,0.1223420649766922,3.248147964477539
135,152.22133842483163,0.03229650855064392,0.9481201171875,0.13051722943782806,3.441666841506958
136,153.23404561914504,0.030451979488134384,0.9477386474609375,0.14052288234233856,3.6736838817596436
137,154.31667106971145,0.029657363891601562,0.947357177734375,0.11918429285287857,3.192000150680542
138,155.30159559752792,0.03162948414683342,0.9469757080078125,0.13172541558742523,3.424999952316284
139,156.13118622917682,0.030523909255862236,0.94659423828125,0.12852615118026733,3.0791664123535156
140,157.073094855994,0.029027145355939865,0.9462127685546875,0.14259259402751923,3.875
141,158.4439870873466,0.031918998807668686,0.945831298828125,0.14264704287052155,4.299999713897705
142,159.45356395095587,0.026838986203074455,0.9454498291015625,0.1294642835855484,3.565000057220459
143,160.42885513510555,0.02783459983766079,0.945068359375,0.14374999701976776,3.7699999809265137
144,161.83054831810296,0.03283963352441788,0.9446868896484375,0.12445193529129028,3.315999746322632
145,163.05153709556907,0.032796673476696014,0.944305419921875,0.11900585144758224,2.9791667461395264
146,164.0869924761355,0.029246516525745392,0.9439239501953125,0.128896102309227,3.196296453475952
147,164.93770651333034,0.03207246586680412,0.94354248046875,0.1321931630373001,3.7444441318511963
148,165.81923061888665,0.032051313668489456,0.9431610107421875,0.13382625579833984,3.5947365760803223
149,167.88652637973428,0.03025822341442108,0.942779541015625,0.1399267464876175,3.722727060317993
150,168.8513343790546,0.030125806108117104,0.9423980712890625,0.11239243298768997,2.936842203140259
151,170.89010292012244,0.034430403262376785,0.9420166015625,0.14345991611480713,3.7749996185302734
152,171.79219672922045,0.031799741089344025,0.9416351318359375,0.1327948272228241,3.683333158493042
153,172.63688369933516,0.030959712341427803,0.941253662109375,0.12835130095481873,3.3521738052368164
154,173.50066465884447,0.026384515687823296,0.9408721923828125,0.1278008371591568,3.4772727489471436
155,174.38135980349034,0.02979682944715023,0.94049072265625,0.13025891780853271,3.3439996242523193
156,175.47654941305518,0.028540078550577164,0.9401092529296875,0.13453607261180878,3.4277775287628174
157,176.5689193746075,0.028253458440303802,0.939727783203125,0.1320531815290451,3.5103447437286377
158,177.47360156010836,0.02844276838004589,0.9393463134765625,0.12616099417209625,3.063999891281128
159,178.79995226021856,0.033412955701351166,0.93896484375,0.13171952962875366,3.6374995708465576
160,179.82746154535562,0.0322175994515419,0.9385833740234375,0.11885245889425278,2.738095283508301
161,180.68146205041558,0.03031589835882187,0.938201904296875,0.1354610025882721,3.7863638401031494
162,181.60427000187337,0.029392220079898834,0.9378204345703125,0.1393321007490158,3.6050000190734863
163,183.30413390509784,0.029345884919166565,0.93743896484375,0.13369962573051453,3.652381181716919
164,184.25503508467227,0.029085826128721237,0.9370574951171875,0.1350533664226532,3.6434783935546875
165,185.31778577994555,0.03157467395067215,0.936676025390625,0.125,3.313333749771118
166,186.2060478394851,0.029769159853458405,0.9362945556640625,0.13674241304397583,3.539130449295044
167,187.10726955533028,0.032607678323984146,0.9359130859375,0.1320866197347641,3.9263157844543457
168,188.58716451749206,0.030476616695523262,0.9355316162109375,0.13600656390190125,3.5500001907348633
169,189.62290185038,0.02983410470187664,0.935150146484375,0.13395904004573822,3.5166666507720947
170,191.09955763071775,0.02896091155707836,0.9347686767578125,0.12296296656131744,3.200000047683716
171,192.01122023258358,0.030408542603254318,0.93438720703125,0.1334482729434967,3.515000104904175
172,193.59842835366726,0.030960164964199066,0.9340057373046875,0.13354633748531342,3.5619044303894043
173,194.60141179524362,0.030289724469184875,0.933624267578125,0.1257191300392151,3.25
174,195.87051199749112,0.030346227809786797,0.9332427978515625,0.13310104608535767,3.444444417953491
175,197.78621836937964,0.02581280842423439,0.932861328125,0.13127271831035614,3.6631577014923096
176,199.18870170414448,0.028070878237485886,0.9324798583984375,0.1449505090713501,3.9095242023468018
177,200.20773969125003,0.029061097651720047,0.932098388671875,0.1340782195329666,4.005882263183594
178,201.60235381964594,0.025997651740908623,0.9317169189453125,0.12984217703342438,3.010344982147217
179,202.45899723749608,0.029821468517184258,0.93133544921875,0.1335907280445099,3.7100002765655518
180,203.28518888354301,0.027769962325692177,0.9309539794921875,0.14000001549720764,3.866666555404663
181,204.1041026506573,0.032532062381505966,0.930572509765625,0.14291417598724365,3.8388888835906982
182,205.04899094533175,0.028623433783650398,0.9301910400390625,0.1320689618587494,3.736363410949707
183,205.93439419288188,0.028139913454651833,0.9298095703125,0.13594548404216766,3.5428571701049805
184,206.76635192520916,0.031022680923342705,0.9294281005859375,0.12504930794239044,3.4900002479553223
185,207.71556057035923,0.030283331871032715,0.929046630859375,0.12804877758026123,3.1714284420013428
186,208.83927363157272,0.03237052261829376,0.9286651611328125,0.13540147244930267,3.941175937652588
187,209.90739892236888,0.029626015573740005,0.92828369140625,0.12647058069705963,3.233333110809326
188,210.7705320874229,0.03532569855451584,0.9279022216796875,0.11618123203516006,3.132000207901001
189,211.89601905457675,0.028295380994677544,0.927520751953125,0.13501805067062378,3.433333158493042
190,213.11286900751293,0.03175463527441025,0.9271392822265625,0.12827476859092712,3.4624998569488525
191,214.31062642484903,0.02906779758632183,0.9267578125,0.13079585134983063,3.390909433364868
192,215.41486892756075,0.03187441825866699,0.9263763427734375,0.13675495982170105,3.68500018119812
193,216.73781717475504,0.033455319702625275,0.925994873046875,0.12755416333675385,3.260714292526245
194,217.56986980512738,0.026054125279188156,0.9256134033203125,0.13441559672355652,3.5
195,218.40740412194282,0.031072691082954407,0.92523193359375,0.1290484070777893,3.311999797821045
196,219.93120362143964,0.025230227038264275,0.9248504638671875,0.13935741782188416,3.993333339691162
197,220.86779241170734,0.03277771174907684,0.924468994140625,0.13131149113178253,3.6434781551361084
198,221.95753993093967,0.02896067500114441,0.9240875244140625,0.15272332727909088,4.074999809265137
199,223.35106978565454,0.029373236000537872,0.9237060546875,0.1355595737695694,3.5210530757904053
200,224.22321866359562,0.027737567201256752,0.9233245849609375,0.1360294073820114,3.795454263687134
201,225.3717911466956,0.027424847707152367,0.922943115234375,0.12491288781166077,3.3333332538604736
202,226.581080253236,0.02923731505870819,0.9225616455078125,0.14760147035121918,3.990476369857788
203,227.4867592183873,0.03043675422668457,0.92218017578125,0.12166666984558105,3.2272727489471436
204,228.9847414745018,0.02896459959447384,0.9217987060546875,0.12408874928951263,3.235999822616577
205,229.83917960897088,0.027694221585989,0.921417236328125,0.12924370169639587,3.1782608032226562
206,231.13143591303378,0.029799029231071472,0.9210357666015625,0.13680672645568848,3.6869566440582275
207,232.20371637120843,0.025422818958759308,0.920654296875,0.12848100066184998,3.2739131450653076
208,233.06150533352047,0.03104708157479763,0.9202728271484375,0.11776119470596313,2.9680001735687256
209,233.92480935435742,0.03069341368973255,0.919891357421875,0.14213483035564423,3.7636361122131348
210,234.83234028238803,0.02563268505036831,0.9195098876953125,0.12600000202655792,3.5208332538604736
211,235.7181835072115,0.029673580080270767,0.91912841796875,0.12469880282878876,3.0142860412597656
212,236.70326633565128,0.03090808168053627,0.9187469482421875,0.13816925883293152,3.5409088134765625
213,237.7708116872236,0.02882489375770092,0.918365478515625,0.12644068896770477,3.45652174949646
214,238.74003930110484,0.0323006846010685,0.9179840087890625,0.13492365181446075,3.4555559158325195
215,239.91418421454728,0.03316665068268776,0.9176025390625,0.1306087076663971,3.385714530944824
216,240.72980785742402,0.030106069520115852,0.9172210693359375,0.13214285671710968,3.747826337814331
217,241.6324300225824,0.03343686833977699,0.916839599609375,0.1410207897424698,3.519047260284424
218,242.59101571142673,0.028490595519542694,0.9164581298828125,0.12575039267539978,3.504166841506958
219,243.6545915370807,0.02919057384133339,0.91607666015625,0.13251635432243347,3.2269227504730225
220,244.69467190094292,0.028611332178115845,0.9156951904296875,0.14000000059604645,3.5400002002716064
221,245.56181907933205,0.0283526424318552,0.915313720703125,0.13668639957904816,4.3125
222,247.26740761101246,0.030929293483495712,0.9149322509765625,0.13078124821186066,3.2833330631256104
223,248.43554063607007,0.030671508982777596,0.91455078125,0.12683363258838654,3.2260870933532715
224,249.34501193463802,0.02803305722773075,0.9141693115234375,0.13678373396396637,4.044444561004639
225,250.18198919761926,0.028170935809612274,0.913787841796875,0.12833334505558014,3.4124996662139893
226,251.0239380337298,0.028151167556643486,0.9134063720703125,0.12804487347602844,3.2279999256134033
227,252.3728612922132,0.0283383596688509,0.91302490234375,0.13300491869449615,3.5119998455047607
228,253.41790496185422,0.027812067419290543,0.9126434326171875,0.12080536782741547,3.1421051025390625
229,254.46968365926296,0.0334671288728714,0.912261962890625,0.12881356477737427,3.4599997997283936
230,255.39479688741267,0.030843602493405342,0.9118804931640625,0.12752443552017212,3.2931034564971924
231,256.4001155719161,0.033801641315221786,0.9114990234375,0.13189655542373657,3.377777576446533
232,257.2090885769576,0.029391111806035042,0.9111175537109375,0.11547049880027771,3.004347801208496
233,258.1920101484284,0.027455748990178108,0.910736083984375,0.14631147682666779,4.036841869354248
234,259.87749075330794,0.02927994728088379,0.9103546142578125,0.12271945178508759,3.0350003242492676
235,261.2665931256488,0.02544635534286499,0.90997314453125,0.13527272641658783,3.547826051712036
236,262.18727815989405,0.02921666018664837,0.9095916748046875,0.14725275337696075,3.9952380657196045
237,263.0322390217334,0.026540493592619896,0.909210205078125,0.11816839128732681,3.114814519882202
238,263.87971329595894,0.025759145617485046,0.9088287353515625,0.1271214485168457,3.424999475479126
239,264.75060346350074,0.03202607482671738,0.908447265625,0.1262243241071701,3.0851850509643555
240,265.64765419252217,0.027183696627616882,0.9080657958984375,0.1432865709066391,4.566667079925537
241,266.5684623196721,0.02886027656495571,0.907684326171875,0.12996743619441986,3.5458333492279053
242,267.6849164329469,0.025740940123796463,0.9073028564453125,0.14095744490623474,3.611999750137329
243,268.6601778883487,0.027523145079612732,0.90692138671875,0.12978723645210266,3.6681816577911377
244,269.7887014783919,0.028960740193724632,0.9065399169921875,0.13317756354808807,3.3259260654449463
245,270.8036201586947,0.029694074764847755,0.906158447265625,0.14032550156116486,3.7826087474823
246,272.3566569285467,0.029355846345424652,0.9057769775390625,0.13880309462547302,3.692307710647583
247,273.3593666795641,0.030450543388724327,0.9053955078125,0.15212121605873108,4.1823530197143555
248,274.47493683267385,0.030630003660917282,0.9050140380859375,0.1319112479686737,3.7739129066467285
249,275.3812233004719,0.029729638248682022,0.904632568359375,0.12798790633678436,3.3185184001922607
250,276.26197066530585,0.03150511160492897,0.9042510986328125,0.14420849084854126,3.622727155685425
251,277.97537601552904,0.027712000533938408,0.90386962890625,0.13537415862083435,3.5625
252,278.8016411997378,0.028343385085463524,0.9034881591796875,0.13203540444374084,3.4315788745880127
253,279.8561993725598,0.033540915697813034,0.903106689453125,0.12985295057296753,3.4039995670318604
254,280.8588579138741,0.02760162390768528,0.9027252197265625,0.12232416123151779,3.0620691776275635
255,282.19172043632716,0.02740657702088356,0.90234375,0.1436673104763031,3.94705867767334
256,283.676309495233,0.027638865634799004,0.9019622802734375,0.12935152649879456,3.555999994277954
257,284.6802150281146,0.02849227376282215,0.901580810546875,0.14120171964168549,3.776470899581909
258,285.60615882463753,0.03070860356092453,0.9011993408203125,0.12864768505096436,4.049999713897705
259,286.6254816064611,0.03015250526368618,0.90081787109375,0.13059937953948975,3.1285712718963623
260,287.4665221730247,0.03397630900144577,0.9004364013671875,0.13439849019050598,3.786363363265991
261,288.5754262525588,0.028641575947403908,0.900054931640625,0.13127820193767548,3.238461494445801
262,289.64034364931285,0.02723931148648262,0.8996734619140625,0.12821315228939056,3.269230842590332
263,290.66281704604626,0.030492596328258514,0.8992919921875,0.13030821084976196,3.5
264,292.8093234254047,0.027526546269655228,0.8989105224609375,0.1321316659450531,3.1374998092651367
265,293.6731005702168,0.03011138364672661,0.898529052734375,0.12919846177101135,3.752631425857544
266,294.5498620280996,0.029565995559096336,0.8981475830078125,0.12757475674152374,3.5099997520446777
267,295.62084265518934,0.03443681821227074,0.89776611328125,0.13556700944900513,3.340909481048584
268,296.48813368193805,0.025948353111743927,0.8973846435546875,0.13486944139003754,3.4153847694396973
269,297.3545394539833,0.028137216344475746,0.897003173828125,0.12936508655548096,3.403846263885498
270,298.3848575744778,0.029545331373810768,0.8966217041015625,0.13020667433738708,3.281818151473999
271,299.4248432982713,0.02982097864151001,0.896240234375,0.12672674655914307,3.2642860412597656
272,300.4953687628731,0.027857208624482155,0.8958587646484375,0.13778233528137207,3.869999647140503
273,301.78893084730953,0.025822773575782776,0.895477294921875,0.12621665000915527,3.509523630142212
274,302.8929845020175,0.029547078534960747,0.8950958251953125,0.12228070944547653,2.986363410949707
275,303.94221795443445,0.02704954519867897,0.89471435546875,0.11497858911752701,2.942857027053833
276,304.8621981795877,0.02816905826330185,0.8943328857421875,0.13659794628620148,3.313636064529419
277,305.6925336783752,0.03087875060737133,0.893951416015625,0.1258358657360077,3.4240002632141113
278,307.22542677260935,0.027235176414251328,0.8935699462890625,0.12979452311992645,3.312000036239624
279,308.1575644761324,0.026873206719756126,0.8931884765625,0.13067376613616943,3.288889169692993
280,309.59120334032923,0.029164303094148636,0.8928070068359375,0.13406997919082642,3.7363638877868652
281,310.5716330949217,0.029077664017677307,0.892425537109375,0.12783172726631165,3.384000301361084
282,311.56952365953475,0.02356025204062462,0.8920440673828125,0.13903281092643738,3.441666603088379
283,312.6487532146275,0.03047233447432518,0.89166259765625,0.12531445920467377,3.4240002632141113
284,314.88865155447274,0.027942368760704994,0.8912811279296875,0.13223786652088165,3.442105293273926
285,315.9366402607411,0.030764298513531685,0.890899658203125,0.12597402930259705,3.2875001430511475
286,317.0483919791877,0.028700504451990128,0.8905181884765625,0.1570071429014206,3.978947639465332
287,317.975026242435,0.030086712911725044,0.89013671875,0.13740158081054688,4.058823585510254
288,318.87693647667766,0.026040010154247284,0.8897552490234375,0.13171522319316864,3.4136362075805664
289,319.894125668332,0.030853690579533577,0.889373779296875,0.1257001757621765,3.311999559402466
290,321.4219905734062,0.029703965410590172,0.8889923095703125,0.1455114781856537,3.90625
291,322.696576198563,0.030047878623008728,0.88861083984375,0.14379562437534332,4.050000190734863
292,324.1334634432569,0.027991309762001038,0.8882293701171875,0.1289556920528412,3.3217391967773438
293,325.17694468516856,0.02714197337627411,0.887847900390625,0.12698112428188324,3.486363410949707
294,326.14334478694946,0.024111958220601082,0.8874664306640625,0.13857142627239227,3.4961535930633545
295,327.1859733145684,0.028324401006102562,0.8870849609375,0.13413794338703156,3.490476369857788
296,328.0116244442761,0.02821866050362587,0.8867034912109375,0.1404217779636383,3.8470585346221924
297,328.983191691339,0.028706712648272514,0.886322021484375,0.1504931002855301,4.01904821395874
298,329.9648531284183,0.031452424824237823,0.8859405517578125,0.13437499105930328,3.624999761581421
299,330.9801948219538,0.026554137468338013,0.88555908203125,0.13491228222846985,3.504166603088379
300,332.029325501062,0.028112290427088737,0.8851776123046875,0.1347985416650772,3.6937499046325684
301,332.95516672264785,0.03166399151086807,0.884796142578125,0.1375451385974884,3.585714101791382
302,333.76133688818663,0.02918567694723606,0.8844146728515625,0.14389380812644958,4.047618865966797
303,334.60084407310933,0.02844088338315487,0.884033203125,0.13637961447238922,3.483999729156494
304,335.62468364741653,0.02838197350502014,0.8836517333984375,0.1410646289587021,4.088888645172119
305,336.70997458696365,0.027447210624814034,0.883270263671875,0.1274881660938263,3.0439999103546143
306,337.78190353885293,0.03039265051484108,0.8828887939453125,0.12791970372200012,3.5562498569488525
307,338.6256086425856,0.0294513963162899,0.88250732421875,0.14094340801239014,4.125
308,339.606595441699,0.03060256317257881,0.8821258544921875,0.13433963060379028,3.2749998569488525
309,340.4758594632149,0.028150483965873718,0.881744384765625,0.13494983315467834,3.8684210777282715
310,341.31658110115677,0.026509864255785942,0.8813629150390625,0.13056029379367828,3.319230794906616
311,342.15547886583954,0.031164826825261116,0.8809814453125,0.14493997395038605,3.7300000190734863
312,342.9730959329754,0.026426414027810097,0.8805999755859375,0.13429543375968933,3.4909088611602783
313,343.8957996154204,0.022951597347855568,0.880218505859375,0.13227425515651703,3.3499999046325684
314,344.70255417656153,0.02790791541337967,0.8798370361328125,0.13290908932685852,3.686363458633423
315,345.518895435147,0.02649267576634884,0.87945556640625,0.13820597529411316,3.68571400642395
316,346.40569070447236,0.024838505312800407,0.8790740966796875,0.13779385387897491,3.708695411682129
317,347.215439343825,0.025919422507286072,0.878692626953125,0.13300654292106628,3.512500047683716
318,348.03548322152346,0.02539999969303608,0.8783111572265625,0.13415062427520752,3.6578948497772217
319,348.8072865717113,0.02688191644847393,0.8779296875,0.1490945667028427,4.041176795959473
320,349.58318085968494,0.028572648763656616,0.8775482177734375,0.15010353922843933,4.0523810386657715
321,350.402685710229,0.0326041653752327,0.877166748046875,0.1353565901517868,3.5239999294281006
322,351.1949888113886,0.027962321415543556,0.8767852783203125,0.1276853233575821,3.2642860412597656
323,352.0199010465294,0.029372863471508026,0.87640380859375,0.14239129424095154,3.7823526859283447
324,353.8796779420227,0.026768775656819344,0.8760223388671875,0.1322525590658188,3.5142858028411865
325,355.20373601838946,0.025245612487196922,0.875640869140625,0.12562963366508484,3.288461446762085
326,356.55931248050183,0.030070779845118523,0.8752593994140625,0.1341893970966339,3.5359997749328613
327,357.5181552330032,0.02850516512989998,0.8748779296875,0.13123877346515656,3.299999952316284
328,359.46388400997967,0.02695143222808838,0.8744964599609375,0.13784721493721008,3.582608699798584
329,360.5595380952582,0.02625979296863079,0.874114990234375,0.13431543111801147,3.6913044452667236
330,362.10584417451173,0.03241847828030586,0.8737335205078125,0.1325434446334839,3.237499952316284
331,364.08574361540377,0.02788226492702961,0.87335205078125,0.12838710844516754,3.366666793823242
332,365.47898609098047,0.027380062267184258,0.8729705810546875,0.13769231736660004,3.6499996185302734
333,367.3592261141166,0.02900044061243534,0.872589111328125,0.12686565518379211,3.4839999675750732
334,369.57752139959484,0.031112365424633026,0.8722076416015625,0.1329391896724701,3.0833332538604736
335,370.8115886133164,0.025246400386095047,0.871826171875,0.12737521529197693,3.640909433364868
336,371.7354506859556,0.026397312059998512,0.8714447021484375,0.12395834922790527,3.1321427822113037
337,372.58772409614176,0.026756178587675095,0.871063232421875,0.13328100740909576,3.495999813079834
338,374.2013767529279,0.023633141070604324,0.8706817626953125,0.13839733600616455,3.396153688430786
339,375.6928494172171,0.025786247104406357,0.87030029296875,0.13927893340587616,3.6529409885406494
340,377.191378461197,0.02964107319712639,0.8699188232421875,0.13616666197776794,3.684999942779541
341,378.4830114804208,0.027501804754137993,0.869537353515625,0.13346007466316223,3.6565213203430176
342,379.69164351560175,0.02961859293282032,0.8691558837890625,0.1356775313615799,3.5299994945526123
343,380.7445304142311,0.0262374896556139,0.8687744140625,0.13508769869804382,3.7347826957702637
344,381.6175090353936,0.024851348251104355,0.8683929443359375,0.12873195111751556,3.2538461685180664
345,382.46983086597174,0.02666952833533287,0.868011474609375,0.132833331823349,3.5625
346,384.53102352283895,0.024603022262454033,0.8676300048828125,0.1388254463672638,3.4260871410369873
347,385.46658212225884,0.025464916601777077,0.86724853515625,0.1325695663690567,3.6555557250976562
348,386.9542764322832,0.02436891943216324,0.8668670654296875,0.1304347813129425,3.26153826713562
349,389.30009254440665,0.025002850219607353,0.866485595703125,0.12640950083732605,3.3222224712371826
350,391.01509582903236,0.027820829302072525,0.8661041259765625,0.12914572656154633,3.221428632736206
351,392.7660828558728,0.026484455913305283,0.86572265625,0.14847327768802643,4.023529529571533
352,393.6317113507539,0.026280784979462624,0.8653411865234375,0.1358974277973175,3.6520001888275146
353,395.1228744573891,0.024704163894057274,0.864959716796875,0.12700535356998444,3.066666603088379
354,396.0022666119039,0.027700545266270638,0.8645782470703125,0.12442748248577118,3.269230842590332
355,397.7428614720702,0.026296474039554596,0.86419677734375,0.1380622684955597,3.563157796859741
356,399.5902937669307,0.025015240535140038,0.8638153076171875,0.13104577362537384,3.495833158493042
357,400.46284207422286,0.024615131318569183,0.863433837890625,0.14588236808776855,3.6285717487335205
358,401.8450880590826,0.02374933660030365,0.8630523681640625,0.1307116150856018,3.6368420124053955
359,403.8213958758861,0.021739203482866287,0.8626708984375,0.136300191283226,3.7545456886291504
360,404.9205866558477,0.025218788534402847,0.8622894287109375,0.1407017558813095,3.659090518951416
361,405.9049511132762,0.02487834170460701,0.861907958984375,0.14054054021835327,3.8650002479553223
362,408.0822517964989,0.025428321212530136,0.8615264892578125,0.13509060442447662,3.6777780055999756
363,409.2472271071747,0.027797557413578033,0.86114501953125,0.15264150500297546,3.9782612323760986
364,411.0032987128943,0.024651480838656425,0.8607635498046875,0.13066202402114868,3.424999952316284
365,413.50696606375277,0.024326229467988014,0.860382080078125,0.13842886686325073,4.043750286102295
366,414.82399567589164,0.02526656724512577,0.8600006103515625,0.12590448558330536,3.0714287757873535
367,416.46665955800563,0.025866730138659477,0.859619140625,0.13903653621673584,3.6952381134033203
368,418.2964629884809,0.026283791288733482,0.8592376708984375,0.13959595561027527,3.752631664276123
369,419.4823977518827,0.02274285815656185,0.858856201171875,0.13382625579833984,3.689474105834961
370,421.37051911465824,0.02546059712767601,0.8584747314453125,0.14353877305984497,4.014999866485596
371,422.3358826795593,0.027480417862534523,0.85809326171875,0.1370914876461029,3.6500000953674316
372,423.71590473968536,0.022426409646868706,0.8577117919921875,0.1294599175453186,3.3000001907348633
373,425.0357275912538,0.024578316137194633,0.857330322265625,0.13682539761066437,3.48846173286438
374,426.9450057102367,0.025225412100553513,0.8569488525390625,0.13327616453170776,3.6956522464752197
375,428.6904440289363,0.02695515565574169,0.8565673828125,0.13628318905830383,3.5428571701049805
376,429.88764492888004,0.02482008934020996,0.8561859130859375,0.14018017053604126,3.8421051502227783
377,430.7677231300622,0.023609211668372154,0.855804443359375,0.14160585403442383,3.8449997901916504
378,432.0573400389403,0.025483645498752594,0.8554229736328125,0.13479730486869812,3.2333333492279053
379,432.9754841886461,0.026551563292741776,0.85504150390625,0.13600656390190125,3.9555559158325195
380,433.9234933881089,0.02936888299882412,0.8546600341796875,0.1294930875301361,3.1857142448425293
381,434.83091662451625,0.022479042410850525,0.854278564453125,0.12789317965507507,3.2555553913116455
382,436.34734382946044,0.022417081519961357,0.8538970947265625,0.12999999523162842,3.2599997520446777
383,437.50694108661264,0.02424428053200245,0.853515625,0.14146341383457184,3.859999895095825
384,439.06345330365,0.022836443036794662,0.8531341552734375,0.14158964157104492,3.72352933883667
385,439.98964310996234,0.02542911097407341,0.852752685546875,0.13338790833950043,3.7142856121063232
386,441.67208148818463,0.024695027619600296,0.8523712158203125,0.12660552561283112,3.386206865310669
387,443.06625480763614,0.024567870423197746,0.85198974609375,0.12843602895736694,3.121739149093628
388,445.6067774845287,0.022561410441994667,0.8516082763671875,0.13041017949581146,3.21071457862854
389,446.9454705528915,0.027957160025835037,0.851226806640625,0.1364864856004715,3.4629628658294678
390,447.7963036997244,0.024873796850442886,0.8508453369140625,0.14386972784996033,4.058823585510254
391,449.4588422998786,0.02485945075750351,0.8504638671875,0.13165906071662903,3.507692575454712
392,450.51218519266695,0.023022431880235672,0.8500823974609375,0.12886597216129303,3.4272725582122803
393,451.3998488280922,0.026624707505106926,0.849700927734375,0.1356697976589203,3.4136362075805664
394,452.2655630959198,0.02505970373749733,0.8493194580078125,0.13726994395256042,3.418518543243408
395,453.64932911563665,0.024405496194958687,0.84893798828125,0.13289473950862885,3.386206865310669
396,454.5118913343176,0.022497577592730522,0.8485565185546875,0.12953737378120422,3.5642857551574707
397,456.39149996452034,0.024835985153913498,0.848175048828125,0.13224700093269348,3.616666555404663
398,457.58918405044824,0.025076011195778847,0.8477935791015625,0.13588784635066986,3.4954545497894287
399,459.18362946622074,0.026934416964650154,0.847412109375,0.14152048528194427,3.778947591781616
400,460.4065506262705,0.026586689054965973,0.8470306396484375,0.13631178438663483,3.666666269302368
401,461.6422095792368,0.02399715967476368,0.846649169921875,0.12939999997615814,3.8333332538604736
402,462.7282047169283,0.026434728875756264,0.8462677001953125,0.13581818342208862,3.5647053718566895
403,463.5992456320673,0.02626631036400795,0.84588623046875,0.13315880298614502,3.64090895652771
404,464.4760020421818,0.02315179631114006,0.8455047607421875,0.13042764365673065,3.403846263885498
405,466.05249138269573,0.026251303032040596,0.845123291015625,0.14566929638385773,3.68500018119812
406,467.09885124024004,0.02339886873960495,0.8447418212890625,0.13442029058933258,4.076470851898193
407,468.647401698865,0.021948669105768204,0.8443603515625,0.14240148663520813,3.63043475151062
408,470.712162591517,0.026244355365633965,0.8439788818359375,0.138505756855011,3.876190662384033
409,471.59771296195686,0.024077774956822395,0.843597412109375,0.1426573395729065,3.536841869354248
410,473.01073506474495,0.023205846548080444,0.8432159423828125,0.1296851634979248,3.6499998569488525
411,474.31122249457985,0.028471654281020164,0.84283447265625,0.13947825133800507,3.2714288234710693
412,475.21504742465913,0.024770110845565796,0.8424530029296875,0.1334991753101349,3.63043475151062
413,476.8805975820869,0.023412179201841354,0.842071533203125,0.1386694312095642,4.044999599456787
414,477.7629960542545,0.030573973432183266,0.8416900634765625,0.13327841460704803,3.638094902038574
415,478.7666715634987,0.02428961545228958,0.84130859375,0.13812316954135895,3.422222375869751
416,480.08821986056864,0.021882696077227592,0.8409271240234375,0.13716815412044525,3.383999824523926
417,481.0131664201617,0.02614607848227024,0.840545654296875,0.13359253108501434,3.5076920986175537
418,481.8634531479329,0.030549466609954834,0.8401641845703125,0.1319112628698349,3.6294116973876953
419,483.63777504023165,0.025959087535738945,0.83978271484375,0.13552001118659973,3.4269230365753174
420,484.75955075211823,0.026411285623908043,0.8394012451171875,0.13514938950538635,3.7149996757507324
421,486.3284456897527,0.02394868992269039,0.839019775390625,0.1312195062637329,3.328000068664551
422,487.52776081860065,0.023600975051522255,0.8386383056640625,0.13309608399868011,3.5428569316864014
423,488.38732387311757,0.02396276406943798,0.8382568359375,0.13199302554130554,3.417391300201416
424,489.6021841811016,0.02276838943362236,0.8378753662109375,0.14003241062164307,3.5954549312591553
425,491.0023295264691,0.024582553654909134,0.837493896484375,0.1290484219789505,3.2958333492279053
426,491.9349259538576,0.0282362662255764,0.8371124267578125,0.1321144700050354,3.5045454502105713
427,493.0493518570438,0.021667620167136192,0.83673095703125,0.14003559947013855,3.700000047683716
428,494.55994689650834,0.022781040519475937,0.8363494873046875,0.1359550654888153,3.595238208770752
429,495.49280436802655,0.025608288124203682,0.835968017578125,0.15103447437286377,4.199999809265137
430,496.97319177817553,0.025241488590836525,0.8355865478515625,0.13466666638851166,3.4499998092651367
431,497.88842113595456,0.023256616666913033,0.835205078125,0.1476890593767166,4.1588239669799805
432,498.74047299847007,0.023586038500070572,0.8348236083984375,0.14018017053604126,3.6476190090179443
433,500.1435544230044,0.026119058951735497,0.834442138671875,0.14264149963855743,3.9800002574920654
434,502.65404985193163,0.022090056911110878,0.8340606689453125,0.14067226648330688,3.7708332538604736
435,503.96888577751815,0.02713029645383358,0.83367919921875,0.13355372846126556,3.4791667461395264
436,505.96035779453814,0.02304951846599579,0.8332977294921875,0.13731588423252106,3.5919997692108154
437,507.7791373822838,0.026868505403399467,0.832916259765625,0.13736088573932648,3.383333206176758
438,508.62632241565734,0.02264036424458027,0.8325347900390625,0.1350340098142624,3.7409093379974365
439,509.6504927184433,0.024664873257279396,0.8321533203125,0.13653136789798737,3.5681815147399902
440,510.5283957961947,0.025351056829094887,0.8317718505859375,0.14576271176338196,4.461538314819336
441,511.72422630526125,0.023086028173565865,0.831390380859375,0.1363636553287506,3.743478536605835
442,513.2486742492765,0.025397466495633125,0.8310089111328125,0.14588014781475067,3.8499999046325684
443,514.335375665687,0.02787572331726551,0.83062744140625,0.14003831148147583,3.411111354827881
444,515.8322499496862,0.02471141517162323,0.8302459716796875,0.1497109830379486,4.14736795425415
445,516.9880624515936,0.025901656597852707,0.829864501953125,0.13824628293514252,3.8949999809265137
446,519.0413072053343,0.029551247134804726,0.8294830322265625,0.12810344994068146,3.5904765129089355
447,520.7336569866166,0.022188827395439148,0.8291015625,0.13855025172233582,3.5240001678466797
448,522.0397260673344,0.023882422596216202,0.8287200927734375,0.13890783488750458,3.321739435195923
449,522.9267979701981,0.022563332691788673,0.828338623046875,0.13384030759334564,3.9049999713897705
450,524.4246775275096,0.022701073437929153,0.8279571533203125,0.13118278980255127,3.5500001907348633
451,525.2813495378941,0.022237135097384453,0.82757568359375,0.14408397674560547,3.6650002002716064
452,527.2509842691943,0.024125004187226295,0.8271942138671875,0.13500864803791046,4.044999599456787
453,528.4833415430039,0.02903803251683712,0.826812744140625,0.14266210794448853,3.5919997692108154
454,530.882627280429,0.023920321837067604,0.8264312744140625,0.13531409204006195,3.5090911388397217
455,532.3578312033787,0.02246353030204773,0.8260498046875,0.14100581407546997,3.8833329677581787
456,533.195882961154,0.02819071151316166,0.8256683349609375,0.139719620347023,3.421739101409912
457,535.6776879420504,0.02596234902739525,0.825286865234375,0.1337711066007614,3.794736862182617
458,536.8800037512556,0.026646357029676437,0.8249053955078125,0.14085029065608978,3.9190478324890137
459,538.8045219415799,0.022842995822429657,0.82452392578125,0.133928582072258,3.49047589302063
460,540.3506164532155,0.02479610964655876,0.8241424560546875,0.1401069462299347,3.6374995708465576
461,541.3834911780432,0.025507202371954918,0.823760986328125,0.13844828307628632,3.885000228881836
462,542.5754749234766,0.026994453743100166,0.8233795166015625,0.13189269602298737,3.116666793823242
463,544.7143410909921,0.027933873236179352,0.822998046875,0.13645990192890167,3.6439995765686035
464,546.0787500841543,0.023620808497071266,0.8226165771484375,0.13488371670246124,3.525925874710083
465,547.3147481214255,0.026153141632676125,0.822235107421875,0.1363806128501892,3.5291669368743896
466,549.054338616319,0.021918851882219315,0.8218536376953125,0.14060284197330475,3.7909095287323
467,550.0478333616629,0.025394244119524956,0.82147216796875,0.13616713881492615,3.380000114440918
468,551.4084271071479,0.023163121193647385,0.8210906982421875,0.14605265855789185,3.8142857551574707
469,552.3549529593438,0.025886893272399902,0.820709228515625,0.14878472685813904,3.934999942779541
470,553.7994434591383,0.0240352563560009,0.8203277587890625,0.1405109465122223,4.144444465637207
471,555.2421476664022,0.022923845797777176,0.8199462890625,0.1338788866996765,3.3615381717681885
472,556.3391341716051,0.022964077070355415,0.8195648193359375,0.14756493270397186,3.642308235168457
473,557.1546388845891,0.023081406950950623,0.819183349609375,0.1401473432779312,4.144444465637207
474,558.4709452055395,0.02504216507077217,0.8188018798828125,0.1376689225435257,3.7149996757507324
475,559.5272447625175,0.02117333747446537,0.81842041015625,0.13197968900203705,3.404545545578003
476,560.3906138427556,0.023465607315301895,0.8180389404296875,0.1283305287361145,3.512500047683716
477,563.0009913090616,0.025224223732948303,0.817657470703125,0.13916969299316406,3.7849998474121094
478,564.8286993857473,0.02186845988035202,0.8172760009765625,0.13492822647094727,3.3807692527770996
479,566.0562672670931,0.022745739668607712,0.81689453125,0.14122967422008514,3.7850003242492676
480,566.892502377741,0.021553372964262962,0.8165130615234375,0.14785155653953552,3.978947401046753
481,567.7691822471097,0.022763334214687347,0.816131591796875,0.13550089299678802,3.715789318084717
482,568.8956786906347,0.025892460718750954,0.8157501220703125,0.12998296320438385,3.4000000953674316
483,570.2981849666685,0.023743610829114914,0.81536865234375,0.12198276072740555,3.2653846740722656
484,571.135545136407,0.025053508579730988,0.8149871826171875,0.14963901042938232,3.5538461208343506
485,572.0598364640027,0.02025212161242962,0.814605712890625,0.14079999923706055,3.6875
486,573.597441307269,0.026249460875988007,0.8142242431640625,0.13036437332630157,3.573683977127075
487,574.6874604914337,0.023969439789652824,0.8138427734375,0.15079928934574127,3.8899998664855957
488,576.316127313301,0.028854239732027054,0.8134613037109375,0.14075630903244019,4.226315498352051
489,577.19705908373,0.024673134088516235,0.813079833984375,0.12990354001522064,3.1449999809265137
490,578.4038608213887,0.022480187937617302,0.8126983642578125,0.14249084889888763,3.879999876022339
491,579.2477559735999,0.02444279007613659,0.81231689453125,0.13371336460113525,3.936363458633423
492,580.3278597453609,0.02191832847893238,0.8119354248046875,0.14466018974781036,3.366666555404663
493,581.702135624364,0.021800557151436806,0.811553955078125,0.13476189970970154,3.607142925262451
494,583.0817651189864,0.024240601807832718,0.8111724853515625,0.14910893142223358,3.9352941513061523
495,584.1735191773623,0.023722847923636436,0.810791015625,0.14105461537837982,4.241176605224609
496,585.3132187062874,0.026250379160046577,0.8104095458984375,0.14825581014156342,3.695000171661377
497,586.697877603583,0.02639462798833847,0.810028076171875,0.1376487910747528,3.762500047683716
498,587.736943111755,0.0215434767305851,0.8096466064453125,0.1381305754184723,3.319230794906616
499,588.8386856699362,0.023891998454928398,0.80926513671875,0.13676975667476654,3.632000207901001
500,589.7497442858294,0.023554237559437752,0.8088836669921875,0.12668919563293457,3.465217351913452
501,590.8162099095061,0.023466844111680984,0.808502197265625,0.13173216581344604,3.239285707473755
502,591.7337552877143,0.024072181433439255,0.8081207275390625,0.12547992169857025,3.3045454025268555
503,592.9824127340689,0.024360207840800285,0.8077392578125,0.1362847238779068,3.9388885498046875
504,594.6947838049382,0.02323790267109871,0.8073577880859375,0.1463855504989624,3.8368418216705322
505,596.0271353330463,0.024118265137076378,0.806976318359375,0.1279434859752655,3.269231081008911
506,598.3617959730327,0.02235848270356655,0.8065948486328125,0.14530271291732788,3.8210525512695312
507,600.6156362853944,0.021272867918014526,0.80621337890625,0.14224718511104584,4.5333333015441895
508,601.9263263624161,0.025713570415973663,0.8058319091796875,0.131545752286911,3.4079999923706055
509,602.8322294512764,0.02342080883681774,0.805450439453125,0.14685429632663727,3.9478259086608887
510,604.3437036601827,0.02334800735116005,0.8050689697265625,0.13064515590667725,3.4000000953674316
511,606.0172273721546,0.021078748628497124,0.8046875,0.13847458362579346,3.614286184310913
512,607.9873351771384,0.022851990535855293,0.8043060302734375,0.12842465937137604,3.4285709857940674
513,608.8429155992344,0.025692738592624664,0.803924560546875,0.13228996098041534,3.295454502105713
514,610.4884681971744,0.0242301058024168,0.8035430908203125,0.1412307769060135,3.5652177333831787
515,611.8642610218376,0.022970285266637802,0.80316162109375,0.13516482710838318,3.7772727012634277
516,613.3828210048378,0.026220127940177917,0.8027801513671875,0.1290275603532791,3.4259259700775146
517,614.2396482685581,0.022455792874097824,0.802398681640625,0.1444866955280304,3.510000228881836
518,615.6545089446008,0.022649571299552917,0.8020172119140625,0.1456327885389328,3.75600004196167
519,616.7632789295167,0.025580856949090958,0.8016357421875,0.1389925330877304,4.052940845489502
520,617.67826737836,0.027859743684530258,0.8012542724609375,0.13977988064289093,3.4846153259277344
521,619.1672241296619,0.0249182041734457,0.800872802734375,0.13437500596046448,3.665384531021118
522,620.948851604946,0.026663213968276978,0.8004913330078125,0.13032259047031403,3.2347826957702637
523,622.4523914428428,0.024052485823631287,0.80010986328125,0.1444874256849289,3.75789475440979
524,623.3442390328273,0.026629360392689705,0.7997283935546875,0.13424408435821533,3.813636064529419
525,624.2573582343757,0.024850813671946526,0.799346923828125,0.13874347507953644,3.538889169692993
526,625.5029985737056,0.02334371954202652,0.7989654541015625,0.1447635143995285,3.7879998683929443
527,627.1068347161636,0.0212550051510334,0.798583984375,0.1322259157896042,3.5608699321746826
528,628.0392102515325,0.02586052566766739,0.7982025146484375,0.1383252888917923,3.4159996509552
529,629.5695270616561,0.026894066482782364,0.797821044921875,0.1255192905664444,3.3319997787475586
530,630.914643201977,0.021449178457260132,0.7974395751953125,0.14657534658908844,3.82777738571167
531,631.9187019746751,0.024431558325886726,0.79705810546875,0.15253055095672607,3.9285717010498047
532,633.5002442812547,0.025458475574851036,0.7966766357421875,0.1504621058702469,4.222726821899414
533,634.4244009675458,0.024311009794473648,0.796295166015625,0.13774193823337555,3.5919997692108154
534,635.8665828267112,0.024966886267066002,0.7959136962890625,0.12976376712322235,3.465217351913452
535,638.9425292769447,0.024677837267518044,0.7955322265625,0.14456522464752197,3.57619047164917
536,640.2070711990818,0.023754719644784927,0.7951507568359375,0.14540983736515045,4.047059059143066
537,641.7550142491236,0.023664042353630066,0.794769287109375,0.14210526645183563,3.808333396911621
538,643.128899494186,0.02528540790081024,0.7943878173828125,0.1478705257177353,3.8869566917419434
539,643.9664922719821,0.02637498453259468,0.79400634765625,0.13264000415802002,3.3074076175689697
540,644.8227995792404,0.02100350521504879,0.7936248779296875,0.1369090974330902,3.9272725582122803
541,645.913896266371,0.02090088091790676,0.793243408203125,0.13426470756530762,3.249999761581421
542,647.4446039171889,0.025198500603437424,0.7928619384765625,0.14388185739517212,3.9555554389953613
543,648.9562234608456,0.023586537688970566,0.79248046875,0.13634945452213287,3.746666431427002
544,650.2288672402501,0.022670941427350044,0.7920989990234375,0.14224299788475037,3.4269232749938965
545,651.6393123883754,0.02607024647295475,0.791717529296875,0.12539683282375336,3.4478261470794678
546,653.1076374007389,0.02630769833922386,0.7913360595703125,0.1370936781167984,3.625
547,653.9820274217054,0.022923072800040245,0.79095458984375,0.13904762268066406,3.616666793823242
548,655.7908603399992,0.0220828577876091,0.7905731201171875,0.13294288516044617,3.4571425914764404
549,656.6338915256783,0.021561458706855774,0.790191650390625,0.134050190448761,3.487499952316284
550,657.5751437051222,0.023280100896954536,0.7898101806640625,0.13175438344478607,3.433333158493042
551,658.6335462871939,0.023477092385292053,0.7894287109375,0.14508670568466187,4.0
552,661.1851066630334,0.023570982739329338,0.7890472412109375,0.1387324035167694,3.8000004291534424
553,662.2558181881905,0.022308342158794403,0.788665771484375,0.1338983029127121,3.607692241668701
554,663.3390486426651,0.022631891071796417,0.7882843017578125,0.14216865599155426,3.745000123977661
555,664.2727232789621,0.022204888984560966,0.78790283203125,0.14120690524578094,3.728571653366089
556,665.8866212433204,0.024484435096383095,0.7875213623046875,0.1416243612766266,3.5416667461395264
557,667.0185118885711,0.020957764238119125,0.787139892578125,0.14091742038726807,4.057894706726074
558,668.042013018392,0.0261879600584507,0.7867584228515625,0.142418771982193,3.6555557250976562
559,669.0752293504775,0.023525815457105637,0.786376953125,0.1319185048341751,3.700000047683716
560,670.9057160075754,0.024006877094507217,0.7859954833984375,0.14426228404045105,3.7590906620025635
561,671.798766524531,0.028325287625193596,0.785614013671875,0.13650254905223846,3.628000259399414
562,672.683926933445,0.023510441184043884,0.7852325439453125,0.14261746406555176,3.8416664600372314
563,673.5693457415327,0.022768773138523102,0.78485107421875,0.13616666197776794,3.567999839782715
564,674.5343686984852,0.021636933088302612,0.7844696044921875,0.1503676474094391,4.043749809265137
565,675.4080616468564,0.021886026486754417,0.784088134765625,0.1364864856004715,3.5333335399627686
566,677.1976492023095,0.023293590173125267,0.7837066650390625,0.15195651352405548,4.1888885498046875
567,678.552374985069,0.022653348743915558,0.7833251953125,0.13216783106327057,3.990476369857788
568,679.4393866183236,0.0263558067381382,0.7829437255859375,0.12988339364528656,3.060000419616699
569,680.4839250268415,0.020459696650505066,0.782562255859375,0.13356643915176392,3.4666664600372314
570,681.3629043446854,0.024491917341947556,0.7821807861328125,0.14402851462364197,3.700000524520874
571,682.9411654593423,0.02504558116197586,0.78179931640625,0.15040817856788635,4.299999713897705
572,683.9715808089823,0.02281942404806614,0.7814178466796875,0.1411764770746231,3.9499998092651367
573,686.0243005529046,0.02287699282169342,0.781036376953125,0.13773290812969208,3.634615421295166
574,687.6706248987466,0.022190436720848083,0.7806549072265625,0.14270269870758057,3.5695648193359375
575,689.3781638164073,0.030615398660302162,0.7802734375,0.13899821043014526,3.869999647140503
576,690.4384009754285,0.021336758509278297,0.7798919677734375,0.15599998831748962,4.029999732971191
577,691.336839472875,0.021607279777526855,0.779510498046875,0.13698884844779968,4.018749713897705
578,692.2189407208934,0.024660257622599602,0.7791290283203125,0.14505930244922638,3.9650001525878906
579,693.7828460568562,0.022820768877863884,0.77874755859375,0.13506712019443512,3.4679999351501465
580,694.6237710295245,0.021234391257166862,0.7783660888671875,0.14814159274101257,4.018181800842285
581,696.1671889489517,0.02336784638464451,0.777984619140625,0.15222223103046417,3.866666555404663
582,697.5466183517128,0.021862851455807686,0.7776031494140625,0.14335060119628906,4.03157901763916
583,699.5806522481143,0.021834013983607292,0.7772216796875,0.1270226538181305,3.4086954593658447
584,700.4331919802353,0.025028500705957413,0.7768402099609375,0.13302752375602722,3.277777671813965
585,701.8612213134766,0.022770486772060394,0.776458740234375,0.1337907314300537,3.7608695030212402
586,704.0427510431036,0.023450365290045738,0.7760772705078125,0.14609664678573608,3.528571367263794
587,705.3509171176702,0.02516704984009266,0.77569580078125,0.128209188580513,3.3999998569488525
588,706.3562427572906,0.022727349773049355,0.7753143310546875,0.13612167537212372,3.9000000953674316
589,707.4504601592198,0.023669395595788956,0.774932861328125,0.14076924324035645,3.4192309379577637
590,708.3360773026943,0.023627787828445435,0.7745513916015625,0.13510467112064362,3.5538458824157715
591,709.6961488351226,0.021105023100972176,0.774169921875,0.13694491982460022,3.5809526443481445
592,711.0751855056733,0.023294834420084953,0.7737884521484375,0.14444445073604584,3.804999828338623
593,712.1693713273853,0.02242669276893139,0.773406982421875,0.13427619636058807,3.6125001907348633
594,713.0544578963891,0.023711489513516426,0.7730255126953125,0.14519572257995605,3.877777576446533
595,714.1296144109219,0.021823575720191002,0.77264404296875,0.1294117569923401,3.566666841506958
596,715.9883699370548,0.02223881706595421,0.7722625732421875,0.1453237533569336,3.8173913955688477
597,717.7448524050415,0.020951272919774055,0.771881103515625,0.1363779455423355,3.3592593669891357
598,719.6609288221225,0.02262091264128685,0.7714996337890625,0.15043629705905914,4.0217390060424805
599,721.142723666504,0.022083986550569534,0.7711181640625,0.1428571492433548,3.499999761581421
600,721.9635289674625,0.024406367912888527,0.7707366943359375,0.1438596546649933,4.4666666984558105
601,724.0259266728535,0.023822074756026268,0.770355224609375,0.1475471705198288,3.8818185329437256
602,725.6074880966917,0.02333586849272251,0.7699737548828125,0.14029575884342194,3.933333158493042
603,726.7897433247417,0.023157600313425064,0.76959228515625,0.13273027539253235,3.5160000324249268
604,728.2369615053758,0.026773326098918915,0.7692108154296875,0.15285713970661163,3.721052408218384
605,729.1855709599331,0.024233199656009674,0.768829345703125,0.13498234748840332,3.950000047683716
606,730.8661503801122,0.024460231885313988,0.7684478759765625,0.13777777552604675,3.509523630142212
607,732.7002078406513,0.024465136229991913,0.76806640625,0.13737201690673828,3.700000047683716
608,733.6427831146866,0.024740373715758324,0.7676849365234375,0.13941748440265656,3.704545021057129
609,734.6084277741611,0.02362418733537197,0.767303466796875,0.1365048587322235,3.7857143878936768
610,735.619705975987,0.02161458134651184,0.7669219970703125,0.12918661534786224,3.183333396911621
611,736.6813970897347,0.022758489474654198,0.76654052734375,0.14351534843444824,3.9260871410369873
612,737.5636181766167,0.023854432627558708,0.7661590576171875,0.13619910180568695,3.543478012084961
613,738.431852790527,0.022863831371068954,0.765777587890625,0.15466925501823425,3.9166667461395264
614,739.4012623466551,0.022831585258245468,0.7653961181640625,0.14497153460979462,4.116666793823242
615,740.8909684354439,0.023978810757398605,0.7650146484375,0.13132137060165405,3.5416667461395264
616,742.123780763708,0.023067791014909744,0.7646331787109375,0.13246329128742218,3.326923370361328
617,743.610991760157,0.02135656215250492,0.764251708984375,0.1459866315126419,3.794999599456787
618,744.4361382583156,0.02515373006463051,0.7638702392578125,0.12528547644615173,3.3249998092651367
619,745.4737187856808,0.02273166924715042,0.76348876953125,0.1407986283302307,3.5904762744903564
620,747.2008932307363,0.01914150081574917,0.7631072998046875,0.14000000059604645,3.8681814670562744
621,749.3236233126372,0.024537310004234314,0.762725830078125,0.125755175948143,3.3545455932617188
622,750.7363908151165,0.024826813489198685,0.7623443603515625,0.14101307094097137,3.4730770587921143
623,751.7694018231705,0.01963091269135475,0.761962890625,0.1409556269645691,3.741666793823242
624,753.7919633090496,0.02016773633658886,0.7615814208984375,0.13363471627235413,3.3421051502227783
625,754.6591298617423,0.026065083220601082,0.761199951171875,0.12827476859092712,3.739999771118164
626,756.2268027355894,0.02482188306748867,0.7608184814453125,0.12640902400016785,3.0625
627,758.7054906859994,0.025357292965054512,0.76043701171875,0.1402154415845871,3.7294113636016846
628,759.5481452923268,0.02575295977294445,0.7600555419921875,0.13712257146835327,3.8363637924194336
629,760.5275068841875,0.021550970152020454,0.759674072265625,0.13023951649665833,3.203571081161499
630,761.6186626274139,0.02568170242011547,0.7592926025390625,0.14154930412769318,3.6826093196868896
631,763.7357673132792,0.024591758847236633,0.7589111328125,0.1414225846529007,3.8812499046325684
632,764.6320980461314,0.02166450209915638,0.7585296630859375,0.15016722679138184,4.03181791305542
633,765.5436943331733,0.020613640546798706,0.758148193359375,0.14430823922157288,3.8545453548431396
634,766.4551654346287,0.024672966450452805,0.7577667236328125,0.1427692174911499,3.623999834060669
635,768.0498870555311,0.023516833782196045,0.75738525390625,0.13869918882846832,3.568000078201294
636,769.5553675722331,0.02531137876212597,0.7570037841796875,0.13624031841754913,3.683333396911621
637,770.4820896089077,0.022693023085594177,0.756622314453125,0.14848484098911285,4.045000076293945
638,771.5720850471407,0.025483034551143646,0.7562408447265625,0.13363228738307953,3.526923179626465
639,772.4731323579326,0.024350272491574287,0.755859375,0.14123712480068207,3.5421054363250732
640,773.6996534969658,0.022149257361888885,0.7554779052734375,0.14633700251579285,3.6625001430511475
641,775.0888540437445,0.023662708699703217,0.755096435546875,0.14912280440330505,4.52222204208374
642,776.839571970515,0.023346176370978355,0.7547149658203125,0.14214417338371277,4.012499809265137
643,778.6218001488596,0.019726326689124107,0.75433349609375,0.14053156971931458,3.799999952316284
644,780.5614340016618,0.027461597695946693,0.7539520263671875,0.13526569306850433,3.4666664600372314
645,782.1527496967465,0.0226453747600317,0.753570556640625,0.14270351827144623,3.575000047683716
646,782.9928414709866,0.02310553379356861,0.7531890869140625,0.14953957498073578,3.92307710647583
647,784.1344620836899,0.025019917637109756,0.7528076171875,0.13165906071662903,3.413043737411499
648,785.2072468344122,0.02573816478252411,0.7524261474609375,0.1466549187898636,3.7523810863494873
649,786.8953269310296,0.02599743753671646,0.752044677734375,0.13532337546348572,3.819047451019287
650,788.180251407437,0.02176990918815136,0.7516632080078125,0.1313207447528839,3.4652175903320312
651,789.9414342325181,0.019472340121865273,0.75128173828125,0.14116694033145905,3.5399997234344482
652,790.9471056396142,0.022836672142148018,0.7509002685546875,0.14491364359855652,3.968421220779419
653,792.3885149164125,0.02166685461997986,0.750518798828125,0.1423005610704422,4.0947370529174805
654,793.8052600063384,0.02262210100889206,0.7501373291015625,0.1495637148618698,3.968421220779419
655,795.2344978787005,0.023278677836060524,0.749755859375,0.14470134675502777,3.950000047683716
656,797.0064504463226,0.021041296422481537,0.7493743896484375,0.15171171724796295,4.0409088134765625
657,798.8835103632882,0.024581629782915115,0.748992919921875,0.13763777911663055,3.6181817054748535
658,800.5467580417171,0.025996871292591095,0.7486114501953125,0.15175439417362213,3.7941176891326904
659,801.9696772294119,0.021754996851086617,0.74822998046875,0.138225257396698,4.09999942779541
660,803.364020274952,0.023470984771847725,0.7478485107421875,0.12762762606143951,3.286956548690796
661,804.2312525808811,0.019193178042769432,0.747467041015625,0.13486239314079285,3.202564001083374
662,805.1837918683887,0.022532548755407333,0.7470855712890625,0.13375911116600037,3.442105770111084
663,806.3677573995665,0.024052323773503304,0.7467041015625,0.14193546772003174,3.986363410949707
664,807.2796947741881,0.023620937019586563,0.7463226318359375,0.13556337356567383,3.3956518173217773
665,808.5512225469574,0.022052982822060585,0.745941162109375,0.1411111205816269,3.771428346633911
666,809.9413649104536,0.023688286542892456,0.7455596923828125,0.13253968954086304,3.563636541366577
667,811.2186635676771,0.023425061255693436,0.74517822265625,0.14388608932495117,3.9900002479553223
668,812.0916467225179,0.02489550970494747,0.7447967529296875,0.12421524524688721,3.164285659790039
669,813.1634400803596,0.02233174256980419,0.744415283203125,0.13328424096107483,3.248147964477539
670,814.0474231792614,0.022582950070500374,0.7440338134765625,0.13270622491836548,3.34375
671,814.947964319028,0.024718113243579865,0.74365234375,0.1284603476524353,3.2039999961853027
672,816.5348545415327,0.02173721231520176,0.7432708740234375,0.13203704357147217,3.7944440841674805
673,817.8428176948801,0.020659707486629486,0.742889404296875,0.1357842981815338,3.409090518951416
674,818.9351075794548,0.021856246516108513,0.7425079345703125,0.1493975967168808,4.010526180267334
675,820.0413099937141,0.02212982252240181,0.74212646484375,0.14029303193092346,4.05555534362793
676,821.6289755944163,0.022808844223618507,0.7417449951171875,0.13642734289169312,3.4640002250671387
677,822.5228844759986,0.02171485126018524,0.741363525390625,0.13775166869163513,3.5809521675109863
678,823.4396607335657,0.023421550169587135,0.7409820556640625,0.1378214955329895,3.5615384578704834
679,824.3108784453943,0.026702450588345528,0.7406005859375,0.14765477180480957,3.922727346420288
680,825.8157266778871,0.023975523188710213,0.7402191162109375,0.14417077600955963,3.8916666507720947
681,827.2378442697227,0.0249797236174345,0.739837646484375,0.12700000405311584,3.088461399078369
682,828.2847829815,0.020284568890929222,0.7394561767578125,0.14379699528217316,3.6999995708465576
683,829.2152997031808,0.025804787874221802,0.73907470703125,0.12917982041835785,3.5999999046325684
684,830.1833297768608,0.027197837829589844,0.7386932373046875,0.13492335379123688,3.3692309856414795
685,831.1526469895616,0.021205736324191093,0.738311767578125,0.15258798003196716,4.144999980926514
686,832.5134326415136,0.023822961375117302,0.7379302978515625,0.14499998092651367,3.9105260372161865
687,833.3519975822419,0.02132507599890232,0.737548828125,0.1527777761220932,4.491666793823242
688,834.6895655961707,0.028483174741268158,0.7371673583984375,0.13500000536441803,4.054999828338623
689,836.3963831150904,0.026018302887678146,0.736785888671875,0.13632076978683472,3.2749998569488525
690,837.8970057684928,0.025675717741250992,0.7364044189453125,0.1409677416086197,3.584615468978882
691,839.6643812004477,0.024141136556863785,0.73602294921875,0.14554080367088318,3.9000003337860107
692,840.9850449906662,0.025715259835124016,0.7356414794921875,0.13875839114189148,3.8956520557403564
693,841.8983051013201,0.023287298157811165,0.735260009765625,0.14205777645111084,3.711110830307007
694,843.0446503851563,0.020874660462141037,0.7348785400390625,0.14415808022022247,3.8521735668182373
695,844.0834998618811,0.0216522216796875,0.7344970703125,0.142661452293396,4.02222204208374
696,845.6913435859606,0.023239830508828163,0.7341156005859375,0.14435075223445892,3.8458330631256104
697,847.0255235759541,0.02232363633811474,0.733734130859375,0.1303858608007431,3.3375003337860107
698,848.0633290056139,0.02466200850903988,0.7333526611328125,0.14659686386585236,3.914285898208618
699,850.0247262855992,0.024462489411234856,0.73297119140625,0.12523511052131653,3.3636362552642822
700,851.7733377115801,0.02283739298582077,0.7325897216796875,0.13023951649665833,3.1533331871032715
701,852.8242819067091,0.022740563377738,0.732208251953125,0.1529896855354309,4.213333606719971
702,853.79276307486,0.023157944902777672,0.7318267822265625,0.1498127281665802,4.179999828338623
703,854.6309605306014,0.024608638137578964,0.7314453125,0.12667708098888397,3.3608694076538086
704,855.694138196297,0.02490111067891121,0.7310638427734375,0.1541586071252823,3.6956517696380615
705,857.4199739927426,0.020324604585766792,0.730682373046875,0.15016667544841766,4.012500286102295
706,859.3147120783105,0.021801326423883438,0.7303009033203125,0.13060496747493744,3.6130433082580566
707,860.2917005773634,0.024221576750278473,0.72991943359375,0.13767856359481812,3.5904757976531982
708,861.8355591706932,0.023582613095641136,0.7295379638671875,0.14313724637031555,3.8500001430511475
709,862.9762484673411,0.02129877731204033,0.729156494140625,0.1461390107870102,3.8473682403564453
710,864.462729123421,0.024703066796064377,0.7287750244140625,0.15656778216362,4.3349995613098145
711,866.684752035886,0.021490469574928284,0.7283935546875,0.13771043717861176,3.642857074737549
712,868.3907912382856,0.02465694770216942,0.7280120849609375,0.15358306467533112,4.0208330154418945
713,869.7930956613272,0.024351663887500763,0.727630615234375,0.15071174502372742,3.8863632678985596
714,870.8338129222393,0.02251705899834633,0.7272491455078125,0.1455056071281433,3.8789472579956055
715,871.6860188422725,0.025181282311677933,0.72686767578125,0.13280507922172546,3.6120002269744873
716,872.5802866946906,0.02414664812386036,0.7264862060546875,0.13258427381515503,3.434615135192871
717,873.8424504064023,0.021158818155527115,0.726104736328125,0.15547025203704834,4.100000381469727
718,875.1111955204979,0.020934095606207848,0.7257232666015625,0.14596913754940033,3.950000047683716
719,876.9488247511908,0.019967230036854744,0.725341796875,0.14945651590824127,3.961904525756836
720,878.1678455034271,0.022240381687879562,0.7249603271484375,0.1514035016298294,4.147618770599365
721,879.0205926382914,0.025761650875210762,0.724578857421875,0.1393887847661972,3.768181800842285
722,879.9036643179134,0.02330622635781765,0.7241973876953125,0.13223683834075928,3.3241376876831055
723,880.7677639117464,0.02339867502450943,0.72381591796875,0.14134615659713745,4.0933332443237305
724,882.3711622431874,0.02214926667511463,0.7234344482421875,0.14367622137069702,3.82608699798584
725,883.3023442588747,0.02263374999165535,0.723052978515625,0.1408950537443161,3.592592239379883
726,885.2542496938258,0.018894806504249573,0.7226715087890625,0.13644859194755554,3.718181610107422
727,886.1455138484016,0.024049319326877594,0.7222900390625,0.13598820567131042,3.317857027053833
728,887.0039890902117,0.02293236553668976,0.7219085693359375,0.14444442093372345,3.9049999713897705
729,888.403111779131,0.023507801815867424,0.721527099609375,0.15458513796329498,4.005555629730225
730,890.2608351418748,0.022487469017505646,0.7211456298828125,0.15109343826770782,4.420000076293945
731,891.6532275965437,0.024702517315745354,0.72076416015625,0.14268504083156586,3.711110830307007
732,893.1371983597055,0.020828096196055412,0.7203826904296875,0.14383332431316376,3.799999713897705
733,894.4817507890984,0.022449780255556107,0.720001220703125,0.12412399798631668,3.2620689868927
734,895.4711681641638,0.024921325966715813,0.7196197509765625,0.14120110869407654,3.3533332347869873
735,897.9292675117031,0.02045496366918087,0.71923828125,0.1335473507642746,3.4347825050354004
736,899.8377436753362,0.02036949060857296,0.7188568115234375,0.13722504675388336,3.5759999752044678
737,901.8570231152698,0.025649813935160637,0.718475341796875,0.13890784978866577,3.6571426391601562
738,903.0998801654205,0.02173580974340439,0.7180938720703125,0.13830572366714478,4.027777671813965
739,905.2352141262963,0.02246478758752346,0.71771240234375,0.13680000603199005,3.564000129699707
740,906.8653793064877,0.02210979163646698,0.7173309326171875,0.1401059925556183,3.454545021057129
741,907.9212476192042,0.025507085025310516,0.716949462890625,0.1388034075498581,3.747825860977173
742,908.9196100346744,0.024780314415693283,0.7165679931640625,0.13811533153057098,3.433333158493042
743,909.76975083258,0.022106098011136055,0.7161865234375,0.1383177489042282,3.696296215057373
744,910.8389448914677,0.020783405750989914,0.7158050537109375,0.12750808894634247,3.3086955547332764
745,911.9366180887446,0.023404760286211967,0.715423583984375,0.1459566056728363,3.9052629470825195
746,912.815649677068,0.024640964344143867,0.7150421142578125,0.14045138657093048,3.9285709857940674
747,913.8034658106044,0.02396506816148758,0.71466064453125,0.13417160511016846,3.362499952316284
748,915.4203476058319,0.021870965138077736,0.7142791748046875,0.1405186504125595,3.5962963104248047
749,916.3035638192669,0.020366452634334564,0.713897705078125,0.1378086507320404,3.5884616374969482
750,917.2715789163485,0.02051699534058571,0.7135162353515625,0.138815775513649,3.5999996662139893
751,918.9368799524382,0.02338445372879505,0.713134765625,0.1537037044763565,3.908695697784424
752,919.808615943417,0.025426026433706284,0.7127532958984375,0.1523105353116989,4.414285659790039
753,922.0894609065726,0.021978214383125305,0.712371826171875,0.13942766189575195,3.390000104904175
754,923.7528732111678,0.023517219349741936,0.7119903564453125,0.1377633661031723,3.627999782562256
755,925.0353073216975,0.020147018134593964,0.71160888671875,0.149806946516037,4.078260898590088
756,926.2739802170545,0.021176978945732117,0.7112274169921875,0.14191918075084686,3.771428108215332
757,927.3807675074786,0.023999689146876335,0.710845947265625,0.14275981485843658,3.7173912525177
758,928.2358892038465,0.025557052344083786,0.7104644775390625,0.14372822642326355,3.7952382564544678
759,929.1561241000891,0.02114083804190159,0.7100830078125,0.13702422380447388,3.820000410079956
760,930.764724557288,0.0219030249863863,0.7097015380859375,0.14884135127067566,3.661904811859131
761,932.16325150989,0.021388210356235504,0.709320068359375,0.1376039981842041,3.740000009536743
762,933.3030402706936,0.022712640464305878,0.7089385986328125,0.14221389591693878,3.8421051502227783
763,934.9406997021288,0.02299661561846733,0.70855712890625,0.1570383906364441,4.3947367668151855
764,936.8267692001536,0.021004032343626022,0.7081756591796875,0.13634993135929108,3.4000000953674316
765,937.6756422957405,0.02515256404876709,0.707794189453125,0.13700160384178162,3.383333444595337
766,938.573793694377,0.02066677249968052,0.7074127197265625,0.13977812230587006,3.799999952316284
767,940.2709887418896,0.02495604194700718,0.70703125,0.1492334008216858,3.626086473464966
768,941.3267491869628,0.02272331714630127,0.7066497802734375,0.13932253420352936,3.8520002365112305
769,942.8839570377022,0.025064364075660706,0.706268310546875,0.1454382985830307,3.7120001316070557
770,944.5783415129408,0.025307215750217438,0.7058868408203125,0.1460159420967102,3.9578945636749268
771,945.4387417463586,0.022371815517544746,0.70550537109375,0.14247490465641022,3.9210526943206787
772,946.6026771403849,0.021341392770409584,0.7051239013671875,0.14096572995185852,3.6148149967193604
773,947.7175536863506,0.024805419147014618,0.704742431640625,0.14000001549720764,4.139999866485596
774,949.3975801635534,0.02189178392291069,0.7043609619140625,0.1541353315114975,3.745833396911621
775,950.5142209008336,0.02216663584113121,0.7039794921875,0.151802659034729,4.300000190734863
776,952.1794575536624,0.025971438735723495,0.7035980224609375,0.140666663646698,3.60909104347229
777,953.9873178666458,0.021941781044006348,0.703216552734375,0.15035460889339447,4.034999847412109
778,955.215571090579,0.025931384414434433,0.7028350830078125,0.13519637286663055,3.6319997310638428
779,957.2524969186634,0.02213008515536785,0.70245361328125,0.14591440558433533,3.715789318084717
780,958.1754574850202,0.024441557005047798,0.7020721435546875,0.15815739333629608,4.360000133514404
781,959.1567139700055,0.02433318831026554,0.701690673828125,0.14854545891284943,4.0227274894714355
782,960.1135321902111,0.021295126527547836,0.7013092041015625,0.14909091591835022,4.205555438995361
783,961.326085777022,0.023417700082063675,0.700927734375,0.14345113933086395,4.066666603088379
784,962.1941727949306,0.021811455488204956,0.7005462646484375,0.1476021409034729,4.00454568862915
785,963.5635064691305,0.02114529348909855,0.700164794921875,0.14057238399982452,3.8130433559417725
786,964.9973721606657,0.02144491672515869,0.6997833251953125,0.14228935539722443,3.514814853668213
787,966.4852216830477,0.02433253824710846,0.69940185546875,0.1529880315065384,4.605881690979004
788,967.3617192786187,0.02370395138859749,0.6990203857421875,0.14461806416511536,3.622727155685425
789,968.283134078607,0.020759202539920807,0.698638916015625,0.1537366509437561,4.278947353363037
790,969.3692607143894,0.022499356418848038,0.6982574462890625,0.13044925034046173,3.422727346420288
791,971.405681126751,0.02403871715068817,0.6978759765625,0.1459459364414215,3.9478256702423096
792,973.1346860378981,0.02057790569961071,0.6974945068359375,0.13999998569488525,3.5119998455047607
793,974.6652160612866,0.024613304063677788,0.697113037109375,0.1398887038230896,3.747368335723877
794,976.6472644433379,0.028009803965687752,0.6967315673828125,0.13813170790672302,3.625
795,977.5093024177477,0.025362705811858177,0.69635009765625,0.1277298927307129,3.2928574085235596
796,979.0040475204587,0.022275639697909355,0.6959686279296875,0.1443202942609787,3.7750000953674316
797,980.4465490318835,0.022779934108257294,0.695587158203125,0.14905661344528198,3.7920000553131104
798,981.4112960258499,0.020534900948405266,0.6952056884765625,0.14318183064460754,3.819999933242798
799,983.205491181463,0.021989600732922554,0.69482421875,0.13933774828910828,3.503333330154419
800,984.5359030328691,0.019045619294047356,0.6944427490234375,0.12929746508598328,3.224138021469116
801,985.614478059113,0.025841178372502327,0.694061279296875,0.13729096949100494,3.4636359214782715
802,986.7451680703089,0.019871361553668976,0.6936798095703125,0.14117646217346191,3.6454544067382812
803,988.6430829903111,0.02481691911816597,0.69329833984375,0.14059405028820038,3.6479997634887695
804,989.8029036261141,0.021160127595067024,0.6929168701171875,0.15956607460975647,4.266666412353516
805,990.7291060974821,0.02306780219078064,0.692535400390625,0.13722126185894012,3.7599997520446777
806,993.191247522831,0.022807927802205086,0.6921539306640625,0.13895447552204132,3.6440000534057617
807,994.1337647913024,0.019864827394485474,0.6917724609375,0.14398148655891418,3.6608691215515137
808,995.1467701634392,0.019859200343489647,0.6913909912109375,0.13912363350391388,3.7879998683929443
809,996.0237051844597,0.019790498539805412,0.691009521484375,0.14266666769981384,3.622727155685425
810,997.4814192373306,0.02006683498620987,0.6906280517578125,0.1444067806005478,3.733333110809326
811,998.9998098602518,0.02430802956223488,0.69024658203125,0.14038461446762085,3.4964282512664795
812,1000.5124598462135,0.020440438762307167,0.6898651123046875,0.14655493199825287,4.138094902038574
813,1001.3908317964524,0.025181613862514496,0.689483642578125,0.13230518996715546,3.2809524536132812
814,1002.3156288368627,0.022874468937516212,0.6891021728515625,0.16044363379478455,4.214285850524902
815,1003.1671701744199,0.022501971572637558,0.688720703125,0.133760005235672,3.511538505554199
816,1004.8043385101482,0.023308878764510155,0.6883392333984375,0.1401652842760086,3.8142857551574707
817,1006.751522324048,0.025417126715183258,0.687957763671875,0.13402673602104187,3.3500001430511475
818,1007.5512773124501,0.020333684980869293,0.6875762939453125,0.1321212202310562,3.373077392578125
819,1008.6742654284462,0.018236134201288223,0.68719482421875,0.14266885817050934,3.570833206176758
820,1009.5296557117254,0.019005293026566505,0.6868133544921875,0.14397282898426056,3.875
821,1010.6050885990262,0.02438635751605034,0.686431884765625,0.1515936255455017,4.568749904632568
822,1011.837841055356,0.021480515599250793,0.6860504150390625,0.1507604420185089,3.68571400642395
823,1013.0370179684833,0.024097371846437454,0.6856689453125,0.13750000298023224,3.7476189136505127
824,1013.942209944129,0.021977243945002556,0.6852874755859375,0.14061932265758514,3.642857551574707
825,1014.8258712179959,0.024197077378630638,0.684906005859375,0.14938919246196747,3.918182134628296
826,1016.1636275229976,0.023929232731461525,0.6845245361328125,0.14908789098262787,3.9750001430511475
827,1017.4987799590454,0.027524348348379135,0.68414306640625,0.15132924914360046,3.999999523162842
828,1018.5328574646264,0.027377698570489883,0.6837615966796875,0.14766505360603333,3.9952380657196045
829,1020.0783253479749,0.022241124883294106,0.683380126953125,0.13570190966129303,3.4391303062438965
830,1020.9418382784352,0.023068776354193687,0.6829986572265625,0.14826254546642303,4.076189994812012
831,1022.4806408351287,0.023790014907717705,0.6826171875,0.15362317860126495,4.085000038146973
832,1023.365678534843,0.024425078183412552,0.6822357177734375,0.13169319927692413,3.4103448390960693
833,1024.2453489340842,0.025273047387599945,0.681854248046875,0.14784052968025208,3.790476083755493
834,1026.223978499882,0.024397172033786774,0.6814727783203125,0.13818182051181793,3.5
835,1027.9498775079846,0.02248600497841835,0.68109130859375,0.13865414261817932,3.6640002727508545
836,1029.324589766562,0.022559670731425285,0.6807098388671875,0.13721340894699097,3.615999698638916
837,1030.7889370368794,0.02106025069952011,0.680328369140625,0.1565714180469513,4.353846073150635
838,1032.0031749233603,0.021820422261953354,0.6799468994140625,0.13722045719623566,3.804166555404663
839,1033.0870915716514,0.021090751513838768,0.6795654296875,0.13703100383281708,3.4000000953674316
840,1033.9605965884402,0.02287585288286209,0.6791839599609375,0.14305993914604187,3.7166669368743896
841,1035.499570579268,0.019800707697868347,0.678802490234375,0.1377887725830078,3.4839999675750732
842,1036.3263929178938,0.01891876943409443,0.6784210205078125,0.144341379404068,3.8888888359069824
843,1037.2675345623866,0.022778842598199844,0.67803955078125,0.1563524454832077,4.210000038146973
844,1039.0805052788928,0.022802868857979774,0.6776580810546875,0.15218181908130646,4.164999961853027
845,1039.9637157404795,0.020479468628764153,0.677276611328125,0.13943661749362946,3.62399959564209
846,1040.8412701142952,0.023551831021904945,0.6768951416015625,0.13393178582191467,3.538095712661743
847,1041.9135471759364,0.023136809468269348,0.676513671875,0.14013724029064178,3.6380953788757324
848,1044.2699830560014,0.02747020684182644,0.6761322021484375,0.14170615375041962,3.75600004196167
849,1045.8092601010576,0.019591419026255608,0.675750732421875,0.13424000144004822,3.714285373687744
850,1047.4264681600034,0.024580784142017365,0.6753692626953125,0.14928315579891205,3.6714284420013428
851,1048.4913027333096,0.021723585203289986,0.67498779296875,0.14239129424095154,3.5888888835906982
852,1050.0532940486446,0.02249804139137268,0.6746063232421875,0.14706994593143463,3.9800000190734863
853,1050.9219721984118,0.02008104883134365,0.674224853515625,0.12832115590572357,3.3384616374969482
854,1051.9237435003743,0.02087372913956642,0.6738433837890625,0.1467164158821106,3.617241382598877
855,1052.815647225827,0.022216660901904106,0.6734619140625,0.14761905372142792,3.9285717010498047
856,1053.6789908176288,0.021435599774122238,0.6730804443359375,0.14971962571144104,3.9049999713897705
857,1054.5641321595758,0.02165406197309494,0.672698974609375,0.136790931224823,3.8849997520446777
858,1056.4965878650546,0.021035993471741676,0.6723175048828125,0.1336842179298401,3.4952378273010254
859,1057.3749719234183,0.019527213647961617,0.67193603515625,0.14000000059604645,3.7300000190734863
860,1058.8786877691746,0.01736549846827984,0.6715545654296875,0.1415204554796219,3.3333334922790527
861,1059.723345860839,0.020693689584732056,0.671173095703125,0.1331297606229782,3.692000150680542
862,1061.0170608088374,0.024120399728417397,0.6707916259765625,0.1398484855890274,3.5357143878936768
863,1062.1781593915075,0.026598235592246056,0.67041015625,0.13990460336208344,3.444000244140625
864,1063.6395282177255,0.023816365748643875,0.6700286865234375,0.13066859543323517,3.335714340209961
865,1064.5301329754293,0.02313748002052307,0.669647216796875,0.139076367020607,3.3521742820739746
866,1065.4623581459746,0.01985427737236023,0.6692657470703125,0.15953877568244934,4.452941417694092
867,1067.0039465306327,0.021431999281048775,0.66888427734375,0.13996738195419312,3.8285715579986572
868,1068.279161161743,0.02095247432589531,0.6685028076171875,0.14700545370578766,4.057894229888916
869,1069.5393006680533,0.022590985521674156,0.668121337890625,0.1448979526758194,3.799999952316284
870,1071.4750057859346,0.023918690159916878,0.6677398681640625,0.14919355511665344,3.954545497894287
871,1072.8730949470773,0.020525537431240082,0.6673583984375,0.15703564882278442,4.052173614501953
872,1073.732655535452,0.020076630637049675,0.6669769287109375,0.14584980905056,4.150000095367432
873,1075.1679458245635,0.019144762307405472,0.666595458984375,0.14677967131137848,3.7136361598968506
874,1077.2264462532476,0.021411113440990448,0.6662139892578125,0.1517823487520218,4.414999961853027
875,1078.3356989501044,0.02251916006207466,0.66583251953125,0.13189910352230072,3.3888888359069824
876,1079.810347178951,0.02330760285258293,0.6654510498046875,0.14973358809947968,3.588235378265381
877,1081.1544266482815,0.025745371356606483,0.665069580078125,0.13755524158477783,3.8999998569488525
878,1081.9920501615852,0.02084547095000744,0.6646881103515625,0.1477346271276474,3.4838709831237793
879,1082.879436233081,0.021258309483528137,0.664306640625,0.14091654121875763,3.626086950302124
880,1084.355253024958,0.025094447657465935,0.6639251708984375,0.14038462936878204,3.8869566917419434
881,1086.0907433750108,0.019366584718227386,0.663543701171875,0.1394045352935791,3.6479997634887695
882,1087.0868182796985,0.024209529161453247,0.6631622314453125,0.14442306756973267,3.6888885498046875
883,1088.1980349551886,0.02189946174621582,0.66278076171875,0.1465328484773636,4.075000286102295
884,1089.06614090316,0.02233290858566761,0.6623992919921875,0.1479717642068863,3.9599997997283936
885,1090.4714024849236,0.02395416423678398,0.662017822265625,0.1499040275812149,4.277777671813965
886,1091.8934801276773,0.019125819206237793,0.6616363525390625,0.14883720874786377,3.692307949066162
887,1092.7916366336867,0.024319011718034744,0.6612548828125,0.13905659317970276,3.934999942779541
888,1094.297130646184,0.02170558273792267,0.6608734130859375,0.1472897231578827,3.8999998569488525
889,1095.5140114258975,0.025615952908992767,0.660491943359375,0.14677967131137848,4.0545454025268555
890,1096.4356735581532,0.020610125735402107,0.6601104736328125,0.15061728656291962,3.8625001907348633
891,1097.3246767222881,0.025497592985630035,0.65972900390625,0.13642172515392303,3.75
892,1098.2139240195975,0.02321571484208107,0.6593475341796875,0.14023372530937195,3.519230842590332
893,1099.2530917972326,0.021564604714512825,0.658966064453125,0.14667724072933197,3.759999990463257
894,1100.3739876979962,0.022301066666841507,0.6585845947265625,0.1392744481563568,3.445833444595337
895,1101.883479822427,0.02425988018512726,0.658203125,0.14080268144607544,3.9166667461395264
896,1102.7779472135007,0.02136339247226715,0.6578216552734375,0.13787612318992615,3.4454543590545654
897,1104.189160713926,0.01784401759505272,0.657440185546875,0.15324674546718597,4.205263137817383
898,1105.2780066728592,0.02069031074643135,0.6570587158203125,0.1473684310913086,4.027273178100586
899,1106.4011195320636,0.02325436659157276,0.65667724609375,0.15379877388477325,4.026315689086914
900,1108.5000830050558,0.02279892936348915,0.6562957763671875,0.14233577251434326,4.146666526794434
901,1110.3924778383225,0.0183909609913826,0.655914306640625,0.14274953305721283,3.67391300201416
902,1112.2823197785765,0.02295619621872902,0.6555328369140625,0.1409556120634079,3.8913042545318604
903,1113.9416414396837,0.022811152040958405,0.6551513671875,0.14760331809520721,3.6086957454681396
904,1115.4498379994184,0.019178438931703568,0.6547698974609375,0.14785714447498322,4.145000457763672
905,1116.5157782481983,0.022661251947283745,0.654388427734375,0.15310218930244446,4.27222204208374
906,1118.0261889956892,0.020252777263522148,0.6540069580078125,0.14434251189231873,3.695833206176758
907,1119.3519584946334,0.023376261815428734,0.65362548828125,0.15288303792476654,3.834615468978882
908,1121.1831404026598,0.0181781817227602,0.6532440185546875,0.15268389880657196,4.300000190734863
909,1122.8392493091524,0.02280091494321823,0.652862548828125,0.14808014035224915,3.9043476581573486
910,1123.756669129245,0.021829206496477127,0.6524810791015625,0.15027423202991486,3.808333396911621
911,1124.6596940699965,0.022707568481564522,0.652099609375,0.14404040575027466,4.0722222328186035
912,1125.8423516778275,0.020580880343914032,0.6517181396484375,0.14110738039016724,3.7083330154418945
913,1126.9441438056529,0.020790081471204758,0.651336669921875,0.1499013751745224,3.961538076400757
914,1128.50265805237,0.01971585489809513,0.6509552001953125,0.14592723548412323,3.913043260574341
915,1129.3859066525474,0.02145344763994217,0.65057373046875,0.14595071971416473,4.091304302215576
916,1131.9452846925706,0.022308988496661186,0.6501922607421875,0.15506534278392792,3.9750003814697266
917,1133.4589874548838,0.022349709644913673,0.649810791015625,0.1377743035554886,3.7304348945617676
918,1134.5089427009225,0.02066158875823021,0.6494293212890625,0.14177018404006958,3.3399996757507324
919,1135.441548696719,0.021709535270929337,0.6490478515625,0.13666146993637085,3.653846263885498
920,1136.822397518903,0.021307263523340225,0.6486663818359375,0.1406807154417038,3.5999999046325684
921,1137.8817091574892,0.018667621538043022,0.648284912109375,0.1540495753288269,3.854166269302368
922,1138.9151990739629,0.01913486421108246,0.6479034423828125,0.1311320811510086,3.5269229412078857
923,1141.0675964681432,0.020848246291279793,0.64752197265625,0.15085837244987488,4.119999885559082
924,1141.954401084222,0.02284279838204384,0.6471405029296875,0.1498938500881195,4.410526275634766
925,1143.4896793756634,0.022787071764469147,0.646759033203125,0.1524999886751175,3.7636361122131348
926,1145.541022256948,0.02269602380692959,0.6463775634765625,0.15700936317443848,4.647058963775635
927,1146.5000950386748,0.02189514972269535,0.64599609375,0.13843797147274017,3.733333110809326
928,1147.5892023267224,0.022168312221765518,0.6456146240234375,0.13720929622650146,3.206451654434204
929,1148.67311512772,0.024219779297709465,0.645233154296875,0.13364779949188232,3.48799991607666
930,1149.5478946743533,0.02148786187171936,0.6448516845703125,0.1404973417520523,3.9800002574920654
931,1151.0737956035882,0.01860528253018856,0.64447021484375,0.15430210530757904,3.7095234394073486
932,1152.091486462392,0.020535632967948914,0.6440887451171875,0.14848484098911285,4.414999485015869
933,1153.0003779251128,0.01936536654829979,0.643707275390625,0.15114638209342957,4.074999809265137
934,1153.875514970161,0.02075042948126793,0.6433258056640625,0.15944445133209229,4.195000648498535
935,1154.8394121788442,0.023384487256407738,0.6429443359375,0.13931624591350555,3.7826087474823
936,1156.9977870071307,0.02374795265495777,0.6425628662109375,0.14508050680160522,3.8428568840026855
937,1157.8506689155474,0.02390424907207489,0.642181396484375,0.14827586710453033,3.991304397583008
938,1158.7602103296667,0.022956302389502525,0.6417999267578125,0.15808655321598053,4.264705657958984
939,1161.007152817212,0.01904749870300293,0.64141845703125,0.15330882370471954,4.226315498352051
940,1161.9197697583586,0.021980416029691696,0.6410369873046875,0.13184817135334015,3.623809337615967
941,1163.3049565386027,0.02221609465777874,0.640655517578125,0.15310220420360565,3.879999876022339
942,1164.6654705414549,0.023701369762420654,0.6402740478515625,0.13571429252624512,3.7727277278900146
943,1165.5504249129444,0.021318528801202774,0.639892578125,0.14104938507080078,3.367856979370117
944,1167.569380685687,0.02214283123612404,0.6395111083984375,0.14009509980678558,3.7291667461395264
945,1168.4364485843107,0.02044556848704815,0.639129638671875,0.1473594605922699,3.929166793823242
946,1169.837889354676,0.02063991129398346,0.6387481689453125,0.14248788356781006,3.6576921939849854
947,1170.7131724553183,0.020108234137296677,0.63836669921875,0.16217227280139923,4.074999809265137
948,1171.5951202213764,0.019239813089370728,0.6379852294921875,0.14272864162921906,3.8086960315704346
949,1173.4464219221845,0.020397571846842766,0.637603759765625,0.13452011346817017,3.3440003395080566
950,1175.0832405071706,0.021939007565379143,0.6372222900390625,0.1402108371257782,3.7708332538604736
951,1176.502063734457,0.02202695421874523,0.6368408203125,0.14430147409439087,3.6363637447357178
952,1178.0018064426258,0.024526400491595268,0.6364593505859375,0.1427350491285324,4.063636302947998
953,1179.0194533877075,0.020262358710169792,0.636077880859375,0.15780970454216003,4.1043477058410645
954,1180.4245959389955,0.025201082229614258,0.6356964111328125,0.13700000941753387,3.25
955,1181.2777875754982,0.020523136481642723,0.63531494140625,0.13976435363292694,3.482142925262451
956,1182.3475492335856,0.020749446004629135,0.6349334716796875,0.14907562732696533,3.8714280128479004
957,1184.2446394003928,0.021116307005286217,0.634552001953125,0.1475510150194168,4.361111164093018
958,1186.1039815293625,0.023542897775769234,0.6341705322265625,0.15465949475765228,3.9869561195373535
959,1187.875736120157,0.025859607383608818,0.6337890625,0.15553469955921173,4.336842060089111
960,1188.768873238936,0.021331848576664925,0.6334075927734375,0.13981983065605164,3.8181817531585693
961,1189.7786651458591,0.021704882383346558,0.633026123046875,0.14999999105930328,3.9571430683135986
962,1191.9960721321404,0.023090828210115433,0.6326446533203125,0.13941368460655212,3.519230842590332
963,1193.7213832642883,0.020782550796866417,0.63226318359375,0.1429942399263382,4.253333568572998
964,1194.6956599149853,0.02183874510228634,0.6318817138671875,0.16153845191001892,4.335293769836426
965,1195.5732513153926,0.022981351241469383,0.631500244140625,0.14915888011455536,4.52500057220459
966,1196.967787778005,0.020315095782279968,0.6311187744140625,0.14469029009342194,3.7684214115142822
967,1198.201223055832,0.01917409338057041,0.6307373046875,0.15672609210014343,4.109999656677246
968,1199.2407143451273,0.01995442435145378,0.6303558349609375,0.13967742025852203,3.6076924800872803
969,1200.5730444006622,0.021061871200799942,0.629974365234375,0.14477381110191345,3.768181562423706
970,1202.160355518572,0.01910042017698288,0.6295928955078125,0.14738617837429047,3.7517240047454834
971,1203.6998868472874,0.019408030435442924,0.62921142578125,0.15200001001358032,4.315789699554443
972,1204.8927618917078,0.019856778904795647,0.6288299560546875,0.1437908560037613,3.5923075675964355
973,1207.1113239554688,0.02234412543475628,0.628448486328125,0.14121407270431519,3.6826088428497314
974,1208.5205321507528,0.022831877693533897,0.6280670166015625,0.14765624701976776,3.8000001907348633
975,1209.428291497752,0.01958383247256279,0.627685546875,0.1470288783311844,4.284615516662598
976,1210.7750647133216,0.0193448718637228,0.6273040771484375,0.14901961386203766,3.8428568840026855
977,1211.6481232354417,0.017647502943873405,0.626922607421875,0.14774590730667114,4.242105007171631
978,1212.643761543557,0.021811872720718384,0.6265411376953125,0.14905333518981934,3.7791664600372314
979,1213.5798352761194,0.02197844162583351,0.62615966796875,0.1408424973487854,3.8826088905334473
980,1214.640656158328,0.021969802677631378,0.6257781982421875,0.1462715119123459,3.7705886363983154
981,1216.376524059102,0.019473668187856674,0.625396728515625,0.14014925062656403,3.5416667461395264
982,1217.384561364539,0.020663101226091385,0.6250152587890625,0.14084747433662415,3.7333333492279053
983,1219.035587969236,0.02214115485548973,0.6246337890625,0.145454540848732,4.057895183563232
984,1219.892919438891,0.02312113717198372,0.6242523193359375,0.14527364075183868,3.8249998092651367
985,1221.4153033252805,0.018958764150738716,0.623870849609375,0.15806452929973602,4.217391490936279
986,1222.8322867006063,0.02456994727253914,0.6234893798828125,0.1560157984495163,4.076470851898193
987,1223.946459597908,0.02059832774102688,0.62310791015625,0.15406504273414612,4.566666603088379
988,1224.852052282542,0.02113458700478077,0.6227264404296875,0.15801392495632172,4.144000053405762
989,1225.7113020559773,0.01944657787680626,0.622344970703125,0.14389830827713013,3.8949997425079346
990,1226.6133659230545,0.02172723412513733,0.6219635009765625,0.14625200629234314,3.623077154159546
991,1227.632181957364,0.021725578233599663,0.62158203125,0.15142348408699036,4.213043689727783
992,1229.47866233252,0.019261255860328674,0.6212005615234375,0.14369449019432068,3.7761898040771484
993,1231.2252741353586,0.020716754719614983,0.620819091796875,0.14451409876346588,3.6578948497772217
994,1233.5593032976612,0.021442260593175888,0.6204376220703125,0.14483821392059326,3.6740739345550537
995,1234.42358430475,0.022002721205353737,0.62005615234375,0.13978980481624603,3.692307710647583
996,1235.8674116199836,0.022751856595277786,0.6196746826171875,0.1476489007472992,3.607692241668701
997,1237.5668911989778,0.01885252259671688,0.619293212890625,0.16308492422103882,4.454166889190674
998,1238.9407392032444,0.02047567069530487,0.6189117431640625,0.14456520974636078,3.869999647140503
999,1239.96290487051,0.018817489966750145,0.6185302734375,0.13840360939502716,3.530435085296631
1000,1241.4794098194689,0.018340278416872025,0.6181488037109375,0.15769881010055542,3.944000005722046
1001,1243.0633042156696,0.020800916478037834,0.617767333984375,0.14354561269283295,3.735999822616577
1002,1243.9536995505914,0.022573543712496758,0.6173858642578125,0.13978329300880432,3.81428599357605
1003,1245.723612204194,0.021992452442646027,0.61700439453125,0.1464696228504181,3.635000228881836
1004,1246.57801130414,0.019909512251615524,0.6166229248046875,0.1366766393184662,3.448148012161255
1005,1247.968880591914,0.018115483224391937,0.616241455078125,0.1481228619813919,3.8479998111724854
1006,1250.20201294031,0.019061673432588577,0.6158599853515625,0.15429042279720306,3.8333330154418945
1007,1251.2724092993885,0.023228013888001442,0.615478515625,0.13803985714912415,3.8640003204345703
1008,1252.1724025681615,0.02238040417432785,0.6150970458984375,0.14953958988189697,3.9449996948242188
1009,1253.099824826233,0.01989711821079254,0.614715576171875,0.13385049998760223,3.411111354827881
1010,1254.1653892518952,0.02412235364317894,0.6143341064453125,0.15759851038455963,4.095238208770752
1011,1255.3020912753418,0.02344980090856552,0.61395263671875,0.13143274188041687,3.2904765605926514
1012,1256.9151968210936,0.021780503913760185,0.6135711669921875,0.16035503149032593,4.142857551574707
1013,1257.9812440704554,0.022918252274394035,0.613189697265625,0.14648649096488953,4.004347801208496
1014,1258.802074259147,0.024644479155540466,0.6128082275390625,0.14873294532299042,4.109523773193359
1015,1260.0986763751134,0.023401735350489616,0.6124267578125,0.15366336703300476,3.978571653366089
1016,1261.0212531238794,0.020757442340254784,0.6120452880859375,0.1438537985086441,3.8565218448638916
1017,1261.8654871489853,0.02098684012889862,0.611663818359375,0.1529739797115326,4.231818675994873
1018,1263.0346865318716,0.022402549162507057,0.6112823486328125,0.1549815535545349,4.104761600494385
1019,1263.984866402112,0.02204182744026184,0.61090087890625,0.15704098343849182,4.105262756347656
1020,1265.3925678851083,0.0196781437844038,0.6105194091796875,0.14098361134529114,4.06818151473999
1021,1266.704523384571,0.02043304033577442,0.610137939453125,0.15257731080055237,3.85909104347229
1022,1269.054879302159,0.020451664924621582,0.6097564697265625,0.1554112583398819,4.305881977081299
1023,1269.9380069635808,0.019875243306159973,0.609375,0.14502711594104767,4.084210395812988
1024,1270.9757913947105,0.0247495137155056,0.6089935302734375,0.14956369996070862,3.82608699798584
1025,1271.8223466044292,0.02152949385344982,0.608612060546875,0.1399376094341278,3.736363410949707
1026,1272.707502878271,0.020436443388462067,0.6082305908203125,0.1428571343421936,3.7409093379974365
1027,1273.5793957049027,0.01937808282673359,0.60784912109375,0.15060241520404816,3.8043477535247803
1028,1274.9771768469363,0.023921241983771324,0.6074676513671875,0.15923216938972473,4.038094997406006
1029,1277.079178511165,0.02283102087676525,0.607086181640625,0.14184027910232544,3.995652675628662
1030,1277.9359221719205,0.022270843386650085,0.6067047119140625,0.1494077891111374,3.9000003337860107
1031,1279.800068399869,0.021801641210913658,0.6063232421875,0.14767226576805115,4.064999580383301
1032,1281.3496350636706,0.019604580476880074,0.6059417724609375,0.15568862855434418,4.7909088134765625
1033,1282.1804943708703,0.022375134751200676,0.605560302734375,0.147377610206604,3.7624998092651367
1034,1283.609929454513,0.020561037585139275,0.6051788330078125,0.14326123893260956,3.924999952316284
1035,1285.3075877102092,0.01993788592517376,0.60479736328125,0.15371428430080414,4.063636302947998
1036,1286.2076027113944,0.021345531567931175,0.6044158935546875,0.1483870893716812,3.8608694076538086
1037,1287.0776222515851,0.01895960606634617,0.604034423828125,0.14573770761489868,3.908695697784424
1038,1287.961087461561,0.020171230658888817,0.6036529541015625,0.14192073047161102,3.3307690620422363
1039,1289.107329627499,0.021980419754981995,0.603271484375,0.14852173626422882,4.009523868560791
1040,1290.7233322001994,0.018591701984405518,0.6028900146484375,0.14963501691818237,4.147618770599365
1041,1292.5004807664081,0.020451175048947334,0.602508544921875,0.1479608714580536,3.795999765396118
1042,1293.7374797938392,0.02393088862299919,0.6021270751953125,0.14210528135299683,3.704545497894287
1043,1294.7548062214628,0.017930712550878525,0.60174560546875,0.1399371176958084,3.5037038326263428
1044,1296.2186837606132,0.02027873508632183,0.6013641357421875,0.15964286029338837,4.9083333015441895
1045,1297.7169616054744,0.019746067002415657,0.600982666015625,0.14453507959842682,3.7034482955932617
1046,1298.5899491272867,0.019779998809099197,0.6006011962890625,0.1272861510515213,3.379999876022339
1047,1299.9639492500573,0.020865188911557198,0.6002197265625,0.13983739912509918,3.55294132232666
1048,1301.8956925189123,0.02062436193227768,0.5998382568359375,0.14585448801517487,3.492307424545288
1049,1303.0948469070718,0.021259421482682228,0.599456787109375,0.1506238877773285,4.34499979019165
1050,1303.975695028901,0.022627247497439384,0.5990753173828125,0.14388111233711243,3.9083330631256104
1051,1304.8267061617225,0.02071322873234749,0.59869384765625,0.13984374701976776,3.5999999046325684
1052,1305.801945160143,0.021257292479276657,0.5983123779296875,0.14482758939266205,3.5464284420013428
1053,1306.6966729052365,0.023489290848374367,0.597930908203125,0.13732193410396576,3.1750001907348633
1054,1308.39066447597,0.01791859231889248,0.5975494384765625,0.15123151242733002,3.903571367263794
1055,1309.2174127753824,0.021183839067816734,0.59716796875,0.1326666623353958,3.7666661739349365
1056,1310.3454923117533,0.021667011082172394,0.5967864990234375,0.14597901701927185,3.627272605895996
1057,1311.2412848146632,0.024042420089244843,0.596405029296875,0.14157706499099731,3.8526313304901123
1058,1312.7389344694093,0.019791604951024055,0.5960235595703125,0.15391014516353607,3.9124996662139893
1059,1314.132181021385,0.019846409559249878,0.59564208984375,0.1411009132862091,3.8714287281036377
1060,1315.3724201349542,0.018753761425614357,0.5952606201171875,0.15565693378448486,4.072727203369141
1061,1316.2766914470121,0.021113866940140724,0.594879150390625,0.1591796875,4.594117641448975
1062,1318.2099961936474,0.020883934572339058,0.5944976806640625,0.14695511758327484,3.7960000038146973
1063,1320.2680906746536,0.021505054086446762,0.5941162109375,0.13783784210681915,3.5240001678466797
1064,1321.627558046952,0.021435901522636414,0.5937347412109375,0.14769797027111053,3.9000000953674316
1065,1322.508924106136,0.024419231340289116,0.593353271484375,0.13916532695293427,3.8949999809265137
1066,1323.9878585748374,0.023252982646226883,0.5929718017578125,0.13524843752384186,3.366666793823242
1067,1324.9370965743437,0.018911011517047882,0.59259033203125,0.12772133946418762,3.407407522201538
1068,1326.3443084387109,0.023357678204774857,0.5922088623046875,0.15544041991233826,3.700000047683716
1069,1327.206890007481,0.021810879930853844,0.591827392578125,0.14251825213432312,3.9826085567474365
1070,1328.385498511605,0.020725009962916374,0.5914459228515625,0.1516634076833725,4.026315212249756
1071,1329.4434509184211,0.02170925959944725,0.591064453125,0.15287357568740845,4.149999618530273
1072,1330.8811827581376,0.019887493923306465,0.5906829833984375,0.14173486828804016,3.8428573608398438
1073,1332.2727593081072,0.020868465304374695,0.590301513671875,0.14616639912128448,3.6846156120300293
1074,1333.3218641383573,0.020838793367147446,0.5899200439453125,0.14358974993228912,3.7333333492279053
1075,1335.0074971569702,0.022447505965828896,0.58953857421875,0.13339011371135712,3.620833396911621
1076,1336.5032582040876,0.020038357004523277,0.5891571044921875,0.14810344576835632,3.7523810863494873
1077,1338.3421471863985,0.020725192502141,0.588775634765625,0.14547038078308105,3.9347825050354004
1078,1339.7352880984545,0.01924337074160576,0.5883941650390625,0.14827586710453033,4.068749904632568
1079,1341.0123407868668,0.019777052104473114,0.5880126953125,0.15912699699401855,4.4549994468688965
1080,1342.1020985338837,0.01974756456911564,0.5876312255859375,0.17404255270957947,4.930769920349121
1081,1343.0139382211491,0.01963670551776886,0.587249755859375,0.14491114020347595,3.867999792098999
1082,1344.2855792799965,0.021331751719117165,0.5868682861328125,0.1529611051082611,4.064999580383301
1083,1345.3226850945503,0.02395850606262684,0.58648681640625,0.14957700669765472,4.072000026702881
1084,1346.3803578019142,0.0215205866843462,0.5861053466796875,0.14634527266025543,3.751999855041504
1085,1348.0397598193958,0.02020256407558918,0.585723876953125,0.14589041471481323,3.74399995803833
1086,1349.0417219195515,0.023010805249214172,0.5853424072265625,0.15775194764137268,3.9466664791107178
1087,1350.526082765311,0.01865939423441887,0.5849609375,0.14273647964000702,3.973076820373535
1088,1351.5056054349989,0.020886773243546486,0.5845794677734375,0.14083848893642426,3.781818151473999
1089,1352.415217531845,0.021111715584993362,0.584197998046875,0.14346405863761902,3.8545455932617188
1090,1353.5784691078588,0.02015293389558792,0.5838165283203125,0.15106382966041565,3.8565218448638916
1091,1354.515859829262,0.022447649389505386,0.58343505859375,0.14217686653137207,3.6760003566741943
1092,1355.4374208683148,0.021180305629968643,0.5830535888671875,0.15608465671539307,4.273684024810791
1093,1356.5516179753467,0.018774595111608505,0.582672119140625,0.15768535435199738,4.224999904632568
1094,1357.4216525126249,0.022940734401345253,0.5822906494140625,0.13987034559249878,3.611538887023926
1095,1358.7992562372237,0.019388046115636826,0.5819091796875,0.14280639588832855,3.777777671813965
1096,1359.6750996550545,0.023591458797454834,0.5815277099609375,0.15868724882602692,4.34761905670166
1097,1361.093733202666,0.018682803958654404,0.581146240234375,0.1444089412689209,3.945833206176758
1098,1362.8775005517527,0.01896621845662594,0.5807647705078125,0.1530398279428482,3.936842203140259
1099,1364.1304936800152,0.019800858572125435,0.58038330078125,0.15625,4.53125
1100,1365.0328742600977,0.019822124391794205,0.5800018310546875,0.15000000596046448,4.054999828338623
1101,1366.4962995043024,0.022010471671819687,0.579620361328125,0.13515982031822205,3.4652178287506104
1102,1367.60073429998,0.01697944477200508,0.5792388916015625,0.15588723123073578,4.008333683013916
1103,1368.646208642982,0.020510921254754066,0.578857421875,0.14510780572891235,3.799999952316284
1104,1369.6906530875713,0.019639695063233376,0.5784759521484375,0.16298450529575348,4.230000019073486
1105,1370.8885749094188,0.020947296172380447,0.578094482421875,0.15068763494491577,4.489473819732666
1106,1372.36781843286,0.020854804664850235,0.5777130126953125,0.13711340725421906,3.3428568840026855
1107,1373.5029144426808,0.019768288359045982,0.57733154296875,0.1491258591413498,3.8368418216705322
1108,1374.3846016302705,0.021085305139422417,0.5769500732421875,0.14169549942016602,3.747825860977173
1109,1375.965964993462,0.018420672044157982,0.576568603515625,0.15026362240314484,4.245454788208008
1110,1377.4029581574723,0.023282654583454132,0.5761871337890625,0.140878364443779,3.6315789222717285
1111,1378.3167364979163,0.02023167349398136,0.5758056640625,0.1453608274459839,3.884615421295166
1112,1379.5569409029558,0.019042763859033585,0.5754241943359375,0.1597774177789688,4.1181817054748535
1113,1381.341583901085,0.018818669021129608,0.575042724609375,0.14660347998142242,3.75
1114,1383.10067799408,0.01742306910455227,0.5746612548828125,0.1405673772096634,3.6499998569488525
1115,1384.0437303660437,0.020460667088627815,0.57427978515625,0.14825397729873657,3.7916667461395264
1116,1385.408922035247,0.021645531058311462,0.5738983154296875,0.13952703773975372,3.5874998569488525
1117,1386.3165737930685,0.01858973503112793,0.573516845703125,0.15757575631141663,3.9499998092651367
1118,1387.4237381983548,0.019487734884023666,0.5731353759765625,0.1488812416791916,4.428571701049805
1119,1388.7061933828518,0.020504055544734,0.57275390625,0.14813083410263062,3.7730767726898193
1120,1389.9834123887122,0.022064976394176483,0.5723724365234375,0.15459661185741425,3.986363172531128
1121,1391.0083912117407,0.019920529797673225,0.571990966796875,0.14050236344337463,3.607142925262451
1122,1391.880109733902,0.021525882184505463,0.5716094970703125,0.15085388720035553,4.138888359069824
1123,1393.9089119285345,0.023900676518678665,0.57122802734375,0.1400982141494751,3.7791664600372314
1124,1395.319327310659,0.023352427408099174,0.5708465576171875,0.14506828784942627,3.751852035522461
1125,1396.2108234753832,0.020189473405480385,0.570465087890625,0.16889849305152893,4.918181896209717
1126,1397.2625676663592,0.0213787741959095,0.5700836181640625,0.15174952149391174,4.30476188659668
1127,1398.1281925272197,0.02115878090262413,0.5697021484375,0.14457237720489502,3.815999746322632
1128,1399.2094186414033,0.021050535142421722,0.5693206787109375,0.146701380610466,3.8458335399627686
1129,1401.4629572527483,0.019843854010105133,0.568939208984375,0.14371682703495026,3.4437499046325684
1130,1402.3365021049976,0.016362197697162628,0.5685577392578125,0.14555352926254272,4.295238494873047
1131,1403.264228806831,0.020735029131174088,0.56817626953125,0.15150976181030273,3.742856979370117
1132,1404.1117731416598,0.021709579974412918,0.5677947998046875,0.16817249357700348,4.635000228881836
1133,1404.9887111112475,0.020396195352077484,0.567413330078125,0.1377682387828827,3.4464285373687744
1134,1406.5627265758812,0.020175810903310776,0.5670318603515625,0.1374068558216095,3.566666841506958
1135,1407.4317141268402,0.018224315717816353,0.566650390625,0.1484375,3.9190478324890137
1136,1409.1832658452913,0.01847950369119644,0.5662689208984375,0.15343347191810608,4.270587921142578
1137,1410.8903749706224,0.0225002933293581,0.565887451171875,0.14687499403953552,4.199999809265137
1138,1412.6758266398683,0.020570380613207817,0.5655059814453125,0.14569638669490814,3.8959996700286865
1139,1413.6247121412307,0.02110270969569683,0.56512451171875,0.14875000715255737,3.6518521308898926
1140,1414.824869398959,0.02044024132192135,0.5647430419921875,0.14382609724998474,3.7119998931884766
1141,1415.9258735459298,0.01932193711400032,0.564361572265625,0.1501844972372055,4.166666507720947
1142,1417.2673235861585,0.018884871155023575,0.5639801025390625,0.1423322707414627,3.665217161178589
1143,1418.6338247461244,0.019182562828063965,0.5635986328125,0.14237011969089508,3.495652675628662
1144,1419.4704768685624,0.01898863911628723,0.5632171630859375,0.14069566130638123,3.622727394104004
1145,1421.6849934253842,0.022480864077806473,0.562835693359375,0.14429427683353424,3.885713815689087
1146,1422.5785656832159,0.022945284843444824,0.5624542236328125,0.14704860746860504,3.8714282512664795
1147,1423.8736261837184,0.020413123071193695,0.56207275390625,0.15273721516132355,4.1421051025390625
1148,1424.7493236046284,0.021895932033658028,0.5616912841796875,0.15200668573379517,3.9272730350494385
1149,1425.6908241156489,0.021763300523161888,0.561309814453125,0.14075404405593872,4.364705562591553
1150,1426.6155745703727,0.019133439287543297,0.5609283447265625,0.1637236326932907,3.7360000610351562
1151,1429.2286215471104,0.02000594325363636,0.560546875,0.1460111290216446,4.242105007171631
1152,1430.500361985527,0.020834220573306084,0.5601654052734375,0.14615385234355927,4.057894229888916
1153,1432.1345980782062,0.02154790423810482,0.559783935546875,0.14527440071105957,3.742307424545288
1154,1433.3832214791328,0.018538495525717735,0.5594024658203125,0.1562604308128357,3.9120001792907715
1155,1434.78353767097,0.017523804679512978,0.55902099609375,0.14884547889232635,3.9549994468688965
1156,1436.0894121555611,0.01992163248360157,0.5586395263671875,0.14698795974254608,4.082353115081787
1157,1437.6452147932723,0.021432049572467804,0.558258056640625,0.15547169744968414,3.941666603088379
1158,1438.8823992172256,0.019531574100255966,0.5578765869140625,0.16283018887043,4.576470851898193
1159,1439.7650068048388,0.0199570432305336,0.5574951171875,0.1532423198223114,4.045833110809326
1160,1440.8265487775207,0.019370395690202713,0.5571136474609375,0.1548837125301361,3.917391300201416
1161,1441.6548291482031,0.02059248462319374,0.556732177734375,0.1470137983560562,3.8434784412384033
1162,1443.6253813514486,0.02197992242872715,0.5563507080078125,0.1578291803598404,4.191666603088379
1163,1445.7439668551087,0.02339186519384384,0.55596923828125,0.1529729664325714,4.091304302215576
1164,1446.8361098952591,0.021676741540431976,0.5555877685546875,0.16337448358535767,4.717647075653076
1165,1447.7105402126908,0.022744201123714447,0.555206298828125,0.14774951338768005,4.126316070556641
1166,1448.637353242375,0.019035231322050095,0.5548248291015625,0.14015036821365356,3.6640000343322754
1167,1450.6070372899994,0.022374385967850685,0.554443359375,0.1523076891899109,4.076470851898193
1168,1451.874176078476,0.018369808793067932,0.5540618896484375,0.1426691710948944,3.486363410949707
1169,1453.8059265613556,0.01992979645729065,0.553680419921875,0.15353159606456757,4.727777481079102
1170,1455.0710840951651,0.022497722879052162,0.5532989501953125,0.13765540719032288,3.4079999923706055
1171,1455.9053563242778,0.016766030341386795,0.55291748046875,0.15723542869091034,4.473333358764648
1172,1457.3485898105428,0.020878925919532776,0.5525360107421875,0.15050505101680756,4.059999942779541
1173,1458.2758231339976,0.01823791302740574,0.552154541015625,0.15444079041481018,4.269565105438232
1174,1459.561638534069,0.02118786983191967,0.5517730712890625,0.13661739230155945,3.6086957454681396
1175,1460.4439225560054,0.01732265017926693,0.5513916015625,0.16178707778453827,4.389999866485596
1176,1462.0757668064907,0.01845477893948555,0.5510101318359375,0.1386996954679489,3.670370101928711
1177,1463.4269073316827,0.021936897188425064,0.550628662109375,0.1491256058216095,3.551851511001587
1178,1464.4541178196669,0.019594764336943626,0.5502471923828125,0.15357142686843872,4.112500190734863
1179,1465.4278157372028,0.02170402742922306,0.54986572265625,0.1555323600769043,4.07692289352417
1180,1467.5019260458648,0.020138248801231384,0.5494842529296875,0.16606169939041138,4.478947162628174
1181,1468.594923304394,0.022798852995038033,0.549102783203125,0.16059957444667816,4.6315789222717285
1182,1470.1969363633543,0.02123989164829254,0.5487213134765625,0.15038609504699707,4.288888931274414
1183,1471.7801521820948,0.019878659397363663,0.54833984375,0.14722222089767456,3.799999952316284
1184,1473.1848665531725,0.01853097416460514,0.5479583740234375,0.14020271599292755,3.622727155685425
1185,1474.2818146040663,0.020537035539746284,0.547576904296875,0.15895651280879974,4.22857141494751
1186,1475.3645323626697,0.019039396196603775,0.5471954345703125,0.15282651782035828,4.142857074737549
1187,1476.4625569917262,0.021541008725762367,0.54681396484375,0.167476624250412,4.460000038146973
1188,1477.3816236993298,0.02007852867245674,0.5464324951171875,0.14017468690872192,3.786956787109375
1189,1479.238259056583,0.01863900199532509,0.546051025390625,0.14342105388641357,3.6148149967193604
1190,1480.9016185039654,0.018587466329336166,0.5456695556640625,0.1386435329914093,3.7833330631256104
1191,1481.7703874194995,0.018590549007058144,0.5452880859375,0.14083850383758545,3.434999942779541
1192,1482.6478958865628,0.018404249101877213,0.5449066162109375,0.1591905653476715,3.8399999141693115
1193,1483.765346779488,0.01843920722603798,0.544525146484375,0.14522969722747803,4.142105579376221
1194,1484.6866696290672,0.021101970225572586,0.5441436767578125,0.14685817062854767,4.110526084899902
1195,1485.582340406254,0.02284935861825943,0.54376220703125,0.15656742453575134,3.8130435943603516
1196,1487.3982043638825,0.019110694527626038,0.5433807373046875,0.14055554568767548,4.270000457763672
1197,1488.606108061038,0.01921420730650425,0.542999267578125,0.1458064466714859,3.5416667461395264
1198,1489.8995143584907,0.022568486630916595,0.5426177978515625,0.15326088666915894,4.462500095367432
1199,1491.3120711026713,0.0194163229316473,0.542236328125,0.1404399424791336,3.3869566917419434
1200,1493.2936668815091,0.018258968368172646,0.5418548583984375,0.15555556118488312,4.409999847412109
1201,1494.210443072021,0.02006530575454235,0.541473388671875,0.13686005771160126,3.4590909481048584
1202,1495.3116664681584,0.02309899404644966,0.5410919189453125,0.14670948684215546,3.8518519401550293
1203,1496.175179278478,0.019823141396045685,0.54071044921875,0.14676924049854279,3.6318182945251465
1204,1497.3592992099002,0.018227282911539078,0.5403289794921875,0.15659227967262268,4.394444942474365
1205,1498.2138545354828,0.0218629352748394,0.539947509765625,0.16572505235671997,4.377778053283691
1206,1501.3579932991415,0.016956482082605362,0.5395660400390625,0.1459098607301712,4.191304683685303
1207,1503.06682130415,0.01972014829516411,0.5391845703125,0.15067796409130096,3.7807693481445312
1208,1504.7778518404812,0.01865069940686226,0.5388031005859375,0.14809687435626984,3.9555559158325195
1209,1507.3795121405274,0.017496377229690552,0.538421630859375,0.15630550682544708,3.91304349899292
1210,1509.0210188552737,0.01884116418659687,0.5380401611328125,0.1529945582151413,4.254545211791992
1211,1509.8802060773596,0.024764174595475197,0.53765869140625,0.14086826145648956,3.6666667461395264
1212,1511.3395910011604,0.021589403972029686,0.5372772216796875,0.14749999344348907,3.752174139022827
1213,1513.3281817128882,0.019435832276940346,0.536895751953125,0.1607547104358673,4.210526943206787
1214,1514.23909610603,0.020366806536912918,0.5365142822265625,0.1579350084066391,4.173684120178223
1215,1515.1760680349544,0.020308002829551697,0.5361328125,0.1417391300201416,3.895238161087036
1216,1516.10000346601,0.020668532699346542,0.5357513427734375,0.14953617751598358,4.195237636566162
1217,1517.910599139519,0.020345551893115044,0.535369873046875,0.14489209651947021,3.6142852306365967
1218,1519.4603908136487,0.02197500318288803,0.5349884033203125,0.15903009474277496,3.9499998092651367
1219,1520.318511995487,0.01789388619363308,0.53460693359375,0.14795418083667755,3.8043477535247803
1220,1521.2549179121852,0.01874523051083088,0.5342254638671875,0.13974961638450623,3.7269232273101807
1221,1522.1284449733794,0.017783647403120995,0.533843994140625,0.14982759952545166,3.885714292526245
1222,1523.19578480348,0.01795739121735096,0.5334625244140625,0.15749526023864746,4.263157844543457
1223,1525.3116021715105,0.020544368773698807,0.5330810546875,0.15094991028308868,4.038094997406006
1224,1527.0853809453547,0.022465743124485016,0.5326995849609375,0.1403149515390396,3.8125
1225,1527.9335493016988,0.021588513627648354,0.532318115234375,0.15099819004535675,3.7047619819641113
1226,1529.2284309687093,0.018753862008452415,0.5319366455078125,0.14738617837429047,3.9160001277923584
1227,1530.4459075061604,0.023056402802467346,0.53155517578125,0.15116667747497559,3.961905002593994
1228,1532.7040384365246,0.020421484485268593,0.5311737060546875,0.14991509914398193,3.859090566635132
1229,1535.2568590091541,0.019238749518990517,0.530792236328125,0.1555357128381729,4.181818008422852
1230,1536.6649617366493,0.02028602920472622,0.5304107666015625,0.14576271176338196,3.7590906620025635
1231,1537.5258559631184,0.020590081810951233,0.530029296875,0.1565905064344406,4.159090518951416
1232,1539.4227989232168,0.022717544808983803,0.5296478271484375,0.14884546399116516,3.8636362552642822
1233,1541.824117471464,0.018833374604582787,0.529266357421875,0.15657655894756317,4.442105293273926
1234,1543.1223584339023,0.021146561950445175,0.5288848876953125,0.15130111575126648,3.8399996757507324
1235,1543.9830386862159,0.020560160279273987,0.52850341796875,0.1588803082704544,4.394444465637207
1236,1544.877443086356,0.020382147282361984,0.5281219482421875,0.14309391379356384,4.163636684417725
1237,1546.5896590687335,0.01738455891609192,0.527740478515625,0.14650405943393707,3.7799999713897705
1238,1547.8220837870613,0.021473824977874756,0.5273590087890625,0.14391784369945526,3.6150002479553223
1239,1548.6859691543505,0.02129432000219822,0.5269775390625,0.14561687409877777,3.7720000743865967
1240,1549.8651869492605,0.02059561386704445,0.5265960693359375,0.15406426787376404,4.004545211791992
1241,1551.4935231311247,0.02034510113298893,0.526214599609375,0.1571153849363327,4.244999885559082
1242,1552.9074042104185,0.017743393778800964,0.5258331298828125,0.1561497151851654,4.410526275634766
1243,1554.2532696863636,0.021632080897688866,0.52545166015625,0.14178404211997986,3.5863633155822754
1244,1555.1277521783486,0.01726878620684147,0.5250701904296875,0.1580372303724289,4.219047546386719
1245,1556.8785128546879,0.02160884067416191,0.524688720703125,0.14592345058918,3.7192306518554688
1246,1557.8412149613723,0.022411856800317764,0.5243072509765625,0.1510416716337204,4.122726917266846
1247,1559.0252711270005,0.015064099803566933,0.52392578125,0.15754717588424683,4.0333333015441895
1248,1560.9266407070681,0.01962222531437874,0.5235443115234375,0.15816514194011688,4.322726726531982
1249,1563.2916221329942,0.020834660157561302,0.523162841796875,0.15112262964248657,3.9277775287628174
1250,1564.48165958561,0.017640240490436554,0.5227813720703125,0.14448215067386627,4.154545307159424
1251,1565.9393599051982,0.018692409619688988,0.52239990234375,0.14626646041870117,3.527585983276367
1252,1566.8078039204702,0.02125103957951069,0.5220184326171875,0.15623053908348083,4.052000045776367
1253,1567.7006192915142,0.022598067298531532,0.521636962890625,0.1406976729631424,3.5359997749328613
1254,1569.2778499945998,0.021290475502610207,0.5212554931640625,0.15716637670993805,3.865384340286255
1255,1570.2368809785694,0.019308028742671013,0.5208740234375,0.16021277010440826,4.715789318084717
1256,1571.607272522524,0.018785517662763596,0.5204925537109375,0.16811594367027283,4.327777862548828
1257,1572.7000101152807,0.020445970818400383,0.520111083984375,0.15702128410339355,4.692857265472412
1258,1573.8066853405908,0.0200334619730711,0.5197296142578125,0.15172412991523743,4.049999713897705
1259,1575.4776094881818,0.019522154703736305,0.51934814453125,0.1412322223186493,3.7296297550201416
1260,1576.3422976266593,0.019264644011855125,0.5189666748046875,0.14019450545310974,3.408695697784424
1261,1577.7910069962963,0.01992514356970787,0.518585205078125,0.14553415775299072,4.095454216003418
1262,1579.8156367652118,0.01906358078122139,0.5182037353515625,0.14122383296489716,3.6565215587615967
1263,1580.6933836601675,0.017766587436199188,0.517822265625,0.15103447437286377,3.8571431636810303
1264,1582.1851977724582,0.022888513281941414,0.5174407958984375,0.1467713862657547,4.026086330413818
1265,1583.359539752826,0.019744377583265305,0.517059326171875,0.15477031469345093,3.9583332538604736
1266,1584.4275820385665,0.01644611917436123,0.5166778564453125,0.16128438711166382,4.750000476837158
1267,1585.5023748669773,0.021646792069077492,0.51629638671875,0.1513957381248474,3.8434784412384033
1268,1587.1141366688535,0.01811533421278,0.5159149169921875,0.1645161360502243,4.382608413696289
1269,1588.1296632345766,0.02313663437962532,0.515533447265625,0.15272408723831177,4.1823530197143555
1270,1589.7259522611275,0.01866799406707287,0.5151519775390625,0.14665523171424866,3.920832872390747
1271,1590.7828438580036,0.022852331399917603,0.5147705078125,0.13652968406677246,3.4555554389953613
1272,1591.6781832184643,0.024808770045638084,0.5143890380859375,0.1546875238418579,4.147368431091309
1273,1593.42367905844,0.02088884823024273,0.514007568359375,0.15919192135334015,4.543749809265137
1274,1594.773482886143,0.021246200427412987,0.5136260986328125,0.14971910417079926,3.7843751907348633
1275,1596.5763581488281,0.017929885536432266,0.51324462890625,0.1431666761636734,3.643749952316284
1276,1598.71566397883,0.017880013212561607,0.5128631591796875,0.154285728931427,3.91538405418396
1277,1600.9679366201162,0.022930053994059563,0.512481689453125,0.1387820541858673,3.5423076152801514
1278,1602.1639787070453,0.018465938046574593,0.5121002197265625,0.154419407248497,4.145453929901123
1279,1603.308761687018,0.018410636112093925,0.51171875,0.14222612977027893,3.8916666507720947
1280,1604.401716391556,0.01833689957857132,0.5113372802734375,0.14414003491401672,3.6708333492279053
1281,1606.2011645920575,0.01777808740735054,0.510955810546875,0.14746946096420288,3.9041664600372314
1282,1607.5549549395218,0.020004989579319954,0.5105743408203125,0.148333340883255,3.6888890266418457
1283,1608.457846562378,0.01765572279691696,0.51019287109375,0.14934822916984558,4.290476322174072
1284,1610.1790556591004,0.020074037835001945,0.5098114013671875,0.15681414306163788,4.180000305175781
1285,1611.9718476627022,0.021345270797610283,0.509429931640625,0.1458333432674408,3.9083335399627686
1286,1612.7814088296145,0.02165965549647808,0.5090484619140625,0.1551845520734787,4.066666603088379
1287,1613.6542403725907,0.022175589576363564,0.5086669921875,0.15481334924697876,4.049999713897705
1288,1615.3222115403041,0.016597772017121315,0.5082855224609375,0.16008231043815613,4.389999866485596
1289,1616.416444832459,0.020675579085946083,0.507904052734375,0.1458844244480133,3.9652175903320312
1290,1617.4753454364836,0.018491579219698906,0.5075225830078125,0.1498355269432068,3.8439998626708984
1291,1618.7611631583422,0.02009539119899273,0.50714111328125,0.14767442643642426,4.299999713897705
1292,1620.343304359354,0.019136326387524605,0.5067596435546875,0.15201400220394135,4.045454025268555
1293,1621.3715345384553,0.018328581005334854,0.506378173828125,0.15150904655456543,4.123529434204102
1294,1622.7595435716212,0.018960949033498764,0.5059967041015625,0.16279928386211395,4.209523677825928
1295,1624.3758916594088,0.02109052613377571,0.505615234375,0.14693070948123932,4.211111068725586
1296,1626.2690790835768,0.018399624153971672,0.5052337646484375,0.15565861761569977,4.224999904632568
1297,1627.6839207420126,0.018402278423309326,0.504852294921875,0.15692885220050812,4.242105007171631
1298,1629.3294889284298,0.02098066173493862,0.5044708251953125,0.15080386400222778,3.9600000381469727
1299,1630.9000110672787,0.016263321042060852,0.50408935546875,0.15860216319561005,4.199999809265137
1300,1633.3793346732855,0.02047017216682434,0.5037078857421875,0.16774192452430725,4.523077011108398
1301,1634.2570658596233,0.019916528835892677,0.503326416015625,0.14726027846336365,3.858823776245117
1302,1635.1359962085262,0.020588742569088936,0.5029449462890625,0.1626834124326706,4.299999713897705
1303,1636.1287601962686,0.01991826482117176,0.5025634765625,0.15519480407238007,4.436363697052002
1304,1637.0268610203639,0.019144924357533455,0.5021820068359375,0.15692995488643646,3.731034994125366
1305,1638.0898187179118,0.018721653148531914,0.501800537109375,0.1409240961074829,3.7039999961853027
1306,1639.6378058381379,0.01850098930299282,0.5014190673828125,0.143216073513031,3.7240002155303955
1307,1640.6828233916312,0.01871604658663273,0.50103759765625,0.1626666635274887,4.599999904632568
1308,1642.3016033163294,0.018203556537628174,0.5006561279296875,0.14499999582767487,4.275000095367432
1309,1644.6263676555827,0.019595187157392502,0.500274658203125,0.13055557012557983,3.4814815521240234
1310,1647.128686840646,0.015773657709360123,0.4998931884765625,0.1651465743780136,3.9730770587921143
1311,1648.0137534234673,0.019630203023552895,0.49951171875,0.15446266531944275,4.340909004211426
1312,1649.2822890728712,0.02012336626648903,0.4991302490234375,0.15139371156692505,3.9749996662139893
1313,1650.683766566217,0.020770875737071037,0.498748779296875,0.1520458310842514,3.948000431060791
1314,1652.3515744563192,0.018532386049628258,0.4983673095703125,0.1479129046201706,3.9285714626312256
1315,1654.2865616399795,0.019713766872882843,0.49798583984375,0.14887097477912903,3.819999933242798
1316,1655.23917730432,0.020051540806889534,0.4976043701171875,0.14467085897922516,3.7653849124908447
1317,1656.8223543548957,0.019919173792004585,0.497222900390625,0.14621329307556152,3.8842105865478516
1318,1657.6791363591328,0.01896612159907818,0.4968414306640625,0.1566794067621231,3.9666671752929688
1319,1658.6198760056868,0.020416943356394768,0.4964599609375,0.1454676389694214,3.759999990463257
1320,1659.4991742009297,0.016851123422384262,0.4960784912109375,0.15546751022338867,3.8319997787475586
1321,1660.5439600264654,0.017343273386359215,0.495697021484375,0.14724920690059662,4.058333396911621
1322,1661.9740358740091,0.018552636727690697,0.4953155517578125,0.1397009789943695,3.7333335876464844
1323,1663.7700638053939,0.018638789653778076,0.49493408203125,0.14576803147792816,3.776923656463623
1324,1664.6578372661024,0.01971227116882801,0.4945526123046875,0.140269473195076,3.5458335876464844
1325,1665.576503077522,0.019548293203115463,0.494171142578125,0.14569982886314392,3.617391586303711
1326,1666.8169957734644,0.019276179373264313,0.4937896728515625,0.15786407887935638,4.168181896209717
1327,1668.9403025163338,0.02004484087228775,0.493408203125,0.1401079148054123,3.963158130645752
1328,1670.7242050971836,0.016996236518025398,0.4930267333984375,0.16553030908107758,4.399999618530273
1329,1672.377081672661,0.021342389285564423,0.492645263671875,0.15128643810749054,3.999999761581421
1330,1673.667731512338,0.019661199301481247,0.4922637939453125,0.1464696228504181,4.059999942779541
1331,1674.5362398894504,0.016186445951461792,0.49188232421875,0.14498071372509003,3.7649998664855957
1332,1675.5701901670545,0.020707067102193832,0.4915008544921875,0.15244756639003754,4.1086955070495605
1333,1676.4296728065237,0.018990885466337204,0.491119384765625,0.1594642847776413,4.018181800842285
1334,1677.904552668333,0.01948396861553192,0.4907379150390625,0.1639534831047058,4.116666793823242
1335,1679.9127655765042,0.020595936104655266,0.4903564453125,0.1450381726026535,4.0
1336,1681.0628844453022,0.018891358748078346,0.4899749755859375,0.14888125658035278,4.003999710083008
1337,1682.7964093443006,0.016768695786595345,0.489593505859375,0.15017731487751007,3.8111109733581543
1338,1684.8378929775208,0.018122056499123573,0.4892120361328125,0.1447214037179947,3.7192304134368896
1339,1686.8335897047073,0.01961216703057289,0.48883056640625,0.1450076848268509,3.5962963104248047
1340,1688.7655465295538,0.01637165993452072,0.4884490966796875,0.15472312271595,4.0
1341,1690.011068051681,0.0185255017131567,0.488067626953125,0.1590457260608673,4.111764907836914
1342,1692.0314929420128,0.018535101786255836,0.4876861572265625,0.15494699776172638,4.480952262878418
1343,1693.4498538896441,0.01753390021622181,0.4873046875,0.14800000190734863,3.858332872390747
1344,1694.4949193708599,0.01663540117442608,0.4869232177734375,0.15341505408287048,3.904545545578003
1345,1696.1114218719304,0.018092893064022064,0.486541748046875,0.16026118397712708,4.3894734382629395
1346,1697.6972322231159,0.01888076215982437,0.4861602783203125,0.1631658971309662,4.099999904632568
1347,1698.5338753415272,0.019724879413843155,0.48577880859375,0.1463620960712433,3.989473819732666
1348,1699.9727767286822,0.01819024421274662,0.4853973388671875,0.15370051562786102,3.866666078567505
1349,1700.90406614542,0.01923946477472782,0.485015869140625,0.14400716125965118,4.004166126251221
1350,1702.5838057287037,0.019647516310214996,0.4846343994140625,0.14623117446899414,3.8809523582458496
1351,1704.209585858509,0.01953677274286747,0.4842529296875,0.16446886956691742,4.268181324005127
1352,1705.1006950195879,0.021175028756260872,0.4838714599609375,0.1473063975572586,3.995833158493042
1353,1707.1564035089687,0.0219719335436821,0.483489990234375,0.1522688865661621,3.8440003395080566
1354,1708.0363751091063,0.016902443021535873,0.4831085205078125,0.15000000596046448,4.308333396911621
1355,1708.9267074763775,0.02001047320663929,0.48272705078125,0.15134680271148682,4.338888168334961
1356,1710.4554753266275,0.018548201769590378,0.4823455810546875,0.1596396565437317,4.1583333015441895
1357,1711.3230270557106,0.02050214447081089,0.481964111328125,0.15580694377422333,3.776923179626465
1358,1712.252674500458,0.01795385777950287,0.4815826416015625,0.13380062580108643,3.7461538314819336
1359,1713.7443756032735,0.019749553874135017,0.481201171875,0.14543919265270233,3.6181817054748535
1360,1715.6670746598393,0.017190774902701378,0.4808197021484375,0.1504146009683609,3.8239998817443848
1361,1716.5271521275863,0.017656415700912476,0.480438232421875,0.15279848873615265,4.119999885559082
1362,1717.4350836705416,0.021850138902664185,0.4800567626953125,0.1577114462852478,4.059999465942383
1363,1718.9873479763046,0.019544919952750206,0.47967529296875,0.15982338786125183,4.838460922241211
1364,1719.9383796574548,0.017981283366680145,0.4792938232421875,0.14926740527153015,4.073913097381592
1365,1721.8853346100077,0.016240812838077545,0.478912353515625,0.1461194008588791,3.700000047683716
1366,1722.887399869971,0.01814013533294201,0.4785308837890625,0.16823530197143555,4.477777481079102
1367,1724.0194289013743,0.02206522971391678,0.4781494140625,0.14862236380577087,4.070833683013916
1368,1725.394006169401,0.01708163321018219,0.4777679443359375,0.1519392728805542,3.7761905193328857
1369,1727.3577238526195,0.02032557688653469,0.477386474609375,0.15392319858074188,4.21363639831543
1370,1728.6954660508782,0.017084915190935135,0.4770050048828125,0.15900826454162598,4.099999904632568
1371,1729.780380568467,0.0177922360599041,0.47662353515625,0.14690431952476501,3.92380952835083
1372,1730.8682894697413,0.020400358363986015,0.4762420654296875,0.15570469200611115,4.254545211791992
1373,1731.9482097746804,0.018268724903464317,0.475860595703125,0.15160714089870453,4.038095951080322
1374,1733.1232691910118,0.01969042792916298,0.4754791259765625,0.15323740243911743,3.7277777194976807
1375,1735.0211997618899,0.017735471948981285,0.47509765625,0.1506766825914383,3.8333332538604736
1376,1736.4280006913468,0.017018655315041542,0.4747161865234375,0.1527777761220932,4.4388885498046875
1377,1738.0170993646607,0.017996106296777725,0.474334716796875,0.14667721092700958,3.987499952316284
1378,1738.8599052196369,0.023575374856591225,0.4739532470703125,0.14253968000411987,3.7839999198913574
1379,1740.0614437740296,0.020838802680373192,0.47357177734375,0.15569178760051727,3.8519997596740723
1380,1741.9595855856314,0.017999010160565376,0.4731903076171875,0.14310595393180847,3.679999828338623
1381,1743.6564826751128,0.019690560176968575,0.472808837890625,0.15493197739124298,3.8304343223571777
1382,1744.7265958096832,0.01665552332997322,0.4724273681640625,0.15501520037651062,3.915384531021118
1383,1745.9453824134544,0.017231382429599762,0.4720458984375,0.15490983426570892,4.4380950927734375
1384,1747.418737466447,0.01957058347761631,0.4716644287109375,0.16646341979503632,4.426316261291504
1385,1748.4560674801469,0.02039133757352829,0.471282958984375,0.14214502274990082,3.8479998111724854
1386,1749.6672923164442,0.019926361739635468,0.4709014892578125,0.1438235342502594,3.537930965423584
1387,1751.1532678809017,0.017729634419083595,0.47052001953125,0.1410687118768692,3.8238096237182617
1388,1753.0205733906478,0.02063617669045925,0.4701385498046875,0.16454721987247467,3.9761900901794434
1389,1753.918642917648,0.020539341494441032,0.469757080078125,0.14482200145721436,3.9272727966308594
1390,1756.9402179252356,0.01524324156343937,0.4693756103515625,0.15729349851608276,3.9120001792907715
1391,1757.792789541185,0.020174391567707062,0.468994140625,0.15774060785770416,4.5117645263671875
1392,1758.9910555062816,0.020110487937927246,0.4686126708984375,0.15423452854156494,4.210000038146973
1393,1761.3918952969834,0.017343806102871895,0.468231201171875,0.14597702026367188,3.9079999923706055
1394,1763.0480801779777,0.01954781636595726,0.4678497314453125,0.15171876549720764,3.713043212890625
1395,1764.5946728251874,0.018694741651415825,0.46746826171875,0.15655295550823212,4.25
1396,1765.5243316041306,0.018618697300553322,0.4670867919921875,0.15887098014354706,4.173684597015381
1397,1767.4433694295585,0.017335981130599976,0.466705322265625,0.1524720937013626,3.956521511077881
1398,1768.2854101704434,0.01736151985824108,0.4663238525390625,0.13502377271652222,3.5923075675964355
1399,1769.5826607942581,0.020092930644750595,0.4659423828125,0.15549133718013763,4.1454548835754395
1400,1770.4756599571556,0.017276709899306297,0.4655609130859375,0.16626712679862976,4.581249713897705
1401,1771.4685891959816,0.018719999119639397,0.465179443359375,0.14467765390872955,3.5249996185302734
1402,1772.771228024736,0.02155356854200363,0.4647979736328125,0.1463497430086136,3.8999996185302734
1403,1773.6258024452254,0.017793778330087662,0.46441650390625,0.15592335164546967,3.991666555404663
1404,1774.8180410601199,0.018624205142259598,0.4640350341796875,0.14982205629348755,4.047058582305908
1405,1776.4716741926968,0.018236441537737846,0.463653564453125,0.1552099585533142,4.1571431159973145
1406,1777.454748709686,0.01917118765413761,0.4632720947265625,0.15291827917099,4.047826290130615
1407,1781.1708422601223,0.019080011174082756,0.462890625,0.15283016860485077,3.991666555404663
1408,1782.4341314239427,0.015571914613246918,0.4625091552734375,0.1492805778980255,4.026086330413818
1409,1783.5366612812504,0.02317030541598797,0.462127685546875,0.14343255758285522,3.7666666507720947
1410,1785.1858977181837,0.020024465397000313,0.4617462158203125,0.14666667580604553,4.047618865966797
1411,1786.728830547072,0.019041182473301888,0.46136474609375,0.1491551548242569,3.6034483909606934
1412,1787.5566453617066,0.020164621993899345,0.4609832763671875,0.1442396342754364,3.7879998683929443
1413,1788.4143430832773,0.017034364864230156,0.460601806640625,0.15714286267757416,4.033332824707031
1414,1789.4188189813867,0.019266512244939804,0.4602203369140625,0.153242826461792,3.888461112976074
1415,1790.9864810686558,0.01839562878012657,0.4598388671875,0.15807689726352692,4.0916666984558105
1416,1791.8523228196427,0.017096098512411118,0.4594573974609375,0.1403537094593048,3.6826086044311523
1417,1792.851742531173,0.020796170458197594,0.459075927734375,0.1530035138130188,3.8809523582458496
1418,1793.8293121326715,0.019005751237273216,0.4586944580078125,0.15065358579158783,4.160869121551514
1419,1795.2260967912152,0.01817874051630497,0.45831298828125,0.14382633566856384,3.582758665084839
1420,1796.5542257614434,0.020557554438710213,0.4579315185546875,0.15572232007980347,3.9499995708465576
1421,1797.4118431601673,0.01770152896642685,0.457550048828125,0.15859247744083405,4.195237636566162
1422,1798.4368692450225,0.018588190898299217,0.4571685791015625,0.14788731932640076,3.9240000247955322
1423,1799.3677950939164,0.015865623950958252,0.456787109375,0.15433527529239655,4.176470756530762
1424,1800.4351100828499,0.017656441777944565,0.4564056396484375,0.14063018560409546,3.737499952316284
1425,1801.3106709178537,0.018475456163287163,0.456024169921875,0.15924455225467682,4.042105197906494
1426,1802.8313777940348,0.02221391163766384,0.4556427001953125,0.14767442643642426,4.4210524559021
1427,1804.3567263204604,0.01928318664431572,0.45526123046875,0.16222627460956573,4.061904430389404
1428,1805.8630615025759,0.018365291878581047,0.4548797607421875,0.15899281203746796,4.213043689727783
1429,1807.7763556493446,0.01828729547560215,0.454498291015625,0.1524999886751175,4.195651531219482
1430,1808.9956433651969,0.020312363281846046,0.4541168212890625,0.14627976715564728,3.7807693481445312
1431,1809.881208227016,0.018439002335071564,0.4537353515625,0.1505226492881775,3.8043482303619385
1432,1811.5352898305282,0.017382532358169556,0.4533538818359375,0.16080139577388763,4.51578950881958
1433,1812.6089097345248,0.01807357370853424,0.452972412109375,0.15659163892269135,3.8913042545318604
1434,1813.6302118953317,0.018776480108499527,0.4525909423828125,0.15365023910999298,4.091666221618652
1435,1814.806151803583,0.018638353794813156,0.45220947265625,0.14947736263275146,3.8714287281036377
1436,1816.0002912143245,0.018043281510472298,0.4518280029296875,0.14941176772117615,4.156521797180176
1437,1817.5968654388562,0.015848394483327866,0.451446533203125,0.15871405601501465,4.095238208770752
1438,1818.4496884252876,0.01824895478785038,0.4510650634765625,0.15081633627414703,3.864999771118164
1439,1820.0793723529205,0.01575397327542305,0.45068359375,0.14973638951778412,4.2090911865234375
1440,1821.3047372559085,0.017969653010368347,0.4503021240234375,0.14646892249584198,3.7079999446868896
1441,1822.147266086191,0.018469516187906265,0.449920654296875,0.15197472274303436,3.838094711303711
1442,1824.020662771538,0.01653008908033371,0.4495391845703125,0.1631205677986145,4.124000072479248
1443,1825.9408505717292,0.020504180341959,0.44915771484375,0.15565475821495056,3.996154308319092
1444,1827.1339341383427,0.01732703484594822,0.4487762451171875,0.1578414887189865,3.937499761581421
1445,1828.179325381294,0.017699742689728737,0.448394775390625,0.1574999988079071,4.276190280914307
1446,1829.125826381147,0.017858151346445084,0.4480133056640625,0.15230204164981842,4.289999961853027
1447,1830.5307692941278,0.0168626606464386,0.4476318359375,0.1601562649011612,4.429999351501465
1448,1832.0667515704408,0.018023941665887833,0.4472503662109375,0.15608365833759308,4.014286041259766
1449,1833.563376320526,0.016689619049429893,0.446868896484375,0.14422442018985748,4.22352933883667
1450,1835.8872357634827,0.019702089950442314,0.4464874267578125,0.16232772171497345,3.846153736114502
1451,1837.8191861528903,0.017412543296813965,0.44610595703125,0.15189872682094574,4.156521797180176
1452,1839.9103574743494,0.015648741275072098,0.4457244873046875,0.14702194929122925,3.8130435943603516
1453,1840.7677681781352,0.01711171492934227,0.445343017578125,0.15644598007202148,4.0333333015441895
1454,1842.6590944323689,0.015851397067308426,0.4449615478515625,0.14974093437194824,3.9363632202148438
1455,1844.3930356418714,0.02064824104309082,0.444580078125,0.16338029503822327,4.706250190734863
1456,1845.6979018449783,0.017363959923386574,0.4441986083984375,0.14268076419830322,3.815999746322632
1457,1847.6541102519259,0.020417679101228714,0.443817138671875,0.16460348665714264,4.600000381469727
1458,1848.606081996113,0.02168974280357361,0.4434356689453125,0.15159574151039124,4.031250476837158
1459,1849.4826519386843,0.017525220289826393,0.44305419921875,0.15909092128276825,4.3818182945251465
1460,1850.9986195154488,0.015811845660209656,0.4426727294921875,0.15549449622631073,3.9857141971588135
1461,1851.9650115491822,0.018854768946766853,0.442291259765625,0.15992780029773712,4.318181991577148
1462,1853.2725701136515,0.01869671605527401,0.4419097900390625,0.14330436289310455,4.034782886505127
1463,1855.3059438355267,0.018133243545889854,0.4415283203125,0.15565530955791473,4.0
1464,1856.9897598391399,0.019897909834980965,0.4411468505859375,0.1588454395532608,4.624999523162842
1465,1858.2049872167408,0.02001071907579899,0.440765380859375,0.15038402378559113,3.8115384578704834
1466,1859.1194613697007,0.016773466020822525,0.4403839111328125,0.15454545617103577,4.352380752563477
1467,1860.5724212229252,0.01606088876724243,0.44000244140625,0.14103393256664276,3.7119998931884766
1468,1862.0716946534812,0.018806103616952896,0.4396209716796875,0.15647481381893158,4.02380895614624
1469,1863.0004501426592,0.020205466076731682,0.439239501953125,0.15159663558006287,4.171428680419922
1470,1864.8526303125545,0.017985224723815918,0.4388580322265625,0.1666666716337204,4.4555559158325195
1471,1866.236388169229,0.02030523680150509,0.4384765625,0.14965753257274628,4.133333683013916
1472,1867.6435791831464,0.016716698184609413,0.4380950927734375,0.1597561091184616,3.9782607555389404
1473,1868.743554939516,0.018860643729567528,0.437713623046875,0.1559322029352188,4.340909004211426
1474,1869.625899891369,0.017558572813868523,0.4373321533203125,0.1541254222393036,4.059091091156006
1475,1871.077401554212,0.017760317772626877,0.43695068359375,0.1590493619441986,4.045833587646484
1476,1871.945337577723,0.016741812229156494,0.4365692138671875,0.1591319888830185,4.363157749176025
1477,1873.4880132041872,0.017723161727190018,0.436187744140625,0.1570248007774353,4.177272319793701
1478,1874.4018003856763,0.016655052080750465,0.4358062744140625,0.15051020681858063,3.986956834793091
1479,1875.8274007365108,0.01932566799223423,0.4354248046875,0.15360823273658752,3.9521737098693848
1480,1877.1156943915412,0.016274789348244667,0.4350433349609375,0.15698114037513733,4.210526466369629
1481,1878.454438438639,0.019623633474111557,0.434661865234375,0.15369822084903717,4.044000148773193
1482,1880.5244663823396,0.01720786839723587,0.4342803955078125,0.15896551311016083,4.13157844543457
1483,1882.1292879786342,0.018129631876945496,0.43389892578125,0.15089429914951324,4.168181896209717
1484,1883.0838732840493,0.017404893413186073,0.4335174560546875,0.15616437792778015,3.8423075675964355
1485,1885.3971354104578,0.016529235988855362,0.433135986328125,0.15950541198253632,4.115384578704834
1486,1886.7424081554636,0.020299173891544342,0.4327545166015625,0.1534513384103775,4.199999809265137
1487,1887.7467459402978,0.016469759866595268,0.432373046875,0.16503623127937317,4.336842060089111
1488,1888.5871928045526,0.018543662503361702,0.4319915771484375,0.15472222864627838,3.9120001792907715
1489,1890.1740839695558,0.01795654371380806,0.431610107421875,0.15183886885643005,3.7291669845581055
1490,1891.5598940700293,0.02026214823126793,0.4312286376953125,0.15409015119075775,4.199999809265137
1491,1893.1955555798486,0.017967253923416138,0.43084716796875,0.16290631890296936,4.521052837371826
1492,1894.5192754874006,0.014862923882901669,0.4304656982421875,0.16085469722747803,4.360869407653809
1493,1895.6687701120973,0.018206752836704254,0.430084228515625,0.15309569239616394,4.072727680206299
1494,1897.5783347245306,0.01588849537074566,0.4297027587890625,0.1475757658481598,3.6428568363189697
1495,1899.266551123932,0.01706567406654358,0.4293212890625,0.15716783702373505,4.449999809265137
1496,1900.8250625310466,0.01700906828045845,0.4289398193359375,0.14916031062602997,3.795652389526367
1497,1901.8477051779628,0.01729470305144787,0.428558349609375,0.14926199615001678,3.8999998569488525
1498,1904.041629742831,0.017357314005494118,0.4281768798828125,0.16173285245895386,4.138461112976074
1499,1904.915159699507,0.016489289700984955,0.42779541015625,0.1611320972442627,4.4571428298950195
1500,1906.3507581399754,0.018831001594662666,0.4274139404296875,0.15869158506393433,4.172727108001709
1501,1907.235651254654,0.018130101263523102,0.427032470703125,0.15339621901512146,4.4571428298950195
1502,1908.2213563239202,0.01901848614215851,0.4266510009765625,0.1684027761220932,4.145833492279053
1503,1909.1325357351452,0.019685806706547737,0.42626953125,0.14478114247322083,4.121739387512207
1504,1910.0281829200685,0.01864773966372013,0.4258880615234375,0.1457231640815735,3.5928573608398438
1505,1911.1182938385755,0.017830457538366318,0.425506591796875,0.15803571045398712,4.331818103790283
1506,1912.3504212321714,0.017510168254375458,0.4251251220703125,0.14738616347312927,3.7588231563568115
1507,1913.485701540485,0.01681412197649479,0.42474365234375,0.14950166642665863,4.215789318084717
1508,1914.5977305099368,0.01945449598133564,0.4243621826171875,0.1560855209827423,3.955172300338745
1509,1915.773084813729,0.017822448164224625,0.423980712890625,0.1548338383436203,3.791303873062134
1510,1917.07426335942,0.019545061513781548,0.4235992431640625,0.15466667711734772,3.9846153259277344
1511,1918.7127082310617,0.016663318499922752,0.4232177734375,0.15616196393966675,4.359090805053711
1512,1919.7104472601786,0.017380451783537865,0.4228363037109375,0.16570913791656494,4.395238399505615
1513,1921.9134676558897,0.016008298844099045,0.422454833984375,0.15284281969070435,4.0291666984558105
1514,1923.149581762962,0.016967469826340675,0.4220733642578125,0.15670499205589294,4.163157939910889
1515,1924.4393185526133,0.015606164000928402,0.42169189453125,0.16433121263980865,4.215789318084717
1516,1926.1312500508502,0.01758280023932457,0.4213104248046875,0.14458204805850983,3.9800000190734863
1517,1927.2107187984511,0.017943721264600754,0.420928955078125,0.14146342873573303,3.625
1518,1928.232838965021,0.01734030619263649,0.4205474853515625,0.15672191977500916,4.2049994468688965
1519,1929.0631530834362,0.0178079754114151,0.420166015625,0.15254490077495575,3.948147773742676
1520,1930.8516018642113,0.01797972433269024,0.4197845458984375,0.14977100491523743,3.8230767250061035
1521,1931.694736931473,0.01727188006043434,0.419403076171875,0.1542208045721054,4.040909290313721
1522,1933.152977725491,0.017609920352697372,0.4190216064453125,0.15503354370594025,3.9000000953674316
1523,1935.0782172121108,0.017496267333626747,0.41864013671875,0.15387387573719025,4.204347610473633
1524,1937.235485485755,0.018740294501185417,0.4182586669921875,0.14658574759960175,3.815000057220459
1525,1939.1856776727363,0.016171155497431755,0.417877197265625,0.1579606533050537,4.090476036071777
1526,1940.4990665204823,0.020093340426683426,0.4174957275390625,0.1565217524766922,4.086956024169922
1527,1942.389681994915,0.016860278323292732,0.4171142578125,0.14176569879055023,4.0652174949646
1528,1943.291464193724,0.016785072162747383,0.4167327880859375,0.14984756708145142,3.6370372772216797
1529,1944.1809225939214,0.015108459629118443,0.416351318359375,0.14413146674633026,3.8550000190734863
1530,1945.1404621582478,0.019254915416240692,0.4159698486328125,0.16080401837825775,3.944000005722046
1531,1946.012303496711,0.014227948151528835,0.41558837890625,0.15490534901618958,4.1875
1532,1948.2158015165478,0.018506208434700966,0.4152069091796875,0.14649266004562378,3.8000001907348633
1533,1949.0755262998864,0.017122214660048485,0.414825439453125,0.15621715784072876,4.09999942779541
1534,1950.0141121204942,0.018573420122265816,0.4144439697265625,0.15828678011894226,4.3411760330200195
1535,1951.9888235069811,0.01766178011894226,0.4140625,0.15383386611938477,4.080952167510986
1536,1952.8780194614083,0.01720939576625824,0.4136810302734375,0.13417936861515045,3.5458333492279053
1537,1954.6235502483323,0.017268352210521698,0.413299560546875,0.16372710466384888,4.209090709686279
1538,1956.222324559465,0.01647276058793068,0.4129180908203125,0.16132879257202148,4.241666793823242
1539,1957.9998556496575,0.01771164871752262,0.41253662109375,0.15017856657505035,3.940908908843994
1540,1958.8596097901464,0.016733484342694283,0.4121551513671875,0.14297126233577728,3.751999855041504
1541,1959.8892202675343,0.017902797088027,0.411773681640625,0.16075730323791504,4.182608604431152
1542,1961.3896820163354,0.018993519246578217,0.4113922119140625,0.140269473195076,3.6428568363189697
1543,1962.8767986642197,0.01910213753581047,0.4110107421875,0.14961832761764526,3.788461208343506
1544,1964.0878248652443,0.01881564036011696,0.4106292724609375,0.14414416253566742,3.4925923347473145
1545,1965.0114095769823,0.016657212749123573,0.410247802734375,0.15768565237522125,4.409523963928223
1546,1966.2405954301357,0.016735194250941277,0.4098663330078125,0.1584070771932602,4.1826090812683105
1547,1967.1376304458827,0.017790554091334343,0.40948486328125,0.15803571045398712,4.079166889190674
1548,1969.1320224981755,0.01799139939248562,0.4091033935546875,0.14840182662010193,3.8391306400299072
1549,1969.9823261154816,0.01729201152920723,0.408721923828125,0.15574532747268677,3.9125001430511475
1550,1971.4084050543606,0.016793200746178627,0.4083404541015625,0.1651574820280075,4.5333333015441895
1551,1972.3066307641566,0.018330879509449005,0.407958984375,0.14794303476810455,3.9000000953674316
1552,1973.479878067039,0.015945719555020332,0.4075775146484375,0.15543308854103088,3.961538553237915
1553,1974.8065043026581,0.018269190564751625,0.407196044921875,0.14611800014972687,3.8692307472229004
1554,1976.7283548610285,0.019308127462863922,0.4068145751953125,0.1561150997877121,3.9800000190734863
1555,1978.100926535204,0.01602880097925663,0.40643310546875,0.15119048953056335,4.0625
1556,1979.6507225520909,0.015346486121416092,0.4060516357421875,0.160566046833992,4.610000133514404
1557,1980.8198320874944,0.019111597910523415,0.405670166015625,0.15114377439022064,3.8499999046325684
1558,1981.8525895057246,0.01766974851489067,0.4052886962890625,0.16412638127803802,4.800000190734863
1559,1982.740060112439,0.01836557127535343,0.4049072265625,0.15169492363929749,3.956521511077881
1560,1983.6582096973434,0.018774213269352913,0.4045257568359375,0.16055046021938324,4.352631568908691
1561,1984.496162337251,0.01564016006886959,0.404144287109375,0.15097452700138092,3.7846157550811768
1562,1985.8997030183673,0.017490031197667122,0.4037628173828125,0.14546926319599152,3.659259080886841
1563,1986.746820550412,0.016866574063897133,0.40338134765625,0.16490566730499268,4.336363315582275
1564,1987.6366031672806,0.017658840864896774,0.4029998779296875,0.1517684906721115,4.0320000648498535
1565,1988.4917044639587,0.017583424225449562,0.402618408203125,0.14428572356700897,3.8086953163146973
1566,1989.8737787492573,0.017043493688106537,0.4022369384765625,0.1556537002325058,3.75789475440979
1567,1990.801261776127,0.019985828548669815,0.40185546875,0.15575659275054932,4.243478298187256
1568,1992.2983277412131,0.01931932009756565,0.4014739990234375,0.15522389113903046,4.109523773193359
1569,1993.2183881467208,0.015890778973698616,0.401092529296875,0.1702290028333664,4.363157749176025
1570,1994.6809025285766,0.01923954114317894,0.4007110595703125,0.16290050745010376,4.568181037902832
1571,1996.2575649712235,0.016817254945635796,0.40032958984375,0.15194346010684967,4.124999523162842
1572,1997.0959234805778,0.01897859387099743,0.3999481201171875,0.15733787417411804,4.099999904632568
1573,1998.5374259063974,0.016836263239383698,0.399566650390625,0.15492957830429077,4.079999923706055
1574,2000.421653892845,0.016129545867443085,0.3991851806640625,0.15688815712928772,4.077272415161133
1575,2001.3428678335622,0.01858348958194256,0.3988037109375,0.14942196011543274,4.07692289352417
1576,2002.8931696088985,0.016889581456780434,0.3984222412109375,0.14448052644729614,3.711538076400757
1577,2004.14613483008,0.017772341147065163,0.398040771484375,0.1613149791955948,3.7896552085876465
1578,2005.6338412454352,0.020414119586348534,0.3976593017578125,0.15452897548675537,4.542856693267822
1579,2006.5221264855936,0.017845313996076584,0.39727783203125,0.15024791657924652,3.7461533546447754
1580,2007.4444308914244,0.018650678917765617,0.3968963623046875,0.16532400250434875,4.612499713897705
1581,2009.5924953715876,0.01706521213054657,0.396514892578125,0.1431221067905426,3.5520005226135254
1582,2010.995402651839,0.01761339232325554,0.3961334228515625,0.16308853030204773,4.436363697052002
1583,2013.0267904493958,0.01753576658666134,0.395751953125,0.15277311205863953,4.071428298950195
1584,2013.9422010956332,0.01987476274371147,0.3953704833984375,0.16373983025550842,4.400000095367432
1585,2015.4019670104608,0.01593327708542347,0.394989013671875,0.17062819004058838,4.125
1586,2017.0497542032972,0.017408279702067375,0.3946075439453125,0.16626712679862976,4.379167079925537
1587,2017.9333328371868,0.019182279706001282,0.39422607421875,0.15413792431354523,4.090000152587891
1588,2019.3560606669635,0.019702758640050888,0.3938446044921875,0.14959999918937683,4.032142639160156
1589,2021.0589905073866,0.018713608384132385,0.393463134765625,0.1619216948747635,4.317646503448486
1590,2022.8571012178436,0.02034113183617592,0.3930816650390625,0.14552102982997894,4.041176795959473
1591,2024.162012822926,0.01597639173269272,0.3927001953125,0.16042064130306244,4.429999828338623
1592,2025.1166834821925,0.021136479452252388,0.3923187255859375,0.1563311666250229,3.7814815044403076
1593,2026.4407774629071,0.019941190257668495,0.391937255859375,0.15022900700569153,4.019999980926514
1594,2027.601372655481,0.018445594236254692,0.3915557861328125,0.14759449660778046,3.882608413696289
1595,2029.7087923772633,0.017728488892316818,0.39117431640625,0.1675276756286621,4.7055559158325195
1596,2031.5599679714069,0.017339326441287994,0.3907928466796875,0.1531141847372055,4.140000343322754
1597,2032.3967014132068,0.017521195113658905,0.390411376953125,0.16878129541873932,4.069230556488037
1598,2033.2554400386289,0.0187444519251585,0.3900299072265625,0.1498214304447174,4.327272891998291
1599,2034.5750271854922,0.020180901512503624,0.3896484375,0.16867220401763916,4.40625
1600,2036.0035340012982,0.017690228298306465,0.3892669677734375,0.15850557386875153,4.304166793823242
1601,2037.1449710726738,0.019840510562062263,0.388885498046875,0.15845921635627747,3.9666669368743896
1602,2038.6438351981342,0.01732049323618412,0.3885040283203125,0.15295080840587616,4.0199995040893555
1603,2039.6958678681403,0.01716620847582817,0.38812255859375,0.1503962129354477,3.9863638877868652
1604,2041.0048545505852,0.01875382289290428,0.3877410888671875,0.14338549971580505,3.5535714626312256
1605,2042.357401295565,0.016985271126031876,0.387359619140625,0.15146832168102264,3.870833396911621
1606,2043.8165951445699,0.021717583760619164,0.3869781494140625,0.15422959625720978,3.833333730697632
1607,2044.727274321951,0.017466917634010315,0.3865966796875,0.1574626863002777,4.359090805053711
1608,2046.008938781917,0.015131192281842232,0.3862152099609375,0.16542372107505798,4.344444274902344
1609,2047.1317925415933,0.018489865586161613,0.385833740234375,0.15059421956539154,4.083333492279053
1610,2048.6661017220467,0.01803569681942463,0.3854522705078125,0.16121794283390045,3.883333206176758
1611,2050.076427858323,0.016696712002158165,0.38507080078125,0.1564742773771286,4.26086950302124
1612,2051.1538807284087,0.0201242845505476,0.3846893310546875,0.14978665113449097,3.7133333683013916
1613,2052.1711267698556,0.018425598740577698,0.384307861328125,0.1518072485923767,4.13157844543457
1614,2053.397608476691,0.016321660950779915,0.3839263916015625,0.1663893461227417,4.150000095367432
1615,2054.2469273125753,0.016492178663611412,0.383544921875,0.16276977956295013,4.4590911865234375
1616,2055.5980416340753,0.018283572047948837,0.3831634521484375,0.1474522203207016,3.721738815307617
1617,2057.2205413384363,0.015779437497258186,0.382781982421875,0.1527336835861206,4.256521701812744
1618,2058.7352190520614,0.017514605075120926,0.3824005126953125,0.1643812656402588,4.1583333015441895
1619,2059.6510427333415,0.018840713426470757,0.38201904296875,0.14710365235805511,3.884615182876587
1620,2061.519622216001,0.01663823425769806,0.3816375732421875,0.1533653736114502,3.924999952316284
1621,2063.202713266015,0.015565119683742523,0.381256103515625,0.15764498710632324,4.052000045776367
1622,2064.1101490221918,0.01638375222682953,0.3808746337890625,0.15870840847492218,4.295238018035889
1623,2065.7206970518455,0.018680376932024956,0.3804931640625,0.14448104798793793,3.6391305923461914
1624,2067.583004598506,0.019138870760798454,0.3801116943359375,0.17140115797519684,4.8214287757873535
1625,2068.4676075745374,0.015440060757100582,0.379730224609375,0.14428342878818512,4.244999885559082
1626,2069.355138445273,0.018365608528256416,0.3793487548828125,0.15361344814300537,3.725926160812378
1627,2071.0555891804397,0.01576896570622921,0.37896728515625,0.1517515927553177,3.9708330631256104
1628,2072.680693687871,0.017744243144989014,0.3785858154296875,0.1506369411945343,4.046153545379639
1629,2073.950449964963,0.018890995532274246,0.378204345703125,0.15889261662960052,4.035999774932861
1630,2074.865752419457,0.015598473139107227,0.3778228759765625,0.16143791377544403,4.171999931335449
1631,2075.792164342478,0.015806853771209717,0.37744140625,0.14711031317710876,4.039999961853027
1632,2077.3549052970484,0.01643185503780842,0.3770599365234375,0.16863058507442474,4.313636302947998
1633,2078.2133073750883,0.017272591590881348,0.376678466796875,0.14633432030677795,3.86799955368042
1634,2079.19829678908,0.01700969785451889,0.3762969970703125,0.16530612111091614,3.918518543243408
1635,2080.3192279161885,0.01706201396882534,0.37591552734375,0.16276805102825165,4.657894611358643
1636,2081.1615133434534,0.017923394218087196,0.3755340576171875,0.16421663761138916,4.395238399505615
1637,2082.872131844051,0.01646396890282631,0.375152587890625,0.14770017564296722,3.9000000953674316
1638,2083.8853151621297,0.014098619110882282,0.3747711181640625,0.15430711209774017,4.264285564422607
1639,2084.81551254075,0.018155479803681374,0.3743896484375,0.15284672379493713,3.8111109733581543
1640,2087.8006372004747,0.018787220120429993,0.3740081787109375,0.1591474413871765,4.095999717712402
1641,2089.549330991693,0.015774523839354515,0.373626708984375,0.15008263289928436,4.195454120635986
1642,2090.8464288031682,0.01683909446001053,0.3732452392578125,0.16240601241588593,4.083333492279053
1643,2091.891316655092,0.01616635173559189,0.37286376953125,0.15451613068580627,4.046154022216797
1644,2092.6814072960988,0.01742219738662243,0.3724822998046875,0.15415281057357788,4.057142734527588
1645,2094.17585011106,0.017064770683646202,0.372100830078125,0.14348463714122772,3.792592763900757
1646,2095.045120727271,0.016598301008343697,0.3717193603515625,0.1612546145915985,4.100000381469727
1647,2095.963205656968,0.017567655071616173,0.371337890625,0.1504012793302536,3.9083335399627686
1648,2098.1632837671787,0.01665106602013111,0.3709564208984375,0.157350555062294,4.049999713897705
1649,2099.5030911099166,0.016892140731215477,0.370574951171875,0.15583756566047668,3.8849997520446777
1650,2100.899793905206,0.015527521260082722,0.3701934814453125,0.1402735561132431,4.1050004959106445
1651,2101.9772698860615,0.015365814790129662,0.36981201171875,0.14607679843902588,3.757692813873291
1652,2103.583396264352,0.017086463049054146,0.3694305419921875,0.15219512581825256,3.9200000762939453
1653,2104.4462277432904,0.018637577071785927,0.369049072265625,0.14814816415309906,3.711538076400757
1654,2105.4769027037546,0.01600429229438305,0.3686676025390625,0.14362744987010956,3.7461538314819336
1655,2106.8303377283737,0.015223564580082893,0.3682861328125,0.16433121263980865,4.405555725097656
1656,2108.0783978225663,0.018922897055745125,0.3679046630859375,0.1580292135477066,4.386666297912598
1657,2108.9309610715136,0.01753251813352108,0.367523193359375,0.1543189287185669,3.9499998092651367
1658,2110.1812761658803,0.01745125651359558,0.3671417236328125,0.14321371912956238,3.6884615421295166
1659,2112.596458419226,0.016610119491815567,0.36676025390625,0.16191335022449493,4.324999809265137
1660,2113.4732669219375,0.01718004047870636,0.3663787841796875,0.1744282841682434,4.711111068725586
1661,2115.0744801247492,0.016697611659765244,0.365997314453125,0.14399322867393494,4.194736480712891
1662,2116.180237757042,0.01635005697607994,0.3656158447265625,0.15863190591335297,4.0916666984558105
1663,2117.744701396674,0.017385218292474747,0.365234375,0.15868544578552246,3.8785717487335205
1664,2118.763268011622,0.01883932203054428,0.3648529052734375,0.1643344759941101,4.590909004211426
1665,2119.690711017698,0.016321435570716858,0.364471435546875,0.15099847316741943,3.795999765396118
1666,2120.7994587328285,0.01610061153769493,0.3640899658203125,0.1575113832950592,3.799999952316284
1667,2121.6644649701193,0.015720119699835777,0.36370849609375,0.1559068262577057,4.066666603088379
1668,2122.8307273723185,0.01710669696331024,0.3633270263671875,0.1671844720840454,4.400000095367432
1669,2124.196515697986,0.017772162333130836,0.362945556640625,0.15590164065361023,4.269565582275391
1670,2125.8058415977284,0.017376726493239403,0.3625640869140625,0.15454544126987457,4.052173614501953
1671,2126.694643889554,0.01560696680098772,0.3621826171875,0.15692771971225739,4.235999584197998
1672,2127.6654790807515,0.017909277230501175,0.3618011474609375,0.16230899095535278,3.9260871410369873
1673,2129.0936190141365,0.01497053261846304,0.361419677734375,0.16583183407783508,4.338095664978027
1674,2130.7653588484973,0.015961555764079094,0.3610382080078125,0.15192605555057526,4.175000190734863
1675,2131.823556030169,0.018420204520225525,0.36065673828125,0.15210792422294617,3.803703546524048
1676,2133.3143381224945,0.01651347242295742,0.3602752685546875,0.14804965257644653,3.8913042545318604
1677,2134.7885513287038,0.02003376930952072,0.359893798828125,0.16993603110313416,4.507692337036133
1678,2135.7079511191696,0.017438020557165146,0.3595123291015625,0.16165049374103546,4.5
1679,2136.640029305592,0.01668240875005722,0.359130859375,0.15475793182849884,4.099999904632568
1680,2137.839035150595,0.01732095330953598,0.3587493896484375,0.16076555848121643,4.285714149475098
1681,2139.582828979008,0.018285471946001053,0.358367919921875,0.14015039801597595,3.5689656734466553
1682,2141.5964718116447,0.01710803247988224,0.3579864501953125,0.16034214198589325,4.174999713897705
1683,2143.352185199037,0.0167801883071661,0.35760498046875,0.15817376971244812,3.9344828128814697
1684,2144.175181291066,0.015976788476109505,0.3572235107421875,0.15786516666412354,4.144444465637207
1685,2146.0342612769455,0.01838710531592369,0.356842041015625,0.14932887256145477,3.7958333492279053
1686,2148.351844727993,0.01596483401954174,0.3564605712890625,0.16106870770454407,4.133333683013916
1687,2149.723737007007,0.016434164717793465,0.3560791015625,0.1488226056098938,3.9240002632141113
1688,2150.9935810174793,0.015778513625264168,0.3556976318359375,0.15927152335643768,4.183332920074463
1689,2152.1723009953275,0.015393730252981186,0.355316162109375,0.16229206323623657,4.178260803222656
1690,2153.961177315563,0.016686204820871353,0.3549346923828125,0.15000000596046448,4.263636589050293
1691,2155.502272100188,0.01665380783379078,0.35455322265625,0.15510204434394836,4.018181324005127
1692,2156.3958925474435,0.01636969856917858,0.3541717529296875,0.15685279667377472,4.1588239669799805
1693,2157.3016999810934,0.01499997079372406,0.353790283203125,0.145590677857399,3.941666841506958
1694,2159.8464430235326,0.01878006011247635,0.3534088134765625,0.1531141698360443,3.8199996948242188
1695,2161.136465223506,0.015589508228003979,0.35302734375,0.1474878489971161,3.950000047683716
1696,2161.9915410075337,0.01621065102517605,0.3526458740234375,0.1607491821050644,3.9769227504730225
1697,2163.5075393188745,0.014936107210814953,0.352264404296875,0.16276083886623383,4.304166793823242
1698,2164.407183281146,0.01796473190188408,0.3518829345703125,0.16248011589050293,4.221052646636963
1699,2165.365761538036,0.015844566747546196,0.35150146484375,0.14521008729934692,3.9320003986358643
1700,2166.226811265573,0.015590290538966656,0.3511199951171875,0.16388888657093048,4.057692050933838
1701,2167.7986449915916,0.016628194600343704,0.350738525390625,0.14882995188236237,3.7851850986480713
1702,2169.788382670842,0.018557067960500717,0.3503570556640625,0.15716782212257385,4.336841583251953
1703,2170.832313830033,0.01774936355650425,0.3499755859375,0.14937303960323334,3.9639999866485596
1704,2172.620057484135,0.01814793050289154,0.3495941162109375,0.15214286744594574,3.866666555404663
1705,2173.725547547452,0.016297494992613792,0.349212646484375,0.14822007715702057,3.9759998321533203
1706,2175.301176630892,0.0174461267888546,0.3488311767578125,0.16165539622306824,4.261111259460449
1707,2177.314053098671,0.017387470230460167,0.34844970703125,0.14590443670749664,3.9120001792907715
1708,2178.7797805014998,0.016742616891860962,0.3480682373046875,0.16625875234603882,4.243477821350098
1709,2179.668154963292,0.013566503301262856,0.347686767578125,0.1540849655866623,4.159999847412109
1710,2180.6404698630795,0.018592633306980133,0.3473052978515625,0.1507200002670288,4.06818151473999
1711,2181.570594796911,0.01845858059823513,0.346923828125,0.1646464765071869,4.077777862548828
1712,2182.8512820899487,0.015990477055311203,0.3465423583984375,0.14945253729820251,4.143477916717529
1713,2183.7596927750856,0.015037338249385357,0.346160888671875,0.15634675323963165,3.866666555404663
1714,2185.062165482901,0.01792331598699093,0.3457794189453125,0.16388383507728577,4.67618989944458
1715,2186.157066443935,0.01746823452413082,0.34539794921875,0.15386062860488892,3.952380895614624
1716,2187.2119536604732,0.018391728401184082,0.3450164794921875,0.15875419974327087,4.255555629730225
1717,2188.8230209629983,0.01646626926958561,0.344635009765625,0.1542944610118866,3.882758378982544
1718,2190.0498753525317,0.019083460792899132,0.3442535400390625,0.14560261368751526,3.95454478263855
1719,2192.756922309287,0.015044845640659332,0.3438720703125,0.16100628674030304,4.030434608459473
1720,2193.7994649978355,0.0164027102291584,0.3434906005859375,0.15647248923778534,3.859999895095825
1721,2195.3641777504236,0.017405953258275986,0.343109130859375,0.1588832587003708,4.445833206176758
1722,2196.2882533390075,0.017538875341415405,0.3427276611328125,0.1690036803483963,4.259999752044678
1723,2197.1514089740813,0.01547691784799099,0.34234619140625,0.16329114139080048,4.549999713897705
1724,2198.080023078248,0.017925798892974854,0.3419647216796875,0.15884354710578918,4.290475845336914
1725,2199.6672771945596,0.016040828078985214,0.341583251953125,0.15451326966285706,4.116666793823242
1726,2201.565827874467,0.018197299912571907,0.3412017822265625,0.156866192817688,3.9600000381469727
1727,2202.8485925411806,0.016717130318284035,0.3408203125,0.15504731237888336,4.226086616516113
1728,2203.9131893049926,0.0180300772190094,0.3404388427734375,0.14439253509044647,3.8090906143188477
1729,2204.9668897734955,0.01773468405008316,0.340057373046875,0.1528846025466919,3.6448278427124023
1730,2206.3886917550117,0.020032070577144623,0.3396759033203125,0.16090750694274902,4.478947162628174
1731,2207.457279937342,0.01825064979493618,0.33929443359375,0.16331471502780914,4.108333587646484
1732,2208.774167803116,0.018357204273343086,0.3389129638671875,0.1687140017747879,4.822221755981445
1733,2209.783982344903,0.01541629433631897,0.338531494140625,0.16084033250808716,4.300000190734863
1734,2210.7071122042835,0.018505049869418144,0.3381500244140625,0.15233495831489563,3.830435037612915
1735,2212.8630799539387,0.01608477346599102,0.3377685546875,0.15894736349582672,4.179166793823242
1736,2214.979115252383,0.01666024513542652,0.3373870849609375,0.16721311211585999,4.384999752044678
1737,2215.845610909164,0.015912868082523346,0.337005615234375,0.15156862139701843,4.088234901428223
1738,2217.488312101923,0.01780226081609726,0.3366241455078125,0.15859650075435638,4.134782314300537
1739,2219.2044320134446,0.01865614391863346,0.33624267578125,0.16443298757076263,4.431818008422852
1740,2220.8977552093565,0.01701689139008522,0.3358612060546875,0.1515200138092041,4.059999465942383
1741,2222.1383227212355,0.017987512052059174,0.335479736328125,0.15000000596046448,3.758333206176758
1742,2223.76297924947,0.016609694808721542,0.3350982666015625,0.16880908608436584,4.638094902038574
1743,2225.0486066304147,0.016910431906580925,0.334716796875,0.15292154252529144,3.98888897895813
1744,2225.9210908096284,0.015391236171126366,0.3343353271484375,0.15390335023403168,4.185000419616699
1745,2226.7986951563507,0.017455166205763817,0.333953857421875,0.15000002086162567,3.9464287757873535
1746,2228.304620466195,0.016191275790333748,0.3335723876953125,0.14589501917362213,3.424999952316284
1747,2229.3531002858654,0.01854061894118786,0.33319091796875,0.1541038453578949,4.041666507720947
1748,2231.36792065762,0.020065385848283768,0.3328094482421875,0.16180667281150818,3.9708335399627686
1749,2233.1102714920416,0.01624826155602932,0.332427978515625,0.15850694477558136,4.217391490936279
1750,2234.5147630935535,0.015642628073692322,0.3320465087890625,0.1564648151397705,4.068000316619873
1751,2236.595055466518,0.018141312524676323,0.3316650390625,0.15494738519191742,4.460000038146973
1752,2238.473176751286,0.017049765214323997,0.3312835693359375,0.1688927859067917,4.722222328186035
1753,2240.988092722371,0.015328733250498772,0.330902099609375,0.1607491821050644,3.9079999923706055
1754,2243.1736865630373,0.01677824556827545,0.3305206298828125,0.16894076764583588,4.776190280914307
1755,2244.5095658097416,0.01784599758684635,0.33013916015625,0.16943906247615814,4.589473724365234
1756,2245.7316902829334,0.016758538782596588,0.3297576904296875,0.152470201253891,4.205000400543213
1757,2246.7236634902656,0.01686953194439411,0.329376220703125,0.1591985523700714,4.141666889190674
1758,2247.824419519864,0.017076008021831512,0.3289947509765625,0.16197438538074493,4.375
1759,2248.6596044534817,0.015205679461359978,0.32861328125,0.1753246784210205,4.805263519287109
1760,2250.333116681315,0.016882415860891342,0.3282318115234375,0.1627737134695053,4.518749713897705
1761,2251.3169138701633,0.017927953973412514,0.327850341796875,0.1538461595773697,4.0428571701049805
1762,2252.8673290899023,0.015488450415432453,0.3274688720703125,0.15083055198192596,3.9720001220703125
1763,2253.720815290697,0.01719607040286064,0.32708740234375,0.1629432737827301,4.395454406738281
1764,2255.1106337718666,0.01980309747159481,0.3267059326171875,0.15791304409503937,4.335000038146973
1765,2255.995274843648,0.016988616436719894,0.326324462890625,0.15647773444652557,4.464705467224121
1766,2258.6029983358458,0.018375223502516747,0.3259429931640625,0.1645328849554062,4.180952548980713
1767,2260.568685453385,0.015098457224667072,0.3255615234375,0.1608695685863495,4.3428568840026855
1768,2262.3360714446753,0.01416966412216425,0.3251800537109375,0.16594980657100677,4.116000175476074
1769,2263.1803588578478,0.014492153190076351,0.324798583984375,0.15350554883480072,4.452381134033203
1770,2264.784294243902,0.01657206006348133,0.3244171142578125,0.1538819670677185,3.8826088905334473
1771,2266.1724907159805,0.016550788655877113,0.32403564453125,0.15265624225139618,3.8518519401550293
1772,2267.0478702755645,0.019392134621739388,0.3236541748046875,0.15290698409080505,4.4066667556762695
1773,2268.220642434433,0.01698964834213257,0.323272705078125,0.15644653141498566,4.229166507720947
1774,2269.6680194130167,0.016070852056145668,0.3228912353515625,0.15903955698013306,3.7666666507720947
1775,2270.7372789531946,0.01790819875895977,0.322509765625,0.14729492366313934,4.09499979019165
1776,2271.9220883157104,0.015923265367746353,0.3221282958984375,0.14982818067073822,3.880000114440918
1777,2272.885765723884,0.017293905839323997,0.321746826171875,0.15805421769618988,3.965217351913452
1778,2274.9828123375773,0.016920646652579308,0.3213653564453125,0.14470773935317993,3.767857074737549
1779,2276.30115856044,0.016240838915109634,0.32098388671875,0.15725307166576385,4.017391204833984
1780,2277.4599902257323,0.013466750271618366,0.3206024169921875,0.15738539397716522,4.004545211791992
1781,2278.558496583253,0.018029188737273216,0.320220947265625,0.15135134756565094,3.950000286102295
1782,2280.5182967046276,0.017619909718632698,0.3198394775390625,0.16451048851013184,4.3125
1783,2281.403929037042,0.016540279611945152,0.3194580078125,0.15917356312274933,4.199999809265137
1784,2282.2724679224193,0.01630302704870701,0.3190765380859375,0.1613074094057083,4.427777290344238
1785,2283.3146668309346,0.017449844628572464,0.318695068359375,0.14968353509902954,4.0523810386657715
1786,2284.182360687293,0.01743737980723381,0.3183135986328125,0.15730337798595428,4.039999961853027
1787,2285.6646630354226,0.01898851990699768,0.31793212890625,0.15419255197048187,3.844444513320923
1788,2286.777741348371,0.014393978752195835,0.3175506591796875,0.16149252653121948,4.161538600921631
1789,2288.0468034632504,0.01825648732483387,0.317169189453125,0.14862681925296783,3.8692307472229004
1790,2290.2396371420473,0.01673484593629837,0.3167877197265625,0.15390625596046448,3.855999708175659
1791,2292.0000086454675,0.0142543138936162,0.31640625,0.16783832013607025,4.2272725105285645
1792,2292.9432564089075,0.014387175440788269,0.3160247802734375,0.14781250059604645,4.05384635925293
1793,2294.9816209850833,0.016102414578199387,0.315643310546875,0.16367042064666748,4.066666603088379
1794,2295.863397665322,0.016240935772657394,0.3152618408203125,0.1518707424402237,4.310526371002197
1795,2297.524052232504,0.016984516754746437,0.31488037109375,0.1691756397485733,4.279999732971191
1796,2299.165165768005,0.016650784760713577,0.3144989013671875,0.1447971761226654,4.237500190734863
1797,2300.606988221407,0.015676800161600113,0.314117431640625,0.16303318738937378,3.8499996662139893
1798,2301.861541584134,0.015989653766155243,0.3137359619140625,0.1622605323791504,4.688235759735107
1799,2303.544895107858,0.014144119806587696,0.3133544921875,0.17318838834762573,4.659090518951416
1800,2304.397772990167,0.01818803697824478,0.3129730224609375,0.1533222645521164,4.018181800842285
1801,2305.286254910752,0.016863184049725533,0.312591552734375,0.15616001188755035,4.069565296173096
1802,2306.3016193518415,0.016323162242770195,0.3122100830078125,0.15879397094249725,4.134782791137695
1803,2307.732755915262,0.017441079020500183,0.31182861328125,0.161680668592453,4.211538314819336
1804,2308.902561876923,0.018282122910022736,0.3114471435546875,0.1622837483882904,4.291666507720947
1805,2309.8441149313003,0.01558473240584135,0.311065673828125,0.19154931604862213,5.161538124084473
1806,2310.980752438307,0.017043324187397957,0.3106842041015625,0.15830671787261963,4.400000095367432
1807,2312.1548344297335,0.017009057104587555,0.310302734375,0.16186290979385376,4.176470756530762
1808,2313.497914233245,0.016914108768105507,0.3099212646484375,0.15147265791893005,4.010714054107666
1809,2314.3698693206534,0.0175644438713789,0.309539794921875,0.1648026406764984,3.9777777194976807
1810,2315.386467839591,0.01597917452454567,0.3091583251953125,0.15553663671016693,4.394999980926514
1811,2318.0780145190656,0.0158401932567358,0.30877685546875,0.1441260576248169,3.685185432434082
1812,2318.966392563656,0.01491802092641592,0.3083953857421875,0.14611801505088806,3.6285712718963623
1813,2319.9917646404356,0.01759400963783264,0.308013916015625,0.16737863421440125,4.164999961853027
1814,2321.019136145711,0.015093403868377209,0.3076324462890625,0.1687140166759491,4.775000095367432
1815,2322.9623792394996,0.017711114138364792,0.3072509765625,0.1788053959608078,4.700000286102295
1816,2324.4956254903227,0.01847587712109089,0.3068695068359375,0.14681890606880188,4.300000190734863
1817,2325.596538159065,0.014489332213997841,0.306488037109375,0.15438899397850037,3.9200000762939453
1818,2327.008467592299,0.016780678182840347,0.3061065673828125,0.1550324559211731,4.079999923706055
1819,2328.1524699693546,0.015118803828954697,0.30572509765625,0.1561243236064911,4.163635730743408
1820,2329.063451126218,0.017450707033276558,0.3053436279296875,0.17410209774971008,4.700000286102295
1821,2330.0234286487103,0.01746937446296215,0.304962158203125,0.17374999821186066,4.386666297912598
1822,2330.9259114479646,0.016038483008742332,0.3045806884765625,0.1619718372821808,4.5722222328186035
1823,2332.331278621219,0.016370410099625587,0.30419921875,0.1525951474905014,4.295454025268555
1824,2333.194353679195,0.0166257806122303,0.3038177490234375,0.16509804129600525,4.409999847412109
1825,2335.29907239601,0.015725508332252502,0.303436279296875,0.1507745236158371,4.388888835906982
1826,2336.7882652450353,0.01834299974143505,0.3030548095703125,0.15093380212783813,3.7230772972106934
1827,2338.18844800815,0.01673089526593685,0.30267333984375,0.16509434580802917,4.284999847412109
1828,2340.040561201051,0.015146924182772636,0.3022918701171875,0.16249997913837433,4.625
1829,2341.664038481191,0.015798067674040794,0.301910400390625,0.16826923191547394,4.52222204208374
1830,2342.8208100041375,0.016269663348793983,0.3015289306640625,0.16003650426864624,4.319999694824219
1831,2343.730219114572,0.015550107695162296,0.3011474609375,0.1614982634782791,4.223809242248535
1832,2345.0651596626267,0.017306901514530182,0.3007659912109375,0.1558922678232193,4.299999713897705
1833,2346.4741062149405,0.015593896619975567,0.300384521484375,0.1606481522321701,4.02142858505249
1834,2347.4150348799303,0.01573200523853302,0.3000030517578125,0.1697952300310135,4.518181324005127
1835,2348.2390231024474,0.0157630518078804,0.29962158203125,0.15318791568279266,3.8592591285705566
1836,2349.0826794523746,0.015445754863321781,0.2992401123046875,0.15792079269886017,4.390000343322754
1837,2350.502333938144,0.017087941989302635,0.298858642578125,0.16825687885284424,4.416666030883789
1838,2352.252930931747,0.020045924931764603,0.2984771728515625,0.1593703180551529,4.003703594207764
1839,2353.7690233606845,0.015189608559012413,0.298095703125,0.16201022267341614,4.237499713897705
1840,2355.285949830897,0.015652736648917198,0.2977142333984375,0.16070111095905304,4.594444751739502
1841,2356.5760113997385,0.015689678490161896,0.297332763671875,0.16514597833156586,4.260869979858398
1842,2357.6508660884574,0.015054956078529358,0.2969512939453125,0.14767858386039734,4.090476036071777
1843,2359.195688999258,0.015432745218276978,0.29656982421875,0.15902365744113922,4.103447914123535
1844,2360.139966177754,0.013753581792116165,0.2961883544921875,0.1568221151828766,3.8399996757507324
1845,2361.277212359011,0.014988970942795277,0.295806884765625,0.15718954801559448,4.290475845336914
1846,2362.1180658191442,0.015071442350745201,0.2954254150390625,0.15560747683048248,4.079166889190674
1847,2363.0422486430034,0.01912105828523636,0.2950439453125,0.1490277796983719,3.813793420791626
1848,2364.47926180996,0.01496132556349039,0.2946624755859375,0.15700483322143555,3.953845977783203
1849,2366.3026754232123,0.015073750168085098,0.294281005859375,0.1584639549255371,4.157691955566406
1850,2367.20856983494,0.017087602987885475,0.2938995361328125,0.1521994173526764,3.714285135269165
1851,2368.630698177032,0.01705123484134674,0.29351806640625,0.15946842730045319,4.052631378173828
1852,2369.615891817957,0.014718223363161087,0.2931365966796875,0.15478548407554626,4.02400016784668
1853,2371.310016020201,0.016035135835409164,0.292755126953125,0.159882590174675,4.3210530281066895
1854,2372.209086646326,0.014707515016198158,0.2923736572265625,0.15765921771526337,4.324999809265137
1855,2373.7340148231015,0.01465753372758627,0.2919921875,0.16209676861763,4.065384387969971
1856,2375.1286195395514,0.01665734313428402,0.2916107177734375,0.16467487812042236,4.408695697784424
1857,2376.012805590406,0.016704222187399864,0.291229248046875,0.16087691485881805,4.294999599456787
1858,2377.9421567320824,0.0136590376496315,0.2908477783203125,0.15528053045272827,4.21363639831543
1859,2378.9531559664756,0.015737157315015793,0.29046630859375,0.15392491221427917,4.057142734527588
1860,2380.4507496338338,0.01594367064535618,0.2900848388671875,0.14693878591060638,4.043478488922119
1861,2383.3544664187357,0.01648857071995735,0.289703369140625,0.15907692909240723,3.988461494445801
1862,2384.8302739588544,0.01495917048305273,0.2893218994140625,0.1712694764137268,5.02142858505249
1863,2385.72205492761,0.016630686819553375,0.2889404296875,0.15806986391544342,4.478947639465332
1864,2386.6061699548736,0.017500434070825577,0.2885589599609375,0.16201549768447876,3.9555552005767822
1865,2388.531077028252,0.014781256206333637,0.288177490234375,0.1563338190317154,3.9285714626312256
1866,2389.36588904541,0.014517754316329956,0.2877960205078125,0.14066265523433685,3.6777775287628174
1867,2390.739659216255,0.016720321029424667,0.28741455078125,0.16201119124889374,4.1913042068481445
1868,2392.333840432577,0.016224298626184464,0.2870330810546875,0.1689189076423645,4.729412078857422
1869,2393.411566399969,0.015907689929008484,0.286651611328125,0.1602131426334381,3.9105265140533447
1870,2394.2676267465577,0.015190701931715012,0.2862701416015625,0.15662650763988495,4.568181991577148
1871,2395.8069312246516,0.014036898501217365,0.285888671875,0.15170806646347046,3.8923075199127197
1872,2396.6525483084843,0.016244135797023773,0.2855072021484375,0.15557275712490082,3.8370373249053955
1873,2398.012989250943,0.01579464040696621,0.285125732421875,0.16221803426742554,4.636841773986816
1874,2398.887535522692,0.015601319260895252,0.2847442626953125,0.15711645781993866,4.095000267028809
1875,2400.261833101511,0.021058091893792152,0.28436279296875,0.1686832755804062,4.554999828338623
1876,2401.1628006007522,0.01752431131899357,0.2839813232421875,0.15540796518325806,4.611111164093018
1877,2402.76297617238,0.016661709174513817,0.283599853515625,0.16604360938072205,4.011538505554199
1878,2404.0801923675463,0.018818870186805725,0.2832183837890625,0.17425373196601868,4.619999885559082
1879,2405.0738289831206,0.013950547203421593,0.2828369140625,0.15677966177463531,4.345000267028809
1880,2406.6354267392308,0.016353240236639977,0.2824554443359375,0.14313186705112457,3.66428542137146
1881,2407.676777294837,0.015266924165189266,0.282073974609375,0.15296736359596252,3.7714288234710693
1882,2409.450753148645,0.017436252906918526,0.2816925048828125,0.16737043857574463,4.223809242248535
1883,2412.4873763304204,0.015300101600587368,0.28131103515625,0.15133531391620636,4.064000129699707
1884,2414.858998116106,0.01593705639243126,0.2809295654296875,0.16767317056655884,4.266666412353516
1885,2416.4763605510816,0.015132440254092216,0.280548095703125,0.14413145184516907,4.1080002784729
1886,2417.6675222674385,0.016680559143424034,0.2801666259765625,0.16056571900844574,3.896153688430786
1887,2418.5370396431535,0.014714152552187443,0.27978515625,0.15841393172740936,4.622221946716309
1888,2419.3760792259127,0.015311653725802898,0.2794036865234375,0.17159278690814972,4.17307710647583
1889,2420.74761993438,0.014713232405483723,0.279022216796875,0.1639718860387802,4.399999618530273
1890,2421.6266783075407,0.017657438293099403,0.2786407470703125,0.15144312381744385,4.086956024169922
1891,2423.688546573743,0.017982877790927887,0.27825927734375,0.15102361142635345,3.944444417953491
1892,2424.5566795850173,0.01751120015978813,0.2778778076171875,0.16829268634319305,4.308333396911621
1893,2425.9963369248435,0.014505655504763126,0.277496337890625,0.15623903274536133,4.159090995788574
1894,2428.1742328628898,0.01811913214623928,0.2771148681640625,0.1619137078523636,4.435294151306152
1895,2429.3082096381113,0.015406649559736252,0.2767333984375,0.17686115205287933,4.910526275634766
1896,2430.7991980370134,0.01704500801861286,0.2763519287109375,0.16221372783184052,4.438889026641846
1897,2431.682085414417,0.01608247123658657,0.275970458984375,0.15925925970077515,4.047999858856201
1898,2433.066538184881,0.016253044828772545,0.2755889892578125,0.152985081076622,3.892592430114746
1899,2433.962805981748,0.017352554947137833,0.27520751953125,0.16706687211990356,4.306249618530273
1900,2434.8573286123574,0.015267446637153625,0.2748260498046875,0.1543283462524414,4.046875
1901,2436.0914826905355,0.015864867717027664,0.274444580078125,0.15279999375343323,3.9454543590545654
1902,2436.9664429379627,0.02009540982544422,0.2740631103515625,0.14850863814353943,4.222222328186035
1903,2438.0793218426406,0.01419255044311285,0.273681640625,0.16103896498680115,4.133333206176758
1904,2438.961785173975,0.018493039533495903,0.2733001708984375,0.14797978103160858,3.8249998092651367
1905,2440.3449889887124,0.015487289987504482,0.272918701171875,0.16537754237651825,4.414999961853027
1906,2443.1095407390967,0.014888162724673748,0.2725372314453125,0.16011029481887817,4.409090995788574
1907,2444.826458158903,0.015935201197862625,0.27215576171875,0.16152450442314148,4.090476036071777
1908,2446.8468111203983,0.013697451911866665,0.2717742919921875,0.15285935997962952,3.9652175903320312
1909,2448.429481178522,0.014631939120590687,0.271392822265625,0.15677964687347412,4.195652008056641
1910,2449.8566609378904,0.01361547689884901,0.2710113525390625,0.15848708152770996,4.094736576080322
1911,2451.5221806103364,0.015297782607376575,0.2706298828125,0.17354950308799744,4.399999618530273
1912,2453.719308555126,0.014020728878676891,0.2702484130859375,0.15966543555259705,4.53636360168457
1913,2454.554014287889,0.016732800751924515,0.269866943359375,0.14146342873573303,3.917390823364258
1914,2455.390848202631,0.015046654269099236,0.2694854736328125,0.16026058793067932,3.936363458633423
1915,2456.2704732781276,0.017057064920663834,0.26910400390625,0.17197899520397186,4.585000038146973
1916,2457.4524720543995,0.015568631701171398,0.2687225341796875,0.15315315127372742,3.8479998111724854
1917,2458.79830349423,0.01749803125858307,0.268341064453125,0.15087440609931946,4.0409088134765625
1918,2459.6586621087044,0.01424171682447195,0.2679595947265625,0.15849056839942932,4.1519999504089355
1919,2460.803474101238,0.019475320354104042,0.267578125,0.16444805264472961,4.003846168518066
1920,2462.1134345596656,0.015560383908450603,0.2671966552734375,0.14686131477355957,3.896296262741089
1921,2463.2717589819804,0.014836697839200497,0.266815185546875,0.14910978078842163,3.6499998569488525
1922,2464.159727195278,0.01694980263710022,0.2664337158203125,0.15837322175502777,4.2153849601745605
1923,2465.599507356994,0.01450475212186575,0.26605224609375,0.16520211100578308,4.0227274894714355
1924,2466.771339592524,0.013710769824683666,0.2656707763671875,0.16161289811134338,4.447826385498047
1925,2467.84194979351,0.014090871438384056,0.265289306640625,0.15867158770561218,4.225000381469727
1926,2469.4388504214585,0.014469507150352001,0.2649078369140625,0.14992888271808624,3.739285707473755
1927,2471.222010203637,0.014727244153618813,0.2645263671875,0.16342857480049133,4.46999979019165
1928,2472.3487415099517,0.01463386695832014,0.2641448974609375,0.1575949490070343,3.9347829818725586
1929,2473.2359629068524,0.015098593197762966,0.263763427734375,0.17229127883911133,4.699999809265137
1930,2475.348278682679,0.016462821513414383,0.2633819580078125,0.15308640897274017,3.625
1931,2477.4051020434126,0.01646100915968418,0.26300048828125,0.1481751799583435,3.9692306518554688
1932,2479.911515230313,0.016606256365776062,0.2626190185546875,0.15800318121910095,3.8916666507720947
1933,2480.779002137482,0.015962675213813782,0.262237548828125,0.16712872684001923,4.414999961853027
1934,2481.7314062621444,0.01755375787615776,0.2618560791015625,0.16633857786655426,4.742105007171631
1935,2484.474911911413,0.01723155565559864,0.261474609375,0.15015822649002075,4.02222204208374
1936,2485.661510487087,0.014642064459621906,0.2610931396484375,0.16807016730308533,4.316667079925537
1937,2487.0826373975724,0.017559144645929337,0.260711669921875,0.1702846884727478,4.424999713897705
1938,2487.971772740595,0.01646999642252922,0.2603302001953125,0.14369884133338928,3.871999740600586
1939,2489.1407175781205,0.014076917432248592,0.25994873046875,0.15207438170909882,3.817857027053833
1940,2490.490936525166,0.014082026667892933,0.2595672607421875,0.1576922982931137,3.8714282512664795
1941,2491.424438275397,0.016751883551478386,0.259185791015625,0.17073608934879303,4.846153736114502
1942,2492.3056491054595,0.01591077260673046,0.2588043212890625,0.16379870474338531,4.255171775817871
1943,2494.1143864747137,0.015823066234588623,0.2584228515625,0.1576419323682785,3.880000352859497
1944,2495.4928678674623,0.015648452565073967,0.2580413818359375,0.15854838490486145,4.270833492279053
1945,2496.5130610158667,0.016468273475766182,0.257659912109375,0.16672354936599731,3.9407410621643066
1946,2498.175708759576,0.01638038642704487,0.2572784423828125,0.1549319624900818,4.465217113494873
1947,2499.342405980453,0.013984275981783867,0.25689697265625,0.16577285528182983,4.111538887023926
1948,2500.2838138900697,0.016150042414665222,0.2565155029296875,0.15362319350242615,4.025000095367432
1949,2501.1665937211365,0.01521746814250946,0.256134033203125,0.16239461302757263,3.990476369857788
1950,2503.179249760695,0.01414630375802517,0.2557525634765625,0.17340825498104095,4.829999923706055
1951,2504.477078928612,0.01598077267408371,0.25537109375,0.15035460889339447,4.123809337615967
1952,2505.3515280457214,0.014369245618581772,0.2549896240234375,0.16484849154949188,4.5199995040893555
1953,2506.39057068713,0.015338373370468616,0.254608154296875,0.17148937284946442,4.568749904632568
1954,2508.030671653338,0.015834948047995567,0.2542266845703125,0.17099642753601074,4.525000095367432
1955,2509.829611760564,0.01455049216747284,0.25384521484375,0.15989847481250763,4.3423075675964355
1956,2510.974852507934,0.01647069863975048,0.2534637451171875,0.15782208740711212,4.047825813293457
1957,2511.8943652054295,0.014841921627521515,0.253082275390625,0.16049382090568542,4.369999885559082
1958,2513.0049230111763,0.014797818847000599,0.2527008056640625,0.16284246742725372,4.365217685699463
1959,2514.897556562908,0.014776484109461308,0.2523193359375,0.1541970819234848,3.7350001335144043
1960,2515.783903984353,0.015570973977446556,0.2519378662109375,0.15759259462356567,4.574999809265137
1961,2517.2247052593157,0.017908258363604546,0.251556396484375,0.16346749663352966,3.9000000953674316
1962,2518.609582080506,0.018994498997926712,0.2511749267578125,0.15609349310398102,4.295833110809326
1963,2520.19350001961,0.013352504000067711,0.25079345703125,0.15793780982494354,4.0920000076293945
1964,2521.383063873276,0.017138712108135223,0.2504119873046875,0.15401460230350494,4.027777671813965
1965,2522.413263480179,0.014969375915825367,0.250030517578125,0.160983607172966,4.3578948974609375
1966,2523.5557335689664,0.016094261780381203,0.2496490478515625,0.15996885299682617,4.116666316986084
1967,2524.760638409294,0.01549078430980444,0.249267578125,0.15635839104652405,3.9518518447875977
1968,2526.398653842509,0.013454185798764229,0.2488861083984375,0.1577933430671692,3.9925920963287354
1969,2527.494766872376,0.014752982184290886,0.248504638671875,0.17202380299568176,4.815789699554443
1970,2529.72669377923,0.015397362411022186,0.2481231689453125,0.16055363416671753,4.218181610107422
1971,2531.283809548244,0.016618996858596802,0.24774169921875,0.1549815535545349,4.147058963775635
1972,2532.7449281271547,0.01682428829371929,0.2473602294921875,0.16699834167957306,4.449999809265137
1973,2533.6664887554944,0.014977234415709972,0.246978759765625,0.15264083445072174,4.15217399597168
1974,2535.3208157932386,0.01336156390607357,0.2465972900390625,0.1645614206790924,4.3173909187316895
1975,2536.9588707722723,0.014860191382467747,0.2462158203125,0.15306124091148376,4.155999660491943
1976,2538.0990867903456,0.015726633369922638,0.2458343505859375,0.15688073635101318,3.9576923847198486
1977,2539.5395901696756,0.015314011834561825,0.245452880859375,0.1595330834388733,4.474999904632568
1978,2540.6027035275474,0.015573697164654732,0.2450714111328125,0.1620229035615921,4.310526371002197
1979,2541.59754762426,0.015536176972091198,0.24468994140625,0.15837478637695312,4.1583333015441895
1980,2542.9675394808874,0.016863834112882614,0.2443084716796875,0.15286624431610107,3.6875
1981,2544.1181023130193,0.014055473729968071,0.243927001953125,0.16614311933517456,4.554545879364014
1982,2545.0028514498845,0.014937113039195538,0.2435455322265625,0.15709514915943146,4.2708330154418945
1983,2546.1642196197063,0.013739832676947117,0.2431640625,0.15913791954517365,3.8652172088623047
1984,2547.046278848313,0.014090785756707191,0.2427825927734375,0.1573825627565384,4.422727584838867
1985,2549.1137223020196,0.015611506998538971,0.242401123046875,0.15730705857276917,4.060869216918945
1986,2551.1898225117475,0.013370904140174389,0.2420196533203125,0.16359299421310425,4.0923075675964355
1987,2552.2094852635637,0.014445853419601917,0.24163818359375,0.16449135541915894,4.5842108726501465
1988,2554.724643625319,0.0140299741178751,0.2412567138671875,0.16850094497203827,4.5176472663879395
1989,2555.60642056074,0.0157761350274086,0.240875244140625,0.15272726118564606,4.149999618530273
1990,2556.4255329333246,0.018983324989676476,0.2404937744140625,0.1705000102519989,4.177273273468018
1991,2557.2914579650387,0.015934986993670464,0.2401123046875,0.16494843363761902,4.173076629638672
1992,2558.111554353498,0.016352562233805656,0.2397308349609375,0.14928001165390015,4.195000171661377
1993,2559.9504959648475,0.01695592701435089,0.239349365234375,0.15513043105602264,3.884615421295166
1994,2561.5326653569937,0.013021820224821568,0.2389678955078125,0.16502733528614044,4.490476131439209
1995,2562.8783087609336,0.015792496502399445,0.23858642578125,0.1584843546152115,4.180952072143555
1996,2563.9693982303143,0.01613135077059269,0.2382049560546875,0.16187624633312225,4.252381324768066
1997,2565.048428934999,0.015301341190934181,0.237823486328125,0.15830449759960175,4.304999828338623
1998,2566.2287104083225,0.015006670728325844,0.2374420166015625,0.18052738904953003,4.766665935516357
1999,2567.1197701152414,0.014494960196316242,0.237060546875,0.1596345603466034,4.226086616516113
2000,2568.36455028411,0.01419422123581171,0.2366790771484375,0.15044091641902924,4.128571510314941
2001,2569.9231414608657,0.015899214893579483,0.236297607421875,0.15572389960289001,4.087500095367432
2002,2570.818395167589,0.014313310384750366,0.2359161376953125,0.16247689723968506,4.335000038146973
2003,2572.0182903902605,0.016283521428704262,0.23553466796875,0.15889261662960052,4.112499713897705
2004,2573.035685188137,0.0150076225399971,0.2351531982421875,0.15650078654289246,3.9782607555389404
2005,2574.837249720469,0.016721155494451523,0.234771728515625,0.16499215364456177,4.209090709686279
2006,2577.0395099204034,0.017294153571128845,0.2343902587890625,0.15282486379146576,3.8625001907348633
2007,2577.8959345417097,0.015264475718140602,0.2340087890625,0.1621621549129486,4.180952548980713
2008,2578.931262930855,0.015520364046096802,0.2336273193359375,0.1600993424654007,4.700000286102295
2009,2581.4858762212098,0.014172704890370369,0.233245849609375,0.15329428017139435,3.8633334636688232
2010,2582.412137948908,0.01310707163065672,0.2328643798828125,0.15714286267757416,3.9200000762939453
2011,2583.8257971620187,0.016221513971686363,0.23248291015625,0.18154507875442505,5.006250381469727
2012,2585.0200410392135,0.018570687621831894,0.2321014404296875,0.155984565615654,4.55555534362793
2013,2587.2396503835917,0.016139602288603783,0.231719970703125,0.17194493114948273,4.439130783081055
2014,2589.022913856432,0.01758009009063244,0.2313385009765625,0.15964628756046295,4.260000228881836
2015,2590.4900732878596,0.015289051458239555,0.23095703125,0.1626315712928772,3.9434781074523926
2016,2592.058499928564,0.016922086477279663,0.2305755615234375,0.16483871638774872,4.4599995613098145
2017,2593.3554154550657,0.015277665108442307,0.230194091796875,0.15928570926189423,4.328571319580078
2018,2595.2463724287227,0.016589932143688202,0.2298126220703125,0.16895972192287445,4.50869607925415
2019,2596.128471447155,0.016137368977069855,0.22943115234375,0.1509646326303482,3.7653841972351074
2020,2597.3239974835888,0.014653698541224003,0.2290496826171875,0.1499127447605133,4.079166412353516
2021,2599.037587597035,0.014056251384317875,0.228668212890625,0.14795143902301788,3.57619047164917
2022,2600.0729066608474,0.014406575821340084,0.2282867431640625,0.15865670144557953,3.9576921463012695
2023,2600.9815722564235,0.015860935673117638,0.2279052734375,0.15888001024723053,4.048148155212402
2024,2602.042514620349,0.0158854890614748,0.2275238037109375,0.16150084137916565,4.328000068664551
2025,2603.2598041174933,0.01576092466711998,0.227142333984375,0.1552906185388565,4.088461399078369
2026,2604.144756826572,0.015607805922627449,0.2267608642578125,0.16131623089313507,4.0807695388793945
2027,2605.0569922551513,0.017145713791251183,0.22637939453125,0.16382978856563568,4.586666584014893
2028,2606.450917736627,0.01448832731693983,0.2259979248046875,0.1610337793827057,4.472222328186035
2029,2607.53488726262,0.014717381447553635,0.225616455078125,0.1714007705450058,4.67222261428833
2030,2608.9614749243483,0.016274407505989075,0.2252349853515625,0.16087718307971954,4.547368049621582
2031,2610.043015914038,0.014356393367052078,0.224853515625,0.16249999403953552,4.1045451164245605
2032,2611.0653445087373,0.01814211905002594,0.2244720458984375,0.15750421583652496,4.150000095367432
2033,2612.098549252376,0.0158196073025465,0.224090576171875,0.16736112534999847,4.408332824707031
2034,2613.0295636123046,0.015566268004477024,0.2237091064453125,0.15454544126987457,4.109090805053711
2035,2615.0541832745075,0.017328914254903793,0.22332763671875,0.17027026414871216,4.386956691741943
2036,2616.496767940931,0.014476646669209003,0.2229461669921875,0.15691488981246948,4.480000019073486
2037,2617.5755933690816,0.012727471068501472,0.222564697265625,0.16555120050907135,4.168420314788818
2038,2619.1511482242495,0.01569542847573757,0.2221832275390625,0.1600000113248825,4.424999713897705
2039,2620.808966876939,0.01740538887679577,0.2218017578125,0.16349206864833832,4.295651435852051
2040,2622.1311798933893,0.014536972157657146,0.2214202880859375,0.16401225328445435,4.17391300201416
2041,2624.7592033334076,0.015305334702134132,0.221038818359375,0.15171819925308228,4.041666507720947
2042,2626.1279291063547,0.01442194264382124,0.2206573486328125,0.15703840553760529,4.0333333015441895
2043,2627.191881434992,0.017383214086294174,0.22027587890625,0.14543919265270233,3.9789469242095947
2044,2628.132247853093,0.016126055270433426,0.2198944091796875,0.16453126072883606,4.114285469055176
2045,2629.068652817048,0.013997888192534447,0.219512939453125,0.15731707215309143,4.355556011199951
2046,2629.9314673561603,0.01581021398305893,0.2191314697265625,0.1674215942621231,4.450000286102295
2047,2632.025468644686,0.016181040555238724,0.21875,0.1609756052494049,4.022222518920898
2048,2632.885149795562,0.014051795937120914,0.2183685302734375,0.16732673346996307,4.25
2049,2634.6256523802876,0.014979398809373379,0.217987060546875,0.16361866891384125,4.820000171661377
2050,2635.957267638296,0.016999538987874985,0.2176055908203125,0.15919119119644165,4.247826099395752
2051,2636.8673402173445,0.015579032711684704,0.21722412109375,0.15942275524139404,4.095454692840576
2052,2637.7556789899245,0.017090458422899246,0.2168426513671875,0.16243740916252136,4.3086957931518555
2053,2638.9951156182215,0.01683250442147255,0.216461181640625,0.16557377576828003,4.48421049118042
2054,2639.8747439505532,0.015608482994139194,0.2160797119140625,0.16897960007190704,4.793749809265137
2055,2640.759821555577,0.01563103310763836,0.2156982421875,0.15855999290943146,4.256521701812744
2056,2642.37594719138,0.014913300983607769,0.2153167724609375,0.16391751170158386,4.126923084259033
2057,2643.693492955528,0.014192753471434116,0.214935302734375,0.17211982607841492,4.91249942779541
2058,2644.745661219582,0.014450795948505402,0.2145538330078125,0.18319502472877502,5.34999942779541
2059,2645.741057851352,0.01629866473376751,0.21417236328125,0.16006769239902496,4.43684196472168
2060,2647.1539928475395,0.013879619538784027,0.2137908935546875,0.1574779897928238,3.971428394317627
2061,2648.9703736212105,0.01605520211160183,0.213409423828125,0.17243242263793945,4.296000003814697
2062,2649.8500540414825,0.014723207801580429,0.2130279541015625,0.16049180924892426,4.4043474197387695
2063,2651.878835361451,0.013422408141195774,0.212646484375,0.1571885049343109,4.038461685180664
2064,2653.8193807536736,0.015004951506853104,0.2122650146484375,0.18589743971824646,5.220000267028809
2065,2655.9556324025616,0.014404887333512306,0.211883544921875,0.1649557501077652,4.766666889190674
2066,2657.097588336095,0.013145615346729755,0.2115020751953125,0.16678383946418762,4.244443893432617
2067,2658.9826876856387,0.01713928021490574,0.21112060546875,0.1594383716583252,4.082608222961426
2068,2660.509973076172,0.014864515513181686,0.2107391357421875,0.167642280459404,4.390909194946289
2069,2661.6895141731948,0.015835773199796677,0.210357666015625,0.16217851638793945,4.148148059844971
2070,2662.53427328635,0.013488179072737694,0.2099761962890625,0.16201117634773254,4.662500381469727
2071,2664.1316884364933,0.01431316789239645,0.2095947265625,0.1484057903289795,3.8846147060394287
2072,2665.1709659080952,0.016636507585644722,0.2092132568359375,0.15757575631141663,3.9468746185302734
2073,2666.0830035991967,0.0153396250680089,0.208831787109375,0.1582491546869278,3.968181610107422
2074,2667.1578736612573,0.017028093338012695,0.2084503173828125,0.16267716884613037,4.133333206176758
2075,2668.0130404159427,0.016377341002225876,0.20806884765625,0.15730129182338715,4.363157749176025
2076,2668.8908380959183,0.015248585492372513,0.2076873779296875,0.16719654202461243,4.003999710083008
2077,2670.02390547283,0.015892133116722107,0.207305908203125,0.1582018882036209,4.650000095367432
2078,2670.8654986517504,0.012957938946783543,0.2069244384765625,0.15724961459636688,3.7906248569488525
2079,2672.3141487026587,0.015106108970940113,0.20654296875,0.15455904603004456,4.077272415161133
2080,2673.342601109296,0.013498347252607346,0.2061614990234375,0.16227930784225464,4.007143020629883
2081,2674.6176873510703,0.015842830762267113,0.205780029296875,0.16809336841106415,4.568421363830566
2082,2676.258344773203,0.015063025988638401,0.2053985595703125,0.16890908777713776,4.766666412353516
2083,2677.8825153810903,0.01596139185130596,0.20501708984375,0.16756756603717804,4.176190376281738
2084,2679.7863944675773,0.01519038900732994,0.2046356201171875,0.1622641533613205,4.414999961853027
2085,2681.6830302681774,0.01700311154127121,0.204254150390625,0.17513711750507355,5.061110973358154
2086,2682.832822202705,0.01359273586422205,0.2038726806640625,0.16456834971904755,4.295652389526367
2087,2684.11603883747,0.013235717080533504,0.2034912109375,0.16403846442699432,4.56315803527832
2088,2685.8900687042624,0.017715556547045708,0.2031097412109375,0.16200657188892365,4.155999660491943
2089,2687.086152009666,0.014997359365224838,0.202728271484375,0.1685412973165512,4.399999141693115
2090,2689.0053429538384,0.015163294039666653,0.2023468017578125,0.16930502653121948,4.793333530426025
2091,2689.859178015031,0.018178192898631096,0.20196533203125,0.16067072749137878,4.127999782562256
2092,2690.931242578663,0.019070634618401527,0.2015838623046875,0.16859205067157745,4.399999618530273
2093,2691.931623350829,0.015248776413500309,0.201202392578125,0.16116322576999664,4.249999523162842
2094,2693.3127971738577,0.013997788541018963,0.2008209228515625,0.1688927710056305,4.704761505126953
2095,2694.1921530077234,0.017492689192295074,0.200439453125,0.1601083129644394,4.354999542236328
2096,2695.9210265614092,0.01297164335846901,0.2000579833984375,0.1543131023645401,3.8999998569488525
2097,2697.505519175902,0.017512647435069084,0.199676513671875,0.1550561785697937,4.081818103790283
2098,2699.2103948844597,0.014866207726299763,0.1992950439453125,0.1586206704378128,4.043478488922119
2099,2701.121401673183,0.016896424815058708,0.19891357421875,0.1523882895708084,4.262499809265137
2100,2702.2370533859357,0.01509170327335596,0.1985321044921875,0.1601286083459854,3.6560001373291016
2101,2703.589011086151,0.016440758481621742,0.198150634765625,0.163667231798172,4.365217208862305
2102,2705.363719306886,0.015340438112616539,0.1977691650390625,0.15512605011463165,4.354999542236328
2103,2706.8280138978735,0.017496727406978607,0.1973876953125,0.16293105483055115,4.1583333015441895
2104,2708.5997510515153,0.013091221451759338,0.1970062255859375,0.16312292218208313,4.130434513092041
2105,2709.9552014889196,0.013207248412072659,0.196624755859375,0.17059829831123352,4.479166507720947
2106,2711.497997386381,0.014889937825500965,0.1962432861328125,0.16304348409175873,4.163158416748047
2107,2712.4090584162623,0.017507020384073257,0.19586181640625,0.16469533741474152,4.554545879364014
2108,2713.278227970004,0.013573608361184597,0.1954803466796875,0.16551725566387177,4.633333206176758
2109,2714.654355091974,0.015042395330965519,0.195098876953125,0.16695059835910797,4.288888931274414
2110,2716.690442685038,0.015908243134617805,0.1947174072265625,0.16358381509780884,4.616666316986084
2111,2718.197698198259,0.016844017431139946,0.1943359375,0.16923077404499054,4.188889026641846
2112,2719.3825527206063,0.01476243045181036,0.1939544677734375,0.15742725133895874,4.121739387512207
2113,2720.7904397230595,0.016760580241680145,0.193572998046875,0.16785047948360443,4.334782600402832
2114,2721.6913767419755,0.016710393130779266,0.1931915283203125,0.16093024611473083,4.170370578765869
2115,2722.7356393318623,0.012727933004498482,0.19281005859375,0.1562030017375946,4.1526312828063965
2116,2723.6410772195086,0.01522139087319374,0.1924285888671875,0.16851522028446198,4.271428108215332
2117,2724.5570106003433,0.011984112672507763,0.192047119140625,0.14991335570812225,4.025000095367432
2118,2725.451063387096,0.013660765253007412,0.1916656494140625,0.16097120940685272,4.329411506652832
2119,2726.3181533319876,0.015043096616864204,0.1912841796875,0.16339623928070068,4.523809432983398
2120,2728.7220911830664,0.013053297996520996,0.1909027099609375,0.1559648960828781,4.130434989929199
2121,2730.051381679252,0.014593780972063541,0.190521240234375,0.1675422042608261,4.534999847412109
2122,2732.507004032843,0.01545239519327879,0.1901397705078125,0.17159999907016754,4.9285712242126465
2123,2734.0697069289163,0.015639010816812515,0.18975830078125,0.15401145815849304,3.933333158493042
2124,2735.5026724804193,0.014139322564005852,0.1893768310546875,0.17633745074272156,4.731578826904297
2125,2736.5113291302696,0.014494718983769417,0.188995361328125,0.16499215364456177,4.203845500946045
2126,2738.791057555005,0.016221873462200165,0.1886138916015625,0.16040270030498505,4.252000331878662
2127,2739.9540054248646,0.016771811991930008,0.188232421875,0.1628318578004837,4.185000419616699
2128,2741.9280859110877,0.014619782567024231,0.1878509521484375,0.17257143557071686,4.613636493682861
2129,2743.4842638745904,0.013474574312567711,0.187469482421875,0.15928570926189423,4.329999923706055
2130,2744.3575688004494,0.014436615630984306,0.1870880126953125,0.15985533595085144,4.388235569000244
2131,2745.286131894216,0.014825421385467052,0.18670654296875,0.16726678609848022,4.3125
2132,2746.6654874682426,0.014076462015509605,0.1863250732421875,0.1679629534482956,4.508695602416992
2133,2748.3833714826033,0.014454559423029423,0.185943603515625,0.16847826540470123,4.768420696258545
2134,2750.0477550951764,0.014304800890386105,0.1855621337890625,0.16047997772693634,4.131817817687988
2135,2751.128476427868,0.014763121493160725,0.1851806640625,0.14957021176815033,3.8214282989501953
2136,2752.2845843378454,0.014352357015013695,0.1847991943359375,0.15063898265361786,4.060000419616699
2137,2753.316629363224,0.015352248214185238,0.184417724609375,0.15334369242191315,3.876922845840454
2138,2754.291550583206,0.015515703707933426,0.1840362548828125,0.16012175381183624,3.8479998111724854
2139,2755.426148327999,0.015366194769740105,0.18365478515625,0.16129569709300995,4.389999866485596
2140,2756.3374775582924,0.013544110581278801,0.1832733154296875,0.15294116735458374,3.996666669845581
2141,2757.241367254406,0.015730295330286026,0.182891845703125,0.15265487134456635,3.828571081161499
2142,2758.396554590203,0.015251364558935165,0.1825103759765625,0.17412586510181427,4.4388885498046875
2143,2759.8805704964325,0.013739692978560925,0.18212890625,0.1715579777956009,4.626087188720703
2144,2761.771558774635,0.013869321905076504,0.1817474365234375,0.1630573272705078,4.266666889190674
2145,2763.180756531656,0.01657232642173767,0.181365966796875,0.16369982063770294,4.331999778747559
2146,2764.212340913713,0.015357296913862228,0.1809844970703125,0.16912442445755005,4.9307684898376465
2147,2765.8045086879283,0.013524606823921204,0.18060302734375,0.1582770049571991,4.282608985900879
2148,2767.2968252608553,0.014551474712789059,0.1802215576171875,0.17153701186180115,4.441176414489746
2149,2768.1732871895656,0.015551850199699402,0.179840087890625,0.16142596304416656,4.628571033477783
2150,2769.0216882880777,0.01704624481499195,0.1794586181640625,0.1623052954673767,4.169230937957764
2151,2769.868780458346,0.014712648466229439,0.1790771484375,0.17440944910049438,4.46999979019165
2152,2771.7354973684996,0.01565677486360073,0.1786956787109375,0.15630114078521729,4.5227274894714355
2153,2772.9904298940673,0.01462347712367773,0.178314208984375,0.15902438759803772,3.821739435195923
2154,2774.549721688032,0.01545876543968916,0.1779327392578125,0.16636690497398376,4.344444751739502
2155,2776.259181519039,0.015310949645936489,0.17755126953125,0.16544240713119507,4.440740585327148
2156,2777.8766299039125,0.014994019642472267,0.1771697998046875,0.16966667771339417,4.61904764175415
2157,2778.72229938861,0.014086462557315826,0.176788330078125,0.16702786087989807,4.115384578704834
2158,2780.1420302921906,0.013385990634560585,0.1764068603515625,0.16247905790805817,4.275999546051025
2159,2781.1105507146567,0.015484809875488281,0.176025390625,0.1594301164150238,3.8999996185302734
2160,2782.2414499316365,0.013940997421741486,0.1756439208984375,0.15727700293064117,4.003704071044922
2161,2783.2972507271916,0.013682314194738865,0.175262451171875,0.163847416639328,4.291999816894531
2162,2784.3540170015767,0.015408405102789402,0.1748809814453125,0.15282738208770752,3.9296298027038574
2163,2785.30718418397,0.016878172755241394,0.17449951171875,0.1666666865348816,4.069230556488037
2164,2787.2675821054727,0.01315517257899046,0.1741180419921875,0.1702229231595993,4.859090805053711
2165,2788.347541344352,0.015120036900043488,0.173736572265625,0.1666077822446823,4.254166603088379
2166,2789.7152131805196,0.015940925106406212,0.1733551025390625,0.16672661900520325,4.352173805236816
2167,2790.814625257626,0.015602536499500275,0.1729736328125,0.1616257280111313,4.382352828979492
2168,2792.133980296552,0.015331720933318138,0.1725921630859375,0.17032372951507568,4.460869312286377
2169,2793.3363177282736,0.01545204408466816,0.172210693359375,0.16980110108852386,4.656521320343018
2170,2794.23893728666,0.017140500247478485,0.1718292236328125,0.16914895176887512,4.56818151473999
2171,2796.1730405073613,0.013590742833912373,0.17144775390625,0.1655709445476532,4.222726821899414
2172,2798.551055472344,0.01357705146074295,0.1710662841796875,0.16760562360286713,4.399999618530273
2173,2799.390405858867,0.013815486803650856,0.170684814453125,0.1731404811143875,4.900000095367432
2174,2800.311324214563,0.014732347801327705,0.1703033447265625,0.16063998639583588,4.4782609939575195
2175,2801.1794771486893,0.015516889281570911,0.169921875,0.16255144774913788,4.00333309173584
2176,2802.122015392408,0.014564266428351402,0.1695404052734375,0.1504143625497818,3.6466665267944336
2177,2803.0228221770376,0.014051230624318123,0.169158935546875,0.1674782633781433,4.26800012588501
2178,2804.451634108089,0.01479868683964014,0.1687774658203125,0.15982143580913544,4.510526180267334
2179,2805.670334798284,0.015370978973805904,0.16839599609375,0.16425196826457977,4.0652174949646
2180,2806.835298876278,0.017850572243332863,0.1680145263671875,0.1686643660068512,4.447999954223633
2181,2807.7403712105006,0.014429544098675251,0.167633056640625,0.1627722829580307,4.57777738571167
2182,2808.6509917778894,0.01580456644296646,0.1672515869140625,0.17546817660331726,4.649999618530273
2183,2809.552779461257,0.012916333973407745,0.1668701171875,0.16061773896217346,4.426666259765625
2184,2810.9796597734094,0.015179985202848911,0.1664886474609375,0.172648087143898,4.352381229400635
2185,2811.9138053394854,0.014673443511128426,0.166107177734375,0.158843532204628,4.443478107452393
2186,2814.405211239122,0.013733902014791965,0.1657257080078125,0.1511627733707428,3.8608694076538086
2187,2815.8871789844707,0.014096901752054691,0.16534423828125,0.16677576303482056,4.391666889190674
2188,2816.8031273353845,0.014291963540017605,0.1649627685546875,0.15959252417087555,4.295651435852051
2189,2817.6847126847133,0.013283006846904755,0.164581298828125,0.1577777862548828,3.8319997787475586
2190,2818.665810579434,0.014309597201645374,0.1641998291015625,0.17291243374347687,5.224999904632568
2191,2820.2824589852244,0.014309928752481937,0.163818359375,0.16175973415374756,4.005000114440918
2192,2821.830927846022,0.015477730892598629,0.1634368896484375,0.16026490926742554,4.133333206176758
2193,2823.111348843202,0.015310991555452347,0.163055419921875,0.15978647768497467,4.513043403625488
2194,2825.3431765977293,0.015397628769278526,0.1626739501953125,0.1728813648223877,4.449999809265137
2195,2826.343834117055,0.014239012263715267,0.16229248046875,0.16907894611358643,4.375
2196,2828.365615562536,0.01334785483777523,0.1619110107421875,0.1529790610074997,4.072727203369141
2197,2829.6423798222095,0.014565857127308846,0.161529541015625,0.16678082942962646,4.34782600402832
2198,2831.0672538643703,0.01670164242386818,0.1611480712890625,0.17256493866443634,4.4192304611206055
2199,2832.667994252406,0.014334745705127716,0.1607666015625,0.178571417927742,5.053333759307861
2200,2834.022296147421,0.013083071447908878,0.1603851318359375,0.1651705503463745,4.69523811340332
2201,2835.3486799700186,0.014138910919427872,0.160003662109375,0.17392994463443756,4.488234996795654
2202,2836.6981551302597,0.013853472657501698,0.1596221923828125,0.16311031579971313,4.476190567016602
2203,2837.9149118969217,0.013837810605764389,0.15924072265625,0.1789271980524063,4.947368621826172
2204,2839.769310818985,0.015149276703596115,0.1588592529296875,0.18160676956176758,5.237499713897705
2205,2841.122304674238,0.014192987233400345,0.158477783203125,0.16449511051177979,4.461904525756836
2206,2842.932690001093,0.014924186281859875,0.1580963134765625,0.15950919687747955,4.180769443511963
2207,2844.2413080278784,0.014486969448626041,0.15771484375,0.15472868084907532,4.012500286102295
2208,2845.543290603906,0.016135554760694504,0.1573333740234375,0.1702054888010025,4.3416666984558105
2209,2846.7073388462886,0.015066774562001228,0.156951904296875,0.16256001591682434,4.25
2210,2847.6366112278774,0.014685139060020447,0.1565704345703125,0.15934067964553833,4.066666603088379
2211,2848.5487234815955,0.014908620156347752,0.15618896484375,0.1647798717021942,4.323999881744385
2212,2849.427231551148,0.014021539129316807,0.1558074951171875,0.1651291698217392,4.427272319793701
2213,2850.7694945586845,0.012902909889817238,0.155426025390625,0.17371323704719543,4.361904621124268
2214,2851.6773513788357,0.014864502474665642,0.1550445556640625,0.15305784344673157,4.600000381469727
2215,2852.7528396155685,0.01444048061966896,0.1546630859375,0.1712280809879303,4.01304292678833
2216,2853.7998811295256,0.013720656745135784,0.1542816162109375,0.1628037393093109,4.549999713897705
2217,2855.1968790804967,0.01443436462432146,0.153900146484375,0.15964050590991974,4.179166316986084
2218,2856.9220114769414,0.014088108204305172,0.1535186767578125,0.1730700135231018,4.690000057220459
2219,2858.5210594395176,0.015930412337183952,0.15313720703125,0.16773110628128052,4.331999778747559
2220,2860.397209767252,0.013634385541081429,0.1527557373046875,0.16605839133262634,4.557894706726074
2221,2862.139286749065,0.014913312159478664,0.152374267578125,0.15652865171432495,3.8958332538604736
2222,2862.9754777019843,0.014423966407775879,0.1519927978515625,0.16155202686786652,4.518181324005127
2223,2864.004587269388,0.012893963605165482,0.151611328125,0.15435898303985596,4.171428680419922
2224,2865.927147162147,0.015126941725611687,0.1512298583984375,0.16245673596858978,4.129166603088379
2225,2867.287346395664,0.014292972162365913,0.150848388671875,0.162709042429924,4.168182373046875
2226,2868.8779274802655,0.015740996226668358,0.1504669189453125,0.17102177441120148,4.504167079925537
2227,2870.495007027872,0.012267567217350006,0.15008544921875,0.16660776734352112,4.574999809265137
2228,2872.4916997058317,0.015491864643990993,0.1497039794921875,0.163667231798172,4.233333110809326
2229,2873.4033476328477,0.01393513847142458,0.149322509765625,0.1436019092798233,3.9800000190734863
2230,2874.8505197046325,0.015924524515867233,0.1489410400390625,0.16408227384090424,3.9666666984558105
2231,2875.7447182675824,0.016928143799304962,0.1485595703125,0.1656050980091095,4.370832920074463
2232,2877.077653176151,0.013958141207695007,0.1481781005859375,0.17365491390228271,4.605000019073486
2233,2878.468366340734,0.015458454377949238,0.147796630859375,0.16171617805957794,4.335999965667725
2234,2879.5019510649145,0.015059876255691051,0.1474151611328125,0.16804635524749756,4.358333110809326
2235,2880.7888418743387,0.014718739315867424,0.14703369140625,0.1676635593175888,4.476470470428467
2236,2881.847344980575,0.0176779143512249,0.1466522216796875,0.1583198755979538,4.300000190734863
2237,2883.5478581720963,0.01414415705949068,0.146270751953125,0.17021629214286804,4.4380950927734375
2238,2884.844184135087,0.014187874272465706,0.1458892822265625,0.1642276495695114,4.281818389892578
2239,2885.83703812398,0.014558103866875172,0.1455078125,0.1540716588497162,3.996000051498413
2240,2886.7666879910976,0.014872296713292599,0.1451263427734375,0.15796849131584167,4.187499523162842
2241,2888.7656697761267,0.014426438137888908,0.144744873046875,0.15905097126960754,4.380000114440918
2242,2889.6289785373956,0.01463971845805645,0.1443634033203125,0.16905899345874786,4.3480000495910645
2243,2890.5380524275824,0.013102637603878975,0.14398193359375,0.17036423087120056,4.390476226806641
2244,2892.211324066855,0.013069184496998787,0.1436004638671875,0.16006240248680115,4.107999801635742
2245,2894.2987075671554,0.013751877471804619,0.143218994140625,0.1668458878993988,4.566666603088379
2246,2896.405604481697,0.01374080777168274,0.1428375244140625,0.16638794541358948,4.073913097381592
2247,2897.675518541597,0.015571024268865585,0.1424560546875,0.16711409389972687,4.669565200805664
2248,2899.2284170240164,0.017712190747261047,0.1420745849609375,0.1656690090894699,4.1782612800598145
2249,2900.8958795117214,0.014960016123950481,0.141693115234375,0.17140039801597595,4.929410934448242
2250,2901.8375465702266,0.015496891923248768,0.1413116455078125,0.16567862033843994,4.340000152587891
2251,2903.16268244572,0.015075594186782837,0.14093017578125,0.1710982769727707,4.638095855712891
2252,2904.0206855060533,0.015797315165400505,0.1405487060546875,0.1630573272705078,4.069565296173096
2253,2905.032801873982,0.013787430711090565,0.140167236328125,0.15882351994514465,4.119048118591309
2254,2906.112707512453,0.012940566055476665,0.1397857666015625,0.15165354311466217,3.987999677658081
2255,2907.6805521864444,0.014251229353249073,0.139404296875,0.17100000381469727,4.250000476837158
2256,2909.2672925256193,0.01407037302851677,0.1390228271484375,0.16895943880081177,4.704347133636475
2257,2910.640397575684,0.014701439067721367,0.138641357421875,0.16389350593090057,4.2272725105285645
2258,2912.3069662284106,0.015601452440023422,0.1382598876953125,0.1751565784215927,5.168749809265137
2259,2913.2027286728844,0.014528884552419186,0.13787841796875,0.16072991490364075,3.9827582836151123
2260,2914.2435497650877,0.014350665733218193,0.1374969482421875,0.1603478193283081,4.280951976776123
2261,2915.1761937830597,0.013423897325992584,0.137115478515625,0.1618834137916565,4.219231128692627
2262,2916.626659645699,0.014728814363479614,0.1367340087890625,0.17010870575904846,4.363157749176025
2263,2917.748432017863,0.011799859814345837,0.1363525390625,0.1650959849357605,4.352380752563477
2264,2918.7878265678883,0.014947441406548023,0.1359710693359375,0.16088280081748962,4.129629611968994
2265,2920.6092736795545,0.013153654523193836,0.135589599609375,0.17117834091186523,4.208695411682129
2266,2922.5230851816013,0.01222998183220625,0.1352081298828125,0.1636904925107956,4.815789699554443
2267,2925.004386198707,0.01589054986834526,0.13482666015625,0.17369309067726135,4.408695697784424
2268,2926.396033517085,0.013580333441495895,0.1344451904296875,0.16996587812900543,4.695833206176758
2269,2927.4016659520566,0.014641462825238705,0.134063720703125,0.17563177645206451,4.619999885559082
2270,2928.808011985384,0.015268987976014614,0.1336822509765625,0.15309734642505646,4.1043477058410645
2271,2930.490245413035,0.013688222505152225,0.13330078125,0.17849265038967133,4.433332920074463
2272,2931.3880540691316,0.01619645021855831,0.1329193115234375,0.1640595942735672,4.339999675750732
2273,2933.0782477259636,0.015467378310859203,0.132537841796875,0.17255276441574097,4.831579208374023
2274,2934.7836212823167,0.015585782937705517,0.1321563720703125,0.15933683514595032,4.363636493682861
2275,2936.1930784685537,0.014962445944547653,0.13177490234375,0.17287448048591614,4.39411735534668
2276,2937.076902119443,0.01644383929669857,0.1313934326171875,0.1719864159822464,4.650000095367432
2277,2938.621850753203,0.013619143515825272,0.131011962890625,0.16486486792564392,4.461905002593994
2278,2940.0618899660185,0.014808491803705692,0.1306304931640625,0.16823528707027435,4.628571510314941
2279,2941.7467557406053,0.014705823734402657,0.1302490234375,0.17043009400367737,4.222222328186035
2280,2943.3525349665433,0.013671733438968658,0.1298675537109375,0.1637820452451706,4.716666221618652
2281,2944.6232398683205,0.013000629842281342,0.129486083984375,0.15758563578128815,3.955172300338745
2282,2945.5407803962007,0.01353628933429718,0.1291046142578125,0.1639123111963272,4.4782609939575195
2283,2946.8745868122205,0.014091321267187595,0.12872314453125,0.16019900143146515,4.119999885559082
2284,2948.0239812657237,0.013435552828013897,0.1283416748046875,0.172419935464859,4.41304349899292
2285,2948.923652078025,0.016071094200015068,0.127960205078125,0.15854838490486145,4.259999752044678
2286,2950.447672843002,0.012597169727087021,0.1275787353515625,0.16227927803993225,4.0799994468688965
2287,2952.075649502687,0.014620731584727764,0.127197265625,0.1626841425895691,4.15384578704834
2288,2953.2686531906947,0.014694174751639366,0.1268157958984375,0.165350079536438,4.384210586547852
2289,2954.2615354722366,0.014650522731244564,0.126434326171875,0.1578800529241562,4.028571128845215
2290,2955.286212798208,0.013346059247851372,0.1260528564453125,0.1625216007232666,4.127273082733154
2291,2956.5509792501107,0.014471718110144138,0.12567138671875,0.1579778790473938,4.227999687194824
2292,2957.9213093416765,0.014244960620999336,0.1252899169921875,0.16330577433109283,4.073913097381592
2293,2958.804280307144,0.015252994373440742,0.12490880489349365,0.16151076555252075,4.5409088134765625
2294,2959.8141530063003,0.014582641422748566,0.12452882528305054,0.16861788928508759,4.259090900421143
2295,2960.988213927485,0.016387760639190674,0.12414884567260742,0.16244275867938995,3.9159996509552
2296,2963.174763274379,0.01507007796317339,0.1237688660621643,0.15941359102725983,4.441666126251221
2297,2964.0256197601557,0.013203375972807407,0.12338888645172119,0.16696588695049286,4.124000072479248
2298,2964.899643796496,0.016561666503548622,0.12300890684127808,0.16529081761837006,4.590909004211426
2299,2966.5739699620754,0.013022641651332378,0.12262892723083496,0.16206225752830505,4.373683929443359
2300,2968.4132326003164,0.016055218875408173,0.12224894762039185,0.17106229066848755,4.649999618530273
2301,2969.2962560942397,0.014650641940534115,0.12186896800994873,0.16928213834762573,4.43181848526001
2302,2970.632101765834,0.01552539598196745,0.12148898839950562,0.16230367124080658,4.633333206176758
2303,2971.518268494867,0.013550647534430027,0.1211090087890625,0.16994906961917877,4.236000061035156
2304,2972.4188921442255,0.014573595486581326,0.12072902917861938,0.1689591258764267,4.090000629425049
2305,2973.3206308251247,0.015453235246241093,0.12034904956817627,0.17290322482585907,4.92380952835083
2306,2974.8505732389167,0.014274674467742443,0.11996906995773315,0.1696649044752121,4.495833396911621
2307,2976.7240612152964,0.014367853291332722,0.11958909034729004,0.16644181311130524,4.328571319580078
2308,2977.879736826755,0.016136040911078453,0.11920911073684692,0.1714545339345932,4.217391490936279
2309,2980.039741775021,0.014307801611721516,0.11882913112640381,0.17599308490753174,4.904761791229248
2310,2981.720646655187,0.01388813927769661,0.1184491515159607,0.1616923063993454,4.169565200805664
2311,2982.7255814895034,0.01463735569268465,0.11806917190551758,0.1611475646495819,4.15217399597168
2312,2983.64865222387,0.016430487856268883,0.11768919229507446,0.15392155945301056,4.128571033477783
2313,2985.0613270550966,0.013890963979065418,0.11730921268463135,0.17172285914421082,4.375
2314,2986.094867293723,0.015480438247323036,0.11692923307418823,0.1611691117286682,4.712500095367432
2315,2986.9593630386516,0.015105575323104858,0.11654925346374512,0.1577811986207962,4.115384101867676
2316,2988.3740481995046,0.013396824710071087,0.116169273853302,0.16502462327480316,4.300000190734863
2317,2990.391400374472,0.012567482888698578,0.11578929424285889,0.16550280153751373,4.2814812660217285
2318,2991.337655951269,0.013130760751664639,0.11540931463241577,0.16520076990127563,4.195833683013916
2319,2992.829839101061,0.014678679406642914,0.11502933502197266,0.16406533122062683,4.549999713897705
2320,2994.166205166839,0.014193439856171608,0.11464935541152954,0.1623052954673767,3.941666603088379
2321,2995.2352331439033,0.014891424216330051,0.11426937580108643,0.1640569269657135,4.573683738708496
2322,2996.2358242338523,0.013778329826891422,0.11388939619064331,0.16433824598789215,4.204761505126953
2323,2998.116770508699,0.014061866328120232,0.1135094165802002,0.16390423476696014,4.486363410949707
2324,2999.461985025555,0.013873608782887459,0.11312943696975708,0.16949152946472168,4.559999942779541
2325,3000.8017051955685,0.013316934928297997,0.11274945735931396,0.1586092710494995,4.069565296173096
2326,3002.2245961539447,0.012528440915048122,0.11236947774887085,0.17167967557907104,4.676190376281738
2327,3003.8229580260813,0.012633868493139744,0.11198949813842773,0.15227273106575012,3.961538076400757
2328,3005.04560331814,0.013002420775592327,0.11160951852798462,0.1648312658071518,4.295238494873047
2329,3006.8156077424064,0.013830435462296009,0.1112295389175415,0.17859920859336853,4.855555534362793
2330,3008.3973244521767,0.015581375919282436,0.11084955930709839,0.15812808275222778,4.252381324768066
2331,3009.323558099568,0.011815225705504417,0.11046957969665527,0.16526314616203308,4.349999904632568
2332,3010.235017686151,0.012791805900633335,0.11008960008621216,0.16428570449352264,4.34499979019165
2333,3012.322128410451,0.015909375622868538,0.10970962047576904,0.16096095740795135,4.119231224060059
2334,3013.804501272738,0.014593847095966339,0.10932964086532593,0.1649152636528015,4.08695650100708
2335,3015.179387700744,0.014696779660880566,0.10894966125488281,0.1672104448080063,4.457143306732178
2336,3017.1950022103265,0.014235404320061207,0.1085696816444397,0.15443424880504608,4.188889026641846
2337,3018.9515130743384,0.011853217147290707,0.10818970203399658,0.1678023785352707,4.304347991943359
2338,3020.7414501085877,0.013575977645814419,0.10780972242355347,0.15948405861854553,4.0851850509643555
2339,3021.6557760266587,0.014386299066245556,0.10742974281311035,0.16940002143383026,4.682353496551514
2340,3023.0352749535814,0.014623126946389675,0.10704976320266724,0.16866764426231384,4.308000087738037
2341,3024.1184364445508,0.013263442553579807,0.10666978359222412,0.15760518610477448,4.184000015258789
2342,3025.4801808074117,0.014378450810909271,0.106289803981781,0.16085045039653778,4.018518447875977
2343,3026.7431009449065,0.013028782792389393,0.10590982437133789,0.16639871895313263,4.185184955596924
2344,3027.793902143836,0.013906850479543209,0.10552984476089478,0.16710098087787628,4.350000381469727
2345,3028.662215855904,0.015872837975621223,0.10514986515045166,0.1728813648223877,4.527777671813965
2346,3030.139625946991,0.01281888596713543,0.10476988554000854,0.1688225418329239,4.627273082733154
2347,3031.247576349415,0.013401739299297333,0.10438990592956543,0.15988807380199432,4.4391303062438965
2348,3032.8450305731967,0.014522161334753036,0.10400992631912231,0.18244972825050354,4.6434783935546875
2349,3034.0012831185013,0.012307804077863693,0.1036299467086792,0.16544240713119507,4.569999694824219
2350,3034.9961707638577,0.01433768030256033,0.10324996709823608,0.1638573557138443,4.054166793823242
2351,3036.5533789852634,0.013797547668218613,0.10286998748779297,0.16644735634326935,4.360000133514404
2352,3037.335312217474,0.015233694575726986,0.10249000787734985,0.1650974154472351,4.286956310272217
2353,3038.413220186718,0.013881857506930828,0.10211002826690674,0.15564388036727905,4.245832920074463
2354,3040.239023988135,0.015325610525906086,0.10173004865646362,0.17437274754047394,4.375999927520752
2355,3041.5190961603075,0.01698571816086769,0.10135006904602051,0.16672269999980927,4.34761905670166
2356,3043.7288438985124,0.012980189174413681,0.10097008943557739,0.162884920835495,4.348000526428223
2357,3044.6044917032123,0.014418828301131725,0.10059010982513428,0.1623973697423935,4.072726726531982
2358,3046.5884402366355,0.015493085607886314,0.10021013021469116,0.16493289172649384,4.383999824523926
2359,3048.0586305391043,0.013459159061312675,0.09983015060424805,0.17719624936580658,4.857142448425293
2360,3049.9411007994786,0.014835778623819351,0.09945017099380493,0.16994817554950714,4.4380950927734375
2361,3051.393001494929,0.012949077412486076,0.09907019138336182,0.15409356355667114,3.9413793087005615
2362,3053.650773149915,0.01648949459195137,0.0986902117729187,0.17229357361793518,4.406249523162842
2363,3055.6462833443657,0.01499265432357788,0.09831023216247559,0.15595433115959167,4.394999980926514
2364,3056.499326845631,0.014332580380141735,0.09793025255203247,0.16652046144008636,4.129629611968994
2365,3057.3878776831552,0.01505807414650917,0.09755027294158936,0.1536296308040619,4.003448009490967
2366,3058.31608256232,0.015522776171565056,0.09717029333114624,0.18405795097351074,4.677272796630859
2367,3059.18777586706,0.013064197264611721,0.09679031372070312,0.15697674453258514,4.083333492279053
2368,3060.644871752709,0.01354516576975584,0.09641033411026001,0.16935229301452637,4.482608318328857
2369,3062.7814219193533,0.013206697069108486,0.0960303544998169,0.16994906961917877,4.331818103790283
2370,3064.0839180639014,0.014900198206305504,0.09565037488937378,0.15761905908584595,4.315384864807129
2371,3065.4811126682907,0.014293663203716278,0.09527039527893066,0.17026513814926147,4.390000343322754
2372,3066.737174003385,0.01440945640206337,0.09489041566848755,0.16548821330070496,4.547618865966797
2373,3067.5783787043765,0.013866884633898735,0.09451043605804443,0.17251773178577423,4.378260612487793
2374,3068.473761779256,0.01350486557930708,0.09413045644760132,0.17222221195697784,4.656521320343018
2375,3069.945767307654,0.012349617667496204,0.0937504768371582,0.16814449429512024,4.418181419372559
2376,3072.4410937521607,0.01311405934393406,0.09337049722671509,0.17284643650054932,4.6631574630737305
2377,3073.9246992273256,0.014143259264528751,0.09299051761627197,0.16690778732299805,4.2166666984558105
2378,3075.3260426968336,0.014599956572055817,0.09261053800582886,0.1557401716709137,4.1913042068481445
2379,3076.7108622156084,0.013247661292552948,0.09223055839538574,0.16852791607379913,4.163635730743408
2380,3077.8216788582504,0.013868988491594791,0.09185057878494263,0.16920416057109833,4.338094711303711
2381,3078.937013044022,0.014627836644649506,0.09147059917449951,0.1557086557149887,4.669999599456787
2382,3080.6801137356088,0.014319289475679398,0.0910906195640564,0.16569678485393524,4.040740489959717
2383,3081.5577992564067,0.013648333959281445,0.09071063995361328,0.17267858982086182,4.595652103424072
2384,3082.434942192398,0.014054011553525925,0.09033066034317017,0.15861539542675018,4.25
2385,3083.3746634284034,0.013555250130593777,0.08995068073272705,0.16428571939468384,3.9076924324035645
2386,3084.445112157613,0.012366336770355701,0.08957070112228394,0.17356115579605103,4.758823394775391
2387,3085.3808147143573,0.01460613589733839,0.08919072151184082,0.17346221208572388,4.487499713897705
2388,3087.591649099253,0.01290517020970583,0.0888107419013977,0.16741572320461273,4.36296272277832
2389,3089.6105012977496,0.012556448578834534,0.08843076229095459,0.16100001335144043,4.120832920074463
2390,3091.017553957179,0.01367492601275444,0.08805078268051147,0.17208904027938843,4.622727394104004
2391,3092.157026243396,0.016266368329524994,0.08767080307006836,0.18811474740505219,4.931578636169434
2392,3093.2483226712793,0.01257450319826603,0.08729082345962524,0.16535714268684387,4.766666412353516
2393,3094.6729989843443,0.014381928369402885,0.08691084384918213,0.15990181267261505,4.1043477058410645
2394,3095.5677580190822,0.012318426743149757,0.08653086423873901,0.16242514550685883,4.161538600921631
2395,3097.201479801908,0.01485802885144949,0.0861508846282959,0.17149604856967926,4.224999904632568
2396,3098.0879528764635,0.014710520394146442,0.08577090501785278,0.1593846082687378,4.223076820373535
2397,3098.944393427111,0.012851947918534279,0.08539092540740967,0.15874798595905304,4.02307653427124
2398,3099.8072706982493,0.011849584989249706,0.08501094579696655,0.1644338220357895,4.353846073150635
2399,3102.487512027845,0.012983976863324642,0.08463096618652344,0.174798384308815,4.673684120178223
2400,3104.3846772015095,0.015414778143167496,0.08425098657608032,0.17388062179088593,4.5409088134765625
2401,3105.4851489644498,0.012796665541827679,0.08387100696563721,0.17166666686534882,4.675000190734863
2402,3106.8978322669864,0.014847259037196636,0.08349102735519409,0.15675675868988037,4.155999660491943
2403,3108.7887621745467,0.013657080940902233,0.08311104774475098,0.16786940395832062,4.199999809265137
2404,3109.6195209631696,0.011308428831398487,0.08273106813430786,0.16149425506591797,4.668181896209717
2405,3111.462634762749,0.013746682554483414,0.08235108852386475,0.1706075519323349,4.092308044433594
2406,3112.831595520489,0.01401694305241108,0.08197110891342163,0.1805807501077652,4.88181734085083
2407,3114.8539041737095,0.014417833648622036,0.08159112930297852,0.17105263471603394,4.604761600494385
2408,3116.506296172738,0.014310454949736595,0.0812111496925354,0.17170816659927368,4.609090805053711
2409,3117.4335680073127,0.013176600448787212,0.08083117008209229,0.15643565356731415,4.0535712242126465
2410,3118.5427078939974,0.013848732225596905,0.08045119047164917,0.16537787020206451,4.328571319580078
2411,3119.431183840148,0.013006127439439297,0.08007121086120605,0.16517341136932373,4.110714435577393
2412,3121.4965607309714,0.01134585589170456,0.07969123125076294,0.16987381875514984,4.251851558685303
2413,3122.865646606311,0.01403634250164032,0.07931125164031982,0.17677903175354004,4.909523963928223
2414,3124.094416375272,0.015099553391337395,0.07893127202987671,0.15674342215061188,4.14400053024292
2415,3125.2908474123105,0.013844544067978859,0.0785512924194336,0.1617460399866104,4.238461494445801
2416,3126.679909114726,0.012832189910113811,0.07817131280899048,0.16404885053634644,4.449999809265137
2417,3127.7878991523758,0.013321645557880402,0.07779133319854736,0.16069869697093964,4.017241477966309
2418,3128.7282370105386,0.0159219391644001,0.07741135358810425,0.1685575246810913,4.3947367668151855
2419,3130.1774239381775,0.013669454492628574,0.07703137397766113,0.16554054617881775,4.317391395568848
2420,3131.339849363081,0.0153357507660985,0.07665139436721802,0.1627749651670456,4.299999713897705
2421,3133.274041059427,0.014716239646077156,0.0762714147567749,0.15635359287261963,4.159999847412109
2422,3134.518616649322,0.015388736501336098,0.07589143514633179,0.1817658245563507,4.855000019073486
2423,3136.0718678655103,0.013270796276628971,0.07551145553588867,0.1624137908220291,4.273684024810791
2424,3136.9507075324655,0.011532564647495747,0.07513147592544556,0.16065573692321777,4.300000190734863
2425,3138.0297232512385,0.01592901535332203,0.07475149631500244,0.17670249938964844,4.736363887786865
2426,3139.5407467084005,0.013800707645714283,0.07437151670455933,0.1694793552160263,4.461904525756836
2427,3140.651244968176,0.014361545443534851,0.07399153709411621,0.16931819915771484,4.49130392074585
2428,3141.5603407491,0.013675730675458908,0.0736115574836731,0.15677319467067719,4.174074172973633
2429,3143.1030729049817,0.013183754868805408,0.07323157787322998,0.17332293093204498,4.2923078536987305
2430,3143.9911044919863,0.013152346014976501,0.07285159826278687,0.14451409876346588,3.7136361598968506
2431,3145.529563691467,0.013166873715817928,0.07247161865234375,0.1738683134317398,4.794736385345459
2432,3146.7117523811758,0.012153476476669312,0.07209163904190063,0.16672474145889282,4.835000038146973
2433,3147.879130700603,0.016717396676540375,0.07171165943145752,0.1626470685005188,3.9041664600372314
2434,3148.76340160612,0.01294511929154396,0.0713316798210144,0.17043796181678772,4.433332920074463
2435,3149.7689573783427,0.014543095603585243,0.07095170021057129,0.17016130685806274,4.458333492279053
2436,3150.8815432051197,0.011480427347123623,0.07057172060012817,0.1600688397884369,4.313636302947998
2437,3153.37516036164,0.013494829647243023,0.07019174098968506,0.16454006731510162,4.111538887023926
2438,3154.7673226157203,0.012830080464482307,0.06981176137924194,0.17003817856311798,4.342105388641357
2439,3155.835707350634,0.015034676529467106,0.06943178176879883,0.17459017038345337,4.656521797180176
2440,3157.201101018116,0.013632121495902538,0.06905180215835571,0.1676691770553589,4.622726917266846
2441,3158.437845638953,0.014933332800865173,0.0686718225479126,0.17072243988513947,4.657142162322998
2442,3159.276550373994,0.01346130482852459,0.06829184293746948,0.17338842153549194,4.230000019073486
2443,3160.5758052859455,0.012943049892783165,0.06791186332702637,0.16768643260002136,5.038888931274414
2444,3161.962747837417,0.012996315024793148,0.06753188371658325,0.16612903773784637,4.3565216064453125
2445,3163.031169434078,0.014354422688484192,0.06715190410614014,0.17547526955604553,4.605000019073486
2446,3165.1450639106333,0.013377233408391476,0.06677192449569702,0.1573573350906372,4.1479997634887695
2447,3167.261667780578,0.013544938527047634,0.0663919448852539,0.16285265982151031,4.203846454620361
2448,3168.732059760019,0.013062973506748676,0.06601196527481079,0.15930433571338654,4.047826290130615
2449,3170.124441615306,0.015060694888234138,0.06563198566436768,0.16018809378147125,4.161904811859131
2450,3170.98442884814,0.012976600788533688,0.06525200605392456,0.16697247326374054,4.443478107452393
2451,3172.0976961608976,0.014144127257168293,0.06487202644348145,0.17951582372188568,4.955555438995361
2452,3173.05762106739,0.013334964402019978,0.06449204683303833,0.16058732569217682,4.129629135131836
2453,3173.9311169609427,0.01679539866745472,0.06411206722259521,0.15544746816158295,4.384210586547852
2454,3175.478294734843,0.014889633283019066,0.0637320876121521,0.16720719635486603,4.485000133514404
2455,3176.704066861421,0.013199025765061378,0.06335210800170898,0.16219282150268555,4.521052837371826
2456,3178.290791584179,0.01185542345046997,0.06297212839126587,0.1726277470588684,4.171428680419922
2457,3179.513173817657,0.014145350083708763,0.06259214878082275,0.1775665283203125,5.055000305175781
2458,3180.604745209217,0.011335085146129131,0.06221216917037964,0.16677908599376678,4.345454692840576
2459,3181.928647163324,0.01290495041757822,0.06183218955993652,0.16960352659225464,4.276923179626465
2460,3182.946147973649,0.010681838728487492,0.06145220994949341,0.16871508955955505,4.526086807250977
2461,3183.84569613263,0.013155109249055386,0.06107223033905029,0.16565655171871185,4.368181228637695
2462,3185.191175442189,0.01506883092224598,0.06069225072860718,0.1708117425441742,4.729999542236328
2463,3186.7691915668547,0.01543593779206276,0.06031227111816406,0.1862068921327591,4.886666774749756
2464,3187.620750478469,0.014008034020662308,0.05993229150772095,0.16574393212795258,4.599999904632568
2465,3189.1367334676906,0.013008644804358482,0.05955231189727783,0.16397306323051453,4.291999816894531
2466,3190.080127547495,0.012859079986810684,0.05917233228683472,0.1698380559682846,4.72777795791626
2467,3191.0458273710683,0.016050441190600395,0.0587923526763916,0.18313951790332794,5.223529815673828
2468,3191.952798428014,0.0136468056589365,0.058412373065948486,0.16953644156455994,4.286956310272217
2469,3193.552213869989,0.0134064219892025,0.05803239345550537,0.16784453392028809,4.657894611358643
2470,3194.4439554670826,0.012457055039703846,0.057652413845062256,0.1595839560031891,4.155555248260498
2471,3195.3751464523375,0.013282605446875095,0.05727243423461914,0.16801346838474274,4.227999687194824
2472,3196.3893840704113,0.014142461121082306,0.056892454624176025,0.17142856121063232,4.520833492279053
2473,3197.85119513236,0.011006912216544151,0.05651247501373291,0.16294574737548828,4.092592716217041
2474,3199.2400275636464,0.013712653890252113,0.056132495403289795,0.15892858803272247,4.134782314300537
2475,3200.976110810414,0.014311888255178928,0.05575251579284668,0.1780851036310196,4.666666030883789
2476,3201.799440597184,0.013828890398144722,0.055372536182403564,0.1534591168165207,4.270833492279053
2477,3202.8914221422747,0.01650300808250904,0.05499255657196045,0.17321428656578064,4.472726821899414
2478,3204.151732779108,0.013766393065452576,0.054612576961517334,0.1638554334640503,4.443478107452393
2479,3205.282034232281,0.013787220232188702,0.05423259735107422,0.16995073854923248,4.2923078536987305
2480,3206.2343543618917,0.01251242682337761,0.053852617740631104,0.17363636195659637,4.371428489685059
2481,3209.1407446041703,0.014535541646182537,0.05347263813018799,0.15922673046588898,4.276190280914307
2482,3210.082007257268,0.01272844709455967,0.05309265851974487,0.1739700585603714,4.766666889190674
2483,3211.2594675226137,0.015622236765921116,0.05271267890930176,0.16375739872455597,4.26800012588501
2484,3212.1001147031784,0.013556857593357563,0.05233269929885864,0.17579832673072815,4.49545431137085
2485,3212.991445623338,0.012864924035966396,0.05195271968841553,0.17145328223705292,4.4679999351501465
2486,3214.417631611228,0.013200603425502777,0.05157274007797241,0.17277486622333527,4.454166889190674
2487,3215.3454297594726,0.015525375492870808,0.0511927604675293,0.16813187301158905,4.4079999923706055
2488,3216.944854739122,0.013285926543176174,0.05081278085708618,0.15729168057441711,4.057143211364746
2489,3217.8228323543444,0.016434969380497932,0.050432801246643066,0.17391303181648254,4.614999771118164
2490,3219.1888773906976,0.01268831267952919,0.05005282163619995,0.1715063452720642,5.050000190734863
2491,3220.706099715084,0.012135021388530731,0.05000000074505806,0.1694885492324829,4.186363220214844
2492,3222.408849249594,0.014458340592682362,0.05000000074505806,0.16245731711387634,4.627272129058838
2493,3224.4166162069887,0.01543065719306469,0.05000000074505806,0.17899161577224731,4.447999954223633
2494,3225.331566729583,0.013647391460835934,0.05000000074505806,0.16360856592655182,4.000000476837158
2495,3226.3186684437096,0.01486829575151205,0.05000000074505806,0.1675422191619873,4.5099992752075195
2496,3227.438997026533,0.012513075955212116,0.05000000074505806,0.1769811362028122,5.076470375061035
2497,3230.059682648629,0.01477488037198782,0.05000000074505806,0.16576728224754333,4.268181800842285
2498,3231.0223527718335,0.014445362612605095,0.05000000074505806,0.16801618039608002,4.722222328186035
2499,3232.0958228828385,0.0155823128297925,0.05000000074505806,0.1754850149154663,4.9666666984558105
2500,3233.1529348362237,0.01197173073887825,0.05000000074505806,0.16423751413822174,4.029411792755127
2501,3234.628222566098,0.015270322561264038,0.05000000074505806,0.16747182607650757,4.359090805053711
2502,3236.3905898323283,0.014777849428355694,0.05000000074505806,0.1715596318244934,4.538095474243164
2503,3237.2281807828695,0.016810882836580276,0.05000000074505806,0.15557251870632172,4.176000118255615
2504,3238.473465176299,0.01271316222846508,0.05000000074505806,0.17843139171600342,4.700000286102295
2505,3239.5199380954728,0.01480834186077118,0.05000000074505806,0.17147384583950043,4.276923179626465
2506,3240.4216433269903,0.013182716444134712,0.05000000074505806,0.1559865027666092,4.270833492279053
2507,3243.669258190319,0.012043211609125137,0.05000000074505806,0.1756666749715805,4.554166793823242
2508,3244.558077792637,0.013467351906001568,0.05000000074505806,0.16792114078998566,4.293749809265137
2509,3246.46497695148,0.01039841677993536,0.05000000074505806,0.1689590960741043,4.904999732971191
2510,3247.4622645210475,0.011515249498188496,0.05000000074505806,0.1673010289669037,4.4041666984558105
2511,3248.393526771106,0.01241689920425415,0.05000000074505806,0.16748365759849548,4.2227277755737305
2512,3249.83332442306,0.015428157523274422,0.05000000074505806,0.16727574169635773,4.129166603088379
2513,3250.9076580693945,0.013628959655761719,0.05000000074505806,0.15831701457500458,4.852631568908691
2514,3252.569834979251,0.013000776059925556,0.05000000074505806,0.1736283153295517,4.5
2515,3255.2251962888986,0.013204841874539852,0.05000000074505806,0.1720414012670517,4.572000026702881
2516,3256.558364770375,0.011931153945624828,0.05000000074505806,0.16312499344348907,3.992856740951538
2517,3257.714462244883,0.014611651189625263,0.05000000074505806,0.1702127456665039,4.819047451019287
2518,3258.8497430691496,0.013714450411498547,0.05000000074505806,0.17490118741989136,4.6764702796936035
2519,3259.7400138350204,0.013270664028823376,0.05000000074505806,0.16683848202228546,4.360869884490967
2520,3260.7037901384756,0.013374360278248787,0.05000000074505806,0.1625816971063614,4.349999904632568
2521,3261.7951404768974,0.013689568266272545,0.05000000074505806,0.17757008969783783,4.675000190734863
2522,3263.8307414734736,0.014527928084135056,0.05000000074505806,0.15945947170257568,4.156521797180176
2523,3265.4288595812395,0.013645365834236145,0.05000000074505806,0.17569060623645782,4.613636016845703
2524,3266.343024076894,0.01347710844129324,0.05000000074505806,0.17451326549053192,4.5809526443481445
2525,3267.283220234327,0.01140542607754469,0.05000000074505806,0.17257730662822723,4.794117450714111
2526,3268.210402689874,0.014098342508077621,0.05000000074505806,0.1781885325908661,5.043749809265137
2527,3269.7793283900246,0.01387754362076521,0.05000000074505806,0.16962699592113495,4.659091472625732
2528,3271.8079298669472,0.013273678719997406,0.05000000074505806,0.17817868292331696,4.865217208862305
2529,3272.6805712589994,0.012904479168355465,0.05000000074505806,0.1571180522441864,4.004347324371338
2530,3273.682717573829,0.014256409369409084,0.05000000074505806,0.17158082127571106,4.827777862548828
2531,3274.8828379800543,0.011866284534335136,0.05000000074505806,0.1818181872367859,4.574999809265137
2532,3275.9190337220207,0.01323000155389309,0.05000000074505806,0.16643235087394714,4.84375
2533,3276.7709308601916,0.013825701549649239,0.05000000074505806,0.1658901870250702,4.543478488922119
2534,3277.6796817826107,0.0132079953327775,0.05000000074505806,0.17499999701976776,4.066666126251221
2535,3279.1275399411097,0.01393722090870142,0.05000000074505806,0.1773049682378769,4.850000381469727
2536,3280.3917598668486,0.014475242234766483,0.05000000074505806,0.16477064788341522,4.6086955070495605
2537,3281.296723845415,0.013613075949251652,0.05000000074505806,0.17289718985557556,4.626316070556641
2538,3282.6565365577117,0.01186143234372139,0.05000000074505806,0.16337792575359344,4.195454120635986
2539,3283.5042508104816,0.013147003017365932,0.05000000074505806,0.16048632562160492,4.191999435424805
2540,3284.419871895574,0.014174212701618671,0.05000000074505806,0.1631741225719452,4.1777777671813965
2541,3285.7673478275537,0.013018602505326271,0.05000000074505806,0.16205881536006927,4.174074172973633
2542,3287.2000075187534,0.015415188856422901,0.05000000074505806,0.17352941632270813,4.405555248260498
2543,3288.6190380314365,0.012142865918576717,0.05000000074505806,0.16365189850330353,4.811764717102051
2544,3289.462836358696,0.012863491661846638,0.05000000074505806,0.17777778208255768,4.34615421295166
2545,3290.5907475519925,0.01325180847197771,0.05000000074505806,0.16482143104076385,4.519047737121582
2546,3291.8212223555893,0.013409343548119068,0.05000000074505806,0.1894051879644394,4.995238304138184
2547,3292.9103998579085,0.011726557277143002,0.05000000074505806,0.16292613744735718,4.199999809265137
2548,3293.7544499626383,0.012628051452338696,0.05000000074505806,0.17340241372585297,4.163636207580566
2549,3294.6567871449515,0.013969049789011478,0.05000000074505806,0.16606850922107697,4.704166412353516
2550,3295.7486074436456,0.012378622777760029,0.05000000074505806,0.16765733063220978,4.361904621124268
2551,3296.946053393185,0.014193575829267502,0.05000000074505806,0.15888553857803345,4.104166507720947
2552,3298.0878564110026,0.01599716581404209,0.05000000074505806,0.1688995063304901,4.242307186126709
2553,3299.140597744845,0.014427977614104748,0.05000000074505806,0.1739894598722458,4.654545783996582
2554,3300.2896867450327,0.014083990827202797,0.05000000074505806,0.16233183443546295,4.185713768005371
2555,3303.0047995280474,0.012815591879189014,0.05000000074505806,0.17678916454315186,4.983333110809326
2556,3304.615451569669,0.011987903155386448,0.05000000074505806,0.16489185392856598,4.215789318084717
2557,3305.718718390912,0.012445950880646706,0.05000000074505806,0.18375526368618011,4.854999542236328
2558,3307.293710453436,0.014423687011003494,0.05000000074505806,0.17348641157150269,5.282352447509766
2559,3309.2859919415787,0.01152083557099104,0.05000000074505806,0.17279693484306335,4.673684120178223
2560,3311.195608121343,0.012453260831534863,0.05000000074505806,0.17485028505325317,4.900000095367432
2561,3312.5747096203268,0.011480619199573994,0.05000000074505806,0.17309236526489258,4.788888931274414
2562,3313.425518856384,0.01315221656113863,0.05000000074505806,0.1662939339876175,4.299999713897705
2563,3315.1295020272955,0.014217358082532883,0.05000000074505806,0.16313432157039642,4.188461780548096
2564,3316.2478548828512,0.011967746540904045,0.05000000074505806,0.1668439656496048,4.50499963760376
2565,3317.782397704199,0.015317579731345177,0.05000000074505806,0.16335313022136688,3.9160001277923584
2566,3319.1037119580433,0.012759704142808914,0.05000000074505806,0.17582644522190094,4.5521745681762695
2567,3320.626577589661,0.011669528670608997,0.05000000074505806,0.17650602757930756,5.045000076293945
2568,3321.9371486725286,0.013143012300133705,0.05000000074505806,0.17388664186000824,4.566666603088379
2569,3323.1812653373927,0.012258411385118961,0.05000000074505806,0.1737881600856781,4.744999885559082
2570,3324.575856393203,0.013551765121519566,0.05000000074505806,0.1564784049987793,4.594736576080322
2571,3326.351179452613,0.012597714550793171,0.05000000074505806,0.16178011894226074,4.084000110626221
2572,3327.7072790609673,0.012435914017260075,0.05000000074505806,0.17213675379753113,4.433333396911621
2573,3329.249199077487,0.011008157394826412,0.05000000074505806,0.1691056787967682,4.538094997406006
2574,3331.5654722368345,0.012536504305899143,0.05000000074505806,0.17341338098049164,4.556249618530273
2575,3333.0225329510868,0.012936407700181007,0.05000000074505806,0.16801872849464417,4.5740742683410645
2576,3334.6082254666835,0.014379939064383507,0.05000000074505806,0.18000000715255737,4.663158416748047
2577,3335.517671654001,0.010819835588335991,0.05000000074505806,0.16892656683921814,4.582609176635742
2578,3337.163585417904,0.014502353966236115,0.05000000074505806,0.17394958436489105,4.599999904632568
2579,3338.3801351534203,0.011300811544060707,0.05000000074505806,0.1728171408176422,4.762499809265137
2580,3339.9475091379136,0.013688288629055023,0.05000000074505806,0.17062819004058838,4.309523582458496
2581,3341.129584867507,0.013768172822892666,0.05000000074505806,0.17048300802707672,4.444999694824219
2582,3342.2516595544294,0.013596717268228531,0.05000000074505806,0.15951941907405853,4.4800004959106445
2583,3343.321097349748,0.013323323801159859,0.05000000074505806,0.16341878473758698,4.613043308258057
2584,3344.3680586759,0.014138351194560528,0.05000000074505806,0.1785714328289032,4.312500476837158
2585,3345.5649051861838,0.013423400931060314,0.05000000074505806,0.16552846133708954,4.323999404907227
2586,3346.6556326420978,0.011543371714651585,0.05000000074505806,0.16220182180404663,4.675000190734863
2587,3348.2091877879575,0.012680710293352604,0.05000000074505806,0.16844585537910461,4.203845500946045
2588,3349.9152680784464,0.013628654181957245,0.05000000074505806,0.17518116533756256,4.969230651855469
2589,3351.291123061441,0.01277597900480032,0.05000000074505806,0.16763804852962494,4.211111068725586
2590,3352.2591505609453,0.013236504048109055,0.05000000074505806,0.177555114030838,4.876190662384033
2591,3353.1547438856214,0.012601782567799091,0.05000000074505806,0.16433823108673096,4.53181791305542
2592,3354.6138957915828,0.01425026822835207,0.05000000074505806,0.1729128062725067,4.757894992828369
2593,3356.9377334313467,0.013171687722206116,0.05000000074505806,0.15755032002925873,4.255556106567383
2594,3358.9908417603,0.013905830681324005,0.05000000074505806,0.16156353056430817,4.111999988555908
2595,3359.8703503264114,0.012660479173064232,0.05000000074505806,0.16606852412223816,4.296154022216797
2596,3360.7674284130335,0.011521042324602604,0.05000000074505806,0.1710691899061203,4.4039998054504395
2597,3362.848938013427,0.012230251915752888,0.05000000074505806,0.18170517683029175,4.628571510314941
2598,3363.77484052442,0.011735575273633003,0.05000000074505806,0.16129595041275024,4.709090709686279
2599,3365.2338741552085,0.015740500763058662,0.05000000074505806,0.16210375726222992,3.8433332443237305
2600,3366.544997053221,0.011395962908864021,0.05000000074505806,0.17742575705051422,5.023529052734375
2601,3367.490583412349,0.013774526305496693,0.05000000074505806,0.1683606505393982,4.413636684417725
2602,3368.541190265678,0.014403514564037323,0.05000000074505806,0.17181818187236786,4.464705944061279
2603,3371.1289912313223,0.013239867053925991,0.05000000074505806,0.19305261969566345,5.335000038146973
2604,3371.974673909135,0.012058092281222343,0.05000000074505806,0.1766730397939682,4.710526466369629
2605,3372.9957341216505,0.011625448241829872,0.05000000074505806,0.16176961362361908,4.486956596374512
2606,3373.85855782032,0.014203585684299469,0.05000000074505806,0.1791878193616867,4.184999942779541
2607,3374.7409138595685,0.015744343400001526,0.05000000074505806,0.15478259325027466,4.400000095367432
2608,3376.776844988577,0.012144576758146286,0.05000000074505806,0.16060099005699158,3.8655171394348145
2609,3377.633206875995,0.013964415527880192,0.05000000074505806,0.1676579862833023,4.765000343322754
2610,3378.507695622742,0.012359504587948322,0.05000000074505806,0.17383821308612823,4.6315789222717285
2611,3379.4597336165607,0.01193474791944027,0.05000000074505806,0.16185064613819122,4.2208333015441895
2612,3380.9014596436173,0.012875019572675228,0.05000000074505806,0.16348408162593842,4.159999847412109
2613,3381.919510464184,0.014726003631949425,0.05000000074505806,0.1680365353822708,4.256521224975586
2614,3382.9035237608477,0.01428739819675684,0.05000000074505806,0.1674342006444931,4.280768871307373
2615,3385.46325997822,0.011702763848006725,0.05000000074505806,0.16983546316623688,4.539999961853027
2616,3386.814248556271,0.01417162548750639,0.05000000074505806,0.16503936052322388,4.504166603088379
2617,3387.685383748263,0.012847227044403553,0.05000000074505806,0.17823641002178192,4.457143306732178
2618,3389.0616357196122,0.014245235361158848,0.05000000074505806,0.16611018776893616,4.556521892547607
2619,3390.8494251100346,0.01329018734395504,0.05000000074505806,0.161476731300354,3.808333396911621
2620,3392.158188245259,0.014244679361581802,0.05000000074505806,0.1667197346687317,4.786956310272217
2621,3393.081348204054,0.014302323572337627,0.05000000074505806,0.16412699222564697,3.940000057220459
2622,3394.669824335724,0.0137940077111125,0.05000000074505806,0.16577060520648956,4.649999618530273
2623,3395.9160263342783,0.014545862562954426,0.05000000074505806,0.17039106786251068,4.594736576080322
2624,3397.087663405575,0.015327475033700466,0.05000000074505806,0.16769231855869293,4.490909099578857
2625,3399.127714051865,0.0144587941467762,0.05000000074505806,0.1737302988767624,4.475000381469727
2626,3400.03691141773,0.01223038975149393,0.05000000074505806,0.17475344240665436,5.079999923706055
2627,3400.9296714784577,0.014102386310696602,0.05000000074505806,0.1664077788591385,4.5947370529174805
2628,3402.0614948673174,0.012626930139958858,0.05000000074505806,0.16682465374469757,4.295651435852051
2629,3403.5821596626192,0.014627723023295403,0.05000000074505806,0.16469648480415344,4.192856788635254
2630,3404.9185356730595,0.014002598822116852,0.05000000074505806,0.16741769015789032,4.552380561828613
2631,3406.5054295454174,0.012579145841300488,0.05000000074505806,0.16356706619262695,4.222726821899414
2632,3408.1130057387054,0.014014482498168945,0.05000000074505806,0.18250001966953278,4.789473056793213
2633,3409.881304227747,0.013907039538025856,0.05000000074505806,0.17102648317813873,4.530434608459473
2634,3410.808878111653,0.01240701787173748,0.05000000074505806,0.18053829669952393,4.811764240264893
2635,3412.0032871942967,0.0119895339012146,0.05000000074505806,0.1775510311126709,5.138888359069824
2636,3414.2362978802994,0.010625979863107204,0.05000000074505806,0.17590579390525818,5.0
2637,3415.152292205952,0.012158682569861412,0.05000000074505806,0.1735074818134308,4.552173614501953
2638,3416.7827643854544,0.01304704137146473,0.05000000074505806,0.1753496527671814,4.78181791305542
2639,3418.6038867346942,0.013217565603554249,0.05000000074505806,0.1588560938835144,4.394117832183838
2640,3419.459396932274,0.01326789055019617,0.05000000074505806,0.17575755715370178,4.84499979019165
2641,3420.573392914608,0.01453577820211649,0.05000000074505806,0.16943573951721191,4.307692527770996
2642,3421.4420953663066,0.013276856392621994,0.05000000074505806,0.16557377576828003,4.547618865966797
2643,3422.3095760131255,0.01516292616724968,0.05000000074505806,0.18237347900867462,4.642857074737549
2644,3423.8767601177096,0.012247227132320404,0.05000000074505806,0.16643477976322174,4.466666221618652
2645,3424.722216920927,0.012136277742683887,0.05000000074505806,0.16519758105278015,4.271999835968018
2646,3425.8815277703106,0.012853283435106277,0.05000000074505806,0.16785715520381927,4.336363792419434
2647,3427.627745648846,0.014176020398736,0.05000000074505806,0.18897637724876404,4.950000286102295
2648,3428.7269131261855,0.013535458594560623,0.05000000074505806,0.1644444465637207,4.373076915740967
2649,3429.962282073684,0.013501835986971855,0.05000000074505806,0.16409775614738464,4.941176414489746
2650,3431.289783061482,0.012703794054687023,0.05000000074505806,0.16792762279510498,4.195652008056641
2651,3432.604946928099,0.013730298727750778,0.05000000074505806,0.17202073335647583,4.630434513092041
2652,3433.9212644612417,0.01177158486098051,0.05000000074505806,0.1675485074520111,4.299999713897705
2653,3434.9578356593847,0.012615571729838848,0.05000000074505806,0.18177872896194458,5.324999809265137
2654,3436.652824724093,0.014758878387510777,0.05000000074505806,0.16774192452430725,4.676470756530762
2655,3438.336405498907,0.01175606157630682,0.05000000074505806,0.17675213515758514,4.5749993324279785
2656,3439.837598179467,0.012396294623613358,0.05000000074505806,0.1600000113248825,4.240909099578857
2657,3441.9033784205094,0.013472999446094036,0.05000000074505806,0.1726812720298767,4.677272796630859
2658,3443.6987732239068,0.012030398473143578,0.05000000074505806,0.17061467468738556,4.346428394317627
2659,3445.473549209535,0.011971061117947102,0.05000000074505806,0.17075811326503754,4.455000400543213
2660,3446.4014218458906,0.013135404326021671,0.05000000074505806,0.17528089880943298,4.700000762939453
2661,3447.3901317333803,0.015753090381622314,0.05000000074505806,0.16427350044250488,4.510526180267334
2662,3448.311545493081,0.01224569696933031,0.05000000074505806,0.16896550357341766,4.373912811279297
2663,3449.8569273985922,0.012540081515908241,0.05000000074505806,0.16661368310451508,4.325000286102295
2664,3450.76477084402,0.011796992272138596,0.05000000074505806,0.16472870111465454,4.48421049118042
2665,3451.7839426938444,0.012224243022501469,0.05000000074505806,0.1835470050573349,5.460000038146973
2666,3453.384539228864,0.01297538448125124,0.05000000074505806,0.163285031914711,4.240740776062012
2667,3454.254524121061,0.013536060228943825,0.05000000074505806,0.1690068393945694,4.2952375411987305
2668,3455.927342853509,0.011523906141519547,0.05000000074505806,0.18056075274944305,4.933333396911621
2669,3457.285934159532,0.011931954883038998,0.05000000074505806,0.1666666567325592,4.549999713897705
2670,3458.8250731583685,0.01206718198955059,0.05000000074505806,0.16608832776546478,4.1583333015441895
2671,3460.147398147732,0.01330879982560873,0.05000000074505806,0.18007813394069672,5.128571033477783
2672,3461.149022206664,0.014921445399522781,0.05000000074505806,0.17868216335773468,4.8954548835754395
2673,3462.134265988134,0.012619508430361748,0.05000000074505806,0.17487923800945282,4.237499713897705
2674,3463.6616262663156,0.012206707149744034,0.05000000074505806,0.17862318456172943,5.204761505126953
2675,3464.5064538531005,0.012181988917291164,0.05000000074505806,0.17083331942558289,4.377273082733154
2676,3465.5060005579144,0.011853300034999847,0.05000000074505806,0.1801268607378006,4.900000095367432
2677,3466.4026600793004,0.012235933914780617,0.05000000074505806,0.16940993070602417,4.740909099578857
2678,3467.462496707216,0.014501037076115608,0.05000000074505806,0.16578073799610138,4.092592716217041
2679,3468.3457488510758,0.012938657775521278,0.05000000074505806,0.1665710210800171,4.370370864868164
2680,3469.8081020982936,0.011786307208240032,0.05000000074505806,0.1728440374135971,4.626087188720703
2681,3470.710467185825,0.01346417237073183,0.05000000074505806,0.17140673100948334,4.311110973358154
2682,3472.091626301408,0.01318380143493414,0.05000000074505806,0.1665056198835373,4.455555438995361
2683,3473.518358984962,0.011135724373161793,0.05000000074505806,0.16612611711025238,4.599999904632568
2684,3475.4275893811136,0.012664060108363628,0.05000000074505806,0.16531303524971008,4.169230937957764
2685,3476.824400866404,0.01328127458691597,0.05000000074505806,0.16421662271022797,4.55555534362793
2686,3477.6607883153483,0.01349126547574997,0.05000000074505806,0.173540860414505,4.828571319580078
2687,3478.6633997354656,0.012425760738551617,0.05000000074505806,0.16401445865631104,4.277777671813965
2688,3479.714053981006,0.014331595040857792,0.05000000074505806,0.17092199623584747,4.536841869354248
2689,3481.134075973183,0.012902853079140186,0.05000000074505806,0.1656923145055771,4.451999664306641
2690,3483.34487681929,0.014939628541469574,0.05000000074505806,0.1667218655347824,4.257692337036133
2691,3484.3600439745933,0.010396863333880901,0.05000000074505806,0.1687285155057907,4.438889026641846
2692,3485.2913889177144,0.015548668801784515,0.05000000074505806,0.17148013412952423,4.5217390060424805
2693,3486.5469118440524,0.010842942632734776,0.05000000074505806,0.16741377115249634,4.556521892547607
2694,3487.5922529259697,0.011463139206171036,0.05000000074505806,0.16724684834480286,4.219231128692627
2695,3489.1216581473127,0.014536011032760143,0.05000000074505806,0.1627737283706665,4.049999713897705
2696,3490.214625122957,0.010115413926541805,0.05000000074505806,0.17051927745342255,4.52380895614624
2697,3491.5924426494166,0.013612006790935993,0.05000000074505806,0.1692708283662796,4.590000152587891
2698,3492.9994004732,0.011833151802420616,0.05000000074505806,0.16213424503803253,4.300000190734863
2699,3495.47715772409,0.011426659300923347,0.05000000074505806,0.17924527823925018,4.456521511077881
2700,3496.886775566265,0.012548504397273064,0.05000000074505806,0.15978090465068817,4.500000476837158
2701,3498.2128188982606,0.01267191767692566,0.05000000074505806,0.15863709151744843,3.884000301361084
2702,3499.7249928889796,0.014637337997555733,0.05000000074505806,0.15996593236923218,4.386956691741943
2703,3500.709013904445,0.013080931268632412,0.05000000074505806,0.17389637231826782,4.649999618530273
2704,3501.6166580524296,0.014280013740062714,0.05000000074505806,0.16864950954914093,4.334782600402832
2705,3503.479447748512,0.01421287003904581,0.05000000074505806,0.15901640057563782,4.421739101409912
2706,3504.352122214623,0.012268091551959515,0.05000000074505806,0.16613417863845825,4.113636493682861
2707,3505.7112041991204,0.013990890234708786,0.05000000074505806,0.1698245406150818,4.404545307159424
2708,3507.4943922795355,0.013500906527042389,0.05000000074505806,0.17452339828014374,4.659090995788574
2709,3508.9408861789852,0.014528638683259487,0.05000000074505806,0.16401180624961853,4.044827461242676
2710,3510.377922235988,0.013541175983846188,0.05000000074505806,0.1767486035823822,4.789473056793213
2711,3511.6019246215,0.01184837706387043,0.05000000074505806,0.17076124250888824,4.554166793823242
2712,3512.54195559863,0.013121564872562885,0.05000000074505806,0.17623762786388397,5.053333759307861
2713,3514.1770567642525,0.014329061843454838,0.05000000074505806,0.17453184723854065,4.684210300445557
2714,3515.8470989353955,0.011707075871527195,0.05000000074505806,0.17874762415885925,5.161111354827881
2715,3517.2043001456186,0.012038157321512699,0.05000000074505806,0.17482517659664154,4.458333492279053
2716,3518.1233199723065,0.013182980939745903,0.05000000074505806,0.17350097000598907,4.8428568840026855
2717,3519.6374823860824,0.014242036268115044,0.05000000074505806,0.1619289219379425,4.3958330154418945
2718,3521.1024079434574,0.013110254891216755,0.05000000074505806,0.16332843899726868,3.987499952316284
2719,3522.499607990496,0.013047099113464355,0.05000000074505806,0.15923753380775452,3.9357142448425293
2720,3523.7055901000276,0.012684965506196022,0.05000000074505806,0.17875750362873077,5.050000190734863
2721,3525.0631071673706,0.01344511192291975,0.05000000074505806,0.17996184527873993,5.111764907836914
2722,3526.808390427381,0.01384110376238823,0.05000000074505806,0.17036449909210205,4.415384292602539
2723,3528.6118048913777,0.01180827897042036,0.05000000074505806,0.16127946972846985,4.233333110809326
2724,3529.5474486295134,0.011175264604389668,0.05000000074505806,0.17168785631656647,4.569999694824219
2725,3531.1026637284085,0.01366397738456726,0.05000000074505806,0.16590537130832672,4.257692337036133
2726,3533.053697803989,0.013606138527393341,0.05000000074505806,0.16620156168937683,4.373076915740967
2727,3534.6527546104044,0.013342109508812428,0.05000000074505806,0.17568059265613556,4.642857074737549
2728,3535.7975091496482,0.01429413165897131,0.05000000074505806,0.16198347508907318,4.496295928955078
2729,3536.9070066520944,0.012790907174348831,0.05000000074505806,0.1619565337896347,4.1519999504089355
2730,3537.85901980754,0.01391658652573824,0.05000000074505806,0.16903632879257202,3.9000000953674316
2731,3539.3760494934395,0.012877439148724079,0.05000000074505806,0.16256000101566315,4.314815044403076
2732,3540.625137015246,0.012532629072666168,0.05000000074505806,0.169111967086792,4.8222222328186035
2733,3541.5237977569923,0.01198744960129261,0.05000000074505806,0.16573426127433777,4.541175842285156
2734,3543.6869936529547,0.013290353119373322,0.05000000074505806,0.17573656141757965,4.420833587646484
2735,3544.5083768917248,0.013103123754262924,0.05000000074505806,0.17430557310581207,4.529166221618652
2736,3545.502767810598,0.012903710827231407,0.05000000074505806,0.16206896305084229,4.547999382019043
2737,3546.3569145714864,0.014228075742721558,0.05000000074505806,0.17210082709789276,4.4454545974731445
2738,3547.2239628611133,0.013127612881362438,0.05000000074505806,0.1690799444913864,4.344000339508057
2739,3548.3494053473696,0.014016769826412201,0.05000000074505806,0.1619344800710678,3.9720001220703125
2740,3549.2152025261894,0.01105229090899229,0.05000000074505806,0.16953270137310028,4.5
2741,3550.2865814827383,0.010692032985389233,0.05000000074505806,0.17080867290496826,4.663158416748047
2742,3552.0496177291498,0.013875056989490986,0.05000000074505806,0.17697973549365997,5.034999847412109
2743,3552.964652357623,0.011547603644430637,0.05000000074505806,0.1794392466545105,4.590000152587891
2744,3553.8548777513206,0.013096203096210957,0.05000000074505806,0.1726720780134201,5.1294121742248535
2745,3554.995021174662,0.016208894550800323,0.05000000074505806,0.16872727870941162,4.549999713897705
2746,3556.570705187507,0.012783201411366463,0.05000000074505806,0.17079481482505798,4.354166507720947
2747,3557.839820918627,0.014684812165796757,0.05000000074505806,0.16377708315849304,4.162963390350342
2748,3559.518013510853,0.014325285330414772,0.05000000074505806,0.18226413428783417,4.766666412353516
2749,3561.307105173357,0.013711261563003063,0.05000000074505806,0.165236696600914,4.059999942779541
2750,3563.7979091973975,0.015824731439352036,0.05000000074505806,0.16837607324123383,4.608333110809326
2751,3565.082103431225,0.011676999740302563,0.05000000074505806,0.16632826626300812,4.527777671813965
2752,3568.246019125916,0.01167916040867567,0.05000000074505806,0.1689964085817337,4.529999732971191
2753,3569.6024101302028,0.014631608501076698,0.05000000074505806,0.17006802558898926,4.534782409667969
2754,3571.2280212184414,0.012138287536799908,0.05000000074505806,0.1575121134519577,4.088461875915527
2755,3573.118878994137,0.013807089067995548,0.05000000074505806,0.16701388359069824,4.400000095367432
2756,3573.9955763770267,0.012265991419553757,0.05000000074505806,0.16516131162643433,4.308000087738037
2757,3575.0140849994496,0.013545230031013489,0.05000000074505806,0.17621082067489624,4.312499523162842
2758,3576.5260581504554,0.014374773018062115,0.05000000074505806,0.1724918931722641,4.461538314819336
2759,3577.4620597353205,0.012900315225124359,0.05000000074505806,0.17869824171066284,4.789999961853027
2760,3578.85602329392,0.013123923912644386,0.05000000074505806,0.1710982769727707,4.681250095367432
2761,3579.6835130816326,0.011813717894256115,0.05000000074505806,0.17929604649543762,5.009999752044678
2762,3580.6098653553054,0.013736007735133171,0.05000000074505806,0.1739526391029358,4.56842041015625
2763,3582.1631957460195,0.01286048162728548,0.05000000074505806,0.1737878918647766,4.599999904632568
2764,3583.037773648277,0.011973879300057888,0.05000000074505806,0.1676521599292755,4.203999996185303
2765,3583.8971156496555,0.013851280324161053,0.05000000074505806,0.1766544133424759,4.966666221618652
2766,3585.2468820633367,0.013939292170107365,0.05000000074505806,0.16853034496307373,4.5227274894714355
2767,3586.3149321740493,0.012509353458881378,0.05000000074505806,0.16103151440620422,4.003448963165283
2768,3587.2772704558447,0.011699080467224121,0.05000000074505806,0.16632047295570374,4.013792514801025
2769,3588.095370954834,0.01183266844600439,0.05000000074505806,0.1755218207836151,4.657894134521484
2770,3589.0530794458464,0.012216942384839058,0.05000000074505806,0.16259780526161194,4.4041666984558105
2771,3590.548240733333,0.013645353727042675,0.05000000074505806,0.16022726893424988,4.147826194763184
2772,3591.8272886369377,0.012615120969712734,0.05000000074505806,0.15893130004405975,3.985185384750366
2773,3592.925281930715,0.013476594351232052,0.05000000074505806,0.16216666996479034,4.257143020629883
2774,3594.575575435534,0.011547701433300972,0.05000000074505806,0.16801241040229797,4.177777290344238
2775,3596.4854538850486,0.015837879851460457,0.05000000074505806,0.17084018886089325,4.6285719871521
2776,3597.86841855105,0.010425499640405178,0.05000000074505806,0.16767169535160065,4.323999881744385
2777,3599.257633285597,0.012508771382272243,0.05000000074505806,0.16718529164791107,4.288888931274414
2778,3600.333613612689,0.014043871313333511,0.05000000074505806,0.16947536170482635,4.296153545379639
2779,3601.391080015339,0.013835997320711613,0.05000000074505806,0.1607028841972351,4.131999969482422
2780,3602.2930352343246,0.012204439379274845,0.05000000074505806,0.16562500596046448,4.499999523162842
2781,3603.373870517127,0.0128525635227561,0.05000000074505806,0.16569967567920685,4.220000267028809
2782,3604.5938641624525,0.012930689379572868,0.05000000074505806,0.17883212864398956,4.522727012634277
2783,3606.152457884513,0.012503916397690773,0.05000000074505806,0.1690140813589096,4.544000148773193
2784,3607.547104055062,0.014393447898328304,0.05000000074505806,0.15703704953193665,3.9392855167388916
2785,3608.4394007772207,0.013727148994803429,0.05000000074505806,0.16485226154327393,4.199999809265137
2786,3609.505366272293,0.014510109089314938,0.05000000074505806,0.1560143679380417,4.404999732971191
2787,3611.085334962234,0.012451643124222755,0.05000000074505806,0.1718360036611557,4.305263519287109
2788,3613.096826193854,0.013184834271669388,0.05000000074505806,0.18234087526798248,4.87647008895874
2789,3614.6678657168522,0.013239839114248753,0.05000000074505806,0.1688356101512909,4.84782600402832
2790,3615.894098237157,0.01356661505997181,0.05000000074505806,0.16217106580734253,4.237499713897705
2791,3617.1372938985005,0.015306778252124786,0.05000000074505806,0.15904173254966736,3.811999797821045
2792,3618.0404214439914,0.010990885086357594,0.05000000074505806,0.1758551299571991,5.036842346191406
2793,3619.053781595081,0.012271378189325333,0.05000000074505806,0.16546545922756195,4.217391014099121
2794,3620.119818907231,0.013854431919753551,0.05000000074505806,0.15854036808013916,3.9826090335845947
2795,3621.7487783422694,0.013455457054078579,0.05000000074505806,0.17260503768920898,4.452174186706543
2796,3623.0453934092075,0.012925861403346062,0.05000000074505806,0.17212122678756714,4.84761905670166
2797,3623.931926363148,0.011504655703902245,0.05000000074505806,0.16792762279510498,4.236000061035156
2798,3625.524930429645,0.010112173855304718,0.05000000074505806,0.17452631890773773,4.994999885559082
2799,3626.9462987072766,0.012468178756535053,0.05000000074505806,0.17181530594825745,4.214999198913574
2800,3628.1999065699056,0.012618078850209713,0.05000000074505806,0.1569405198097229,4.02222204208374
2801,3629.1224804548547,0.011733629740774632,0.05000000074505806,0.17523105442523956,4.5227274894714355
2802,3630.220614153892,0.011813581921160221,0.05000000074505806,0.16752293705940247,4.568421363830566
2803,3631.2110372502357,0.012575794942677021,0.05000000074505806,0.15747663378715515,4.260000228881836
2804,3632.1269875215366,0.01380984392017126,0.05000000074505806,0.17763637006282806,4.71818208694458
2805,3633.5874416111037,0.012566735036671162,0.05000000074505806,0.16794171929359436,4.429999828338623
2806,3635.2760062683374,0.012166835367679596,0.05000000074505806,0.16399316489696503,4.442857265472412
2807,3636.6593641983345,0.013854512944817543,0.05000000074505806,0.1630602777004242,4.107692241668701
2808,3637.4964228663594,0.0130893150344491,0.05000000074505806,0.17185313999652863,4.377273082733154
2809,3638.398313288577,0.010856891982257366,0.05000000074505806,0.17275862395763397,4.790909290313721
2810,3639.587369807996,0.013806420378386974,0.05000000074505806,0.16649122536182404,4.390476226806641
2811,3640.4937756909057,0.0146457739174366,0.05000000074505806,0.15992510318756104,4.447368144989014
2812,3641.9274090975523,0.01294927392154932,0.05000000074505806,0.16174496710300446,4.315999984741211
2813,3642.8030025260523,0.014567287638783455,0.05000000074505806,0.17528516054153442,4.463158130645752
2814,3644.2738322075456,0.013430604711174965,0.05000000074505806,0.17646048963069916,4.968420505523682
2815,3645.8525948962197,0.012783319689333439,0.05000000074505806,0.15959753096103668,4.088888645172119
2816,3647.319936566986,0.013352010399103165,0.05000000074505806,0.18059700727462769,4.609523773193359
2817,3648.4607865521684,0.012348312884569168,0.05000000074505806,0.16875000298023224,4.621738433837891
2818,3649.508144043386,0.01293211430311203,0.05000000074505806,0.1710437685251236,4.490909099578857
2819,3651.4287631763145,0.01289338618516922,0.05000000074505806,0.1685764044523239,4.21363639831543
2820,3652.3174014501274,0.012382805347442627,0.05000000074505806,0.17562279105186462,4.621738910675049
2821,3654.3973645605147,0.012762773782014847,0.05000000074505806,0.1688845455646515,4.738095283508301
2822,3655.770252321847,0.01423565298318863,0.05000000074505806,0.1755172610282898,4.623809337615967
2823,3656.842758655548,0.012640971690416336,0.05000000074505806,0.17554745078086853,4.533333778381348
2824,3658.738812688738,0.015090432949364185,0.05000000074505806,0.17456309497356415,4.929999828338623
2825,3659.69180513639,0.01394879724830389,0.05000000074505806,0.18423236906528473,5.076469898223877
2826,3660.751172406599,0.01438671164214611,0.05000000074505806,0.1701974868774414,4.726315975189209
2827,3662.0594688765705,0.015881817787885666,0.05000000074505806,0.15889830887317657,4.112499713897705
2828,3663.432379179634,0.013158958405256271,0.05000000074505806,0.16173632442951202,3.9750001430511475
2829,3665.3209415888414,0.013358557596802711,0.05000000074505806,0.16937394440174103,4.504762172698975
2830,3666.8914777338505,0.011835161596536636,0.05000000074505806,0.17087718844413757,4.255999565124512
2831,3667.764675767161,0.013377971015870571,0.05000000074505806,0.18333332240581512,5.09499979019165
2832,3668.691012655385,0.013358332216739655,0.05000000074505806,0.16833047568798065,4.452381134033203
2833,3669.7561850333586,0.012354043312370777,0.05000000074505806,0.1707964539527893,4.476190567016602
2834,3671.8787592984736,0.012715600430965424,0.05000000074505806,0.1657232642173767,4.49130392074585
2835,3672.892584806308,0.01157362200319767,0.05000000074505806,0.15224963426589966,3.6884615421295166
2836,3674.192708812654,0.012759249657392502,0.05000000074505806,0.17645984888076782,4.582608222961426
2837,3675.3571242336184,0.012640982866287231,0.05000000074505806,0.15914177894592285,4.493750095367432
2838,3676.431386705488,0.0114895636215806,0.05000000074505806,0.1652509719133377,4.505000114440918
2839,3677.821068367921,0.012813682667911053,0.05000000074505806,0.19199177622795105,5.121052265167236
2840,3678.9061224292964,0.012476961128413677,0.05000000074505806,0.17694859206676483,4.5360002517700195
2841,3680.0957309789956,0.013311685994267464,0.05000000074505806,0.1603960394859314,4.336363792419434
2842,3681.5107140364125,0.011843444779515266,0.05000000074505806,0.16650407016277313,4.3520002365112305
2843,3682.5715660452843,0.012542509473860264,0.05000000074505806,0.16982455551624298,4.477777481079102
2844,3683.5203720284626,0.013262676075100899,0.05000000074505806,0.17022058367729187,4.689473628997803
2845,3684.962214800529,0.01588260941207409,0.05000000074505806,0.17166948318481445,4.636363506317139
2846,3685.8138779504225,0.010967683047056198,0.05000000074505806,0.15886178612709045,4.092592716217041
2847,3686.701743884012,0.01207701489329338,0.05000000074505806,0.1691935658454895,4.2920002937316895
2848,3687.5889147324488,0.012864877469837666,0.05000000074505806,0.16638223826885223,4.319047451019287
2849,3689.3343464983627,0.010432936251163483,0.05000000074505806,0.1653791218996048,4.216129302978516
2850,3690.437353424728,0.013404752127826214,0.05000000074505806,0.16774193942546844,4.3789472579956055
2851,3691.5100327664986,0.012581299990415573,0.05000000074505806,0.17499999701976776,4.490476131439209
2852,3692.3286561276764,0.012824716977775097,0.05000000074505806,0.16741572320461273,4.459259033203125
2853,3693.519669839181,0.013434821739792824,0.05000000074505806,0.17118321359157562,5.0333333015441895
2854,3695.045869393274,0.014290183782577515,0.05000000074505806,0.17342519760131836,4.4083333015441895
2855,3696.679343458265,0.012027783319354057,0.05000000074505806,0.16403941810131073,4.572727203369141
2856,3698.528776904568,0.013821154832839966,0.05000000074505806,0.16339869797229767,4.011110782623291
2857,3700.4429698940367,0.01135525107383728,0.05000000074505806,0.178483247756958,4.808695316314697
2858,3702.0336234811693,0.013437599875032902,0.05000000074505806,0.17120417952537537,4.566666126251221
2859,3703.827286339365,0.012064160779118538,0.05000000074505806,0.1809946745634079,4.661111354827881
2860,3704.6691039279103,0.01389285922050476,0.05000000074505806,0.18204282224178314,4.607142925262451
2861,3705.5916441669688,0.014373050071299076,0.05000000074505806,0.1644338220357895,4.770000457763672
2862,3706.664750901051,0.012759561650454998,0.05000000074505806,0.1611918807029724,4.244444847106934
2863,3707.5213915165514,0.01289399154484272,0.05000000074505806,0.16657754778862,3.8433332443237305
2864,3708.82537917234,0.01285588089376688,0.05000000074505806,0.16293105483055115,4.284615516662598
2865,3709.9052236350253,0.014096615836024284,0.05000000074505806,0.183364138007164,4.885000228881836
2866,3711.1565356282517,0.013408847153186798,0.05000000074505806,0.16537843644618988,4.371999740600586
2867,3711.9907007096335,0.012105544097721577,0.05000000074505806,0.1658886820077896,4.572727680206299
2868,3713.3038039226085,0.011990788392722607,0.05000000074505806,0.1704672873020172,4.535714149475098
2869,3714.195361030288,0.011157969944179058,0.05000000074505806,0.1631578803062439,4.3173909187316895
2870,3715.0663688285276,0.013994750566780567,0.05000000074505806,0.16596092283725739,4.404545307159424
2871,3716.1377021186054,0.01328548789024353,0.05000000074505806,0.16677796840667725,4.53636360168457
2872,3717.0293751955032,0.011693439446389675,0.05000000074505806,0.16354961693286896,4.380953311920166
2873,3717.872529052198,0.01168628316372633,0.05000000074505806,0.16144201159477234,4.4166669845581055
2874,3719.4673647703603,0.012831617146730423,0.05000000074505806,0.16789136826992035,4.126923084259033
2875,3721.790698493831,0.010612571612000465,0.05000000074505806,0.1708117425441742,4.5625
2876,3723.020682424307,0.01149569172412157,0.05000000074505806,0.17612524330615997,4.856249809265137
2877,3723.871491316706,0.011170639656484127,0.05000000074505806,0.16967743635177612,4.485714435577393
2878,3725.375060165301,0.01334537472575903,0.05000000074505806,0.1766037791967392,4.842105388641357
2879,3726.9148070644587,0.011149490252137184,0.05000000074505806,0.17634782195091248,4.4083333015441895
2880,3727.9927850151435,0.015096249990165234,0.05000000074505806,0.1774621307849884,4.878948211669922
2881,3729.6737649096176,0.014729377813637257,0.05000000074505806,0.16389453411102295,4.836842060089111
2882,3731.0903596309945,0.014994933269917965,0.05000000074505806,0.17223064601421356,4.252000331878662
2883,3732.7956276899204,0.012002225033938885,0.05000000074505806,0.17619049549102783,4.666666507720947
2884,3733.8532472718507,0.011630174703896046,0.05000000074505806,0.16734695434570312,4.709523677825928
2885,3734.6794203622267,0.011584192514419556,0.05000000074505806,0.1770794838666916,4.565000057220459
2886,3736.093746872619,0.012204202823340893,0.05000000074505806,0.17602458596229553,4.762499809265137
2887,3736.969016394578,0.013104725629091263,0.05000000074505806,0.1754128485918045,4.689474105834961
2888,3738.4532990129665,0.01653526909649372,0.05000000074505806,0.17194491624832153,5.054999828338623
2889,3739.579292249866,0.013689861632883549,0.05000000074505806,0.17419353127479553,4.447999477386475
2890,3741.3720137234777,0.012368644587695599,0.05000000074505806,0.1682373434305191,4.340000152587891
2891,3743.17296694126,0.01278434693813324,0.05000000074505806,0.17448405921459198,4.612500190734863
2892,3745.6936751529574,0.011763308197259903,0.05000000074505806,0.15942685306072235,4.148148059844971
2893,3747.1823998373,0.011526877991855145,0.05000000074505806,0.17178630828857422,4.699999809265137
2894,3748.0819645263255,0.01216114591807127,0.05000000074505806,0.16322241723537445,4.231818199157715
2895,3748.9501654440537,0.013766255229711533,0.05000000074505806,0.1709090918302536,4.484999656677246
2896,3750.5389366270974,0.012405683286488056,0.05000000074505806,0.16443300247192383,4.554545879364014
2897,3751.6860565161332,0.01367092039436102,0.05000000074505806,0.15773354470729828,4.057143211364746
2898,3752.5887848213315,0.010614586994051933,0.05000000074505806,0.16754966974258423,4.400000095367432
2899,3753.4667110983282,0.012211913242936134,0.05000000074505806,0.16671665012836456,4.015384197235107
2900,3754.8615466225892,0.01133720949292183,0.05000000074505806,0.15937499701976776,4.255999565124512
2901,3755.879455900751,0.014498843811452389,0.05000000074505806,0.17495527863502502,4.805000305175781
2902,3756.7964244382456,0.014356762170791626,0.05000000074505806,0.17701973021030426,4.539999961853027
2903,3758.2956791343167,0.01237700879573822,0.05000000074505806,0.16199186444282532,4.390909194946289
2904,3759.308526135981,0.013605091720819473,0.05000000074505806,0.1626436859369278,4.6888885498046875
2905,3761.1675413083285,0.012450960464775562,0.05000000074505806,0.17272725701332092,4.517391204833984
2906,3762.274149668403,0.013810021802783012,0.05000000074505806,0.17204301059246063,4.220000267028809
2907,3763.619513168931,0.01235634833574295,0.05000000074505806,0.17301587760448456,4.689999580383301
2908,3766.445868900977,0.014056183397769928,0.05000000074505806,0.17352941632270813,5.038094997406006
2909,3768.271340982057,0.013851286843419075,0.05000000074505806,0.1646048128604889,4.239999771118164
2910,3770.310642705299,0.013324580155313015,0.05000000074505806,0.15938417613506317,4.05384635925293
2911,3772.2402487285435,0.011932527646422386,0.05000000074505806,0.15919630229473114,4.226086616516113
2912,3774.031625624746,0.010593114420771599,0.05000000074505806,0.16847826540470123,4.21363639831543
2913,3775.3852150347084,0.011886266991496086,0.05000000074505806,0.17007169127464294,4.573684215545654
2914,3777.2646243060008,0.013010215014219284,0.05000000074505806,0.1709030121564865,4.346153736114502
2915,3779.305763487704,0.012212677858769894,0.05000000074505806,0.1741573065519333,4.786956310272217
2916,3780.6176445521414,0.01351974718272686,0.05000000074505806,0.17142857611179352,4.53157901763916
2917,3781.7395499954,0.012192425318062305,0.05000000074505806,0.1741550862789154,5.192856788635254
2918,3782.9517757128924,0.011620783247053623,0.05000000074505806,0.17151394486427307,4.636842250823975
2919,3784.040627692826,0.011679786257445812,0.05000000074505806,0.17704346776008606,4.673913478851318
2920,3785.341068474576,0.013265924528241158,0.05000000074505806,0.15937499701976776,4.424999713897705
2921,3786.228635314852,0.011181162670254707,0.05000000074505806,0.17291668057441711,4.185714244842529
2922,3787.655565172434,0.013073013164103031,0.05000000074505806,0.1698630154132843,4.390476226806641
2923,3788.4586573289707,0.012313975021243095,0.05000000074505806,0.18055011332035065,4.689999580383301
2924,3789.871193663217,0.013376565650105476,0.05000000074505806,0.15044909715652466,4.0
2925,3791.0441892286763,0.015521430410444736,0.05000000074505806,0.17005443572998047,4.199999809265137
2926,3792.1983170304447,0.012886357493698597,0.05000000074505806,0.16743119060993195,4.641666889190674
2927,3793.8250375278294,0.013708548620343208,0.05000000074505806,0.1677042692899704,4.452173709869385
2928,3794.720728555694,0.012612142600119114,0.05000000074505806,0.17082683742046356,4.3919997215271
2929,3796.3627524897456,0.013425823301076889,0.05000000074505806,0.1614433079957962,4.526315212249756
2930,3797.893332223408,0.012227454222738743,0.05000000074505806,0.17158673703670502,4.604545593261719
2931,3799.266279552132,0.013034824281930923,0.05000000074505806,0.17764706909656525,4.586666584014893
2932,3800.970241690986,0.01376898493617773,0.05000000074505806,0.1701274961233139,4.546153545379639
2933,3802.390994035639,0.014812272042036057,0.05000000074505806,0.1776679903268814,4.756249904632568
2934,3803.3082270082086,0.013454042375087738,0.05000000074505806,0.16729775071144104,4.5291666984558105
2935,3804.214241015725,0.010469083674252033,0.05000000074505806,0.1671929806470871,4.736363887786865
2936,3805.632526620291,0.012058314867317677,0.05000000074505806,0.16256000101566315,3.9739131927490234
2937,3806.8690722417086,0.01238491665571928,0.05000000074505806,0.1673840880393982,4.429166793823242
2938,3808.2737896153703,0.011834193952381611,0.05000000074505806,0.1641765832901001,4.342857360839844
2939,3809.8283294001594,0.012502915225923061,0.05000000074505806,0.1685810685157776,4.328000068664551
2940,3810.7538248104975,0.013031646609306335,0.05000000074505806,0.1737523078918457,5.049999713897705
2941,3811.846732906997,0.013937080278992653,0.05000000074505806,0.16514459252357483,4.251851558685303
2942,3812.976122636348,0.012005984783172607,0.05000000074505806,0.16708074510097504,4.3423075675964355
2943,3813.8411315605044,0.013964062556624413,0.05000000074505806,0.16445131599903107,3.988461494445801
2944,3815.5478404769674,0.011855526827275753,0.05000000074505806,0.18012820184230804,5.036841869354248
2945,3816.9143798695877,0.01182638667523861,0.05000000074505806,0.1809055358171463,5.043749809265137
2946,3817.7795127062127,0.011084988713264465,0.05000000074505806,0.1630719006061554,4.539130687713623
2947,3818.716690670699,0.012578205205500126,0.05000000074505806,0.1686486452817917,4.3458333015441895
2948,3820.2913364116102,0.011974846944212914,0.05000000074505806,0.16586346924304962,4.683332920074463
2949,3821.5954973045737,0.01188014354556799,0.05000000074505806,0.17320489883422852,4.629411697387695
2950,3823.1360479099676,0.013613695278763771,0.05000000074505806,0.17834711074829102,4.616666316986084
2951,3824.1178478831425,0.01264485064893961,0.05000000074505806,0.16504065692424774,4.479166507720947
2952,3825.189212894067,0.01394034456461668,0.05000000074505806,0.1684466153383255,4.300000190734863
2953,3826.7577281501144,0.012910707853734493,0.05000000074505806,0.17622259259223938,4.5958333015441895
2954,3828.1668471563607,0.011892356909811497,0.05000000074505806,0.16856616735458374,4.5
2955,3829.5212457468733,0.012757969088852406,0.05000000074505806,0.16402535140514374,4.232000350952148
2956,3830.7433780971915,0.011946294456720352,0.05000000074505806,0.1680733859539032,4.525000095367432
2957,3831.9478164520115,0.011181266978383064,0.05000000074505806,0.1726907640695572,4.926666736602783
2958,3833.8974974360317,0.011493234895169735,0.05000000074505806,0.1567484736442566,4.212499618530273
2959,3834.7553472705185,0.012171396054327488,0.05000000074505806,0.1672985702753067,4.323077201843262
2960,3836.2385934218764,0.013165411539375782,0.05000000074505806,0.17349927127361298,4.285714149475098
2961,3837.5264102891088,0.011561342515051365,0.05000000074505806,0.17262357473373413,4.752631664276123
2962,3838.5048791244626,0.015144316479563713,0.05000000074505806,0.177173912525177,4.659999847412109
2963,3839.3925797203556,0.01616593264043331,0.05000000074505806,0.1725524663925171,4.512499809265137
2964,3840.3665054552257,0.011761648580431938,0.05000000074505806,0.1791498064994812,5.082353115081787
2965,3841.3727209195495,0.013689445331692696,0.05000000074505806,0.17116357386112213,4.244999885559082
2966,3843.025224368088,0.012911955825984478,0.05000000074505806,0.16320474445819855,4.262068271636963
2967,3844.3702468853444,0.012673705816268921,0.05000000074505806,0.17911505699157715,4.5714287757873535
2968,3846.0968181416392,0.013612039387226105,0.05000000074505806,0.17418771982192993,4.942105293273926
2969,3848.0136267328635,0.01220192015171051,0.05000000074505806,0.16818949580192566,4.278260707855225
2970,3849.8104494931176,0.012960354797542095,0.05000000074505806,0.16085471212863922,4.354545593261719
2971,3850.7126380521804,0.011757740750908852,0.05000000074505806,0.16907629370689392,4.72857141494751
2972,3851.5612330576405,0.01211195532232523,0.05000000074505806,0.16394557058811188,4.209523677825928
2973,3853.0109277023003,0.011593681760132313,0.05000000074505806,0.161101832985878,4.368000030517578
2974,3854.273733378388,0.011336802504956722,0.05000000074505806,0.1629057377576828,3.9666664600372314
2975,3855.9075106102973,0.011387120932340622,0.05000000074505806,0.17184115946292877,4.490000247955322
2976,3856.778141516261,0.0131941307336092,0.05000000074505806,0.15635527670383453,4.311999797821045
2977,3857.645690107718,0.011537470854818821,0.05000000074505806,0.16348683834075928,4.113636493682861
2978,3858.503580578603,0.013248411938548088,0.05000000074505806,0.17208904027938843,4.4041666984558105
2979,3859.761980254203,0.013428888283669949,0.05000000074505806,0.16405989229679108,4.3238091468811035
2980,3861.412050615996,0.013535311445593834,0.05000000074505806,0.16576576232910156,4.129166603088379
2981,3862.7120554940775,0.013693969696760178,0.05000000074505806,0.17992493510246277,4.564000129699707
2982,3863.8365346714854,0.01345969270914793,0.05000000074505806,0.17046980559825897,4.585714817047119
2983,3864.7101406492293,0.012111413292586803,0.05000000074505806,0.17696428298950195,4.647825241088867
2984,3865.6002534404397,0.011472826823592186,0.05000000074505806,0.16308186948299408,4.5333333015441895
2985,3866.4343260582536,0.011085456237196922,0.05000000074505806,0.17261698842048645,4.3833327293396
2986,3867.3449217015877,0.012083666399121284,0.05000000074505806,0.1622103452682495,4.420000076293945
2987,3868.8197517935187,0.013065801002085209,0.05000000074505806,0.17080290615558624,4.581818103790283
2988,3871.1525919009,0.013013473711907864,0.05000000074505806,0.16712121665477753,4.191667079925537
2989,3873.390914114192,0.010965671390295029,0.05000000074505806,0.17414721846580505,4.8684210777282715
2990,3874.2568289022893,0.013343313708901405,0.05000000074505806,0.16495177149772644,4.319231033325195
2991,3875.211545699276,0.012126491405069828,0.05000000074505806,0.1765008419752121,4.525000095367432
2992,3876.8748518442735,0.01313087996095419,0.05000000074505806,0.17544803023338318,4.549999713897705
2993,3877.8796634012833,0.014901977963745594,0.05000000074505806,0.1560855358839035,4.340000152587891
2994,3878.947934405878,0.010882695205509663,0.05000000074505806,0.16579756140708923,4.230434417724609
2995,3881.5334398476407,0.013104100711643696,0.05000000074505806,0.171172633767128,4.226922988891602
2996,3882.4244346283376,0.011401455849409103,0.05000000074505806,0.16292135417461395,4.935293674468994
2997,3883.27370424103,0.012918378226459026,0.05000000074505806,0.17094473540782928,4.136842250823975
2998,3884.669782018289,0.0142417773604393,0.05000000074505806,0.16712328791618347,4.4708333015441895
2999,3886.3782683322206,0.01365468930453062,0.05000000074505806,0.17430280148983002,4.875
3000,3887.557384889573,0.012243032455444336,0.05000000074505806,0.1763293296098709,4.315000057220459
3001,3889.0387109871954,0.013143802061676979,0.05000000074505806,0.17453625798225403,4.726086616516113
3002,3890.326939092949,0.010974995791912079,0.05000000074505806,0.17217262089252472,4.388888835906982
3003,3891.707139497623,0.013504156842827797,0.05000000074505806,0.16091954708099365,4.4380950927734375
3004,3892.5531087936834,0.010783916339278221,0.05000000074505806,0.16093489527702332,4.062068462371826
3005,3893.4580018809065,0.01253801491111517,0.05000000074505806,0.17390437424182892,5.157142639160156
3006,3894.6672312766314,0.011201616376638412,0.05000000074505806,0.1686924397945404,4.636841773986816
3007,3896.3662460297346,0.011688396334648132,0.05000000074505806,0.16427432000637054,4.221738815307617
3008,3897.4851556150243,0.012871157377958298,0.05000000074505806,0.17633850872516632,4.308000087738037
3009,3899.111303918995,0.013680990785360336,0.05000000074505806,0.17084020376205444,4.682608604431152
3010,3900.68401485309,0.010989727452397346,0.05000000074505806,0.16754251718521118,4.3307695388793945
3011,3902.4923249119893,0.012846208177506924,0.05000000074505806,0.16336478292942047,4.150000095367432
3012,3903.431272969581,0.01193889882415533,0.05000000074505806,0.17163905501365662,4.480952262878418
3013,3904.353997179307,0.014339283108711243,0.05000000074505806,0.1670120805501938,4.540909290313721
3014,3905.2221313007176,0.013299068436026573,0.05000000074505806,0.15779967606067657,4.237500190734863
3015,3906.6337239434943,0.013257903978228569,0.05000000074505806,0.17216312885284424,4.505262851715088
3016,3907.468204539269,0.011774852871894836,0.05000000074505806,0.1682487577199936,4.329166889190674
3017,3908.3462312333286,0.011188610456883907,0.05000000074505806,0.17297299206256866,4.6952385902404785
3018,3910.0679553765804,0.014300203882157803,0.05000000074505806,0.16958853602409363,4.537499904632568
3019,3911.3700178395957,0.012064818292856216,0.05000000074505806,0.17412352561950684,4.545833110809326
3020,3912.6411096593365,0.01218522246927023,0.05000000074505806,0.17112299799919128,4.5217390060424805
3021,3913.494223385118,0.0136906448751688,0.05000000074505806,0.1682119220495224,3.981250286102295
3022,3914.379890468903,0.01156584545969963,0.05000000074505806,0.166502445936203,4.487499713897705
3023,3915.9376616813242,0.016342947259545326,0.05000000074505806,0.15795055031776428,4.2272725105285645
3024,3916.79908410646,0.012842388823628426,0.05000000074505806,0.16839081048965454,4.704761981964111
3025,3917.7608477426693,0.01282567996531725,0.05000000074505806,0.1671985685825348,4.5
3026,3919.1752083273605,0.01152264978736639,0.05000000074505806,0.15903812646865845,4.2347822189331055
3027,3920.2756552081555,0.011083649471402168,0.05000000074505806,0.16777344048023224,4.333333492279053
3028,3921.5121036702767,0.012000716291368008,0.05000000074505806,0.16430769860744476,4.338095188140869
3029,3922.406104819849,0.014376767911016941,0.05000000074505806,0.1605898141860962,3.99696946144104
3030,3924.322117349133,0.012822144664824009,0.05000000074505806,0.1654173880815506,4.328571319580078
3031,3925.7443369124085,0.01274687796831131,0.05000000074505806,0.17386935651302338,4.587500095367432
3032,3926.7330209342763,0.013515238650143147,0.05000000074505806,0.16474464535713196,4.288461208343506
3033,3928.5867062956095,0.013759089633822441,0.05000000074505806,0.17251655459403992,4.483333110809326
3034,3929.8456353675574,0.015315264463424683,0.05000000074505806,0.17355932295322418,4.400000095367432
3035,3931.150439293124,0.011988727375864983,0.05000000074505806,0.16281406581401825,4.383999824523926
3036,3932.0040863631293,0.011371276341378689,0.05000000074505806,0.16731928288936615,4.225925922393799
3037,3933.432717495598,0.013739318586885929,0.05000000074505806,0.17047451436519623,4.376191139221191
3038,3934.3058892963454,0.011401833035051823,0.05000000074505806,0.16596491634845734,4.470588207244873
3039,3935.739996196702,0.013628953136503696,0.05000000074505806,0.1666163057088852,4.372726917266846
3040,3937.7551038609818,0.01394714042544365,0.05000000074505806,0.1672818809747696,4.487499713897705
3041,3939.205133382231,0.012860056944191456,0.05000000074505806,0.16494464874267578,4.270833492279053
3042,3940.9434655923396,0.012645905837416649,0.05000000074505806,0.1712837666273117,4.387499809265137
3043,3941.8425933700055,0.012227712199091911,0.05000000074505806,0.16628850996494293,4.179166793823242
3044,3943.20081278868,0.012599989771842957,0.05000000074505806,0.15576620399951935,4.320833683013916
3045,3944.4316438660026,0.014074648730456829,0.05000000074505806,0.1658862829208374,4.0958333015441895
3046,3945.7680771620944,0.012367382645606995,0.05000000074505806,0.17719298601150513,5.253333568572998
3047,3946.639638453722,0.011684502474963665,0.05000000074505806,0.1833922117948532,4.8894734382629395
3048,3947.499499098398,0.01427626982331276,0.05000000074505806,0.16550633311271667,4.284615516662598
3049,3948.836410158314,0.013899375684559345,0.05000000074505806,0.17179931700229645,4.617391586303711
3050,3951.3456538403407,0.013568193651735783,0.05000000074505806,0.16455480456352234,4.245454788208008
3051,3952.6844777222723,0.011709202080965042,0.05000000074505806,0.16145455837249756,4.425000190734863
3052,3953.862331395969,0.011730299331247807,0.05000000074505806,0.16990740597248077,4.199999809265137
3053,3954.959300057031,0.014302294701337814,0.05000000074505806,0.16732852160930634,4.5428571701049805
3054,3957.503731135279,0.01183142140507698,0.05000000074505806,0.1720000058412552,4.6526312828063965
3055,3959.427682726644,0.012957088649272919,0.05000000074505806,0.16738739609718323,4.412499904632568
3056,3960.4300242597237,0.010067819617688656,0.05000000074505806,0.1771019697189331,4.724999904632568
3057,3961.3216788638383,0.013121532276272774,0.05000000074505806,0.16238243877887726,4.3416666984558105
3058,3963.1411884501576,0.009806656278669834,0.05000000074505806,0.1657099723815918,4.027585983276367
3059,3964.926954588853,0.013013492338359356,0.05000000074505806,0.16465798020362854,4.308000087738037
3060,3966.6917796358466,0.011763403192162514,0.05000000074505806,0.16254682838916779,4.486666679382324
3061,3967.5907451966777,0.013671093620359898,0.05000000074505806,0.17790697515010834,4.573913097381592
3062,3968.997425325215,0.012318281456828117,0.05000000074505806,0.1682419627904892,4.69523811340332
3063,3969.7774376962334,0.012609775178134441,0.05000000074505806,0.15849623084068298,4.025925636291504
3064,3971.263452881016,0.013773985207080841,0.05000000074505806,0.15811966359615326,4.030434608459473
3065,3972.1842458201572,0.012702576816082,0.05000000074505806,0.18296146392822266,5.068750381469727
3066,3973.0649233134463,0.012383416295051575,0.05000000074505806,0.1732538342475891,4.566667079925537
3067,3973.969587525353,0.014683177694678307,0.05000000074505806,0.16073131561279297,4.352174282073975
3068,3975.096449982375,0.011661798693239689,0.05000000074505806,0.157511368393898,3.90740704536438
3069,3976.3446094458923,0.01408357173204422,0.05000000074505806,0.16523364186286926,4.5411763191223145
3070,3977.9278158629313,0.014319694600999355,0.05000000074505806,0.1696428507566452,4.459090709686279
3071,3979.455277473666,0.012873963452875614,0.05000000074505806,0.15890410542488098,4.171999931335449
3072,3981.879031118937,0.015603318810462952,0.05000000074505806,0.16096553206443787,3.812499523162842
3073,3982.9964112285525,0.012814112938940525,0.05000000074505806,0.18388888239860535,4.779999732971191
3074,3984.980391599238,0.011882890947163105,0.05000000074505806,0.17045454680919647,4.518518447875977
3075,3985.8935599979013,0.01176295056939125,0.05000000074505806,0.17725692689418793,4.831250190734863
3076,3986.7779232412577,0.011795006692409515,0.05000000074505806,0.1539325714111328,4.07826042175293
3077,3987.6389605458826,0.012312483973801136,0.05000000074505806,0.1686786413192749,4.288461208343506
3078,3989.1012065438554,0.013470959849655628,0.05000000074505806,0.16946826875209808,4.223999977111816
3079,3990.0683430843055,0.012170735746622086,0.05000000074505806,0.16215333342552185,4.381818771362305
3080,3992.0407958216965,0.01247920747846365,0.05000000074505806,0.16310346126556396,4.300000190734863
3081,3992.914769287221,0.013473471626639366,0.05000000074505806,0.1783001869916916,4.582609176635742
3082,3994.4554339535534,0.014233817346394062,0.05000000074505806,0.17088815569877625,4.429166793823242
3083,3995.3210384789854,0.012612005695700645,0.05000000074505806,0.16887755692005157,4.490909099578857
3084,3996.203305502422,0.012664586305618286,0.05000000074505806,0.16356736421585083,4.505262851715088
3085,3997.794284359552,0.012058466672897339,0.05000000074505806,0.1752443015575409,4.669564723968506
3086,3999.0534874303266,0.013175709173083305,0.05000000074505806,0.16438792645931244,4.4043474197387695
3087,4001.0634391587228,0.011163142509758472,0.05000000074505806,0.16842104494571686,4.126086711883545
3088,4002.4601759770885,0.01434447430074215,0.05000000074505806,0.17596153914928436,4.575000286102295
3089,4004.4787759529427,0.013437425717711449,0.05000000074505806,0.15829847753047943,3.9799997806549072
3090,4005.5245422618464,0.014367640018463135,0.05000000074505806,0.1668449193239212,4.280952453613281
3091,4007.45211669337,0.010172314010560513,0.05000000074505806,0.16520269215106964,4.469564914703369
3092,4008.9366648402065,0.011626261286437511,0.05000000074505806,0.1652323603630066,4.291999340057373
3093,4010.9791597221047,0.013367021456360817,0.05000000074505806,0.17074468731880188,4.514285564422607
3094,4011.9156403113157,0.012800069525837898,0.05000000074505806,0.15879479050636292,4.552174091339111
3095,4013.424856136553,0.012426917441189289,0.05000000074505806,0.1697394698858261,4.386956214904785
3096,4015.034149058163,0.012456638738512993,0.05000000074505806,0.1797323077917099,4.849999904632568
3097,4016.5250843111426,0.013809957541525364,0.05000000074505806,0.16689655184745789,4.442856788635254
3098,4017.6395638966933,0.014943050220608711,0.05000000074505806,0.17019668221473694,4.280768871307373
3099,4018.8565097441897,0.01003565825521946,0.05000000074505806,0.1717902272939682,4.4347825050354
3100,4019.6988465534523,0.013251601718366146,0.05000000074505806,0.16768190264701843,4.510000228881836
3101,4021.4985567713156,0.012294386513531208,0.05000000074505806,0.16568322479724884,4.19655179977417
3102,4022.6180139230564,0.012969769537448883,0.05000000074505806,0.17094188928604126,4.8444437980651855
3103,4024.1543066492304,0.01186375506222248,0.05000000074505806,0.1712014228105545,4.595651626586914
3104,4025.961920595728,0.0123369749635458,0.05000000074505806,0.16482506692409515,4.466666221618652
3105,4027.435458582826,0.012801554054021835,0.05000000074505806,0.1752443164587021,4.337500095367432
3106,4028.5181790003553,0.01330026425421238,0.05000000074505806,0.1767924576997757,4.87000036239624
3107,4029.3856883635744,0.01008552871644497,0.05000000074505806,0.16159169375896454,4.3807692527771
3108,4030.9009114922956,0.013257491402328014,0.05000000074505806,0.17272727191448212,4.505882263183594
3109,4032.139032957144,0.01345824170857668,0.05000000074505806,0.16213424503803253,4.26296329498291
3110,4033.799693777226,0.015084010548889637,0.05000000074505806,0.1704174280166626,4.684210300445557
3111,4034.79551251512,0.012863047420978546,0.05000000074505806,0.15912280976772308,4.1777777671813965
3112,4035.689072831534,0.012998699210584164,0.05000000074505806,0.1641065627336502,4.30384635925293
3113,4037.367120979354,0.011796684935688972,0.05000000074505806,0.16995152831077576,4.5428571701049805
3114,4038.955213244073,0.010794789530336857,0.05000000074505806,0.16631798446178436,4.504761695861816
3115,4039.8647239366546,0.013335546478629112,0.05000000074505806,0.17464567720890045,4.5708327293396
3116,4041.2876300057396,0.01030894834548235,0.05000000074505806,0.1631336212158203,4.2814812660217285
3117,4042.516892908141,0.014210495166480541,0.05000000074505806,0.1711696833372116,4.383999824523926
3118,4043.816000647843,0.013467981480062008,0.05000000074505806,0.17323078215122223,4.417391777038574
3119,4045.34537032526,0.010883845388889313,0.05000000074505806,0.1707017421722412,4.533333778381348
3120,4046.4260143199936,0.014759453944861889,0.05000000074505806,0.16201923787593842,4.320833683013916
3121,4048.318102605641,0.013953994028270245,0.05000000074505806,0.16406728327274323,4.017857074737549
3122,4049.182861978188,0.011230994015932083,0.05000000074505806,0.1635621041059494,4.549999713897705
3123,4050.185124082491,0.01206076331436634,0.05000000074505806,0.175789475440979,4.365217685699463
3124,4051.6261781919748,0.011626692488789558,0.05000000074505806,0.1613207459449768,4.320000648498535
3125,4053.3569734869525,0.014026702381670475,0.05000000074505806,0.1645161360502243,3.95172381401062
3126,4054.500586052425,0.013273211196064949,0.05000000074505806,0.17917384207248688,4.6583333015441895
3127,4055.5183389522135,0.012836704961955547,0.05000000074505806,0.17169179022312164,4.516666412353516
3128,4056.833085459657,0.014852524735033512,0.05000000074505806,0.16003112494945526,4.0730767250061035
3129,4057.840588483028,0.011728747747838497,0.05000000074505806,0.16431452333927155,4.815384387969971
3130,4059.3348855059594,0.01292878482490778,0.05000000074505806,0.16521739959716797,4.1576924324035645
3131,4060.863411997445,0.013556796126067638,0.05000000074505806,0.1672413945198059,4.594736099243164
3132,4062.5261464752257,0.013118765316903591,0.05000000074505806,0.16989436745643616,4.092592239379883
3133,4063.7475079400465,0.012624124065041542,0.05000000074505806,0.17223265767097473,4.984999656677246
3134,4064.8213701676577,0.012461828999221325,0.05000000074505806,0.17592592537403107,5.033332824707031
3135,4065.872864608653,0.01352202333509922,0.05000000074505806,0.16850921511650085,4.4666666984558105
3136,4067.3173609180376,0.013724727556109428,0.05000000074505806,0.1608964502811432,3.9111108779907227
3137,4068.7326959138736,0.010966829024255276,0.05000000074505806,0.1623493880033493,4.491666316986084
3138,4070.2882780386135,0.012971734628081322,0.05000000074505806,0.1596865952014923,3.799999713897705
3139,4071.188240032643,0.013033317402005196,0.05000000074505806,0.16944970190525055,4.452381134033203
3140,4072.749123841524,0.015050793066620827,0.05000000074505806,0.17202268540859222,4.774999618530273
3141,4074.841368190013,0.012698691338300705,0.05000000074505806,0.1677469164133072,4.259259223937988
3142,4075.9863765183836,0.012730310671031475,0.05000000074505806,0.15912163257598877,4.236363887786865
3143,4076.8817229075357,0.012041592039167881,0.05000000074505806,0.1683693528175354,4.817646503448486
3144,4079.2929964875802,0.01077946275472641,0.05000000074505806,0.16282467544078827,4.214284896850586
3145,4080.693044112064,0.01441221870481968,0.05000000074505806,0.17286135256290436,4.355555057525635
3146,4081.7677624505013,0.013328323140740395,0.05000000074505806,0.16449511051177979,4.122222423553467
3147,4082.8359386939555,0.012608370743691921,0.05000000074505806,0.1579778790473938,4.144999980926514
3148,4084.0455755284056,0.013464786112308502,0.05000000074505806,0.16829268634319305,4.255999565124512
3149,4084.8998709265143,0.013566805981099606,0.05000000074505806,0.177147775888443,4.637500286102295
3150,4086.241803329438,0.014497051015496254,0.05000000074505806,0.16912353038787842,4.463158130645752
3151,4087.7293985467404,0.013462427072227001,0.05000000074505806,0.17920279502868652,4.795651912689209
3152,4090.0098660038784,0.013666865415871143,0.05000000074505806,0.17001734673976898,4.474999904632568
3153,4090.9787012590095,0.014010715298354626,0.05000000074505806,0.1682310402393341,5.091666221618652
3154,4091.8756408710033,0.012564541772007942,0.05000000074505806,0.1735883355140686,4.554166316986084
3155,4093.5740519631654,0.013503927737474442,0.05000000074505806,0.1651952564716339,4.426086902618408
3156,4094.9761224612594,0.012495290488004684,0.05000000074505806,0.16743801534175873,4.269230842590332
3157,4096.178496886976,0.01056616846472025,0.05000000074505806,0.17522123456001282,4.663157939910889
3158,4097.061590892263,0.01278700865805149,0.05000000074505806,0.1530541032552719,4.178260326385498
3159,4099.7713616956025,0.01307243574410677,0.05000000074505806,0.17624999582767487,4.299999713897705
3160,4101.453383793123,0.012754258699715137,0.05000000074505806,0.16844742000102997,4.681818008422852
3161,4103.274816933088,0.013345498591661453,0.05000000074505806,0.16378091275691986,4.260000228881836
3162,4104.189521864057,0.011416886001825333,0.05000000074505806,0.16388416290283203,4.430434703826904
3163,4105.571083827876,0.014387072995305061,0.05000000074505806,0.17820774018764496,4.694736480712891
3164,4107.460930811241,0.0136452941223979,0.05000000074505806,0.16206292808055878,4.5652174949646
3165,4108.711834719405,0.013482363894581795,0.05000000074505806,0.16596557199954987,4.775000095367432
3166,4110.539614696987,0.01338998507708311,0.05000000074505806,0.1658758968114853,4.3913044929504395
3167,4111.911600227468,0.013844921253621578,0.05000000074505806,0.15925925970077515,4.111999988555908
3168,4112.716836115345,0.010579445399343967,0.05000000074505806,0.17142856121063232,4.379166126251221
3169,4115.170409727842,0.013393113389611244,0.05000000074505806,0.175789475440979,4.87647008895874
3170,4117.0398284401745,0.011531978845596313,0.05000000074505806,0.1731249988079071,4.6541666984558105
3171,4118.731016754173,0.01213994063436985,0.05000000074505806,0.16596384346485138,4.099999904632568
3172,4119.74007275328,0.013284338638186455,0.05000000074505806,0.1736040562391281,4.4120001792907715
3173,4120.867598851211,0.01330049429088831,0.05000000074505806,0.16950999200344086,4.8045454025268555
3174,4122.125124787912,0.015128731727600098,0.05000000074505806,0.16182135045528412,4.178947448730469
3175,4123.694476501085,0.013182999566197395,0.05000000074505806,0.1620294600725174,4.382608413696289
3176,4124.722236908041,0.01142797525972128,0.05000000074505806,0.17758619785308838,4.370833396911621
3177,4125.740858760662,0.013866516761481762,0.05000000074505806,0.16427184641361237,4.726315498352051
3178,4126.998091652058,0.014476620592176914,0.05000000074505806,0.1795591115951538,4.865000247955322
3179,4128.099165662192,0.013370159082114697,0.05000000074505806,0.179824560880661,5.263636112213135
3180,4129.3192575555295,0.011768371798098087,0.05000000074505806,0.17150083184242249,4.7173919677734375
3181,4130.322399606928,0.011118171736598015,0.05000000074505806,0.17225520312786102,4.337037086486816
3182,4132.106355629861,0.013807627372443676,0.05000000074505806,0.16387194395065308,4.054166316986084
3183,4133.50373515673,0.01298484392464161,0.05000000074505806,0.15818452835083008,4.142307281494141
3184,4134.370268583298,0.012023281306028366,0.05000000074505806,0.16704918444156647,4.111111164093018
3185,4135.459008587524,0.012540558353066444,0.05000000074505806,0.17697367072105408,4.537499904632568
3186,4137.001521109603,0.013824276626110077,0.05000000074505806,0.1667182594537735,4.308333873748779
3187,4138.310995463282,0.011611126363277435,0.05000000074505806,0.162289559841156,4.2272725105285645
3188,4139.965779243968,0.012626283802092075,0.05000000074505806,0.17521007359027863,4.881250381469727
3189,4141.79661831446,0.013116137124598026,0.05000000074505806,0.1597682237625122,4.139130115509033
3190,4142.694949651137,0.015349374152719975,0.05000000074505806,0.17414633929729462,4.625
3191,4144.171902311966,0.012969999574124813,0.05000000074505806,0.16982342302799225,4.192307472229004
3192,4145.167293837294,0.011116468347609043,0.05000000074505806,0.1633445918560028,4.445833206176758
3193,4146.935388317332,0.012325935997068882,0.05000000074505806,0.18010564148426056,4.442105293273926
3194,4147.801226517186,0.011889589950442314,0.05000000074505806,0.17419928312301636,4.986363410949707
3195,4148.764421266504,0.013740305788815022,0.05000000074505806,0.1759786456823349,4.582608699798584
3196,4150.788879171014,0.014225441962480545,0.05000000074505806,0.16413043439388275,4.184210300445557
3197,4152.611910366453,0.012621590867638588,0.05000000074505806,0.1653418093919754,4.452174186706543
3198,4154.116992992349,0.01316804438829422,0.05000000074505806,0.1721590906381607,4.554999351501465
3199,4156.2397764939815,0.012740102596580982,0.05000000074505806,0.15789473056793213,3.995999813079834
3200,4157.208470233716,0.014847759157419205,0.05000000074505806,0.17499999701976776,4.660869598388672
3201,4158.227833892219,0.012500019744038582,0.05000000074505806,0.1682419627904892,4.735294342041016
3202,4159.11222074274,0.014241637662053108,0.05000000074505806,0.17173144221305847,4.585714340209961
3203,4160.801116424613,0.01224679034203291,0.05000000074505806,0.16482335329055786,4.34074068069458
3204,4162.739408406429,0.01144998986274004,0.05000000074505806,0.174869105219841,4.37999963760376
3205,4163.5962525215,0.011692557483911514,0.05000000074505806,0.16471698880195618,4.699999809265137
3206,4165.148277479224,0.01293872855603695,0.05000000074505806,0.16376404464244843,4.200000286102295
3207,4166.784343313426,0.013476652093231678,0.05000000074505806,0.16975684463977814,4.1310343742370605
3208,4168.1515144454315,0.013266936875879765,0.05000000074505806,0.16217103600502014,4.229166507720947
3209,4169.257639671676,0.012519667856395245,0.05000000074505806,0.17407406866550446,4.6449995040893555
3210,4170.444036418572,0.010964878834784031,0.05000000074505806,0.16145674884319305,4.234999656677246
3211,4171.961727183312,0.01231321133673191,0.05000000074505806,0.1673770546913147,4.107407569885254
3212,4173.111946380697,0.011975604109466076,0.05000000074505806,0.1723027378320694,4.520833492279053
3213,4174.689344883896,0.012622563168406487,0.05000000074505806,0.17419354617595673,4.93684196472168
3214,4175.520888879895,0.011053659953176975,0.05000000074505806,0.1708754152059555,4.569565296173096
3215,4176.353838519193,0.011783255264163017,0.05000000074505806,0.18140794336795807,4.704347610473633
3216,4177.649528180249,0.01359870471060276,0.05000000074505806,0.1715930849313736,4.405555248260498
3217,4178.9621542664245,0.012160680256783962,0.05000000074505806,0.16836734116077423,4.663635730743408
3218,4180.400900793262,0.014782549813389778,0.05000000074505806,0.162012979388237,4.144000053405762
3219,4182.662826943211,0.013149833306670189,0.05000000074505806,0.17534518241882324,4.6529412269592285
3220,4184.371670471504,0.010398506186902523,0.05000000074505806,0.16794057190418243,4.8947367668151855
3221,4185.602158872411,0.011880690231919289,0.05000000074505806,0.16572505235671997,4.305000305175781
3222,4186.527199747972,0.012311085127294064,0.05000000074505806,0.17415928840637207,4.993332862854004
3223,4187.801627657376,0.013436038047075272,0.05000000074505806,0.17341136932373047,4.307692527770996
3224,4190.003396966495,0.013146685436367989,0.05000000074505806,0.16177473962306976,4.4708333015441895
3225,4191.04739477206,0.012837030924856663,0.05000000074505806,0.17134146392345428,3.9519999027252197
3226,4192.603695806116,0.01116043608635664,0.05000000074505806,0.1616438329219818,4.450000286102295
3227,4194.223981175572,0.01366331335157156,0.05000000074505806,0.16088329255580902,4.111111164093018
3228,4195.131335956976,0.012199807912111282,0.05000000074505806,0.16296295821666718,4.299999713897705
3229,4196.359726637602,0.011926056817173958,0.05000000074505806,0.1694573611021042,4.057692050933838
3230,4197.2912718672305,0.012815253809094429,0.05000000074505806,0.1629059761762619,4.308332920074463
3231,4198.300717419945,0.012156571261584759,0.05000000074505806,0.16780953109264374,4.858822822570801
3232,4199.959022568539,0.010699893347918987,0.05000000074505806,0.16780000925064087,4.360000133514404
3233,4201.983708211221,0.014157002791762352,0.05000000074505806,0.17430278658866882,4.9388885498046875
3234,4203.3595778904855,0.011198649182915688,0.05000000074505806,0.16643717885017395,4.365000247955322
3235,4205.050814805552,0.01335208211094141,0.05000000074505806,0.16814671456813812,4.661904811859131
3236,4205.970012057573,0.013830862008035183,0.05000000074505806,0.1564784198999405,4.320000171661377
3237,4207.206104659475,0.013051069341599941,0.05000000074505806,0.17152103781700134,4.264999866485596
3238,4208.7958700582385,0.014842776581645012,0.05000000074505806,0.17356745898723602,4.560870170593262
3239,4210.42639023345,0.013076134026050568,0.05000000074505806,0.17419999837875366,4.645454406738281
3240,4212.083088309504,0.014661729335784912,0.05000000074505806,0.1640986204147339,4.409523963928223
3241,4213.081509910524,0.012807725928723812,0.05000000074505806,0.16214057803153992,4.151851654052734
3242,4214.644763476215,0.013707179576158524,0.05000000074505806,0.1770000010728836,4.440909385681152
3243,4216.04471203126,0.013678636401891708,0.05000000074505806,0.1760714203119278,4.777273178100586
3244,4216.885957154445,0.011655067093670368,0.05000000074505806,0.17676056921482086,4.657142639160156
3245,4218.343696279451,0.012353126890957355,0.05000000074505806,0.16420359909534454,4.454166412353516
3246,4219.777821808122,0.011446865275502205,0.05000000074505806,0.1654147058725357,4.594444751739502
3247,4221.592607947066,0.01343983318656683,0.05000000074505806,0.16400708258152008,4.0423078536987305
3248,4222.474887800403,0.013023123145103455,0.05000000074505806,0.16987766325473785,4.30384635925293
3249,4223.587448742241,0.011451606638729572,0.05000000074505806,0.17573657631874084,4.558333396911621
3250,4224.678222746588,0.011260812170803547,0.05000000074505806,0.1770491749048233,4.566666603088379
3251,4226.217500482686,0.011196071282029152,0.05000000074505806,0.15973253548145294,4.2419352531433105
3252,4227.716912937351,0.012439889833331108,0.05000000074505806,0.17054793238639832,4.422222137451172
3253,4229.019314479083,0.013677294366061687,0.05000000074505806,0.17038461565971375,4.5947370529174805
3254,4230.415581242181,0.01074096281081438,0.05000000074505806,0.16718479990959167,4.59499979019165
3255,4231.327621630393,0.012733634561300278,0.05000000074505806,0.16689419746398926,4.447826385498047
3256,4232.83977452945,0.01162915863096714,0.05000000074505806,0.17853403091430664,4.531999588012695
3257,4234.63390906062,0.010438264347612858,0.05000000074505806,0.1829875409603119,4.900000095367432
3258,4235.732086177915,0.013222433626651764,0.05000000074505806,0.17486724257469177,4.768420696258545
3259,4237.309066524729,0.014293381944298744,0.05000000074505806,0.17505286633968353,5.059999942779541
3260,4238.412022605538,0.01155806053429842,0.05000000074505806,0.17777776718139648,4.910000324249268
3261,4240.047995388508,0.0125071220099926,0.05000000074505806,0.17348353564739227,4.675000190734863
3262,4240.95176462736,0.012672016397118568,0.05000000074505806,0.17163865268230438,4.725000381469727
3263,4241.882481910288,0.0127421198412776,0.05000000074505806,0.1658163219690323,4.727777481079102
3264,4242.769734321162,0.013562065549194813,0.05000000074505806,0.1547655165195465,3.8714287281036377
3265,4244.875298484229,0.012325298972427845,0.05000000074505806,0.16877077519893646,4.287499904632568
3266,4246.635300929658,0.011889206245541573,0.05000000074505806,0.1591133028268814,4.230434417724609
3267,4247.983014446683,0.013616716489195824,0.05000000074505806,0.1648312658071518,4.3954548835754395
3268,4249.462427414954,0.01258681621402502,0.05000000074505806,0.16722533106803894,4.433333396911621
3269,4250.33442097716,0.012024280615150928,0.05000000074505806,0.17272725701332092,4.5428571701049805
3270,4251.300868998282,0.01231503114104271,0.05000000074505806,0.17487923800945282,4.420000076293945
3271,4252.813914265484,0.012546809390187263,0.05000000074505806,0.16307692229747772,4.4666666984558105
3272,4253.692381145433,0.012446071021258831,0.05000000074505806,0.18418079614639282,4.764705657958984
3273,4255.800627844408,0.012417135760188103,0.05000000074505806,0.17871622741222382,4.614285945892334
3274,4258.363057578914,0.013144024647772312,0.05000000074505806,0.16787761449813843,4.836363792419434
3275,4259.900909312069,0.012526669539511204,0.05000000074505806,0.162709042429924,4.382608890533447
3276,4260.836343387142,0.013158783316612244,0.05000000074505806,0.16851548850536346,4.082608222961426
3277,4263.233340754174,0.01215276401489973,0.05000000074505806,0.18593408167362213,5.252941131591797
3278,4264.486671893857,0.011898169293999672,0.05000000074505806,0.1784893274307251,4.8173909187316895
3279,4265.352386984974,0.012274172157049179,0.05000000074505806,0.16124999523162842,4.133333683013916
3280,4267.065361890942,0.014314241707324982,0.05000000074505806,0.18587195873260498,5.186666488647461
3281,4268.737819916569,0.01042767334729433,0.05000000074505806,0.1636952906847,4.287499904632568
3282,4269.704380040057,0.011475808918476105,0.05000000074505806,0.18095237016677856,4.890908718109131
3283,4270.938259547576,0.012165280058979988,0.05000000074505806,0.16968172788619995,4.4039998054504395
3284,4271.815601292998,0.011502317152917385,0.05000000074505806,0.1664670705795288,4.765000343322754
3285,4272.728142340668,0.012667400762438774,0.05000000074505806,0.16833630204200745,5.433332920074463
3286,4273.899321643636,0.014027765020728111,0.05000000074505806,0.1782258003950119,4.369565010070801
3287,4275.226272564381,0.011506221257150173,0.05000000074505806,0.17714287340641022,4.866666316986084
3288,4276.1432685460895,0.011842039413750172,0.05000000074505806,0.1801268458366394,5.0
3289,4278.372660018504,0.010920125059783459,0.05000000074505806,0.1591528058052063,4.19615364074707
3290,4279.2245525456965,0.012689296156167984,0.05000000074505806,0.17556719481945038,4.55555534362793
3291,4280.393589482643,0.012261527590453625,0.05000000074505806,0.17088815569877625,4.704999923706055
3292,4281.621667114086,0.010794569738209248,0.05000000074505806,0.16976745426654816,4.403846263885498
3293,4283.094977159053,0.009936660528182983,0.05000000074505806,0.16717267036437988,4.590909004211426
3294,4284.197472387925,0.012027858756482601,0.05000000074505806,0.18003733456134796,4.617647171020508
3295,4285.51482238248,0.009405139833688736,0.05000000074505806,0.1763765662908554,4.837500095367432
3296,4287.793894083239,0.011981505900621414,0.05000000074505806,0.15285935997962952,4.059259414672852
3297,4289.833009688184,0.011439908295869827,0.05000000074505806,0.16838711500167847,4.189473628997803
3298,4291.725177909248,0.01262297760695219,0.05000000074505806,0.17213115096092224,4.549999713897705
3299,4293.439086296596,0.011246542446315289,0.05000000074505806,0.17284643650054932,4.352631568908691
3300,4295.714751309715,0.012360556051135063,0.05000000074505806,0.17029361426830292,4.799999713897705
3301,4296.573020415381,0.012273533269762993,0.05000000074505806,0.1714770793914795,4.395833492279053
3302,4297.990210343152,0.011620157398283482,0.05000000074505806,0.17388059198856354,4.678260326385498
3303,4299.54636893142,0.01416750904172659,0.05000000074505806,0.17205169796943665,4.386363506317139
3304,4300.904451306909,0.011833914555609226,0.05000000074505806,0.15979021787643433,4.314286231994629
3305,4302.395594962873,0.01298847608268261,0.05000000074505806,0.1757764220237732,4.946667194366455
3306,4303.914438446052,0.013071264140307903,0.05000000074505806,0.18166351318359375,5.154999732971191
3307,4305.006275769323,0.012873008847236633,0.05000000074505806,0.1763860434293747,4.766666412353516
3308,4305.924798945896,0.011502495035529137,0.05000000074505806,0.1546439826488495,4.266666412353516
3309,4306.87799256295,0.012970873154699802,0.05000000074505806,0.16147059202194214,3.88620662689209
3310,4308.494296575896,0.013135976158082485,0.05000000074505806,0.18615107238292694,4.84782600402832
3311,4309.801383876242,0.013697526417672634,0.05000000074505806,0.1676190346479416,4.5
3312,4311.613369740546,0.012125293724238873,0.05000000074505806,0.17928436398506165,4.941176414489746
3313,4312.569447315298,0.011974819004535675,0.05000000074505806,0.163953498005867,4.286956310272217
3314,4314.009031968191,0.012488218955695629,0.05000000074505806,0.16514195501804352,4.420000076293945
3315,4315.100724316202,0.011284327134490013,0.05000000074505806,0.16521060466766357,4.169230937957764
3316,4316.8772883480415,0.011312494054436684,0.05000000074505806,0.1623488813638687,4.28636360168457
3317,4318.143271521665,0.01376730389893055,0.05000000074505806,0.1670774519443512,4.482609272003174
3318,4319.609724065289,0.012451238930225372,0.05000000074505806,0.1782435178756714,5.142856597900391
3319,4320.803698109463,0.01535838097333908,0.05000000074505806,0.15618321299552917,4.1724138259887695
3320,4322.4131294656545,0.012913967482745647,0.05000000074505806,0.16462479531764984,3.9166667461395264
3321,4323.28771357052,0.014171699061989784,0.05000000074505806,0.1623973697423935,4.508333206176758
3322,4325.4228285793215,0.011544661596417427,0.05000000074505806,0.16793479025363922,4.144444465637207
3323,4327.128663414158,0.012880324386060238,0.05000000074505806,0.16907405853271484,4.74545431137085
3324,4329.408452171832,0.010189133696258068,0.05000000074505806,0.16329112648963928,4.568181991577148
3325,4330.727987753227,0.01348824892193079,0.05000000074505806,0.17993199825286865,4.53181791305542
3326,4331.69688733574,0.012166774831712246,0.05000000074505806,0.166312575340271,4.257692337036133
3327,4332.639567594044,0.013602960854768753,0.05000000074505806,0.16985644400119781,4.547368049621582
3328,4333.543824600056,0.011420526541769505,0.05000000074505806,0.16805323958396912,4.437500476837158
3329,4334.742043057457,0.014449842274188995,0.05000000074505806,0.16462808847427368,4.340909004211426
3330,4335.763587640598,0.01397885475307703,0.05000000074505806,0.16892561316490173,4.096296310424805
3331,4336.828039983287,0.013158082030713558,0.05000000074505806,0.16786324977874756,4.608333587646484
3332,4337.867595453747,0.011360503733158112,0.05000000074505806,0.17072418332099915,4.239999771118164
3333,4338.966094445437,0.01355883851647377,0.05000000074505806,0.16475096344947815,4.328571796417236
3334,4340.743582189083,0.01269146054983139,0.05000000074505806,0.17538462579250336,5.143750190734863
3335,4342.319715450518,0.013425002805888653,0.05000000074505806,0.1771126687526703,4.721052169799805
3336,4343.754549450241,0.011217732913792133,0.05000000074505806,0.17862318456172943,4.599999904632568
3337,4345.69945111312,0.012016539461910725,0.05000000074505806,0.16892428696155548,4.855555534362793
3338,4347.136574237607,0.01069600135087967,0.05000000074505806,0.1622377634048462,4.304347515106201
3339,4348.556469310075,0.013441111892461777,0.05000000074505806,0.1703999936580658,5.236363887786865
3340,4349.51228287071,0.012983179651200771,0.05000000074505806,0.17346154153347015,4.247618675231934
3341,4350.766048735008,0.014694664627313614,0.05000000074505806,0.178048774600029,5.238888263702393
3342,4352.616480130702,0.011093055829405785,0.05000000074505806,0.15929077565670013,4.0916666984558105
3343,4353.975655669346,0.012220998294651508,0.05000000074505806,0.16836419701576233,4.10357141494751
3344,4355.196942665614,0.01243741437792778,0.05000000074505806,0.17572253942489624,4.800000190734863
3345,4356.2560614859685,0.014026278629899025,0.05000000074505806,0.1696920543909073,4.528571128845215
3346,4357.156592167914,0.013498196378350258,0.05000000074505806,0.16339969635009766,4.265384674072266
3347,4358.144630481489,0.013572059571743011,0.05000000074505806,0.16965098679065704,4.237500190734863
3348,4359.005862695165,0.014596137218177319,0.05000000074505806,0.17392054200172424,4.365384578704834
3349,4361.08148183953,0.01272744219750166,0.05000000074505806,0.16471734642982483,4.747618675231934
3350,4361.945377165452,0.012446758337318897,0.05000000074505806,0.17703253030776978,4.731249809265137
3351,4362.946405543946,0.01503817830234766,0.05000000074505806,0.16448326408863068,4.605882167816162
3352,4363.818960857578,0.011221696622669697,0.05000000074505806,0.16063649952411652,4.1777777671813965
3353,4364.708969857544,0.014151444658637047,0.05000000074505806,0.17195765674114227,4.413043022155762
3354,4365.695089697838,0.010695899836719036,0.05000000074505806,0.17114093899726868,4.379167079925537
3355,4366.621820509434,0.011537862941622734,0.05000000074505806,0.18039926886558533,4.804166793823242
3356,4367.979448559694,0.012564699165523052,0.05000000074505806,0.1607547104358673,4.587500095367432
3357,4368.882278194651,0.011475390754640102,0.05000000074505806,0.16753731667995453,4.516666412353516
3358,4370.052351601422,0.0127242561429739,0.05000000074505806,0.17314110696315765,4.423076629638672
3359,4372.0063803605735,0.011802911758422852,0.05000000074505806,0.17508834600448608,4.5291666984558105
3360,4373.453734402545,0.012072955258190632,0.05000000074505806,0.16714973747730255,4.247826099395752
3361,4374.328043585643,0.011939589865505695,0.05000000074505806,0.17440584301948547,4.634782314300537
3362,4375.230036177672,0.012864715419709682,0.05000000074505806,0.17011070251464844,4.639999866485596
3363,4377.416841486469,0.015631945803761482,0.05000000074505806,0.173728808760643,4.8368425369262695
3364,4378.73701956775,0.013141737319529057,0.05000000074505806,0.16719743609428406,4.237500190734863
3365,4380.1611409671605,0.012273374944925308,0.05000000074505806,0.17019230127334595,4.308000087738037
3366,4381.056973123923,0.012580963782966137,0.05000000074505806,0.1716049313545227,4.353846073150635
3367,4382.047275193036,0.010794148780405521,0.05000000074505806,0.16717557609081268,4.914286136627197
3368,4383.199095997959,0.013119485229253769,0.05000000074505806,0.17331136763095856,4.399999618530273
3369,4384.798006322235,0.013168305158615112,0.05000000074505806,0.16291160881519318,4.240909099578857
3370,4385.844179811887,0.012862145900726318,0.05000000074505806,0.1782073676586151,4.824999809265137
3371,4386.739416120574,0.0133376969024539,0.05000000074505806,0.16518153250217438,4.181818008422852
3372,4387.659958974458,0.012291268445551395,0.05000000074505806,0.1589614748954773,4.714285850524902
3373,4389.299132615328,0.01240912452340126,0.05000000074505806,0.17198140919208527,4.139999866485596
3374,4390.24280173704,0.013140324503183365,0.05000000074505806,0.1538461595773697,4.12000036239624
3375,4391.139709801413,0.011722351424396038,0.05000000074505806,0.17550675570964813,4.400000095367432
3376,4392.682725451887,0.012604582123458385,0.05000000074505806,0.16548223793506622,4.714999675750732
3377,4395.100286974572,0.010857347398996353,0.05000000074505806,0.16430769860744476,4.157691955566406
3378,4396.025600160472,0.015348346903920174,0.05000000074505806,0.16393442451953888,4.339130401611328
3379,4396.923962417059,0.012939362786710262,0.05000000074505806,0.17576922476291656,4.473684310913086
3380,4397.917203001678,0.012227249331772327,0.05000000074505806,0.1765652894973755,4.769565105438232
3381,4399.34535964299,0.012501224875450134,0.05000000074505806,0.16613757610321045,4.705263137817383
3382,4400.41963668447,0.01327546313405037,0.05000000074505806,0.16207386553287506,4.151612758636475
3383,4401.278191788122,0.013132485561072826,0.05000000074505806,0.16321656107902527,4.041666507720947
3384,4402.325678031892,0.014831994660198689,0.05000000074505806,0.17023809254169464,4.505000114440918
3385,4403.414644186385,0.01281068567186594,0.05000000074505806,0.17301587760448456,4.5291666984558105
3386,4404.242605322972,0.013599824160337448,0.05000000074505806,0.18143711984157562,4.787499904632568
3387,4405.103787652217,0.01330153364688158,0.05000000074505806,0.16864408552646637,4.673684597015381
3388,4406.114626606926,0.013132675550878048,0.05000000074505806,0.1615963727235794,4.296296119689941
3389,4407.71225303039,0.013587182387709618,0.05000000074505806,0.17326007783412933,4.338095664978027
3390,4409.843500853516,0.013212443329393864,0.05000000074505806,0.16059604287147522,4.4041666984558105
3391,4412.037806585431,0.011773968115448952,0.05000000074505806,0.17244525253772736,4.373912811279297
3392,4413.530435682274,0.013428936712443829,0.05000000074505806,0.16651377081871033,4.473076820373535
3393,4415.0195462675765,0.014116714708507061,0.05000000074505806,0.17354950308799744,4.414285659790039
3394,4415.886927327141,0.014371225610375404,0.05000000074505806,0.16061092913150787,4.350000381469727
3395,4416.941224955022,0.0121019771322608,0.05000000074505806,0.1676691621541977,4.630768775939941
3396,4417.941256122664,0.010967269539833069,0.05000000074505806,0.18123790621757507,4.761904716491699
3397,4419.121770004742,0.013695113360881805,0.05000000074505806,0.1722330003976822,4.890475749969482
3398,4420.025814936496,0.014955922029912472,0.05000000074505806,0.1735815703868866,4.515000343322754
3399,4421.005775541067,0.01161839347332716,0.05000000074505806,0.1672101467847824,4.508695602416992
3400,4421.873269956559,0.012326191179454327,0.05000000074505806,0.18165679275989532,5.341667175292969
3401,4423.323902262375,0.012480192817747593,0.05000000074505806,0.16183575987815857,4.319999694824219
3402,4424.212872702628,0.011913910508155823,0.05000000074505806,0.16823162138462067,4.4583330154418945
3403,4425.203596055508,0.012555871158838272,0.05000000074505806,0.16177846491336823,4.121428489685059
3404,4427.484493085183,0.01265759114176035,0.05000000074505806,0.1693103313446045,4.6521735191345215
3405,4429.06759164948,0.014036702923476696,0.05000000074505806,0.1705985814332962,4.452381134033203
3406,4430.392632516101,0.013765279203653336,0.05000000074505806,0.1720735877752304,4.420000076293945
3407,4432.483140534721,0.013734386302530766,0.05000000074505806,0.16280587017536163,4.42307710647583
3408,4434.187114149332,0.012689630500972271,0.05000000074505806,0.17175324261188507,4.125000476837158
3409,4435.6596743855625,0.01230353768914938,0.05000000074505806,0.16718751192092896,4.416666507720947
3410,4436.542016734369,0.013789370656013489,0.05000000074505806,0.16344937682151794,4.323999881744385
3411,4437.427926529199,0.010652485303580761,0.05000000074505806,0.17277675867080688,4.58695650100708
3412,4438.8135283738375,0.014618518762290478,0.05000000074505806,0.184671550989151,4.995454788208008
3413,4440.433061555959,0.012814278714358807,0.05000000074505806,0.17175573110580444,4.529411792755127
3414,4441.5509083410725,0.011736782267689705,0.05000000074505806,0.16598747670650482,4.523809432983398
3415,4442.427298870869,0.012743360362946987,0.05000000074505806,0.16746626794338226,4.192000389099121
3416,4444.013614777476,0.011576417833566666,0.05000000074505806,0.1646258682012558,4.275000095367432
3417,4445.007658245973,0.01081774476915598,0.05000000074505806,0.17129486799240112,4.359090805053711
3418,4446.579416830093,0.012362477369606495,0.05000000074505806,0.16552287340164185,4.570833206176758
3419,4447.713621086441,0.012689278461039066,0.05000000074505806,0.16567164659500122,3.876922845840454
3420,4449.368977647275,0.011707061901688576,0.05000000074505806,0.17389313876628876,4.411999702453613
3421,4451.084840293974,0.013408570550382137,0.05000000074505806,0.16634614765644073,4.415384292602539
3422,4452.742536635138,0.011301127262413502,0.05000000074505806,0.16791366040706635,4.292592525482178
3423,4454.510286307894,0.013903426937758923,0.05000000074505806,0.16112902760505676,4.199999809265137
3424,4455.3472101399675,0.013331247493624687,0.05000000074505806,0.17248059809207916,4.825000286102295
3425,4456.514904037118,0.012935589998960495,0.05000000074505806,0.17380495369434357,4.441176414489746
3426,4457.702603394166,0.013472880236804485,0.05000000074505806,0.16311953961849213,4.188889026641846
3427,4459.129821738228,0.011881771497428417,0.05000000074505806,0.15810593962669373,4.109090805053711
3428,4461.225065554492,0.01304570771753788,0.05000000074505806,0.16605837643146515,4.481818675994873
3429,4463.317528502084,0.011568034067749977,0.05000000074505806,0.17536765336990356,4.304347991943359
3430,4464.583231425844,0.01398035604506731,0.05000000074505806,0.18151986598968506,5.238094806671143
3431,4465.628708972596,0.01312252040952444,0.05000000074505806,0.16920731961727142,4.273077011108398
3432,4466.873445576057,0.010423303581774235,0.05000000074505806,0.1625407189130783,4.118518829345703
3433,4470.158618981019,0.010255249217152596,0.05000000074505806,0.16358883678913116,4.30476188659668
3434,4472.370678351261,0.011889379471540451,0.05000000074505806,0.16546547412872314,4.203703880310059
3435,4473.630145767704,0.013070766814053059,0.05000000074505806,0.15906250476837158,4.238889217376709
3436,4475.264576376416,0.011823532171547413,0.05000000074505806,0.1615273803472519,3.926666736602783
3437,4477.327801615931,0.011205275543034077,0.05000000074505806,0.17370304465293884,4.639130115509033
3438,4478.391483861953,0.013362308032810688,0.05000000074505806,0.17521078884601593,4.547058582305908
3439,4479.4288494242355,0.01235058344900608,0.05000000074505806,0.16028039157390594,4.285184860229492
3440,4480.641613331623,0.01307972427457571,0.05000000074505806,0.17309735715389252,4.552173614501953
3441,4481.737501126714,0.011188417673110962,0.05000000074505806,0.1841827780008316,4.743478298187256
3442,4482.585795419291,0.012992569245398045,0.05000000074505806,0.16860069334506989,4.504166603088379
3443,4483.522839249112,0.013271761126816273,0.05000000074505806,0.1788034290075302,4.604761600494385
3444,4485.2668984066695,0.011348165571689606,0.05000000074505806,0.17684021592140198,4.655555248260498
3445,4487.241022465751,0.014713776297867298,0.05000000074505806,0.16371680796146393,4.78181791305542
3446,4488.1001148130745,0.012517418712377548,0.05000000074505806,0.17686274647712708,4.626315593719482
3447,4489.683587305248,0.012642896734178066,0.05000000074505806,0.17010676860809326,4.482608795166016
3448,4491.059500539675,0.011211530305445194,0.05000000074505806,0.1738843023777008,4.765000343322754
3449,4491.95238070935,0.013179541565477848,0.05000000074505806,0.15918366611003876,3.9294114112854004
3450,4493.3446373566985,0.01004359032958746,0.05000000074505806,0.16016130149364471,4.061904430389404
3451,4495.242555849254,0.011675475165247917,0.05000000074505806,0.173049658536911,4.610525608062744
3452,4497.1076269885525,0.013311168178915977,0.05000000074505806,0.16210995614528656,4.226922988891602
3453,4498.689311907627,0.01274686586111784,0.05000000074505806,0.17008696496486664,4.286956310272217
3454,4500.040219113231,0.012191984802484512,0.05000000074505806,0.16119658946990967,4.491304397583008
3455,4501.774461512454,0.012474586255848408,0.05000000074505806,0.179933100938797,4.464000225067139
3456,4503.358571191318,0.012268767692148685,0.05000000074505806,0.16327503323554993,4.268181324005127
3457,4504.26781624835,0.01163116842508316,0.05000000074505806,0.17996422946453094,4.595652103424072
3458,4505.2034022687,0.011043358594179153,0.05000000074505806,0.16327159106731415,4.311538219451904
3459,4506.086467196234,0.012425956316292286,0.05000000074505806,0.1835443079471588,4.925000190734863
3460,4508.076350003481,0.012584962882101536,0.05000000074505806,0.18197673559188843,5.082353115081787
3461,4509.316285516135,0.015018430538475513,0.05000000074505806,0.1644670069217682,4.329166889190674
3462,4510.584697436541,0.012362014502286911,0.05000000074505806,0.16356073319911957,4.5
3463,4512.679740312509,0.013314159587025642,0.05000000074505806,0.16979333758354187,4.215384483337402
3464,4513.910182160325,0.01387879066169262,0.05000000074505806,0.16989795863628387,4.5833330154418945
3465,4514.774976074696,0.012243425473570824,0.05000000074505806,0.1788908839225769,4.716666221618652
3466,4516.159624845721,0.013111662119626999,0.05000000074505806,0.1645209640264511,4.4039998054504395
3467,4517.756812566891,0.013700411655008793,0.05000000074505806,0.1635071039199829,4.244443893432617
3468,4519.133952542208,0.012672903947532177,0.05000000074505806,0.17211702466011047,4.140909194946289
3469,4520.394131152891,0.01283244974911213,0.05000000074505806,0.16775301098823547,4.664999961853027
3470,4522.264440039173,0.011611324734985828,0.05000000074505806,0.15511111915111542,4.066666603088379
3471,4523.752580731176,0.011628285981714725,0.05000000074505806,0.17630058526992798,4.463158130645752
3472,4525.1836222130805,0.013480937108397484,0.05000000074505806,0.16614173352718353,4.373076915740967
3473,4527.451539208181,0.012005362659692764,0.05000000074505806,0.16502311825752258,4.328000068664551
3474,4528.503767628223,0.01051281951367855,0.05000000074505806,0.16429676115512848,3.821739435195923
3475,4529.854992314242,0.013197445310652256,0.05000000074505806,0.18095238506793976,5.32941198348999
3476,4530.777616213076,0.011030517518520355,0.05000000074505806,0.1670648455619812,4.344444751739502
3477,4531.712438927963,0.01177944801747799,0.05000000074505806,0.1899786740541458,5.444444179534912
3478,4533.137077435851,0.012465338222682476,0.05000000074505806,0.16943463683128357,4.739130020141602
3479,4533.993895066902,0.010975011624395847,0.05000000074505806,0.1700589954853058,4.131999969482422
3480,4535.882415955886,0.013152316212654114,0.05000000074505806,0.1714506298303604,4.233333587646484
3481,4536.934341623448,0.0103339534252882,0.05000000074505806,0.18826816976070404,5.111111164093018
3482,4538.462462735362,0.012481183744966984,0.05000000074505806,0.16583852469921112,4.911111354827881
3483,4539.325633654371,0.011985478922724724,0.05000000074505806,0.17124544084072113,4.565217018127441
3484,4540.803793018684,0.01296413317322731,0.05000000074505806,0.1776556819677353,4.54736852645874
3485,4541.714128129184,0.01187435258179903,0.05000000074505806,0.1666666716337204,4.440909385681152
3486,4543.690363184549,0.011651131324470043,0.05000000074505806,0.16155172884464264,4.399999618530273
3487,4545.587644786574,0.013097342103719711,0.05000000074505806,0.15581737458705902,3.960714101791382
3488,4547.254639734514,0.01111388299614191,0.05000000074505806,0.16280588507652283,4.0920000076293945
3489,4548.927291249856,0.009675120934844017,0.05000000074505806,0.1754448413848877,4.505556106567383
3490,4550.38931173645,0.010982752777636051,0.05000000074505806,0.16858237981796265,4.833333492279053
3491,4551.795247249305,0.008581381291151047,0.05000000074505806,0.16382354497909546,4.177419185638428
3492,4553.096099565737,0.012133686803281307,0.05000000074505806,0.17448166012763977,4.234782695770264
3493,4553.934511017986,0.013335210271179676,0.05000000074505806,0.17630663514137268,4.724999904632568
3494,4554.781985296868,0.013614427298307419,0.05000000074505806,0.17652671039104462,4.916666507720947
3495,4556.3816902097315,0.010571163147687912,0.05000000074505806,0.16760563850402832,4.688235282897949
3496,4557.6006634011865,0.011593198403716087,0.05000000074505806,0.16875000298023224,4.524999618530273
3497,4558.557620035484,0.013489051721990108,0.05000000074505806,0.1642414927482605,4.21999979019165
3498,4560.201959020458,0.012196885421872139,0.05000000074505806,0.17185929417610168,4.239999771118164
3499,4561.062777614221,0.012590811587870121,0.05000000074505806,0.17401033639907837,4.856522083282471
3500,4562.03988067992,0.013631228357553482,0.05000000074505806,0.1661360263824463,4.078571319580078
3501,4562.885733379982,0.012988814152777195,0.05000000074505806,0.16366611421108246,4.315384864807129
3502,4563.812823721208,0.013485666364431381,0.05000000074505806,0.162626251578331,4.049999713897705
3503,4566.069480911829,0.011376527138054371,0.05000000074505806,0.16982054710388184,4.576189994812012
3504,4567.0095641436055,0.013100066222250462,0.05000000074505806,0.16558966040611267,3.9761905670166016
3505,4567.926930183545,0.013362024910748005,0.05000000074505806,0.16507463157176971,4.3038458824157715
3506,4569.489611721598,0.011974961496889591,0.05000000074505806,0.16441719233989716,4.248148441314697
3507,4571.01766238641,0.01192967314273119,0.05000000074505806,0.16676969826221466,4.219230651855469
3508,4573.281539637595,0.01064035389572382,0.05000000074505806,0.17036423087120056,4.407999515533447
3509,4574.153093806468,0.013563314452767372,0.05000000074505806,0.16120219230651855,4.323809623718262
3510,4575.198203784414,0.013265260495245457,0.05000000074505806,0.17251461744308472,4.693749904632568
3511,4576.796175343916,0.012467823922634125,0.05000000074505806,0.16635160148143768,4.671428680419922
3512,4578.1479476150125,0.01315532810986042,0.05000000074505806,0.17385825514793396,4.5916666984558105
3513,4579.73407540191,0.011793411336839199,0.05000000074505806,0.16288000345230103,4.004167079925537
3514,4580.604210394435,0.012428481131792068,0.05000000074505806,0.16931608319282532,4.672727108001709
3515,4581.6699022697285,0.013506204821169376,0.05000000074505806,0.1715909093618393,4.399999618530273
3516,4582.600661255419,0.012960569933056831,0.05000000074505806,0.17833004891872406,4.752631664276123
3517,4584.979684242979,0.011203126050531864,0.05000000074505806,0.17356687784194946,4.604762077331543
3518,4586.275943574496,0.010462570935487747,0.05000000074505806,0.16434109210968018,4.26296329498291
3519,4587.319250209257,0.012844561599195004,0.05000000074505806,0.17574405670166016,4.616000175476074
3520,4588.243813525885,0.011206363327801228,0.05000000074505806,0.16629920899868011,4.203703880310059
3521,4589.4588284846395,0.014182359911501408,0.05000000074505806,0.16610942780971527,4.233333110809326
3522,4591.3062725923955,0.011433493345975876,0.05000000074505806,0.17344263195991516,4.57619047164917
3523,4592.396677925251,0.011663197539746761,0.05000000074505806,0.17316240072250366,4.4639997482299805
3524,4593.413014289923,0.01130700297653675,0.05000000074505806,0.16220340132713318,4.2791666984558105
3525,4594.45139737241,0.012618026696145535,0.05000000074505806,0.17655310034751892,4.818749904632568
3526,4595.8381675016135,0.012420674785971642,0.05000000074505806,0.17977528274059296,4.9210524559021
3527,4597.191244541667,0.013296077027916908,0.05000000074505806,0.18396227061748505,5.172221660614014
3528,4598.203236911446,0.011556143872439861,0.05000000074505806,0.16601423919200897,4.52380895614624
3529,4599.816384122707,0.01116638258099556,0.05000000074505806,0.16188117861747742,4.247825622558594
3530,4600.923148006201,0.011281528510153294,0.05000000074505806,0.1708955317735672,4.58695650100708
3531,4603.153349569999,0.015490923076868057,0.05000000074505806,0.17582038044929504,4.721738815307617
3532,4604.980636287481,0.015425441786646843,0.05000000074505806,0.16637296974658966,4.2208333015441895
3533,4605.829745231196,0.011445097625255585,0.05000000074505806,0.17197802662849426,4.194999694824219
3534,4607.470475594513,0.013448060490190983,0.05000000074505806,0.16661563515663147,4.539999961853027
3535,4609.132256711833,0.011482621543109417,0.05000000074505806,0.17079509794712067,4.2129034996032715
3536,4610.495369572192,0.010841147974133492,0.05000000074505806,0.16601771116256714,4.52380895614624
3537,4611.832266200334,0.012231046333909035,0.05000000074505806,0.16627319157123566,4.254167079925537
3538,4613.34083449468,0.011497474275529385,0.05000000074505806,0.17887850105762482,5.061904430389404
3539,4614.21581195388,0.011647813022136688,0.05000000074505806,0.1656084656715393,4.4571428298950195
3540,4616.738544107415,0.013138019479811192,0.05000000074505806,0.1729203313589096,4.564285755157471
3541,4617.616198885255,0.012953775934875011,0.05000000074505806,0.16814671456813812,4.565217018127441
3542,4618.45021721255,0.0135148074477911,0.05000000074505806,0.15943562984466553,4.509090900421143
3543,4619.747087373398,0.012656823731958866,0.05000000074505806,0.18159393966197968,4.738094806671143
3544,4620.704642305151,0.013273399323225021,0.05000000074505806,0.17345890402793884,4.6875
3545,4621.774905930273,0.01351137924939394,0.05000000074505806,0.17500001192092896,4.180952548980713
3546,4623.170138794929,0.010998028330504894,0.05000000074505806,0.16373984515666962,4.525000095367432
3547,4624.2732229596,0.012365542352199554,0.05000000074505806,0.16791172325611115,4.4285712242126465
3548,4625.964260482229,0.011866972781717777,0.05000000074505806,0.16567862033843994,4.166666507720947
3549,4626.870576418936,0.012867802754044533,0.05000000074505806,0.1738055944442749,4.619999885559082
3550,4628.912835493684,0.013514977879822254,0.05000000074505806,0.15985508263111115,4.135714530944824
3551,4629.977774231695,0.011993731372058392,0.05000000074505806,0.15919354557991028,4.232000350952148
3552,4631.372730351053,0.01358916237950325,0.05000000074505806,0.16807866096496582,4.015999794006348
3553,4633.093700109981,0.010954711586236954,0.05000000074505806,0.17574259638786316,4.650000095367432
3554,4634.92668038886,0.01210976392030716,0.05000000074505806,0.15864813327789307,4.5619049072265625
3555,4636.60035858117,0.013760566711425781,0.05000000074505806,0.1606583148241043,4.179166793823242
3556,4637.985358722508,0.012111499905586243,0.05000000074505806,0.17618271708488464,4.471999645233154
3557,4640.447333045304,0.01385834813117981,0.05000000074505806,0.1779116541147232,4.684210300445557
3558,4643.778973779641,0.010575387626886368,0.05000000074505806,0.17421051859855652,4.842105388641357
3559,4644.692826658487,0.014000585302710533,0.05000000074505806,0.16682693362236023,4.269565582275391
3560,4646.270165555179,0.012174149975180626,0.05000000074505806,0.16527776420116425,4.530435085296631
3561,4647.338034989312,0.010848422534763813,0.05000000074505806,0.1608433723449707,3.8961539268493652
3562,4648.232223724946,0.011935083195567131,0.05000000074505806,0.18692946434020996,4.885714054107666
3563,4649.155877842568,0.012948869727551937,0.05000000074505806,0.18198652565479279,4.895454406738281
3564,4650.061748514883,0.012226465158164501,0.05000000074505806,0.1678507924079895,4.695000171661377
3565,4651.534283248708,0.013303613290190697,0.05000000074505806,0.16510792076587677,4.331818103790283
3566,4652.58483434841,0.012785611674189568,0.05000000074505806,0.17783333361148834,4.854546070098877
3567,4653.455885788426,0.01242803130298853,0.05000000074505806,0.16221122443675995,4.247368335723877
3568,4654.501399536617,0.012683671899139881,0.05000000074505806,0.1731313019990921,4.704761505126953
3569,4655.619739251211,0.011149199679493904,0.05000000074505806,0.17300812900066376,4.525000095367432
3570,4656.484713731334,0.011609270237386227,0.05000000074505806,0.16871067881584167,4.349999904632568
3571,4657.931308314204,0.012053603306412697,0.05000000074505806,0.1708133965730667,4.395999908447266
3572,4658.849486288615,0.010913796722888947,0.05000000074505806,0.17200645804405212,4.408695220947266
3573,4659.794903047383,0.013137762434780598,0.05000000074505806,0.16981817781925201,4.589473724365234
3574,4660.663803418167,0.011970816180109978,0.05000000074505806,0.1620078831911087,4.659090995788574
3575,4662.182013495825,0.01379405613988638,0.05000000074505806,0.17818181216716766,4.610526084899902
3576,4663.395618648268,0.011706790886819363,0.05000000074505806,0.1597907394170761,4.1954545974731445
3577,4664.286912837066,0.013189109042286873,0.05000000074505806,0.15993323922157288,4.211538314819336
3578,4666.011735366657,0.011351527646183968,0.05000000074505806,0.17404180765151978,4.485714435577393
3579,4666.90172311198,0.010395043529570103,0.05000000074505806,0.17379680275917053,4.469564914703369
3580,4667.7910737534985,0.011099453084170818,0.05000000074505806,0.1760147511959076,4.768181324005127
3581,4669.179307588376,0.01067395694553852,0.05000000074505806,0.16609103977680206,4.373913288116455
3582,4670.069222446531,0.013746997341513634,0.05000000074505806,0.16393160820007324,4.285714149475098
3583,4671.005746112205,0.01184267457574606,0.05000000074505806,0.1760667860507965,4.7049994468688965
3584,4672.080859177746,0.01295899786055088,0.05000000074505806,0.16689655184745789,4.300000190734863
3585,4674.335643935017,0.0169427078217268,0.05000000074505806,0.18283583223819733,4.94705867767334
3586,4675.5872518206015,0.012089531868696213,0.05000000074505806,0.17065390944480896,4.591304302215576
3587,4677.142876457423,0.012088471092283726,0.05000000074505806,0.16329114139080048,4.384000301361084
3588,4678.747800452635,0.010553215630352497,0.05000000074505806,0.1780179888010025,4.852381229400635
3589,4680.173773091286,0.01251660380512476,0.05000000074505806,0.1573154479265213,3.8967740535736084
3590,4681.102079017088,0.01303800381720066,0.05000000074505806,0.16587887704372406,4.02142858505249
3591,4683.017852219753,0.011590840294957161,0.05000000074505806,0.17649325728416443,4.75
3592,4684.797350984998,0.011642850004136562,0.05000000074505806,0.166098490357399,5.170588493347168
3593,4686.070701484568,0.012971241027116776,0.05000000074505806,0.17091836035251617,4.255999565124512
3594,4687.056657733396,0.01220368966460228,0.05000000074505806,0.16397637128829956,4.547618865966797
3595,4688.335568543524,0.012163453735411167,0.05000000074505806,0.18779070675373077,4.976190567016602
3596,4689.23046704568,0.014365492388606071,0.05000000074505806,0.1834951639175415,5.013333320617676
3597,4690.3297502612695,0.010551474057137966,0.05000000074505806,0.17293579876422882,4.441666126251221
3598,4691.320972937159,0.011146333999931812,0.05000000074505806,0.16307130455970764,4.5217390060424805
3599,4692.202665814199,0.011580380611121655,0.05000000074505806,0.17676950991153717,4.763157367706299
3600,4693.3710136618465,0.011774938553571701,0.05000000074505806,0.1736745983362198,4.543478012084961
3601,4694.93564698007,0.010527314618229866,0.05000000074505806,0.17767857015132904,4.654999732971191
3602,4697.212739691138,0.011384576559066772,0.05000000074505806,0.16230367124080658,4.560870170593262
3603,4698.107790500857,0.011677867732942104,0.05000000074505806,0.16210044920444489,4.023809432983398
3604,4699.040167662315,0.013564951717853546,0.05000000074505806,0.17106598615646362,4.520833492279053
3605,4700.133348463103,0.012694021686911583,0.05000000074505806,0.16936026513576508,4.422726631164551
3606,4701.014469109476,0.012612508609890938,0.05000000074505806,0.1673431694507599,4.609523773193359
3607,4702.207285883836,0.012002073228359222,0.05000000074505806,0.17277882993221283,4.390476226806641
3608,4703.093949180096,0.01220152247697115,0.05000000074505806,0.17401434481143951,4.757894992828369
3609,4704.037287503481,0.012258452363312244,0.05000000074505806,0.16871507465839386,4.348147869110107
3610,4705.769304811023,0.014461280778050423,0.05000000074505806,0.16374997794628143,4.247826099395752
3611,4707.070873298682,0.011026479303836823,0.05000000074505806,0.16691505908966064,4.28000020980835
3612,4708.122058183886,0.014731233939528465,0.05000000074505806,0.1833622306585312,4.668000221252441
3613,4708.98363524396,0.011515720747411251,0.05000000074505806,0.1578100025653839,4.284000396728516
3614,4710.362348084338,0.011270216666162014,0.05000000074505806,0.18216319382190704,4.855555057525635
3615,4711.974719251506,0.013458631932735443,0.05000000074505806,0.16062378883361816,4.787499904632568
3616,4713.348459759727,0.01196381077170372,0.05000000074505806,0.17352941632270813,4.266666412353516
3617,4714.2877911170945,0.014024512842297554,0.05000000074505806,0.1754448264837265,4.704347610473633
3618,4715.4397501740605,0.011826521717011929,0.05000000074505806,0.16116788983345032,4.276923179626465
3619,4716.714328480884,0.011318343691527843,0.05000000074505806,0.16534297168254852,4.149999618530273
3620,4717.769512058236,0.013170167803764343,0.05000000074505806,0.17232704162597656,4.537499904632568
3621,4718.860708616674,0.012051806785166264,0.05000000074505806,0.17365683615207672,4.34782600402832
3622,4719.726064459421,0.011221502907574177,0.05000000074505806,0.16901668906211853,4.859999656677246
3623,4721.178962272592,0.011497590690851212,0.05000000074505806,0.16172249615192413,4.0538458824157715
3624,4722.786546405405,0.013724873773753643,0.05000000074505806,0.16262774169445038,4.011538028717041
3625,4724.032781251706,0.010915256105363369,0.05000000074505806,0.1629057079553604,4.232000350952148
3626,4725.636133673601,0.011087672784924507,0.05000000074505806,0.17169182002544403,4.568181991577148
3627,4726.708797123283,0.01219944842159748,0.05000000074505806,0.1610698252916336,4.256521701812744
3628,4728.789398261346,0.01314009539783001,0.05000000074505806,0.17328126728534698,4.110714435577393
3629,4729.848931392655,0.011333107016980648,0.05000000074505806,0.16145984828472137,4.265384197235107
3630,4730.767326944508,0.013624442741274834,0.05000000074505806,0.17204301059246063,4.377777576446533
3631,4731.650717281736,0.010676650330424309,0.05000000074505806,0.16241134703159332,4.505555629730225
3632,4733.0537289259955,0.011410430073738098,0.05000000074505806,0.1719471961259842,4.192307472229004
3633,4734.619306931272,0.013157006353139877,0.05000000074505806,0.1758318692445755,4.96818208694458
3634,4736.456022760831,0.013387742452323437,0.05000000074505806,0.1709059327840805,4.317391395568848
3635,4737.688190324232,0.012004615738987923,0.05000000074505806,0.15693949162960052,4.718749523162842
3636,4738.627415522933,0.011150280945003033,0.05000000074505806,0.1671999990940094,3.846666097640991
3637,4739.541764207184,0.012435980141162872,0.05000000074505806,0.17356520891189575,4.914285659790039
3638,4740.550752691925,0.01121114008128643,0.05000000074505806,0.1554991453886032,4.175000190734863
3639,4742.172935392708,0.014347905293107033,0.05000000074505806,0.17228345572948456,4.324999809265137
3640,4743.81094556395,0.012172283604741096,0.05000000074505806,0.1780126988887787,4.993749618530273
3641,4745.886821181513,0.012561123818159103,0.05000000074505806,0.17848362028598785,5.164285182952881
3642,4746.747962891124,0.01314981933683157,0.05000000074505806,0.17157712578773499,4.608333110809326
3643,4748.272592058405,0.012145992368459702,0.05000000074505806,0.17567048966884613,4.763157844543457
3644,4749.328099951148,0.01240547001361847,0.05000000074505806,0.17583025991916656,4.490476131439209
3645,4751.678720721975,0.013001954182982445,0.05000000074505806,0.17305605113506317,4.914999961853027
3646,4752.530430323444,0.01065947487950325,0.05000000074505806,0.166270449757576,4.2928571701049805
3647,4753.484938937239,0.013149255886673927,0.05000000074505806,0.1706250011920929,4.2076921463012695
3648,4755.071909935214,0.012163382023572922,0.05000000074505806,0.16736111044883728,4.263636112213135
3649,4756.273355782963,0.011974199675023556,0.05000000074505806,0.16566038131713867,4.742857456207275
3650,4757.179555525072,0.011526416055858135,0.05000000074505806,0.17761807143688202,4.826666355133057
3651,4758.902698480524,0.011876165866851807,0.05000000074505806,0.16912752389907837,4.5
3652,4759.987091628835,0.012420873157680035,0.05000000074505806,0.1752362996339798,4.552173614501953
3653,4761.263094998896,0.014279097318649292,0.05000000074505806,0.17282609641551971,4.729999542236328
3654,4762.441534688696,0.012452545575797558,0.05000000074505806,0.1775510162115097,4.495237827301025
3655,4763.342847077176,0.012277081608772278,0.05000000074505806,0.15740740299224854,4.257692337036133
3656,4764.229847431183,0.011312837712466717,0.05000000074505806,0.16960784792900085,4.25454568862915
3657,4765.137354295701,0.013036279939115047,0.05000000074505806,0.1714022159576416,4.409090995788574
3658,4766.555883719586,0.011973352171480656,0.05000000074505806,0.17459017038345337,4.556522369384766
3659,4767.387311533093,0.011484487913548946,0.05000000074505806,0.16950355470180511,4.795652389526367
3660,4768.273474291898,0.012387135066092014,0.05000000074505806,0.17584268748760223,4.400000095367432
3661,4769.167200228199,0.012111904099583626,0.05000000074505806,0.16553030908107758,5.084210395812988
3662,4771.743556312285,0.01124743465334177,0.05000000074505806,0.18081936240196228,4.391666889190674
3663,4772.6507288189605,0.01182407233864069,0.05000000074505806,0.16091743111610413,4.420000076293945
3664,4773.537777703255,0.012382755987346172,0.05000000074505806,0.16833332180976868,4.450000286102295
3665,4774.5693473313,0.012933190912008286,0.05000000074505806,0.16800731420516968,4.443999767303467
3666,4776.033425279893,0.012222301214933395,0.05000000074505806,0.16588051617145538,4.4083333015441895
3667,4777.087755666114,0.012747930362820625,0.05000000074505806,0.16507935523986816,4.171428203582764
3668,4778.172056788579,0.011991086415946484,0.05000000074505806,0.16054131090641022,3.84074068069458
3669,4779.638032861054,0.014679040759801865,0.05000000074505806,0.15752841532230377,4.010714054107666
3670,4781.253605169244,0.010721595026552677,0.05000000074505806,0.1681978702545166,4.400000095367432
3671,4782.1180714210495,0.01073084119707346,0.05000000074505806,0.1709618717432022,4.387500286102295
3672,4783.154822648503,0.010547473095357418,0.05000000074505806,0.16924399137496948,4.5217390060424805
3673,4784.526495772414,0.012859854847192764,0.05000000074505806,0.17071321606636047,4.086363792419434
3674,4786.436284346506,0.013681904412806034,0.05000000074505806,0.1639062464237213,4.467857837677002
3675,4788.424914162606,0.014760911464691162,0.05000000074505806,0.1730964481830597,4.546667098999023
3676,4789.981803959236,0.012941256165504456,0.05000000074505806,0.1613805890083313,4.766666412353516
3677,4791.794170520268,0.012613113969564438,0.05000000074505806,0.17415930330753326,4.260000228881836
3678,4794.336458961479,0.011038431897759438,0.05000000074505806,0.1662408709526062,4.690908908843994
3679,4795.234415423125,0.01218368299305439,0.05000000074505806,0.1654263585805893,4.307692050933838
3680,4796.144041876309,0.011895835399627686,0.05000000074505806,0.18044355511665344,4.776923179626465
3681,4797.014868197963,0.0131074208766222,0.05000000074505806,0.16081081330776215,4.23199987411499
3682,4798.2685178862885,0.011702468618750572,0.05000000074505806,0.17563636600971222,4.599999904632568
3683,4799.744228659198,0.012615613639354706,0.05000000074505806,0.16588447988033295,4.690908908843994
3684,4800.586452965625,0.014686189591884613,0.05000000074505806,0.17785465717315674,4.610000133514404
3685,4801.464403574355,0.010909926146268845,0.05000000074505806,0.1666666716337204,4.7227277755737305
3686,4802.340081841685,0.011902287602424622,0.05000000074505806,0.1826619952917099,4.71999979019165
3687,4803.371160584502,0.01359608955681324,0.05000000074505806,0.16142624616622925,4.163157939910889
3688,4804.381660382263,0.013230674900114536,0.05000000074505806,0.16370967030525208,4.439999580383301
3689,4805.283934637904,0.013257615268230438,0.05000000074505806,0.16973912715911865,4.4041666984558105
3690,4807.176282416098,0.011992976069450378,0.05000000074505806,0.16483357548713684,4.211111068725586
3691,4808.539624028839,0.013844309374690056,0.05000000074505806,0.16294895112514496,4.4043474197387695
3692,4809.559632536024,0.012417803518474102,0.05000000074505806,0.17626775801181793,4.839999675750732
3693,4811.732557460666,0.014398298226296902,0.05000000074505806,0.16252221167087555,4.238095283508301
3694,4813.41435226053,0.010522481985390186,0.05000000074505806,0.16303572058677673,4.289473533630371
3695,4814.667028918862,0.011592308059334755,0.05000000074505806,0.16615384817123413,4.348275661468506
3696,4815.786020286381,0.012439217418432236,0.05000000074505806,0.1830645203590393,4.650000095367432
3697,4816.902418532409,0.01283010933548212,0.05000000074505806,0.1569558084011078,4.253846168518066
3698,4817.832905459218,0.012792278081178665,0.05000000074505806,0.17698541283607483,4.5958333015441895
3699,4819.207367982715,0.011879772879183292,0.05000000074505806,0.16698473691940308,4.112499713897705
3700,4820.138180535287,0.012141473591327667,0.05000000074505806,0.1735241562128067,4.852380752563477
3701,4821.908136500046,0.011346714571118355,0.05000000074505806,0.18529410660266876,4.909091472625732
3702,4822.823026496917,0.011569930240511894,0.05000000074505806,0.18356645107269287,4.773913383483887
3703,4824.504551457241,0.012692627497017384,0.05000000074505806,0.16938160359859467,4.381481170654297
3704,4826.211301107891,0.015258362516760826,0.05000000074505806,0.16598892211914062,4.610525608062744
3705,4828.039068660699,0.012453599832952023,0.05000000074505806,0.17067797482013702,4.224999904632568
3706,4829.246260156855,0.011027396656572819,0.05000000074505806,0.16835443675518036,4.694999694824219
3707,4830.110503885895,0.01121855154633522,0.05000000074505806,0.17423012852668762,4.328000068664551
3708,4831.172365759499,0.010698502883315086,0.05000000074505806,0.16049180924892426,4.42307710647583
3709,4832.07154805772,0.01218933705240488,0.05000000074505806,0.17552818357944489,4.337500095367432
3710,4833.751519033685,0.010623063892126083,0.05000000074505806,0.1667250543832779,4.759089946746826
3711,4834.645668861456,0.01176056731492281,0.05000000074505806,0.16991595923900604,4.339999675750732
3712,4835.550936665386,0.013864538632333279,0.05000000074505806,0.17214398086071014,4.249999523162842
3713,4836.3970445478335,0.01352600660175085,0.05000000074505806,0.17113043367862701,4.679999828338623
3714,4837.277022716589,0.013322437182068825,0.05000000074505806,0.17366546392440796,5.072221755981445
3715,4838.873938738368,0.011976348236203194,0.05000000074505806,0.156747967004776,4.044826984405518
3716,4840.94597122632,0.010559745132923126,0.05000000074505806,0.17132484912872314,4.257894992828369
3717,4841.801674521528,0.013544161804020405,0.05000000074505806,0.16699999570846558,4.495652198791504
3718,4843.435272413306,0.014222055673599243,0.05000000074505806,0.16126543283462524,4.355999946594238
3719,4844.681439854205,0.011921278201043606,0.05000000074505806,0.16306307911872864,4.244443893432617
3720,4845.5265241693705,0.013542168773710728,0.05000000074505806,0.16538462042808533,3.8956520557403564
3721,4846.462860272266,0.013528644107282162,0.05000000074505806,0.17718634009361267,4.595651626586914
3722,4848.189368371852,0.014566558413207531,0.05000000074505806,0.17544203996658325,4.733333110809326
3723,4849.994227760471,0.01128410641103983,0.05000000074505806,0.16329967975616455,4.295238494873047
3724,4852.42055102624,0.012237874791026115,0.05000000074505806,0.16782179474830627,4.569565296173096
3725,4853.268894513138,0.011910764500498772,0.05000000074505806,0.1508771777153015,3.9571425914764404
3726,4854.142710341141,0.01270928792655468,0.05000000074505806,0.1629807949066162,4.123076915740967
3727,4855.0276260515675,0.013651656918227673,0.05000000074505806,0.1768382489681244,4.6086955070495605
3728,4855.961541449651,0.015063008293509483,0.05000000074505806,0.17833001911640167,5.099999904632568
3729,4857.227492267266,0.012982928194105625,0.05000000074505806,0.1639999896287918,4.517646789550781
3730,4858.150202063844,0.009420610964298248,0.05000000074505806,0.1676703542470932,4.276923179626465
3731,4859.480054303072,0.012273120693862438,0.05000000074505806,0.1743137240409851,4.677272319793701
3732,4861.0330691915005,0.010830091312527657,0.05000000074505806,0.16924400627613068,4.517391204833984
3733,4862.848818412982,0.011472825892269611,0.05000000074505806,0.1546153873205185,4.07692289352417
3734,4863.687155138701,0.012720346450805664,0.05000000074505806,0.170261949300766,4.343478202819824
3735,4864.617337026633,0.012543917633593082,0.05000000074505806,0.169558584690094,4.124000072479248
3736,4865.831539160572,0.013951102271676064,0.05000000074505806,0.16404886543750763,4.5
3737,4867.476611210965,0.012855211272835732,0.05000000074505806,0.1704225242137909,4.313043117523193
3738,4868.848712310195,0.014157873578369617,0.05000000074505806,0.17232705652713776,4.507692337036133
3739,4870.162129632197,0.012854976579546928,0.05000000074505806,0.16786324977874756,4.376191139221191
3740,4872.132667893544,0.011657328344881535,0.05000000074505806,0.17421381175518036,4.338461875915527
3741,4873.031212309375,0.012772751972079277,0.05000000074505806,0.16312400996685028,4.3919997215271
3742,4874.01172657311,0.012515685521066189,0.05000000074505806,0.16165412962436676,4.099999904632568
3743,4875.22356721852,0.011797504499554634,0.05000000074505806,0.1678808033466339,4.570833206176758
3744,4876.144862503745,0.012766389176249504,0.05000000074505806,0.1796875,4.893749713897705
3745,4877.802525302395,0.01350296102464199,0.05000000074505806,0.1768946349620819,4.873684406280518
3746,4879.275722687133,0.011959370225667953,0.05000000074505806,0.17830942571163177,4.539999961853027
3747,4881.089010657743,0.009971870109438896,0.05000000074505806,0.1774951070547104,5.305882453918457
3748,4882.016560049728,0.012470684945583344,0.05000000074505806,0.16814309358596802,4.1913042068481445
3749,4883.03702350799,0.01302633248269558,0.05000000074505806,0.16968084871768951,4.709090709686279
3750,4885.053307124414,0.011413559317588806,0.05000000074505806,0.17605632543563843,4.447368621826172
3751,4885.957909697667,0.012703114189207554,0.05000000074505806,0.16925419867038727,4.277777671813965
3752,4887.1719612004235,0.011162692680954933,0.05000000074505806,0.1833002120256424,5.055000305175781
3753,4888.128318885341,0.012134107761085033,0.05000000074505806,0.1672828048467636,4.460000038146973
3754,4889.427701351233,0.011215833947062492,0.05000000074505806,0.1768774837255478,5.105555057525635
3755,4890.883092576638,0.011276586912572384,0.05000000074505806,0.17719298601150513,4.744999885559082
3756,4892.506984070875,0.012657379731535912,0.05000000074505806,0.174869105219841,4.240909099578857
3757,4893.377523499541,0.012417877092957497,0.05000000074505806,0.17362205684185028,5.178946495056152
3758,4894.99919105228,0.011411823332309723,0.05000000074505806,0.17075811326503754,4.560869216918945
3759,4896.912701815367,0.011940657161176205,0.05000000074505806,0.15386062860488892,4.247058868408203
3760,4898.554234790616,0.010874084196984768,0.05000000074505806,0.16993670165538788,4.331999778747559
3761,4899.848643224686,0.010551332496106625,0.05000000074505806,0.1731034517288208,4.504761695861816
3762,4900.783459070139,0.011656231246888638,0.05000000074505806,0.16174376010894775,4.317391395568848
3763,4902.503712805919,0.01168778259307146,0.05000000074505806,0.1622103452682495,4.460000038146973
3764,4903.395072152838,0.01391932088881731,0.05000000074505806,0.16100981831550598,4.170370101928711
3765,4904.852906295098,0.014089200645685196,0.05000000074505806,0.16347196698188782,4.4476189613342285
3766,4905.862408119254,0.012053904123604298,0.05000000074505806,0.15843693912029266,4.009090900421143
3767,4908.2892941311,0.011981276795268059,0.05000000074505806,0.17344634234905243,4.772222518920898
3768,4909.836685412563,0.010465779341757298,0.05000000074505806,0.1774900257587433,5.070588111877441
3769,4912.097372452728,0.01215794961899519,0.05000000074505806,0.16777002811431885,4.6181817054748535
3770,4912.940608749166,0.011498425155878067,0.05000000074505806,0.16556836664676666,3.987499475479126
3771,4913.890784021467,0.011008461005985737,0.05000000074505806,0.16730768978595734,4.323077201843262
3772,4914.908308492973,0.011035943403840065,0.05000000074505806,0.16452647745609283,4.312000274658203
3773,4916.371934457682,0.011854968033730984,0.05000000074505806,0.16531985998153687,4.315384387969971
3774,4918.4748626174405,0.011626742780208588,0.05000000074505806,0.16758620738983154,4.223809242248535
3775,4919.914690871723,0.01024712435901165,0.05000000074505806,0.16619963943958282,4.411111354827881
3776,4920.834504493512,0.010211803019046783,0.05000000074505806,0.16828124225139618,4.396153450012207
3777,4922.6691852221265,0.010947348549962044,0.05000000074505806,0.17830803990364075,4.9277777671813965
3778,4924.9469009470195,0.012660481035709381,0.05000000074505806,0.1564648151397705,4.223999977111816
3779,4926.451381170191,0.01297823153436184,0.05000000074505806,0.1592823714017868,4.008695602416992
3780,4927.420057229698,0.01445864886045456,0.05000000074505806,0.1694214791059494,4.486363410949707
3781,4929.390111967921,0.011539345607161522,0.05000000074505806,0.16264206171035767,4.188889026641846
3782,4930.299933183007,0.014219366945326328,0.05000000074505806,0.1702166050672531,4.309523582458496
3783,4931.346761800349,0.01189807802438736,0.05000000074505806,0.16335077583789825,4.4666666984558105
3784,4932.279134993441,0.011793945915997028,0.05000000074505806,0.15843971073627472,4.009677410125732
3785,4933.619645021856,0.011666938662528992,0.05000000074505806,0.16937395930290222,4.485713958740234
3786,4935.572311863303,0.013310731388628483,0.05000000074505806,0.17192983627319336,4.336363792419434
3787,4936.439808520488,0.01262618787586689,0.05000000074505806,0.16415093839168549,4.734999656677246
3788,4937.780977827497,0.013043337501585484,0.05000000074505806,0.16608557105064392,4.012499809265137
3789,4939.291885738261,0.01181431021541357,0.05000000074505806,0.17104823887348175,4.545833110809326
3790,4940.160795882344,0.013179863803088665,0.05000000074505806,0.17272727191448212,4.600000381469727
3791,4941.07041455619,0.012984814122319221,0.05000000074505806,0.17837370932102203,4.712499618530273
3792,4942.439848634414,0.012487604282796383,0.05000000074505806,0.17931769788265228,5.026666641235352
3793,4944.741674262099,0.012330710887908936,0.05000000074505806,0.16528497636318207,4.650000095367432
3794,4945.91965920385,0.011324798688292503,0.05000000074505806,0.17184941470623016,4.445000171661377
3795,4947.428190395236,0.012203725054860115,0.05000000074505806,0.16717427968978882,4.488000392913818
3796,4948.371231826022,0.011980020441114902,0.05000000074505806,0.1825757473707199,4.668181896209717
3797,4949.6828687321395,0.013132785446941853,0.05000000074505806,0.16513605415821075,4.471428394317627
3798,4950.557602270506,0.012184176594018936,0.05000000074505806,0.16249999403953552,4.25925874710083
3799,4951.7014410458505,0.013549411669373512,0.05000000074505806,0.187249556183815,4.895454406738281
3800,4953.153509380296,0.011380258947610855,0.05000000074505806,0.17184801399707794,4.46842098236084
3801,4954.011534726247,0.013759387657046318,0.05000000074505806,0.165547713637352,4.710526466369629
3802,4954.947504187934,0.013059590011835098,0.05000000074505806,0.17023026943206787,4.300000190734863
3803,4957.035226739943,0.01261631865054369,0.05000000074505806,0.17151609063148499,4.453846454620361
3804,4959.0764147304,0.014157825149595737,0.05000000074505806,0.15721003711223602,4.213043689727783
3805,4960.696310770698,0.013457894325256348,0.05000000074505806,0.16517189145088196,4.059259414672852
3806,4962.093706738204,0.011256977915763855,0.05000000074505806,0.15792253613471985,4.148000717163086
3807,4963.032097012736,0.012413838878273964,0.05000000074505806,0.16414791345596313,4.3428568840026855
3808,4964.067676259205,0.013399269431829453,0.05000000074505806,0.16781610250473022,4.107407569885254
3809,4965.1439172877,0.015363886021077633,0.05000000074505806,0.17048387229442596,4.474999904632568
3810,4966.108459593728,0.011332270689308643,0.05000000074505806,0.16858477890491486,4.369231224060059
3811,4967.782982124016,0.009078229777514935,0.05000000074505806,0.16356877982616425,4.712500095367432
3812,4969.497196399607,0.011904033832252026,0.05000000074505806,0.17602860927581787,4.64736795425415
3813,4971.079161467031,0.011054597795009613,0.05000000074505806,0.1599675863981247,4.319999694824219
3814,4972.118823333643,0.010313899256289005,0.05000000074505806,0.1787671446800232,4.368181228637695
3815,4973.028373116627,0.01168580912053585,0.05000000074505806,0.1694488227367401,4.5920000076293945
3816,4974.579740166664,0.012661485932767391,0.05000000074505806,0.17114754021167755,4.372726917266846
3817,4975.528870574199,0.014352230355143547,0.05000000074505806,0.1644371896982193,4.185184955596924
3818,4976.458149941638,0.015236644074320793,0.05000000074505806,0.17354948818683624,4.740909099578857
3819,4977.308311058208,0.01212127786129713,0.05000000074505806,0.16735340654850006,4.330769062042236
3820,4979.415818275884,0.010976232588291168,0.05000000074505806,0.16805556416511536,4.185713768005371
3821,4980.969897059724,0.012816289439797401,0.05000000074505806,0.1740303337574005,4.504166603088379
3822,4982.411870290525,0.013295289129018784,0.05000000074505806,0.17084112763404846,4.508695602416992
3823,4984.304067328572,0.011046604253351688,0.05000000074505806,0.17120419442653656,4.661904335021973
3824,4986.0947767859325,0.012251223437488079,0.05000000074505806,0.16543002426624298,4.359999656677246
3825,4987.360911847092,0.013412290252745152,0.05000000074505806,0.17029701173305511,4.627777099609375
3826,4988.296783864498,0.01238080020993948,0.05000000074505806,0.16925619542598724,4.730000019073486
3827,4989.6914217006415,0.013334732502698898,0.05000000074505806,0.16436251997947693,4.214285850524902
3828,4990.590211653151,0.01692657731473446,0.05000000074505806,0.16505016386508942,4.349999904632568
3829,4991.559729799628,0.011496560648083687,0.05000000074505806,0.16833633184432983,4.204545021057129
3830,4992.502255635336,0.01167156919836998,0.05000000074505806,0.16970260441303253,4.375
3831,4994.621808618307,0.01187000423669815,0.05000000074505806,0.17086093127727509,4.5625
3832,4995.8269222276285,0.01193865854293108,0.05000000074505806,0.17275694012641907,4.377272605895996
3833,4997.378728300333,0.012674452736973763,0.05000000074505806,0.16737355291843414,4.545833110809326
3834,4998.581032468937,0.013067157939076424,0.05000000074505806,0.16450567543506622,4.222726821899414
3835,4999.4452442172915,0.01129930093884468,0.05000000074505806,0.18144328892230988,4.608333110809326
3836,5000.857383015566,0.012468568980693817,0.05000000074505806,0.17394958436489105,4.599999904632568
3837,5002.64149918966,0.014216519892215729,0.05000000074505806,0.15743589401245117,4.423809051513672
3838,5003.928457629867,0.011150033213198185,0.05000000074505806,0.17003105580806732,4.24545431137085
3839,5005.094966880977,0.011883881874382496,0.05000000074505806,0.16978998482227325,4.2925920486450195
3840,5006.865271124989,0.012567221187055111,0.05000000074505806,0.18641424179077148,5.431249618530273
3841,5007.8967187209055,0.011478892527520657,0.05000000074505806,0.17351916432380676,4.480952262878418
3842,5009.743582973257,0.011592384427785873,0.05000000074505806,0.16954953968524933,4.5789475440979
3843,5011.664988980629,0.01075039617717266,0.05000000074505806,0.1657487154006958,4.445833206176758
3844,5013.409204131924,0.013025283813476562,0.05000000074505806,0.1714532971382141,4.172727108001709
3845,5014.777773742564,0.012020337395370007,0.05000000074505806,0.17214764654636383,4.843477725982666
3846,5015.825613914058,0.012016450986266136,0.05000000074505806,0.17101165652275085,4.431250095367432
3847,5017.444222330116,0.011243014596402645,0.05000000074505806,0.16268222033977509,4.174073696136475
3848,5018.742153345607,0.01206633634865284,0.05000000074505806,0.16429780423641205,4.391666889190674
3849,5020.122805100866,0.01191481202840805,0.05000000074505806,0.17819148302078247,4.5958333015441895
3850,5021.173963313922,0.012139913626015186,0.05000000074505806,0.17124183475971222,4.413636207580566
3851,5022.132479242049,0.012573146261274815,0.05000000074505806,0.17359097301959991,4.762500286102295
3852,5023.640788094141,0.012039302848279476,0.05000000074505806,0.1640625149011612,3.9099998474121094
3853,5024.848287588917,0.011488690041005611,0.05000000074505806,0.16995152831077576,4.5809526443481445
3854,5026.304104491137,0.012211764231324196,0.05000000074505806,0.17874395847320557,4.572727203369141
3855,5027.2105311919,0.011251309886574745,0.05000000074505806,0.15671406686306,4.103703498840332
3856,5028.096894528717,0.012156435288488865,0.05000000074505806,0.16697761416435242,4.320000171661377
3857,5029.755866512656,0.011692400090396404,0.05000000074505806,0.17451326549053192,4.7739129066467285
3858,5031.518165510148,0.01257337536662817,0.05000000074505806,0.1761278212070465,4.933332920074463
3859,5033.725089754909,0.013282360509037971,0.05000000074505806,0.16385963559150696,4.352941036224365
3860,5034.580136369914,0.01173658762127161,0.05000000074505806,0.1740303486585617,4.444000244140625
3861,5035.74746701587,0.011761979199945927,0.05000000074505806,0.16514085233211517,4.4666666984558105
3862,5037.315451077186,0.013874590396881104,0.05000000074505806,0.16304728388786316,4.269565582275391
3863,5038.219968494028,0.013069944456219673,0.05000000074505806,0.17284893989562988,4.657894134521484
3864,5039.291348490864,0.012506185099482536,0.05000000074505806,0.1706896424293518,4.710526466369629
3865,5040.232763453387,0.012242528609931469,0.05000000074505806,0.1663120687007904,4.443478107452393
3866,5041.211291789077,0.01320080179721117,0.05000000074505806,0.1679999977350235,4.613333225250244
3867,5042.359583439305,0.012708562426269054,0.05000000074505806,0.16535714268684387,4.495237827301025
3868,5043.429854087532,0.011618679389357567,0.05000000074505806,0.16694213449954987,4.345000267028809
3869,5044.3543841112405,0.01294350903481245,0.05000000074505806,0.16377244889736176,4.274074077606201
3870,5045.495817578398,0.013809267431497574,0.05000000074505806,0.17486338317394257,4.560869216918945
3871,5047.669199958444,0.01177906896919012,0.05000000074505806,0.1648208349943161,4.3681817054748535
3872,5048.967779322527,0.011580005288124084,0.05000000074505806,0.15321820974349976,3.9269232749938965
3873,5049.837074141949,0.01202409714460373,0.05000000074505806,0.16383999586105347,4.309091091156006
3874,5052.412440398708,0.013572223484516144,0.05000000074505806,0.15600000321865082,3.9636361598968506
3875,5054.084198741242,0.01439752709120512,0.05000000074505806,0.18677042424678802,4.814286231994629
3876,5055.9064423292875,0.011846853420138359,0.05000000074505806,0.17142857611179352,4.713043689727783
3877,5057.47837847285,0.011494789272546768,0.05000000074505806,0.16845877468585968,4.440000057220459
3878,5058.6903911828995,0.01163299661129713,0.05000000074505806,0.17164459824562073,4.366666793823242
3879,5061.409171849489,0.012106627225875854,0.05000000074505806,0.16407625377178192,4.4499993324279785
3880,5062.664992950857,0.011039386503398418,0.05000000074505806,0.17654722929000854,4.256521701812744
3881,5063.631450780667,0.012208083644509315,0.05000000074505806,0.1661691665649414,4.507999897003174
3882,5064.580525879748,0.011957683600485325,0.05000000074505806,0.16368961334228516,4.2846150398254395
3883,5065.666004396044,0.011788983829319477,0.05000000074505806,0.17251184582710266,4.4076924324035645
3884,5067.638392482884,0.012090140953660011,0.05000000074505806,0.16606557369232178,4.380000114440918
3885,5068.606312974356,0.01332526933401823,0.05000000074505806,0.17061856389045715,4.360869407653809
3886,5069.842937539332,0.012745236046612263,0.05000000074505806,0.17886322736740112,4.900000095367432
3887,5071.382786084898,0.012543969787657261,0.05000000074505806,0.1711895912885666,4.699999809265137
3888,5073.1174452779815,0.014054211787879467,0.05000000074505806,0.1653480976819992,4.422727584838867
3889,5074.256731341593,0.012691988609731197,0.05000000074505806,0.15960367023944855,4.219230651855469
3890,5075.677318101749,0.010882934555411339,0.05000000074505806,0.17082631587982178,4.319999694824219
3891,5076.521048351191,0.011944504454731941,0.05000000074505806,0.17236614227294922,4.2920002937316895
3892,5077.412394295447,0.012638252228498459,0.05000000074505806,0.1656140238046646,4.526087284088135
3893,5078.240739248693,0.013342313468456268,0.05000000074505806,0.17886178195476532,4.900000095367432
3894,5079.41586849466,0.012527978047728539,0.05000000074505806,0.1782524287700653,4.822221755981445
3895,5080.227810321376,0.012128817848861217,0.05000000074505806,0.1741284430027008,4.942857265472412
3896,5081.6239505903795,0.012936770915985107,0.05000000074505806,0.17175225913524628,4.299999713897705
3897,5082.449389637448,0.012716292403638363,0.05000000074505806,0.1654941290616989,4.633333683013916
3898,5083.342880954966,0.010587655939161777,0.05000000074505806,0.168990820646286,4.223809242248535
3899,5084.253829136491,0.012781577184796333,0.05000000074505806,0.17278225719928741,4.768750190734863
3900,5085.87680704426,0.012140161357820034,0.05000000074505806,0.158187597990036,4.48421049118042
3901,5088.060851052403,0.011889370158314705,0.05000000074505806,0.1660294085741043,4.083871364593506
3902,5089.287145758048,0.010346924886107445,0.05000000074505806,0.17173552513122559,4.396153450012207
3903,5090.172066149302,0.011779265478253365,0.05000000074505806,0.1744227260351181,4.918749809265137
3904,5091.057010196149,0.010678854770958424,0.05000000074505806,0.17139917612075806,4.23913049697876
3905,5092.5440178075805,0.010266934521496296,0.05000000074505806,0.17019867897033691,4.569564342498779
3906,5093.392129997723,0.012309825979173183,0.05000000074505806,0.1672191619873047,4.516666412353516
3907,5094.439690080471,0.011501495726406574,0.05000000074505806,0.16168718039989471,4.450000286102295
3908,5095.436831298284,0.012684151530265808,0.05000000074505806,0.1809345781803131,4.695000171661377
3909,5096.378867892548,0.011714375577867031,0.05000000074505806,0.16329966485500336,4.574999809265137
3910,5097.291693008505,0.013080394826829433,0.05000000074505806,0.17272727191448212,4.447999954223633
3911,5098.923219953664,0.011682910844683647,0.05000000074505806,0.1703096628189087,4.663158416748047
3912,5099.8347079548985,0.010477622039616108,0.05000000074505806,0.1636206954717636,4.180952548980713
3913,5100.835465955548,0.012318860739469528,0.05000000074505806,0.17375001311302185,4.6318182945251465
3914,5101.9518765211105,0.011598659679293633,0.05000000074505806,0.163349911570549,4.400000095367432
3915,5103.183037946932,0.01161053217947483,0.05000000074505806,0.17277881503105164,4.6736836433410645
3916,5104.64969114773,0.012033185921609402,0.05000000074505806,0.17067307233810425,4.34782600402832
3917,5106.171371433884,0.012919989414513111,0.05000000074505806,0.1664440631866455,4.557895183563232
3918,5107.053607600741,0.012693631462752819,0.05000000074505806,0.16229508817195892,4.041378974914551
3919,5107.950491921045,0.011997241526842117,0.05000000074505806,0.17393162846565247,4.82777738571167
3920,5110.063366833143,0.011515934951603413,0.05000000074505806,0.18444880843162537,5.175000190734863
3921,5111.150864199735,0.010912233032286167,0.05000000074505806,0.15931624174118042,4.457142353057861
3922,5112.670726201497,0.01129230484366417,0.05000000074505806,0.16574501991271973,4.188889026641846
3923,5114.016009582207,0.013045072555541992,0.05000000074505806,0.17420434951782227,4.560869216918945
3924,5116.4827266214415,0.013008215464651585,0.05000000074505806,0.17033156752586365,4.315999984741211
3925,5118.890513650142,0.011099178344011307,0.05000000074505806,0.16429726779460907,4.351999759674072
3926,5120.186434563249,0.011886113323271275,0.05000000074505806,0.16677908599376678,4.40476131439209
3927,5121.597663659602,0.011979938484728336,0.05000000074505806,0.16704918444156647,4.422727108001709
3928,5122.503625605255,0.010874195024371147,0.05000000074505806,0.15463916957378387,3.8439998626708984
3929,5124.582671779208,0.01177710946649313,0.05000000074505806,0.18142855167388916,4.633333206176758
3930,5125.548538122326,0.010328943841159344,0.05000000074505806,0.16697819530963898,4.442307472229004
3931,5126.422084180638,0.012561733834445477,0.05000000074505806,0.16435100138187408,4.3565216064453125
3932,5128.11798516009,0.011106114834547043,0.05000000074505806,0.17595157027244568,4.656521797180176
3933,5129.088306810707,0.011350896209478378,0.05000000074505806,0.17269842326641083,4.276470184326172
3934,5130.158363846131,0.014085718430578709,0.05000000074505806,0.17161501944065094,4.679166793823242
3935,5131.103152406402,0.012883368879556656,0.05000000074505806,0.17119263112545013,4.4666666984558105
3936,5132.477316393517,0.013383544981479645,0.05000000074505806,0.16746412217617035,4.491666793823242
3937,5133.806425558403,0.015376288443803787,0.05000000074505806,0.1614999920129776,4.039130687713623
3938,5135.205905932933,0.015192210674285889,0.05000000074505806,0.1627272665500641,4.1769232749938965
3939,5136.554548801854,0.013082882389426231,0.05000000074505806,0.1623656004667282,4.17307710647583
3940,5138.062318154611,0.014607402496039867,0.05000000074505806,0.16756302118301392,4.260000228881836
3941,5139.518301830627,0.012795383110642433,0.05000000074505806,0.16693419218063354,4.3692307472229
3942,5141.382153796032,0.010193745605647564,0.05000000074505806,0.165390744805336,4.1631574630737305
3943,5143.015379610471,0.012654499150812626,0.05000000074505806,0.17080745100975037,4.409090518951416
3944,5143.920776329003,0.012897992506623268,0.05000000074505806,0.15827704966068268,4.099999904632568
3945,5145.718168172985,0.01301062572747469,0.05000000074505806,0.17680412530899048,4.721052646636963
3946,5147.517273556441,0.012489800341427326,0.05000000074505806,0.16528496146202087,4.462499618530273
3947,5148.642230072059,0.012420129030942917,0.05000000074505806,0.17441441118717194,4.486956596374512
3948,5149.695161762647,0.011307638138532639,0.05000000074505806,0.16678635776042938,4.420000076293945
3949,5151.404295234941,0.012896163389086723,0.05000000074505806,0.15929648280143738,4.325000286102295
3950,5152.590843250975,0.012221518903970718,0.05000000074505806,0.16621392965316772,4.366666316986084
3951,5153.444494621828,0.012457054108381271,0.05000000074505806,0.16902516782283783,4.220000267028809
3952,5154.317241834477,0.01312402542680502,0.05000000074505806,0.16737012565135956,4.562499523162842
3953,5156.872902908362,0.010833620093762875,0.05000000074505806,0.17163696885108948,4.261538505554199
3954,5158.377736733295,0.013176247477531433,0.05000000074505806,0.162222221493721,4.250000476837158
3955,5160.029768039472,0.011153408326208591,0.05000000074505806,0.17172284424304962,4.727272033691406
3956,5161.843790220097,0.010923590511083603,0.05000000074505806,0.17459546029567719,4.413635730743408
3957,5163.244037509896,0.010578518733382225,0.05000000074505806,0.17277397215366364,4.87647008895874
3958,5164.684162186459,0.011683741584420204,0.05000000074505806,0.1725085973739624,4.332000255584717
3959,5165.550701627508,0.01200628187507391,0.05000000074505806,0.16733747720718384,4.566666603088379
3960,5166.456013463438,0.013129012659192085,0.05000000074505806,0.17150084674358368,4.303704261779785
3961,5168.505577470176,0.010879350826144218,0.05000000074505806,0.17342257499694824,4.914285659790039
3962,5169.969814100303,0.011694605462253094,0.05000000074505806,0.17242424190044403,4.338460922241211
3963,5170.962053630501,0.011554521508514881,0.05000000074505806,0.16968388855457306,4.232142925262451
3964,5172.23966561351,0.012250763364136219,0.05000000074505806,0.16315791010856628,4.224999904632568
3965,5173.111393047497,0.013047008775174618,0.05000000074505806,0.1834033578634262,4.886666297912598
3966,5174.2156924102455,0.011733281426131725,0.05000000074505806,0.17260272800922394,4.877272129058838
3967,5175.953116219491,0.012634480372071266,0.05000000074505806,0.17214985191822052,4.311538219451904
3968,5177.682857082225,0.012653055600821972,0.05000000074505806,0.1602133959531784,4.170370101928711
3969,5179.0405696621165,0.01337299682199955,0.05000000074505806,0.17404021322727203,4.715789318084717
3970,5180.388704027049,0.012411014176905155,0.05000000074505806,0.16584235429763794,4.144443988800049
3971,5182.675875674933,0.012774365022778511,0.05000000074505806,0.1728455275297165,4.595238208770752
3972,5183.56130762957,0.013103481382131577,0.05000000074505806,0.16633987426757812,4.586363315582275
3973,5184.453395836055,0.0124789634719491,0.05000000074505806,0.17749576270580292,4.3954548835754395
3974,5186.087096169591,0.01037970557808876,0.05000000074505806,0.16311335563659668,4.324999809265137
3975,5187.62858015392,0.01447546947747469,0.05000000074505806,0.17681896686553955,4.520832538604736
3976,5188.868100830354,0.011855244636535645,0.05000000074505806,0.16979332268238068,4.547999382019043
3977,5189.93437848147,0.01420112606137991,0.05000000074505806,0.16342465579509735,4.068965435028076
3978,5190.790222104639,0.012202154844999313,0.05000000074505806,0.16219709813594818,4.257692337036133
3979,5192.12186863739,0.010705990716814995,0.05000000074505806,0.17321740090847015,4.670588970184326
3980,5193.824838128872,0.012643104419112206,0.05000000074505806,0.16096718609333038,4.209090709686279
3981,5195.815235005692,0.013230723328888416,0.05000000074505806,0.17003104090690613,4.24545431137085
3982,5197.363206698559,0.01259045209735632,0.05000000074505806,0.16691449284553528,4.534782886505127
3983,5198.68398419302,0.012962975539267063,0.05000000074505806,0.16623376309871674,4.334615230560303
3984,5199.735891273245,0.013865419663488865,0.05000000074505806,0.16815921664237976,4.21481466293335
3985,5200.627690005116,0.011550008319318295,0.05000000074505806,0.17256778478622437,4.212499618530273
3986,5201.792206137441,0.010250849649310112,0.05000000074505806,0.1699453592300415,4.681817531585693
3987,5202.873736272566,0.01418359950184822,0.05000000074505806,0.15758156776428223,4.4375
3988,5204.402625696734,0.013341110199689865,0.05000000074505806,0.16175439953804016,4.680953025817871
3989,5205.737547656521,0.011932901106774807,0.05000000074505806,0.1801818162202835,4.686956882476807
3990,5206.6252358704805,0.010881196707487106,0.05000000074505806,0.1794392615556717,4.485000133514404
3991,5207.526430270635,0.013507116585969925,0.05000000074505806,0.167142853140831,4.821052551269531
3992,5208.465779724531,0.011003035120666027,0.05000000074505806,0.165203258395195,3.9200000762939453
3993,5209.447264526039,0.014053135178983212,0.05000000074505806,0.163207545876503,4.534999847412109
3994,5210.586447461508,0.013333291746675968,0.05000000074505806,0.1607491821050644,3.929166793823242
3995,5212.179321680218,0.013135061599314213,0.05000000074505806,0.1770220547914505,4.923809051513672
3996,5213.586318889633,0.011446258053183556,0.05000000074505806,0.1775590479373932,4.75454568862915
3997,5214.602262264118,0.011125335469841957,0.05000000074505806,0.17046476900577545,4.366666316986084
3998,5215.711445781402,0.013482303358614445,0.05000000074505806,0.1727554202079773,4.449999809265137
3999,5216.597807394341,0.014382384717464447,0.05000000074505806,0.173728808760643,4.390909194946289
4000,5218.180584287271,0.01209838967770338,0.05000000074505806,0.15025296807289124,4.204166889190674
4001,5220.199215367436,0.012594647705554962,0.05000000074505806,0.1690208464860916,4.186363220214844
4002,5221.6850592419505,0.01208182331174612,0.05000000074505806,0.16723549365997314,4.438889026641846
4003,5222.557497479953,0.011035661213099957,0.05000000074505806,0.1780918836593628,4.717391490936279
4004,5223.86216896493,0.011474093422293663,0.05000000074505806,0.1670120656490326,4.445833683013916
4005,5225.979430430569,0.012676538899540901,0.05000000074505806,0.17590133845806122,4.681818008422852
4006,5227.59889179375,0.013002664782106876,0.05000000074505806,0.17226149141788483,4.674999713897705
4007,5229.5160469301045,0.01186277810484171,0.05000000074505806,0.17371900379657745,4.4347825050354
4008,5231.45434636157,0.014086248353123665,0.05000000074505806,0.17360863089561462,4.8818182945251465
4009,5233.321452552453,0.0126418462023139,0.05000000074505806,0.16484849154949188,4.208695888519287
4010,5235.282728777267,0.01301715150475502,0.05000000074505806,0.16622072458267212,4.326923370361328
4011,5236.560809842311,0.011908289976418018,0.05000000074505806,0.17247524857521057,4.5
4012,5237.450417793356,0.011768833734095097,0.05000000074505806,0.17782026529312134,4.864705562591553
4013,5238.6756922490895,0.011862341314554214,0.05000000074505806,0.1638205498456955,4.265516757965088
4014,5239.827200782485,0.009872953407466412,0.05000000074505806,0.1641286015510559,4.221052646636963
4015,5241.001821164973,0.013962037861347198,0.05000000074505806,0.15447531640529633,4.137930870056152
4016,5242.837095406838,0.010455607436597347,0.05000000074505806,0.17608694732189178,4.566666603088379
4017,5243.732188298367,0.011491380631923676,0.05000000074505806,0.16994434595108032,4.650000095367432
4018,5245.138159642927,0.013691730797290802,0.05000000074505806,0.18649707734584808,5.194736957550049
4019,5246.047613577917,0.012612546794116497,0.05000000074505806,0.15962441265583038,4.18148136138916
4020,5247.8356245514005,0.014368383213877678,0.05000000074505806,0.1723259836435318,4.479166507720947
4021,5248.958605655469,0.012056960724294186,0.05000000074505806,0.17434941232204437,4.704999923706055
4022,5250.1278423005715,0.013191690668463707,0.05000000074505806,0.17793594300746918,4.664705753326416
4023,5251.629757660441,0.013186829164624214,0.05000000074505806,0.1598290652036667,4.3520002365112305
4024,5253.1989921992645,0.01182018406689167,0.05000000074505806,0.1823529452085495,4.795454025268555
4025,5254.020865674131,0.013353897258639336,0.05000000074505806,0.1639576107263565,4.404761791229248
4026,5254.85298645962,0.01107813697308302,0.05000000074505806,0.1826164722442627,5.0
4027,5256.185013215989,0.012722859159111977,0.05000000074505806,0.1700565069913864,4.782608509063721
4028,5257.454612527043,0.012186026200652122,0.05000000074505806,0.17410853505134583,4.4639997482299805
4029,5258.465192088857,0.01316685788333416,0.05000000074505806,0.16402535140514374,4.11904764175415
4030,5259.504353698343,0.01430367399007082,0.05000000074505806,0.17753224074840546,4.586956024169922
4031,5261.058828112669,0.010266252793371677,0.05000000074505806,0.17483553290367126,4.454166412353516
4032,5262.485877076164,0.011991605162620544,0.05000000074505806,0.1785714328289032,4.839999198913574
4033,5263.51948915422,0.011651626788079739,0.05000000074505806,0.17372550070285797,4.8949995040893555
4034,5264.395583481528,0.012143051251769066,0.05000000074505806,0.16610457003116608,4.5208330154418945
4035,5265.379056458361,0.010718748904764652,0.05000000074505806,0.17078851163387299,4.485713958740234
4036,5266.285498105921,0.013723564334213734,0.05000000074505806,0.1720142662525177,4.641176223754883
4037,5268.245373649523,0.01291736215353012,0.05000000074505806,0.1666666716337204,4.223076820373535
4038,5269.107920645736,0.011190349236130714,0.05000000074505806,0.1728464514017105,4.742105007171631
4039,5270.826143633574,0.01362848561257124,0.05000000074505806,0.17785587906837463,4.826086521148682
4040,5271.755599915981,0.01388890203088522,0.05000000074505806,0.16783086955547333,4.2791666984558105
4041,5273.125544855371,0.01200048066675663,0.05000000074505806,0.16721610724925995,4.8125
4042,5274.00682589598,0.011148296296596527,0.05000000074505806,0.17469459772109985,4.3333330154418945
4043,5275.735770451836,0.01067436020821333,0.05000000074505806,0.16925565898418427,4.496000289916992
4044,5277.713689041324,0.010723705403506756,0.05000000074505806,0.18218696117401123,4.609999656677246
4045,5278.597811243497,0.011994759552180767,0.05000000074505806,0.1810416579246521,5.264999866485596
4046,5279.599963081069,0.012498147785663605,0.05000000074505806,0.16847290098667145,4.230434894561768
4047,5281.910741393454,0.01203072164207697,0.05000000074505806,0.16958679258823395,4.265217304229736
4048,5283.030623828992,0.013573613949120045,0.05000000074505806,0.17072366178035736,4.759090900421143
4049,5284.271268186159,0.013467619195580482,0.05000000074505806,0.15881353616714478,4.309091091156006
4050,5285.83693856746,0.010894154198467731,0.05000000074505806,0.18123923242092133,4.462499618530273
4051,5287.5679698763415,0.013953573070466518,0.05000000074505806,0.1598130762577057,4.395999908447266
4052,5288.4779829205945,0.00938239973038435,0.05000000074505806,0.17436334490776062,4.369565010070801
4053,5289.45550276991,0.009867153130471706,0.05000000074505806,0.16482649743556976,4.487499713897705
4054,5290.8193983621895,0.012868036516010761,0.05000000074505806,0.16439394652843475,4.075000286102295
4055,5291.686981167644,0.011353645473718643,0.05000000074505806,0.17701974511146545,4.547618865966797
4056,5292.888965175487,0.01058058813214302,0.05000000074505806,0.16660746932029724,4.6181817054748535
4057,5295.025485548191,0.014044210314750671,0.05000000074505806,0.17211221158504486,4.535999774932861
4058,5295.969309674576,0.012964431196451187,0.05000000074505806,0.17314663529396057,4.386363506317139
4059,5296.887864857912,0.011767282150685787,0.05000000074505806,0.17491526901721954,4.87647008895874
4060,5298.3822174733505,0.01174323633313179,0.05000000074505806,0.1675986796617508,4.320000171661377
4061,5300.571141766384,0.012480555102229118,0.05000000074505806,0.16211849451065063,4.328000068664551
4062,5301.441002226435,0.012430853210389614,0.05000000074505806,0.17125645279884338,4.856249809265137
4063,5302.293509145267,0.011391102336347103,0.05000000074505806,0.164000004529953,4.300000190734863
4064,5303.204596954398,0.012447566725313663,0.05000000074505806,0.180917426943779,4.833333492279053
4065,5304.391564168036,0.012419064529240131,0.05000000074505806,0.1756410300731659,4.356521129608154
4066,5306.187609073706,0.012189142405986786,0.05000000074505806,0.1688188910484314,4.599999904632568
4067,5307.326379885897,0.012167170643806458,0.05000000074505806,0.17345133423805237,4.595651626586914
4068,5308.481054423377,0.012503714300692081,0.05000000074505806,0.16428571939468384,4.108333110809326
4069,5310.902920220047,0.013225512579083443,0.05000000074505806,0.157191202044487,4.386956214904785
4070,5312.292950063944,0.01100843120366335,0.05000000074505806,0.17320261895656586,4.300000190734863
4071,5313.713258909993,0.012850798666477203,0.05000000074505806,0.16994906961917877,4.3086957931518555
4072,5315.455204452388,0.011336571536958218,0.05000000074505806,0.17611607909202576,5.035714149475098
4073,5317.786601406522,0.01265974622219801,0.05000000074505806,0.18785211443901062,4.904761791229248
4074,5318.821839377284,0.013042868115007877,0.05000000074505806,0.1588696986436844,4.319230556488037
4075,5320.396571700461,0.013109846971929073,0.05000000074505806,0.15592654049396515,4.17618989944458
4076,5322.448805283755,0.01232815906405449,0.05000000074505806,0.17916667461395264,4.599999904632568
4077,5324.715453253128,0.01150684803724289,0.05000000074505806,0.1662229597568512,4.195652008056641
4078,5326.331632798538,0.011191203258931637,0.05000000074505806,0.16654205322265625,4.534782409667969
4079,5327.911512947641,0.010812529362738132,0.05000000074505806,0.17904968559741974,5.094444274902344
4080,5329.12180083897,0.011533264070749283,0.05000000074505806,0.16734281182289124,4.991666316986084
4081,5331.704280643724,0.012691713869571686,0.05000000074505806,0.16594760119915009,4.304762363433838
4082,5333.1615342525765,0.012095349840819836,0.05000000074505806,0.1715909093618393,4.274193286895752
4083,5334.509718026966,0.010776389390230179,0.05000000074505806,0.16449612379074097,4.427272796630859
4084,5335.359340230003,0.011743662878870964,0.05000000074505806,0.17640623450279236,4.457142353057861
4085,5336.688187272288,0.01342478021979332,0.05000000074505806,0.16661158204078674,4.390909194946289
4086,5337.565699202009,0.011842967942357063,0.05000000074505806,0.1623239517211914,4.139130115509033
4087,5339.21813225653,0.012974805198609829,0.05000000074505806,0.16759441792964935,4.77647066116333
4088,5341.017873226665,0.0126551678404212,0.05000000074505806,0.17953217029571533,4.8333330154418945
4089,5342.707692547701,0.012057187035679817,0.05000000074505806,0.1787194013595581,4.673684120178223
4090,5344.079166337848,0.014424397610127926,0.05000000074505806,0.1690671145915985,4.486363887786865
4091,5345.295740264468,0.012313595041632652,0.05000000074505806,0.1731249988079071,4.533333778381348
4092,5346.235634049401,0.01252770982682705,0.05000000074505806,0.16063536703586578,3.890322208404541
4093,5348.242605808191,0.01180657371878624,0.05000000074505806,0.16646884381771088,4.486363410949707
4094,5349.413632648997,0.012416660785675049,0.05000000074505806,0.17013202607631683,4.363999843597412
4095,5351.037600807846,0.014814821071922779,0.05000000074505806,0.15472263097763062,3.9071428775787354
4096,5352.639960930683,0.011667048558592796,0.05000000074505806,0.16953642666339874,4.330769062042236
4097,5353.745983863249,0.013075237162411213,0.05000000074505806,0.16309720277786255,4.275999546051025
4098,5354.777004742064,0.012127726338803768,0.05000000074505806,0.18089286983013153,4.90625
4099,5355.671464294195,0.011853551492094994,0.05000000074505806,0.16776315867900848,4.276666164398193
4100,5356.660565363243,0.012267057783901691,0.05000000074505806,0.1649671047925949,4.5523810386657715
4101,5358.1310083419085,0.0125190494582057,0.05000000074505806,0.17000000178813934,4.388235092163086
4102,5360.132495495491,0.011316545307636261,0.05000000074505806,0.16897688806056976,4.395999908447266
4103,5362.3156366162,0.01143903099000454,0.05000000074505806,0.17213930189609528,4.656521797180176
4104,5364.155168117955,0.013926850631833076,0.05000000074505806,0.16101695597171783,4.035714149475098
4105,5366.08356551826,0.012661528773605824,0.05000000074505806,0.16848380863666534,4.525000095367432
4106,5367.493482299149,0.012906167656183243,0.05000000074505806,0.17959928512573242,4.9631571769714355
4107,5368.416556252167,0.011974576860666275,0.05000000074505806,0.18263357877731323,4.837500095367432
4108,5369.389483982697,0.012443680316209793,0.05000000074505806,0.16829268634319305,4.603448390960693
4109,5371.051509859972,0.012422358617186546,0.05000000074505806,0.1777385175228119,4.415789604187012
4110,5373.223724637181,0.012771829962730408,0.05000000074505806,0.18057690560817719,5.119999885559082
4111,5374.471721693873,0.011670119129121304,0.05000000074505806,0.1733788400888443,4.419046878814697
4112,5375.600465074182,0.010881463997066021,0.05000000074505806,0.16544117033481598,4.742105007171631
4113,5376.663634448312,0.013462270610034466,0.05000000074505806,0.17426471412181854,4.430434703826904
4114,5377.660122225992,0.013097941875457764,0.05000000074505806,0.16525974869728088,4.230434417724609
4115,5379.388935686089,0.011957952752709389,0.05000000074505806,0.16289809346199036,4.387500286102295
4116,5380.520574412309,0.012393768876791,0.05000000074505806,0.1790352314710617,4.4041666984558105
4117,5381.791438232176,0.011115309782326221,0.05000000074505806,0.1651705503463745,4.599999904632568
4118,5382.724404000677,0.012990828603506088,0.05000000074505806,0.17930327355861664,5.053332805633545
4119,5383.806446664035,0.012661454267799854,0.05000000074505806,0.18061041831970215,4.864999771118164
4120,5386.063526017591,0.012513752095401287,0.05000000074505806,0.16233333945274353,4.549999713897705
4121,5388.582098847255,0.012457561679184437,0.05000000074505806,0.1785432994365692,4.699999809265137
4122,5390.913872240111,0.01063647773116827,0.05000000074505806,0.171290323138237,4.170833110809326
4123,5392.0114724049345,0.01393946260213852,0.05000000074505806,0.16552795469760895,4.261538028717041
4124,5394.296325017698,0.012052446603775024,0.05000000074505806,0.17608247697353363,4.87333345413208
4125,5396.276711502112,0.011138677597045898,0.05000000074505806,0.17222222685813904,4.9476189613342285
4126,5397.956737112254,0.011446231044828892,0.05000000074505806,0.1661074012517929,4.181818008422852
4127,5398.806979265064,0.012942895293235779,0.05000000074505806,0.16422627866268158,4.275000095367432
4128,5400.223343783058,0.012606233358383179,0.05000000074505806,0.16812816262245178,4.541176795959473
4129,5401.258812534623,0.014062994159758091,0.05000000074505806,0.16730104386806488,4.261538505554199
4130,5402.81938328594,0.013127249665558338,0.05000000074505806,0.16936789453029633,4.742105484008789
4131,5404.477757524699,0.01290813460946083,0.05000000074505806,0.1672697365283966,3.9391303062438965
4132,5405.562615038827,0.011760033667087555,0.05000000074505806,0.1519230753183365,4.3173909187316895
4133,5407.6881548427045,0.012368346564471722,0.05000000074505806,0.167288139462471,4.377272129058838
4134,5409.484851527959,0.012117416597902775,0.05000000074505806,0.16640986502170563,4.203846454620361
4135,5411.409744873643,0.01142475102096796,0.05000000074505806,0.161082923412323,4.276000022888184
4136,5413.037679500878,0.010519913397729397,0.05000000074505806,0.1569186896085739,4.0
4137,5413.96753375046,0.011918299831449986,0.05000000074505806,0.16280750930309296,4.050000190734863
4138,5414.862225302495,0.013670647516846657,0.05000000074505806,0.1589404046535492,4.207692623138428
4139,5416.864381883293,0.01135331578552723,0.05000000074505806,0.17392085492610931,4.395237922668457
4140,5418.644299645908,0.011853442527353764,0.05000000074505806,0.17394033074378967,4.395999908447266
4141,5419.626034050249,0.01097214687615633,0.05000000074505806,0.16254417598247528,4.424999713897705
4142,5421.176378772594,0.012295491993427277,0.05000000074505806,0.1837037056684494,4.912500381469727
4143,5423.299109804444,0.011019404977560043,0.05000000074505806,0.16460031270980835,4.504000186920166
4144,5424.241260085255,0.011648689396679401,0.05000000074505806,0.1646103858947754,4.241666793823242
4145,5425.751046467572,0.012800060212612152,0.05000000074505806,0.17026549577713013,4.2727274894714355
4146,5426.6060644173995,0.010709199123084545,0.05000000074505806,0.17900989949703217,4.918749809265137
4147,5427.683013130911,0.0115820849314332,0.05000000074505806,0.17178219556808472,4.5500006675720215
4148,5428.546118721366,0.013424583710730076,0.05000000074505806,0.170298770070076,4.6043477058410645
4149,5429.751307606697,0.01405585091561079,0.05000000074505806,0.17573221027851105,4.911764621734619
4150,5431.403912696056,0.012095941230654716,0.05000000074505806,0.16971327364444733,4.491304397583008
4151,5433.388069351204,0.012980361469089985,0.05000000074505806,0.17755474150180817,4.664285182952881
4152,5435.116324802861,0.010209554806351662,0.05000000074505806,0.1603773534297943,4.634782791137695
4153,5436.323456919752,0.01106185931712389,0.05000000074505806,0.16178451478481293,4.219230651855469
4154,5438.197783878073,0.0146398413926363,0.05000000074505806,0.18156863749027252,4.518181324005127
4155,5440.34071445372,0.0116963479667902,0.05000000074505806,0.1718696504831314,4.422727108001709
4156,5441.198143479414,0.011501126922667027,0.05000000074505806,0.16960784792900085,4.731578826904297
4157,5442.152524779551,0.012785154394805431,0.05000000074505806,0.15867768228054047,4.151852130889893
4158,5443.690532571636,0.013771063648164272,0.05000000074505806,0.18868359923362732,5.257142543792725
4159,5444.655619310215,0.013153170235455036,0.05000000074505806,0.18931451439857483,5.322221755981445
4160,5446.255682049319,0.012931942008435726,0.05000000074505806,0.15594901144504547,3.9310343265533447
4161,5447.172019314021,0.011319463141262531,0.05000000074505806,0.1671096384525299,4.4772725105285645
4162,5448.066736829467,0.01256417203694582,0.05000000074505806,0.16225166618824005,4.236363887786865
4163,5449.6785285025835,0.013437233865261078,0.05000000074505806,0.17053140699863434,4.400000095367432
4164,5450.836649237201,0.011908560991287231,0.05000000074505806,0.16515426337718964,4.272726535797119
4165,5451.9256970966235,0.012402229011058807,0.05000000074505806,0.16840389370918274,4.578260898590088
4166,5453.95792847313,0.012198267504572868,0.05000000074505806,0.1731448769569397,4.318181991577148
4167,5455.243212857284,0.015193399041891098,0.05000000074505806,0.16283784806728363,4.5333333015441895
4168,5456.542773813009,0.01163932029157877,0.05000000074505806,0.16477273404598236,4.449999809265137
4169,5457.49479082413,0.011826211586594582,0.05000000074505806,0.17870035767555237,4.842857360839844
4170,5458.360911602154,0.010525804944336414,0.05000000074505806,0.17294520139694214,4.509523868560791
4171,5459.204827019945,0.011078739538788795,0.05000000074505806,0.1658450812101364,4.4666666984558105
4172,5460.795514558442,0.013311020098626614,0.05000000074505806,0.1594594419002533,4.014814376831055
4173,5462.150053721853,0.011195779778063297,0.05000000074505806,0.16347962617874146,4.125
4174,5463.25804066658,0.012281534262001514,0.05000000074505806,0.16737014055252075,4.5
4175,5464.859775120392,0.010026257485151291,0.05000000074505806,0.17348484694957733,4.511110782623291
4176,5465.7592234248295,0.011318821460008621,0.05000000074505806,0.16826240718364716,4.599999904632568
4177,5467.885924774222,0.010913744568824768,0.05000000074505806,0.178600013256073,4.813636302947998
4178,5469.542618250474,0.013050071895122528,0.05000000074505806,0.1703832745552063,4.643750190734863
4179,5471.64464739617,0.014445587992668152,0.05000000074505806,0.16544000804424286,4.122221946716309
4180,5472.753741977736,0.012382945977151394,0.05000000074505806,0.17371323704719543,4.736363410949707
4181,5473.810873030685,0.011051231063902378,0.05000000074505806,0.17298747599124908,4.485714435577393
4182,5474.668591843918,0.010799451731145382,0.05000000074505806,0.17643208801746368,4.835293769836426
4183,5475.733606259339,0.012948893010616302,0.05000000074505806,0.16176912188529968,4.011999607086182
4184,5477.102651109919,0.01277972012758255,0.05000000074505806,0.16748768091201782,4.5833330154418945
4185,5478.467198751867,0.011958068236708641,0.05000000074505806,0.17764298617839813,4.634782314300537
4186,5480.150073559023,0.010648645460605621,0.05000000074505806,0.1592644900083542,4.153571605682373
4187,5481.016241076402,0.013684844598174095,0.05000000074505806,0.17216117680072784,4.303999900817871
4188,5482.622259994969,0.011716347187757492,0.05000000074505806,0.17489449679851532,4.976470470428467
4189,5483.702723364346,0.01117640919983387,0.05000000074505806,0.1733333319425583,4.4285712242126465
4190,5484.751755657606,0.013309835456311703,0.05000000074505806,0.1569940447807312,4.169999599456787
4191,5486.6190411495045,0.01452353224158287,0.05000000074505806,0.16701754927635193,4.385714054107666
4192,5487.8913673684,0.01087640319019556,0.05000000074505806,0.1672535389661789,4.332000255584717
4193,5489.118345882744,0.014210289344191551,0.05000000074505806,0.17078040540218353,4.857142925262451
4194,5490.534629180096,0.012342995963990688,0.05000000074505806,0.16734007000923157,4.390475749969482
4195,5492.2895758431405,0.010461297817528248,0.05000000074505806,0.17082451283931732,4.709523677825928
4196,5493.686538815498,0.011293893679976463,0.05000000074505806,0.17084112763404846,4.755555629730225
4197,5494.830827129073,0.010078118182718754,0.05000000074505806,0.16570048034191132,4.400000095367432
4198,5495.753363006748,0.012018469162285328,0.05000000074505806,0.1630338728427887,3.9923079013824463
4199,5497.214358206838,0.014751827344298363,0.05000000074505806,0.16805776953697205,4.219230651855469
4200,5499.207084685564,0.012613266706466675,0.05000000074505806,0.17474748194217682,4.591666221618652
4201,5500.118179881945,0.012976816855370998,0.05000000074505806,0.1696763038635254,4.486363410949707
4202,5501.573490164243,0.010365845635533333,0.05000000074505806,0.15965518355369568,4.161904811859131
4203,5502.392364328727,0.010496849194169044,0.05000000074505806,0.1584394872188568,4.380000114440918
4204,5503.320100997575,0.011444253847002983,0.05000000074505806,0.17396551370620728,4.483333587646484
4205,5504.171181457117,0.012613017112016678,0.05000000074505806,0.17342257499694824,4.416666507720947
4206,5505.862812850624,0.011395541951060295,0.05000000074505806,0.16414473950862885,4.267999649047852
4207,5506.728261264972,0.013059952296316624,0.05000000074505806,0.18109755218029022,4.956250190734863
4208,5507.526926371269,0.011288033798336983,0.05000000074505806,0.16620688140392303,4.572726726531982
4209,5508.41926765535,0.011717421934008598,0.05000000074505806,0.16473354399204254,4.0652174949646
4210,5509.272018598393,0.012802962213754654,0.05000000074505806,0.16115571558475494,4.07692289352417
4211,5510.477747200057,0.01100260578095913,0.05000000074505806,0.174852654337883,4.731578826904297
4212,5511.318247790448,0.013036954216659069,0.05000000074505806,0.17086467146873474,4.833333492279053
4213,5512.527496347204,0.01240896712988615,0.05000000074505806,0.1658986210823059,4.230769157409668
4214,5513.379201904871,0.012749584391713142,0.05000000074505806,0.1636807769536972,4.355999946594238
4215,5514.287640322931,0.011705728247761726,0.05000000074505806,0.169522225856781,4.361904621124268
4216,5515.814424761571,0.012204437516629696,0.05000000074505806,0.174128457903862,4.747618675231934
4217,5516.699582943693,0.01193210482597351,0.05000000074505806,0.16894584894180298,4.207407474517822
4218,5517.558984919451,0.013368535786867142,0.05000000074505806,0.17974218726158142,4.581818103790283
4219,5518.959071652032,0.011051271110773087,0.05000000074505806,0.16612903773784637,4.668181896209717
4220,5520.7136042788625,0.012425824999809265,0.05000000074505806,0.16523030400276184,4.032142639160156
4221,5522.401896507479,0.012353764846920967,0.05000000074505806,0.17969799041748047,4.517391204833984
4222,5523.795023066923,0.0129181407392025,0.05000000074505806,0.17453308403491974,4.538094997406006
4223,5525.829833633266,0.01147005707025528,0.05000000074505806,0.17051926255226135,4.495833396911621
4224,5527.344801238738,0.012849708087742329,0.05000000074505806,0.1618887037038803,4.366666316986084
4225,5529.326840216294,0.01211024634540081,0.05000000074505806,0.17495682835578918,4.586956977844238
4226,5530.913908801973,0.01305910013616085,0.05000000074505806,0.1672862470149994,4.4571428298950195
4227,5532.707465416752,0.011958039365708828,0.05000000074505806,0.17247708141803741,4.517391204833984
4228,5534.842725397088,0.010735799558460712,0.05000000074505806,0.1719367504119873,4.61875057220459
4229,5535.836383604445,0.012584586627781391,0.05000000074505806,0.16123779118061066,4.545000076293945
4230,5537.212642905302,0.011517733335494995,0.05000000074505806,0.1652941256761551,4.122221946716309
4231,5538.104586650617,0.014203299768269062,0.05000000074505806,0.17558595538139343,4.6086955070495605
4232,5540.1066266531125,0.012354392558336258,0.05000000074505806,0.15968859195709229,4.3956522941589355
4233,5540.950899542309,0.010956407524645329,0.05000000074505806,0.17999999225139618,5.173333168029785
4234,5542.367021218874,0.012418904341757298,0.05000000074505806,0.1649147868156433,4.1571431159973145
4235,5543.64884304069,0.013202223926782608,0.05000000074505806,0.18421052396297455,4.671428680419922
4236,5544.488316888921,0.011712833307683468,0.05000000074505806,0.17692306637763977,5.216666221618652
4237,5545.33564373292,0.012132327072322369,0.05000000074505806,0.17130281031131744,4.565217018127441
4238,5546.588120933622,0.013047905638813972,0.05000000074505806,0.1626785695552826,4.712499618530273
4239,5547.912480787374,0.012064375914633274,0.05000000074505806,0.17175573110580444,4.280951976776123
4240,5549.395322342403,0.011520854197442532,0.05000000074505806,0.1648148149251938,4.7272725105285645
4241,5550.736221695319,0.013980728574097157,0.05000000074505806,0.17521661520004272,4.2909088134765625
4242,5552.41942419298,0.011023302562534809,0.05000000074505806,0.17455515265464783,4.65500020980835
4243,5554.93610121496,0.011527812108397484,0.05000000074505806,0.16595040261745453,4.351999759674072
4244,5555.828052896075,0.011711129918694496,0.05000000074505806,0.17336523532867432,4.369565010070801
4245,5557.1636191383,0.012426645494997501,0.05000000074505806,0.1659606546163559,4.4636359214782715
4246,5558.179618121125,0.010940760374069214,0.05000000074505806,0.16681888699531555,4.1148152351379395
4247,5560.222239551134,0.012427380308508873,0.05000000074505806,0.17396226525306702,4.545833110809326
4248,5561.44334555883,0.013700303621590137,0.05000000074505806,0.17150171101093292,4.49130392074585
4249,5562.431623465382,0.011703005991876125,0.05000000074505806,0.16551725566387177,4.6823530197143555
4250,5564.186493592337,0.011762523092329502,0.05000000074505806,0.16725926101207733,4.2866668701171875
4251,5566.211566162296,0.012126756832003593,0.05000000074505806,0.16962233185768127,4.449999809265137
4252,5567.888959235512,0.011852028779685497,0.05000000074505806,0.1785276085138321,4.761110782623291
4253,5569.204404686578,0.013089817017316818,0.05000000074505806,0.16365161538124084,4.591303825378418
4254,5570.246892482974,0.009936471469700336,0.05000000074505806,0.16884955763816833,4.335999965667725
4255,5571.405962524936,0.012180288322269917,0.05000000074505806,0.15317071974277496,4.043478488922119
4256,5572.53936866764,0.011291658505797386,0.05000000074505806,0.18039926886558533,4.482608795166016
4257,5573.4154529115185,0.012056681327521801,0.05000000074505806,0.1734345257282257,4.700000286102295
4258,5574.7651993511245,0.010481089353561401,0.05000000074505806,0.17551369965076447,4.765216827392578
4259,5576.472575187683,0.012955337762832642,0.05000000074505806,0.16755904257297516,4.307692527770996
4260,5578.480959099717,0.012068727985024452,0.05000000074505806,0.16963979601860046,4.522222518920898
4261,5579.341415390372,0.012552270665764809,0.05000000074505806,0.18169012665748596,5.011765003204346
4262,5580.485843594186,0.01236078143119812,0.05000000074505806,0.17307059466838837,4.554545879364014
4263,5581.886628598906,0.0142570361495018,0.05000000074505806,0.16844511032104492,4.3038458824157715
4264,5583.881598787382,0.011381959542632103,0.05000000074505806,0.15719299018383026,4.140909194946289
4265,5585.496288809925,0.010753377340734005,0.05000000074505806,0.1736944019794464,5.0799994468688965
4266,5586.396683895029,0.012195945717394352,0.05000000074505806,0.17256945371627808,4.280951976776123
4267,5587.4312034044415,0.011882426217198372,0.05000000074505806,0.16416382789611816,4.236363410949707
4268,5589.3094750810415,0.01507542934268713,0.05000000074505806,0.1652098000049591,4.557692527770996
4269,5590.490547636524,0.012869748286902905,0.05000000074505806,0.16882911324501038,4.17391300201416
4270,5591.39848438371,0.012248324230313301,0.05000000074505806,0.15809524059295654,4.165217399597168
4271,5592.323075651191,0.012642072513699532,0.05000000074505806,0.17747898399829865,4.514285564422607
4272,5594.044808779843,0.012801970355212688,0.05000000074505806,0.16977928578853607,4.8894734382629395
4273,5595.534135355614,0.014897956512868404,0.05000000074505806,0.17568963766098022,4.370832920074463
4274,5596.367330706678,0.011570912785828114,0.05000000074505806,0.16954225301742554,4.575999736785889
4275,5597.804080771282,0.011718696914613247,0.05000000074505806,0.16365422308444977,4.710000038146973
4276,5598.718577821739,0.013156270608305931,0.05000000074505806,0.17318953573703766,4.27142858505249
4277,5599.665511223488,0.010976883582770824,0.05000000074505806,0.17344960570335388,4.778946876525879
4278,5601.869340002537,0.014274807646870613,0.05000000074505806,0.16957296431064606,4.852381229400635
4279,5604.238835321739,0.011426485143601894,0.05000000074505806,0.16292835772037506,4.041666507720947
4280,5606.146570490673,0.011785580776631832,0.05000000074505806,0.16341030597686768,4.383333206176758
4281,5607.533227850683,0.012470905669033527,0.05000000074505806,0.171875,4.385714054107666
4282,5609.17694458738,0.010766635648906231,0.05000000074505806,0.16331736743450165,4.288461208343506
4283,5610.61402339302,0.012113853357732296,0.05000000074505806,0.17044609785079956,4.618182182312012
4284,5611.476044473238,0.012009702622890472,0.05000000074505806,0.17152316868305206,4.43684196472168
4285,5612.320770039223,0.013684983365237713,0.05000000074505806,0.1790960282087326,4.763636112213135
4286,5614.171472002752,0.01431254856288433,0.05000000074505806,0.15722301602363586,4.124999523162842
4287,5615.617358955555,0.011482123285531998,0.05000000074505806,0.17135679721832275,4.32857084274292
4288,5617.543442235328,0.014003290794789791,0.05000000074505806,0.17739838361740112,4.5619049072265625
4289,5619.072071157396,0.01283833384513855,0.05000000074505806,0.17499998211860657,4.564286231994629
4290,5620.495097965002,0.013155805878341198,0.05000000074505806,0.16912521421909332,4.495237827301025
4291,5622.12087147031,0.012632803991436958,0.05000000074505806,0.15648147463798523,4.0923075675964355
4292,5623.201710803434,0.012364070862531662,0.05000000074505806,0.17164179682731628,4.236363410949707
4293,5624.767167218961,0.014287341386079788,0.05000000074505806,0.1709090918302536,5.02500057220459
4294,5626.13226932846,0.012600240297615528,0.05000000074505806,0.16913793981075287,4.291666507720947
4295,5628.15161773283,0.012106884270906448,0.05000000074505806,0.16329528391361237,4.263636589050293
4296,5629.223421608098,0.011014963500201702,0.05000000074505806,0.16114754974842072,4.0
4297,5630.105341133662,0.011525911279022694,0.05000000074505806,0.17853309214115143,4.852174282073975
4298,5631.989053659141,0.011588739231228828,0.05000000074505806,0.1679810732603073,4.419999599456787
4299,5632.879432617687,0.011612939648330212,0.05000000074505806,0.16920684278011322,4.442104816436768
4300,5633.782095676288,0.010884004645049572,0.05000000074505806,0.15978428721427917,4.074193954467773
4301,5634.8573647569865,0.012737810611724854,0.05000000074505806,0.16897745430469513,4.354166507720947
4302,5635.766943325289,0.009553024545311928,0.05000000074505806,0.17546530067920685,4.672221660614014
4303,5637.24148318544,0.012958033010363579,0.05000000074505806,0.17009805142879486,4.413636207580566
4304,5638.492154365405,0.010846945457160473,0.05000000074505806,0.15600000321865082,4.199999809265137
4305,5639.4352244073525,0.012718413956463337,0.05000000074505806,0.1850000023841858,4.436842441558838
4306,5640.344838002697,0.01273233350366354,0.05000000074505806,0.1581210196018219,4.429166316986084
4307,5642.344579808414,0.01081533171236515,0.05000000074505806,0.1723642349243164,4.380768775939941
4308,5643.218553428538,0.011886492371559143,0.05000000074505806,0.18148788809776306,4.395454406738281
4309,5644.33723938372,0.012458411045372486,0.05000000074505806,0.16434359550476074,4.557142734527588
4310,5646.7372829196975,0.0116420928388834,0.05000000074505806,0.1557195633649826,4.213043689727783
4311,5648.55231444072,0.01415461115539074,0.05000000074505806,0.17203541100025177,4.323999881744385
4312,5649.4437269428745,0.0115592572838068,0.05000000074505806,0.1609523743391037,4.799999713897705
4313,5650.893999192864,0.010901495814323425,0.05000000074505806,0.16283464431762695,4.295999526977539
4314,5651.773882044479,0.013514797203242779,0.05000000074505806,0.17825278639793396,4.624999523162842
4315,5653.5362392459065,0.01150523778051138,0.05000000074505806,0.16780716180801392,4.415384769439697
4316,5654.371898445301,0.012190553359687328,0.05000000074505806,0.1765517145395279,4.473684310913086
4317,5656.573874196969,0.01235196553170681,0.05000000074505806,0.1754448413848877,4.573913097381592
4318,5657.657697052695,0.012923681177198887,0.05000000074505806,0.16756758093833923,4.573913097381592
4319,5658.541100624949,0.011514071375131607,0.05000000074505806,0.15925350785255432,3.8359997272491455
4320,5659.852177276276,0.012568637728691101,0.05000000074505806,0.16241134703159332,4.731578826904297
4321,5661.483210949227,0.012524799443781376,0.05000000074505806,0.16436365246772766,4.2347822189331055
4322,5664.183516749181,0.014522056095302105,0.05000000074505806,0.17084871232509613,4.5705885887146
4323,5666.03702325467,0.010118731297552586,0.05000000074505806,0.16940927505493164,5.118749618530273
4324,5666.892354450189,0.011915063485503197,0.05000000074505806,0.17817836999893188,4.722726821899414
4325,5668.4274721853435,0.014700685627758503,0.05000000074505806,0.1710924357175827,4.441667079925537
4326,5669.746131177992,0.012192117981612682,0.05000000074505806,0.17748592793941498,4.815789699554443
4327,5671.112440084107,0.012941471301019192,0.05000000074505806,0.1660919487476349,4.240740776062012
4328,5672.5615106076,0.01286578644067049,0.05000000074505806,0.16173021495342255,4.121874809265137
4329,5673.892919144593,0.012621192261576653,0.05000000074505806,0.18299320340156555,4.75
4330,5675.313952845521,0.011905343271791935,0.05000000074505806,0.15981483459472656,4.645454406738281
4331,5677.078741646372,0.012974458746612072,0.05000000074505806,0.17974217236042023,4.647826194763184
4332,5678.182923822664,0.014376016333699226,0.05000000074505806,0.16896553337574005,4.534782886505127
4333,5679.763051257469,0.013442049734294415,0.05000000074505806,0.17635782063007355,4.365217208862305
4334,5681.472857976332,0.011826395988464355,0.05000000074505806,0.16900311410427094,4.572000503540039
4335,5682.33478145767,0.011604479514062405,0.05000000074505806,0.17455428838729858,4.303703784942627
4336,5683.235760012642,0.012691526673734188,0.05000000074505806,0.16290052235126495,4.589999675750732
4337,5684.084656050429,0.0122056370601058,0.05000000074505806,0.16661806404590607,4.182142734527588
4338,5685.023058577441,0.012162409722805023,0.05000000074505806,0.16440677642822266,4.209090709686279
4339,5685.941956305876,0.012350870296359062,0.05000000074505806,0.1777142882347107,4.9388885498046875
4340,5686.847337075509,0.012926517054438591,0.05000000074505806,0.1641434133052826,4.684210300445557
4341,5687.740146507509,0.01244603656232357,0.05000000074505806,0.1692189872264862,4.261905193328857
4342,5688.633976281621,0.014046287164092064,0.05000000074505806,0.15360000729560852,4.2076921463012695
4343,5690.394331268966,0.012615218758583069,0.05000000074505806,0.17490844428539276,4.57826042175293
4344,5691.786048294045,0.012792238034307957,0.05000000074505806,0.17711538076400757,4.821052551269531
4345,5693.102154246531,0.013507646508514881,0.05000000074505806,0.1738843023777008,4.735000133514404
4346,5694.77868151851,0.012371553108096123,0.05000000074505806,0.1650082916021347,4.185185432434082
4347,5696.255634358153,0.013214726001024246,0.05000000074505806,0.1725388467311859,4.600000381469727
4348,5697.117854190059,0.01222506444901228,0.05000000074505806,0.15568022429943085,4.316666603088379
4349,5698.349993864074,0.012720786966383457,0.05000000074505806,0.17599336802959442,4.217391490936279
4350,5699.903991274536,0.009037191048264503,0.05000000074505806,0.17442749440670013,4.5956525802612305
4351,5700.7908963235095,0.01194343063980341,0.05000000074505806,0.170811727643013,4.565217018127441
4352,5701.678085112013,0.013283590786159039,0.05000000074505806,0.16438570618629456,4.307692527770996
4353,5703.133836631663,0.014202081598341465,0.05000000074505806,0.16446155309677124,3.995833396911621
4354,5704.165415259078,0.012955157086253166,0.05000000074505806,0.16290321946144104,4.28636360168457
4355,5705.605357836001,0.00993257388472557,0.05000000074505806,0.18265682458877563,4.929999828338623
4356,5706.797733503394,0.012720285914838314,0.05000000074505806,0.17695100605487823,4.933332920074463
4357,5707.705396879464,0.011128722690045834,0.05000000074505806,0.17691028118133545,4.675999641418457
4358,5709.579510069452,0.012404538691043854,0.05000000074505806,0.17396165430545807,4.5920000076293945
4359,5712.2213446665555,0.012795730493962765,0.05000000074505806,0.16219879686832428,4.356522083282471
4360,5713.162954543717,0.013421238400042057,0.05000000074505806,0.18097828328609467,4.381817817687988
4361,5714.173731784336,0.012306067161262035,0.05000000074505806,0.17160068452358246,4.672727108001709
4362,5715.996574300341,0.01304004155099392,0.05000000074505806,0.15678627789020538,4.066666603088379
4363,5717.618289537728,0.013678768649697304,0.05000000074505806,0.17373913526535034,4.49130392074585
4364,5718.527333200909,0.012648005038499832,0.05000000074505806,0.16486090421676636,4.221428394317627
4365,5719.410231395625,0.01241341046988964,0.05000000074505806,0.17387543618679047,4.447618007659912
4366,5720.92097291816,0.012652615085244179,0.05000000074505806,0.16459909081459045,4.304166316986084
4367,5722.134582890198,0.01317862793803215,0.05000000074505806,0.17519380152225494,4.411999702453613
4368,5723.516023653559,0.011579465121030807,0.05000000074505806,0.16515912115573883,4.439999580383301
4369,5725.4439254375175,0.012535331770777702,0.05000000074505806,0.16945523023605347,4.478947162628174
4370,5727.5971129555255,0.012387936934828758,0.05000000074505806,0.17802385985851288,4.910000324249268
4371,5730.0664107929915,0.013941852375864983,0.05000000074505806,0.1646592617034912,4.276000499725342
4372,5731.017864102498,0.012658247724175453,0.05000000074505806,0.17479269206523895,4.237499713897705
4373,5731.873435960151,0.012755049392580986,0.05000000074505806,0.1754991114139557,5.027777671813965
4374,5732.751386471093,0.014525511302053928,0.05000000074505806,0.16744185984134674,4.479166507720947
4375,5734.4818553850055,0.012021837756037712,0.05000000074505806,0.17725323140621185,5.0
4376,5735.648543803021,0.012713910080492496,0.05000000074505806,0.16401225328445435,4.415999889373779
4377,5737.1714251078665,0.011001573875546455,0.05000000074505806,0.18014980852603912,4.561110973358154
4378,5738.755330616608,0.012607799842953682,0.05000000074505806,0.1637457013130188,4.443478584289551
4379,5740.454106410965,0.01140175387263298,0.05000000074505806,0.1679304838180542,4.449999809265137
4380,5741.910271486267,0.010923651047050953,0.05000000074505806,0.17491909861564636,4.4200005531311035
4381,5742.961178812198,0.009466183371841908,0.05000000074505806,0.17468124628067017,4.371999740600586
4382,5744.3985807765275,0.012780583463609219,0.05000000074505806,0.18210923671722412,5.085713863372803
4383,5745.286069629714,0.012745684944093227,0.05000000074505806,0.17907869815826416,4.9210524559021
4384,5746.774856643751,0.011672995053231716,0.05000000074505806,0.16567426919937134,4.435000419616699
4385,5748.5095943575725,0.010517468675971031,0.05000000074505806,0.1741880178451538,4.557143211364746
4386,5749.791778957471,0.012301168404519558,0.05000000074505806,0.1684575378894806,4.810525894165039
4387,5751.081346808001,0.011717552319169044,0.05000000074505806,0.15591901540756226,3.903571367263794
4388,5752.382099170238,0.01310860738158226,0.05000000074505806,0.17006920278072357,4.421739101409912
4389,5754.049607399851,0.012425371445715427,0.05000000074505806,0.17965218424797058,4.834782600402832
4390,5755.871060144156,0.012605858966708183,0.05000000074505806,0.16616539657115936,4.5933332443237305
4391,5756.743159689009,0.010648148134350777,0.05000000074505806,0.17522522807121277,4.329629898071289
4392,5757.759475974366,0.013015076518058777,0.05000000074505806,0.16349513828754425,4.47777795791626
4393,5760.016560447402,0.010093002580106258,0.05000000074505806,0.18711432814598083,4.995454788208008
4394,5761.213730339892,0.01228743139654398,0.05000000074505806,0.17305085062980652,4.795454502105713
4395,5762.0931271817535,0.011909935623407364,0.05000000074505806,0.17137932777404785,4.359999656677246
4396,5763.496274663135,0.011702878400683403,0.05000000074505806,0.1667984277009964,4.926666259765625
4397,5764.343131320551,0.011438796296715736,0.05000000074505806,0.170990988612175,4.320833683013916
4398,5765.301510750316,0.011392862536013126,0.05000000074505806,0.1667250394821167,4.358333587646484
4399,5766.576589807868,0.011617644689977169,0.05000000074505806,0.17864271998405457,4.980000019073486
4400,5767.597742678598,0.011158861219882965,0.05000000074505806,0.17774085700511932,4.6541666984558105
4401,5768.465189436451,0.010875634849071503,0.05000000074505806,0.17477953433990479,4.89411735534668
4402,5769.8269902374595,0.011607760563492775,0.05000000074505806,0.174188032746315,4.543477535247803
4403,5770.985419658013,0.012139714322984219,0.05000000074505806,0.16326166689395905,4.4375
4404,5771.860362242907,0.013220857828855515,0.05000000074505806,0.16726768016815186,4.068000316619873
4405,5772.778965822421,0.014793761074543,0.05000000074505806,0.18513986468315125,4.749999523162842
4406,5774.1419037710875,0.013156531378626823,0.05000000074505806,0.16310076415538788,4.182758331298828
4407,5776.229178374633,0.013223658315837383,0.05000000074505806,0.16435642540454865,4.222726821899414
4408,5777.51263833046,0.011482962407171726,0.05000000074505806,0.16527779400348663,4.395999431610107
4409,5779.3534959908575,0.010599047876894474,0.05000000074505806,0.1643097698688507,4.223076820373535
4410,5780.299459557049,0.011815684847533703,0.05000000074505806,0.1662455052137375,4.626315593719482
4411,5781.147138364613,0.011696220375597477,0.05000000074505806,0.17869634926319122,4.417391777038574
4412,5781.990828866139,0.013265667483210564,0.05000000074505806,0.16729451715946198,4.61764669418335
4413,5782.948490151204,0.01138157956302166,0.05000000074505806,0.1695082038640976,4.265384674072266
4414,5785.098884460516,0.012149712070822716,0.05000000074505806,0.16306620836257935,4.337500095367432
4415,5786.040632038377,0.0118083655834198,0.05000000074505806,0.17551401257514954,4.933332920074463
4416,5787.030189032666,0.012317712418735027,0.05000000074505806,0.17142856121063232,4.317391395568848
4417,5788.6695289434865,0.01099186297506094,0.05000000074505806,0.18189963698387146,4.826315402984619
4418,5789.607573678717,0.012516962364315987,0.05000000074505806,0.15929487347602844,4.28636360168457
4419,5790.984575639479,0.013536309823393822,0.05000000074505806,0.16885966062545776,4.380768775939941
4420,5792.26249546092,0.012236006557941437,0.05000000074505806,0.16884273290634155,4.139285564422607
4421,5793.895071970299,0.012172823771834373,0.05000000074505806,0.16179965436458588,4.191999912261963
4422,5794.872063782066,0.01125637162476778,0.05000000074505806,0.16336806118488312,4.300000190734863
4423,5795.880729562603,0.011001384817063808,0.05000000074505806,0.1703476458787918,4.929411888122559
4424,5796.842799698003,0.011878635734319687,0.05000000074505806,0.18011048436164856,4.62352991104126
4425,5798.529684733599,0.012932911515235901,0.05000000074505806,0.17334528267383575,4.630000114440918
4426,5800.102416550741,0.013675334863364697,0.05000000074505806,0.17450980842113495,4.722726821899414
4427,5801.368254727684,0.011608337052166462,0.05000000074505806,0.1642647087574005,4.261538505554199
4428,5802.2551481463015,0.011989281512796879,0.05000000074505806,0.16769760847091675,4.311538219451904
4429,5803.50518128369,0.010773062705993652,0.05000000074505806,0.1761522889137268,4.789473533630371
4430,5804.629672209732,0.01431555300951004,0.05000000074505806,0.17188161611557007,4.673333168029785
4431,5806.658885126002,0.0123070003464818,0.05000000074505806,0.16890129446983337,4.882352828979492
4432,5808.144344556145,0.012531724758446217,0.05000000074505806,0.16914699971675873,4.504347324371338
4433,5809.5393071994185,0.013444652780890465,0.05000000074505806,0.17648184299468994,4.619999885559082
4434,5810.863495828584,0.012887583114206791,0.05000000074505806,0.17576336860656738,4.955555438995361
4435,5811.897241988219,0.012526237405836582,0.05000000074505806,0.16272877156734467,4.458333492279053
4436,5813.423715268262,0.010818458162248135,0.05000000074505806,0.17796294391155243,4.839999198913574
4437,5814.829853351228,0.011423064395785332,0.05000000074505806,0.17041800916194916,4.357691764831543
4438,5816.280117238872,0.011919278651475906,0.05000000074505806,0.16816075146198273,4.576000213623047
4439,5817.475440481678,0.012014631181955338,0.05000000074505806,0.16635943949222565,4.125
4440,5818.338036173955,0.013181393966078758,0.05000000074505806,0.1776801496744156,4.504762172698975
4441,5819.213137017563,0.012599450536072254,0.05000000074505806,0.1844796985387802,4.963158130645752
4442,5820.1771191442385,0.011469140648841858,0.05000000074505806,0.16785046458244324,4.580952167510986
4443,5821.124476330355,0.011580262333154678,0.05000000074505806,0.157119482755661,4.278260707855225
4444,5822.299676924013,0.012623029761016369,0.05000000074505806,0.16841153800487518,4.233333587646484
4445,5823.491844827309,0.01393932942301035,0.05000000074505806,0.15808382630348206,3.918518543243408
4446,5824.776922918856,0.012522515840828419,0.05000000074505806,0.1784946322441101,4.860000133514404
4447,5826.729541617446,0.011547759175300598,0.05000000074505806,0.16677214205265045,4.30384635925293
4448,5827.640563994646,0.011164695024490356,0.05000000074505806,0.17232291400432587,4.571999549865723
4449,5828.550417176448,0.011895619332790375,0.05000000074505806,0.17557251453399658,4.828571796417236
4450,5829.4583829939365,0.012523066252470016,0.05000000074505806,0.17659176886081696,4.9285712242126465
4451,5831.18313612137,0.01175793819129467,0.05000000074505806,0.16998445987701416,4.380000114440918
4452,5833.015234600753,0.012053141370415688,0.05000000074505806,0.17126624286174774,4.516666889190674
4453,5835.153679443523,0.01165089849382639,0.05000000074505806,0.16123895347118378,4.303999900817871
4454,5837.505735093728,0.012312440201640129,0.05000000074505806,0.16865913569927216,4.304166316986084
4455,5838.553106599487,0.011674761772155762,0.05000000074505806,0.1708018034696579,4.392592430114746
4456,5839.47331624385,0.010914008133113384,0.05000000074505806,0.156030535697937,3.932000160217285
4457,5840.964739122428,0.011831432580947876,0.05000000074505806,0.18134832382202148,5.929999351501465
4458,5842.771696626209,0.011374560184776783,0.05000000074505806,0.17436333000659943,4.5695648193359375
4459,5844.633587499149,0.011822544038295746,0.05000000074505806,0.16954953968524933,4.665217399597168
4460,5845.697060402483,0.011411203071475029,0.05000000074505806,0.1766778528690338,4.6521735191345215
4461,5847.07771258615,0.01277143508195877,0.05000000074505806,0.16938436031341553,4.5428571701049805
4462,5848.4833820890635,0.01404313463717699,0.05000000074505806,0.16164597868919373,4.088888645172119
4463,5849.327788062394,0.011783139780163765,0.05000000074505806,0.1778341829776764,4.654545783996582
4464,5850.749366438016,0.011963658966124058,0.05000000074505806,0.16876032948493958,4.313636302947998
4465,5851.651567733847,0.012006919831037521,0.05000000074505806,0.17385827004909515,4.5
4466,5853.088705830276,0.01315009593963623,0.05000000074505806,0.17451611161231995,4.503999710083008
4467,5853.954467274249,0.011375358328223228,0.05000000074505806,0.17018426954746246,4.51904821395874
4468,5855.766390696168,0.012161614373326302,0.05000000074505806,0.15632185339927673,4.184615135192871
4469,5857.729011269286,0.011734352447092533,0.05000000074505806,0.17239058017730713,4.613043308258057
4470,5859.143243015744,0.013500334694981575,0.05000000074505806,0.1678445190191269,4.212500095367432
4471,5861.008815804496,0.013887998647987843,0.05000000074505806,0.16386233270168304,4.875
4472,5862.7335553616285,0.011865870095789433,0.05000000074505806,0.17275802791118622,4.247999668121338
4473,5864.319161786698,0.01045780535787344,0.05000000074505806,0.16830985248088837,4.688235282897949
4474,5865.95942177251,0.01233690045773983,0.05000000074505806,0.17423970997333527,4.51304292678833
4475,5867.664799244143,0.013041071593761444,0.05000000074505806,0.1715105175971985,4.690908908843994
4476,5868.547826400958,0.010884901508688927,0.05000000074505806,0.17667341232299805,5.279999732971191
4477,5869.431081110612,0.013343460857868195,0.05000000074505806,0.16713395714759827,4.264000415802002
4478,5870.493944328278,0.013863622210919857,0.05000000074505806,0.16995228826999664,4.432000160217285
4479,5871.395247863606,0.013256329111754894,0.05000000074505806,0.16063432395458221,4.455000400543213
4480,5872.430061926134,0.012760273180902004,0.05000000074505806,0.1762762814760208,4.353845596313477
4481,5873.3471586043015,0.012533596716821194,0.05000000074505806,0.16656051576137543,4.251851558685303
4482,5874.335701669566,0.012359175831079483,0.05000000074505806,0.16174185276031494,4.131817817687988
4483,5875.884669166058,0.010699817910790443,0.05000000074505806,0.1695970743894577,4.742105007171631
4484,5877.335387011059,0.011926814913749695,0.05000000074505806,0.16872791945934296,4.391304016113281
4485,5878.220672857016,0.014212021604180336,0.05000000074505806,0.1696428656578064,4.315999984741211
4486,5879.079693611711,0.010590406134724617,0.05000000074505806,0.16759410500526428,4.388000011444092
4487,5880.213761238381,0.013207374140620232,0.05000000074505806,0.16223998367786407,4.165384769439697
4488,5882.190552719869,0.01437098253518343,0.05000000074505806,0.1766071617603302,4.610000133514404
4489,5883.081207590178,0.011580576188862324,0.05000000074505806,0.171290323138237,4.545454502105713
4490,5884.64018406067,0.01030240673571825,0.05000000074505806,0.16928571462631226,4.4380950927734375
4491,5886.353444947861,0.013145390897989273,0.05000000074505806,0.1677524447441101,4.573913097381592
4492,5887.364400869235,0.012077434919774532,0.05000000074505806,0.17472727596759796,4.504762172698975
4493,5888.38235073071,0.01221951749175787,0.05000000074505806,0.16433332860469818,4.487499713897705
4494,5889.583298223093,0.014308825135231018,0.05000000074505806,0.1683250367641449,4.411999702453613
4495,5890.53361953143,0.011952112428843975,0.05000000074505806,0.16806723177433014,4.25454568862915
4496,5892.235592201352,0.011386477388441563,0.05000000074505806,0.17368419468402863,4.682608604431152
4497,5893.2766242148355,0.013648330233991146,0.05000000074505806,0.16003237664699554,4.10588264465332
4498,5894.227582610212,0.011468865908682346,0.05000000074505806,0.1701444685459137,4.226922988891602
4499,5895.289286782034,0.013320110738277435,0.05000000074505806,0.16480891406536102,4.508333206176758
4500,5896.712649810128,0.011894786730408669,0.05000000074505806,0.16512346267700195,4.222222328186035
4501,5897.621804649942,0.011932633817195892,0.05000000074505806,0.17221295833587646,4.4666666984558105
4502,5898.705706529319,0.01054903119802475,0.05000000074505806,0.16642336547374725,4.599999904632568
4503,5899.553721278906,0.013445867225527763,0.05000000074505806,0.18584071099758148,4.649999618530273
4504,5900.519017971121,0.011006060987710953,0.05000000074505806,0.17443609237670898,4.963157653808594
4505,5901.607172768563,0.013293465599417686,0.05000000074505806,0.16914378106594086,4.433332920074463
4506,5902.916631214321,0.012033997103571892,0.05000000074505806,0.16487807035446167,4.458333492279053
4507,5904.515744642355,0.010597779415547848,0.05000000074505806,0.16682541370391846,4.288888931274414
4508,5905.473569237627,0.010113704018294811,0.05000000074505806,0.17096219956874847,4.626087188720703
4509,5906.344863465056,0.011221988126635551,0.05000000074505806,0.17014725506305695,4.0333333015441895
4510,5907.259394231252,0.011778322048485279,0.05000000074505806,0.1795494109392166,4.4285712242126465
4511,5908.328483666293,0.01078389585018158,0.05000000074505806,0.1610492765903473,4.55714225769043
4512,5909.2322303513065,0.010788374580442905,0.05000000074505806,0.18208663165569305,4.609523773193359
4513,5910.1207397459075,0.010822711512446404,0.05000000074505806,0.19108910858631134,5.123809337615967
4514,5911.526719298214,0.01292707771062851,0.05000000074505806,0.17266187071800232,4.6399993896484375
4515,5912.669473173097,0.010931865312159061,0.05000000074505806,0.17274366319179535,4.65217399597168
4516,5913.731303114444,0.011869643814861774,0.05000000074505806,0.1737326979637146,4.461538314819336
4517,5915.172487147152,0.01318871509283781,0.05000000074505806,0.17018122971057892,4.363636493682861
4518,5916.173258171417,0.01253935694694519,0.05000000074505806,0.1690972000360489,4.3818182945251465
4519,5917.101198384538,0.01201162301003933,0.05000000074505806,0.17417840659618378,4.6374993324279785
4520,5918.145558876917,0.011778396554291248,0.05000000074505806,0.17212806642055511,4.4388885498046875
4521,5920.107939888723,0.011912142857909203,0.05000000074505806,0.16746509075164795,5.052631378173828
4522,5921.656207619235,0.010995203629136086,0.05000000074505806,0.15849733352661133,4.1571431159973145
4523,5922.7679849639535,0.012518231756985188,0.05000000074505806,0.16834783554077148,4.552631378173828
4524,5923.955410707742,0.011593714356422424,0.05000000074505806,0.16846153140068054,4.148148059844971
4525,5925.416669907048,0.01301367674022913,0.05000000074505806,0.18141593039035797,4.766666412353516
4526,5926.959107181057,0.011790262535214424,0.05000000074505806,0.16737967729568481,4.452380657196045
4527,5928.799166543409,0.010746808722615242,0.05000000074505806,0.1789565235376358,4.805263042449951
4528,5929.627658955753,0.011890935711562634,0.05000000074505806,0.16392405331134796,4.196296215057373
4529,5931.424796382897,0.009998675435781479,0.05000000074505806,0.1794266402721405,4.650000095367432
4530,5932.715381580405,0.01142935361713171,0.05000000074505806,0.1692967414855957,4.4666666984558105
4531,5933.586186391301,0.012262928299605846,0.05000000074505806,0.17245081067085266,4.585000038146973
4532,5934.567751056515,0.011511247605085373,0.05000000074505806,0.17338553071022034,4.913332939147949
4533,5936.44380609598,0.01265972200781107,0.05000000074505806,0.1657467633485794,4.4666666984558105
4534,5937.315791363828,0.012396498583257198,0.05000000074505806,0.1679999977350235,4.117856979370117
4535,5938.719190908596,0.012866700068116188,0.05000000074505806,0.16940559446811676,4.512500286102295
4536,5940.611125225201,0.012380504980683327,0.05000000074505806,0.17136076092720032,4.304347991943359
4537,5942.4500949420035,0.012918372638523579,0.05000000074505806,0.1773710399866104,4.492000102996826
4538,5943.391917408444,0.012567415833473206,0.05000000074505806,0.16821305453777313,4.656521797180176
4539,5946.201762205921,0.012006334960460663,0.05000000074505806,0.16403226554393768,4.344444751739502
4540,5947.066790441051,0.010991263203322887,0.05000000074505806,0.1552816778421402,4.2227277755737305
4541,5947.997218538076,0.012791070155799389,0.05000000074505806,0.1634920835494995,4.318181991577148
4542,5948.902889299206,0.010730980895459652,0.05000000074505806,0.17738094925880432,4.835000038146973
4543,5950.310300503857,0.01212802529335022,0.05000000074505806,0.16744548082351685,4.207407474517822
4544,5951.503336137161,0.012643937021493912,0.05000000074505806,0.16574585437774658,4.476470470428467
4545,5952.740672474727,0.012334471568465233,0.05000000074505806,0.17231543362140656,4.442856788635254
4546,5953.813888248056,0.013161077164113522,0.05000000074505806,0.16642120480537415,4.427999973297119
4547,5954.866420613602,0.013061253353953362,0.05000000074505806,0.16351574659347534,4.219231128692627
4548,5955.811437241733,0.01283967774361372,0.05000000074505806,0.17312389612197876,4.58695650100708
4549,5957.48930200655,0.014472953975200653,0.05000000074505806,0.16894502937793732,4.37600040435791
4550,5958.714351625182,0.013703078031539917,0.05000000074505806,0.1724960207939148,4.3478264808654785
4551,5959.561937713996,0.012990610674023628,0.05000000074505806,0.16921795904636383,4.474999904632568
4552,5961.055774956942,0.010606233030557632,0.05000000074505806,0.17123807966709137,4.615789890289307
4553,5963.549818675034,0.01092339213937521,0.05000000074505806,0.17291338741779327,4.303703784942627
4554,5965.1933663114905,0.011461545713245869,0.05000000074505806,0.16680850088596344,4.434615612030029
4555,5966.5481020445,0.011069346219301224,0.05000000074505806,0.16519758105278015,4.051723957061768
4556,5967.526173716411,0.01313055120408535,0.05000000074505806,0.1624765396118164,4.489473819732666
4557,5968.431486906484,0.011597790755331516,0.05000000074505806,0.1714836210012436,4.886666297912598
4558,5969.82462821994,0.01254463940858841,0.05000000074505806,0.17697478830814362,4.44444465637207
4559,5970.759085778147,0.011558206751942635,0.05000000074505806,0.1723053902387619,4.291666507720947
4560,5973.123417696916,0.009995954111218452,0.05000000074505806,0.1705000251531601,4.477272987365723
4561,5975.1030818633735,0.012336933054029942,0.05000000074505806,0.16802841424942017,4.534782886505127
4562,5977.45818608813,0.012086501345038414,0.05000000074505806,0.16914378106594086,4.415999889373779
4563,5978.508317838423,0.013087841682136059,0.05000000074505806,0.172006756067276,4.625
4564,5979.341107200831,0.012147900648415089,0.05000000074505806,0.1866525560617447,5.109999656677246
4565,5980.545513939112,0.012405214831233025,0.05000000074505806,0.17403315007686615,4.845454692840576
4566,5981.465917370282,0.012580919079482555,0.05000000074505806,0.16551057994365692,4.963157653808594
4567,5983.4024469526485,0.009759750217199326,0.05000000074505806,0.1745794266462326,4.4347825050354
4568,5984.288996762596,0.010614823549985886,0.05000000074505806,0.16200317442417145,4.461904525756836
4569,5985.383365667425,0.013172691687941551,0.05000000074505806,0.17271268367767334,4.225000381469727
4570,5986.250826570205,0.01273298542946577,0.05000000074505806,0.17504873871803284,4.778260707855225
4571,5987.120855108835,0.012154125608503819,0.05000000074505806,0.16808873414993286,4.454545021057129
4572,5988.172952213325,0.011985828168690205,0.05000000074505806,0.16389776766300201,4.291304588317871
4573,5989.240921407938,0.012467917986214161,0.05000000074505806,0.17499999701976776,4.6181817054748535
4574,5990.583148046397,0.011391657404601574,0.05000000074505806,0.16990290582180023,4.0920000076293945
4575,5991.543839388527,0.010993661358952522,0.05000000074505806,0.1746503710746765,4.894444942474365
4576,5992.655497250147,0.010712123475968838,0.05000000074505806,0.17040133476257324,4.4720001220703125
4577,5994.6947512589395,0.012989446520805359,0.05000000074505806,0.17161904275417328,4.545000076293945
4578,5996.278964817524,0.012127498164772987,0.05000000074505806,0.1663382649421692,4.538094997406006
4579,5997.555465477519,0.010927962139248848,0.05000000074505806,0.1657051295042038,4.308000087738037
4580,5999.126481770538,0.011551748029887676,0.05000000074505806,0.1594059318304062,4.215384483337402
4581,6000.14078519959,0.009874911047518253,0.05000000074505806,0.18857677280902863,5.005262851715088
4582,6001.011379509233,0.010503691621124744,0.05000000074505806,0.17660944163799286,5.076470375061035
4583,6002.491342208348,0.012275303713977337,0.05000000074505806,0.15143339335918427,4.166666507720947
4584,6003.470351085067,0.012100424617528915,0.05000000074505806,0.18150943517684937,4.557894706726074
4585,6006.192540538497,0.011532880365848541,0.05000000074505806,0.17150837182998657,5.005000114440918
4586,6008.028525844216,0.010890748351812363,0.05000000074505806,0.1677364856004715,4.0652174949646
4587,6009.126084602438,0.012241741642355919,0.05000000074505806,0.16504202783107758,4.587500095367432
4588,6011.213178832084,0.01084588747471571,0.05000000074505806,0.1772295981645584,4.788888931274414
4589,6013.143485785462,0.012078852392733097,0.05000000074505806,0.16321241855621338,4.2727274894714355
4590,6013.991236504167,0.013614566065371037,0.05000000074505806,0.17529182136058807,5.112499713897705
4591,6015.3976767854765,0.011929559521377087,0.05000000074505806,0.17181529104709625,4.299999713897705
4592,6016.669495293871,0.01178856659680605,0.05000000074505806,0.172920361161232,4.566666603088379
4593,6017.579517957754,0.01033199392259121,0.05000000074505806,0.1619642823934555,4.399999618530273
4594,6019.115369996987,0.012272046878933907,0.05000000074505806,0.17961537837982178,4.7944440841674805
4595,6020.948501226492,0.012573666870594025,0.05000000074505806,0.18359512090682983,4.820000171661377
4596,6022.891089828685,0.01093659270554781,0.05000000074505806,0.16325822472572327,4.516000270843506
4597,6024.39305925183,0.011928983964025974,0.05000000074505806,0.17304189503192902,4.5227274894714355
4598,6025.297753870487,0.012170568108558655,0.05000000074505806,0.1721428781747818,4.865000247955322
4599,6026.7842427240685,0.011425850912928581,0.05000000074505806,0.1596153825521469,4.25
4600,6028.301319732331,0.013127915561199188,0.05000000074505806,0.18193669617176056,4.672727584838867
4601,6030.162955597043,0.010369233787059784,0.05000000074505806,0.16505637764930725,4.199999809265137
4602,6031.070002983324,0.01395449135452509,0.05000000074505806,0.1698039174079895,4.7055559158325195
4603,6031.9386160308495,0.01260768435895443,0.05000000074505806,0.16650868952274323,4.4039998054504395
4604,6033.886341954581,0.012683329172432423,0.05000000074505806,0.16519610583782196,4.272727012634277
4605,6036.073612721637,0.01102131325751543,0.05000000074505806,0.16314908862113953,4.165384769439697
4606,6036.94299700018,0.013408380560576916,0.05000000074505806,0.16545802354812622,4.90500020980835
4607,6038.049396060407,0.012908750213682652,0.05000000074505806,0.17423208057880402,4.562499523162842
4608,6038.910458212718,0.011227009817957878,0.05000000074505806,0.16863709688186646,4.143749713897705
4609,6040.012381453067,0.011636690236628056,0.05000000074505806,0.17475081980228424,4.568181991577148
4610,6041.003057377413,0.011410352773964405,0.05000000074505806,0.17341549694538116,4.599999904632568
4611,6041.851441750303,0.013771332800388336,0.05000000074505806,0.1621818244457245,4.552173614501953
4612,6043.291189502925,0.011346714571118355,0.05000000074505806,0.17042016983032227,4.534782886505127
4613,6044.816523996182,0.010976972989737988,0.05000000074505806,0.16344238817691803,4.178570747375488
4614,6045.7321890881285,0.012207919731736183,0.05000000074505806,0.16904760897159576,4.2772722244262695
4615,6047.378542228602,0.011788091622292995,0.05000000074505806,0.16600000858306885,4.334782600402832
4616,6049.417740751058,0.011320948600769043,0.05000000074505806,0.16316872835159302,4.926665782928467
4617,6051.281514541246,0.01127682626247406,0.05000000074505806,0.16189736127853394,3.9571430683135986
4618,6052.432870956138,0.012106586247682571,0.05000000074505806,0.17884616553783417,4.799999713897705
4619,6053.333630127832,0.010340414009988308,0.05000000074505806,0.16526314616203308,4.412500381469727
4620,6054.927695435472,0.012010550126433372,0.05000000074505806,0.1675925999879837,4.300000190734863
4621,6056.212790848687,0.0128917982801795,0.05000000074505806,0.18195019662380219,4.857142448425293
4622,6057.2442461317405,0.013201802037656307,0.05000000074505806,0.17456981539726257,4.899999618530273
4623,6058.88158227969,0.01355199608951807,0.05000000074505806,0.17560581862926483,4.5
4624,6059.732408579439,0.011520248837769032,0.05000000074505806,0.16209964454174042,4.514286041259766
4625,6060.62158739008,0.012132406234741211,0.05000000074505806,0.16779963672161102,4.545454025268555
4626,6061.517243252136,0.01065849419683218,0.05000000074505806,0.17823739349842072,4.337499618530273
4627,6062.947186490521,0.012795476242899895,0.05000000074505806,0.1737648993730545,4.830434799194336
4628,6064.408981914632,0.01255754940211773,0.05000000074505806,0.17520524561405182,4.5920000076293945
4629,6065.7563305888325,0.011675446294248104,0.05000000074505806,0.16252100467681885,4.188235282897949
4630,6068.0046985792,0.011033122427761555,0.05000000074505806,0.16660650074481964,4.313636302947998
4631,6069.378311084583,0.011515185236930847,0.05000000074505806,0.16337209939956665,4.755555629730225
4632,6070.632619719021,0.01022059191018343,0.05000000074505806,0.16365104913711548,4.349999904632568
4633,6071.986068721861,0.01028529368340969,0.05000000074505806,0.16605351865291595,4.184000015258789
4634,6073.0090973917395,0.013146612793207169,0.05000000074505806,0.1670549064874649,4.272000312805176
4635,6073.984799087048,0.013760286383330822,0.05000000074505806,0.16643598675727844,4.314999580383301
4636,6075.868139485829,0.011668774299323559,0.05000000074505806,0.1695580929517746,4.539130210876465
4637,6077.143106941134,0.011872485280036926,0.05000000074505806,0.16732852160930634,4.304544925689697
4638,6077.986938979477,0.012141600251197815,0.05000000074505806,0.17601296305656433,4.508333683013916
4639,6079.020427986048,0.010605547577142715,0.05000000074505806,0.17939509451389313,5.158824443817139
4640,6080.435525907204,0.014117822982370853,0.05000000074505806,0.16462263464927673,4.177777290344238
4641,6081.2631192924455,0.011018075980246067,0.05000000074505806,0.15974025428295135,4.377777576446533
4642,6082.130083586089,0.011103103868663311,0.05000000074505806,0.16575120389461517,4.125926494598389
4643,6083.241094743833,0.011426330544054508,0.05000000074505806,0.1729200780391693,4.479166507720947
4644,6084.2524469411,0.011549912393093109,0.05000000074505806,0.17229601740837097,4.640000343322754
4645,6086.071499423124,0.010289555415511131,0.05000000074505806,0.17416267096996307,4.377273082733154
4646,6086.90728595946,0.010195346549153328,0.05000000074505806,0.1843942552804947,5.038094997406006
4647,6088.259017358534,0.01247652992606163,0.05000000074505806,0.1654440313577652,4.563157558441162
4648,6090.143204682507,0.01197216846048832,0.05000000074505806,0.16546392440795898,4.5699992179870605
4649,6091.814099589363,0.012179579585790634,0.05000000074505806,0.16575562953948975,4.078260898590088
4650,6094.369827534072,0.010893987491726875,0.05000000074505806,0.16690517961978912,4.780951976776123
4651,6095.383910104632,0.013219146989285946,0.05000000074505806,0.17169179022312164,4.2923078536987305
4652,6096.54017331358,0.01217295415699482,0.05000000074505806,0.16368933022022247,4.566666603088379
4653,6097.607072602026,0.012935427948832512,0.05000000074505806,0.16712802648544312,4.355555534362793
4654,6099.201849717647,0.01261120941489935,0.05000000074505806,0.16871879994869232,4.432000160217285
4655,6100.106247150339,0.01297655887901783,0.05000000074505806,0.16610486805438995,4.7733330726623535
4656,6100.999840121716,0.013021698221564293,0.05000000074505806,0.18186618387699127,4.633333206176758
4657,6102.564863112755,0.01211780495941639,0.05000000074505806,0.17512865364551544,4.660869598388672
4658,6104.052376920357,0.010709759779274464,0.05000000074505806,0.1728987991809845,4.477777481079102
4659,6105.026302625425,0.012166240252554417,0.05000000074505806,0.16923077404499054,4.613043785095215
4660,6105.936604023911,0.012706710025668144,0.05000000074505806,0.17220216989517212,4.677272796630859
4661,6106.808730223216,0.013372467830777168,0.05000000074505806,0.17316292226314545,4.509090900421143
4662,6108.959366300143,0.011608151718974113,0.05000000074505806,0.1738211214542389,4.244443893432617
4663,6110.134132229723,0.011087293736636639,0.05000000074505806,0.17161017656326294,5.089473724365234
4664,6111.037312665954,0.010214549489319324,0.05000000074505806,0.17548388242721558,4.530435085296631
4665,6111.918536852114,0.01246756874024868,0.05000000074505806,0.16946686804294586,4.357894420623779
4666,6113.206259364262,0.010286705568432808,0.05000000074505806,0.17903226613998413,4.542856693267822
4667,6114.976592598483,0.012251068837940693,0.05000000074505806,0.1747603863477707,4.717391490936279
4668,6115.81498264987,0.010447125881910324,0.05000000074505806,0.16393129527568817,4.674999713897705
4669,6116.694904889911,0.011253847740590572,0.05000000074505806,0.17499999701976776,4.699999809265137
4670,6117.918755928054,0.012745079584419727,0.05000000074505806,0.1718965619802475,4.639130115509033
4671,6118.948657216504,0.010793824680149555,0.05000000074505806,0.16528190672397614,4.116666793823242
4672,6120.0414696400985,0.01431981660425663,0.05000000074505806,0.1577744036912918,3.988888740539551
4673,6122.065984241664,0.010627578012645245,0.05000000074505806,0.17460814118385315,4.4384613037109375
4674,6123.779804622754,0.013470507226884365,0.05000000074505806,0.16283464431762695,4.175000190734863
4675,6124.87573547475,0.012123904190957546,0.05000000074505806,0.17381341755390167,4.450000286102295
4676,6126.4235065495595,0.013194793835282326,0.05000000074505806,0.1773279309272766,4.888888835906982
4677,6127.658555664122,0.011615564115345478,0.05000000074505806,0.17777778208255768,4.763637065887451
4678,6128.655987445265,0.011785590089857578,0.05000000074505806,0.1632329672574997,4.423999786376953
4679,6130.09977364447,0.010722762905061245,0.05000000074505806,0.170786514878273,4.369565010070801
4680,6131.481150288135,0.013145922683179379,0.05000000074505806,0.16968503594398499,4.738889694213867
4681,6132.5595618980005,0.011519508436322212,0.05000000074505806,0.1709243804216385,4.440908432006836
4682,6133.428261966445,0.010976522229611874,0.05000000074505806,0.16180667281150818,4.13599967956543
4683,6134.822940483689,0.010497653856873512,0.05000000074505806,0.16961078345775604,4.353846073150635
4684,6136.198237248696,0.011165532283484936,0.05000000074505806,0.1702970415353775,4.615999698638916
4685,6137.0369464140385,0.012058346532285213,0.05000000074505806,0.16364963352680206,4.035714149475098
4686,6138.124764335342,0.012877627275884151,0.05000000074505806,0.17745454609394073,4.506666660308838
4687,6139.201444474049,0.012294620275497437,0.05000000074505806,0.1706390231847763,4.838095188140869
4688,6141.389442740008,0.011720281094312668,0.05000000074505806,0.17324954271316528,4.464000225067139
4689,6143.754774671979,0.014107140712440014,0.05000000074505806,0.16825395822525024,4.355999946594238
4690,6144.595599155873,0.008847726508975029,0.05000000074505806,0.1690322458744049,4.4190473556518555
4691,6146.664908857085,0.011343635618686676,0.05000000074505806,0.17038267850875854,4.480769157409668
4692,6147.557724265382,0.011762123554944992,0.05000000074505806,0.16810087859630585,4.104000091552734
4693,6148.565131867304,0.011434614658355713,0.05000000074505806,0.17509505152702332,4.561110973358154
4694,6150.196908724494,0.01183208730071783,0.05000000074505806,0.17535459995269775,4.672727584838867
4695,6151.975194666535,0.01282606739550829,0.05000000074505806,0.16966292262077332,4.492000102996826
4696,6152.921141920611,0.011840581893920898,0.05000000074505806,0.17608286440372467,4.876190185546875
4697,6154.889152645133,0.011722208000719547,0.05000000074505806,0.18686442077159882,4.981249809265137
4698,6156.048501693644,0.013113470748066902,0.05000000074505806,0.18122605979442596,5.205882549285889
4699,6157.5928541217,0.013373435474932194,0.05000000074505806,0.17245900630950928,4.480000019073486
4700,6158.529388451949,0.01183374784886837,0.05000000074505806,0.16055361926555634,4.625
4701,6159.948912883177,0.014052178710699081,0.05000000074505806,0.17562603950500488,4.400000095367432
4702,6161.758207554929,0.01342182420194149,0.05000000074505806,0.17840909957885742,5.047618865966797
4703,6162.984268445522,0.0123648252338171,0.05000000074505806,0.1714567244052887,4.5
4704,6163.93835395854,0.009893401525914669,0.05000000074505806,0.1719033271074295,4.447999954223633
4705,6164.806009172462,0.012795448303222656,0.05000000074505806,0.16161449253559113,4.272414207458496
4706,6166.873066946864,0.013829701580107212,0.05000000074505806,0.16593405604362488,4.112500190734863
4707,6168.389849068597,0.01432635448873043,0.05000000074505806,0.17536945641040802,4.7727274894714355
4708,6169.233665483072,0.010166463442146778,0.05000000074505806,0.17118646204471588,4.528571128845215
4709,6171.218332942575,0.011502789333462715,0.05000000074505806,0.16601626574993134,4.805263519287109
4710,6173.008708865382,0.010646853595972061,0.05000000074505806,0.16558346152305603,3.942857503890991
4711,6173.910028300248,0.011734824627637863,0.05000000074505806,0.1651315689086914,4.443999767303467
4712,6174.799862600863,0.013333245180547237,0.05000000074505806,0.16694913804531097,4.267999649047852
4713,6176.140363228507,0.011824325658380985,0.05000000074505806,0.17722773551940918,4.623808860778809
4714,6177.294313691556,0.010620827786624432,0.05000000074505806,0.17341269552707672,4.7272725105285645
4715,6178.43463458214,0.010911168530583382,0.05000000074505806,0.16920289397239685,4.657894611358643
4716,6179.295696148649,0.013026843778789043,0.05000000074505806,0.1631496101617813,4.389473915100098
4717,6180.243070861325,0.010529018007218838,0.05000000074505806,0.18119266629219055,4.44444465637207
4718,6182.394980112091,0.014117482118308544,0.05000000074505806,0.17254574596881866,4.678260803222656
4719,6183.838601198047,0.01156045775860548,0.05000000074505806,0.16564327478408813,4.103447914123535
4720,6184.989871605299,0.010463463142514229,0.05000000074505806,0.1648208349943161,4.451999664306641
4721,6186.106167382561,0.011572162620723248,0.05000000074505806,0.17817531526088715,4.590476036071777
4722,6186.965958592482,0.010833526961505413,0.05000000074505806,0.1712149679660797,4.584210395812988
4723,6188.394817538559,0.01243553962558508,0.05000000074505806,0.16604094207286835,4.681817531585693
4724,6189.907058269717,0.012458566576242447,0.05000000074505806,0.16321656107902527,4.265384197235107
4725,6190.867317834869,0.010951262898743153,0.05000000074505806,0.16229987144470215,4.039285659790039
4726,6191.76410142798,0.014153214171528816,0.05000000074505806,0.17011308670043945,4.394736289978027
4727,6192.667858981527,0.012381482869386673,0.05000000074505806,0.17810559272766113,4.565384387969971
4728,6193.5207041259855,0.01383662037551403,0.05000000074505806,0.17005254328250885,4.436363697052002
4729,6194.557672207244,0.011591213755309582,0.05000000074505806,0.17234957218170166,4.471999645233154
4730,6196.447428665124,0.012594795785844326,0.05000000074505806,0.1662079393863678,4.232142925262451
4731,6197.300289621577,0.013443573378026485,0.05000000074505806,0.17419356107711792,4.710525989532471
4732,6198.65937862359,0.010791667737066746,0.05000000074505806,0.16754966974258423,4.480000019073486
4733,6200.27645406872,0.013142372481524944,0.05000000074505806,0.1752525418996811,4.4666666984558105
4734,6201.181459023617,0.010844201780855656,0.05000000074505806,0.1721223145723343,4.664705753326416
4735,6202.11886587739,0.011913944967091084,0.05000000074505806,0.17159664630889893,4.478947162628174
4736,6204.282453907654,0.010527819395065308,0.05000000074505806,0.175789475440979,5.036841869354248
4737,6205.138875877485,0.01485582534223795,0.05000000074505806,0.17401961982250214,4.415999889373779
4738,6206.733292366378,0.011821573600172997,0.05000000074505806,0.1605815887451172,4.5333333015441895
4739,6207.575970715843,0.011803064495325089,0.05000000074505806,0.16250000894069672,4.28000020980835
4740,6208.972583038732,0.012990610674023628,0.05000000074505806,0.1707792431116104,4.282608509063721
4741,6211.1901437221095,0.01118898019194603,0.05000000074505806,0.1661788523197174,4.204347610473633
4742,6212.258739716373,0.012707613408565521,0.05000000074505806,0.1671031266450882,4.519999980926514
4743,6213.813538169488,0.013808845542371273,0.05000000074505806,0.1716577410697937,4.591666221618652
4744,6214.734070492908,0.010570340789854527,0.05000000074505806,0.17572464048862457,4.524999141693115
4745,6215.594241592102,0.01126551441848278,0.05000000074505806,0.17299813032150269,4.740908622741699
4746,6217.047896342352,0.014149468392133713,0.05000000074505806,0.16186770796775818,4.6421051025390625
4747,6218.325577991083,0.014082599431276321,0.05000000074505806,0.1727902889251709,4.568421363830566
4748,6219.173945304938,0.012524825520813465,0.05000000074505806,0.1667180210351944,4.3458333015441895
4749,6220.22744825203,0.012996259145438671,0.05000000074505806,0.17767441272735596,4.365217208862305
4750,6221.421039885841,0.01406659372150898,0.05000000074505806,0.1736474633216858,4.666666507720947
4751,6222.400463328697,0.013537583872675896,0.05000000074505806,0.17508089542388916,4.5958333015441895
4752,6223.258042820729,0.011223585344851017,0.05000000074505806,0.17021696269512177,4.630434989929199
4753,6225.690049712546,0.011023133061826229,0.05000000074505806,0.1824110597372055,5.047058582305908
4754,6227.07059470471,0.010651780292391777,0.05000000074505806,0.16840146481990814,4.4285712242126465
4755,6227.930603293702,0.01293626707047224,0.05000000074505806,0.18225808441638947,5.0333333015441895
4756,6229.752334029414,0.011016454547643661,0.05000000074505806,0.1779850721359253,4.855555057525635
4757,6231.464188325219,0.011939654126763344,0.05000000074505806,0.17438596487045288,4.472726821899414
4758,6232.987671033479,0.011538003571331501,0.05000000074505806,0.16936318576335907,4.6052632331848145
4759,6233.862473744899,0.012727294117212296,0.05000000074505806,0.15891607105731964,4.421738624572754
4760,6235.335308896378,0.011592000722885132,0.05000000074505806,0.17921259999275208,4.370369911193848
4761,6236.453629615717,0.009811023250222206,0.05000000074505806,0.17703251540660858,5.217647075653076
4762,6237.914216955192,0.012713517993688583,0.05000000074505806,0.16968698799610138,4.1043477058410645
4763,6240.587295505218,0.013058837503194809,0.05000000074505806,0.16340287029743195,4.460869312286377
4764,6242.009902301244,0.014234750531613827,0.05000000074505806,0.1580745428800583,3.992856740951538
4765,6242.869423326105,0.011809637770056725,0.05000000074505806,0.16878217458724976,4.381817817687988
4766,6243.9156746016815,0.011499135755002499,0.05000000074505806,0.1848101168870926,5.064285755157471
4767,6245.544926479459,0.013008498586714268,0.05000000074505806,0.17359153926372528,4.889473915100098
4768,6247.421756274998,0.011796468868851662,0.05000000074505806,0.16185185313224792,4.486956596374512
4769,6248.715780988336,0.011539730243384838,0.05000000074505806,0.1741824448108673,4.652174472808838
4770,6249.995725370012,0.012391606345772743,0.05000000074505806,0.16859205067157745,4.452940940856934
4771,6250.90666296985,0.010573078878223896,0.05000000074505806,0.16254237294197083,4.526086330413818
4772,6252.502367863432,0.012128772214055061,0.05000000074505806,0.18476560711860657,4.545000076293945
4773,6253.811068285257,0.012534073553979397,0.05000000074505806,0.17410562932491302,4.691666603088379
4774,6255.252046159469,0.012457304634153843,0.05000000074505806,0.16531690955162048,4.590909004211426
4775,6256.847542406991,0.013228168711066246,0.05000000074505806,0.16436782479286194,4.0714287757873535
4776,6258.083422070369,0.013074089772999287,0.05000000074505806,0.1679425835609436,4.304999828338623
4777,6259.396404102445,0.012525319121778011,0.05000000074505806,0.1750841736793518,4.566666603088379
4778,6260.227806265466,0.01304524764418602,0.05000000074505806,0.1787194013595581,4.9157891273498535
4779,6261.37633406464,0.010403809137642384,0.05000000074505806,0.16655685007572174,4.452381134033203
4780,6262.772199175321,0.011274694465100765,0.05000000074505806,0.1689542680978775,4.351999759674072
4781,6264.411909925751,0.012456713244318962,0.05000000074505806,0.17042924463748932,4.4576921463012695
4782,6265.361171238124,0.012002229690551758,0.05000000074505806,0.17307031154632568,4.363999843597412
4783,6266.973361878656,0.010106083005666733,0.05000000074505806,0.1617124378681183,4.272726535797119
4784,6268.354452543892,0.011763418093323708,0.05000000074505806,0.1650456041097641,4.2909088134765625
4785,6269.224704234861,0.01275299210101366,0.05000000074505806,0.16849710047245026,4.142857074737549
4786,6270.048062881455,0.014303882606327534,0.05000000074505806,0.16517691314220428,4.726315498352051
4787,6270.886550365016,0.01210295595228672,0.05000000074505806,0.1677364856004715,4.038460731506348
4788,6271.926517765969,0.013300476595759392,0.05000000074505806,0.16698412597179413,4.460000038146973
4789,6273.04174224101,0.01224689744412899,0.05000000074505806,0.17480315268039703,4.74545431137085
4790,6275.092354791239,0.010622519999742508,0.05000000074505806,0.18021778762340546,5.035000324249268
4791,6276.397542859428,0.01191058848053217,0.05000000074505806,0.1700320541858673,4.2814812660217285
4792,6277.284405696206,0.011175637133419514,0.05000000074505806,0.1681063175201416,4.407999515533447
4793,6278.202172523364,0.012950233183801174,0.05000000074505806,0.17165492475032806,4.664999961853027
4794,6279.609625123441,0.013937053270637989,0.05000000074505806,0.16700336337089539,4.313333511352539
4795,6280.826653659344,0.013530740514397621,0.05000000074505806,0.17966805398464203,4.8428568840026855
4796,6281.875253422186,0.012431055307388306,0.05000000074505806,0.16896000504493713,4.458333492279053
4797,6282.97648807615,0.013300399295985699,0.05000000074505806,0.1632423996925354,4.081481456756592
4798,6284.992082362995,0.009935440495610237,0.05000000074505806,0.1698606312274933,4.735000133514404
4799,6286.88593040593,0.011653698049485683,0.05000000074505806,0.17255985736846924,4.34761905670166
4800,6287.975721495226,0.012390250340104103,0.05000000074505806,0.17867767810821533,4.691666603088379
4801,6288.843718616292,0.01033529918640852,0.05000000074505806,0.15230770409107208,4.164000034332275
4802,6290.210334513336,0.013905483298003674,0.05000000074505806,0.17223230004310608,4.340909004211426
4803,6292.164586946368,0.01199363637715578,0.05000000074505806,0.16852712631225586,4.283332824707031
4804,6293.346405408345,0.012107578106224537,0.05000000074505806,0.18640351295471191,4.818181991577148
4805,6294.739304815419,0.010317763313651085,0.05000000074505806,0.1646258533000946,4.718181610107422
4806,6295.622793929651,0.012119228020310402,0.05000000074505806,0.16500993072986603,4.4052629470825195
4807,6296.533908332698,0.014220884069800377,0.05000000074505806,0.16943396627902985,4.614285469055176
4808,6297.903439948335,0.010382412932813168,0.05000000074505806,0.16867469251155853,4.327272415161133
4809,6299.180916665122,0.010581432841718197,0.05000000074505806,0.1774621158838272,5.453845024108887
4810,6301.383585676551,0.010984991677105427,0.05000000074505806,0.16746032238006592,4.285184860229492
4811,6303.26938816905,0.010884306393563747,0.05000000074505806,0.17170733213424683,4.383999824523926
4812,6304.705371939577,0.01390836015343666,0.05000000074505806,0.16811376810073853,4.069230556488037
4813,6306.16905015707,0.010646907612681389,0.05000000074505806,0.1765390932559967,4.6913042068481445
4814,6307.570840808563,0.011477669700980186,0.05000000074505806,0.1642628163099289,4.509090900421143
4815,6308.463387573138,0.010201283730566502,0.05000000074505806,0.17224198579788208,4.429166793823242
4816,6309.99951868318,0.009722444228827953,0.05000000074505806,0.15974026918411255,4.3458333015441895
4817,6311.542142312974,0.01090849656611681,0.05000000074505806,0.17787019908428192,4.313043117523193
4818,6313.102994336747,0.012235922738909721,0.05000000074505806,0.1827026903629303,4.7826080322265625
4819,6313.936069521122,0.010771781206130981,0.05000000074505806,0.1731075793504715,4.943750381469727
4820,6315.438511047512,0.013398720882833004,0.05000000074505806,0.1675090342760086,4.529999732971191
4821,6316.883918610401,0.011367377825081348,0.05000000074505806,0.17781512439250946,4.669565677642822
4822,6318.449953112751,0.012112400494515896,0.05000000074505806,0.1670886129140854,4.452174186706543
4823,6319.821441033855,0.011506856419146061,0.05000000074505806,0.17408058047294617,4.6826090812683105
4824,6321.154056232423,0.013738516718149185,0.05000000074505806,0.17058824002742767,4.200000286102295
4825,6322.202098444104,0.013022680766880512,0.05000000074505806,0.179215669631958,5.09499979019165
4826,6323.0876405294985,0.015436953864991665,0.05000000074505806,0.16767242550849915,4.82941198348999
4827,6324.500389140099,0.01316768303513527,0.05000000074505806,0.17334438860416412,4.647826194763184
4828,6325.7372476560995,0.01051294058561325,0.05000000074505806,0.16276083886623383,4.165384292602539
4829,6326.590455031954,0.01166117936372757,0.05000000074505806,0.17549550533294678,4.442857265472412
4830,6328.156650218181,0.010844885371625423,0.05000000074505806,0.17449456453323364,4.75
4831,6330.141260935925,0.010362906381487846,0.05000000074505806,0.15080057084560394,3.8781251907348633
4832,6330.993792532012,0.014161688275635242,0.05000000074505806,0.16003136336803436,4.049999713897705
4833,6331.907736754976,0.010658000595867634,0.05000000074505806,0.16919276118278503,4.449999809265137
4834,6332.810447244905,0.012755690142512321,0.05000000074505806,0.18229927122592926,4.730000019073486
4835,6333.67499945499,0.011991188861429691,0.05000000074505806,0.1687975823879242,4.519999980926514
4836,6334.735279041342,0.011754187755286694,0.05000000074505806,0.1633116900920868,4.1259260177612305
4837,6336.380062593147,0.011379077099263668,0.05000000074505806,0.17431192100048065,4.404999732971191
4838,6337.891099141911,0.014823665842413902,0.05000000074505806,0.17351850867271423,4.639999866485596
4839,6338.790756417438,0.010096633806824684,0.05000000074505806,0.17563024163246155,4.599999904632568
4840,6339.670661062002,0.011657887138426304,0.05000000074505806,0.17830374836921692,4.961904525756836
4841,6340.721583632752,0.013263477943837643,0.05000000074505806,0.17128907144069672,4.829411506652832
4842,6341.586486696266,0.010892908088862896,0.05000000074505806,0.16672727465629578,4.411110877990723
4843,6343.321577276103,0.012758346274495125,0.05000000074505806,0.1659010499715805,4.462500095367432
4844,6344.180946576409,0.01105270255357027,0.05000000074505806,0.1802935004234314,5.099999904632568
4845,6345.61014397908,0.013420803472399712,0.05000000074505806,0.1773049533367157,4.626087188720703
4846,6346.6451139859855,0.012211871333420277,0.05000000074505806,0.1645614057779312,4.460869312286377
4847,6347.524716748856,0.011964916251599789,0.05000000074505806,0.17085427045822144,4.676190376281738
4848,6348.831765450537,0.011619954369962215,0.05000000074505806,0.15930436551570892,4.0
4849,6350.544009908102,0.013023161329329014,0.05000000074505806,0.17755775153636932,4.785714149475098
4850,6352.0343648651615,0.011425398290157318,0.05000000074505806,0.1749579906463623,4.330769062042236
4851,6353.706297681667,0.012205291539430618,0.05000000074505806,0.16019900143146515,4.495832920074463
4852,6355.0576535612345,0.013626123778522015,0.05000000074505806,0.1689883917570114,4.5208330154418945
4853,6356.736539317295,0.014468460343778133,0.05000000074505806,0.17300811409950256,4.415384292602539
4854,6357.701521417126,0.01203467883169651,0.05000000074505806,0.17397959530353546,4.410526275634766
4855,6359.216024713591,0.010720878839492798,0.05000000074505806,0.16815181076526642,4.726086616516113
4856,6361.38214618247,0.01331067830324173,0.05000000074505806,0.1682243049144745,4.126086711883545
4857,6362.420842895284,0.01439925841987133,0.05000000074505806,0.15776172280311584,4.5199995040893555
4858,6363.258498542011,0.012828316539525986,0.05000000074505806,0.17490774393081665,4.337500095367432
4859,6365.230341897346,0.012605504132807255,0.05000000074505806,0.16353166103363037,4.734999656677246
4860,6366.099811281078,0.013608832843601704,0.05000000074505806,0.17500001192092896,4.085000038146973
4861,6367.375708579086,0.0115598663687706,0.05000000074505806,0.1678137630224228,4.989999294281006
4862,6368.896502461284,0.01147837657481432,0.05000000074505806,0.18067093193531036,4.714285850524902
4863,6370.412610216998,0.013658073730766773,0.05000000074505806,0.16820083558559418,4.689999580383301
4864,6371.500362800434,0.012645034119486809,0.05000000074505806,0.1672597974538803,4.54736852645874
4865,6372.965392253362,0.012703091837465763,0.05000000074505806,0.17803660035133362,4.71818208694458
4866,6375.070848709904,0.011404664255678654,0.05000000074505806,0.17871972918510437,4.481818675994873
4867,6376.210503514856,0.013106593862175941,0.05000000074505806,0.15936331450939178,4.439129829406738
4868,6378.487285896204,0.011334908194839954,0.05000000074505806,0.17637930810451508,4.604761600494385
4869,6379.683133260347,0.01085917092859745,0.05000000074505806,0.16386553645133972,4.238094806671143
4870,6380.552768419497,0.011976628564298153,0.05000000074505806,0.1777038276195526,4.513636112213135
4871,6382.018264005892,0.011608878150582314,0.05000000074505806,0.17256636917591095,4.763636112213135
4872,6383.068584538065,0.011628247797489166,0.05000000074505806,0.1707746386528015,4.690475940704346
4873,6384.4252848168835,0.01108961645513773,0.05000000074505806,0.16345177590847015,4.386956691741943
4874,6386.026279017329,0.01290648989379406,0.05000000074505806,0.15973281860351562,4.464999675750732
4875,6388.148401807062,0.013682901859283447,0.05000000074505806,0.17119477689266205,4.268181800842285
4876,6389.046476821415,0.011876505799591541,0.05000000074505806,0.167642280459404,4.573913097381592
4877,6390.05939990934,0.012927217409014702,0.05000000074505806,0.16761620342731476,4.229629993438721
4878,6392.206405295059,0.012933153659105301,0.05000000074505806,0.1720505654811859,4.375862121582031
4879,6393.103343976662,0.014471770264208317,0.05000000074505806,0.17204301059246063,4.505000114440918
4880,6394.525839976035,0.009927075356245041,0.05000000074505806,0.17445972561836243,4.599999904632568
4881,6395.724359110929,0.01206784974783659,0.05000000074505806,0.1806797832250595,5.010526180267334
4882,6396.669258276932,0.01324562169611454,0.05000000074505806,0.16709795594215393,4.855555057525635
4883,6397.620897652581,0.012408046051859856,0.05000000074505806,0.16366907954216003,4.171999931335449
4884,6398.748018402606,0.012853056192398071,0.05000000074505806,0.16867031157016754,4.672222137451172
4885,6399.6660106172785,0.011235039681196213,0.05000000074505806,0.17670682072639465,4.736842155456543
4886,6401.369103980251,0.011889522895216942,0.05000000074505806,0.17529019713401794,4.479166507720947
4887,6402.230129468255,0.011668173596262932,0.05000000074505806,0.16889280080795288,4.468420505523682
4888,6403.130316204391,0.01070897001773119,0.05000000074505806,0.17689593136310577,4.881817817687988
4889,6404.026569476351,0.011295565403997898,0.05000000074505806,0.1797468364238739,4.613043785095215
4890,6404.909803676419,0.01221378892660141,0.05000000074505806,0.17069536447525024,4.894999980926514
4891,6406.0838705301285,0.011862402781844139,0.05000000074505806,0.1671096384525299,4.342307090759277
4892,6407.283576884307,0.012193012051284313,0.05000000074505806,0.18451730906963348,4.779999732971191
4893,6408.651584302075,0.012097729369997978,0.05000000074505806,0.17967331409454346,5.02222204208374
4894,6410.338553692214,0.012374991551041603,0.05000000074505806,0.16447368264198303,4.300000190734863
4895,6412.16081998311,0.009602375328540802,0.05000000074505806,0.17066450417041779,4.338461399078369
4896,6413.95566949714,0.013200591318309307,0.05000000074505806,0.18529412150382996,4.849999904632568
4897,6415.526287935674,0.013005143031477928,0.05000000074505806,0.1673981249332428,4.371999740600586
4898,6417.232547758147,0.009134538471698761,0.05000000074505806,0.1704273521900177,4.55714225769043
4899,6418.611410159618,0.011008658446371555,0.05000000074505806,0.1714518815279007,4.608333110809326
4900,6420.7095486130565,0.009812998585402966,0.05000000074505806,0.17669564485549927,4.491999626159668
4901,6422.417791691609,0.00994192622601986,0.05000000074505806,0.17225128412246704,4.713043689727783
4902,6424.357638956048,0.013174410909414291,0.05000000074505806,0.17110656201839447,5.127272605895996
4903,6425.706367675215,0.012696229852735996,0.05000000074505806,0.15670926868915558,4.1519999504089355
4904,6427.101097859442,0.010850015096366405,0.05000000074505806,0.17343172430992126,4.452381134033203
4905,6427.954452259466,0.01142777968198061,0.05000000074505806,0.1750793606042862,4.612500190734863
4906,6428.883320993744,0.010721777565777302,0.05000000074505806,0.17818927764892578,4.938889503479004
4907,6429.773798148148,0.01321438793092966,0.05000000074505806,0.17210884392261505,4.372726917266846
4908,6430.675144914538,0.009879238903522491,0.05000000074505806,0.1862068772315979,4.96363639831543
4909,6431.714998736978,0.011734934523701668,0.05000000074505806,0.16987298429012299,4.759089946746826
4910,6433.289829370566,0.011674437671899796,0.05000000074505806,0.16775862872600555,4.3428568840026855
4911,6434.483450336382,0.012099601328372955,0.05000000074505806,0.16168831288814545,4.2272725105285645
4912,6436.018102936447,0.01167761068791151,0.05000000074505806,0.170065775513649,4.459090709686279
4913,6437.28354598023,0.010876079089939594,0.05000000074505806,0.17104852199554443,4.558333396911621
4914,6438.462568902411,0.01142420619726181,0.05000000074505806,0.16897107660770416,4.3913044929504395
4915,6439.522497994825,0.010729027912020683,0.05000000074505806,0.17196111381053925,4.365384578704834
4916,6440.432848127559,0.01188887283205986,0.05000000074505806,0.1666666716337204,4.21999979019165
4917,6441.859512105584,0.012204294092953205,0.05000000074505806,0.16275116801261902,4.223076343536377
4918,6443.061309731565,0.011179915629327297,0.05000000074505806,0.16827793419361115,4.339130878448486
4919,6444.062802343629,0.011523493565618992,0.05000000074505806,0.16568781435489655,4.0920000076293945
4920,6445.125845183618,0.013650743290781975,0.05000000074505806,0.17404581606388092,4.572727203369141
4921,6446.018121065572,0.011979585513472557,0.05000000074505806,0.17477145791053772,5.1809515953063965
4922,6446.9273399449885,0.011194450780749321,0.05000000074505806,0.16147185862064362,4.046154022216797
4923,6448.666202898137,0.010510198771953583,0.05000000074505806,0.18028675019741058,4.194736480712891
4924,6450.598179934546,0.011271100491285324,0.05000000074505806,0.17981481552124023,5.135000228881836
4925,6451.57123820018,0.011251147836446762,0.05000000074505806,0.16513603925704956,4.355999946594238
4926,6452.530041781254,0.013056032359600067,0.05000000074505806,0.182092547416687,5.039999961853027
4927,6453.613394447602,0.012190467678010464,0.05000000074505806,0.17681993544101715,4.835714817047119
4928,6454.454560548067,0.010451885871589184,0.05000000074505806,0.17466887831687927,4.591303825378418
4929,6455.404798774049,0.011981908231973648,0.05000000074505806,0.15877863764762878,4.099999904632568
4930,6457.18299430795,0.011308504268527031,0.05000000074505806,0.1715414971113205,4.8222222328186035
4931,6458.523237663321,0.013565929606556892,0.05000000074505806,0.17089679837226868,4.554166793823242
4932,6459.629290350713,0.012190836481750011,0.05000000074505806,0.17899808287620544,4.781249523162842
4933,6460.551995438524,0.013990676030516624,0.05000000074505806,0.1672104448080063,4.616666793823242
4934,6462.154529311694,0.011749218218028545,0.05000000074505806,0.16230636835098267,4.203999996185303
4935,6463.73120516073,0.013053631410002708,0.05000000074505806,0.17193877696990967,4.605262756347656
4936,6464.699895091355,0.009790563955903053,0.05000000074505806,0.16697388887405396,4.057142734527588
4937,6466.420201862231,0.012372673489153385,0.05000000074505806,0.17832311987876892,5.047618865966797
4938,6467.288175096735,0.012683692388236523,0.05000000074505806,0.17507463693618774,4.3899993896484375
4939,6468.149939508177,0.012231932021677494,0.05000000074505806,0.1752351075410843,4.492307662963867
4940,6469.247531669214,0.011326328851282597,0.05000000074505806,0.1604761928319931,4.3727264404296875
4941,6470.871178818867,0.011309046298265457,0.05000000074505806,0.1587761789560318,4.129629611968994
4942,6472.667527963407,0.012827311642467976,0.05000000074505806,0.17594729363918304,4.471428394317627
4943,6474.346155527979,0.011660235933959484,0.05000000074505806,0.1751527488231659,4.795454502105713
4944,6475.983273778111,0.011452451348304749,0.05000000074505806,0.19003832340240479,5.066666603088379
4945,6477.705278033391,0.012518471106886864,0.05000000074505806,0.16925419867038727,4.608333110809326
4946,6479.358712983318,0.011414284817874432,0.05000000074505806,0.1686067134141922,4.233333110809326
4947,6480.363695105538,0.012519143521785736,0.05000000074505806,0.16452765464782715,4.4599995613098145
4948,6481.266677600332,0.01279781386256218,0.05000000074505806,0.17528091371059418,4.916666030883789
4949,6483.001865983009,0.012531299144029617,0.05000000074505806,0.1835341453552246,4.9476189613342285
4950,6484.107022463344,0.010534520260989666,0.05000000074505806,0.17483334243297577,4.660869121551514
4951,6485.679927084595,0.010549251921474934,0.05000000074505806,0.1692967414855957,4.265217304229736
4952,6487.571504813619,0.010808206163346767,0.05000000074505806,0.1676419973373413,4.604761600494385
4953,6489.254141483456,0.01196536235511303,0.05000000074505806,0.17055921256542206,4.255000114440918
4954,6490.959844245575,0.011185900308191776,0.05000000074505806,0.1625899225473404,4.246428489685059
4955,6491.85064825695,0.011467816308140755,0.05000000074505806,0.17432884871959686,4.52400016784668
4956,6493.41829471942,0.012452159076929092,0.05000000074505806,0.17402376234531403,4.625
4957,6494.258196244948,0.013042250648140907,0.05000000074505806,0.1625632345676422,4.380000114440918
4958,6495.477270772681,0.012452967464923859,0.05000000074505806,0.16430975496768951,4.203845977783203
4959,6496.330294887535,0.012533986940979958,0.05000000074505806,0.1668662577867508,5.163636684417725
4960,6497.885171237402,0.012314911931753159,0.05000000074505806,0.16362230479717255,4.117241382598877
4961,6498.959401054308,0.012588965706527233,0.05000000074505806,0.1630094051361084,4.265384197235107
4962,6499.856431450695,0.011330031789839268,0.05000000074505806,0.17131148278713226,4.221053123474121
4963,6501.287368502468,0.011732963845133781,0.05000000074505806,0.17184466123580933,4.8789472579956055
4964,6502.431135393679,0.012666500173509121,0.05000000074505806,0.17935779690742493,4.270370006561279
4965,6504.060011933558,0.01111600361764431,0.05000000074505806,0.1707562804222107,4.543478488922119
4966,6505.13744561933,0.013431011699140072,0.05000000074505806,0.16283783316612244,4.526086330413818
4967,6506.512023949996,0.011413713917136192,0.05000000074505806,0.170840784907341,4.473913192749023
4968,6507.666990607977,0.012015363201498985,0.05000000074505806,0.17932330071926117,4.868749618530273
4969,6510.814761749469,0.0115815419703722,0.05000000074505806,0.16836516559123993,4.900000095367432
4970,6512.189247695729,0.01365065947175026,0.05000000074505806,0.1873239278793335,4.966666221618652
4971,6513.242650156841,0.013283669017255306,0.05000000074505806,0.1735074669122696,4.866666793823242
4972,6514.115272556432,0.014862102456390858,0.05000000074505806,0.16157987713813782,4.330434322357178
4973,6514.982547447085,0.011979942210018635,0.05000000074505806,0.1737024188041687,4.624999523162842
4974,6516.542002140544,0.011017796583473682,0.05000000074505806,0.15714286267757416,4.0916666984558105
4975,6518.148014830425,0.0121908625587821,0.05000000074505806,0.17444443702697754,4.805263519287109
4976,6519.248666298576,0.011186609044671059,0.05000000074505806,0.1749608814716339,4.329999923706055
4977,6521.060995494947,0.011326423846185207,0.05000000074505806,0.17921146750450134,4.840000152587891
4978,6522.767902520485,0.011352437548339367,0.05000000074505806,0.17336861789226532,4.994444847106934
4979,6523.748619784601,0.011202854104340076,0.05000000074505806,0.17056909203529358,4.23703670501709
4980,6525.110791052692,0.011786500923335552,0.05000000074505806,0.1763157695531845,4.582608699798584
4981,6526.595007671975,0.012690575793385506,0.05000000074505806,0.16813381016254425,4.410526275634766
4982,6527.919455299154,0.013256116770207882,0.05000000074505806,0.16118012368679047,4.312000274658203
4983,6528.84407829307,0.011241193860769272,0.05000000074505806,0.180781751871109,4.585713863372803
4984,6530.313780969009,0.010751698166131973,0.05000000074505806,0.1679626703262329,4.325925827026367
4985,6532.510276308283,0.010923841036856174,0.05000000074505806,0.17162393033504486,4.432000160217285
4986,6533.371605113149,0.011364206671714783,0.05000000074505806,0.18151092529296875,5.407691955566406
4987,6534.774600144476,0.013605842366814613,0.05000000074505806,0.1779245287179947,4.5714287757873535
4988,6536.175141286105,0.013709827326238155,0.05000000074505806,0.17243815958499908,4.840909004211426
4989,6537.2990327477455,0.013011476024985313,0.05000000074505806,0.17394033074378967,4.490908622741699
4990,6538.324092961848,0.0112239308655262,0.05000000074505806,0.15434132516384125,4.025000095367432
4991,6539.579200076871,0.012726769782602787,0.05000000074505806,0.16961805522441864,4.291666507720947
4992,6540.467295927927,0.01088512409478426,0.05000000074505806,0.17337769269943237,4.50454568862915
4993,6541.356590739451,0.012612779624760151,0.05000000074505806,0.16887755692005157,4.336363315582275
4994,6542.724532238208,0.014128297567367554,0.05000000074505806,0.17520000040531158,4.815000057220459
4995,6543.940759330988,0.010725797154009342,0.05000000074505806,0.17540393769741058,4.863636016845703
4996,6545.283775644377,0.011492140591144562,0.05000000074505806,0.1766488403081894,4.859999656677246
4997,6546.752659178339,0.01201658695936203,0.05000000074505806,0.17285461723804474,4.473333358764648
4998,6547.8005200130865,0.010747772641479969,0.05000000074505806,0.17483660578727722,4.5958333015441895
4999,6548.824096039869,0.012898619286715984,0.05000000074505806,0.17028985917568207,4.565384387969971
