iteration,elapsed_seconds,loss,epsilon,mean_turn_reward,mean_episode_return
0,2.749259727075696,0.06361708790063858,0.9996185302734375,0.11662500351667404,2.7875001430511475
1,3.2060112711042166,0.04216916486620903,0.999237060546875,0.11375001072883606,2.7562499046325684
2,3.5302143106237054,0.03690638020634651,0.9988555908203125,0.11437501013278961,2.8062500953674316
3,3.866535230539739,0.03380482643842697,0.99847412109375,0.11362500488758087,2.6781249046325684
4,4.1665020156651735,0.03347782790660858,0.9980926513671875,0.11387500166893005,2.6937499046325684
5,4.485256950370967,0.04559341445565224,0.997711181640625,0.11737500876188278,2.7624998092651367
6,4.912442183122039,0.03963518142700195,0.9973297119140625,0.11612499505281448,2.8656249046325684
7,5.2680783001706,0.039059124886989594,0.9969482421875,0.12212499976158142,2.871875047683716
8,5.617137514986098,0.03210144490003586,0.9965667724609375,0.12175000458955765,2.909374713897705
9,5.939461847767234,0.03311792388558388,0.996185302734375,0.11737500131130219,2.9375
10,6.28704141266644,0.03412466123700142,0.9958038330078125,0.11524999886751175,2.8187499046325684
11,6.6052992064505816,0.03071165829896927,0.99542236328125,0.11862500011920929,2.7562501430511475
12,6.910461358726025,0.03266310691833496,0.9950408935546875,0.11824999749660492,2.8187499046325684
13,7.223181919194758,0.029964683577418327,0.994659423828125,0.12375001609325409,2.965625047683716
14,7.625331754796207,0.03670872002840042,0.9942779541015625,0.11387500166893005,2.7906250953674316
15,7.93164231069386,0.03580212593078613,0.993896484375,0.11950001120567322,2.8031249046325684
16,8.269202657975256,0.030888628214597702,0.9935150146484375,0.12087499350309372,2.956249952316284
17,8.588938959874213,0.030751165002584457,0.993133544921875,0.10875000059604645,2.6906251907348633
18,9.047877123579383,0.031026270240545273,0.9927520751953125,0.11987501382827759,2.6968750953674316
19,9.41138487495482,0.03270911052823067,0.99237060546875,0.11300000548362732,2.875
20,10.282653727568686,0.033577390015125275,0.9919891357421875,0.11349999159574509,2.6156249046325684
21,10.5920643331483,0.02994016371667385,0.991607666015625,0.11699999868869781,2.8843748569488525
22,10.922615789808333,0.03113296441733837,0.9912261962890625,0.12075001001358032,2.7906250953674316
23,11.253464641049504,0.034041427075862885,0.9908447265625,0.11824999749660492,2.8645832538604736
24,11.615826361812651,0.032187577337026596,0.9904632568359375,0.11574999988079071,2.778125047683716
25,12.087808609940112,0.03742264583706856,0.990081787109375,0.11649999767541885,2.796875
26,12.406397812068462,0.03403913229703903,0.9897003173828125,0.11300000548362732,2.7437500953674316
27,12.752953528426588,0.03995859622955322,0.98931884765625,0.12662500143051147,3.0375001430511475
28,13.100060759112239,0.032202571630477905,0.9889373779296875,0.12212500721216202,2.903125047683716
29,13.457199901342392,0.03423086553812027,0.988555908203125,0.1210000067949295,2.90625
30,13.872752770781517,0.03549742326140404,0.9881744384765625,0.11387500166893005,2.7593750953674316
31,14.201562230475247,0.03396270424127579,0.98779296875,0.11350001394748688,2.6875
32,14.521449630148709,0.031193165108561516,0.9874114990234375,0.125124990940094,2.921875238418579
33,14.848865150474012,0.036180511116981506,0.987030029296875,0.11025000363588333,2.84375
34,15.169665547087789,0.03545662388205528,0.9866485595703125,0.11112499982118607,2.7125000953674316
35,15.50395318865776,0.03730722889304161,0.98626708984375,0.10862500965595245,2.5645835399627686
36,16.184217128902674,0.03218529745936394,0.9858856201171875,0.11762499809265137,2.840625286102295
37,16.602736925706267,0.03314699977636337,0.985504150390625,0.11175001412630081,2.7125000953674316
38,16.920517014339566,0.0326179563999176,0.9851226806640625,0.12050001323223114,2.875
39,17.297461601905525,0.04024394601583481,0.9847412109375,0.11649999767541885,2.7593750953674316
40,17.637710909359157,0.037834927439689636,0.9843597412109375,0.12012501060962677,2.828124761581421
41,17.945671158842742,0.03422810882329941,0.983978271484375,0.11399999260902405,2.781250238418579
42,18.266135519370437,0.03668351098895073,0.9835968017578125,0.12650001049041748,3.034374952316284
43,18.593837954103947,0.03939300775527954,0.98321533203125,0.11787500232458115,2.7281248569488525
44,18.95576804690063,0.03909608721733093,0.9828338623046875,0.11875000596046448,2.956249952316284
45,19.282430190593004,0.03600245714187622,0.982452392578125,0.12187501043081284,2.971874952316284
46,19.605521495454013,0.03561898320913315,0.9820709228515625,0.125,2.9187498092651367
47,19.984697838313878,0.03498273715376854,0.981689453125,0.11749999970197678,2.8625001907348633
48,20.381107446737587,0.04392683506011963,0.9813079833984375,0.11900000274181366,2.825000286102295
49,20.72387740574777,0.03931840509176254,0.980926513671875,0.11737499386072159,2.8718748092651367
50,21.061900339089334,0.04581142216920853,0.9805450439453125,0.12325000762939453,2.9312498569488525
51,21.52840020786971,0.034188009798526764,0.98016357421875,0.10875000059604645,2.684375047683716
52,21.888293395750225,0.036664750427007675,0.9797821044921875,0.12350000441074371,2.9187498092651367
53,22.329653341323137,0.04215319827198982,0.979400634765625,0.11874999850988388,2.8062500953674316
54,22.650263818912208,0.04401890188455582,0.9790191650390625,0.12125001102685928,2.9375
55,22.988991185091436,0.04208967089653015,0.9786376953125,0.11612500250339508,2.718750238418579
56,23.31226997449994,0.03956230729818344,0.9782562255859375,0.1223750039935112,2.934375286102295
57,23.67441230919212,0.04005737602710724,0.977874755859375,0.1146250069141388,2.862499952316284
58,24.061441629193723,0.04390188306570053,0.9774932861328125,0.11750000715255737,2.778125286102295
59,24.404056444764137,0.04346618056297302,0.97711181640625,0.11549999564886093,2.7875001430511475
60,24.807849190197885,0.04060918092727661,0.9767303466796875,0.1145000085234642,2.6968750953674316
61,25.140095185488462,0.037359848618507385,0.976348876953125,0.10574999451637268,2.593750238418579
62,25.462264605797827,0.04322283715009689,0.9759674072265625,0.1198749914765358,2.84375
63,25.881211388856173,0.043922942131757736,0.9755859375,0.11687500029802322,2.8375000953674316
64,26.198563227429986,0.05146302655339241,0.9752044677734375,0.12049999833106995,2.7906250953674316
65,26.515887685120106,0.043894801288843155,0.974822998046875,0.12212500721216202,3.015625
66,26.964000324718654,0.05379939451813698,0.9744415283203125,0.11812499910593033,2.9468750953674316
67,27.31432267278433,0.041268154978752136,0.97406005859375,0.11137499660253525,2.6156253814697266
68,27.68457588274032,0.046746429055929184,0.9736785888671875,0.12399999797344208,2.9750001430511475
69,28.10344750341028,0.042446598410606384,0.973297119140625,0.11137499660253525,2.6812500953674316
70,28.48249683715403,0.04348120838403702,0.9729156494140625,0.11574999988079071,2.7468748092651367
71,28.800870198756456,0.040342915803194046,0.9725341796875,0.11762500554323196,2.8020832538604736
72,29.285161951556802,0.04064597189426422,0.9721527099609375,0.11537499725818634,2.7531251907348633
73,29.62685702648014,0.04029723256826401,0.971771240234375,0.11999999731779099,2.862499952316284
74,29.938014758750796,0.054003167897462845,0.9713897705078125,0.109375,2.6812503337860107
75,30.28754215221852,0.04456349089741707,0.97100830078125,0.11275000870227814,2.75
76,30.665373888798058,0.04481169581413269,0.9706268310546875,0.11749999970197678,2.6125001907348633
77,30.98907731194049,0.04585574194788933,0.970245361328125,0.12250000983476639,2.9437501430511475
78,31.316699123941362,0.0390019491314888,0.9698638916015625,0.11950001120567322,3.046875
79,31.66548368986696,0.04294726997613907,0.969482421875,0.11675000935792923,2.6812500953674316
80,31.96958100516349,0.04507797211408615,0.9691009521484375,0.11562500149011612,2.9124999046325684
81,32.459481726400554,0.04228769987821579,0.968719482421875,0.12212499976158142,2.799999952316284
82,32.849835901521146,0.041479989886283875,0.9683380126953125,0.1133749932050705,2.843750238418579
83,33.32620563637465,0.0460733138024807,0.96795654296875,0.12025000900030136,2.8270833492279053
84,33.656927436590195,0.04946211725473404,0.9675750732421875,0.11037500202655792,2.625
85,34.013802198693156,0.04385115206241608,0.967193603515625,0.12137500941753387,2.9281249046325684
86,34.414042639546096,0.04621415585279465,0.9668121337890625,0.11787500232458115,2.793750047683716
87,35.2486388059333,0.04604397714138031,0.9664306640625,0.11812499910593033,2.828125
88,35.66764991171658,0.0453331358730793,0.9660491943359375,0.12375000864267349,2.950000047683716
89,36.00526757631451,0.04680202901363373,0.965667724609375,0.12150000780820847,2.918750047683716
90,36.37385830935091,0.04108726978302002,0.9652862548828125,0.11775000393390656,2.9093751907348633
91,36.74138259794563,0.045851293951272964,0.96490478515625,0.11800000816583633,2.8656251430511475
92,37.18373376503587,0.04263637959957123,0.9645233154296875,0.1132499948143959,2.700000047683716
93,37.96343155764043,0.04835190623998642,0.964141845703125,0.11237499117851257,2.6312501430511475
94,38.302017748355865,0.047574158757925034,0.9637603759765625,0.11637500673532486,2.862499952316284
95,38.64358229748905,0.04884624108672142,0.96337890625,0.11487501114606857,2.7520830631256104
96,38.95203448552638,0.044598840177059174,0.9629974365234375,0.11862501502037048,2.84375
97,39.28342595975846,0.040764667093753815,0.962615966796875,0.11762499809265137,2.84375
98,39.71789174154401,0.04028578847646713,0.9622344970703125,0.12037500739097595,2.8406248092651367
99,40.055854914709926,0.042682964354753494,0.96185302734375,0.11924999207258224,2.9593751430511475
100,40.54091031849384,0.04915546253323555,0.9614715576171875,0.11575000733137131,2.6937499046325684
101,40.90937924850732,0.04364877566695213,0.961090087890625,0.11287500709295273,2.7437503337860107
102,41.57368074171245,0.04197976738214493,0.9607086181640625,0.10975000262260437,2.6656248569488525
103,41.89833153784275,0.03644128888845444,0.9603271484375,0.11200001090765,2.703125
104,42.40315077919513,0.045633964240550995,0.9599456787109375,0.11737500131130219,2.793750047683716
105,42.74064534343779,0.038012415170669556,0.959564208984375,0.12725000083446503,2.9406251907348633
106,43.04671928938478,0.04077049717307091,0.9591827392578125,0.1185000017285347,2.903125047683716
107,43.3937680888921,0.0411393828690052,0.95880126953125,0.11925001442432404,2.856250047683716
108,43.71847602259368,0.03924991190433502,0.9584197998046875,0.11899999529123306,2.8375000953674316
109,44.0787660330534,0.04111352935433388,0.958038330078125,0.12087499350309372,2.887500047683716
110,44.41780097410083,0.04287203028798103,0.9576568603515625,0.11550001055002213,2.8312501907348633
111,44.717223670333624,0.04053134471178055,0.957275390625,0.12275001406669617,2.8812499046325684
112,45.8284967970103,0.043521638959646225,0.9568939208984375,0.11500000208616257,2.7593753337860107
113,46.18433775566518,0.04446149617433548,0.956512451171875,0.11687500774860382,2.8062500953674316
114,46.54667102359235,0.042781829833984375,0.9561309814453125,0.11687500029802322,2.831249952316284
115,46.891185755841434,0.03789021074771881,0.95574951171875,0.11737499386072159,2.7562499046325684
116,47.232686864212155,0.04301351308822632,0.9553680419921875,0.12974999845027924,2.906249761581421
117,47.59330761060119,0.044010456651449203,0.954986572265625,0.10787499696016312,2.890625
118,47.92456273641437,0.04195164889097214,0.9546051025390625,0.1261250078678131,2.984375238418579
119,48.261137071065605,0.03899634629487991,0.9542236328125,0.11900000274181366,2.8687498569488525
120,48.57224427256733,0.047616757452487946,0.9538421630859375,0.11737500876188278,2.8031249046325684
121,49.00658281520009,0.036987584084272385,0.953460693359375,0.11762500554323196,2.809375047683716
122,49.34149577468634,0.04556950181722641,0.9530792236328125,0.12224999070167542,2.937499761581421
123,49.643410839140415,0.04409019649028778,0.95269775390625,0.11924999207258224,2.965625047683716
124,50.01725086476654,0.04727711156010628,0.9523162841796875,0.11887499690055847,2.8375003337860107
125,50.42275597341359,0.04195993021130562,0.951934814453125,0.11612499505281448,2.7750000953674316
126,50.76686263456941,0.04530087485909462,0.9515533447265625,0.11562500149011612,2.7281248569488525
127,51.109788469038904,0.04262610524892807,0.951171875,0.12025000900030136,2.8187499046325684
128,51.488956559449434,0.04534139111638069,0.9507904052734375,0.11387500166893005,2.7468748092651367
129,51.90206480957568,0.042758386582136154,0.950408935546875,0.1184999942779541,2.828124761581421
130,52.219854429364204,0.04130712151527405,0.9500274658203125,0.12399999797344208,2.9625000953674316
131,52.56451170146465,0.04545126110315323,0.94964599609375,0.11575000733137131,2.8500001430511475
132,52.893762052990496,0.04449190944433212,0.9492645263671875,0.1276250034570694,3.03125
133,53.280294662341475,0.0417390801012516,0.948883056640625,0.11512500047683716,2.8031249046325684
134,54.155316586606205,0.03814217448234558,0.9485015869140625,0.11912499368190765,2.859375
135,54.49360719881952,0.040106743574142456,0.9481201171875,0.11387500911951065,2.7750000953674316
136,54.81282346881926,0.03994354233145714,0.9477386474609375,0.11825000494718552,2.7406251430511475
137,55.14129466563463,0.03864036127924919,0.947357177734375,0.11737499386072159,2.8687500953674316
138,55.44383574463427,0.03816914185881615,0.9469757080078125,0.11375001072883606,2.7156248092651367
139,55.80744141060859,0.0384712815284729,0.94659423828125,0.12012499570846558,2.7906250953674316
140,56.33755144942552,0.0427125059068203,0.9462127685546875,0.11937499046325684,2.9156250953674316
141,56.67933349031955,0.04486323893070221,0.945831298828125,0.11824999749660492,2.893749952316284
142,57.011386276222765,0.04166918620467186,0.9454498291015625,0.11574999988079071,2.7562499046325684
143,57.348655483685434,0.0448654405772686,0.945068359375,0.11725001037120819,2.831249952316284
144,57.7532234499231,0.037307366728782654,0.9446868896484375,0.12387500703334808,2.9125001430511475
145,58.19758403021842,0.047038547694683075,0.944305419921875,0.11637499183416367,2.8375000953674316
146,58.52043309621513,0.04356856271624565,0.9439239501953125,0.12312498688697815,2.9593749046325684
147,58.8187173884362,0.0405317097902298,0.94354248046875,0.12862499058246613,3.0843749046325684
148,59.16255845595151,0.04300190880894661,0.9431610107421875,0.12487499415874481,3.0218751430511475
149,59.50823428668082,0.03884880989789963,0.942779541015625,0.11412500590085983,2.7562501430511475
150,59.845575250685215,0.04216166213154793,0.9423980712890625,0.12425000220537186,3.043750047683716
151,60.19666597992182,0.04523591324687004,0.9420166015625,0.12262500822544098,2.84375
152,60.88964817579836,0.043632008135318756,0.9416351318359375,0.12074998766183853,2.8656249046325684
153,61.2286036266014,0.04423155635595322,0.941253662109375,0.11949999630451202,2.9312498569488525
154,61.7526038615033,0.03754819557070732,0.9408721923828125,0.11762500554323196,2.84375
155,62.09440535865724,0.040116146206855774,0.94049072265625,0.12312500178813934,2.914583206176758
156,62.399013720452785,0.041776083409786224,0.9401092529296875,0.12375000864267349,2.9343748092651367
157,62.72712943516672,0.040933556854724884,0.939727783203125,0.12037500739097595,2.875
158,63.22795374505222,0.04610583931207657,0.9393463134765625,0.1146250069141388,2.859375
159,63.645514260046184,0.0401076003909111,0.93896484375,0.12012499570846558,2.7906248569488525
160,64.00403724703938,0.03456267714500427,0.9385833740234375,0.11687500029802322,2.84375
161,64.30481186136603,0.039966877549886703,0.938201904296875,0.12250000238418579,2.890624761581421
162,64.62161173764616,0.046585239470005035,0.9378204345703125,0.11862501502037048,2.8968751430511475
163,64.92297273501754,0.04013737663626671,0.93743896484375,0.12287500500679016,2.971874713897705
164,65.27339251246303,0.03719279170036316,0.9370574951171875,0.12162500619888306,2.9156250953674316
165,65.62059585470706,0.03727167844772339,0.936676025390625,0.11900000274181366,2.7906250953674316
166,65.92355892248452,0.03835935890674591,0.9362945556640625,0.11837500333786011,2.9625000953674316
167,66.23031134251505,0.03749529644846916,0.9359130859375,0.11287500709295273,2.7062501907348633
168,66.67201504390687,0.03836556524038315,0.9355316162109375,0.12212500721216202,2.9343748092651367
169,67.0496088359505,0.04196896404027939,0.935150146484375,0.12175000458955765,2.8656249046325684
170,67.40331684798002,0.03936110436916351,0.9347686767578125,0.11912500113248825,2.9124999046325684
171,67.76777465641499,0.03871520981192589,0.93438720703125,0.11862500011920929,2.906249761581421
172,68.11316191032529,0.039062581956386566,0.9340057373046875,0.12212500721216202,2.8812501430511475
173,68.47824225760996,0.039388708770275116,0.933624267578125,0.11500000953674316,2.715625286102295
174,68.81639912631363,0.04389074444770813,0.9332427978515625,0.11812500655651093,2.840625047683716
175,69.16367098782212,0.04129130765795708,0.932861328125,0.11537500470876694,2.9312500953674316
176,69.48536529764533,0.04540354758501053,0.9324798583984375,0.11650000512599945,2.6187500953674316
177,69.90183830540627,0.0410994216799736,0.932098388671875,0.12412500381469727,2.9156250953674316
178,70.24897324852645,0.041361499577760696,0.9317169189453125,0.11562500894069672,2.8781251907348633
179,70.56961687002331,0.04057098180055618,0.93133544921875,0.11675000935792923,2.820833206176758
180,70.8770180279389,0.0468926765024662,0.9309539794921875,0.12099999189376831,2.8843753337860107
181,71.18443568609655,0.03961643576622009,0.930572509765625,0.11887500435113907,2.84375
182,71.59259689319879,0.039842624217271805,0.9301910400390625,0.11012499779462814,2.6593751907348633
183,72.08389685489237,0.04032908380031586,0.9298095703125,0.117249995470047,2.8656249046325684
184,72.4003051109612,0.03845957666635513,0.9294281005859375,0.12087499350309372,2.856250286102295
185,72.74159476906061,0.04330737516283989,0.929046630859375,0.12087501585483551,2.890625
186,73.16654160618782,0.04184329882264137,0.9286651611328125,0.119750015437603,2.862499952316284
187,73.49974986817688,0.03904610499739647,0.92828369140625,0.11437500268220901,2.84375
188,73.91391903534532,0.04214407876133919,0.9279022216796875,0.12375000864267349,2.924999713897705
189,74.25079860631377,0.03984331339597702,0.927520751953125,0.12137500941753387,2.8874998092651367
190,74.63600165117532,0.039138007909059525,0.9271392822265625,0.11800000071525574,2.7906250953674316
191,75.52187936007977,0.03916572779417038,0.9267578125,0.11537500470876694,2.820833444595337
192,75.84177102893591,0.04350072517991066,0.9263763427734375,0.11925001442432404,2.8406248092651367
193,76.23335830587894,0.041574299335479736,0.925994873046875,0.12349999696016312,2.956249713897705
194,76.61430690716952,0.0384780615568161,0.9256134033203125,0.12099999189376831,2.9593749046325684
195,76.94878233782947,0.035310495644807816,0.92523193359375,0.12274999916553497,2.934375286102295
196,77.26898374222219,0.03912315145134926,0.9248504638671875,0.11687500029802322,2.856250286102295
197,77.72499719820917,0.04384172335267067,0.924468994140625,0.11662500351667404,2.793750047683716
198,78.04421234689653,0.038196682929992676,0.9240875244140625,0.12024999409914017,2.7125000953674316
199,78.363470566459,0.039567820727825165,0.9237060546875,0.1145000085234642,2.862499713897705
200,78.71704198978841,0.04591824859380722,0.9233245849609375,0.1172500029206276,2.809375047683716
201,79.02130481787026,0.04026997089385986,0.922943115234375,0.11812499910593033,2.8656251430511475
202,79.40339075122029,0.04510294646024704,0.9225616455078125,0.1171249970793724,2.7593748569488525
203,79.78331502340734,0.043872375041246414,0.92218017578125,0.12350001186132431,2.945833206176758
204,80.10215047374368,0.040182750672101974,0.9217987060546875,0.12237498909235,2.875
205,80.42451293766499,0.04909173399209976,0.921417236328125,0.1158750057220459,2.859375
206,80.78102040011436,0.037220265716314316,0.9210357666015625,0.11862499266862869,2.8125
207,81.16581135243177,0.03980518504977226,0.920654296875,0.12049999833106995,2.8218748569488525
208,81.487572950311,0.03549842908978462,0.9202728271484375,0.12837500870227814,3.1125001907348633
209,81.87335137277842,0.036563221365213394,0.919891357421875,0.11549999564886093,2.8187496662139893
210,82.20454555284232,0.037779033184051514,0.9195098876953125,0.11662499606609344,2.9124996662139893
211,82.53585686534643,0.037367451936006546,0.91912841796875,0.1210000067949295,2.8125
212,82.92679536435753,0.038295481353998184,0.9187469482421875,0.12462500482797623,2.9156250953674316
213,83.31916714645922,0.039816197007894516,0.918365478515625,0.11637499928474426,2.9124999046325684
214,83.63119700457901,0.03785036504268646,0.9179840087890625,0.12200000882148743,2.8374998569488525
215,83.94168777018785,0.041106101125478745,0.9176025390625,0.11537500470876694,2.8270833492279053
216,84.2589775538072,0.03397032245993614,0.9172210693359375,0.12062499672174454,2.8656249046325684
217,84.56402920465916,0.03686193376779556,0.916839599609375,0.117125004529953,2.8687503337860107
218,84.86863093450665,0.03780081495642662,0.9164581298828125,0.12450000643730164,2.9000000953674316
219,85.17405968904495,0.03653320297598839,0.91607666015625,0.117125004529953,2.796875
220,85.48203567415476,0.034473709762096405,0.9156951904296875,0.117249995470047,2.831249952316284
221,85.88054545316845,0.03938419371843338,0.915313720703125,0.12125001102685928,2.859375
222,86.22322094347328,0.042112164199352264,0.9149322509765625,0.1146249994635582,2.8531250953674316
223,86.54427470266819,0.0437806099653244,0.91455078125,0.11950001120567322,2.8218750953674316
224,86.89971340075135,0.03347860649228096,0.9141693115234375,0.11787500232458115,2.8375000953674316
225,87.2020015520975,0.039934106171131134,0.913787841796875,0.11625000089406967,2.7906248569488525
226,87.59773015696555,0.03416097164154053,0.9134063720703125,0.11687500029802322,2.778125047683716
227,87.93105652276427,0.0384175069630146,0.91302490234375,0.12137499451637268,2.9375
228,88.27421895507723,0.03793058544397354,0.9126434326171875,0.12049999833106995,2.8531248569488525
229,88.99501064792275,0.04039439186453819,0.912261962890625,0.11249999701976776,2.668750286102295
230,89.42716893274337,0.039211172610521317,0.9118804931640625,0.11662501096725464,2.8343749046325684
231,89.77359944209456,0.039722103625535965,0.9114990234375,0.11900000274181366,2.9281251430511475
232,90.08620703406632,0.038983020931482315,0.9111175537109375,0.12787500023841858,3.0687499046325684
233,90.53007918968797,0.04146305099129677,0.910736083984375,0.1197500005364418,2.7906248569488525
234,90.89183584600687,0.04401015490293503,0.9103546142578125,0.11462501436471939,2.7687501907348633
235,91.26500634476542,0.04326116293668747,0.90997314453125,0.1211250051856041,2.9125001430511475
236,91.64387017022818,0.03610604256391525,0.9095916748046875,0.12550000846385956,2.893749713897705
237,92.03672019671649,0.041674308478832245,0.909210205078125,0.11700000613927841,2.9937500953674316
238,92.38675445597619,0.03769624978303909,0.9088287353515625,0.1198749989271164,2.7718749046325684
239,92.69796933140606,0.036955684423446655,0.908447265625,0.11999999731779099,2.9166667461395264
240,93.01859464868903,0.03594360873103142,0.9080657958984375,0.12587501108646393,2.996875047683716
241,93.3358169356361,0.037011802196502686,0.907684326171875,0.11549999564886093,2.731250286102295
242,93.7333968738094,0.03981173411011696,0.9073028564453125,0.11650001257658005,2.90625
243,94.11706734634936,0.036418408155441284,0.90692138671875,0.12662500143051147,2.9593751430511475
244,94.50884201843292,0.03660597279667854,0.9065399169921875,0.11774999648332596,2.8562498092651367
245,94.81051522493362,0.03548417240381241,0.906158447265625,0.11812500655651093,2.8187501430511475
246,95.20873684808612,0.03446047380566597,0.9057769775390625,0.11750000715255737,2.8531248569488525
247,95.54762897919863,0.03724941238760948,0.9053955078125,0.1132499948143959,2.746875286102295
248,95.85143544245511,0.040086403489112854,0.9050140380859375,0.11774999648332596,2.778125047683716
249,96.15660962555557,0.040534134954214096,0.904632568359375,0.12300001084804535,2.859375
250,96.47035969048738,0.038220860064029694,0.9042510986328125,0.117125004529953,2.862499952316284
251,96.84708918537945,0.034095678478479385,0.90386962890625,0.12175000458955765,2.933333396911621
252,97.37459636759013,0.036012571305036545,0.9034881591796875,0.1185000017285347,2.7906248569488525
253,97.79886641260237,0.04215773195028305,0.903106689453125,0.11912501603364944,2.8218750953674316
254,98.150560984388,0.03666023164987564,0.9027252197265625,0.11699999868869781,2.796875
255,98.46323068346828,0.036828428506851196,0.90234375,0.12137500941753387,2.934375047683716
256,98.77596569713205,0.037529706954956055,0.9019622802734375,0.11350000649690628,2.8468751907348633
257,99.18421177379787,0.03767438605427742,0.901580810546875,0.13337501883506775,3.1156249046325684
258,99.52145070582628,0.03605487942695618,0.9011993408203125,0.11349999159574509,2.8031251430511475
259,99.89286239631474,0.04216761887073517,0.90081787109375,0.12212499976158142,2.9250001907348633
260,100.33464589994401,0.03422124311327934,0.9004364013671875,0.11874999850988388,2.921875238418579
261,100.68622469250113,0.03871467709541321,0.900054931640625,0.1236250028014183,2.8375000953674316
262,101.06367158610374,0.03498796001076698,0.8996734619140625,0.12250000238418579,3.0
263,101.40398273896426,0.037046656012535095,0.8992919921875,0.11762500554323196,2.820833444595337
264,101.80228956602514,0.03810722380876541,0.8989105224609375,0.12537500262260437,2.956249952316284
265,102.21002174541354,0.0394434779882431,0.898529052734375,0.11887499690055847,2.878124952316284
266,102.54010322410613,0.03821796923875809,0.8981475830078125,0.1185000017285347,2.8874998092651367
267,102.86075594834983,0.03630439564585686,0.89776611328125,0.12074999511241913,3.0093750953674316
268,103.24504838977009,0.03575565665960312,0.8973846435546875,0.11900000274181366,2.7749998569488525
269,103.63654769212008,0.03573039919137955,0.897003173828125,0.12800000607967377,3.012500047683716
270,104.06088264286518,0.040897268801927567,0.8966217041015625,0.11625000089406967,2.859374761581421
271,104.39813203550875,0.037382908165454865,0.896240234375,0.1184999942779541,2.731250047683716
272,104.71981923654675,0.037556879222393036,0.8958587646484375,0.12250000238418579,2.9468750953674316
273,105.08057651855052,0.039228394627571106,0.895477294921875,0.12012499570846558,2.9250001907348633
274,105.55936495307833,0.03704053908586502,0.8950958251953125,0.11625000089406967,2.859375
275,106.05283073615283,0.03572801500558853,0.89471435546875,0.12700000405311584,2.9583332538604736
276,106.82604653760791,0.037444598972797394,0.8943328857421875,0.12687499821186066,3.0218749046325684
277,107.17015236709267,0.038840338587760925,0.893951416015625,0.11687500029802322,2.8531248569488525
278,107.57566140498966,0.03336678072810173,0.8935699462890625,0.12437500059604645,2.9156250953674316
279,107.89244947116822,0.03584493324160576,0.8931884765625,0.12399999797344208,2.9718751907348633
280,108.73661834932864,0.03706541657447815,0.8928070068359375,0.11275000870227814,2.8000001907348633
281,109.08289187960327,0.03366250917315483,0.892425537109375,0.11874999850988388,2.8687500953674316
282,109.43914353009313,0.031298715621232986,0.8920440673828125,0.12125000357627869,2.8375000953674316
283,109.76896848063916,0.03865068778395653,0.89166259765625,0.12537498772144318,3.015625
284,110.16992486733943,0.03865399584174156,0.8912811279296875,0.11912499368190765,2.8187499046325684
285,110.52076688874513,0.0419635996222496,0.890899658203125,0.11412500590085983,2.7906248569488525
286,110.84923700708896,0.034514449536800385,0.8905181884765625,0.12000001221895218,2.9406251907348633
287,111.28311350382864,0.03521589934825897,0.89013671875,0.12325000017881393,2.8895835876464844
288,112.06072126049548,0.03870004042983055,0.8897552490234375,0.12487500160932541,2.965625047683716
289,112.4644739665091,0.03745883330702782,0.889373779296875,0.12137499451637268,2.9281251430511475
290,112.79932104703039,0.03356929123401642,0.8889923095703125,0.12037499248981476,2.9156248569488525
291,113.16014296002686,0.03709958866238594,0.88861083984375,0.12662501633167267,3.0531249046325684
292,113.48679070267826,0.030756546184420586,0.8882293701171875,0.12412500381469727,2.9124999046325684
293,113.79230959713459,0.03354323282837868,0.887847900390625,0.12300000339746475,3.003124713897705
294,114.24516696948558,0.03626559302210808,0.8874664306640625,0.12275000661611557,3.0218751430511475
295,114.63486888166517,0.03667614236474037,0.8870849609375,0.11899999529123306,2.7531251907348633
296,114.97177430521697,0.035096339881420135,0.8867034912109375,0.12350000441074371,2.965625047683716
297,115.31543053407222,0.03419890254735947,0.886322021484375,0.12400000542402267,2.921875
298,115.69832416065037,0.035886216908693314,0.8859405517578125,0.12175000458955765,3.018749952316284
299,116.06198281887919,0.03482619673013687,0.88555908203125,0.12412499636411667,2.9520833492279053
300,116.43900554254651,0.031718093901872635,0.8851776123046875,0.1262499988079071,3.0218749046325684
301,116.86608507297933,0.03523450344800949,0.884796142578125,0.1237500011920929,3.0218749046325684
302,117.20643277652562,0.03407273441553116,0.8844146728515625,0.1223750039935112,2.875
303,117.58802707586437,0.03554651513695717,0.884033203125,0.11624999344348907,2.8812499046325684
304,118.5005271434784,0.03308434411883354,0.8836517333984375,0.12250000238418579,2.815624952316284
305,118.84220629371703,0.03794921562075615,0.883270263671875,0.1276250034570694,3.0625
306,119.15942331310362,0.034557878971099854,0.8828887939453125,0.11924999952316284,2.871875047683716
307,119.4908854495734,0.0356375053524971,0.88250732421875,0.12074999511241913,2.9468748569488525
308,119.9162249295041,0.03492339700460434,0.8821258544921875,0.12462499737739563,3.012500047683716
309,120.24127050396055,0.03441847115755081,0.881744384765625,0.12337499856948853,2.90625
310,120.58203949313611,0.035183973610401154,0.8813629150390625,0.12950000166893005,3.0
311,120.88927497249097,0.03720257058739662,0.8809814453125,0.13249999284744263,3.2020833492279053
312,121.24416814465076,0.03435463085770607,0.8805999755859375,0.13225001096725464,3.1343750953674316
313,121.55865465756506,0.03801054507493973,0.880218505859375,0.11825000494718552,2.9125001430511475
314,122.03550513647497,0.03610225394368172,0.8798370361328125,0.125,2.9781253337860107
315,122.3707521315664,0.03148831054568291,0.87945556640625,0.12175000458955765,2.9625000953674316
316,122.70035982411355,0.03398992121219635,0.8790740966796875,0.12024999409914017,2.8531250953674316
317,123.08382924832404,0.039508674293756485,0.878692626953125,0.12475000321865082,2.890625
318,123.48775034304708,0.035538963973522186,0.8783111572265625,0.12325001507997513,3.0656251907348633
319,123.8194223465398,0.03279051557183266,0.8779296875,0.1313749998807907,3.0281248092651367
320,124.22324169892818,0.03554638475179672,0.8775482177734375,0.1211250051856041,3.090625047683716
321,124.6182658271864,0.030539173632860184,0.877166748046875,0.12862500548362732,2.9937500953674316
322,125.04217283893377,0.038768962025642395,0.8767852783203125,0.11774999648332596,2.9625000953674316
323,125.36331101041287,0.03495720028877258,0.87640380859375,0.11749999225139618,2.7833335399627686
324,125.7329801376909,0.03268303722143173,0.8760223388671875,0.12287500500679016,2.924999952316284
325,126.12529912870377,0.03446950018405914,0.875640869140625,0.12700000405311584,2.9593749046325684
326,126.60307669080794,0.03362978622317314,0.8752593994140625,0.11500000953674316,2.9281251430511475
327,126.9238368999213,0.03187251836061478,0.8748779296875,0.1251250058412552,3.0249998569488525
328,127.26938646007329,0.035829585045576096,0.8744964599609375,0.13112500309944153,2.965625047683716
329,127.71885937266052,0.03438539057970047,0.874114990234375,0.117125004529953,2.893749952316284
330,128.07018089853227,0.03175056725740433,0.8737335205078125,0.12399999797344208,2.9937500953674316
331,128.39807717315853,0.033065780997276306,0.87335205078125,0.12525001168251038,3.0218749046325684
332,128.71993673034012,0.03357168287038803,0.8729705810546875,0.12074999511241913,2.9281251430511475
333,129.09887890331447,0.03385094180703163,0.872589111328125,0.11950001120567322,2.856250286102295
334,129.52573595475405,0.03413648530840874,0.8722076416015625,0.12725000083446503,2.9906249046325684
335,129.86255777906626,0.032190244644880295,0.871826171875,0.12212500721216202,2.960416555404663
336,130.23454917687923,0.0319029837846756,0.8714447021484375,0.12212499976158142,2.906249761581421
337,130.63168415613472,0.0325174555182457,0.871063232421875,0.12024999409914017,2.9124999046325684
338,130.97639994043857,0.031056126579642296,0.8706817626953125,0.11662499606609344,2.878124952316284
339,131.41176425945014,0.027887864038348198,0.87030029296875,0.13124999403953552,3.0562500953674316
340,131.74854983575642,0.03286632150411606,0.8699188232421875,0.1185000017285347,2.8499999046325684
341,132.0805796775967,0.03514508903026581,0.869537353515625,0.1237500011920929,3.003124952316284
342,132.41894278675318,0.033430248498916626,0.8691558837890625,0.12074999511241913,2.8656251430511475
343,132.9244121806696,0.03295055776834488,0.8687744140625,0.12062499672174454,2.9250001907348633
344,133.2657964034006,0.03401130065321922,0.8683929443359375,0.12399999797344208,2.950000047683716
345,133.58142488636076,0.03903258219361305,0.868011474609375,0.12212500721216202,2.828124761581421
346,133.91142555046827,0.03419581428170204,0.8676300048828125,0.12025000900030136,2.953125238418579
347,134.3473551683128,0.03570615500211716,0.86724853515625,0.1197500005364418,2.914583444595337
348,134.74448006041348,0.03849120810627937,0.8668670654296875,0.11850001662969589,2.8218750953674316
349,135.1621362771839,0.030011476948857307,0.866485595703125,0.12600000202655792,3.043750286102295
350,135.48450960591435,0.03620046749711037,0.8661041259765625,0.12537501752376556,3.0250000953674316
351,135.81836309283972,0.03369604051113129,0.86572265625,0.11962499469518661,2.8187501430511475
352,136.1238605985418,0.030461948364973068,0.8653411865234375,0.11837499588727951,2.875
353,136.51534210238606,0.03222033008933067,0.864959716796875,0.12562501430511475,3.0
354,136.83804556634277,0.034041546285152435,0.8645782470703125,0.11525000631809235,2.753124713897705
355,137.1664963075891,0.031302712857723236,0.86419677734375,0.12212500721216202,2.9093751907348633
356,137.5452749878168,0.03366435319185257,0.8638153076171875,0.12275000661611557,2.965625047683716
357,137.91380171384662,0.028330404311418533,0.863433837890625,0.12537498772144318,3.090625047683716
358,138.24865582492203,0.03030027262866497,0.8630523681640625,0.12012501060962677,2.828124761581421
359,138.58552720490843,0.03148125484585762,0.8626708984375,0.11962498724460602,2.8916666507720947
360,138.91140366345644,0.03421211615204811,0.8622894287109375,0.12550000846385956,3.015625
361,139.29359161760658,0.035430606454610825,0.861907958984375,0.1287499964237213,2.9937500953674316
362,139.6477914955467,0.028818020597100258,0.8615264892578125,0.12449999898672104,3.0093750953674316
363,140.06965081766248,0.034375883638858795,0.86114501953125,0.12212500721216202,3.049999952316284
364,140.40665708389133,0.03257468715310097,0.8607635498046875,0.12075001001358032,2.9125001430511475
365,140.7357635665685,0.029946453869342804,0.860382080078125,0.12212500721216202,2.840625047683716
366,141.07251236401498,0.03273676335811615,0.8600006103515625,0.11400000751018524,2.7781248092651367
367,141.48688313178718,0.034054871648550034,0.859619140625,0.12212500721216202,2.9031248092651367
368,141.89499190822244,0.035913802683353424,0.8592376708984375,0.1303749829530716,3.0437498092651367
369,142.30061965808272,0.031069334596395493,0.858856201171875,0.11899999529123306,3.0374999046325684
370,142.62985079549253,0.036853380501270294,0.8584747314453125,0.12349999696016312,2.9468748569488525
371,142.94596493709832,0.03468182310461998,0.85809326171875,0.12674999237060547,2.9708335399627686
372,143.36958843003958,0.030016863718628883,0.8577117919921875,0.125,3.0
373,143.70079271215945,0.030988354235887527,0.857330322265625,0.12462500482797623,2.96875
374,144.02408126275986,0.0342608205974102,0.8569488525390625,0.12162500619888306,2.9906249046325684
375,144.39302253350616,0.03250759840011597,0.8565673828125,0.1236250102519989,2.9124999046325684
376,144.78699957113713,0.03225760906934738,0.8561859130859375,0.12425000965595245,3.075000286102295
377,145.13538918178529,0.027767183259129524,0.855804443359375,0.12837500870227814,2.924999952316284
378,145.48620315175503,0.03429776430130005,0.8554229736328125,0.12387500703334808,3.0625
379,145.85877801012248,0.029705015942454338,0.85504150390625,0.13062500953674316,3.1437501907348633
380,146.28619537129998,0.032434042543172836,0.8546600341796875,0.12300000339746475,2.893749952316284
381,146.92095411382616,0.03267628699541092,0.854278564453125,0.12050001323223114,2.9437499046325684
382,147.261409859173,0.02999425306916237,0.8538970947265625,0.12675000727176666,2.9468748569488525
383,147.5912896450609,0.031204216182231903,0.853515625,0.117125004529953,2.914583444595337
384,147.9087184742093,0.03467152640223503,0.8531341552734375,0.12675000727176666,3.062500238418579
385,148.22853120602667,0.03311391919851303,0.852752685546875,0.12487499415874481,2.8500001430511475
386,148.555400964804,0.0353010930120945,0.8523712158203125,0.12125000357627869,3.049999952316284
387,148.8756405748427,0.030816946178674698,0.85198974609375,0.13350000977516174,3.140625
388,149.22004742641002,0.034826818853616714,0.8516082763671875,0.12312500178813934,3.1125001907348633
389,149.62360619101673,0.02912101149559021,0.851226806640625,0.12325000762939453,2.793750047683716
390,149.94758054986596,0.03193869814276695,0.8508453369140625,0.12362499535083771,3.049999713897705
391,150.30444269720465,0.03038571961224079,0.8504638671875,0.12687499821186066,3.0062501430511475
392,150.63870349619538,0.031007416546344757,0.8500823974609375,0.12474999576807022,3.0031251907348633
393,151.0244948687032,0.03248460963368416,0.849700927734375,0.11575000733137131,2.793750047683716
394,151.3875031210482,0.03500431030988693,0.8493194580078125,0.12350000441074371,2.909374952316284
395,151.7404089793563,0.029200276359915733,0.84893798828125,0.12187500298023224,2.9708335399627686
396,152.0838906103745,0.03128409758210182,0.8485565185546875,0.12800000607967377,3.015625
397,152.42187815252692,0.031002309173345566,0.848175048828125,0.11574999988079071,2.831249952316284
398,152.78055675979704,0.03290587291121483,0.8477935791015625,0.12262500077486038,2.921875238418579
399,153.13439936190844,0.03441791981458664,0.847412109375,0.12300000339746475,3.015625
400,153.47024917788804,0.03280526399612427,0.8470306396484375,0.12150000780820847,2.8968751430511475
401,153.8260303484276,0.029807845130562782,0.846649169921875,0.12049999833106995,2.799999952316284
402,154.33383539691567,0.03207961469888687,0.8462677001953125,0.12062499672174454,2.9437501430511475
403,154.68110299482942,0.035655196756124496,0.84588623046875,0.12299999594688416,2.9499998092651367
404,155.1106897937134,0.03069332242012024,0.8455047607421875,0.12737500667572021,3.096874952316284
405,155.45481491275132,0.03184834495186806,0.845123291015625,0.1236250102519989,2.971874952316284
406,155.87211146764457,0.03545306622982025,0.8447418212890625,0.12300000339746475,2.9875001907348633
407,156.20599227771163,0.03556304797530174,0.8443603515625,0.12037500739097595,2.8687496185302734
408,156.54605392552912,0.03573114797472954,0.8439788818359375,0.12737500667572021,3.0437498092651367
409,156.94438125751913,0.03324642404913902,0.843597412109375,0.12862500548362732,3.0374999046325684
410,157.36699577979743,0.030196070671081543,0.8432159423828125,0.11687500029802322,2.8375000953674316
411,157.70846366882324,0.033703118562698364,0.84283447265625,0.12475000321865082,3.0718750953674316
412,158.0287857344374,0.027872782200574875,0.8424530029296875,0.12312500178813934,2.9000000953674316
413,158.41141991410404,0.030571993440389633,0.842071533203125,0.12125000357627869,3.0218751430511475
414,158.73594152648002,0.03393575921654701,0.8416900634765625,0.12725001573562622,2.9468750953674316
415,159.13995882868767,0.02905486896634102,0.84130859375,0.11987501382827759,2.934375047683716
416,159.4677595794201,0.032263029366731644,0.8409271240234375,0.13212500512599945,2.984375238418579
417,159.79269333463162,0.03041645511984825,0.840545654296875,0.11999999731779099,2.987499952316284
418,160.20684594009072,0.03267131745815277,0.8401641845703125,0.1236250102519989,3.028125047683716
419,160.60446655470878,0.0328763909637928,0.83978271484375,0.12412500381469727,2.9541666507720947
420,161.01799672096968,0.0356510728597641,0.8394012451171875,0.1263749897480011,3.046875
421,161.36745780985802,0.033231221139431,0.839019775390625,0.12162499129772186,2.890625
422,161.68269220553339,0.03143955394625664,0.8386383056640625,0.12462500482797623,3.012500047683716
423,161.98325932119042,0.031785860657691956,0.8382568359375,0.13049998879432678,3.0656251907348633
424,163.10714736115187,0.035960111767053604,0.8378753662109375,0.1237500011920929,3.0218749046325684
425,163.4346939213574,0.029869437217712402,0.837493896484375,0.12274999916553497,3.0062501430511475
426,163.7536981832236,0.030724598094820976,0.8371124267578125,0.12462501227855682,2.8718748092651367
427,164.08837348595262,0.03014311194419861,0.83673095703125,0.12075001001358032,2.96875
428,164.41030501760542,0.03567130118608475,0.8363494873046875,0.1237499937415123,3.0187501907348633
429,164.78960943315178,0.03027152083814144,0.835968017578125,0.12262500822544098,2.9656248092651367
430,165.1950803855434,0.028130056336522102,0.8355865478515625,0.1301250010728836,2.981250047683716
431,165.57264507282525,0.02978825755417347,0.835205078125,0.12449999898672104,3.0333335399627686
432,165.90611304994673,0.0334540531039238,0.8348236083984375,0.12225000560283661,2.921875
433,166.38023912534118,0.031062331050634384,0.834442138671875,0.12050001323223114,2.918750047683716
434,166.71151344664395,0.030559316277503967,0.8340606689453125,0.12300000339746475,2.940624952316284
435,167.05002931784838,0.03148026764392853,0.83367919921875,0.12337499856948853,2.9437501430511475
436,167.35588985774666,0.03653046861290932,0.8332977294921875,0.12800000607967377,3.0250000953674316
437,167.67748147342354,0.032873257994651794,0.832916259765625,0.11837499588727951,2.903125047683716
438,168.06711858138442,0.03020072914659977,0.8325347900390625,0.1263750046491623,2.981250047683716
439,168.37056476809084,0.026721131056547165,0.8321533203125,0.1262499988079071,3.015625
440,168.73767807148397,0.02770647592842579,0.8317718505859375,0.12150000780820847,2.96875
441,169.15487691108137,0.031085968017578125,0.831390380859375,0.12137500941753387,2.9375
442,169.4882614510134,0.02921801432967186,0.8310089111328125,0.12325000762939453,2.9125001430511475
443,169.79620649013668,0.029598431661725044,0.83062744140625,0.12612499296665192,3.027083396911621
444,170.10561156552285,0.034883465617895126,0.8302459716796875,0.12024999409914017,2.875000238418579
445,170.45492464490235,0.029626308009028435,0.829864501953125,0.12712499499320984,3.028125047683716
446,170.79458190780133,0.03198932856321335,0.8294830322265625,0.1236250102519989,2.9968748092651367
447,171.12572907749563,0.02902747318148613,0.8291015625,0.12137500941753387,2.90625
448,171.44361074548215,0.032660339027643204,0.8287200927734375,0.12524999678134918,3.0375001430511475
449,171.82460659183562,0.031592514365911484,0.828338623046875,0.12337500602006912,2.9250001907348633
450,172.13953955098987,0.034418098628520966,0.8279571533203125,0.1197500005364418,2.890625
451,172.47752898465842,0.03321785479784012,0.82757568359375,0.1251250058412552,3.0218749046325684
452,172.78427871875465,0.03000059351325035,0.8271942138671875,0.1264999955892563,3.0562496185302734
453,173.12581226881593,0.028891023248434067,0.826812744140625,0.12037500739097595,2.859375
454,173.45359208900481,0.03492266684770584,0.8264312744140625,0.12524999678134918,2.984375238418579
455,173.79430574458092,0.032022252678871155,0.8260498046875,0.11750000715255737,2.870833396911621
456,174.1237373938784,0.03187096491456032,0.8256683349609375,0.12725000083446503,3.0531249046325684
457,174.43020788952708,0.031225034967064857,0.825286865234375,0.12462500482797623,2.9624998569488525
458,174.83302168361843,0.032136835157871246,0.8249053955078125,0.12137499451637268,2.9906251430511475
459,175.17889251094311,0.03275294229388237,0.82452392578125,0.11962499469518661,2.8499999046325684
460,175.4874815410003,0.03256981074810028,0.8241424560546875,0.12662500143051147,2.965625047683716
461,175.88616276346147,0.0316702239215374,0.823760986328125,0.12125000357627869,3.015625
462,176.22183984797448,0.03213730826973915,0.8233795166015625,0.12449999898672104,2.859375
463,176.56022667512298,0.028300339356064796,0.822998046875,0.11412500590085983,2.875
464,176.92626308649778,0.02995798923075199,0.8226165771484375,0.1211249902844429,2.890625
465,177.37938061915338,0.03216744586825371,0.822235107421875,0.13124999403953552,2.965625047683716
466,177.69554723706096,0.03365383297204971,0.8218536376953125,0.12712500989437103,3.0281248092651367
467,178.03461427148432,0.03065757267177105,0.82147216796875,0.12250000238418579,3.0520832538604736
468,178.50356068462133,0.03248802572488785,0.8210906982421875,0.1250000149011612,2.984375
469,178.88057615980506,0.026703933253884315,0.820709228515625,0.12525001168251038,3.0187501907348633
470,179.23234519083053,0.032221317291259766,0.8203277587890625,0.12287500500679016,2.9375
471,179.5689026620239,0.030993662774562836,0.8199462890625,0.11537500470876694,2.8499999046325684
472,179.9097005855292,0.025602372363209724,0.8195648193359375,0.12987500429153442,3.0843751430511475
473,180.21620983537287,0.029480043798685074,0.819183349609375,0.12062501162290573,2.840625286102295
474,180.5242419904098,0.03173258155584335,0.8188018798828125,0.1237500011920929,2.9156250953674316
475,180.8304017484188,0.036065053194761276,0.81842041015625,0.12987500429153442,3.1500000953674316
476,181.1694056149572,0.031067490577697754,0.8180389404296875,0.12587501108646393,3.0281248092651367
477,181.52367413137108,0.029268084093928337,0.817657470703125,0.12262500077486038,2.9593749046325684
478,181.85796941630542,0.03243369981646538,0.8172760009765625,0.12962499260902405,3.0875000953674316
479,182.20113209169358,0.03032103180885315,0.81689453125,0.12287501245737076,2.9895832538604736
480,182.7680882383138,0.030864445492625237,0.8165130615234375,0.1300000101327896,3.106250047683716
481,183.13471867796034,0.033280204981565475,0.816131591796875,0.12862500548362732,3.0906248092651367
482,183.45189840439707,0.030965620651841164,0.8157501220703125,0.1197500005364418,2.90625
483,183.84858037065715,0.033505283296108246,0.81536865234375,0.1237500011920929,3.0031251907348633
484,184.20042591635138,0.02969301864504814,0.8149871826171875,0.1275000125169754,3.0249998569488525
485,184.5622710287571,0.02991143986582756,0.814605712890625,0.12600000202655792,2.906250238418579
486,184.90195186715573,0.02989848516881466,0.8142242431640625,0.1262499988079071,3.1000001430511475
487,185.2435097815469,0.02679482102394104,0.8138427734375,0.12137499451637268,2.984374761581421
488,185.60376630350947,0.029932901263237,0.8134613037109375,0.12475000321865082,2.8843750953674316
489,185.9713461920619,0.029519133269786835,0.813079833984375,0.12449999898672104,3.065624952316284
490,186.38629771210253,0.02893214300274849,0.8126983642578125,0.13475000858306885,3.1312501430511475
491,186.78383660316467,0.031004363670945168,0.81231689453125,0.12950000166893005,3.143749952316284
492,187.21132361330092,0.031874675303697586,0.8119354248046875,0.1236250102519989,2.8999998569488525
493,187.53127238620073,0.031136851757764816,0.811553955078125,0.11862500011920929,2.8562498092651367
494,187.87643680442125,0.034192077815532684,0.8111724853515625,0.12037500739097595,2.846874952316284
495,188.19692199397832,0.030352111905813217,0.810791015625,0.11775001883506775,2.921875
496,188.52002998255193,0.029439589008688927,0.8104095458984375,0.12700000405311584,2.9906249046325684
497,188.89590146020055,0.03128207474946976,0.810028076171875,0.12425000220537186,2.9375
498,189.72372046206146,0.02768431417644024,0.8096466064453125,0.1251250058412552,3.0999999046325684
499,190.16848244238645,0.029931379482150078,0.80926513671875,0.13350000977516174,3.1499998569488525
500,190.51730533130467,0.02702295035123825,0.8088836669921875,0.12600000202655792,3.034374952316284
501,191.52811177354306,0.03166148439049721,0.808502197265625,0.12849999964237213,3.206249952316284
502,191.86115410365164,0.028219085186719894,0.8081207275390625,0.12037500739097595,2.9468748569488525
503,192.19392321817577,0.032849594950675964,0.8077392578125,0.12412501126527786,2.893749952316284
504,192.52119607664645,0.028913922607898712,0.8073577880859375,0.13087500631809235,3.15625
505,192.85567403770983,0.033843494951725006,0.806976318359375,0.13324999809265137,3.121875286102295
506,193.21175940707326,0.028065331280231476,0.8065948486328125,0.1262499988079071,3.0843749046325684
507,193.51970636099577,0.033070653676986694,0.80621337890625,0.11887500435113907,2.9125003814697266
508,193.86550002079457,0.031170310452580452,0.8058319091796875,0.13087499141693115,3.012500047683716
509,194.4522537374869,0.030345385894179344,0.805450439453125,0.11575000733137131,2.940624952316284
510,194.82037625368685,0.02952125295996666,0.8050689697265625,0.132750004529953,2.9718751907348633
511,195.14433663804084,0.03115082159638405,0.8046875,0.12550000846385956,3.1374998092651367
512,195.5601449208334,0.03470567241311073,0.8043060302734375,0.1264999955892563,2.96875
513,195.8909120708704,0.02693914622068405,0.803924560546875,0.12087500840425491,2.9281249046325684
514,196.21221751440316,0.029882188886404037,0.8035430908203125,0.12562499940395355,3.0062501430511475
515,196.5366000989452,0.026073355227708817,0.80316162109375,0.12049999833106995,2.9666664600372314
516,196.8364710509777,0.030053596943616867,0.8027801513671875,0.125,2.9968748092651367
517,197.26845057308674,0.03141093999147415,0.802398681640625,0.1287499964237213,3.0562500953674316
518,198.15377597976476,0.030545972287654877,0.8020172119140625,0.12987498939037323,3.0999999046325684
519,199.06878068018705,0.028360288590192795,0.8016357421875,0.1287500113248825,3.171874761581421
520,199.44140624813735,0.0290897898375988,0.8012542724609375,0.125,3.015625
521,199.78863408602774,0.03143948316574097,0.800872802734375,0.12700000405311584,2.9875001907348633
522,200.1317657213658,0.028183545917272568,0.8004913330078125,0.1277499943971634,3.0999999046325684
523,200.57289737462997,0.031417228281497955,0.80010986328125,0.12849999964237213,2.96875
524,200.92773688398302,0.02782854624092579,0.7997283935546875,0.1288750022649765,3.109375
525,201.27726156264544,0.029659556224942207,0.799346923828125,0.1237500011920929,3.0250000953674316
526,201.60848558787256,0.029616618528962135,0.7989654541015625,0.12912499904632568,3.090625047683716
527,201.96074470877647,0.026374835520982742,0.798583984375,0.11625000089406967,2.8958332538604736
528,202.93232412822545,0.028208481147885323,0.7982025146484375,0.12424999475479126,3.0062501430511475
529,203.2749054217711,0.030639614909887314,0.797821044921875,0.1288750022649765,3.062500238418579
530,203.63648745510727,0.028430473059415817,0.7974395751953125,0.12587499618530273,3.0406250953674316
531,204.50992690306157,0.027484480291604996,0.79705810546875,0.12725000083446503,3.065624952316284
532,204.86967152450234,0.026878520846366882,0.7966766357421875,0.12312500923871994,2.934375047683716
533,205.24692539218813,0.0295945443212986,0.796295166015625,0.12849999964237213,3.0874998569488525
534,205.67084922175854,0.02997194044291973,0.7959136962890625,0.12600000202655792,2.953125
535,205.99953087046742,0.028250450268387794,0.7955322265625,0.12712499499320984,3.109375
536,206.32993636466563,0.0292363241314888,0.7951507568359375,0.12700000405311584,3.0062499046325684
537,206.69102443382144,0.026679396629333496,0.794769287109375,0.12587499618530273,3.028125047683716
538,207.09889714140445,0.03313136100769043,0.7943878173828125,0.1366250067949295,3.1875
539,207.45151257701218,0.02775874175131321,0.79400634765625,0.12424999475479126,3.0916669368743896
540,207.7666811235249,0.028301332145929337,0.7936248779296875,0.12049999833106995,2.8999998569488525
541,208.12633324041963,0.02645634487271309,0.793243408203125,0.12062499672174454,2.8656251430511475
542,208.45234181452543,0.0352497324347496,0.7928619384765625,0.12337500602006912,2.9624998569488525
543,209.332082410343,0.031523603945970535,0.79248046875,0.12787500023841858,3.121875047683716
544,209.63350908085704,0.026413999497890472,0.7920989990234375,0.1300000101327896,3.0281248092651367
545,209.94715148583055,0.026296265423297882,0.791717529296875,0.12674999237060547,3.128124952316284
546,210.3471515774727,0.027765242382884026,0.7913360595703125,0.1171249970793724,2.7906250953674316
547,210.6760292481631,0.026522863656282425,0.79095458984375,0.12912499904632568,3.1062498092651367
548,211.02604903560132,0.030257239937782288,0.7905731201171875,0.13250000774860382,2.9906251430511475
549,211.37137932144105,0.027974387630820274,0.790191650390625,0.12187500298023224,3.143749952316284
550,211.73247154708952,0.029730379581451416,0.7898101806640625,0.13062499463558197,2.9750001430511475
551,212.1274813162163,0.02916431427001953,0.7894287109375,0.11962500214576721,2.991666793823242
552,212.42521477863193,0.02638053335249424,0.7890472412109375,0.1277499943971634,3.028125047683716
553,212.74688241817057,0.02599382773041725,0.788665771484375,0.132625013589859,3.140625
554,213.0482294820249,0.02912631817162037,0.7882843017578125,0.13175000250339508,3.156249761581421
555,213.38033223245293,0.025450553745031357,0.78790283203125,0.11787500232458115,2.950000047683716
556,213.69951392617077,0.030943993479013443,0.7875213623046875,0.12600000202655792,3.0562500953674316
557,214.01438706275076,0.03056403063237667,0.787139892578125,0.12974999845027924,3.065624713897705
558,214.48061310779303,0.028800118714571,0.7867584228515625,0.13362501561641693,3.143749952316284
559,214.8104236004874,0.027282167226076126,0.786376953125,0.13112500309944153,3.096874952316284
560,215.2467240691185,0.029657751321792603,0.7859954833984375,0.12562501430511475,3.1875
561,215.80050546955317,0.026704983785748482,0.785614013671875,0.12537500262260437,2.9156248569488525
562,216.18339549563825,0.029036149382591248,0.7852325439453125,0.12812499701976776,3.1218748092651367
563,216.52038799412549,0.03125487267971039,0.78485107421875,0.12987500429153442,3.0833332538604736
564,216.83769885543734,0.034096501767635345,0.7844696044921875,0.13375000655651093,3.15625
565,217.20716625452042,0.027521327137947083,0.784088134765625,0.12024999409914017,2.9593746662139893
566,217.53159849718213,0.03061625175178051,0.7837066650390625,0.12800000607967377,3.012500047683716
567,217.84571427013725,0.03201707452535629,0.7833251953125,0.1315000057220459,3.128124952316284
568,218.17849150765687,0.02740696258842945,0.7829437255859375,0.13137498497962952,3.231250286102295
569,218.6213653702289,0.031002048403024673,0.782562255859375,0.14087501168251038,3.1999998092651367
570,218.94536237698048,0.029059171676635742,0.7821807861328125,0.11687500774860382,3.043750047683716
571,219.31235385034233,0.026719851419329643,0.78179931640625,0.13124999403953552,3.0843751430511475
572,219.7421857137233,0.030112307518720627,0.7814178466796875,0.1315000206232071,3.203125
573,220.08538931887597,0.029676716774702072,0.781036376953125,0.12275000661611557,2.940624952316284
574,220.92125089187175,0.0255587138235569,0.7806549072265625,0.1236250028014183,2.8937501907348633
575,221.27227520849556,0.02617195062339306,0.7802734375,0.11912500113248825,2.945833206176758
576,222.13762726448476,0.031117796897888184,0.7798919677734375,0.12862499058246613,3.0843749046325684
577,222.6268140329048,0.03354904055595398,0.779510498046875,0.13087500631809235,3.140625238418579
578,223.07713465113193,0.031130075454711914,0.7791290283203125,0.12812499701976776,3.0843749046325684
579,223.40619208663702,0.026768647134304047,0.77874755859375,0.12475001066923141,2.996875047683716
580,223.78825483843684,0.028844181448221207,0.7783660888671875,0.12937501072883606,3.081249952316284
581,224.20022477209568,0.029578788205981255,0.777984619140625,0.11749999970197678,2.9250001907348633
582,224.61416879110038,0.028220750391483307,0.7776031494140625,0.12487500160932541,2.903125047683716
583,224.9470289265737,0.027596700936555862,0.7772216796875,0.12687499821186066,2.996875047683716
584,225.2779749976471,0.032488882541656494,0.7768402099609375,0.12287501990795135,2.984375238418579
585,225.73643563408405,0.027985766530036926,0.776458740234375,0.12300000339746475,2.8499999046325684
586,226.0708133513108,0.029204560443758965,0.7760772705078125,0.12087500840425491,3.031249761581421
587,226.5876124575734,0.029375309124588966,0.77569580078125,0.12987500429153442,3.075000047683716
588,226.92665300052613,0.028778957203030586,0.7753143310546875,0.12999999523162842,3.0843751430511475
589,227.22884042561054,0.029324449598789215,0.774932861328125,0.12562499940395355,3.049999952316284
590,227.58197679184377,0.027735060080885887,0.7745513916015625,0.12974999845027924,3.090625047683716
591,227.97376691550016,0.029216710478067398,0.774169921875,0.12437500059604645,3.0343751907348633
592,228.9408582150936,0.0277277659624815,0.7737884521484375,0.12700000405311584,2.9906246662139893
593,229.3103141626343,0.027626242488622665,0.773406982421875,0.1264999955892563,3.0062499046325684
594,229.63090958166867,0.02917921170592308,0.7730255126953125,0.1289999932050705,3.187500238418579
595,230.39006746187806,0.03067946992814541,0.77264404296875,0.13087499141693115,3.0218751430511475
596,230.71187133248895,0.02817099168896675,0.7722625732421875,0.11237499117851257,2.8468751907348633
597,231.08579045906663,0.030731599777936935,0.771881103515625,0.12674999237060547,3.049999952316284
598,231.42454488575459,0.030850131064653397,0.7714996337890625,0.13850000500679016,3.0843751430511475
599,231.89199394080788,0.02909499779343605,0.7711181640625,0.12650001049041748,3.15625
600,232.20363749470562,0.029754657298326492,0.7707366943359375,0.12787500023841858,3.0031251907348633
601,232.51593846362084,0.026085328310728073,0.770355224609375,0.1264999955892563,3.0562500953674316
602,232.83405781630427,0.02766844443976879,0.7699737548828125,0.13362501561641693,3.1687498092651367
603,233.1990670459345,0.02983945608139038,0.76959228515625,0.1303749829530716,3.1468749046325684
604,233.61179028078914,0.03059144876897335,0.7692108154296875,0.1236250102519989,3.0843749046325684
605,233.9587904466316,0.03237246721982956,0.768829345703125,0.12924998998641968,3.0500001907348633
606,234.30827590916306,0.029631992802023888,0.7684478759765625,0.1353750079870224,3.1781249046325684
607,234.69591164030135,0.02760363556444645,0.76806640625,0.11675000935792923,3.0281248092651367
608,235.12247146945447,0.03132466971874237,0.7676849365234375,0.13212499022483826,2.987499952316284
609,235.4574972987175,0.03295568376779556,0.767303466796875,0.12462499737739563,3.043750286102295
610,235.78003928251565,0.028914671391248703,0.7669219970703125,0.1301249861717224,3.018749952316284
611,236.11373186763376,0.02906396985054016,0.76654052734375,0.12962499260902405,3.1541669368743896
612,236.44355684053153,0.02816772274672985,0.7661590576171875,0.12225000560283661,2.924999952316284
613,236.80449873022735,0.02961106225848198,0.765777587890625,0.12912499904632568,3.081249952316284
614,237.1499424194917,0.02678939700126648,0.7653961181640625,0.12825000286102295,3.1000001430511475
615,237.46140385884792,0.029160723090171814,0.7650146484375,0.13200001418590546,3.112499713897705
616,237.76976151298732,0.03220954164862633,0.7646331787109375,0.13712500035762787,3.34375
617,238.07505699899048,0.03174196556210518,0.764251708984375,0.12487499415874481,3.078125
618,238.41367236245424,0.03099307231605053,0.7638702392578125,0.12687499821186066,3.0
619,238.721226955764,0.027940597385168076,0.76348876953125,0.13337498903274536,3.1343750953674316
620,239.01893154159188,0.03280282020568848,0.7631072998046875,0.1274999976158142,3.1499998569488525
621,239.31609550490975,0.03234954923391342,0.762725830078125,0.1237500011920929,3.034374952316284
622,239.62854237947613,0.02708982117474079,0.7623443603515625,0.12262500822544098,2.84375
623,239.95235883817077,0.029166413471102715,0.761962890625,0.12687499821186066,3.0416667461395264
624,240.30042113456875,0.027711495757102966,0.7615814208984375,0.11524999886751175,2.7875001430511475
625,240.69291238859296,0.027294479310512543,0.761199951171875,0.1341250091791153,3.246875047683716
626,240.99766826443374,0.03043634444475174,0.7608184814453125,0.1352500021457672,3.168750047683716
627,241.3483486380428,0.030572501942515373,0.76043701171875,0.13087500631809235,3.075000047683716
628,241.6583834355697,0.02798771858215332,0.7600555419921875,0.13237500190734863,3.312499761581421
629,241.9658228615299,0.0259415190666914,0.759674072265625,0.13474999368190765,3.0375001430511475
630,242.2660524379462,0.03130118548870087,0.7592926025390625,0.12312500178813934,3.043750047683716
631,242.76619029603899,0.03408929705619812,0.7589111328125,0.12950000166893005,3.168750047683716
632,243.0719143524766,0.029236944392323494,0.7585296630859375,0.13124999403953552,3.1468751430511475
633,243.39946812670678,0.02819935232400894,0.758148193359375,0.12812499701976776,3.0124998092651367
634,243.71290849149227,0.028400514274835587,0.7577667236328125,0.12400000542402267,3.0562498569488525
635,244.06338495854288,0.028388112783432007,0.75738525390625,0.1313750147819519,3.129166603088379
636,244.39403703808784,0.02915843203663826,0.7570037841796875,0.12812499701976776,3.0656251907348633
637,244.7746649030596,0.03014586865901947,0.756622314453125,0.1289999932050705,3.065624713897705
638,245.1788572492078,0.0327567495405674,0.7562408447265625,0.12812499701976776,3.140625
639,245.50452762655914,0.030167095363140106,0.755859375,0.1277499943971634,3.184375286102295
640,245.86196710541844,0.026730408892035484,0.7554779052734375,0.12799999117851257,2.996875047683716
641,246.24301878362894,0.030261434614658356,0.755096435546875,0.13500000536441803,3.21875
642,246.549203844741,0.026955129578709602,0.7547149658203125,0.12225000560283661,2.9281251430511475
643,246.87472987920046,0.028689393773674965,0.75433349609375,0.12537500262260437,3.0656251907348633
644,247.22812047414482,0.030064698308706284,0.7539520263671875,0.1288749873638153,3.0250000953674316
645,247.59192342869937,0.02843271754682064,0.753570556640625,0.12725000083446503,2.934375286102295
646,247.91723783221096,0.030190756544470787,0.7531890869140625,0.12462499737739563,3.153125047683716
647,248.2510499637574,0.028896860778331757,0.7528076171875,0.12699998915195465,3.004166841506958
648,248.5702625354752,0.0306209959089756,0.7524261474609375,0.12487500160932541,2.996875047683716
649,248.88751421682537,0.030740156769752502,0.752044677734375,0.1264999955892563,2.996875047683716
650,249.25658362172544,0.025452643632888794,0.7516632080078125,0.12712500989437103,3.000000238418579
651,249.62874401919544,0.02840915136039257,0.75128173828125,0.12187501043081284,3.0062499046325684
652,249.9556689504534,0.030372019857168198,0.7509002685546875,0.1301250010728836,3.090625047683716
653,250.26957893464714,0.02979116328060627,0.750518798828125,0.12787500023841858,3.0437498092651367
654,250.61013364046812,0.027428077533841133,0.7501373291015625,0.12612499296665192,3.0437498092651367
655,250.96494748909026,0.028732888400554657,0.749755859375,0.13237500190734863,3.121875286102295
656,251.30113428458571,0.030987203121185303,0.7493743896484375,0.13087500631809235,3.3406248092651367
657,251.67968461755663,0.030798854306340218,0.748992919921875,0.12962499260902405,3.0093750953674316
658,252.0271787783131,0.026047319173812866,0.7486114501953125,0.12937501072883606,3.075000286102295
659,252.34979663882405,0.0289261806756258,0.74822998046875,0.1287499964237213,3.1083333492279053
660,252.6808389648795,0.026525268331170082,0.7478485107421875,0.1277499943971634,3.059375047683716
661,253.00414608977735,0.029721785336732864,0.747467041015625,0.13437500596046448,3.200000047683716
662,253.31680956389755,0.031721264123916626,0.7470855712890625,0.12600000202655792,3.078124761581421
663,253.6822855276987,0.02906074747443199,0.7467041015625,0.12475001066923141,2.9781250953674316
664,254.0385400224477,0.0270688533782959,0.7463226318359375,0.12437500059604645,2.9875001907348633
665,254.35163231845945,0.028128936886787415,0.745941162109375,0.12350000441074371,2.9468746185302734
666,254.75881095789373,0.029432401061058044,0.7455596923828125,0.1264999806880951,2.956249713897705
667,255.0774170923978,0.02977943792939186,0.74517822265625,0.1236250028014183,3.0031251907348633
668,255.44162771850824,0.02747829630970955,0.7447967529296875,0.12400000542402267,2.937500238418579
669,255.75540264882147,0.03491397947072983,0.744415283203125,0.12725000083446503,3.174999952316284
670,256.068863151595,0.02858584374189377,0.7440338134765625,0.12587501108646393,2.9625000953674316
671,256.390400595963,0.030274871736764908,0.74365234375,0.13249999284744263,3.152083396911621
672,256.70604453235865,0.02639104425907135,0.7432708740234375,0.12462499737739563,2.9906249046325684
673,257.0225274572149,0.028473053127527237,0.742889404296875,0.1263750046491623,3.065624713897705
674,257.3261263919994,0.027237223461270332,0.7425079345703125,0.12950000166893005,3.0875000953674316
675,257.6700064931065,0.028745364397764206,0.74212646484375,0.13175000250339508,3.21875
676,257.9964932957664,0.027720201760530472,0.7417449951171875,0.12725000083446503,2.9937500953674316
677,258.3529369784519,0.0298362597823143,0.741363525390625,0.12725000083446503,3.0250000953674316
678,258.70852661691606,0.028742626309394836,0.7409820556640625,0.13075000047683716,3.0531251430511475
679,259.09953134693205,0.028963357210159302,0.7406005859375,0.13062499463558197,3.234375
680,259.41200206708163,0.028108010068535805,0.7402191162109375,0.12725000083446503,3.0
681,259.7484552366659,0.02750827744603157,0.739837646484375,0.12437500059604645,3.1125001907348633
682,260.09121881239116,0.030170276761054993,0.7394561767578125,0.12325000017881393,2.921875
683,260.43035786785185,0.02852753922343254,0.73907470703125,0.12712500989437103,3.0333330631256104
684,260.75622270349413,0.030981142073869705,0.7386932373046875,0.12525001168251038,3.0031251907348633
685,261.08638664800674,0.02661299705505371,0.738311767578125,0.13600000739097595,3.1875
686,261.4011108549312,0.030752703547477722,0.7379302978515625,0.12387500703334808,3.0250000953674316
687,261.7762819295749,0.027681348845362663,0.737548828125,0.12450000643730164,3.1000003814697266
688,262.1052389200777,0.030599605292081833,0.7371673583984375,0.1287499964237213,3.03125
689,262.4750505303964,0.02874176576733589,0.736785888671875,0.12650001049041748,2.9749999046325684
690,263.4132692972198,0.027628514915704727,0.7364044189453125,0.1303749978542328,3.1687498092651367
691,263.73423138074577,0.025947239249944687,0.73602294921875,0.1354999989271164,3.1500000953674316
692,264.0812125718221,0.028921350836753845,0.7356414794921875,0.1288750022649765,3.2281250953674316
693,264.4147653914988,0.027908869087696075,0.735260009765625,0.1342500001192093,3.1468751430511475
694,264.80628435499966,0.026276102289557457,0.7348785400390625,0.1277499943971634,3.018749952316284
695,265.220512569882,0.027837149798870087,0.7344970703125,0.12462498992681503,3.0812501907348633
696,265.60966302920133,0.02751275897026062,0.7341156005859375,0.12974999845027924,3.0687501430511475
697,265.9324537459761,0.029433241114020348,0.733734130859375,0.12700000405311584,3.09375
698,266.30398078262806,0.027970153838396072,0.7333526611328125,0.1327499896287918,3.2125000953674316
699,267.0625104447827,0.027505893260240555,0.73297119140625,0.13225001096725464,3.1156249046325684
700,267.37841266114265,0.028628045693039894,0.7325897216796875,0.12974999845027924,3.159374713897705
701,267.7796267773956,0.025754740461707115,0.732208251953125,0.132750004529953,3.171875
702,268.1045561339706,0.026178793981671333,0.7318267822265625,0.13249999284744263,3.1343750953674316
703,268.4267463115975,0.026664502918720245,0.7314453125,0.12325000762939453,2.9937498569488525
704,268.81719969864935,0.02797378972172737,0.7310638427734375,0.13200001418590546,3.171875
705,269.2094820290804,0.027954967692494392,0.730682373046875,0.1288750022649765,2.999999761581421
706,269.56459096539766,0.026664070785045624,0.7303009033203125,0.1261250078678131,3.1031250953674316
707,269.9279915699735,0.025674983859062195,0.72991943359375,0.12737499177455902,3.0895836353302
708,270.2525994954631,0.027483472600579262,0.7295379638671875,0.12825001776218414,3.043750047683716
709,270.5965149626136,0.029446031898260117,0.729156494140625,0.1196250170469284,2.903125047683716
710,271.04985440708697,0.02631315030157566,0.7287750244140625,0.1302500069141388,3.0875000953674316
711,271.4415157996118,0.028395403176546097,0.7283935546875,0.12849999964237213,3.1000001430511475
712,271.7946908464655,0.030144846066832542,0.7280120849609375,0.1341250091791153,3.1875
713,272.23408578243107,0.02679992839694023,0.727630615234375,0.12212500721216202,2.9781250953674316
714,272.6352559970692,0.02777281403541565,0.7272491455078125,0.12487499415874481,3.0031251907348633
715,272.94182337168604,0.028389522805809975,0.72686767578125,0.1249999925494194,3.034374713897705
716,273.2434964310378,0.0278545543551445,0.7264862060546875,0.13200001418590546,3.059375047683716
717,273.56952169071883,0.02961135096848011,0.726104736328125,0.13975000381469727,3.3156251907348633
718,273.9188612755388,0.027729738503694534,0.7257232666015625,0.12212500721216202,3.171875
719,274.2254266971722,0.02824629470705986,0.725341796875,0.12974999845027924,3.016667127609253
720,274.54865386895835,0.02970590814948082,0.7249603271484375,0.11812499910593033,2.828125
721,274.88463499583304,0.02801678702235222,0.724578857421875,0.1300000101327896,3.125000238418579
722,275.2109434911981,0.02464764378964901,0.7241973876953125,0.1366249918937683,3.234375
723,275.5166122438386,0.02593952789902687,0.72381591796875,0.13112498819828033,3.0999999046325684
724,275.83225180301815,0.028212659060955048,0.7234344482421875,0.1300000101327896,3.221874952316284
725,276.15989908389747,0.02679673209786415,0.723052978515625,0.1302500218153,3.1937499046325684
726,276.50159041956067,0.0273581575602293,0.7226715087890625,0.12550000846385956,2.9468748569488525
727,276.86566580086946,0.02701694518327713,0.7222900390625,0.12350000441074371,2.9312500953674316
728,277.2010859558359,0.027533680200576782,0.7219085693359375,0.12937499582767487,3.106250047683716
729,277.5283966483548,0.028664998710155487,0.721527099609375,0.12337499856948853,2.9593749046325684
730,277.8496532700956,0.025470241904258728,0.7211456298828125,0.1303749978542328,3.0812501907348633
731,278.1747439308092,0.027205947786569595,0.72076416015625,0.1302499920129776,3.15625
732,278.52195939514786,0.02727195993065834,0.7203826904296875,0.12650001049041748,3.018749713897705
733,278.84371556248516,0.02835943177342415,0.720001220703125,0.132625013589859,3.2093749046325684
734,279.1795164588839,0.02912677451968193,0.7196197509765625,0.125124990940094,2.999999761581421
735,279.49117287714034,0.02732830122113228,0.71923828125,0.12537500262260437,3.0093750953674316
736,279.8795913597569,0.028870120644569397,0.7188568115234375,0.1366250067949295,3.1812500953674316
737,280.2114166710526,0.02476727031171322,0.718475341796875,0.13112501800060272,3.140624761581421
738,280.58775429520756,0.027174869552254677,0.7180938720703125,0.11800000071525574,2.90625
739,280.89829564187676,0.027591684833168983,0.71771240234375,0.12250000238418579,3.028125047683716
740,281.23689230997115,0.025660647079348564,0.7173309326171875,0.12375000864267349,2.9468750953674316
741,281.5736856944859,0.02640634961426258,0.716949462890625,0.13350000977516174,3.0531246662139893
742,281.88950095605105,0.028472566977143288,0.7165679931640625,0.12837500870227814,3.1156249046325684
743,282.3462079046294,0.025150073692202568,0.7161865234375,0.1303749978542328,3.1583335399627686
744,282.74329247605056,0.026647260412573814,0.7158050537109375,0.12412499636411667,2.9468750953674316
745,283.176824754104,0.02787007950246334,0.715423583984375,0.12987498939037323,3.121875047683716
746,283.65839834697545,0.03136930242180824,0.7150421142578125,0.12587501108646393,3.0875000953674316
747,283.97532059345394,0.025569360703229904,0.71466064453125,0.13462500274181366,3.265625
748,285.0689784474671,0.02716182731091976,0.7142791748046875,0.13099999725818634,3.1312499046325684
749,285.4314586399123,0.0280785970389843,0.713897705078125,0.1341249942779541,3.218750238418579
750,285.7432956583798,0.02795608714222908,0.7135162353515625,0.13099999725818634,3.109375
751,286.11535534542054,0.024458380416035652,0.713134765625,0.12687499821186066,3.1125001907348633
752,286.431297856383,0.026034608483314514,0.7127532958984375,0.13112501800060272,2.9937500953674316
753,286.73344796989113,0.023379776626825333,0.712371826171875,0.13774999976158142,3.2249999046325684
754,287.18407803494483,0.024505723267793655,0.7119903564453125,0.12662500143051147,3.1500000953674316
755,287.5252662496641,0.03048282116651535,0.71160888671875,0.1264999955892563,3.0833332538604736
756,287.8293296927586,0.027006521821022034,0.7112274169921875,0.12400000542402267,2.953125
757,288.1405387939885,0.029102416709065437,0.710845947265625,0.12662500143051147,3.065624952316284
758,288.71304055210203,0.025973550975322723,0.7104644775390625,0.13075000047683716,3.1374998092651367
759,289.0582127375528,0.027929414063692093,0.7100830078125,0.1237500011920929,2.9749999046325684
760,289.37489046156406,0.029419545084238052,0.7097015380859375,0.12787500023841858,3.059375286102295
761,289.7373473690823,0.027941904962062836,0.709320068359375,0.13750000298023224,3.1781249046325684
762,290.09771048277617,0.02584264986217022,0.7089385986328125,0.1340000033378601,3.2124998569488525
763,290.41965429577976,0.027439838275313377,0.70855712890625,0.11950001865625381,3.0687499046325684
764,290.7219928847626,0.026910576969385147,0.7081756591796875,0.12462499737739563,2.90625
765,291.08468737173826,0.025466717779636383,0.707794189453125,0.1262499988079071,3.018749952316284
766,291.39242835808545,0.026732580736279488,0.7074127197265625,0.13225001096725464,3.1937503814697266
767,291.7244247207418,0.0271904394030571,0.70703125,0.1314999908208847,3.1312501430511475
768,292.0424197688699,0.026498248800635338,0.7066497802734375,0.1315000057220459,3.1468749046325684
769,292.36677265167236,0.027120448648929596,0.706268310546875,0.12449999898672104,2.9906249046325684
770,292.6908797910437,0.02449306845664978,0.7058868408203125,0.13362501561641693,3.1156246662139893
771,293.0551132913679,0.025788016617298126,0.70550537109375,0.1288749873638153,3.1468749046325684
772,293.3565834267065,0.026371505111455917,0.7051239013671875,0.12137499451637268,2.956249952316284
773,293.7001217389479,0.02725863642990589,0.704742431640625,0.12262500822544098,3.0281248092651367
774,294.0094771720469,0.02746957540512085,0.7043609619140625,0.12987500429153442,3.0031251907348633
775,294.31796759553254,0.028341425582766533,0.7039794921875,0.12999999523162842,3.171875
776,294.6391592659056,0.02607898972928524,0.7035980224609375,0.1302499920129776,2.9625000953674316
777,295.0086302496493,0.025975067168474197,0.703216552734375,0.12987500429153442,3.1812498569488525
778,295.37705122772604,0.02853727899491787,0.7028350830078125,0.12987500429153442,3.2906248569488525
779,295.70742692705244,0.028095288202166557,0.70245361328125,0.12999999523162842,3.043750047683716
780,296.0534547427669,0.024612341076135635,0.7020721435546875,0.12825000286102295,3.096874952316284
781,296.3924712333828,0.02463184855878353,0.701690673828125,0.1366249918937683,3.2249999046325684
782,296.73344319779426,0.02690308168530464,0.7013092041015625,0.13250002264976501,3.2281248569488525
783,297.16666640061885,0.02683103084564209,0.700927734375,0.1316249966621399,3.1218748092651367
784,297.4751700265333,0.02627403661608696,0.7005462646484375,0.12999999523162842,3.1031250953674316
785,297.8290449688211,0.026144137606024742,0.700164794921875,0.12862499058246613,3.174999952316284
786,298.18749794736505,0.02937229909002781,0.6997833251953125,0.12962500751018524,3.0999999046325684
787,298.50152387749404,0.025152338668704033,0.69940185546875,0.1355000138282776,3.1343750953674316
788,298.84593577403575,0.025993168354034424,0.6990203857421875,0.1316249966621399,3.325000047683716
789,299.3575024465099,0.028658311814069748,0.698638916015625,0.12212499976158142,2.9125001430511475
790,299.7201787410304,0.027669601142406464,0.6982574462890625,0.12825000286102295,3.034374952316284
791,300.09247086849064,0.02489592134952545,0.6978759765625,0.13075000047683716,3.120833396911621
792,300.5758163323626,0.02637060359120369,0.6974945068359375,0.13450001180171967,3.206249952316284
793,300.9845458455384,0.026034943759441376,0.697113037109375,0.1274999976158142,3.109375
794,301.2870618533343,0.02489437162876129,0.6967315673828125,0.12825000286102295,3.090625047683716
795,301.6329717570916,0.027545414865016937,0.69635009765625,0.1316249966621399,3.1031250953674316
796,301.9479083204642,0.027161378413438797,0.6959686279296875,0.1274999976158142,3.125
797,302.2870505210012,0.027543533593416214,0.695587158203125,0.12725000083446503,2.9312500953674316
798,302.61603984981775,0.026253623887896538,0.6952056884765625,0.12587501108646393,3.0875003337860107
799,302.9233569484204,0.026602938771247864,0.69482421875,0.12537500262260437,3.059375047683716
800,303.5119448872283,0.022834135219454765,0.6944427490234375,0.12575000524520874,2.984375
801,303.8484454257414,0.02650834619998932,0.694061279296875,0.13587500154972076,3.1031250953674316
802,304.2163969865069,0.024333825334906578,0.6936798095703125,0.12962500751018524,3.200000047683716
803,304.8880803985521,0.0270330011844635,0.69329833984375,0.12474999576807022,3.0645830631256104
804,305.2021662024781,0.023806026205420494,0.6929168701171875,0.12474998831748962,2.987499952316284
805,305.50725195836276,0.0241551473736763,0.692535400390625,0.13212499022483826,3.1031250953674316
806,305.80746574886143,0.026138126850128174,0.6921539306640625,0.1263750046491623,3.075000047683716
807,306.13677570503205,0.027924630790948868,0.6917724609375,0.12612499296665192,3.1156249046325684
808,306.45774940866977,0.025375112891197205,0.6913909912109375,0.13575001060962677,3.1468751430511475
809,306.7745130304247,0.026637587696313858,0.691009521484375,0.12699998915195465,3.1437501907348633
810,307.0871736155823,0.027004078030586243,0.6906280517578125,0.1261250078678131,2.96875
811,307.493240066804,0.026661835610866547,0.69024658203125,0.13099998235702515,3.128124952316284
812,307.8290869090706,0.02311187982559204,0.6898651123046875,0.13137498497962952,3.187500238418579
813,308.18314269185066,0.02745223604142666,0.689483642578125,0.12849999964237213,3.109375
814,308.5486794617027,0.02666996419429779,0.6891021728515625,0.12837499380111694,3.1374998092651367
815,308.87095827702433,0.02600635401904583,0.688720703125,0.12437500059604645,2.9625003337860107
816,309.26449307147413,0.026227902621030807,0.6883392333984375,0.1210000067949295,2.9375
817,309.5874056154862,0.024461809545755386,0.687957763671875,0.13600000739097595,3.2250001430511475
818,309.91412155050784,0.027156049385666847,0.6875762939453125,0.1262499839067459,3.012500047683716
819,310.23237362131476,0.026449020951986313,0.68719482421875,0.12387500703334808,2.956249952316284
820,310.5517540490255,0.02664824016392231,0.6868133544921875,0.13074998557567596,3.065624713897705
821,310.8659277483821,0.02376958727836609,0.686431884765625,0.13475000858306885,3.281249761581421
822,311.2538478644565,0.02696441300213337,0.6860504150390625,0.1237500011920929,3.012500047683716
823,311.5782246198505,0.02690577693283558,0.6856689453125,0.1313749998807907,3.109374761581421
824,311.9026577239856,0.02523163892328739,0.6852874755859375,0.1261250078678131,3.1843748092651367
825,312.22979357279837,0.025563860312104225,0.684906005859375,0.13725000619888306,3.128124952316284
826,312.54808494914323,0.025979507714509964,0.6845245361328125,0.13487501442432404,3.2093749046325684
827,312.8702238788828,0.0291840061545372,0.68414306640625,0.13825000822544098,3.3229167461395264
828,313.215339416638,0.025934278964996338,0.6837615966796875,0.12999999523162842,3.125
829,313.5361437294632,0.027836542576551437,0.683380126953125,0.12999999523162842,3.1156251430511475
830,313.8523797634989,0.02277497760951519,0.6829986572265625,0.13337500393390656,3.1499998569488525
831,314.2049085581675,0.023176733404397964,0.6826171875,0.13574999570846558,3.281250238418579
832,314.54786226246506,0.024761367589235306,0.6822357177734375,0.12299999594688416,3.096874952316284
833,314.8693655785173,0.024176057428121567,0.681854248046875,0.1301250010728836,2.921875
834,315.2597168479115,0.02437995932996273,0.6814727783203125,0.13249999284744263,3.1624999046325684
835,315.62387027870864,0.02663392573595047,0.68109130859375,0.1274999976158142,3.21875
836,315.92907763272524,0.022799678146839142,0.6807098388671875,0.13900001347064972,3.3125
837,316.2489343518391,0.025504594668745995,0.680328369140625,0.12387500703334808,2.996875286102295
838,316.5925430189818,0.024472003802657127,0.6799468994140625,0.11987501382827759,2.9406251907348633
839,316.9197556329891,0.027387958019971848,0.6795654296875,0.13512501120567322,3.120833396911621
840,317.2585420599207,0.024854155257344246,0.6791839599609375,0.13337500393390656,3.1875
841,317.62544187996536,0.022847292944788933,0.678802490234375,0.13712500035762787,3.2906250953674316
842,317.94780869130045,0.02601083554327488,0.6784210205078125,0.13350000977516174,3.2093746662139893
843,318.28713874612004,0.023144276812672615,0.67803955078125,0.13262499868869781,3.2687501907348633
844,318.6236942084506,0.02294440194964409,0.6776580810546875,0.1287499964237213,2.9906246662139893
845,318.9445109544322,0.02407876029610634,0.677276611328125,0.13062500953674316,3.1968748569488525
846,319.3832057081163,0.026492755860090256,0.6768951416015625,0.12600000202655792,2.903125047683716
847,319.7439951086417,0.023181423544883728,0.676513671875,0.12812501192092896,3.143749713897705
848,320.14277421403676,0.02565012499690056,0.6761322021484375,0.12575000524520874,3.0875000953674316
849,320.486903895624,0.026523351669311523,0.675750732421875,0.13312500715255737,3.140625
850,320.78628594242036,0.024319835007190704,0.6753692626953125,0.1338750123977661,3.200000047683716
851,321.11185538675636,0.02697056345641613,0.67498779296875,0.1263750046491623,3.0749998092651367
852,321.45134940277785,0.029223691672086716,0.6746063232421875,0.13087500631809235,3.1125001907348633
853,321.7692656973377,0.026905778795480728,0.674224853515625,0.12812499701976776,3.137500047683716
854,322.1377424132079,0.02249213680624962,0.6738433837890625,0.13212499022483826,3.1781249046325684
855,322.50114174652845,0.025761328637599945,0.6734619140625,0.1327499896287918,3.109375
856,322.83349623531103,0.023684533312916756,0.6730804443359375,0.13099999725818634,3.203125
857,323.31815318297595,0.02611520327627659,0.672698974609375,0.13099998235702515,3.1156251430511475
858,323.6808739416301,0.026554247364401817,0.6723175048828125,0.13112500309944153,3.0531251430511475
859,324.10913572181016,0.026499362662434578,0.67193603515625,0.12862500548362732,3.1625001430511475
860,324.4784547621384,0.025325005874037743,0.6715545654296875,0.132999986410141,3.21875
861,324.8084472902119,0.023992890492081642,0.671173095703125,0.12825000286102295,3.1625001430511475
862,325.13971505034715,0.02596115879714489,0.6707916259765625,0.1317499876022339,3.1031250953674316
863,325.46870866883546,0.02353736385703087,0.67041015625,0.13199998438358307,3.1395833492279053
864,325.80490646511316,0.026822205632925034,0.6700286865234375,0.11962500214576721,2.8687498569488525
865,326.12613338790834,0.02769339829683304,0.669647216796875,0.13099999725818634,3.090625047683716
866,326.44773683231324,0.024145491421222687,0.6692657470703125,0.13375000655651093,3.206249952316284
867,326.77808220870793,0.022307876497507095,0.66888427734375,0.1276250034570694,3.159374713897705
868,327.1576127707958,0.026049284264445305,0.6685028076171875,0.12712500989437103,3.0531249046325684
869,327.5129217179492,0.02974790334701538,0.668121337890625,0.1366249918937683,3.1218748092651367
870,327.84572604857385,0.02548547089099884,0.6677398681640625,0.1340000033378601,3.299999952316284
871,328.15075229201466,0.025740476325154305,0.6673583984375,0.13212502002716064,3.281250238418579
872,328.5165498945862,0.026267776265740395,0.6669769287109375,0.12912499904632568,3.1218748092651367
873,328.84003589488566,0.02576480805873871,0.666595458984375,0.12924998998641968,3.078125
874,329.1610962729901,0.027199767529964447,0.6662139892578125,0.13237501680850983,3.0093750953674316
875,329.49510756880045,0.024527091532945633,0.66583251953125,0.1328750103712082,3.231250047683716
876,329.82414714153856,0.023807339370250702,0.6654510498046875,0.1352500021457672,3.2406249046325684
877,330.1471792133525,0.025878015905618668,0.665069580078125,0.12937501072883606,3.1374998092651367
878,330.4973046267405,0.023472849279642105,0.6646881103515625,0.13725000619888306,3.1812500953674316
879,330.83840988297015,0.025818362832069397,0.664306640625,0.1353750079870224,3.3125
880,331.1443719668314,0.026270367205142975,0.6639251708984375,0.12974999845027924,3.1500000953674316
881,331.4473283793777,0.02793601155281067,0.663543701171875,0.13112500309944153,3.15625
882,331.7986565111205,0.023989377543330193,0.6631622314453125,0.1393750011920929,3.2750000953674316
883,332.133692256175,0.02412896603345871,0.66278076171875,0.13462500274181366,3.3125
884,332.57855739910156,0.025134682655334473,0.6623992919921875,0.12412499636411667,3.0250000953674316
885,332.907135989517,0.024442728608846664,0.662017822265625,0.1353750079870224,3.171875
886,333.25748985633254,0.025185775011777878,0.6616363525390625,0.13075000047683716,3.096874713897705
887,333.59380771778524,0.022212354466319084,0.6612548828125,0.1316249966621399,3.1937503814697266
888,333.9164925524965,0.02507556602358818,0.6608734130859375,0.13637499511241913,3.253124952316284
889,334.23637208435684,0.027168462052941322,0.660491943359375,0.12974999845027924,3.1437501907348633
890,334.5510876495391,0.02196214720606804,0.6601104736328125,0.13850000500679016,3.281249761581421
891,334.88517541997135,0.02479381673038006,0.65972900390625,0.132625013589859,3.1312499046325684
892,335.23795877583325,0.023888740688562393,0.6593475341796875,0.14087501168251038,3.4406251907348633
893,335.5393396569416,0.025140712037682533,0.658966064453125,0.12399999797344208,3.0249998569488525
894,335.91390779521316,0.02484368346631527,0.6585845947265625,0.1338750123977661,3.2718751430511475
895,336.2531705638394,0.025883134454488754,0.658203125,0.13850000500679016,3.221874952316284
896,336.6097872853279,0.02458413876593113,0.6578216552734375,0.1392499953508377,3.2562496662139893
897,336.92443064507097,0.024887191131711006,0.657440185546875,0.13212502002716064,3.2531251907348633
898,337.23437345493585,0.023261629045009613,0.6570587158203125,0.1263750195503235,3.140625238418579
899,337.57255202066153,0.025533629581332207,0.65667724609375,0.12962500751018524,3.085416555404663
900,337.9515684293583,0.029714608564972878,0.6562957763671875,0.132874995470047,3.2124998569488525
901,338.26672002021223,0.025234661996364594,0.655914306640625,0.13437500596046448,3.153125047683716
902,339.00642900913954,0.027023501694202423,0.6555328369140625,0.13899999856948853,3.3249998092651367
903,339.32127046305686,0.026398107409477234,0.6551513671875,0.12812499701976776,3.1031250953674316
904,339.66745959501714,0.025020765140652657,0.6547698974609375,0.12912499904632568,3.1500000953674316
905,339.97524112276733,0.025639764964580536,0.654388427734375,0.1290000081062317,3.1312503814697266
906,340.42821732070297,0.025147520005702972,0.6540069580078125,0.13724999129772186,3.1343750953674316
907,340.7711538244039,0.02282346598803997,0.65362548828125,0.1313749998807907,3.2125000953674316
908,341.1148477913812,0.021993812173604965,0.6532440185546875,0.12662500143051147,3.1156251430511475
909,341.4723366461694,0.02403189428150654,0.652862548828125,0.12937499582767487,3.1499998569488525
910,341.794237293303,0.02707669883966446,0.6524810791015625,0.13050001859664917,3.0406248569488525
911,342.1194035653025,0.024861812591552734,0.652099609375,0.1301250010728836,3.1437501907348633
912,342.4350165100768,0.024987172335386276,0.6517181396484375,0.13637499511241913,3.246875286102295
913,342.7618122259155,0.02815631404519081,0.651336669921875,0.13487499952316284,3.2125000953674316
914,343.0913482597098,0.023121006786823273,0.6509552001953125,0.13737501204013824,3.393749952316284
915,343.39701726753265,0.025110090151429176,0.65057373046875,0.13087500631809235,3.0687499046325684
916,343.7724937060848,0.025291893631219864,0.6501922607421875,0.14012499153614044,3.356250047683716
917,344.07716519664973,0.023328164592385292,0.649810791015625,0.13699999451637268,3.356250047683716
918,344.50367224309593,0.02364967204630375,0.6494293212890625,0.13087499141693115,3.1187500953674316
919,344.81450358591974,0.02613462693989277,0.6490478515625,0.132625013589859,3.1593751907348633
920,345.1615031110123,0.022600891068577766,0.6486663818359375,0.1302500069141388,3.265625238418579
921,345.48693341203034,0.024068422615528107,0.648284912109375,0.1303749978542328,2.984375238418579
922,345.9153883680701,0.025008240714669228,0.6479034423828125,0.1340000182390213,3.2562499046325684
923,346.24472868070006,0.025760900229215622,0.64752197265625,0.13087499141693115,3.147916793823242
924,346.5510359881446,0.024902239441871643,0.6471405029296875,0.132874995470047,3.215625047683716
925,346.8904232317582,0.024982227012515068,0.646759033203125,0.12200000882148743,2.9156250953674316
926,347.2151930630207,0.02316715195775032,0.6463775634765625,0.12924998998641968,3.0718750953674316
927,347.58752495702356,0.02334004081785679,0.64599609375,0.13249999284744263,3.21875
928,347.91139759868383,0.024791814386844635,0.6456146240234375,0.13087499141693115,3.0375001430511475
929,348.2144159693271,0.02678210288286209,0.645233154296875,0.1340000033378601,3.265625
930,348.53679883107543,0.025016581639647484,0.6448516845703125,0.12849999964237213,3.0875000953674316
931,348.94933042116463,0.024149613454937935,0.64447021484375,0.12487500160932541,3.0687501430511475
932,349.405310286209,0.02133098430931568,0.6440887451171875,0.1417500078678131,3.1781249046325684
933,349.7337322309613,0.02385888062417507,0.643707275390625,0.13062499463558197,3.246875047683716
934,350.08964514080435,0.024078432470560074,0.6433258056640625,0.12912499904632568,3.1937499046325684
935,350.44920618645847,0.025585317984223366,0.6429443359375,0.1340000033378601,3.1729164123535156
936,350.7937805419788,0.02482573315501213,0.6425628662109375,0.1251250058412552,2.987499952316284
937,351.1337081082165,0.024350229650735855,0.642181396484375,0.13200001418590546,3.2281248569488525
938,351.48358443938196,0.02402057684957981,0.6417999267578125,0.1354999989271164,3.231250047683716
939,351.8771707229316,0.026583615690469742,0.64141845703125,0.12725000083446503,3.1031250953674316
940,352.4047691049054,0.022912122309207916,0.6410369873046875,0.1302499920129776,3.0562498569488525
941,352.7546137077734,0.02475423738360405,0.640655517578125,0.13762499392032623,3.2562501430511475
942,353.06230919249356,0.025500640273094177,0.6402740478515625,0.1328750103712082,3.2718746662139893
943,353.3705228101462,0.02160652168095112,0.639892578125,0.13425001502037048,3.309375047683716
944,353.67809960991144,0.023853126913309097,0.6395111083984375,0.13475000858306885,3.1437501907348633
945,354.0796606903896,0.02334786206483841,0.639129638671875,0.1378750056028366,3.1843748092651367
946,354.3792260438204,0.023629557341337204,0.6387481689453125,0.14150001108646393,3.4875001907348633
947,354.70063086412847,0.025841353461146355,0.63836669921875,0.140500009059906,3.3187501430511475
948,355.03703567106277,0.022521603852510452,0.6379852294921875,0.14112500846385956,3.4000000953674316
949,355.43989586178213,0.024408623576164246,0.637603759765625,0.13337498903274536,3.1875
950,355.8265457227826,0.02284390479326248,0.6372222900390625,0.1288750022649765,3.075000047683716
951,356.276216593571,0.026330122724175453,0.6368408203125,0.12587501108646393,3.125
952,356.62769197300076,0.02498696744441986,0.6364593505859375,0.1353749930858612,3.112499952316284
953,357.0385271515697,0.024459630250930786,0.636077880859375,0.13387499749660492,3.234375
954,357.3812640970573,0.02439572848379612,0.6356964111328125,0.13237501680850983,3.1968753337860107
955,357.78094866499305,0.022105228155851364,0.63531494140625,0.13237501680850983,3.0843749046325684
956,358.0917200529948,0.023364190012216568,0.6349334716796875,0.12937499582767487,3.2312498092651367
957,358.46942713391036,0.02278708480298519,0.634552001953125,0.12675000727176666,3.112499952316284
958,358.7735944595188,0.022155027836561203,0.6341705322265625,0.1341249942779541,3.1531248092651367
959,359.27327213343233,0.02582341805100441,0.6337890625,0.12974999845027924,3.112499952316284
960,359.6705758748576,0.02380474843084812,0.6334075927734375,0.1340000033378601,3.1937501430511475
961,360.0221533756703,0.02328655496239662,0.633026123046875,0.13774999976158142,3.231250047683716
962,360.346518564038,0.02244846150279045,0.6326446533203125,0.1262499988079071,3.1343748569488525
963,360.67397323437035,0.023206766694784164,0.63226318359375,0.13737499713897705,3.249999761581421
964,361.1039746897295,0.02116839401423931,0.6318817138671875,0.1302499920129776,3.0812501907348633
965,361.4802384134382,0.02367323264479637,0.631500244140625,0.12400000542402267,3.140625
966,361.8116849604994,0.023160196840763092,0.6311187744140625,0.13850000500679016,3.106250047683716
967,362.13674504868686,0.02447471208870411,0.6307373046875,0.12800000607967377,3.2281250953674316
968,362.4537939019501,0.020606277510523796,0.6303558349609375,0.13212499022483826,3.140625
969,362.7973582968116,0.021786436438560486,0.629974365234375,0.13199999928474426,3.1624999046325684
970,363.16704568173736,0.021762413904070854,0.6295928955078125,0.13362501561641693,3.1968748569488525
971,363.5102271120995,0.02360101416707039,0.62921142578125,0.13362500071525574,3.214583396911621
972,363.96291272807866,0.021523039788007736,0.6288299560546875,0.13050000369548798,3.1156251430511475
973,364.2797249527648,0.02149713784456253,0.628448486328125,0.13562501966953278,3.2593750953674316
974,364.68181567359716,0.024198269471526146,0.6280670166015625,0.1353750079870224,3.2156248092651367
975,365.08554668165743,0.02394290268421173,0.627685546875,0.13437500596046448,3.2250001430511475
976,365.40823472850025,0.020865272730588913,0.6273040771484375,0.14000000059604645,3.3999998569488525
977,365.741567526944,0.02612348645925522,0.626922607421875,0.13774999976158142,3.356250047683716
978,366.0892811054364,0.02163657359778881,0.6265411376953125,0.1354999989271164,3.281249761581421
979,366.44898627512157,0.022063858807086945,0.62615966796875,0.14099998772144318,3.2281248569488525
980,366.77882610075176,0.021625585854053497,0.6257781982421875,0.14125001430511475,3.418750047683716
981,367.1191734755412,0.02333829179406166,0.625396728515625,0.1317499876022339,3.2750000953674316
982,367.44847333058715,0.02168838493525982,0.6250152587890625,0.12849999964237213,3.0843749046325684
983,367.9805524414405,0.021423887461423874,0.6246337890625,0.13087499141693115,3.1354167461395264
984,368.3069405434653,0.022744430229067802,0.6242523193359375,0.1338750123977661,3.234375
985,368.6345200603828,0.02372043952345848,0.623870849609375,0.1379999965429306,3.262500047683716
986,368.9780818410218,0.021896716207265854,0.6234893798828125,0.132625013589859,3.221874952316284
987,369.3100041374564,0.02247130312025547,0.62310791015625,0.1275000125169754,3.065624952316284
988,369.6266807867214,0.02495693229138851,0.6227264404296875,0.13137498497962952,3.0875000953674316
989,369.94829896837473,0.021873049437999725,0.622344970703125,0.1340000033378601,3.2593750953674316
990,370.56286254990846,0.023408718407154083,0.6219635009765625,0.1288750022649765,3.153125047683716
991,370.99351332429796,0.025212695822119713,0.62158203125,0.13112500309944153,3.1343748569488525
992,371.3208384588361,0.026169802993535995,0.6212005615234375,0.13962501287460327,3.190624952316284
993,371.6524541769177,0.02326016128063202,0.620819091796875,0.1264999955892563,3.2624998092651367
994,371.977503484115,0.023481162264943123,0.6204376220703125,0.140874981880188,3.28125
995,372.340300234966,0.020483070984482765,0.62005615234375,0.1354999989271164,3.2291667461395264
996,372.6456687487662,0.02406916953623295,0.6196746826171875,0.13350000977516174,3.218749761581421
997,372.94966190773994,0.02217225730419159,0.619293212890625,0.13437500596046448,3.1500000953674316
998,373.2852054797113,0.022363191470503807,0.6189117431640625,0.1368750035762787,3.3812499046325684
999,373.62293981947005,0.02454858273267746,0.6185302734375,0.13362500071525574,3.1781249046325684
1000,373.93846866488457,0.025155337527394295,0.6181488037109375,0.13437500596046448,3.2156248092651367
1001,374.3210692340508,0.020615091547369957,0.617767333984375,0.13237500190734863,3.143749952316284
1002,374.69455526955426,0.024484675377607346,0.6173858642578125,0.12950000166893005,3.090625047683716
1003,375.01879638712853,0.02264970727264881,0.61700439453125,0.13125000894069672,3.2843751907348633
1004,375.3255608221516,0.023347709327936172,0.6166229248046875,0.13475000858306885,3.1687498092651367
1005,375.6791812526062,0.020328577607870102,0.616241455078125,0.13462500274181366,3.262500047683716
1006,376.01586019434035,0.024641096591949463,0.6158599853515625,0.13124999403953552,3.0500001907348633
1007,376.34951275773346,0.021926552057266235,0.615478515625,0.12812501192092896,3.147916555404663
1008,376.70646877307445,0.021000929176807404,0.6150970458984375,0.12775000929832458,3.075000047683716
1009,377.1678940411657,0.021738043054938316,0.614715576171875,0.13724999129772186,3.2593750953674316
1010,377.49127434846014,0.02268105186522007,0.6143341064453125,0.13612499833106995,3.3062498569488525
1011,377.8424950875342,0.024000704288482666,0.61395263671875,0.13825000822544098,3.3812499046325684
1012,378.1970472931862,0.023519424721598625,0.6135711669921875,0.14124999940395355,3.2875001430511475
1013,378.6009379606694,0.024170605465769768,0.613189697265625,0.1277499943971634,3.143749713897705
1014,379.0163849759847,0.023622630164027214,0.6128082275390625,0.1317499876022339,3.1843748092651367
1015,379.3509559566155,0.02215266413986683,0.6124267578125,0.14012499153614044,3.2249999046325684
1016,379.7284123888239,0.022595124319195747,0.6120452880859375,0.13650000095367432,3.2124998569488525
1017,380.07736042514443,0.02084907330572605,0.611663818359375,0.13050000369548798,3.3125
1018,380.41670942120254,0.02129967138171196,0.6112823486328125,0.13212500512599945,3.140625
1019,380.76053197402507,0.023188915103673935,0.61090087890625,0.1313750147819519,3.160416603088379
1020,381.110149118118,0.024791879579424858,0.6105194091796875,0.13887499272823334,3.3187499046325684
1021,381.6064539011568,0.021785918623209,0.610137939453125,0.1431250125169754,3.378124952316284
1022,381.9234260590747,0.025292033329606056,0.6097564697265625,0.12675000727176666,3.09375
1023,382.2492137439549,0.0225836131721735,0.609375,0.140500009059906,3.34375
1024,382.5926737403497,0.02333826757967472,0.6089935302734375,0.1368750035762787,3.3312501907348633
1025,382.92195535078645,0.0229817982763052,0.608612060546875,0.13350000977516174,3.2250001430511475
1026,383.2455973746255,0.020609941333532333,0.6082305908203125,0.13562500476837158,3.1937501430511475
1027,383.6026356946677,0.022076686844229698,0.60784912109375,0.13249999284744263,3.200000047683716
1028,384.0416690064594,0.02160593494772911,0.6074676513671875,0.13762500882148743,3.3218750953674316
1029,384.43789785169065,0.021320652216672897,0.607086181640625,0.13700000941753387,3.2687501907348633
1030,384.7775784470141,0.02396242320537567,0.6067047119140625,0.13450001180171967,3.096874713897705
1031,385.14065227191895,0.022724151611328125,0.6063232421875,0.12462499737739563,3.1770832538604736
1032,385.5133844297379,0.02265908382833004,0.6059417724609375,0.1393750011920929,3.3343751430511475
1033,385.842274338007,0.022765329107642174,0.605560302734375,0.14149999618530273,3.3343751430511475
1034,386.24747927486897,0.02310427650809288,0.6051788330078125,0.13262498378753662,3.3218750953674316
1035,386.5666374200955,0.023874755948781967,0.60479736328125,0.1354999989271164,3.246875286102295
1036,386.9776919297874,0.022163858637213707,0.6044158935546875,0.1391250044107437,3.268749952316284
1037,387.29668166767806,0.02075914479792118,0.604034423828125,0.14275000989437103,3.4031248092651367
1038,387.66299306135625,0.023827776312828064,0.6036529541015625,0.1394999921321869,3.359375
1039,388.49588643573225,0.021443814039230347,0.603271484375,0.13450001180171967,3.1968750953674316
1040,388.94124086294323,0.020942313596606255,0.6028900146484375,0.13337498903274536,3.2249999046325684
1041,389.381785585545,0.023955529555678368,0.602508544921875,0.13237501680850983,3.265625
1042,389.7123129926622,0.020451674237847328,0.6021270751953125,0.14025001227855682,3.359375
1043,390.09400450997055,0.02000606060028076,0.60174560546875,0.13075000047683716,3.1500003337860107
1044,390.444429602474,0.020047619938850403,0.6013641357421875,0.1432500034570694,3.4468750953674316
1045,390.77138863503933,0.019006753340363503,0.600982666015625,0.1392499953508377,3.3374998569488525
1046,391.09907133784145,0.02145877107977867,0.6006011962890625,0.13237498700618744,3.2156248092651367
1047,391.44506024196744,0.02600696310400963,0.6002197265625,0.1368750035762787,3.250000238418579
1048,391.7689832877368,0.02211947739124298,0.5998382568359375,0.13837499916553497,3.331249952316284
1049,392.1007429677993,0.0235147662460804,0.599456787109375,0.14174999296665192,3.375
1050,392.4719797661528,0.02436029724776745,0.5990753173828125,0.13512501120567322,3.293750047683716
1051,392.82990890275687,0.02040727064013481,0.59869384765625,0.13050000369548798,3.159374952316284
1052,393.14652470499277,0.022521760314702988,0.5983123779296875,0.1355000138282776,3.1156249046325684
1053,393.4737945254892,0.020597409456968307,0.597930908203125,0.1341250091791153,3.293750286102295
1054,393.81011208333075,0.024858098477125168,0.5975494384765625,0.13437499105930328,3.1468749046325684
1055,394.1206890270114,0.02542664110660553,0.59716796875,0.1368750035762787,3.3291664123535156
1056,394.4637547377497,0.0219933670014143,0.5967864990234375,0.13250000774860382,3.168750047683716
1057,394.82531475741416,0.02291548252105713,0.596405029296875,0.13325001299381256,3.190624713897705
1058,395.12944196071476,0.02410648949444294,0.5960235595703125,0.1315000057220459,3.137500047683716
1059,395.4324616473168,0.021709641441702843,0.59564208984375,0.13212499022483826,3.2093749046325684
1060,395.73386649787426,0.023785114288330078,0.5952606201171875,0.14012499153614044,3.3062500953674316
1061,396.0467108115554,0.022341303527355194,0.594879150390625,0.1237499937415123,3.0250000953674316
1062,396.462600113824,0.021350760012865067,0.5944976806640625,0.13849999010562897,3.2406249046325684
1063,396.79412819538265,0.023327641189098358,0.5941162109375,0.13600000739097595,3.203125
1064,397.2352198539302,0.02119702845811844,0.5937347412109375,0.14100000262260437,3.4468746185302734
1065,397.6178773296997,0.020529447123408318,0.593353271484375,0.13987500965595245,3.4187498092651367
1066,397.95268557034433,0.022716281935572624,0.5929718017578125,0.1393750160932541,3.2781248092651367
1067,398.2984350118786,0.021065574139356613,0.59259033203125,0.13612499833106995,3.3187501430511475
1068,398.6257705371827,0.022448772564530373,0.5922088623046875,0.13337498903274536,3.1374998092651367
1069,398.9724177774042,0.023797785863280296,0.591827392578125,0.15037500858306885,3.578125
1070,399.3024535747245,0.022948941215872765,0.5914459228515625,0.13375000655651093,3.2906248569488525
1071,399.621610048227,0.02053697779774666,0.591064453125,0.13487499952316284,3.2906250953674316
1072,399.93696979340166,0.01902412250638008,0.5906829833984375,0.13787499070167542,3.3968749046325684
1073,400.2404391821474,0.02262944169342518,0.590301513671875,0.14499999582767487,3.2437500953674316
1074,400.5547614628449,0.02254929579794407,0.5899200439453125,0.13324999809265137,3.331249713897705
1075,400.89036656171083,0.021775435656309128,0.58953857421875,0.13462500274181366,3.1781251430511475
1076,401.297835434787,0.02393205836415291,0.5891571044921875,0.13487499952316284,3.268749952316284
1077,401.6213900735602,0.022247880697250366,0.588775634765625,0.1391250044107437,3.3656249046325684
1078,401.9502127831802,0.023858681321144104,0.5883941650390625,0.14024999737739563,3.340625286102295
1079,402.31256774812937,0.023267799988389015,0.5880126953125,0.1316249966621399,3.2020833492279053
1080,402.64647671673447,0.01887393370270729,0.5876312255859375,0.13049998879432678,3.15625
1081,402.9707815935835,0.023331400007009506,0.587249755859375,0.13437500596046448,3.203125
1082,403.30834539141506,0.022077880799770355,0.5868682861328125,0.13899999856948853,3.284374952316284
1083,403.65451055951416,0.02132921852171421,0.58648681640625,0.1391250044107437,3.356250047683716
1084,403.9956995183602,0.02257527783513069,0.5861053466796875,0.1341250091791153,3.2093749046325684
1085,404.33154655620456,0.02184770442545414,0.585723876953125,0.13324998319149017,3.262500047683716
1086,404.64688517153263,0.019024090841412544,0.5853424072265625,0.13212500512599945,3.1500000953674316
1087,404.96459256112576,0.023011617362499237,0.5849609375,0.13637499511241913,3.3000001907348633
1088,405.30146266520023,0.020797714591026306,0.5845794677734375,0.13249999284744263,3.2125000953674316
1089,405.6269365455955,0.022303059697151184,0.584197998046875,0.1340000033378601,3.2281250953674316
1090,405.9875824050978,0.021817300468683243,0.5838165283203125,0.1380000114440918,3.171875238418579
1091,406.29502632748336,0.02193063497543335,0.58343505859375,0.13337500393390656,3.2562501430511475
1092,406.6255864063278,0.022280897945165634,0.5830535888671875,0.1316250115633011,3.1500000953674316
1093,406.97338910494,0.022136323153972626,0.582672119140625,0.13574999570846558,3.2375001907348633
1094,407.3202563514933,0.02262776717543602,0.5822906494140625,0.13512501120567322,3.234375
1095,407.64152474235743,0.02098674327135086,0.5819091796875,0.1313750147819519,3.1781251430511475
1096,407.9821052690968,0.01834266260266304,0.5815277099609375,0.13725000619888306,3.2718746662139893
1097,408.32998543418944,0.023345939815044403,0.581146240234375,0.12812499701976776,3.078125
1098,408.6779488073662,0.02032139152288437,0.5807647705078125,0.1431249976158142,3.3968751430511475
1099,409.01354933716357,0.022829512134194374,0.58038330078125,0.13175000250339508,3.296875
1100,409.31532152276486,0.021693946793675423,0.5800018310546875,0.13249999284744263,3.0656251907348633
1101,409.6546501601115,0.020694129168987274,0.579620361328125,0.1393750011920929,3.265624761581421
1102,410.0620860904455,0.021891839802265167,0.5792388916015625,0.13337500393390656,3.1812500953674316
1103,410.74771980103105,0.01987413689494133,0.578857421875,0.12912499904632568,3.237499952316284
1104,411.08421234972775,0.024804452434182167,0.5784759521484375,0.13850000500679016,3.3562498092651367
1105,411.3924578083679,0.021801766008138657,0.578094482421875,0.14275000989437103,3.4281249046325684
1106,411.69906960520893,0.021458812057971954,0.5777130126953125,0.1341250091791153,3.231250047683716
1107,412.02221383620054,0.019763685762882233,0.57733154296875,0.1367499977350235,3.278125047683716
1108,412.34000999387354,0.02262900397181511,0.5769500732421875,0.13337498903274536,3.21875
1109,412.6724631069228,0.022107329219579697,0.576568603515625,0.13975000381469727,3.3531250953674316
1110,413.0027673020959,0.021356308832764626,0.5761871337890625,0.13899999856948853,3.2437498569488525
1111,413.3015742134303,0.01912679150700569,0.5758056640625,0.12937502562999725,3.1343750953674316
1112,413.60121607687324,0.02259453758597374,0.5754241943359375,0.13512499630451202,3.2093751430511475
1113,413.920095034875,0.021671313792467117,0.575042724609375,0.14012499153614044,3.343750238418579
1114,414.26458058319986,0.022556766867637634,0.5746612548828125,0.13824999332427979,3.3343751430511475
1115,414.57380636781454,0.020223630592226982,0.57427978515625,0.1353750079870224,3.2875001430511475
1116,414.91984790284187,0.025037091225385666,0.5738983154296875,0.1341249942779541,3.1812498569488525
1117,415.2743995655328,0.020275531336665154,0.573516845703125,0.1368749886751175,3.3656249046325684
1118,415.60212886705995,0.02072814293205738,0.5731353759765625,0.132625013589859,3.0374999046325684
1119,415.9306735601276,0.02113104984164238,0.57275390625,0.12550000846385956,3.1343748569488525
1120,416.30860909912735,0.02123793214559555,0.5723724365234375,0.1327499896287918,3.25
1121,416.65559494961053,0.018857812508940697,0.571990966796875,0.13750000298023224,3.25
1122,416.96348962467164,0.020581921562552452,0.5716094970703125,0.14125001430511475,3.265625
1123,417.30937533453107,0.02229166217148304,0.57122802734375,0.12125001102685928,3.0718750953674316
1124,417.6677777580917,0.019277207553386688,0.5708465576171875,0.13987499475479126,3.3062498569488525
1125,417.99568744935095,0.02500363253057003,0.570465087890625,0.13350000977516174,3.203125
1126,418.394891558215,0.022178679704666138,0.5700836181640625,0.13450001180171967,3.1312499046325684
1127,418.7798301819712,0.020662102848291397,0.5697021484375,0.12974999845027924,3.1937496662139893
1128,419.10077411774546,0.023844610899686813,0.5693206787109375,0.13437500596046448,3.2124998569488525
1129,419.4095415743068,0.022134747356176376,0.568939208984375,0.13862499594688416,3.2437498569488525
1130,419.72304750047624,0.021758753806352615,0.5685577392578125,0.1314999908208847,3.265625238418579
1131,420.08749590907246,0.021990211680531502,0.56817626953125,0.13037501275539398,3.187499761581421
1132,420.5670755719766,0.021042900159955025,0.5677947998046875,0.13087499141693115,3.1218748092651367
1133,420.92173679266125,0.019775953143835068,0.567413330078125,0.13637501001358032,3.2124998569488525
1134,421.2702473104,0.023428035899996758,0.5670318603515625,0.14337500929832458,3.315624713897705
1135,421.5927570313215,0.0273082684725523,0.566650390625,0.1340000033378601,3.390624761581421
1136,421.9191252756864,0.021159065887331963,0.5662689208984375,0.13199998438358307,3.1812503337860107
1137,422.2491550911218,0.019554931670427322,0.565887451171875,0.13212499022483826,3.140625
1138,422.76871273014694,0.02202320471405983,0.5655059814453125,0.13850001990795135,3.2062501907348633
1139,423.0836211228743,0.02140980213880539,0.56512451171875,0.13075000047683716,3.2291667461395264
1140,423.3882139772177,0.020449593663215637,0.5647430419921875,0.1341250091791153,3.1968748569488525
1141,423.70309706032276,0.02316100150346756,0.564361572265625,0.13449998199939728,3.2437500953674316
1142,424.03009451553226,0.020725423470139503,0.5639801025390625,0.13375000655651093,3.1968748569488525
1143,424.50969419721514,0.02050579898059368,0.5635986328125,0.14137500524520874,3.3718748092651367
1144,424.85035215038806,0.02023518644273281,0.5632171630859375,0.13125000894069672,3.2312498092651367
1145,425.1765755908564,0.020272575318813324,0.562835693359375,0.14512500166893005,3.3781251907348633
1146,425.63006111141294,0.02183317020535469,0.5624542236328125,0.13362501561641693,3.2906250953674316
1147,425.99466897081584,0.020634446293115616,0.56207275390625,0.13975000381469727,3.253124713897705
1148,426.8499160176143,0.020727936178445816,0.5616912841796875,0.1341250091791153,3.2750000953674316
1149,427.1988644981757,0.021548571065068245,0.561309814453125,0.1391250044107437,3.3656249046325684
1150,427.5612232098356,0.02125343307852745,0.5609283447265625,0.1352500021457672,3.21875
1151,427.90257167443633,0.022605877369642258,0.560546875,0.1446249932050705,3.429166793823242
1152,428.39665048290044,0.020845528692007065,0.5601654052734375,0.13650000095367432,3.2593748569488525
1153,428.754476364702,0.0211072638630867,0.559783935546875,0.13387499749660492,3.2093749046325684
1154,429.0731222387403,0.021216794848442078,0.5594024658203125,0.1368750035762787,3.253124713897705
1155,429.4110672203824,0.021963780745863914,0.55902099609375,0.13112498819828033,3.1781249046325684
1156,429.7306154323742,0.022175326943397522,0.5586395263671875,0.13375000655651093,3.3218750953674316
1157,430.0798716144636,0.02142302319407463,0.558258056640625,0.13562500476837158,3.112499952316284
1158,430.3894383935258,0.022267591208219528,0.5578765869140625,0.1316250115633011,3.3062496185302734
1159,430.7430192520842,0.020332474261522293,0.5574951171875,0.13325001299381256,3.0187501907348633
1160,431.09665044397116,0.02311546541750431,0.5571136474609375,0.14137500524520874,3.471874952316284
1161,431.4810649929568,0.021297771483659744,0.556732177734375,0.1393750011920929,3.237499952316284
1162,431.9578034495935,0.02258487045764923,0.5563507080078125,0.14087499678134918,3.3687500953674316
1163,432.30451535619795,0.021013466641306877,0.55596923828125,0.13625000417232513,3.3500001430511475
1164,432.6366503816098,0.020634818822145462,0.5555877685546875,0.14137500524520874,3.3531250953674316
1165,432.9702430870384,0.022877659648656845,0.555206298828125,0.13887500762939453,3.3031249046325684
1166,433.3046966912225,0.02165442332625389,0.5548248291015625,0.13325001299381256,3.246875047683716
1167,433.6186582380906,0.022883981466293335,0.554443359375,0.13112498819828033,3.1624999046325684
1168,433.93699620850384,0.021596964448690414,0.5540618896484375,0.132750004529953,3.2281248569488525
1169,434.2571370527148,0.023950153961777687,0.553680419921875,0.13712500035762787,3.1968750953674316
1170,434.5827719150111,0.02089594677090645,0.5532989501953125,0.1367499977350235,3.2281248569488525
1171,434.92260325793177,0.021495947614312172,0.55291748046875,0.1342499852180481,3.378124952316284
1172,435.2279990715906,0.021565116941928864,0.5525360107421875,0.1368749886751175,3.1812498569488525
1173,435.54876207280904,0.021210920065641403,0.552154541015625,0.13962499797344208,3.28125
1174,435.8640548400581,0.01851099357008934,0.5517730712890625,0.13975000381469727,3.421874761581421
1175,436.21246943995357,0.023205958306789398,0.5513916015625,0.13524998724460602,3.2958333492279053
1176,436.5251421369612,0.02082362398505211,0.5510101318359375,0.13612501323223114,3.25
1177,436.8274002317339,0.01882612332701683,0.550628662109375,0.12975001335144043,3.215625286102295
1178,437.12951975595206,0.02265910431742668,0.5502471923828125,0.1352500021457672,3.121875047683716
1179,437.43086656555533,0.0228646919131279,0.54986572265625,0.13450001180171967,3.1468749046325684
1180,437.7350693019107,0.021003618836402893,0.5494842529296875,0.13087500631809235,3.3031246662139893
1181,438.03918234910816,0.021347487345337868,0.549102783203125,0.14649999141693115,3.356250286102295
1182,438.3855574373156,0.02131354808807373,0.5487213134765625,0.14112500846385956,3.440624713897705
1183,438.7389736324549,0.02083451859652996,0.54833984375,0.13474999368190765,3.362499952316284
1184,439.0970712611452,0.020642107352614403,0.5479583740234375,0.13587500154972076,3.1625001430511475
1185,439.42925343476236,0.02044641599059105,0.547576904296875,0.1392499953508377,3.328125
1186,439.7635545404628,0.020973065868020058,0.5471954345703125,0.140500009059906,3.346874952316284
1187,440.0824543759227,0.01987154595553875,0.54681396484375,0.1379999965429306,3.352083444595337
1188,440.43369202688336,0.02178710512816906,0.5464324951171875,0.140500009059906,3.3343749046325684
1189,440.7878644345328,0.019918374717235565,0.546051025390625,0.13774999976158142,3.315624952316284
1190,441.128714886494,0.01795346662402153,0.5456695556640625,0.13462500274181366,3.1625001430511475
1191,441.4866657461971,0.02073715440928936,0.5452880859375,0.12725001573562622,3.221874952316284
1192,441.80374469421804,0.022209158167243004,0.5449066162109375,0.1420000046491623,3.3031249046325684
1193,442.1110756210983,0.021623708307743073,0.544525146484375,0.1341249942779541,3.299999952316284
1194,442.4254694059491,0.022881759330630302,0.5441436767578125,0.14250001311302185,3.249999761581421
1195,442.7411368917674,0.021021481603384018,0.54376220703125,0.14300000667572021,3.5062496662139893
1196,443.062916578725,0.01968783512711525,0.5433807373046875,0.12412499636411667,3.1875
1197,443.3829306811094,0.01949824020266533,0.542999267578125,0.1354999989271164,3.1031248569488525
1198,443.70698373019695,0.0203261636197567,0.5426177978515625,0.1457500010728836,3.403125286102295
1199,444.0682641211897,0.020962484180927277,0.542236328125,0.1445000022649765,3.46875
1200,444.3877048594877,0.01921389065682888,0.5418548583984375,0.13362500071525574,3.1625001430511475
1201,444.8844159087166,0.020503513514995575,0.541473388671875,0.13499999046325684,3.265625
1202,445.23856354970485,0.023415308445692062,0.5410919189453125,0.13737499713897705,3.3374998569488525
1203,445.5679024429992,0.021340815350413322,0.54071044921875,0.14362500607967377,3.3531250953674316
1204,446.01544662192464,0.023864129558205605,0.5403289794921875,0.14374999701976776,3.4781250953674316
1205,446.42627188004553,0.021616164594888687,0.539947509765625,0.1378750056028366,3.3531250953674316
1206,446.7482223585248,0.022345997393131256,0.5395660400390625,0.140625,3.265625
1207,447.10194246005267,0.02351059950888157,0.5391845703125,0.14100000262260437,3.487499952316284
1208,447.4412637669593,0.01975424215197563,0.5388031005859375,0.1393750160932541,3.2750000953674316
1209,447.762636853382,0.020349610596895218,0.538421630859375,0.13874998688697815,3.390625
1210,448.0756282946095,0.021840814501047134,0.5380401611328125,0.13375000655651093,3.3249998092651367
1211,448.4220110978931,0.024563856422901154,0.53765869140625,0.13699999451637268,3.2333333492279053
1212,448.74480675533414,0.020466001704335213,0.5372772216796875,0.14025001227855682,3.3718748092651367
1213,449.1009550727904,0.021927539259195328,0.536895751953125,0.13650000095367432,3.3375000953674316
1214,449.40217052586377,0.019587889313697815,0.5365142822265625,0.13700000941753387,3.200000047683716
1215,449.7228232268244,0.023686427623033524,0.5361328125,0.13824999332427979,3.3687500953674316
1216,450.0857616662979,0.021033277735114098,0.5357513427734375,0.1353750079870224,3.346874713897705
1217,450.4032122679055,0.020586004480719566,0.535369873046875,0.14024999737739563,3.200000286102295
1218,450.74200893193483,0.02309434674680233,0.5349884033203125,0.14000000059604645,3.2906248569488525
1219,451.0453030290082,0.021301360800862312,0.53460693359375,0.1378750056028366,3.3500001430511475
1220,451.3892239527777,0.022189531475305557,0.5342254638671875,0.13312500715255737,3.2593748569488525
1221,451.6961702713743,0.02383909374475479,0.533843994140625,0.1421249955892563,3.3187499046325684
1222,452.0260604387149,0.02129022590816021,0.5334625244140625,0.14212501049041748,3.4906249046325684
1223,452.4558017095551,0.01842508278787136,0.5330810546875,0.13437500596046448,3.2645833492279053
1224,452.7915910128504,0.02178182080388069,0.5326995849609375,0.13737499713897705,3.3125
1225,453.0975776249543,0.019208764657378197,0.532318115234375,0.1522500067949295,3.562499761581421
1226,453.4021339211613,0.021633295342326164,0.5319366455078125,0.13212499022483826,3.253124952316284
1227,453.707064434886,0.020560409873723984,0.53155517578125,0.13774998486042023,3.25
1228,454.0102408975363,0.021346423774957657,0.5311737060546875,0.1381249874830246,3.4187498092651367
1229,454.3450762135908,0.018582474440336227,0.530792236328125,0.15037500858306885,3.481250047683716
1230,454.68912270478904,0.022074580192565918,0.5304107666015625,0.13612499833106995,3.3156251907348633
1231,455.60383876413107,0.02498239278793335,0.530029296875,0.13762499392032623,3.2624998092651367
1232,455.9351430963725,0.021094152703881264,0.5296478271484375,0.13500002026557922,3.390624761581421
1233,456.2590721901506,0.02028895542025566,0.529266357421875,0.1327500194311142,3.1937499046325684
1234,456.6619365103543,0.022076526656746864,0.5288848876953125,0.14425000548362732,3.3156251907348633
1235,457.7093930160627,0.021006563678383827,0.52850341796875,0.1394999921321869,3.383333206176758
1236,458.13738534692675,0.0208100788295269,0.5281219482421875,0.13562500476837158,3.2249999046325684
1237,458.60392382834107,0.02302202582359314,0.527740478515625,0.13975000381469727,3.3781251907348633
1238,458.93397881649435,0.017865002155303955,0.5273590087890625,0.13824999332427979,3.3656251430511475
1239,459.24090278334916,0.020789120346307755,0.5269775390625,0.13762500882148743,3.2624995708465576
1240,459.54771613143384,0.021326204761862755,0.5265960693359375,0.13212499022483826,3.174999952316284
1241,459.87460421584547,0.021581239998340607,0.526214599609375,0.13712500035762787,3.3093748092651367
1242,460.2284982856363,0.021058540791273117,0.5258331298828125,0.13337500393390656,3.262500047683716
1243,460.5809401879087,0.020880278199911118,0.52545166015625,0.14287500083446503,3.3249998092651367
1244,460.891343309544,0.019827088341116905,0.5250701904296875,0.13362500071525574,3.262500047683716
1245,461.26680860016495,0.021776845678687096,0.524688720703125,0.1367500126361847,3.2749998569488525
1246,461.6009233929217,0.02187306620180607,0.5243072509765625,0.14350000023841858,3.4187498092651367
1247,461.9283836595714,0.024276666343212128,0.52392578125,0.13737499713897705,3.293750047683716
1248,462.27865888085216,0.02030700445175171,0.5235443115234375,0.13212500512599945,3.21875
1249,462.60324152186513,0.020875846967101097,0.523162841796875,0.13825000822544098,3.1812498569488525
1250,462.92993424553424,0.02084166929125786,0.5227813720703125,0.13500000536441803,3.3062498569488525
1251,463.2771703246981,0.02146039716899395,0.52239990234375,0.1352500170469284,3.28125
1252,463.60981026571244,0.020416971296072006,0.5220184326171875,0.1457500010728836,3.5218749046325684
1253,463.9904601983726,0.020982837304472923,0.521636962890625,0.13862499594688416,3.312500238418579
1254,464.3131943810731,0.021004030480980873,0.5212554931640625,0.1417500078678131,3.296875238418579
1255,464.6451558675617,0.020572897046804428,0.5208740234375,0.13099999725818634,3.3812501430511475
1256,464.991033074446,0.021399108693003654,0.5204925537109375,0.14262500405311584,3.293750047683716
1257,465.36412908975035,0.020109493285417557,0.520111083984375,0.1417500078678131,3.325000047683716
1258,465.69042007345706,0.02178901620209217,0.5197296142578125,0.1393750011920929,3.3343749046325684
1259,466.01448709890246,0.022529836744070053,0.51934814453125,0.14025001227855682,3.393749952316284
1260,466.37168067507446,0.022351142019033432,0.5189666748046875,0.13075000047683716,3.1125001907348633
1261,466.696742602624,0.02405402995646,0.518585205078125,0.13474999368190765,3.21875
1262,467.0357611766085,0.021846437826752663,0.5182037353515625,0.13324999809265137,3.1906251907348633
1263,467.33777914755046,0.020895875990390778,0.517822265625,0.13187499344348907,3.1656250953674316
1264,467.64057126361877,0.021377822384238243,0.5174407958984375,0.14249999821186066,3.409374952316284
1265,467.94399668835104,0.019167711958289146,0.517059326171875,0.1340000033378601,3.2874999046325684
1266,468.27584382891655,0.021595753729343414,0.5166778564453125,0.14387500286102295,3.3500001430511475
1267,468.5960306301713,0.02290414273738861,0.51629638671875,0.13062500953674316,3.234375
1268,468.9300980931148,0.02022363245487213,0.5159149169921875,0.14174999296665192,3.328125
1269,469.3526299800724,0.021863555535674095,0.515533447265625,0.14524999260902405,3.515624761581421
1270,469.6943330746144,0.020572680979967117,0.5151519775390625,0.132999986410141,3.2593750953674316
1271,470.0761984186247,0.022402774542570114,0.5147705078125,0.14212501049041748,3.347916603088379
1272,470.38787620235234,0.023412782698869705,0.5143890380859375,0.14087501168251038,3.346874952316284
1273,470.7028295081109,0.018591443076729774,0.514007568359375,0.132625013589859,3.2281248569488525
1274,471.0251714978367,0.021771932020783424,0.5136260986328125,0.14750000834465027,3.4906253814697266
1275,471.36210889276117,0.023307787254452705,0.51324462890625,0.13875000178813934,3.2906250953674316
1276,471.71919491514564,0.020935889333486557,0.5128631591796875,0.14412499964237213,3.496875047683716
1277,472.033357873559,0.02119268849492073,0.512481689453125,0.14225000143051147,3.4562501907348633
1278,472.40831874869764,0.020336942747235298,0.5121002197265625,0.14024999737739563,3.3781251907348633
1279,472.7537566134706,0.020804455503821373,0.51171875,0.1367499977350235,3.346874952316284
1280,473.25595010165125,0.01987430825829506,0.5113372802734375,0.14800000190734863,3.5093750953674316
1281,473.57705208286643,0.02294211834669113,0.510955810546875,0.15137499570846558,3.5500001907348633
1282,473.9012749539688,0.020539212971925735,0.5105743408203125,0.13462500274181366,3.34375
1283,474.2214906485751,0.02128298394382,0.51019287109375,0.13449999690055847,3.2354166507720947
1284,474.5376369105652,0.018824301660060883,0.5098114013671875,0.1381250023841858,3.3343749046325684
1285,474.8542449064553,0.02161390706896782,0.509429931640625,0.14125001430511475,3.387500047683716
1286,475.1824797093868,0.020365245640277863,0.5090484619140625,0.14087499678134918,3.356250047683716
1287,475.4979062518105,0.02248227596282959,0.5086669921875,0.13212499022483826,3.221874952316284
1288,475.81381923146546,0.020025378093123436,0.5082855224609375,0.14112499356269836,3.265624761581421
1289,476.1302927834913,0.020684801042079926,0.507904052734375,0.13475000858306885,3.3375000953674316
1290,476.4465596238151,0.019933052361011505,0.5075225830078125,0.13837501406669617,3.331249713897705
1291,476.77395823504776,0.02159973420202732,0.50714111328125,0.14012499153614044,3.3062498569488525
1292,477.09841122012585,0.023673096671700478,0.5067596435546875,0.1352500021457672,3.3000001907348633
1293,477.4536367217079,0.022129887714982033,0.506378173828125,0.1352500021457672,3.2406253814697266
1294,477.77237159293145,0.022084081545472145,0.5059967041015625,0.13762500882148743,3.3093748092651367
1295,478.08907049149275,0.02254336327314377,0.505615234375,0.1420000046491623,3.3541667461395264
1296,478.48928509652615,0.02111796848475933,0.5052337646484375,0.13450001180171967,3.2406251430511475
1297,478.81127974856645,0.01839519664645195,0.504852294921875,0.13912498950958252,3.309375047683716
1298,479.1226454116404,0.022614220157265663,0.5044708251953125,0.14662499725818634,3.450000047683716
1299,479.51976815611124,0.02309863083064556,0.50408935546875,0.14012500643730164,3.4781250953674316
1300,479.8544261660427,0.022068995982408524,0.5037078857421875,0.14137500524520874,3.362499952316284
1301,480.17459247633815,0.021295785903930664,0.503326416015625,0.13962499797344208,3.3531246185302734
1302,480.5723252147436,0.021261785179376602,0.5029449462890625,0.1394999921321869,3.331249713897705
1303,480.8788434639573,0.02055579610168934,0.5025634765625,0.14237499237060547,3.331249952316284
1304,481.2699832804501,0.01905376836657524,0.5021820068359375,0.14425000548362732,3.5562498569488525
1305,481.60133448336273,0.020448606461286545,0.501800537109375,0.1417500078678131,3.3968751430511475
1306,481.92763843294233,0.022221582010388374,0.5014190673828125,0.14425000548362732,3.3656253814697266
1307,482.2940444946289,0.01993776485323906,0.50103759765625,0.13487499952316284,3.3562498092651367
1308,482.61070990003645,0.022276360541582108,0.5006561279296875,0.14524999260902405,3.5406250953674316
1309,482.94769083801657,0.020321469753980637,0.500274658203125,0.14549998939037323,3.3718748092651367
1310,483.2576878508553,0.021024545654654503,0.4998931884765625,0.13862499594688416,3.3406248092651367
1311,483.566830618307,0.02090032957494259,0.49951171875,0.1391250193119049,3.4437499046325684
1312,483.87403710000217,0.021537963300943375,0.4991302490234375,0.14037500321865082,3.3125
1313,484.1780845420435,0.022607773542404175,0.498748779296875,0.14412499964237213,3.4750001430511475
1314,484.50406045001,0.01906828209757805,0.4983673095703125,0.13650000095367432,3.3187499046325684
1315,484.8722777403891,0.02253027819097042,0.49798583984375,0.14237500727176666,3.4749999046325684
1316,485.22077316232026,0.01945630833506584,0.4976043701171875,0.1381250023841858,3.215625047683716
1317,485.6003464590758,0.020223096013069153,0.497222900390625,0.1457500010728836,3.4437499046325684
1318,485.94208838790655,0.020987683907151222,0.4968414306640625,0.14100000262260437,3.437499761581421
1319,487.2108093360439,0.021344991400837898,0.4964599609375,0.1366250067949295,3.3062503337860107
1320,487.7040720190853,0.02132776565849781,0.4960784912109375,0.13700000941753387,3.3000004291534424
1321,488.03496719896793,0.021040406078100204,0.495697021484375,0.13987499475479126,3.3000001907348633
1322,488.4370941231027,0.021647043526172638,0.4953155517578125,0.13774999976158142,3.4000000953674316
1323,488.77974723652005,0.02226254530251026,0.49493408203125,0.13724999129772186,3.253124952316284
1324,489.1253263587132,0.019313620403409004,0.4945526123046875,0.13437500596046448,3.2750000953674316
1325,489.4920974923298,0.020820870995521545,0.494171142578125,0.14237500727176666,3.28125
1326,489.83353344351053,0.022323351353406906,0.4937896728515625,0.13762500882148743,3.340625047683716
1327,490.1682322071865,0.019183307886123657,0.493408203125,0.14412499964237213,3.3187499046325684
1328,490.50915100891143,0.02009378746151924,0.4930267333984375,0.14037498831748962,3.5
1329,490.8396069323644,0.021738169714808464,0.492645263671875,0.13650000095367432,3.268749952316284
1330,491.2226842418313,0.025539761409163475,0.4922637939453125,0.14499999582767487,3.4781250953674316
1331,491.7168177673593,0.023030158132314682,0.49188232421875,0.13612499833106995,3.3291666507720947
1332,492.1221321634948,0.01871030032634735,0.4915008544921875,0.14087499678134918,3.4468750953674316
1333,492.4557785894722,0.019772332161664963,0.491119384765625,0.1497499942779541,3.3687500953674316
1334,492.7978835804388,0.02217370644211769,0.4907379150390625,0.1313750147819519,3.2718751430511475
1335,493.1404093755409,0.02189922332763672,0.4903564453125,0.13762499392032623,3.3499999046325684
1336,493.5511914920062,0.022539496421813965,0.4899749755859375,0.13824999332427979,3.2312498092651367
1337,493.89992184657604,0.021820243448019028,0.489593505859375,0.1392499953508377,3.4625000953674316
1338,494.3132907040417,0.019560804590582848,0.4892120361328125,0.1354999989271164,3.2562499046325684
1339,494.6346664717421,0.022765496745705605,0.48883056640625,0.14150001108646393,3.299999713897705
1340,494.9785826411098,0.020760472863912582,0.4884490966796875,0.12849999964237213,3.2562499046325684
1341,495.3005545930937,0.021730810403823853,0.488067626953125,0.13975000381469727,3.378124952316284
1342,495.651602871716,0.021224545314908028,0.4876861572265625,0.13987499475479126,3.093749761581421
1343,495.9705715663731,0.022679496556520462,0.4873046875,0.13962501287460327,3.4208333492279053
1344,496.29187757335603,0.02261463925242424,0.4869232177734375,0.13587500154972076,3.25
1345,496.6191044235602,0.02080049365758896,0.486541748046875,0.14387500286102295,3.406250238418579
1346,496.9459399571642,0.01942569762468338,0.4861602783203125,0.1404999941587448,3.3718748092651367
1347,497.2925011664629,0.01875881478190422,0.48577880859375,0.1312500238418579,3.2562499046325684
1348,497.60839130263776,0.01883489266037941,0.4853973388671875,0.14000001549720764,3.2843751907348633
1349,497.92339301947504,0.02204730175435543,0.485015869140625,0.13875000178813934,3.34375
1350,498.2716449322179,0.020883597433567047,0.4846343994140625,0.14174999296665192,3.393749952316284
1351,498.59299420937896,0.020446760579943657,0.4842529296875,0.1419999897480011,3.4468748569488525
1352,498.9189879419282,0.020523225888609886,0.4838714599609375,0.14362499117851257,3.3968753814697266
1353,499.2654864853248,0.020578328520059586,0.483489990234375,0.14762501418590546,3.409374952316284
1354,500.05382169317454,0.022986682131886482,0.4831085205078125,0.13837499916553497,3.4718751907348633
1355,500.40763889905065,0.022596515715122223,0.48272705078125,0.13962501287460327,3.366666555404663
1356,500.72700228821486,0.021692823618650436,0.4823455810546875,0.13050000369548798,3.125
1357,501.1111869867891,0.02106359601020813,0.481964111328125,0.13875001668930054,3.387500047683716
1358,501.5070057120174,0.022320615127682686,0.4815826416015625,0.13962499797344208,3.249999761581421
1359,501.9103804267943,0.019756656140089035,0.481201171875,0.1381250023841858,3.309375047683716
1360,502.38970874156803,0.02044866979122162,0.4808197021484375,0.13975000381469727,3.440624952316284
1361,502.7014708360657,0.022579122334718704,0.480438232421875,0.14499999582767487,3.3500001430511475
1362,503.0382245760411,0.02093791402876377,0.4800567626953125,0.14025001227855682,3.465625286102295
1363,503.3765926938504,0.02101454697549343,0.47967529296875,0.14100001752376556,3.4375
1364,503.6809484688565,0.0196967925876379,0.4792938232421875,0.14300000667572021,3.268749713897705
1365,504.01887025497854,0.021693093702197075,0.478912353515625,0.14112500846385956,3.4312498569488525
1366,504.3297703322023,0.020228352397680283,0.4785308837890625,0.1327499896287918,3.375000238418579
1367,504.63803267944604,0.020688364282250404,0.4781494140625,0.13575001060962677,3.1999998092651367
1368,504.94646739400923,0.019582245498895645,0.4777679443359375,0.14149999618530273,3.387500286102295
1369,505.2614507675171,0.019696414470672607,0.477386474609375,0.14262498915195465,3.3687503337860107
1370,505.8297634841874,0.02104305848479271,0.4770050048828125,0.1367499977350235,3.315624713897705
1371,506.1637546410784,0.021183935925364494,0.47662353515625,0.1353750079870224,3.296874761581421
1372,506.49552571680397,0.02113611251115799,0.4762420654296875,0.14100000262260437,3.340625286102295
1373,506.8166414843872,0.019399646669626236,0.475860595703125,0.14300000667572021,3.4281251430511475
1374,507.1445238031447,0.022305889055132866,0.4754791259765625,0.14249999821186066,3.3031249046325684
1375,507.47212046105415,0.021177347749471664,0.47509765625,0.14225000143051147,3.4968748092651367
1376,507.7734208703041,0.019506696611642838,0.4747161865234375,0.13875000178813934,3.4375
1377,508.0783803453669,0.022323904559016228,0.474334716796875,0.14024999737739563,3.3656249046325684
1378,508.380885688588,0.01969277299940586,0.4739532470703125,0.140874981880188,3.2437500953674316
1379,508.6865449845791,0.022526588290929794,0.47357177734375,0.13862499594688416,3.402083158493042
1380,508.98716876655817,0.018824266269803047,0.4731903076171875,0.12524999678134918,3.018749952316284
1381,509.292508950457,0.021918106824159622,0.472808837890625,0.14100000262260437,3.2874999046325684
1382,509.6302712755278,0.020340772345662117,0.4724273681640625,0.13637499511241913,3.328125
1383,509.9796839673072,0.020891748368740082,0.4720458984375,0.14474999904632568,3.3812501430511475
1384,510.34060976840556,0.01678958348929882,0.4716644287109375,0.13750000298023224,3.375
1385,510.65484472643584,0.020691044628620148,0.471282958984375,0.14275000989437103,3.3499999046325684
1386,511.03121584188193,0.01978428103029728,0.4709014892578125,0.13450001180171967,3.40625
1387,511.3545721741393,0.020909300073981285,0.47052001953125,0.1497500091791153,3.40625
1388,511.6700979238376,0.02011420764029026,0.4701385498046875,0.14600001275539398,3.5718750953674316
1389,512.2013397896662,0.021715231239795685,0.469757080078125,0.1458750069141388,3.559375047683716
1390,512.5251742973924,0.02274344116449356,0.4693756103515625,0.1379999965429306,3.265625
1391,512.8847763435915,0.01947394199669361,0.468994140625,0.14487498998641968,3.477083444595337
1392,513.2666078433394,0.02165159210562706,0.4686126708984375,0.13862499594688416,3.3249998092651367
1393,513.779145007953,0.021464936435222626,0.468231201171875,0.15012499690055847,3.5500001907348633
1394,514.1544234948233,0.018684910610318184,0.4678497314453125,0.1443750113248825,3.4281253814697266
1395,514.5006152279675,0.021796057000756264,0.46746826171875,0.1378750056028366,3.4375
1396,514.8290256559849,0.021212391555309296,0.4670867919921875,0.1469999998807907,3.543750047683716
1397,515.1790287224576,0.019822580739855766,0.466705322265625,0.14425000548362732,3.378124952316284
1398,515.5111660948023,0.02191575989127159,0.4663238525390625,0.1381250023841858,3.312499761581421
1399,515.8282882375643,0.02111141011118889,0.4659423828125,0.14274999499320984,3.4499998092651367
1400,516.145288429223,0.021298229694366455,0.4655609130859375,0.13637499511241913,3.346874952316284
1401,516.4723780266941,0.019772225990891457,0.465179443359375,0.13475000858306885,3.249999761581421
1402,516.7900184486061,0.01922743022441864,0.4647979736328125,0.14775000512599945,3.390625
1403,517.1106191147119,0.019772790372371674,0.46441650390625,0.1352500021457672,3.3458330631256104
1404,517.4407323757187,0.021151822060346603,0.4640350341796875,0.13824999332427979,3.2937498092651367
1405,517.8035522019491,0.020191960036754608,0.463653564453125,0.13987500965595245,3.3500001430511475
1406,518.1399955851957,0.019063841551542282,0.4632720947265625,0.14275000989437103,3.3656251430511475
1407,518.5808706302196,0.019830068573355675,0.462890625,0.1381250023841858,3.3374998569488525
1408,518.9411909254268,0.020548412576317787,0.4625091552734375,0.13962501287460327,3.371875047683716
1409,519.2575714839622,0.02329736202955246,0.462127685546875,0.13774998486042023,3.281250238418579
1410,519.6641810024157,0.020432179793715477,0.4617462158203125,0.14637500047683716,3.4718751907348633
1411,520.059820077382,0.019874438643455505,0.46136474609375,0.13862499594688416,3.4468748569488525
1412,520.4399120360613,0.020140105858445168,0.4609832763671875,0.14875000715255737,3.515625
1413,520.7749281860888,0.02017940953373909,0.460601806640625,0.1456250101327896,3.503124952316284
1414,521.0799432741478,0.02038073167204857,0.4602203369140625,0.14124999940395355,3.4156250953674316
1415,521.4061361541972,0.019369471818208694,0.4598388671875,0.13337500393390656,3.2708332538604736
1416,521.753897678107,0.019423451274633408,0.4594573974609375,0.13712500035762787,3.28125
1417,522.0874281078577,0.021720606833696365,0.459075927734375,0.14762501418590546,3.496875286102295
1418,522.4146928265691,0.024043763056397438,0.4586944580078125,0.1394999921321869,3.390625238418579
1419,522.7312026293948,0.02241930551826954,0.45831298828125,0.1366250067949295,3.268749952316284
1420,523.0514348773286,0.021667515859007835,0.4579315185546875,0.13087499141693115,3.237499952316284
1421,523.4108151048422,0.020616818219423294,0.457550048828125,0.14887501299381256,3.4468748569488525
1422,523.7138024130836,0.021028216928243637,0.4571685791015625,0.14787501096725464,3.578124761581421
1423,524.0189327765256,0.019966524094343185,0.456787109375,0.1417500078678131,3.453125
1424,524.3242238555104,0.02056991495192051,0.4564056396484375,0.14687499403953552,3.378124713897705
1425,524.6283820103854,0.02258269675076008,0.456024169921875,0.14012500643730164,3.5250000953674316
1426,524.9353962307796,0.021161383017897606,0.4556427001953125,0.14650002121925354,3.362499713897705
1427,525.2409952431917,0.021511634811758995,0.45526123046875,0.14137500524520874,3.472916603088379
1428,525.552312056534,0.019583923742175102,0.4548797607421875,0.14300000667572021,3.465625047683716
1429,525.9309511445463,0.02255108393728733,0.454498291015625,0.14424999058246613,3.4812498092651367
1430,526.2424876149744,0.021213850006461143,0.4541168212890625,0.14362500607967377,3.375000238418579
1431,526.5514850597829,0.023846495896577835,0.4537353515625,0.14237499237060547,3.3968749046325684
1432,527.047246741131,0.021620526909828186,0.4533538818359375,0.14000000059604645,3.453125
1433,527.3471920713782,0.019215231761336327,0.452972412109375,0.1420000046491623,3.246875047683716
1434,527.6723774541169,0.018790531903505325,0.4525909423828125,0.12837499380111694,3.1312496662139893
1435,527.9733684845269,0.019344870001077652,0.45220947265625,0.13612499833106995,3.378124952316284
1436,528.3014770904556,0.020716894418001175,0.4518280029296875,0.125,3.0531251430511475
1437,528.615739771165,0.02108832076191902,0.451446533203125,0.1313749998807907,3.121875047683716
1438,528.9445684608072,0.020654693245887756,0.4510650634765625,0.14337500929832458,3.184375047683716
1439,529.2757351044565,0.022023027762770653,0.45068359375,0.14362500607967377,3.527083396911621
1440,529.5884022656828,0.020067069679498672,0.4503021240234375,0.14137500524520874,3.4156250953674316
1441,530.0570561280474,0.020524466410279274,0.449920654296875,0.13425001502037048,3.174999952316284
1442,530.3812161618844,0.020067984238266945,0.4495391845703125,0.1483749896287918,3.59375
1443,530.6975329099223,0.022249910980463028,0.44915771484375,0.14287498593330383,3.387500286102295
1444,530.9985672505572,0.019363688305020332,0.4487762451171875,0.14000000059604645,3.4625000953674316
1445,531.3140226183459,0.019635068252682686,0.448394775390625,0.14524999260902405,3.468749761581421
1446,531.6542735481635,0.019755922257900238,0.4480133056640625,0.14912500977516174,3.4093751907348633
1447,531.9578578453511,0.02111268974840641,0.4476318359375,0.14149999618530273,3.4781250953674316
1448,532.2734755109996,0.018746959045529366,0.4472503662109375,0.14012499153614044,3.375
1449,532.6201377436519,0.019053593277931213,0.446868896484375,0.140500009059906,3.309375047683716
1450,532.9350477186963,0.02070271410048008,0.4464874267578125,0.13612499833106995,3.3500001430511475
1451,533.2665111254901,0.020843693986535072,0.44610595703125,0.13462500274181366,3.285416603088379
1452,533.6174534810707,0.01954546943306923,0.4457244873046875,0.14037500321865082,3.371875047683716
1453,533.9680250640959,0.019664889201521873,0.445343017578125,0.1444999873638153,3.40625
1454,534.275872932747,0.021538887172937393,0.4449615478515625,0.1457500010728836,3.5406248569488525
1455,534.5902922991663,0.021946726366877556,0.444580078125,0.14400000870227814,3.362499713897705
1456,534.8836772730574,0.01999107003211975,0.4441986083984375,0.1472499966621399,3.668750047683716
1457,535.1777265239507,0.020461587235331535,0.443817138671875,0.1431249976158142,3.4562501907348633
1458,535.5172252589837,0.019529055804014206,0.4434356689453125,0.15012499690055847,3.5343751907348633
1459,535.9167943717912,0.018799275159835815,0.44305419921875,0.13337500393390656,3.2593748569488525
1460,536.2480967640877,0.02036512829363346,0.4426727294921875,0.1391250044107437,3.3374998569488525
1461,536.5971152577549,0.02118101343512535,0.442291259765625,0.14675000309944153,3.3999996185302734
1462,536.9162231674418,0.01977318525314331,0.4419097900390625,0.14012499153614044,3.4781248569488525
1463,537.30587660335,0.02124258503317833,0.4415283203125,0.13512501120567322,3.2833335399627686
1464,537.6590202953666,0.02379738911986351,0.4411468505859375,0.14687499403953552,3.53125
1465,538.0275227976963,0.020618867129087448,0.440765380859375,0.14487500488758087,3.3187499046325684
1466,538.3728676680475,0.020473748445510864,0.4403839111328125,0.1446249932050705,3.606250047683716
1467,538.6968775466084,0.019878258928656578,0.44000244140625,0.13500000536441803,3.262500047683716
1468,539.017987947911,0.02025722526013851,0.4396209716796875,0.1368750035762787,3.309375286102295
1469,539.3626269418746,0.02066219225525856,0.439239501953125,0.1432500034570694,3.4625000953674316
1470,539.6955630965531,0.024023231118917465,0.4388580322265625,0.1394999921321869,3.325000047683716
1471,540.0295189907774,0.022977789863944054,0.4384765625,0.1432500034570694,3.440624952316284
1472,540.352242063731,0.022087926045060158,0.4380950927734375,0.15062500536441803,3.418750047683716
1473,540.6815804373473,0.02156854420900345,0.437713623046875,0.14162501692771912,3.512500047683716
1474,540.9816504437476,0.02008925750851631,0.4373321533203125,0.1420000046491623,3.40625
1475,541.3007917990908,0.020358717069029808,0.43695068359375,0.13887500762939453,3.393749952316284
1476,541.6238937200978,0.020789403468370438,0.4365692138671875,0.13562500476837158,3.253124713897705
1477,541.9340568901971,0.021381638944149017,0.436187744140625,0.14162500202655792,3.4156248569488525
1478,542.3095024824142,0.019547022879123688,0.4358062744140625,0.14225000143051147,3.418750047683716
1479,542.6454526716843,0.0186806321144104,0.4354248046875,0.1459999978542328,3.4343748092651367
1480,542.972944650799,0.019765447825193405,0.4350433349609375,0.14000000059604645,3.4343748092651367
1481,543.2753715692088,0.018864348530769348,0.434661865234375,0.14774999022483826,3.484375
1482,543.5803166218102,0.02113325707614422,0.4342803955078125,0.13087499141693115,3.2281250953674316
1483,544.2684655943885,0.020303700119256973,0.43389892578125,0.1366249918937683,3.143749952316284
1484,544.6449311291799,0.020158277824521065,0.4335174560546875,0.14025001227855682,3.3656251430511475
1485,545.0336173633114,0.018768902868032455,0.433135986328125,0.14924998581409454,3.4437499046325684
1486,545.3535177549347,0.01922883279621601,0.4327545166015625,0.13324999809265137,3.3687500953674316
1487,545.675638907589,0.01661471277475357,0.432373046875,0.13637499511241913,3.3374998569488525
1488,545.9947013026103,0.022350456565618515,0.4319915771484375,0.14124999940395355,3.3687500953674316
1489,546.3671475900337,0.022014770656824112,0.431610107421875,0.14624999463558197,3.528125047683716
1490,546.7160240737721,0.01940504088997841,0.4312286376953125,0.1393750011920929,3.371875047683716
1491,547.0698014758527,0.019193466752767563,0.43084716796875,0.14149999618530273,3.3031249046325684
1492,547.4004445588216,0.020526332780718803,0.4304656982421875,0.14274999499320984,3.5187501907348633
1493,547.7424644166604,0.021250441670417786,0.430084228515625,0.14400000870227814,3.4093751907348633
1494,548.1119591966271,0.02031286060810089,0.4297027587890625,0.14225000143051147,3.4125001430511475
1495,548.4171770270914,0.02037161961197853,0.4293212890625,0.14275000989437103,3.5281248092651367
1496,548.7499213078991,0.01911880075931549,0.4289398193359375,0.14687499403953552,3.471874952316284
1497,549.1000925041735,0.01909182406961918,0.428558349609375,0.14762498438358307,3.471874952316284
1498,549.7648321976885,0.019919870421290398,0.4281768798828125,0.14387500286102295,3.4937498569488525
1499,550.1224587447941,0.022911574691534042,0.42779541015625,0.14037500321865082,3.3958330154418945
1500,550.5896993828937,0.02029583416879177,0.4274139404296875,0.13650000095367432,3.262500047683716
1501,550.9386523030698,0.022340912371873856,0.427032470703125,0.13712500035762787,3.25
1502,551.3016490731388,0.01751508004963398,0.4266510009765625,0.14350001513957977,3.496875286102295
1503,551.6445547780022,0.022182779386639595,0.42626953125,0.1431249976158142,3.465625047683716
1504,551.9722493104637,0.02038220316171646,0.4258880615234375,0.14649999141693115,3.40625
1505,552.3037196695805,0.01918361708521843,0.425506591796875,0.14012500643730164,3.3187501430511475
1506,552.6392453946173,0.018576323986053467,0.4251251220703125,0.1366250067949295,3.40625
1507,552.9594686469063,0.02099151350557804,0.42474365234375,0.13837499916553497,3.3187499046325684
1508,553.3100659288466,0.020987384021282196,0.4243621826171875,0.1391250044107437,3.450000047683716
1509,553.6090687867254,0.021254632622003555,0.423980712890625,0.14412499964237213,3.3499999046325684
1510,553.915937279351,0.019696693867444992,0.4235992431640625,0.14162498712539673,3.3062500953674316
1511,554.2505785319954,0.019589867442846298,0.4232177734375,0.14512500166893005,3.5104169845581055
1512,554.5761897210032,0.021134518086910248,0.4228363037109375,0.13637499511241913,3.2562501430511475
1513,554.9423135956749,0.021121377125382423,0.422454833984375,0.14399999380111694,3.4437499046325684
1514,555.2557501960546,0.02034868486225605,0.4220733642578125,0.14087501168251038,3.284374952316284
1515,555.5979630798101,0.018470438197255135,0.42169189453125,0.1391250044107437,3.481250047683716
1516,555.9160138545558,0.019454916939139366,0.4213104248046875,0.1418749988079071,3.390625
1517,556.2260720254853,0.021027693524956703,0.420928955078125,0.14362497627735138,3.315624952316284
1518,556.8024497944862,0.019966971129179,0.4205474853515625,0.14025001227855682,3.403125047683716
1519,557.1591438669711,0.021571753546595573,0.420166015625,0.1353750079870224,3.3125
1520,557.5128319831565,0.018101384863257408,0.4197845458984375,0.148250013589859,3.496875047683716
1521,557.8817241024226,0.020132914185523987,0.419403076171875,0.1472499966621399,3.5406250953674316
1522,558.198635654524,0.019470714032649994,0.4190216064453125,0.13749998807907104,3.4499998092651367
1523,558.5724925845861,0.020043998956680298,0.41864013671875,0.14287500083446503,3.3729164600372314
1524,558.8861667336896,0.021088024601340294,0.4182586669921875,0.14162498712539673,3.359375
1525,559.1900539137423,0.020650416612625122,0.417877197265625,0.13962499797344208,3.343750238418579
1526,559.5502570420504,0.021101471036672592,0.4174957275390625,0.13387499749660492,3.2437500953674316
1527,559.9728004308417,0.020501790568232536,0.4171142578125,0.14487500488758087,3.4312500953674316
1528,560.3368534101173,0.01841186359524727,0.4167327880859375,0.14737500250339508,3.5999996662139893
1529,560.6873625824228,0.017554083839058876,0.416351318359375,0.14537501335144043,3.424999952316284
1530,561.0203889831901,0.020458512008190155,0.4159698486328125,0.14162498712539673,3.3031249046325684
1531,561.3516951492056,0.019339507445693016,0.41558837890625,0.13950000703334808,3.484375
1532,561.7106435829774,0.020457172766327858,0.4152069091796875,0.14350000023841858,3.5374999046325684
1533,562.0970622804016,0.021977653726935387,0.414825439453125,0.14937500655651093,3.4437499046325684
1534,562.4323717579246,0.022762497887015343,0.4144439697265625,0.14212501049041748,3.515624761581421
1535,562.7535292794928,0.01950324885547161,0.4140625,0.14362500607967377,3.4166667461395264
1536,563.1511714141816,0.019205627962946892,0.4136810302734375,0.1417500078678131,3.4156250953674316
1537,563.4863965716213,0.017837276682257652,0.413299560546875,0.1354999989271164,3.2593748569488525
1538,563.8106595668942,0.019515246152877808,0.4129180908203125,0.15525001287460327,3.6343750953674316
1539,564.1411358341575,0.02223912626504898,0.41253662109375,0.1443749964237213,3.543750047683716
1540,564.4672727724537,0.019888730719685555,0.4121551513671875,0.14562499523162842,3.4593749046325684
1541,564.7687115017325,0.020447660237550735,0.411773681640625,0.15150000154972076,3.59375
1542,565.105921193026,0.022217506542801857,0.4113922119140625,0.14037500321865082,3.3656249046325684
1543,565.4151212004945,0.02187078632414341,0.4110107421875,0.13600000739097595,3.4624998569488525
1544,565.7446347558871,0.02016056701540947,0.4106292724609375,0.14812499284744263,3.4406251907348633
1545,566.064370569773,0.018324337899684906,0.410247802734375,0.14262498915195465,3.265624761581421
1546,566.3867762414739,0.02065591886639595,0.4098663330078125,0.14737500250339508,3.5406250953674316
1547,566.7657037014142,0.018860291689634323,0.40948486328125,0.1420000046491623,3.5208330154418945
1548,567.0962981013581,0.019838612526655197,0.4091033935546875,0.14637500047683716,3.496875047683716
1549,567.4388057431206,0.02053731121122837,0.408721923828125,0.1406249850988388,3.362499713897705
1550,567.7722110478207,0.019993703812360764,0.4083404541015625,0.14662499725818634,3.4375
1551,568.1303113196045,0.02016526460647583,0.407958984375,0.1353750079870224,3.3187499046325684
1552,568.914855144918,0.01721673086285591,0.4075775146484375,0.14762499928474426,3.6062498092651367
1553,569.223172322847,0.02139275334775448,0.407196044921875,0.1433749943971634,3.434375286102295
1554,569.5744728827849,0.022590259090065956,0.4068145751953125,0.14749999344348907,3.5093750953674316
1555,569.8830588683486,0.019666612148284912,0.40643310546875,0.13987499475479126,3.3625001907348633
1556,570.321578072384,0.019862310960888863,0.4060516357421875,0.14362500607967377,3.3187499046325684
1557,570.8297208417207,0.022800635546445847,0.405670166015625,0.1457499861717224,3.5500001907348633
1558,571.1883041756228,0.020863795652985573,0.4052886962890625,0.1379999965429306,3.3249998092651367
1559,571.520481900312,0.020253123715519905,0.4049072265625,0.14524999260902405,3.518749952316284
1560,571.9021506039426,0.01777944341301918,0.4045257568359375,0.14387500286102295,3.496875047683716
1561,572.2854749504477,0.017909660935401917,0.404144287109375,0.1495000123977661,3.5374999046325684
1562,572.6280924696475,0.020529484376311302,0.4037628173828125,0.1341249942779541,3.200000286102295
1563,573.0575340045616,0.022560693323612213,0.40338134765625,0.1368750035762787,3.4312500953674316
1564,573.9016753435135,0.02012888342142105,0.4029998779296875,0.13637499511241913,3.1906251907348633
1565,574.2626863000914,0.02039489522576332,0.402618408203125,0.15150000154972076,3.5218751430511475
1566,574.5717117171735,0.020729076117277145,0.4022369384765625,0.14400000870227814,3.528125047683716
1567,574.8795407321304,0.019934454932808876,0.40185546875,0.13124999403953552,3.278125047683716
1568,575.2429442629218,0.021796930581331253,0.4014739990234375,0.1406250149011612,3.2437498569488525
1569,575.9230072470382,0.020689446479082108,0.401092529296875,0.14124999940395355,3.4250001907348633
1570,576.7459127260372,0.018443871289491653,0.4007110595703125,0.1431249976158142,3.453124761581421
1571,577.0576958367601,0.01744909957051277,0.40032958984375,0.14662501215934753,3.4479167461395264
1572,577.3725604182109,0.020533937960863113,0.3999481201171875,0.1432500183582306,3.434375286102295
1573,577.6766723431647,0.021102413535118103,0.399566650390625,0.14774999022483826,3.5093753337860107
1574,577.9990445114672,0.02020820416510105,0.3991851806640625,0.14649999141693115,3.5249998569488525
1575,578.2998022027314,0.0194840170443058,0.3988037109375,0.14800000190734863,3.578125
1576,578.603169660084,0.01851831004023552,0.3984222412109375,0.13737499713897705,3.3249998092651367
1577,578.9019250432029,0.02324364148080349,0.398040771484375,0.1420000046491623,3.4312500953674316
1578,579.2230370994657,0.01852622628211975,0.3976593017578125,0.14525000751018524,3.3687500953674316
1579,579.5213899817318,0.02051893062889576,0.39727783203125,0.13762499392032623,3.3187501430511475
1580,579.86603711918,0.020040001720190048,0.3968963623046875,0.1456250101327896,3.4968748092651367
1581,580.1744665084407,0.02356448769569397,0.396514892578125,0.14150001108646393,3.359375
1582,580.5209768209606,0.01980965957045555,0.3961334228515625,0.14399999380111694,3.424999952316284
1583,580.8457848560065,0.020484283566474915,0.395751953125,0.13825000822544098,3.4375
1584,581.1729828929529,0.01952824555337429,0.3953704833984375,0.14650000631809235,3.4812498092651367
1585,581.4899513013661,0.018457703292369843,0.394989013671875,0.14887501299381256,3.518749713897705
1586,581.8197702644393,0.021406084299087524,0.3946075439453125,0.14112500846385956,3.4656248092651367
1587,582.1559811476618,0.01857486180961132,0.39422607421875,0.14550000429153442,3.5249998569488525
1588,582.5000555003062,0.019257953390479088,0.3938446044921875,0.14487498998641968,3.4656248092651367
1589,583.0004841508344,0.02225407399237156,0.393463134765625,0.14350000023841858,3.4031248092651367
1590,583.3089723614976,0.02075490914285183,0.3930816650390625,0.14100000262260437,3.40625
1591,583.615566120483,0.02157774195075035,0.3927001953125,0.14812499284744263,3.5093746185302734
1592,583.9498114446178,0.019141003489494324,0.3923187255859375,0.14087499678134918,3.4906249046325684
1593,584.2733857491985,0.02034767158329487,0.391937255859375,0.14374999701976776,3.4124999046325684
1594,584.6014029337093,0.01878419704735279,0.3915557861328125,0.14112500846385956,3.456249952316284
1595,584.9281287770718,0.017596527934074402,0.39117431640625,0.140625,3.3416664600372314
1596,585.2495327051729,0.020162707194685936,0.3907928466796875,0.13950000703334808,3.362499713897705
1597,585.5942104198039,0.01949511095881462,0.390411376953125,0.14699998497962952,3.4125001430511475
1598,585.8960872478783,0.017913490533828735,0.3900299072265625,0.1457500010728836,3.5374999046325684
1599,586.6257980996743,0.02056136727333069,0.3896484375,0.13950000703334808,3.4499998092651367
1600,587.1147112809122,0.02029549889266491,0.3892669677734375,0.14487500488758087,3.4343748092651367
1601,587.5129330419004,0.022112641483545303,0.388885498046875,0.14687499403953552,3.4437501430511475
1602,587.9285097559914,0.02158200554549694,0.3885040283203125,0.14887501299381256,3.5874998569488525
1603,588.2440129639581,0.02006242424249649,0.38812255859375,0.14374999701976776,3.487499952316284
1604,588.5649196011946,0.017782913520932198,0.3877410888671875,0.14250001311302185,3.4593749046325684
1605,589.3847944568843,0.02219976857304573,0.387359619140625,0.14100000262260437,3.3125
1606,589.6815633634105,0.019959207624197006,0.3869781494140625,0.14787501096725464,3.518749713897705
1607,590.0455552581698,0.017946597188711166,0.3865966796875,0.14737500250339508,3.5770833492279053
1608,590.3483703900129,0.021405989304184914,0.3862152099609375,0.14499999582767487,3.456249952316284
1609,590.6577046206221,0.019400814548134804,0.385833740234375,0.14299999177455902,3.440624952316284
1610,591.1619983110577,0.021161450073122978,0.3854522705078125,0.14637500047683716,3.4624998569488525
1611,591.5127863716334,0.019742248579859734,0.38507080078125,0.14550000429153442,3.5625
1612,591.8479624865577,0.018759731203317642,0.3846893310546875,0.15299999713897705,3.6031248569488525
1613,592.1631086096168,0.018149450421333313,0.384307861328125,0.1470000147819519,3.53125
1614,592.4926529228687,0.02163570187985897,0.3839263916015625,0.14624999463558197,3.4718751907348633
1615,592.8351058606058,0.01976582407951355,0.383544921875,0.13850000500679016,3.418750047683716
1616,593.1797998165712,0.019201265648007393,0.3831634521484375,0.14099998772144318,3.371875047683716
1617,593.6859589144588,0.01849275827407837,0.382781982421875,0.140749990940094,3.3531248569488525
1618,594.0059306835756,0.020534411072731018,0.3824005126953125,0.14537499845027924,3.5062499046325684
1619,594.3388797966763,0.021812083199620247,0.38201904296875,0.14025001227855682,3.414583206176758
1620,594.7028190409765,0.02113795466721058,0.3816375732421875,0.1509999930858612,3.5718753337860107
1621,595.0495332563296,0.021002236753702164,0.381256103515625,0.14912500977516174,3.546875
1622,595.401080914773,0.021846259012818336,0.3808746337890625,0.140749990940094,3.4156248569488525
1623,595.7014157054946,0.01999495178461075,0.3804931640625,0.1417500078678131,3.4375
1624,596.0034828837961,0.021576540544629097,0.3801116943359375,0.1420000046491623,3.4375
1625,596.3041203068569,0.018506357446312904,0.379730224609375,0.14787501096725464,3.465625047683716
1626,596.6025745505467,0.020072640851140022,0.3793487548828125,0.14512500166893005,3.5375001430511475
1627,596.9386894404888,0.01651063561439514,0.37896728515625,0.1392499953508377,3.3812499046325684
1628,597.2383249998093,0.019537484273314476,0.3785858154296875,0.14087501168251038,3.450000047683716
1629,597.5377357825637,0.021287977695465088,0.378204345703125,0.15387499332427979,3.4593751430511475
1630,597.8365216245875,0.019130606204271317,0.3778228759765625,0.1367500126361847,3.4375
1631,598.1400229949504,0.020612316206097603,0.37744140625,0.15150000154972076,3.570833444595337
1632,598.4422530801967,0.020672893151640892,0.3770599365234375,0.1446250081062317,3.4593749046325684
1633,598.7743789153174,0.020195061340928078,0.376678466796875,0.13975000381469727,3.3531250953674316
1634,599.3217100957409,0.01784384623169899,0.3762969970703125,0.14124999940395355,3.315624952316284
1635,600.3266794141382,0.020929930731654167,0.37591552734375,0.13437500596046448,3.346874952316284
1636,600.760022466071,0.018289310857653618,0.3755340576171875,0.15399999916553497,3.5500001907348633
1637,601.139397460036,0.020522400736808777,0.375152587890625,0.1522500067949295,3.6750001907348633
1638,601.4899429157376,0.019401801750063896,0.3747711181640625,0.15150000154972076,3.6875
1639,601.8137228526175,0.01925962045788765,0.3743896484375,0.1443749964237213,3.453125
1640,602.1150011066347,0.020038606598973274,0.3740081787109375,0.13737501204013824,3.421875
1641,602.4174079373479,0.02113848738372326,0.373626708984375,0.14012502133846283,3.2718749046325684
1642,602.7206067563966,0.021996531635522842,0.3732452392578125,0.1366249918937683,3.328125
1643,603.0247479891405,0.018995577469468117,0.37286376953125,0.14537499845027924,3.4520833492279053
1644,603.344992665574,0.018427638337016106,0.3724822998046875,0.14425000548362732,3.4093751907348633
1645,603.6459722351283,0.02284548059105873,0.372100830078125,0.14774999022483826,3.528125047683716
1646,603.950185302645,0.020443622022867203,0.3717193603515625,0.15000000596046448,3.575000047683716
1647,604.2596821105108,0.01898960955440998,0.371337890625,0.14212501049041748,3.4781250953674316
1648,604.6418293807656,0.017758606001734734,0.3709564208984375,0.14649999141693115,3.5124998092651367
1649,604.9801782164723,0.020440146327018738,0.370574951171875,0.14762499928474426,3.4281249046325684
1650,605.3027047710493,0.021715939044952393,0.3701934814453125,0.14662499725818634,3.643749952316284
1651,605.6286676973104,0.018641455098986626,0.36981201171875,0.14612501859664917,3.5749998092651367
1652,605.9997531548142,0.019503090530633926,0.3694305419921875,0.13987499475479126,3.390625238418579
1653,606.3150802953169,0.020147616043686867,0.369049072265625,0.14399999380111694,3.440624952316284
1654,606.6774770896882,0.02108670584857464,0.3686676025390625,0.14387500286102295,3.315624952316284
1655,607.0052576866001,0.020044852048158646,0.3682861328125,0.1485000103712082,3.589583158493042
1656,607.3614655900747,0.021210625767707825,0.3679046630859375,0.1458749920129776,3.481250047683716
1657,607.8083552066237,0.023430239409208298,0.367523193359375,0.14525000751018524,3.4812498092651367
1658,608.2113405400887,0.018470481038093567,0.3671417236328125,0.1417500078678131,3.3812501430511475
1659,608.56345896516,0.021822916343808174,0.36676025390625,0.1511250138282776,3.6187500953674316
1660,608.92295006942,0.023571902886033058,0.3663787841796875,0.14500001072883606,3.543750047683716
1661,609.2993926638737,0.019260115921497345,0.365997314453125,0.1392499953508377,3.371875047683716
1662,609.6248558843508,0.02118643745779991,0.3656158447265625,0.1483750194311142,3.4031248092651367
1663,609.9800172680989,0.02007853053510189,0.365234375,0.14612500369548798,3.5093746185302734
1664,610.3545275256038,0.020393336191773415,0.3648529052734375,0.14262500405311584,3.5
1665,610.6528816055506,0.01935133896768093,0.364471435546875,0.14887501299381256,3.5249998569488525
1666,610.9668965535238,0.018370982259511948,0.3640899658203125,0.1457500010728836,3.5562498569488525
1667,611.3453468177468,0.020224496722221375,0.36370849609375,0.14374999701976776,3.4812498092651367
1668,611.6928788013756,0.01930985040962696,0.3633270263671875,0.14487498998641968,3.3999998569488525
1669,612.0125396028161,0.01917700283229351,0.362945556640625,0.13837499916553497,3.3843748569488525
1670,612.3436853783205,0.020044133067131042,0.3625640869140625,0.1443749964237213,3.471874952316284
1671,612.7227676687762,0.019629204645752907,0.3621826171875,0.14262500405311584,3.34375
1672,613.1893764222041,0.02017505280673504,0.3618011474609375,0.14537499845027924,3.5062501430511475
1673,613.7816536687315,0.01974746212363243,0.361419677734375,0.14262500405311584,3.424999713897705
1674,614.1182230170816,0.018605638295412064,0.3610382080078125,0.14499999582767487,3.487499713897705
1675,614.438900873065,0.018708370625972748,0.36065673828125,0.14425000548362732,3.528125047683716
1676,614.8206590265036,0.018885083496570587,0.3602752685546875,0.14537499845027924,3.3625001907348633
1677,615.2190391952172,0.01768687181174755,0.359893798828125,0.1446249932050705,3.4625000953674316
1678,615.7127871876583,0.018343539908528328,0.3595123291015625,0.148375004529953,3.606250047683716
1679,616.0527225844562,0.02157479152083397,0.359130859375,0.1472499966621399,3.566666603088379
1680,616.3866813434288,0.01841195859014988,0.3587493896484375,0.14824999868869781,3.5687499046325684
1681,616.7484009778127,0.021222887560725212,0.358367919921875,0.14012499153614044,3.3656249046325684
1682,617.1993639627472,0.019755925983190536,0.3579864501953125,0.15299999713897705,3.5281248092651367
1683,617.5180827118456,0.022668365389108658,0.35760498046875,0.14099998772144318,3.4437499046325684
1684,618.261725560762,0.019939960911870003,0.3572235107421875,0.14687499403953552,3.596874952316284
1685,618.6601718040183,0.017960937693715096,0.356842041015625,0.14137500524520874,3.421875
1686,619.0380025338382,0.021570518612861633,0.3564605712890625,0.15262499451637268,3.640625
1687,619.3984384257346,0.01932891085743904,0.3560791015625,0.14899998903274536,3.5250000953674316
1688,619.7406686600298,0.022790374234318733,0.3556976318359375,0.13887500762939453,3.340625047683716
1689,620.076502234675,0.01914246194064617,0.355316162109375,0.14374999701976776,3.496875047683716
1690,620.4037431059405,0.01996171474456787,0.3549346923828125,0.14787501096725464,3.5250000953674316
1691,620.7214917903766,0.021527443081140518,0.35455322265625,0.14662499725818634,3.5208332538604736
1692,621.0398391978815,0.01959019899368286,0.3541717529296875,0.1446249932050705,3.484375
1693,621.3900539949536,0.01781008020043373,0.353790283203125,0.15025000274181366,3.5593748092651367
1694,621.8114848285913,0.021411485970020294,0.3534088134765625,0.14512498676776886,3.4437499046325684
1695,622.1597871351987,0.019614921882748604,0.35302734375,0.14887501299381256,3.562500238418579
1696,622.4828531341627,0.01839226484298706,0.3526458740234375,0.1340000033378601,3.2750000953674316
1697,622.8356506191194,0.02035042643547058,0.352264404296875,0.14625000953674316,3.4718751907348633
1698,623.3091460205615,0.019466698169708252,0.3518829345703125,0.15512500703334808,3.593750238418579
1699,623.6741853170097,0.019965264946222305,0.35150146484375,0.14100000262260437,3.625000238418579
1700,623.9752778438851,0.01913604512810707,0.3511199951171875,0.14537499845027924,3.5718750953674316
1701,624.2948373770341,0.020921016111969948,0.350738525390625,0.14650000631809235,3.3687498569488525
1702,624.6116429753602,0.020129341632127762,0.3503570556640625,0.1470000147819519,3.565624952316284
1703,624.9355083080009,0.018719837069511414,0.3499755859375,0.1457500010728836,3.4833335876464844
1704,625.2715732911602,0.019926365464925766,0.3495941162109375,0.1393750160932541,3.346874952316284
1705,625.6223646197468,0.019793491810560226,0.349212646484375,0.15312500298023224,3.640625
1706,625.9414015114307,0.018236761912703514,0.3488311767578125,0.14125001430511475,3.3843746185302734
1707,626.2805903181434,0.018603358417749405,0.34844970703125,0.14287500083446503,3.4625000953674316
1708,626.6102863661945,0.018509548157453537,0.3480682373046875,0.15125000476837158,3.59375
1709,626.9324622806162,0.018265286460518837,0.347686767578125,0.15125000476837158,3.5625
1710,627.2613785639405,0.020392408594489098,0.3473052978515625,0.14624999463558197,3.706249952316284
1711,627.5987217361107,0.020258698612451553,0.346923828125,0.1458750069141388,3.393749713897705
1712,627.9041422354057,0.019989915192127228,0.3465423583984375,0.1391250044107437,3.4031248092651367
1713,628.2263085413724,0.019791997969150543,0.346160888671875,0.1472499966621399,3.312499761581421
1714,628.575357391499,0.020162437111139297,0.3457794189453125,0.1458750069141388,3.5687499046325684
1715,628.8874101648107,0.018470710143446922,0.34539794921875,0.1443749964237213,3.5479166507720947
1716,629.2366552148014,0.020572898909449577,0.3450164794921875,0.1471250057220459,3.5531249046325684
1717,629.5550807211548,0.019591383635997772,0.344635009765625,0.148624986410141,3.5062496662139893
1718,629.9613403696567,0.018537573516368866,0.3442535400390625,0.14600001275539398,3.453124761581421
1719,630.4017964834347,0.01923867128789425,0.3438720703125,0.1418749839067459,3.4937500953674316
1720,630.8009714521468,0.023100562393665314,0.3434906005859375,0.14212501049041748,3.440624952316284
1721,631.1558663165197,0.01883009448647499,0.343109130859375,0.14862501621246338,3.393749952316284
1722,631.598328939639,0.018389949575066566,0.3427276611328125,0.1485000103712082,3.6062498092651367
1723,631.9321403680369,0.019792767241597176,0.34234619140625,0.1406250149011612,3.5406250953674316
1724,632.2578706005588,0.018207821995019913,0.3419647216796875,0.14800001680850983,3.450000047683716
1725,632.5867275297642,0.018912943080067635,0.341583251953125,0.13750000298023224,3.2937498092651367
1726,632.9425747981295,0.019704297184944153,0.3412017822265625,0.14687499403953552,3.5874998569488525
1727,633.2600025543943,0.0197405107319355,0.3408203125,0.15049999952316284,3.5604162216186523
1728,633.5840829433873,0.022259093821048737,0.3404388427734375,0.14524999260902405,3.4468748569488525
1729,633.92390159145,0.01654639095067978,0.340057373046875,0.14137500524520874,3.4250001907348633
1730,634.2557917237282,0.018245887011289597,0.3396759033203125,0.15175001323223114,3.546875
1731,634.6195379719138,0.01947932317852974,0.33929443359375,0.14112500846385956,3.4749999046325684
1732,634.9194337846711,0.01689361222088337,0.3389129638671875,0.14112499356269836,3.4250001907348633
1733,635.217775224708,0.019270392134785652,0.338531494140625,0.14475001394748688,3.3968749046325684
1734,635.7875649929047,0.019716888666152954,0.3381500244140625,0.14349998533725739,3.3968749046325684
1735,636.1422220179811,0.021721642464399338,0.3377685546875,0.14549998939037323,3.5687499046325684
1736,636.5181772150099,0.018588416278362274,0.3373870849609375,0.1456250101327896,3.5093750953674316
1737,636.8155248751864,0.01999155431985855,0.337005615234375,0.14550000429153442,3.390625
1738,637.1642636964098,0.01893267035484314,0.3366241455078125,0.14262500405311584,3.4625000953674316
1739,637.7130981711671,0.018205080181360245,0.33624267578125,0.1366250067949295,3.383333206176758
1740,638.0629490474239,0.021317068487405777,0.3358612060546875,0.14612498879432678,3.5062499046325684
1741,638.3954491745681,0.020594025030732155,0.335479736328125,0.14875000715255737,3.5093750953674316
1742,638.732299673371,0.017306718975305557,0.3350982666015625,0.1485000103712082,3.531250238418579
1743,639.0480445055291,0.019201623275876045,0.334716796875,0.14662499725818634,3.578124761581421
1744,639.370133976452,0.018779244273900986,0.3343353271484375,0.1418749988079071,3.378124713897705
1745,639.6789452545345,0.018944304436445236,0.333953857421875,0.14362500607967377,3.4281249046325684
1746,640.0124464444816,0.01945485919713974,0.3335723876953125,0.13850000500679016,3.4718751907348633
1747,640.3179241726175,0.021170910447835922,0.33319091796875,0.14162500202655792,3.378124952316284
1748,640.6225604889914,0.01940888911485672,0.3328094482421875,0.1457500010728836,3.496875047683716
1749,640.9261853201315,0.019547436386346817,0.332427978515625,0.15037499368190765,3.512500047683716
1750,641.2283531231806,0.01870565488934517,0.3320465087890625,0.14912499487400055,3.46875
1751,641.5473085213453,0.020426832139492035,0.3316650390625,0.14900000393390656,3.6583335399627686
1752,641.8518947716802,0.01826552115380764,0.3312835693359375,0.13975000381469727,3.3687498569488525
1753,642.1534152701497,0.021840902045369148,0.330902099609375,0.14087501168251038,3.3187499046325684
1754,642.4558208724484,0.019666021689772606,0.3305206298828125,0.14537499845027924,3.4312498569488525
1755,642.76123415865,0.020716506987810135,0.33013916015625,0.14262500405311584,3.609375
1756,643.1122519848868,0.019122784957289696,0.3297576904296875,0.13950000703334808,3.296875
1757,643.4288879642263,0.019323701038956642,0.329376220703125,0.14549998939037323,3.421875
1758,643.9269119128585,0.018795190379023552,0.3289947509765625,0.13600000739097595,3.284374713897705
1759,644.2725071460009,0.01902635395526886,0.32861328125,0.14912499487400055,3.4375
1760,644.6723150517792,0.01798418164253235,0.3282318115234375,0.14350000023841858,3.6937499046325684
1761,645.0571407098323,0.02011658065021038,0.327850341796875,0.1443750113248825,3.2687501907348633
1762,645.4312498727813,0.017509181052446365,0.3274688720703125,0.14875000715255737,3.637500047683716
1763,645.7808832181618,0.01731412298977375,0.32708740234375,0.14499999582767487,3.4937498569488525
1764,646.1439509624615,0.018816037103533745,0.3267059326171875,0.1406250149011612,3.3531248569488525
1765,646.4702204661444,0.02046193554997444,0.326324462890625,0.14512500166893005,3.5093750953674316
1766,646.8001291770488,0.018545828759670258,0.3259429931640625,0.14737500250339508,3.546875
1767,647.1235554376617,0.019067922607064247,0.3255615234375,0.14874999225139618,3.5406248569488525
1768,647.6835942184553,0.01839195191860199,0.3251800537109375,0.1433749943971634,3.4812498092651367
1769,648.0371474437416,0.021311353892087936,0.324798583984375,0.15675000846385956,3.640624761581421
1770,648.3958171429113,0.018833894282579422,0.3244171142578125,0.14387500286102295,3.356250047683716
1771,648.7514750529081,0.019655898213386536,0.32403564453125,0.1378750056028366,3.5718748569488525
1772,649.0657903384417,0.019251512363553047,0.3236541748046875,0.15162499248981476,3.515625
1773,649.3979531964287,0.021452099084854126,0.323272705078125,0.1445000022649765,3.581249952316284
1774,649.7331156311557,0.01738755777478218,0.3228912353515625,0.15324999392032623,3.4906251430511475
1775,650.072488475591,0.018725313246250153,0.322509765625,0.14287500083446503,3.5416667461395264
1776,650.3721818756312,0.01902918703854084,0.3221282958984375,0.15450000762939453,3.6875
1777,650.6803468093276,0.020532753318548203,0.321746826171875,0.14775002002716064,3.5374999046325684
1778,651.022193656303,0.01760379783809185,0.3213653564453125,0.1433749943971634,3.406249761581421
1779,651.416421500966,0.01962372474372387,0.32098388671875,0.1352500021457672,3.371875286102295
1780,651.9565351279452,0.01858258992433548,0.3206024169921875,0.1404999941587448,3.346874952316284
1781,652.2869097003713,0.018386831507086754,0.320220947265625,0.14524999260902405,3.5562498569488525
1782,652.6190492035821,0.02016194351017475,0.3198394775390625,0.15337499976158142,3.3843750953674316
1783,652.9544893549755,0.019646264612674713,0.3194580078125,0.14137500524520874,3.543750047683716
1784,653.2892353720963,0.019124135375022888,0.3190765380859375,0.14875002205371857,3.546874761581421
1785,653.6423142086715,0.01757121831178665,0.318695068359375,0.1459999978542328,3.4875001907348633
1786,653.9961390877143,0.019396888092160225,0.3183135986328125,0.1470000147819519,3.5874998569488525
1787,654.6142523242161,0.017570802941918373,0.31793212890625,0.1365000158548355,3.3562498092651367
1788,654.925246774219,0.018497634679079056,0.3175506591796875,0.14925001561641693,3.5999999046325684
1789,655.2599386265501,0.018659114837646484,0.317169189453125,0.14287500083446503,3.3656249046325684
1790,655.6409331234172,0.01779117062687874,0.3167877197265625,0.14875000715255737,3.515624761581421
1791,656.567230197601,0.020774230360984802,0.31640625,0.14824999868869781,3.6187500953674316
1792,657.0408737305552,0.018401511013507843,0.3160247802734375,0.1536250114440918,3.78125
1793,657.3819218156859,0.019947784021496773,0.315643310546875,0.1495000123977661,3.5625
1794,657.7122857188806,0.01931859366595745,0.3152618408203125,0.14624999463558197,3.453125
1795,658.0673271808773,0.01806175708770752,0.31488037109375,0.14412501454353333,3.4937500953674316
1796,658.3842114089057,0.01894683763384819,0.3144989013671875,0.14225000143051147,3.4031248092651367
1797,658.712311476469,0.01812000945210457,0.314117431640625,0.1418750137090683,3.409374952316284
1798,659.0594910681248,0.017668891698122025,0.3137359619140625,0.1473749876022339,3.5218751430511475
1799,659.3833004236221,0.016928868368268013,0.3133544921875,0.1525000035762787,3.6270835399627686
1800,659.7011248413473,0.018653931096196175,0.3129730224609375,0.14799998700618744,3.5249998569488525
1801,660.1753536118194,0.01768774725496769,0.312591552734375,0.14824999868869781,3.4749999046325684
1802,660.4963990570977,0.018205158412456512,0.3122100830078125,0.148250013589859,3.5249998569488525
1803,660.8572464585304,0.019168315455317497,0.31182861328125,0.14287500083446503,3.5656251907348633
1804,661.2437125500292,0.021079717203974724,0.3114471435546875,0.15275000035762787,3.6031248569488525
1805,661.6005802201107,0.018518680706620216,0.311065673828125,0.1446249932050705,3.5625
1806,661.9849189156666,0.01937156170606613,0.3106842041015625,0.1472499966621399,3.5374999046325684
1807,662.3158155661076,0.017500221729278564,0.310302734375,0.14350000023841858,3.4312498569488525
1808,662.6273616906255,0.019454116001725197,0.3099212646484375,0.15525001287460327,3.5874998569488525
1809,662.9308603219688,0.017691325396299362,0.309539794921875,0.14499999582767487,3.621875047683716
1810,663.2848514961079,0.01718287356197834,0.3091583251953125,0.1432500034570694,3.359375238418579
1811,663.606336995028,0.0169210247695446,0.30877685546875,0.14250001311302185,3.495833396911621
1812,663.9448153460398,0.01832634210586548,0.3083953857421875,0.1431249976158142,3.3999996185302734
1813,664.2554805027321,0.01728125289082527,0.308013916015625,0.14862501621246338,3.5062499046325684
1814,664.5600754395127,0.01708303764462471,0.3076324462890625,0.14650000631809235,3.465625047683716
1815,664.8650082666427,0.01878056675195694,0.3072509765625,0.14425000548362732,3.6343750953674316
1816,665.1705335350707,0.021966811269521713,0.3068695068359375,0.14537499845027924,3.4593751430511475
1817,665.4890667451546,0.02300688810646534,0.306488037109375,0.16062499582767487,3.7624998092651367
1818,665.8633626913652,0.019450614228844643,0.3061065673828125,0.14612501859664917,3.534374952316284
1819,666.1962336888537,0.019683612510561943,0.30572509765625,0.14350000023841858,3.515625238418579
1820,666.5199895640835,0.016931189224123955,0.3053436279296875,0.14374999701976776,3.440624713897705
1821,666.8535434734076,0.019035764038562775,0.304962158203125,0.14812499284744263,3.434375047683716
1822,667.1827149195597,0.018947584554553032,0.3045806884765625,0.14524999260902405,3.578125
1823,667.5214370936155,0.016384171321988106,0.30419921875,0.15012499690055847,3.602083206176758
1824,667.8519003335387,0.01809089444577694,0.3038177490234375,0.15049999952316284,3.5874996185302734
1825,668.2432882720605,0.021233616396784782,0.303436279296875,0.1473749876022339,3.4781250953674316
1826,668.6391828106716,0.017253682017326355,0.3030548095703125,0.15337499976158142,3.606250047683716
1827,669.312933485955,0.01814454048871994,0.30267333984375,0.1523749977350235,3.7593750953674316
1828,669.6470118993893,0.020380517467856407,0.3022918701171875,0.1510000079870224,3.6187498569488525
1829,669.9778235796839,0.019503744319081306,0.301910400390625,0.15049999952316284,3.640625
1830,670.3169049620628,0.018156997859477997,0.3015289306640625,0.14662499725818634,3.406249761581421
1831,670.6258230730891,0.018716733902692795,0.3011474609375,0.14012500643730164,3.5406250953674316
1832,670.9449381334707,0.01895633339881897,0.3007659912109375,0.15000000596046448,3.6499998569488525
1833,671.2657639216632,0.019925041124224663,0.300384521484375,0.15712499618530273,3.6468749046325684
1834,671.5953087545931,0.018742172047495842,0.3000030517578125,0.1457500010728836,3.65625
1835,671.9309595339,0.018335483968257904,0.29962158203125,0.14412499964237213,3.4208333492279053
1836,672.3252964336425,0.020044595003128052,0.2992401123046875,0.1446250081062317,3.4812498092651367
1837,672.6593340504915,0.017804501578211784,0.298858642578125,0.1508750021457672,3.5250000953674316
1838,672.983158535324,0.01833391562104225,0.2984771728515625,0.14262500405311584,3.434375047683716
1839,673.3684957409278,0.018601128831505775,0.298095703125,0.13975000381469727,3.534374952316284
1840,673.685592001304,0.018427154049277306,0.2977142333984375,0.1473749876022339,3.312499761581421
1841,674.041228719987,0.018200693652033806,0.297332763671875,0.1523749977350235,3.6812500953674316
1842,674.3482943633571,0.01770608499646187,0.2969512939453125,0.14912500977516174,3.637500047683716
1843,674.6761741545051,0.01762406900525093,0.29656982421875,0.14162498712539673,3.4187498092651367
1844,675.0184289440513,0.01871059276163578,0.2961883544921875,0.14550000429153442,3.4624998569488525
1845,675.3426359621808,0.019614536315202713,0.295806884765625,0.1469999998807907,3.628124952316284
1846,675.6795611334965,0.017510846257209778,0.2954254150390625,0.148375004529953,3.3812501430511475
1847,676.0099989371374,0.018390480428934097,0.2950439453125,0.15199999511241913,3.6895837783813477
1848,676.6852624546736,0.01820250228047371,0.2946624755859375,0.15462499856948853,3.7062501907348633
1849,677.4802934285253,0.019698254764080048,0.294281005859375,0.14499999582767487,3.456249713897705
1850,677.8724317289889,0.015624457970261574,0.2938995361328125,0.1510000079870224,3.609374761581421
1851,678.2047859085724,0.018180493265390396,0.29351806640625,0.1289999932050705,3.2906250953674316
1852,678.5706547349691,0.01862981915473938,0.2931365966796875,0.15299999713897705,3.656249761581421
1853,678.8886957420036,0.018007587641477585,0.292755126953125,0.15537500381469727,3.6187498569488525
1854,679.2020817287266,0.017581719905138016,0.2923736572265625,0.14150001108646393,3.28125
1855,679.5357710160315,0.018535196781158447,0.2919921875,0.14412499964237213,3.590625047683716
1856,679.8693626774475,0.021534601226449013,0.2916107177734375,0.14550000429153442,3.5374999046325684
1857,680.3581729168072,0.01744316890835762,0.291229248046875,0.14949998259544373,3.4312498569488525
1858,680.7010731473565,0.01951844058930874,0.2908477783203125,0.148499995470047,3.5687496662139893
1859,681.048208787106,0.019182439893484116,0.29046630859375,0.14949999749660492,3.612499952316284
1860,681.3690794408321,0.017213035374879837,0.2900848388671875,0.1473749876022339,3.559375047683716
1861,681.702376935631,0.01990664005279541,0.289703369140625,0.14887499809265137,3.534374952316284
1862,682.0492442455143,0.017631063237786293,0.2893218994140625,0.1536249965429306,3.609375
1863,682.45846487768,0.01756935566663742,0.2889404296875,0.13637501001358032,3.374999523162842
1864,682.8491408601403,0.022313987836241722,0.2885589599609375,0.14674998819828033,3.5687496662139893
1865,683.173807868734,0.019093599170446396,0.288177490234375,0.15349999070167542,3.496875047683716
1866,683.52634283714,0.017431100830435753,0.2877960205078125,0.15437498688697815,3.674999952316284
1867,683.8950390480459,0.017396286129951477,0.28741455078125,0.14675001800060272,3.6312499046325684
1868,684.441716644913,0.01566651649773121,0.2870330810546875,0.14812500774860382,3.5375003814697266
1869,684.7599182249978,0.01965152844786644,0.286651611328125,0.14362500607967377,3.53125
1870,685.0696224011481,0.018360931426286697,0.2862701416015625,0.14637500047683716,3.3843750953674316
1871,685.3985671913251,0.019096877425909042,0.285888671875,0.140749990940094,3.5062496662139893
1872,685.716880752705,0.018295785412192345,0.2855072021484375,0.14300000667572021,3.468750238418579
1873,686.0453992765397,0.015584466978907585,0.285125732421875,0.15449999272823334,3.6343750953674316
1874,686.8128363844007,0.017764408141374588,0.2847442626953125,0.13975000381469727,3.328125
1875,687.1570834862068,0.016377078369259834,0.28436279296875,0.1406250149011612,3.496875286102295
1876,687.5089898714796,0.01832946203649044,0.2839813232421875,0.15387500822544098,3.6062498092651367
1877,687.8717149803415,0.018792856484651566,0.283599853515625,0.1418749988079071,3.4187498092651367
1878,688.2322049736977,0.01995302177965641,0.2832183837890625,0.14775000512599945,3.453125238418579
1879,688.6001435238868,0.017380017787218094,0.2828369140625,0.1459999978542328,3.5968751907348633
1880,688.9543510293588,0.018461326137185097,0.2824554443359375,0.1509999930858612,3.590625286102295
1881,689.2570158960298,0.016351765021681786,0.282073974609375,0.14650000631809235,3.5718748569488525
1882,689.6142489369959,0.02045200578868389,0.2816925048828125,0.1510000079870224,3.5687499046325684
1883,689.9212576039135,0.018022188916802406,0.28131103515625,0.14299999177455902,3.491666793823242
1884,690.2699334165081,0.018964340910315514,0.2809295654296875,0.14687499403953552,3.578125
1885,690.7316579855978,0.0198520440608263,0.280548095703125,0.15512500703334808,3.5968751907348633
1886,691.0633924230933,0.01822737418115139,0.2801666259765625,0.14787499606609344,3.5843749046325684
1887,691.4804211547598,0.020568078383803368,0.27978515625,0.14287500083446503,3.450000047683716
1888,691.8005013344809,0.018353939056396484,0.2794036865234375,0.15037500858306885,3.6531248092651367
1889,692.1212235921994,0.0175469983369112,0.279022216796875,0.14650000631809235,3.4156246185302734
1890,692.5470584938303,0.016583217307925224,0.2786407470703125,0.15199999511241913,3.6125001907348633
1891,693.0113282548264,0.018459497019648552,0.27825927734375,0.14774999022483826,3.534374952316284
1892,693.343457008712,0.017193607985973358,0.2778778076171875,0.1381250023841858,3.5906248092651367
1893,693.7045715171844,0.018435323610901833,0.277496337890625,0.15412499010562897,3.450000047683716
1894,694.0173137895763,0.01997814141213894,0.2771148681640625,0.14537499845027924,3.499999761581421
1895,694.4942904729396,0.018205398693680763,0.2767333984375,0.1523749977350235,3.679166793823242
1896,694.8290324900299,0.018323281779885292,0.2763519287109375,0.15000000596046448,3.5906248092651367
1897,695.1471172673628,0.020482929423451424,0.275970458984375,0.14812499284744263,3.578125
1898,695.4541286416352,0.015799982473254204,0.2755889892578125,0.15524999797344208,3.6781249046325684
1899,695.7586987577379,0.018872009590268135,0.27520751953125,0.14512500166893005,3.4312498569488525
1900,696.0678245378658,0.017305124551057816,0.2748260498046875,0.15062500536441803,3.7718749046325684
1901,696.7647185279056,0.016813991591334343,0.274444580078125,0.14912499487400055,3.5250000953674316
1902,697.0911878170446,0.01649675890803337,0.2740631103515625,0.15962499380111694,3.6468746662139893
1903,697.4165519401431,0.02095675654709339,0.273681640625,0.14337500929832458,3.6468751430511475
1904,697.7816172549501,0.017605271190404892,0.2733001708984375,0.148499995470047,3.6218748092651367
1905,698.0992844412103,0.018830828368663788,0.272918701171875,0.148499995470047,3.4156248569488525
1906,698.4304097443819,0.018798314034938812,0.2725372314453125,0.14374999701976776,3.512500047683716
1907,698.7700926149264,0.017299216240644455,0.27215576171875,0.1497500091791153,3.5833332538604736
1908,699.1139254095033,0.017921678721904755,0.2717742919921875,0.14524999260902405,3.487499952316284
1909,699.4463300071657,0.01883085072040558,0.271392822265625,0.15025000274181366,3.5718750953674316
1910,699.773746159859,0.020168472081422806,0.2710113525390625,0.14287500083446503,3.3718748092651367
1911,700.1048611728474,0.01835520938038826,0.2706298828125,0.14412499964237213,3.531250238418579
1912,700.5244073970243,0.019294042140245438,0.2702484130859375,0.14374999701976776,3.4250001907348633
1913,700.844729735516,0.01731225848197937,0.269866943359375,0.15437498688697815,3.6843748092651367
1914,701.16163384635,0.017288170754909515,0.2694854736328125,0.15850000083446503,3.825000047683716
1915,701.5430401498452,0.018037479370832443,0.26910400390625,0.14112499356269836,3.4781250953674316
1916,701.8606999134645,0.016204416751861572,0.2687225341796875,0.148624986410141,3.4593751430511475
1917,702.2385083371773,0.01830795779824257,0.268341064453125,0.15012499690055847,3.6062498092651367
1918,702.598755499348,0.016826987266540527,0.2679595947265625,0.15962500870227814,3.7437498569488525
1919,702.9574203044176,0.01913439854979515,0.267578125,0.15000000596046448,3.6875
1920,703.2872393513098,0.017716344445943832,0.2671966552734375,0.14687499403953552,3.546875
1921,703.6070159971714,0.018573645502328873,0.266815185546875,0.1485000103712082,3.565624713897705
1922,703.9354712590575,0.017891352996230125,0.2664337158203125,0.15137499570846558,3.6156249046325684
1923,704.291803621687,0.018644358962774277,0.26605224609375,0.1510000079870224,3.6343748569488525
1924,704.7829586761072,0.022669564932584763,0.2656707763671875,0.15150001645088196,3.543750047683716
1925,705.5099301468581,0.017701106145977974,0.265289306640625,0.15437501668930054,3.625
1926,705.8492703773081,0.017397647723555565,0.2649078369140625,0.15049999952316284,3.6187500953674316
1927,706.1874441374093,0.018445048481225967,0.2645263671875,0.15062500536441803,3.7750000953674316
1928,706.5033772783354,0.018863366916775703,0.2641448974609375,0.14374999701976776,3.581249952316284
1929,706.8347195237875,0.01854562573134899,0.263763427734375,0.1576250046491623,3.5812501907348633
1930,707.1921114334837,0.01922384276986122,0.2633819580078125,0.1459999978542328,3.3843748569488525
1931,707.5525575149804,0.019153717905282974,0.26300048828125,0.1446249932050705,3.6312501430511475
1932,707.855263447389,0.020549073815345764,0.2626190185546875,0.1508750021457672,3.5906248092651367
1933,708.2439199211076,0.016533760353922844,0.262237548828125,0.1446249932050705,3.5031251907348633
1934,708.5572399497032,0.01953050307929516,0.2618560791015625,0.15449999272823334,3.575000047683716
1935,708.8640005663037,0.015903545543551445,0.261474609375,0.14024999737739563,3.4937503337860107
1936,709.1706301961094,0.01845104992389679,0.2610931396484375,0.15562501549720764,3.721874952316284
1937,709.4942149883136,0.01964634843170643,0.260711669921875,0.1599999964237213,3.684375047683716
1938,709.8234049640596,0.019445989280939102,0.2603302001953125,0.14362499117851257,3.578125
1939,710.1667739897966,0.01773989386856556,0.25994873046875,0.14124999940395355,3.531250238418579
1940,710.5015893848613,0.018422869965434074,0.2595672607421875,0.1512499898672104,3.5749998092651367
1941,710.8285171631724,0.019450819119811058,0.259185791015625,0.14487500488758087,3.40625
1942,711.1578873796389,0.019024845212697983,0.2588043212890625,0.15025000274181366,3.5374999046325684
1943,711.466830002144,0.018419310450553894,0.2584228515625,0.15287499129772186,3.7020835876464844
1944,711.8231853898615,0.01838277280330658,0.2580413818359375,0.1443750113248825,3.4156250953674316
1945,712.1822014600039,0.016788560897111893,0.257659912109375,0.14649999141693115,3.4343745708465576
1946,712.5407865131274,0.01618639938533306,0.2572784423828125,0.14537501335144043,3.565624952316284
1947,712.9663811484352,0.017713386565446854,0.25689697265625,0.1458750069141388,3.596874952316284
1948,713.3664959771559,0.017892029136419296,0.2565155029296875,0.14862501621246338,3.4937496185302734
1949,713.796465665102,0.01952417567372322,0.256134033203125,0.14925000071525574,3.624999761581421
1950,714.145986860618,0.01951923407614231,0.2557525634765625,0.1550000011920929,3.5124998092651367
1951,714.4828130966052,0.016037942841649055,0.25537109375,0.13849999010562897,3.5593748092651367
1952,714.8059877511114,0.01783078722655773,0.2549896240234375,0.14762499928474426,3.3843750953674316
1953,715.1404491253197,0.016177041456103325,0.254608154296875,0.15074999630451202,3.5812501907348633
1954,715.4700307641178,0.01854366436600685,0.2542266845703125,0.15512500703334808,3.7718751430511475
1955,715.7870622258633,0.019628437235951424,0.25384521484375,0.14337500929832458,3.5458333492279053
1956,716.1899865083396,0.01737510785460472,0.2534637451171875,0.15662498772144318,3.690624952316284
1957,716.9411687273532,0.02106316015124321,0.253082275390625,0.15049999952316284,3.606250286102295
1958,717.2510655419901,0.01764756068587303,0.2527008056640625,0.13850001990795135,3.359375
1959,717.581831542775,0.014896772801876068,0.2523193359375,0.13950000703334808,3.4937500953674316
1960,717.9296023054048,0.01731790043413639,0.2519378662109375,0.15524999797344208,3.5531251430511475
1961,718.2792326798663,0.018499497324228287,0.251556396484375,0.14362500607967377,3.4281251430511475
1962,719.154949308373,0.017780499532818794,0.2511749267578125,0.14687499403953552,3.4906249046325684
1963,719.4755721725523,0.018482044339179993,0.25079345703125,0.1562500149011612,3.7906250953674316
1964,720.1884435601532,0.01719762571156025,0.2504119873046875,0.14912500977516174,3.6468749046325684
1965,720.5315186269581,0.017885230481624603,0.250030517578125,0.15012499690055847,3.628124713897705
1966,721.215377884917,0.016675041988492012,0.2496490478515625,0.15125000476837158,3.5875000953674316
1967,721.6442097658291,0.019334590062499046,0.249267578125,0.1485000103712082,3.585416793823242
1968,722.3178931549191,0.018008816987276077,0.2488861083984375,0.15412499010562897,3.706249952316284
1969,722.6307447403669,0.01919771172106266,0.248504638671875,0.14912500977516174,3.5374999046325684
1970,722.9485664023086,0.016053445637226105,0.2481231689453125,0.14300000667572021,3.4000000953674316
1971,723.2742092879489,0.018070455640554428,0.24774169921875,0.14237499237060547,3.4937500953674316
1972,723.5973460096866,0.017921321094036102,0.2473602294921875,0.14649999141693115,3.546875
1973,723.9139428334311,0.01749853417277336,0.246978759765625,0.15175001323223114,3.578125238418579
1974,724.2572044823319,0.01845911517739296,0.2465972900390625,0.15974999964237213,3.7687501907348633
1975,724.5937777347863,0.0187514778226614,0.2462158203125,0.14525000751018524,3.621875047683716
1976,725.0558810159564,0.016185792163014412,0.2458343505859375,0.1562499850988388,3.6343750953674316
1977,725.653262144886,0.019223395735025406,0.245452880859375,0.15600000321865082,3.7281250953674316
1978,726.0342710260302,0.017097508534789085,0.2450714111328125,0.1537499874830246,3.6875
1979,726.3513613333926,0.016686080023646355,0.24468994140625,0.1511249989271164,3.6812498569488525
1980,726.6994934417307,0.018303880468010902,0.2443084716796875,0.1523749977350235,3.6656248569488525
1981,727.030059765093,0.017756719142198563,0.243927001953125,0.16049998998641968,3.7593748569488525
1982,727.3368598259985,0.01718691550195217,0.2435455322265625,0.14487500488758087,3.528125047683716
1983,727.6432253569365,0.017834531143307686,0.2431640625,0.14412499964237213,3.484374761581421
1984,727.9462184738368,0.017372123897075653,0.2427825927734375,0.14912499487400055,3.6187498569488525
1985,728.255094235763,0.019877804443240166,0.242401123046875,0.15687499940395355,3.5875000953674316
1986,728.5712718963623,0.017580294981598854,0.2420196533203125,0.1432500034570694,3.546875
1987,728.8742720065638,0.017514249309897423,0.24163818359375,0.1485000103712082,3.5999999046325684
1988,729.1836816687137,0.017528805881738663,0.2412567138671875,0.14800000190734863,3.6312499046325684
1989,729.5071017658338,0.01713734120130539,0.240875244140625,0.15387499332427979,3.4906249046325684
1990,729.8380048153922,0.01804358698427677,0.2404937744140625,0.15462499856948853,3.6624999046325684
1991,730.1686019273475,0.018082786351442337,0.2401123046875,0.148250013589859,3.6895830631256104
1992,730.4667010623962,0.018892798572778702,0.2397308349609375,0.13450001180171967,3.246875047683716
1993,730.7968261111528,0.018195059150457382,0.239349365234375,0.1576250046491623,3.656250238418579
1994,731.3643094943836,0.018195446580648422,0.2389678955078125,0.14612498879432678,3.5718748569488525
1995,731.6890641376376,0.017842335626482964,0.23858642578125,0.1508750170469284,3.6875
1996,731.9927419107407,0.01685158535838127,0.2382049560546875,0.14899998903274536,3.5062496662139893
1997,732.2978409649804,0.017957426607608795,0.237823486328125,0.14087501168251038,3.362499952316284
1998,732.6008165590465,0.018097149208188057,0.2374420166015625,0.1495000123977661,3.546874761581421
1999,732.9211715562269,0.020352229475975037,0.237060546875,0.14374999701976776,3.4781250953674316
2000,733.2283197678626,0.016933681443333626,0.2366790771484375,0.1457500010728836,3.5749998092651367
2001,733.5818334110081,0.01875496283173561,0.236297607421875,0.1497499942779541,3.515625
2002,733.9797814199701,0.019574226811528206,0.2359161376953125,0.15012498199939728,3.5531251430511475
2003,734.3278400786221,0.018845494836568832,0.23553466796875,0.14550000429153442,3.589583158493042
2004,734.6647852547467,0.01663731038570404,0.2351531982421875,0.15037500858306885,3.6187498569488525
2005,735.1095238411799,0.01685722917318344,0.234771728515625,0.14537499845027924,3.4468746185302734
2006,735.4260369669646,0.01660250686109066,0.2343902587890625,0.14612500369548798,3.4625003337860107
2007,735.8066777111962,0.019531380385160446,0.2340087890625,0.14762499928474426,3.6656250953674316
2008,736.1374003589153,0.021004019305109978,0.2336273193359375,0.1524999886751175,3.6468749046325684
2009,736.4702018825337,0.014836376532912254,0.233245849609375,0.1495000123977661,3.5
2010,736.8128093350679,0.01723380945622921,0.2328643798828125,0.15399999916553497,3.6437501907348633
2011,737.4237659266219,0.01917140930891037,0.23248291015625,0.1458749920129776,3.5437498092651367
2012,737.7579213120043,0.018766654655337334,0.2321014404296875,0.14474999904632568,3.653125047683716
2013,738.1242328565568,0.018947161734104156,0.231719970703125,0.14937500655651093,3.362499952316284
2014,738.4384222235531,0.015567613765597343,0.2313385009765625,0.14949999749660492,3.5874998569488525
2015,738.7537402175367,0.017306899651885033,0.23095703125,0.14275000989437103,3.5416667461395264
2016,739.092348670587,0.01684040017426014,0.2305755615234375,0.14499999582767487,3.487499952316284
2017,739.4091578368098,0.018475057557225227,0.230194091796875,0.15299999713897705,3.6187500953674316
2018,739.7450278764591,0.016548018902540207,0.2298126220703125,0.14662499725818634,3.5062501430511475
2019,740.0742999911308,0.01894250325858593,0.22943115234375,0.14412499964237213,3.5218751430511475
2020,740.4107402311638,0.018441341817378998,0.2290496826171875,0.1523749977350235,3.5968751907348633
2021,740.7252634493634,0.018996449187397957,0.228668212890625,0.15012499690055847,3.6031250953674316
2022,741.052995659411,0.019819241017103195,0.2282867431640625,0.14925000071525574,3.5625
2023,741.4002439249307,0.0190015509724617,0.2279052734375,0.14800000190734863,3.6374998092651367
2024,741.7153553077951,0.0174323171377182,0.2275238037109375,0.148250013589859,3.609375238418579
2025,742.051749180071,0.01786106638610363,0.227142333984375,0.15800000727176666,3.6187500953674316
2026,742.3813451956958,0.018381791189312935,0.2267608642578125,0.14812499284744263,3.6031250953674316
2027,742.7095888117328,0.018432490527629852,0.22637939453125,0.1496250033378601,3.6312496662139893
2028,743.1156253609806,0.0193780530244112,0.2259979248046875,0.15349999070167542,3.643749952316284
2029,743.5024868883193,0.01812000386416912,0.225616455078125,0.14799998700618744,3.5874998569488525
2030,743.8547223322093,0.01967029832303524,0.2252349853515625,0.15549999475479126,3.6812498569488525
2031,744.2213319605216,0.016384584829211235,0.224853515625,0.15075001120567322,3.6156249046325684
2032,744.5879092589021,0.016560757532715797,0.2244720458984375,0.14625000953674316,3.543750047683716
2033,744.9140195781365,0.017018625512719154,0.224090576171875,0.15137501060962677,3.643749952316284
2034,745.3295403057709,0.018472939729690552,0.2237091064453125,0.15025001764297485,3.4906249046325684
2035,745.7519294740632,0.01819666102528572,0.22332763671875,0.14637500047683716,3.5656251907348633
2036,746.06868976634,0.016673287376761436,0.2229461669921875,0.15312500298023224,3.6968750953674316
2037,746.4004416633397,0.01786222867667675,0.222564697265625,0.1524999886751175,3.6999998092651367
2038,746.7010464007035,0.018362121656537056,0.2221832275390625,0.1432500034570694,3.4624998569488525
2039,747.0072238259017,0.01686856523156166,0.2218017578125,0.1446249932050705,3.5041663646698
2040,747.3110548276454,0.018518388271331787,0.2214202880859375,0.14787501096725464,3.4968748092651367
2041,747.6852206084877,0.01760117895901203,0.221038818359375,0.1522499918937683,3.671875
2042,748.0329450648278,0.016686005517840385,0.2206573486328125,0.1508750021457672,3.653125047683716
2043,748.3589580589905,0.01878385618329048,0.22027587890625,0.1547500044107437,3.6937501430511475
2044,748.660313767381,0.018810585141181946,0.2198944091796875,0.14687500894069672,3.578125
2045,748.9614962218329,0.01711813546717167,0.219512939453125,0.1537500023841858,3.5437498092651367
2046,749.4272626899183,0.01743035763502121,0.2191314697265625,0.15412499010562897,3.656249761581421
2047,749.7942588580772,0.017208177596330643,0.21875,0.14562499523162842,3.734375
2048,750.1495141834021,0.019359396770596504,0.2183685302734375,0.15850000083446503,3.684375286102295
2049,750.4511547898874,0.019013484939932823,0.217987060546875,0.14762501418590546,3.53125
2050,750.7531664380804,0.01908750832080841,0.2176055908203125,0.1498750001192093,3.5375001430511475
2051,751.0614100713283,0.018346410244703293,0.21722412109375,0.1525000035762787,3.722916603088379
2052,751.4011719021946,0.017215736210346222,0.2168426513671875,0.15525001287460327,3.700000047683716
2053,751.7047578496858,0.018114663660526276,0.216461181640625,0.1471250206232071,3.5593748092651367
2054,752.0597907537594,0.016795918345451355,0.2160797119140625,0.16050000488758087,3.7718749046325684
2055,752.4142029751092,0.01793593540787697,0.2156982421875,0.14937500655651093,3.6812500953674316
2056,752.8136378219351,0.017613472416996956,0.2153167724609375,0.1472499966621399,3.5875000953674316
2057,753.1331006111577,0.01705211028456688,0.214935302734375,0.15125000476837158,3.5093750953674316
2058,753.5014304034412,0.018892016261816025,0.2145538330078125,0.15562500059604645,3.6343748569488525
2059,753.8970778025687,0.019358402118086815,0.21417236328125,0.14537499845027924,3.637500047683716
2060,754.2319711474702,0.016695138067007065,0.2137908935546875,0.1525000035762787,3.612499952316284
2061,754.5337100494653,0.019144225865602493,0.213409423828125,0.15312500298023224,3.781250238418579
2062,754.8982611196116,0.015253583900630474,0.2130279541015625,0.1576250046491623,3.5843749046325684
2063,755.2584830969572,0.018816113471984863,0.212646484375,0.1472499966621399,3.664583206176758
2064,755.6645997110754,0.018388651311397552,0.2122650146484375,0.15137499570846558,3.6187500953674316
2065,755.9847714826465,0.018468618392944336,0.211883544921875,0.15562500059604645,3.715625047683716
2066,756.315146073699,0.018422290682792664,0.2115020751953125,0.15212500095367432,3.5562500953674316
2067,756.6396648725495,0.018266309052705765,0.21112060546875,0.14637500047683716,3.59375
2068,756.9871482178569,0.018985338509082794,0.2107391357421875,0.14937500655651093,3.6468751430511475
2069,757.48184108641,0.0176071934401989,0.210357666015625,0.15162499248981476,3.5718748569488525
2070,757.8131219744682,0.019879627972841263,0.2099761962890625,0.1459999978542328,3.684375047683716
2071,758.1328883077949,0.016478966921567917,0.2095947265625,0.14687499403953552,3.4375
2072,758.4395692739636,0.018276860937476158,0.2092132568359375,0.14799998700618744,3.53125
2073,758.7430591294542,0.017566457390785217,0.208831787109375,0.15387499332427979,3.6187498569488525
2074,759.0534388655797,0.017962366342544556,0.2084503173828125,0.15662500262260437,3.7406249046325684
2075,759.3664300255477,0.016308167949318886,0.20806884765625,0.15062500536441803,3.664583206176758
2076,759.6854031691328,0.018271228298544884,0.2076873779296875,0.1497500091791153,3.643749952316284
2077,760.2988332090899,0.01792033016681671,0.207305908203125,0.1562499850988388,3.624999761581421
2078,760.6217374214903,0.017238929867744446,0.2069244384765625,0.14387500286102295,3.4781250953674316
2079,760.936037959531,0.01793774962425232,0.20654296875,0.14625000953674316,3.549999952316284
2080,761.2407047925517,0.0170615091919899,0.2061614990234375,0.14899998903274536,3.6468749046325684
2081,761.5827639019117,0.018686514347791672,0.205780029296875,0.15299999713897705,3.5968751907348633
2082,761.9930146904662,0.018185732886195183,0.2053985595703125,0.1523749828338623,3.5562496185302734
2083,762.3269401760772,0.02045728638768196,0.20501708984375,0.1497500091791153,3.6937501430511475
2084,762.6526061147451,0.019535187631845474,0.2046356201171875,0.15437498688697815,3.656249761581421
2085,762.9705309215933,0.01646997779607773,0.204254150390625,0.14750000834465027,3.5718748569488525
2086,763.2801693454385,0.01854405365884304,0.2038726806640625,0.14137500524520874,3.418750286102295
2087,763.6213707420975,0.017174391075968742,0.2034912109375,0.140625,3.4437501430511475
2088,763.9705539150164,0.017320822924375534,0.2031097412109375,0.15549999475479126,3.7125000953674316
2089,764.3050609789789,0.01734686642885208,0.202728271484375,0.15325000882148743,3.640625
2090,764.6068224431947,0.019323792308568954,0.2023468017578125,0.14862500131130219,3.5093748569488525
2091,764.9339109351858,0.018228495493531227,0.20196533203125,0.1432500034570694,3.596874952316284
2092,765.2568618971854,0.017415838316082954,0.2015838623046875,0.15287499129772186,3.671875
2093,765.5836211256683,0.017553161829710007,0.201202392578125,0.15862499177455902,3.7093749046325684
2094,765.9518313128501,0.01803627237677574,0.2008209228515625,0.1563750058412552,3.643749713897705
2095,766.255253159441,0.016224294900894165,0.200439453125,0.13262498378753662,3.468749761581421
2096,766.5628234278411,0.0170048326253891,0.2000579833984375,0.14250001311302185,3.4499998092651367
2097,766.8661812637001,0.01792142353951931,0.199676513671875,0.1548749953508377,3.559375286102295
2098,767.1974305631593,0.018587660044431686,0.1992950439453125,0.15525001287460327,3.5374999046325684
2099,767.5333082005382,0.01811518333852291,0.19891357421875,0.13612501323223114,3.4979164600372314
2100,767.8532533030957,0.01875743642449379,0.1985321044921875,0.15299999713897705,3.6625003814697266
2101,768.1957870889455,0.01735721528530121,0.198150634765625,0.15012499690055847,3.5031251907348633
2102,768.4998661810532,0.017140433192253113,0.1977691650390625,0.15512500703334808,3.778125047683716
2103,768.8537042448297,0.017213091254234314,0.1973876953125,0.14925000071525574,3.5562500953674316
2104,769.1649819705635,0.017274901270866394,0.1970062255859375,0.14550000429153442,3.6624999046325684
2105,769.6065025459975,0.017918158322572708,0.196624755859375,0.15162500739097595,3.424999952316284
2106,769.9481237670407,0.01794893480837345,0.1962432861328125,0.15062500536441803,3.674999952316284
2107,770.262692512013,0.017610136419534683,0.19586181640625,0.14925001561641693,3.7281250953674316
2108,770.5753320557997,0.017316773533821106,0.1954803466796875,0.15137499570846558,3.581249952316284
2109,770.8915864918381,0.017518073320388794,0.195098876953125,0.15650001168251038,3.700000047683716
2110,771.2216820660979,0.017288491129875183,0.1947174072265625,0.15425001084804535,3.6437501907348633
2111,771.591161314398,0.01759636215865612,0.1943359375,0.14425000548362732,3.5708329677581787
2112,771.9853456551209,0.017355777323246002,0.1939544677734375,0.1469999998807907,3.5250000953674316
2113,772.3198117408901,0.017424849793314934,0.193572998046875,0.1524999886751175,3.534374952316284
2114,772.6845015333965,0.016022102907299995,0.1931915283203125,0.14937499165534973,3.65625
2115,773.1318455412984,0.01664127968251705,0.19281005859375,0.14624999463558197,3.484375
2116,773.5920060183853,0.01633949764072895,0.1924285888671875,0.15174999833106995,3.6812500953674316
2117,773.921816714108,0.019084367901086807,0.192047119140625,0.15537500381469727,3.6781249046325684
2118,774.2575317351148,0.018304158002138138,0.1916656494140625,0.15712499618530273,3.7218751907348633
2119,774.5900455266237,0.017259176820516586,0.1912841796875,0.1508750021457672,3.7249999046325684
2120,774.9284139797091,0.01756955124437809,0.1909027099609375,0.15325000882148743,3.762500047683716
2121,775.2588679119945,0.016438255086541176,0.190521240234375,0.16212499141693115,3.6812498569488525
2122,775.590742032975,0.019159933552145958,0.1901397705078125,0.148624986410141,3.75
2123,775.9079879848287,0.01627114787697792,0.18975830078125,0.156125009059906,3.706249952316284
2124,776.2343664141372,0.018064839765429497,0.1893768310546875,0.1577499955892563,3.731250047683716
2125,776.5467619653791,0.016409220173954964,0.188995361328125,0.15312498807907104,3.6687498092651367
2126,776.866986386478,0.015676449984312057,0.1886138916015625,0.15724998712539673,3.781250238418579
2127,777.2072871271521,0.017492227256298065,0.188232421875,0.14762499928474426,3.628124713897705
2128,777.7713982891291,0.018190212547779083,0.1878509521484375,0.1536249965429306,3.6187500953674316
2129,778.1270256191492,0.01760162226855755,0.187469482421875,0.1563750058412552,3.7093751430511475
2130,778.4730826737359,0.01684921234846115,0.1870880126953125,0.1525000035762787,3.6750001907348633
2131,778.7955820504576,0.015382139012217522,0.18670654296875,0.15962499380111694,3.796875238418579
2132,779.1874723276123,0.01642778515815735,0.1863250732421875,0.14750000834465027,3.6656248569488525
2133,779.5312400301918,0.018343158066272736,0.185943603515625,0.14637500047683716,3.4656248092651367
2134,779.8651494542137,0.016361942514777184,0.1855621337890625,0.15524999797344208,3.640625
2135,780.1892779739574,0.018467646092176437,0.1851806640625,0.1496250033378601,3.6895830631256104
2136,780.5564805427566,0.01659875549376011,0.1847991943359375,0.15049999952316284,3.6062498092651367
2137,780.8621818451211,0.01762818545103073,0.184417724609375,0.15037499368190765,3.5687499046325684
2138,781.1808477351442,0.016644159331917763,0.1840362548828125,0.1511249989271164,3.5718748569488525
2139,781.4867757661268,0.016885381191968918,0.18365478515625,0.15174999833106995,3.6999998092651367
2140,781.8262478578836,0.017243556678295135,0.1832733154296875,0.14624999463558197,3.5999999046325684
2141,782.1371382512152,0.018101422116160393,0.182891845703125,0.15787500143051147,3.7218751907348633
2142,782.4427461456507,0.017098315060138702,0.1825103759765625,0.16037499904632568,3.778125047683716
2143,782.7570307832211,0.017824415117502213,0.18212890625,0.1473749876022339,3.684375047683716
2144,783.0598969683051,0.017220983281731606,0.1817474365234375,0.1537499874830246,3.609375
2145,783.3689877958968,0.01673341915011406,0.181365966796875,0.1575000137090683,3.793750047683716
2146,783.8207368319854,0.017075881361961365,0.1809844970703125,0.15787500143051147,3.762500286102295
2147,784.2766785835847,0.019854355603456497,0.18060302734375,0.14399999380111694,3.5479166507720947
2148,784.6238148929551,0.016248585656285286,0.1802215576171875,0.14912500977516174,3.578125
2149,784.9425735389814,0.017000868916511536,0.179840087890625,0.1601250022649765,3.7250001430511475
2150,785.7034097248688,0.01695164665579796,0.1794586181640625,0.1522500067949295,3.6781249046325684
2151,786.655038587749,0.015263058245182037,0.1790771484375,0.148624986410141,3.596874952316284
2152,787.0134704858065,0.019544582813978195,0.1786956787109375,0.14899998903274536,3.6500000953674316
2153,787.3502627760172,0.01630588062107563,0.178314208984375,0.1667500138282776,3.843749761581421
2154,787.6615971783176,0.016404252499341965,0.1779327392578125,0.1524999886751175,3.6812500953674316
2155,787.9890416255221,0.017675558105111122,0.17755126953125,0.14824999868869781,3.653125047683716
2156,788.3031528443098,0.019036827608942986,0.1771697998046875,0.1550000011920929,3.8031249046325684
2157,788.6288898894563,0.015099229291081429,0.176788330078125,0.15000000596046448,3.4749999046325684
2158,788.99827021081,0.015207559801638126,0.1764068603515625,0.16112500429153442,3.78125
2159,789.3398098265752,0.017633715644478798,0.176025390625,0.1510000079870224,3.7520830631256104
2160,789.649349742569,0.015546197071671486,0.1756439208984375,0.14900000393390656,3.6187500953674316
2161,789.962568753399,0.01651029661297798,0.175262451171875,0.15787500143051147,3.6656250953674316
2162,790.3151932312176,0.016505911946296692,0.1748809814453125,0.15000000596046448,3.621875047683716
2163,790.6393037866801,0.016247276216745377,0.17449951171875,0.14424999058246613,3.6156249046325684
2164,790.9614037070423,0.016809850931167603,0.1741180419921875,0.14824999868869781,3.4937500953674316
2165,791.2669537821785,0.017715461552143097,0.173736572265625,0.15324999392032623,3.5562496185302734
2166,791.6168055711314,0.015857238322496414,0.1733551025390625,0.1574999988079071,3.6937496662139893
2167,791.9611488217488,0.0176473930478096,0.1729736328125,0.1432500034570694,3.671875
2168,792.3143059564754,0.017805440351366997,0.1725921630859375,0.15275000035762787,3.6500000953674316
2169,792.6485631978139,0.016061771661043167,0.172210693359375,0.15187500417232513,3.625
2170,792.99754584115,0.018693696707487106,0.1718292236328125,0.15325000882148743,3.5875000953674316
2171,793.3426184533164,0.016841307282447815,0.17144775390625,0.14675000309944153,3.6000003814697266
2172,793.6495467377827,0.020135410130023956,0.1710662841796875,0.1588749885559082,3.8125
2173,794.0268477806821,0.015641972422599792,0.170684814453125,0.15012501180171967,3.5500001907348633
2174,794.382931846194,0.01703253760933876,0.1703033447265625,0.15825000405311584,3.8156251907348633
2175,794.7266736486927,0.01715555600821972,0.169921875,0.15162500739097595,3.6812500953674316
2176,795.0248058428988,0.01796114630997181,0.1695404052734375,0.15412500500679016,3.7218751907348633
2177,795.3379364768043,0.01831492967903614,0.169158935546875,0.15600000321865082,3.5874998569488525
2178,795.6784046236426,0.016437891870737076,0.1687774658203125,0.15025000274181366,3.63124942779541
2179,795.9790816968307,0.01629827357828617,0.16839599609375,0.1536249965429306,3.784374952316284
2180,796.2945999801159,0.01841573975980282,0.1680145263671875,0.15175001323223114,3.656249761581421
2181,796.5934557747096,0.01757143996655941,0.167633056640625,0.1550000011920929,3.6812500953674316
2182,796.9256369555369,0.018878202885389328,0.1672515869140625,0.1472499966621399,3.4593751430511475
2183,797.2458738395944,0.017139099538326263,0.1668701171875,0.14612501859664917,3.629166603088379
2184,797.6013533594087,0.018192127346992493,0.1664886474609375,0.15150000154972076,3.565624952316284
2185,797.9334150059149,0.01760552078485489,0.166107177734375,0.1547500044107437,3.7062501907348633
2186,798.251138673164,0.01744917780160904,0.1657257080078125,0.1525000035762787,3.5812501907348633
2187,798.5526055796072,0.01670706830918789,0.16534423828125,0.148499995470047,3.762500047683716
2188,798.8811182873324,0.015839386731386185,0.1649627685546875,0.1537500023841858,3.65625
2189,799.2784059606493,0.01563679426908493,0.164581298828125,0.15049999952316284,3.578125238418579
2190,799.6232693782076,0.015687841922044754,0.1641998291015625,0.15387500822544098,3.6999998092651367
2191,799.9726920537651,0.015932008624076843,0.163818359375,0.1497500091791153,3.6781249046325684
2192,800.278109668754,0.017688162624835968,0.1634368896484375,0.1497500091791153,3.59375
2193,800.6501515666023,0.0181394312530756,0.163055419921875,0.1471250057220459,3.612499713897705
2194,801.0716135371476,0.017326338216662407,0.1626739501953125,0.1551249921321869,3.6031246185302734
2195,801.4809628399089,0.015938574448227882,0.16229248046875,0.14812500774860382,3.562499761581421
2196,801.8259917898104,0.016648678109049797,0.1619110107421875,0.1497500091791153,3.543750047683716
2197,802.1509038936347,0.01720954105257988,0.161529541015625,0.14624999463558197,3.5093750953674316
2198,802.4661388900131,0.01774899661540985,0.1611480712890625,0.1497500091791153,3.5531251430511475
2199,802.7854001270607,0.016666891053318977,0.1607666015625,0.14662499725818634,3.6343748569488525
2200,803.1321301469579,0.018210910260677338,0.1603851318359375,0.1471249908208847,3.424999952316284
2201,803.5798686407506,0.018244663253426552,0.160003662109375,0.14862500131130219,3.671875
2202,804.0062319980934,0.017990807071328163,0.1596221923828125,0.1666250079870224,3.7468748092651367
2203,804.3490587696433,0.01647726260125637,0.15924072265625,0.14300000667572021,3.6906251907348633
2204,804.6830016272143,0.01816249080002308,0.1588592529296875,0.15412501990795135,3.546874761581421
2205,805.0336766624823,0.01594867743551731,0.158477783203125,0.15262499451637268,3.8062498569488525
2206,805.3603785941377,0.01826152391731739,0.1580963134765625,0.15324999392032623,3.549999713897705
2207,805.695060107857,0.016724931076169014,0.15771484375,0.14162500202655792,3.5375001430511475
2208,805.9972576480359,0.01745271496474743,0.1573333740234375,0.15837499499320984,3.7531251907348633
2209,806.6524131661281,0.020112188532948494,0.156951904296875,0.14687499403953552,3.5562498569488525
2210,806.9757522409782,0.01594148576259613,0.1565704345703125,0.15387499332427979,3.5250000953674316
2211,807.3278878917918,0.016487102955579758,0.15618896484375,0.14775000512599945,3.7093749046325684
2212,807.6670907745138,0.01600750721991062,0.1558074951171875,0.1458749920129776,3.468750238418579
2213,807.9990816954523,0.01728096790611744,0.155426025390625,0.15937499701976776,3.7624998092651367
2214,808.3191436491907,0.015869807451963425,0.1550445556640625,0.15687501430511475,3.6968750953674316
2215,808.6476671267301,0.017783358693122864,0.1546630859375,0.14387500286102295,3.7437498569488525
2216,808.9917483823374,0.019285663962364197,0.1542816162109375,0.1536250114440918,3.59375
2217,809.2936213491485,0.017687836661934853,0.153900146484375,0.15074999630451202,3.6031250953674316
2218,809.6365857319906,0.016283806413412094,0.1535186767578125,0.1601250022649765,3.753124952316284
2219,810.0207652235404,0.017528889700770378,0.15313720703125,0.1472499966621399,3.633333444595337
2220,810.4947308311239,0.01699657551944256,0.1527557373046875,0.1577499955892563,3.7593750953674316
2221,811.2574214767665,0.017384322360157967,0.152374267578125,0.1551249921321869,3.718749761581421
2222,811.6743314797059,0.018273526802659035,0.1519927978515625,0.1523750126361847,3.6125001907348633
2223,812.0121069708839,0.0165085606276989,0.151611328125,0.1446250081062317,3.637500047683716
2224,812.3710434045643,0.017873656004667282,0.1512298583984375,0.15625,3.7156248092651367
2225,812.6991151180118,0.016102004796266556,0.150848388671875,0.1575000137090683,3.7249999046325684
2226,813.0281320204958,0.01677594892680645,0.1504669189453125,0.14812500774860382,3.5531249046325684
2227,813.3839083230123,0.017992019653320312,0.15008544921875,0.1456250101327896,3.4968748092651367
2228,813.7330572139472,0.015862304717302322,0.1497039794921875,0.15649999678134918,3.7312498092651367
2229,814.0368459895253,0.01486179418861866,0.149322509765625,0.15437500178813934,3.6781249046325684
2230,814.3654283303767,0.016842905431985855,0.1489410400390625,0.15199999511241913,3.609375
2231,814.7035019882023,0.018234603106975555,0.1485595703125,0.15049999952316284,3.687500238418579
2232,815.0236164461821,0.01850936934351921,0.1481781005859375,0.1587499976158142,3.8187501430511475
2233,815.3494692575186,0.017604997381567955,0.147796630859375,0.1536249965429306,3.6781249046325684
2234,815.6824103081599,0.016505926847457886,0.1474151611328125,0.1574999988079071,3.7375001907348633
2235,816.0084764957428,0.01748840883374214,0.14703369140625,0.148499995470047,3.5968751907348633
2236,816.3363100159913,0.014867655001580715,0.1466522216796875,0.15424999594688416,3.700000047683716
2237,816.6715241977945,0.016918711364269257,0.146270751953125,0.16062499582767487,3.875
2238,816.9982340466231,0.016521817073225975,0.1458892822265625,0.16124999523162842,3.7124998569488525
2239,817.3199670650065,0.016930272802710533,0.1455078125,0.15012498199939728,3.7843751907348633
2240,817.6530107697472,0.016204500570893288,0.1451263427734375,0.14737500250339508,3.6218748092651367
2241,817.9550143284723,0.01591898687183857,0.144744873046875,0.15662498772144318,3.65625
2242,818.426253920421,0.017140574753284454,0.1443634033203125,0.14787501096725464,3.5250000953674316
2243,818.8479010406882,0.017580028623342514,0.14398193359375,0.15312500298023224,3.6895835399627686
2244,819.2161059277132,0.01565898209810257,0.1436004638671875,0.15937499701976776,3.765625
2245,819.5962402876467,0.01425828505307436,0.143218994140625,0.15000000596046448,3.5625
2246,819.9283439684659,0.01732485555112362,0.1428375244140625,0.1485000103712082,3.6156249046325684
2247,820.2596494955942,0.015674931928515434,0.1424560546875,0.14875000715255737,3.6374998092651367
2248,820.5870642419904,0.016396695747971535,0.1420745849609375,0.15025000274181366,3.6531248092651367
2249,820.9204359687865,0.01786128804087639,0.141693115234375,0.15287500619888306,3.5593748092651367
2250,821.2215749388561,0.017291031777858734,0.1413116455078125,0.15074999630451202,3.5437498092651367
2251,821.5517668928951,0.016559559851884842,0.14093017578125,0.15150000154972076,3.746875047683716
2252,821.8666184470057,0.01582340896129608,0.1405487060546875,0.1599999964237213,3.784374952316284
2253,822.2325116889551,0.01840493269264698,0.140167236328125,0.15337501466274261,3.784374952316284
2254,822.6164426291361,0.018328512087464333,0.1397857666015625,0.15850001573562622,3.625000238418579
2255,822.9908021129668,0.015702219679951668,0.139404296875,0.1522500067949295,3.749999761581421
2256,823.3344967123121,0.018134593963623047,0.1390228271484375,0.15449999272823334,3.7093746662139893
2257,823.6567850839347,0.01735568791627884,0.138641357421875,0.1550000160932541,3.6687498092651367
2258,824.0610916391015,0.01619143597781658,0.1382598876953125,0.1548749953508377,3.6875
2259,824.4245652994141,0.01684696413576603,0.13787841796875,0.1536249965429306,3.7562499046325684
2260,824.7669945899397,0.015729069709777832,0.1374969482421875,0.15349999070167542,3.606250047683716
2261,825.1436405116692,0.016608884558081627,0.137115478515625,0.15275000035762787,3.8625001907348633
2262,825.4629291016608,0.017976529896259308,0.1367340087890625,0.15662501752376556,3.609375
2263,825.772758747451,0.01853823848068714,0.1363525390625,0.1587499976158142,3.753124713897705
2264,826.0945400567725,0.016856834292411804,0.1359710693359375,0.15137501060962677,3.7687501907348633
2265,826.5570238074288,0.015961118042469025,0.135589599609375,0.15062500536441803,3.518749952316284
2266,826.8873175056651,0.018525298684835434,0.1352081298828125,0.1509999930858612,3.65625
2267,827.2969480799511,0.016458583995699883,0.13482666015625,0.15050001442432404,3.6541664600372314
2268,827.6712079839781,0.015124049037694931,0.1344451904296875,0.15574999153614044,3.762500047683716
2269,828.008945543319,0.01444945577532053,0.134063720703125,0.15287500619888306,3.5406250953674316
2270,828.3570707784966,0.016269579529762268,0.1336822509765625,0.1496250033378601,3.6187500953674316
2271,828.6941139912233,0.01619441621005535,0.13330078125,0.1433749943971634,3.6031248569488525
2272,829.0085277426988,0.017315983772277832,0.1329193115234375,0.15700000524520874,3.6218748092651367
2273,829.3406926905736,0.01656920649111271,0.132537841796875,0.15549999475479126,3.668750286102295
2274,829.6532568149269,0.016250962391495705,0.1321563720703125,0.1535000056028366,3.7562499046325684
2275,830.1075502475724,0.016829995438456535,0.13177490234375,0.15337499976158142,3.6968746185302734
2276,830.7418404947966,0.015524618327617645,0.1313934326171875,0.15137499570846558,3.6343748569488525
2277,831.6508513055742,0.01700788550078869,0.131011962890625,0.15850000083446503,3.746875047683716
2278,832.0657402249053,0.016607612371444702,0.1306304931640625,0.14899998903274536,3.5718750953674316
2279,832.4137470563874,0.01520161610096693,0.1302490234375,0.14887499809265137,3.664583444595337
2280,832.7316971477121,0.019252965226769447,0.1298675537109375,0.1470000147819519,3.471874952316284
2281,833.0711401514709,0.016752712428569794,0.129486083984375,0.15537500381469727,3.7124998569488525
2282,833.3995769871399,0.01744775101542473,0.1291046142578125,0.15150000154972076,3.565624952316284
2283,833.7190256109461,0.017852991819381714,0.12872314453125,0.15000000596046448,3.640625
2284,834.0492252493277,0.020965121686458588,0.1283416748046875,0.15537500381469727,3.8781251907348633
2285,834.4225372765213,0.017774123698472977,0.127960205078125,0.15575000643730164,3.5843749046325684
2286,834.7578274924308,0.01782442443072796,0.1275787353515625,0.1497500091791153,3.6343750953674316
2287,835.1332609541714,0.0167806725949049,0.127197265625,0.1563750058412552,3.6937499046325684
2288,835.437034862116,0.016329001635313034,0.1268157958984375,0.1573750078678131,3.812499761581421
2289,835.7568925814703,0.01892448589205742,0.126434326171875,0.14537499845027924,3.4937500953674316
2290,836.0850642845035,0.019286805763840675,0.1260528564453125,0.15825000405311584,3.749999761581421
2291,836.5096685746685,0.018252164125442505,0.12567138671875,0.14800000190734863,3.6770832538604736
2292,836.8425212064758,0.016361746937036514,0.1252899169921875,0.1510000079870224,3.6312499046325684
2293,837.1991616562009,0.019757071509957314,0.12490880489349365,0.15699999034404755,3.721874952316284
2294,837.5038285274059,0.01550595834851265,0.12452882528305054,0.15012498199939728,3.5437498092651367
2295,837.8494254369289,0.018971534445881844,0.12414884567260742,0.15049999952316284,3.753124952316284
2296,838.1811053240672,0.015975050628185272,0.1237688660621643,0.15687499940395355,3.734375
2297,838.5146915586665,0.018382083624601364,0.12338888645172119,0.15162497758865356,3.5999999046325684
2298,838.8563276026398,0.016897160559892654,0.12300890684127808,0.16112500429153442,3.7124996185302734
2299,839.158675884828,0.01729140616953373,0.12262892723083496,0.14537499845027924,3.749999761581421
2300,839.4673015195876,0.015858205035328865,0.12224894762039185,0.1535000205039978,3.628124952316284
2301,839.7755808886141,0.01705143228173256,0.12186896800994873,0.15037500858306885,3.6656250953674316
2302,840.0836146129295,0.016044920310378075,0.12148898839950562,0.16124999523162842,3.637500047683716
2303,840.3931498490274,0.018947504460811615,0.1211090087890625,0.14425000548362732,3.6312503814697266
2304,840.7242742097005,0.01768835261464119,0.12072902917861938,0.15537500381469727,3.7156248092651367
2305,841.0278626699001,0.014629282057285309,0.12034904956817627,0.15712501108646393,3.715625047683716
2306,841.331474323757,0.019003914669156075,0.11996906995773315,0.15524999797344208,3.6781246662139893
2307,841.6353455074131,0.015700867399573326,0.11958909034729004,0.15137499570846558,3.71875
2308,841.9412138136104,0.01461879163980484,0.11920911073684692,0.1485000103712082,3.6156251430511475
2309,842.2441245904192,0.016889004036784172,0.11882913112640381,0.15412500500679016,3.6156249046325684
2310,842.546476829797,0.014906937256455421,0.1184491515159607,0.15199999511241913,3.6625001430511475
2311,842.8488514125347,0.015144561417400837,0.11806917190551758,0.1496250033378601,3.671875
2312,843.1646402357146,0.017227839678525925,0.11768919229507446,0.15662500262260437,3.746875047683716
2313,843.5478981574997,0.01849701628088951,0.11730921268463135,0.15162500739097595,3.6812500953674316
2314,843.8618673970923,0.014206541702151299,0.11692923307418823,0.16124999523162842,3.7593746185302734
2315,844.1796484719962,0.016079489141702652,0.11654925346374512,0.15312500298023224,3.7124998569488525
2316,844.7072334857658,0.017716331407427788,0.116169273853302,0.15712499618530273,3.753124952316284
2317,845.0374831696972,0.01542041078209877,0.11578929424285889,0.156374990940094,3.7281250953674316
2318,845.3747986406088,0.014876113273203373,0.11540931463241577,0.14750000834465027,3.6281251907348633
2319,845.7262879898772,0.015802878886461258,0.11502933502197266,0.1599999964237213,3.8062500953674316
2320,846.0360129550099,0.01580166444182396,0.11464935541152954,0.1599999964237213,3.8187499046325684
2321,846.3657373767346,0.01702708750963211,0.11426937580108643,0.15187500417232513,3.653125047683716
2322,846.7089648777619,0.016453402116894722,0.11388939619064331,0.1589999943971634,3.721874713897705
2323,847.1333145806566,0.015036892145872116,0.1135094165802002,0.14625000953674316,3.687500238418579
2324,847.4655608860776,0.017145797610282898,0.11312943696975708,0.1548750102519989,3.6625001430511475
2325,847.7895765025169,0.017772428691387177,0.11274945735931396,0.15974999964237213,3.7593750953674316
2326,848.1503318501636,0.016259046271443367,0.11236947774887085,0.14537499845027924,3.565624952316284
2327,848.5125304311514,0.017010973766446114,0.11198949813842773,0.14749999344348907,3.570833444595337
2328,848.848476187326,0.01800619065761566,0.11160951852798462,0.15837499499320984,3.778125047683716
2329,849.1595707749948,0.017549900338053703,0.1112295389175415,0.15512500703334808,3.6343748569488525
2330,849.4668629160151,0.017336947843432426,0.11084955930709839,0.15724998712539673,3.8687500953674316
2331,849.7738179974258,0.015454073436558247,0.11046957969665527,0.14337500929832458,3.4125001430511475
2332,850.1317902673036,0.016766700893640518,0.11008960008621216,0.15812499821186066,3.831249952316284
2333,850.5806475421414,0.015439948998391628,0.10970962047576904,0.1471249908208847,3.4906249046325684
2334,851.0044222464785,0.018136421218514442,0.10932964086532593,0.15587501227855682,3.6437501907348633
2335,851.3137789955363,0.017822420224547386,0.10894966125488281,0.1522499918937683,3.78125
2336,851.6577831860632,0.017045579850673676,0.1085696816444397,0.15187500417232513,3.5843751430511475
2337,851.9912276286632,0.018426131457090378,0.10818970203399658,0.1641249805688858,3.9343748092651367
2338,852.3319488065317,0.01561486441642046,0.10780972242355347,0.1522499918937683,3.628124713897705
2339,852.6998762199655,0.01697220467031002,0.10742974281311035,0.15412500500679016,3.772916555404663
2340,853.0318928798661,0.016731202602386475,0.10704976320266724,0.15962499380111694,3.78749942779541
2341,853.3652059044689,0.015671491622924805,0.10666978359222412,0.15800000727176666,3.765625
2342,853.7045753924176,0.017397988587617874,0.106289803981781,0.15537498891353607,3.7093749046325684
2343,854.0612848429009,0.0157040785998106,0.10590982437133789,0.1469999998807907,3.5968754291534424
2344,854.3903614077717,0.0179067924618721,0.10552984476089478,0.1550000011920929,3.674999713897705
2345,854.7818581247702,0.01665630377829075,0.10514986515045166,0.15950000286102295,3.737499952316284
2346,855.14632999897,0.014705431647598743,0.10476988554000854,0.15700000524520874,3.8718748092651367
2347,855.4849884109572,0.016087841242551804,0.10438990592956543,0.15537500381469727,3.8062498569488525
2348,855.7981087239459,0.016459189355373383,0.10400992631912231,0.14500001072883606,3.549999713897705
2349,856.1255805194378,0.016645289957523346,0.1036299467086792,0.15987500548362732,3.65625
2350,856.445245760493,0.015407413244247437,0.10324996709823608,0.15524999797344208,3.8531246185302734
2351,856.7602593367919,0.015142333693802357,0.10286998748779297,0.15150000154972076,3.6354167461395264
2352,857.0662080543116,0.01675114408135414,0.10249000787734985,0.1496250033378601,3.6187498569488525
2353,857.3936679800972,0.016898978501558304,0.10211002826690674,0.16249999403953552,3.8031249046325684
2354,857.707177397795,0.01686740294098854,0.10173004865646362,0.16212499141693115,3.815624952316284
2355,858.047774198465,0.015477962791919708,0.10135006904602051,0.1483749896287918,3.7406249046325684
2356,858.3882005885243,0.014819072559475899,0.10097008943557739,0.15287500619888306,3.643749713897705
2357,858.7122148815542,0.017251022160053253,0.10059010982513428,0.1587500125169754,3.659374952316284
2358,859.1190213579684,0.01673015207052231,0.10021013021469116,0.15025000274181366,3.6656250953674316
2359,859.4693285701796,0.014807355590164661,0.09983015060424805,0.15537500381469727,3.781249761581421
2360,859.8007450737059,0.016562985256314278,0.09945017099380493,0.1535000205039978,3.71875
2361,860.1200341721997,0.014255535788834095,0.09907019138336182,0.15600000321865082,3.637500047683716
2362,860.480229139328,0.015937045216560364,0.0986902117729187,0.1525000035762787,3.6781251430511475
2363,860.7902700537816,0.016165930777788162,0.09831023216247559,0.1443749964237213,3.5958335399627686
2364,861.1028894577175,0.014759478159248829,0.09793025255203247,0.15387499332427979,3.6937499046325684
2365,861.4297548374161,0.019489504396915436,0.09755027294158936,0.156125009059906,3.65625
2366,861.7601985894144,0.014500746503472328,0.09717029333114624,0.15537500381469727,3.7781248092651367
2367,862.1149335531518,0.016207274049520493,0.09679031372070312,0.13762500882148743,3.4812498092651367
2368,862.4393290877342,0.016795426607131958,0.09641033411026001,0.16687500476837158,3.8687498569488525
2369,862.7979907523841,0.01670796424150467,0.0960303544998169,0.1548750102519989,3.6468749046325684
2370,863.1907531060278,0.016365941613912582,0.09565037488937378,0.15687499940395355,3.737499952316284
2371,863.5675088604912,0.016933176666498184,0.09527039527893066,0.15187500417232513,3.659374952316284
2372,863.9013457363471,0.018785808235406876,0.09489041566848755,0.15424999594688416,3.7406249046325684
2373,864.2096322895959,0.015761815011501312,0.09451043605804443,0.1601249873638153,3.7718749046325684
2374,864.6770304879174,0.016513759270310402,0.09413045644760132,0.14812499284744263,3.6812498569488525
2375,865.0132063403726,0.014957037754356861,0.0937504768371582,0.1510000079870224,3.6395833492279053
2376,865.3479679273441,0.015141218900680542,0.09337049722671509,0.15299999713897705,3.612499713897705
2377,865.653757372871,0.01595161482691765,0.09299051761627197,0.15862500667572021,3.8031251430511475
2378,866.1687211357057,0.01763441041111946,0.09261053800582886,0.15212500095367432,3.671875
2379,866.5023356806487,0.016021398827433586,0.09223055839538574,0.156125009059906,3.7562501430511475
2380,866.8430916927755,0.016018614172935486,0.09185057878494263,0.14624999463558197,3.549999952316284
2381,867.2117498703301,0.015206502750515938,0.09147059917449951,0.15950000286102295,3.8187499046325684
2382,867.6151956971735,0.01673954911530018,0.0910906195640564,0.15962500870227814,3.6843748092651367
2383,867.9234917871654,0.014884987846016884,0.09071063995361328,0.15912500023841858,3.8062500953674316
2384,868.2349067404866,0.014282348565757275,0.09033066034317017,0.14887501299381256,3.75
2385,868.5444186124951,0.016613060608506203,0.08995068073272705,0.1613750010728836,3.75
2386,868.8474746849388,0.016706058755517006,0.08957070112228394,0.156374990940094,3.893749713897705
2387,869.1599155003205,0.0171728003770113,0.08919072151184082,0.1523749977350235,3.6583335399627686
2388,869.5554107064381,0.016517212614417076,0.0888107419013977,0.15675000846385956,3.721874952316284
2389,869.8853215910494,0.015458645299077034,0.08843076229095459,0.15549999475479126,3.71875
2390,870.2866070773453,0.014103274792432785,0.08805078268051147,0.15775001049041748,3.7624998092651367
2391,870.6600272785872,0.01759672537446022,0.08767080307006836,0.14662499725818634,3.5906248092651367
2392,870.9727299800143,0.01684778369963169,0.08729082345962524,0.15074999630451202,3.674999952316284
2393,871.3329397356138,0.016200920566916466,0.08691084384918213,0.15912501513957977,3.737499952316284
2394,871.6533207613975,0.01602926477789879,0.08653086423873901,0.16112498939037323,3.7249999046325684
2395,872.1259313262999,0.01589607074856758,0.0861508846282959,0.15000000596046448,3.7874999046325684
2396,872.4929521558806,0.017052926123142242,0.08577090501785278,0.1547500044107437,3.6656253337860107
2397,872.8906715605408,0.01576843112707138,0.08539092540740967,0.15625,3.7437496185302734
2398,873.2073324844241,0.01686449721455574,0.08501094579696655,0.15325000882148743,3.6875
2399,873.5670491876081,0.016742313280701637,0.08463096618652344,0.15074998140335083,3.666666269302368
2400,873.8995827855542,0.01726381480693817,0.08425098657608032,0.15437498688697815,3.7093749046325684
2401,874.2286324901506,0.016658883541822433,0.08387100696563721,0.1577499955892563,3.6875
2402,874.6222071610391,0.015263180248439312,0.08349102735519409,0.15725000202655792,3.749999761581421
2403,874.9607509970665,0.018065912649035454,0.08311104774475098,0.15037497878074646,3.799999713897705
2404,875.345118929632,0.01649855636060238,0.08273106813430786,0.15837500989437103,3.6499996185302734
2405,875.6797127183527,0.014480849727988243,0.08235108852386475,0.1523750126361847,3.731250047683716
2406,876.1284779366106,0.016989143565297127,0.08197110891342163,0.16374999284744263,3.8312501907348633
2407,876.44481695164,0.017724325880408287,0.08159112930297852,0.14537501335144043,3.6499998569488525
2408,876.8249675640836,0.016720864921808243,0.0812111496925354,0.16312499344348907,3.8312501907348633
2409,877.1726280646399,0.01725659891963005,0.08083117008209229,0.15725000202655792,3.7406249046325684
2410,877.5080184014514,0.01505220029503107,0.08045119047164917,0.15387500822544098,3.65625
2411,877.8315814696252,0.017969928681850433,0.08007121086120605,0.1563750058412552,3.8125
2412,878.1908871438354,0.016501950100064278,0.07969123125076294,0.15000000596046448,3.6125004291534424
2413,878.5297214603052,0.01751396246254444,0.07931125164031982,0.15862500667572021,3.7124998569488525
2414,878.8665884900838,0.0178047027438879,0.07893127202987671,0.16287502646446228,3.8937501907348633
2415,879.289651889354,0.015763388946652412,0.0785512924194336,0.14800001680850983,3.684375047683716
2416,880.0464356094599,0.016944250091910362,0.07817131280899048,0.1547500044107437,3.6968750953674316
2417,880.3903096243739,0.01603151485323906,0.07779133319854736,0.1576250046491623,3.7875001430511475
2418,880.7192996488884,0.015161596238613129,0.07741135358810425,0.16387498378753662,3.734374761581421
2419,881.0786987440661,0.015175138600170612,0.07703137397766113,0.1497500091791153,3.762500047683716
2420,881.4145242497325,0.015323900617659092,0.07665139436721802,0.1561249941587448,3.768749952316284
2421,881.7448317110538,0.015750186517834663,0.0762714147567749,0.16124999523162842,3.8062500953674316
2422,882.1704727597535,0.016104696318507195,0.07589143514633179,0.1587499976158142,3.7375001907348633
2423,882.496589214541,0.017485173419117928,0.07551145553588867,0.14799998700618744,3.695833444595337
2424,882.8290153760463,0.017309213057160378,0.07513147592544556,0.15912500023841858,3.8125
2425,883.1415528543293,0.015620972029864788,0.07475149631500244,0.1576250046491623,3.7718749046325684
2426,883.4609517641366,0.014541146345436573,0.07437151670455933,0.16037499904632568,3.746875047683716
2427,883.7950032418594,0.01438855566084385,0.07399153709411621,0.15287500619888306,3.765625
2428,884.1461667744443,0.014194255694746971,0.0736115574836731,0.15724998712539673,3.8031251430511475
2429,884.4932613950223,0.015340570360422134,0.07323157787322998,0.15962499380111694,3.784374952316284
2430,884.7945809960365,0.015188843011856079,0.07285159826278687,0.15462499856948853,3.71875
2431,885.1197639945894,0.017115261405706406,0.07247161865234375,0.14299999177455902,3.4937498569488525
2432,885.4467733111233,0.017484676092863083,0.07209163904190063,0.1522499918937683,3.6999998092651367
2433,885.7869922034442,0.01682185009121895,0.07171165943145752,0.1614999920129776,3.718750238418579
2434,886.1052722744644,0.01720997504889965,0.0713316798210144,0.16350001096725464,3.8781251907348633
2435,886.451029942371,0.014815335161983967,0.07095170021057129,0.14112500846385956,3.585416793823242
2436,886.797503137961,0.015420189127326012,0.07057172060012817,0.15787500143051147,3.7906248569488525
2437,887.1361430520192,0.017484428361058235,0.07019174098968506,0.1549999862909317,3.6624999046325684
2438,887.5792653560638,0.015008620917797089,0.06981176137924194,0.16574998199939728,3.9437501430511475
2439,887.9629570897669,0.017071913927793503,0.06943178176879883,0.15199999511241913,3.796875
2440,888.2931196754798,0.013506552204489708,0.06905180215835571,0.15512500703334808,3.8031246662139893
2441,888.6259858291596,0.014224488288164139,0.0686718225479126,0.15287499129772186,3.4937498569488525
2442,888.9763307720423,0.015180320478975773,0.06829184293746948,0.15950000286102295,3.7062501907348633
2443,889.3121986500919,0.01505639310926199,0.06791186332702637,0.15000000596046448,3.78125
2444,889.6447819573805,0.015382052399218082,0.06753188371658325,0.15562500059604645,3.6875
2445,890.0010681785643,0.014627249911427498,0.06715190410614014,0.1629999876022339,3.859375
2446,890.3246218627319,0.015994872897863388,0.06677192449569702,0.15862499177455902,3.7718749046325684
2447,890.6595105845481,0.016699550673365593,0.0663919448852539,0.15174999833106995,3.754166603088379
2448,891.0300987018272,0.015055015683174133,0.06601196527481079,0.1496250033378601,3.628124713897705
2449,891.4143940890208,0.01596187613904476,0.06563198566436768,0.1626250147819519,3.7718749046325684
2450,891.7570757148787,0.01674826815724373,0.06525200605392456,0.16050000488758087,3.8343751430511475
2451,892.0871146665886,0.015296876430511475,0.06487202644348145,0.1431249976158142,3.5687499046325684
2452,892.4360700296238,0.015913866460323334,0.06449204683303833,0.15837500989437103,3.8031251430511475
2453,892.7689235489815,0.016539091244339943,0.06411206722259521,0.15449999272823334,3.703125
2454,893.1194774983451,0.01539729442447424,0.0637320876121521,0.16049998998641968,3.7281248569488525
2455,893.5995813244954,0.01591033674776554,0.06335210800170898,0.15324999392032623,3.7062501907348633
2456,893.95720362477,0.016433097422122955,0.06297212839126587,0.15712501108646393,3.840625047683716
2457,894.3156166924164,0.018194280564785004,0.06259214878082275,0.16124999523162842,3.7875001430511475
2458,894.654049073346,0.015270067378878593,0.06221216917037964,0.1652500033378601,3.9624998569488525
2459,894.9950303807855,0.016550159081816673,0.06183218955993652,0.14900000393390656,3.695833206176758
2460,895.3517683278769,0.015631942078471184,0.06145220994949341,0.15050001442432404,3.624999761581421
2461,895.7413248447701,0.01659310981631279,0.06107223033905029,0.16487498581409454,3.825000047683716
2462,896.0806470708922,0.017700528725981712,0.06069225072860718,0.16087502241134644,3.8562498092651367
2463,896.4018068313599,0.01866622269153595,0.06031227111816406,0.15337499976158142,3.8187501430511475
2464,896.7511038007215,0.01602128893136978,0.05993229150772095,0.15424999594688416,3.6875
2465,897.0900754136965,0.018406059592962265,0.05955231189727783,0.15825000405311584,3.6999998092651367
2466,897.3936527799815,0.016035180538892746,0.05917233228683472,0.15462499856948853,3.7406246662139893
2467,897.701186795719,0.01610410585999489,0.0587923526763916,0.15974999964237213,3.8468751907348633
2468,898.0207226928324,0.014830753207206726,0.058412373065948486,0.15000000596046448,3.65625
2469,898.3786485586315,0.017320122569799423,0.05803239345550537,0.1651250123977661,3.765624761581421
2470,898.6797447074205,0.015967709943652153,0.057652413845062256,0.16312499344348907,4.084374904632568
2471,899.1412951694801,0.015484938398003578,0.05727243423461914,0.1495000123977661,3.6666667461395264
2472,899.5162549316883,0.015673723071813583,0.056892454624176025,0.1523750126361847,3.6687498092651367
2473,899.8413991676643,0.014420384541153908,0.05651247501373291,0.1616249978542328,3.8218746185302734
2474,900.166249865666,0.0173196941614151,0.056132495403289795,0.16050000488758087,3.9000000953674316
2475,900.5849908944219,0.016037166118621826,0.05575251579284668,0.15649999678134918,3.706249952316284
2476,900.9276035390794,0.017531482502818108,0.055372536182403564,0.15425001084804535,3.796875
2477,901.2865914851427,0.016889000311493874,0.05499255657196045,0.1602499932050705,3.7437500953674316
2478,901.5909035019577,0.014066068455576897,0.054612576961517334,0.15437498688697815,3.6624999046325684
2479,901.9754836177453,0.017910808324813843,0.05423259735107422,0.1577499955892563,3.846874713897705
2480,902.7976666986942,0.015490837395191193,0.053852617740631104,0.16325001418590546,3.981250047683716
2481,903.1314324354753,0.017750632017850876,0.05347263813018799,0.16362498700618744,3.84375
2482,903.8183651687577,0.015345947816967964,0.05309265851974487,0.16637501120567322,3.8999998569488525
2483,904.2564255911857,0.015505421906709671,0.05271267890930176,0.15524999797344208,3.8541667461395264
2484,904.6249373462051,0.017297016456723213,0.05233269929885864,0.15962499380111694,3.8031251430511475
2485,904.9408761952072,0.015581086277961731,0.05195271968841553,0.16112498939037323,3.7281248569488525
2486,905.2634258680046,0.01606406643986702,0.05157274007797241,0.15324999392032623,3.6999998092651367
2487,905.6019555730745,0.015410130843520164,0.0511927604675293,0.15275001525878906,3.7906250953674316
2488,905.9242225205526,0.015507528558373451,0.05081278085708618,0.16112498939037323,3.9281246662139893
2489,906.2870711768046,0.017334502190351486,0.050432801246643066,0.16462498903274536,3.721874713897705
2490,906.5941734146327,0.01567796990275383,0.05005282163619995,0.1511249989271164,3.684375047683716
2491,906.9019532967359,0.014592682011425495,0.05000000074505806,0.14625000953674316,3.5874998569488525
2492,907.2085947925225,0.015082554891705513,0.05000000074505806,0.1551249921321869,3.6937499046325684
2493,907.5377527270466,0.014408264309167862,0.05000000074505806,0.15449999272823334,3.8218750953674316
2494,907.8861591005698,0.014882531017065048,0.05000000074505806,0.1628749966621399,3.7749998569488525
2495,908.2244897298515,0.014668661169707775,0.05000000074505806,0.1589999943971634,3.866666793823242
2496,908.6008240338415,0.015516893938183784,0.05000000074505806,0.1679999977350235,4.046875
2497,908.951552032493,0.015705382451415062,0.05000000074505806,0.1576250195503235,3.7250001430511475
2498,909.3128715539351,0.014483521692454815,0.05000000074505806,0.15575000643730164,3.6468749046325684
2499,909.6204337729141,0.015314554795622826,0.05000000074505806,0.14637500047683716,3.6187498569488525
2500,909.9256747374311,0.01391388289630413,0.05000000074505806,0.15937499701976776,3.7750000953674316
2501,910.3902486935258,0.01677638851106167,0.05000000074505806,0.15662500262260437,3.8531250953674316
2502,910.7181065864861,0.01828870363533497,0.05000000074505806,0.15800000727176666,3.7124998569488525
2503,911.0282827140763,0.014512697234749794,0.05000000074505806,0.1472499966621399,3.7593748569488525
2504,911.3507058573887,0.015799645334482193,0.05000000074505806,0.15850000083446503,3.731250286102295
2505,911.6530297715217,0.016674820333719254,0.05000000074505806,0.15399999916553497,3.5249996185302734
2506,911.9552752655,0.015384051948785782,0.05000000074505806,0.15825000405311584,3.8062498569488525
2507,912.2574129458517,0.01592915505170822,0.05000000074505806,0.1587499976158142,3.8416664600372314
2508,912.5606383653358,0.01520660798996687,0.05000000074505806,0.15649999678134918,3.718749761581421
2509,912.862273032777,0.014486712403595448,0.05000000074505806,0.16075000166893005,3.831249713897705
2510,913.160303899087,0.013408664613962173,0.05000000074505806,0.16199998557567596,3.7906248569488525
2511,913.55944139231,0.014806117862462997,0.05000000074505806,0.15337499976158142,3.8312501907348633
2512,913.9455050583929,0.016619065776467323,0.05000000074505806,0.15787500143051147,3.8187499046325684
2513,914.2523385789245,0.018569599837064743,0.05000000074505806,0.1562500149011612,3.703125
2514,914.5931650418788,0.015044073574244976,0.05000000074505806,0.15162500739097595,3.6781251430511475
2515,915.2211034512147,0.016484173014760017,0.05000000074505806,0.15187498927116394,3.5968751907348633
2516,915.5486665749922,0.015493246726691723,0.05000000074505806,0.14225000143051147,3.6218745708465576
2517,915.8637187136337,0.015209641307592392,0.05000000074505806,0.15825000405311584,3.6000001430511475
2518,916.2134707951918,0.013386588543653488,0.05000000074505806,0.16075000166893005,3.8812499046325684
2519,916.5236013168469,0.015539094805717468,0.05000000074505806,0.15275000035762787,3.6895830631256104
2520,916.8311113081872,0.01648852415382862,0.05000000074505806,0.15987499058246613,3.8562498092651367
2521,917.1896854406223,0.01617448404431343,0.05000000074505806,0.15924999117851257,3.7062501907348633
2522,917.4922798443586,0.015027064830064774,0.05000000074505806,0.1550000011920929,3.734375
2523,917.7935223411769,0.014767101034522057,0.05000000074505806,0.14762499928474426,3.5843751430511475
2524,918.0962919881567,0.017113521695137024,0.05000000074505806,0.15174999833106995,3.7249999046325684
2525,918.5678007528186,0.015011917799711227,0.05000000074505806,0.16350001096725464,3.8531250953674316
2526,918.9527046000585,0.016355078667402267,0.05000000074505806,0.16237501800060272,3.8156251907348633
2527,919.3017674665898,0.017122235149145126,0.05000000074505806,0.15324999392032623,3.7906253337860107
2528,919.6056796070188,0.014275334775447845,0.05000000074505806,0.15312500298023224,3.7874999046325684
2529,919.9982279669493,0.01597631350159645,0.05000000074505806,0.15587499737739563,3.6343750953674316
2530,920.3241339540109,0.015629254281520844,0.05000000074505806,0.15675000846385956,3.684375047683716
2531,920.657326746732,0.01591780036687851,0.05000000074505806,0.15549999475479126,3.7833335399627686
2532,920.99217919074,0.01505468599498272,0.05000000074505806,0.1483749896287918,3.5218749046325684
2533,921.3156874990091,0.015351728536188602,0.05000000074505806,0.15324999392032623,3.6312499046325684
2534,921.6390737444162,0.01768272928893566,0.05000000074505806,0.1551249921321869,3.7281248569488525
2535,921.9552614744753,0.013919330202043056,0.05000000074505806,0.1548750102519989,3.7875001430511475
2536,922.3168976334855,0.014025303535163403,0.05000000074505806,0.1589999943971634,3.8625001907348633
2537,922.6472040917724,0.016163574531674385,0.05000000074505806,0.1550000011920929,3.659374713897705
2538,922.960212581791,0.01757708005607128,0.05000000074505806,0.1613750010728836,3.7781248092651367
2539,923.2876682439819,0.01455680001527071,0.05000000074505806,0.15687498450279236,3.846874952316284
2540,923.5911660678685,0.01567283645272255,0.05000000074505806,0.15324999392032623,3.831249952316284
2541,924.1375131523237,0.013194452971220016,0.05000000074505806,0.16337499022483826,3.690624713897705
2542,924.4683011118323,0.01359255239367485,0.05000000074505806,0.1548749953508377,3.8187499046325684
2543,924.8473251787946,0.015746386721730232,0.05000000074505806,0.1524999886751175,3.6937501430511475
2544,925.1644658818841,0.014788374304771423,0.05000000074505806,0.15062500536441803,3.5875000953674316
2545,925.5733844246715,0.015186760574579239,0.05000000074505806,0.15162500739097595,3.6062498092651367
2546,925.9259758004919,0.015980252996087074,0.05000000074505806,0.16374999284744263,3.96875
2547,926.2926896223798,0.015785591676831245,0.05000000074505806,0.14675000309944153,3.581249952316284
2548,926.6332353446633,0.015601113438606262,0.05000000074505806,0.1563750058412552,3.7562499046325684
2549,926.9619655273855,0.013896957971155643,0.05000000074505806,0.16500000655651093,3.859375
2550,927.2684854660183,0.016090484336018562,0.05000000074505806,0.1628749966621399,3.793750047683716
2551,927.5695714047179,0.015552102588117123,0.05000000074505806,0.1537500023841858,3.799999713897705
2552,927.9025421468541,0.01455846056342125,0.05000000074505806,0.1433749943971634,3.5906248092651367
2553,928.2566379811615,0.01822683960199356,0.05000000074505806,0.1628749966621399,3.784374952316284
2554,928.5984534267336,0.01376445684581995,0.05000000074505806,0.1511249989271164,3.690624713897705
2555,928.902640757151,0.013952510431408882,0.05000000074505806,0.15162497758865356,3.6499998569488525
2556,929.2336222231388,0.015903286635875702,0.05000000074505806,0.15125000476837158,3.6343750953674316
2557,929.5469975387678,0.013982906006276608,0.05000000074505806,0.14662499725818634,3.456249952316284
2558,929.9187278263271,0.015681928023695946,0.05000000074505806,0.15574999153614044,3.7125000953674316
2559,930.2328704036772,0.01570003107190132,0.05000000074505806,0.14650000631809235,3.581249952316284
2560,930.6026426563039,0.013920783996582031,0.05000000074505806,0.1522500067949295,3.668750047683716
2561,930.9829115206376,0.017841678112745285,0.05000000074505806,0.1615000218153,3.7749998569488525
2562,931.3185165999457,0.014595847576856613,0.05000000074505806,0.1550000011920929,3.718750238418579
2563,932.233176684007,0.015792276710271835,0.05000000074505806,0.14387500286102295,3.578125
2564,932.5847957897931,0.015104797668755054,0.05000000074505806,0.15687501430511475,3.784374952316284
2565,933.0088556157425,0.01624131202697754,0.05000000074505806,0.16487501561641693,3.812499761581421
2566,933.3267177045345,0.016272736713290215,0.05000000074505806,0.16175001859664917,3.8562498092651367
2567,933.7030033878982,0.014788278378546238,0.05000000074505806,0.1497500091791153,3.714583396911621
2568,934.0458777183667,0.015462764538824558,0.05000000074505806,0.15799999237060547,3.7250001430511475
2569,934.4325482910499,0.013968218117952347,0.05000000074505806,0.15699999034404755,3.7906248569488525
2570,934.7763830404729,0.015704859048128128,0.05000000074505806,0.156125009059906,3.6843748092651367
2571,935.1090007340536,0.013948592357337475,0.05000000074505806,0.14350000023841858,3.581249713897705
2572,935.9029973335564,0.015372700989246368,0.05000000074505806,0.15549999475479126,3.6812498569488525
2573,936.2517747702077,0.01510495226830244,0.05000000074505806,0.14800000190734863,3.6062498092651367
2574,936.6103654541075,0.0148275475949049,0.05000000074505806,0.1602499932050705,3.8093748092651367
2575,936.9221690241247,0.015049594454467297,0.05000000074505806,0.1613750010728836,3.8312501907348633
2576,937.2522085355595,0.015752745792269707,0.05000000074505806,0.156125009059906,3.65625
2577,937.5799205629155,0.015980763360857964,0.05000000074505806,0.16087499260902405,3.9000000953674316
2578,937.9283498795703,0.015308886766433716,0.05000000074505806,0.15524999797344208,3.8062498569488525
2579,938.2404833724722,0.016022522002458572,0.05000000074505806,0.1525000035762787,3.6937501430511475
2580,938.5790683729574,0.015971703454852104,0.05000000074505806,0.15925000607967377,3.8062496185302734
2581,938.9090657653287,0.016608936712145805,0.05000000074505806,0.16124999523162842,3.8187501430511475
2582,939.2277191923931,0.01624368503689766,0.05000000074505806,0.1548749953508377,3.6656248569488525
2583,939.5575464041904,0.01566450670361519,0.05000000074505806,0.15025000274181366,3.784374713897705
2584,939.8901107553393,0.013256987556815147,0.05000000074505806,0.15074998140335083,3.671875
2585,940.4029833171517,0.013963846489787102,0.05000000074505806,0.1616249978542328,3.643749713897705
2586,940.7328590210527,0.015107414685189724,0.05000000074505806,0.14875000715255737,3.7156248092651367
2587,941.1560181314126,0.01648283191025257,0.05000000074505806,0.16249999403953552,3.7749998569488525
2588,941.5218437826261,0.017023511230945587,0.05000000074505806,0.15987500548362732,3.9156248569488525
2589,941.8787497570738,0.015602368861436844,0.05000000074505806,0.16337502002716064,3.7312498092651367
2590,942.2026683716103,0.019176216796040535,0.05000000074505806,0.16124999523162842,3.9156248569488525
2591,942.5378513420001,0.014240069314837456,0.05000000074505806,0.14875000715255737,3.745833396911621
2592,942.8769151736051,0.014293026179075241,0.05000000074505806,0.15549999475479126,3.746875286102295
2593,943.2203927244991,0.014099137857556343,0.05000000074505806,0.16075000166893005,3.8031251430511475
2594,943.5704977838323,0.013864257372915745,0.05000000074505806,0.16224999725818634,3.7906250953674316
2595,943.8741414723918,0.015801720321178436,0.05000000074505806,0.1470000147819519,3.690624952316284
2596,944.1793738286942,0.015378434211015701,0.05000000074505806,0.15462499856948853,3.799999952316284
2597,944.5208594296128,0.01518389955163002,0.05000000074505806,0.16325001418590546,3.6968748569488525
2598,944.8462240593508,0.015621018595993519,0.05000000074505806,0.1587499976158142,3.815624713897705
2599,945.1533995848149,0.015645796433091164,0.05000000074505806,0.15275000035762787,3.8406248092651367
2600,945.585337026976,0.01397011149674654,0.05000000074505806,0.15424999594688416,3.668750047683716
2601,945.9585151160136,0.015478011220693588,0.05000000074505806,0.15412499010562897,3.6843748092651367
2602,946.2679951246828,0.016642320901155472,0.05000000074505806,0.15525001287460327,3.628124713897705
2603,946.6686663338915,0.01503639854490757,0.05000000074505806,0.15262500941753387,3.741666555404663
2604,946.9717658031732,0.015128344297409058,0.05000000074505806,0.1548749953508377,3.684375047683716
2605,947.3166870968416,0.015074238181114197,0.05000000074505806,0.15912500023841858,3.706249952316284
2606,947.6644401121885,0.018226629123091698,0.05000000074505806,0.1547500193119049,3.753124952316284
2607,947.9645448420197,0.013964865356683731,0.05000000074505806,0.1522500067949295,3.7093751430511475
2608,948.2618801975623,0.014913706108927727,0.05000000074505806,0.15287500619888306,3.8062498569488525
2609,948.7295348374173,0.015063188038766384,0.05000000074505806,0.16374997794628143,3.749999523162842
2610,949.0795697430149,0.017357656732201576,0.05000000074505806,0.15200001001358032,3.7093751430511475
2611,949.4120754431933,0.015592020936310291,0.05000000074505806,0.15212500095367432,3.746875047683716
2612,949.7193899713457,0.015452980063855648,0.05000000074505806,0.16224999725818634,3.8031249046325684
2613,950.0267777787521,0.01567181572318077,0.05000000074505806,0.16212502121925354,3.8218746185302734
2614,950.330783332698,0.014180903322994709,0.05000000074505806,0.1551249921321869,3.7250001430511475
2615,950.6584582878277,0.014933978207409382,0.05000000074505806,0.15674999356269836,3.8229167461395264
2616,950.9940005959943,0.01427367515861988,0.05000000074505806,0.1599999964237213,3.8093748092651367
2617,951.3210056517273,0.014509869739413261,0.05000000074505806,0.15399999916553497,3.65625
2618,951.6341670593247,0.01689872145652771,0.05000000074505806,0.15825000405311584,3.7562501430511475
2619,951.953063223511,0.014375273138284683,0.05000000074505806,0.1588750034570694,3.890625
2620,952.3010296439752,0.012118559330701828,0.05000000074505806,0.1576250046491623,3.6875
2621,952.9406647719443,0.01649983413517475,0.05000000074505806,0.1508750021457672,3.7562503814697266
2622,953.2846902906895,0.012383963912725449,0.05000000074505806,0.16462501883506775,3.8062496185302734
2623,953.6056883344427,0.017362553626298904,0.05000000074505806,0.148375004529953,3.7562499046325684
2624,953.9488823283464,0.016211574897170067,0.05000000074505806,0.1614999920129776,3.8343749046325684
2625,954.3033833894879,0.014851362444460392,0.05000000074505806,0.1588750034570694,3.7406251430511475
2626,954.6812626095489,0.014058404602110386,0.05000000074505806,0.15275000035762787,3.659374952316284
2627,954.9983714492992,0.015764597803354263,0.05000000074505806,0.15387499332427979,3.758333206176758
2628,955.3873856794089,0.016842275857925415,0.05000000074505806,0.15312500298023224,3.674999713897705
2629,955.7028035698459,0.01552162691950798,0.05000000074505806,0.1588750034570694,3.7874999046325684
2630,956.0200167978182,0.01606111414730549,0.05000000074505806,0.16475000977516174,3.8375003337860107
2631,956.3408719813451,0.015239628031849861,0.05000000074505806,0.1497500091791153,3.796875
2632,956.7571978177875,0.016972200945019722,0.05000000074505806,0.15287499129772186,3.6343748569488525
2633,957.0906976098195,0.01637541875243187,0.05000000074505806,0.15825000405311584,3.8312501907348633
2634,957.4339237958193,0.014806695282459259,0.05000000074505806,0.15812499821186066,3.5999999046325684
2635,957.7643406307325,0.015618553385138512,0.05000000074505806,0.14625000953674316,3.7281248569488525
2636,958.0867048604414,0.014689939096570015,0.05000000074505806,0.15937499701976776,3.7281248569488525
2637,958.4138686368242,0.013423660770058632,0.05000000074505806,0.1522499918937683,3.606250047683716
2638,958.7318930318579,0.013782805763185024,0.05000000074505806,0.1651250123977661,3.875000238418579
2639,959.0359936859459,0.017270542681217194,0.05000000074505806,0.1523749977350235,3.785416603088379
2640,959.363109360449,0.01807059720158577,0.05000000074505806,0.16037499904632568,3.8218750953674316
2641,959.7405009875074,0.015676425769925117,0.05000000074505806,0.16237501800060272,3.8031249046325684
2642,960.0739627573639,0.016577912494540215,0.05000000074505806,0.15425001084804535,3.7781248092651367
2643,960.687513673678,0.01534467376768589,0.05000000074505806,0.15449999272823334,3.703124761581421
2644,960.990410298109,0.01467578113079071,0.05000000074505806,0.15537498891353607,3.7437500953674316
2645,961.2915229555219,0.016104476526379585,0.05000000074505806,0.15837499499320984,3.8031251430511475
2646,961.596854169853,0.01437319628894329,0.05000000074505806,0.15900000929832458,3.859375
2647,961.9332448747009,0.014984442852437496,0.05000000074505806,0.1510000079870224,3.65625
2648,962.2557726344094,0.014574888162314892,0.05000000074505806,0.15675000846385956,3.731250047683716
2649,962.6112377895042,0.013368078507483006,0.05000000074505806,0.15174999833106995,3.7125000953674316
2650,962.938321955502,0.014623520895838737,0.05000000074505806,0.15700000524520874,3.6624999046325684
2651,963.2711232649162,0.01588023081421852,0.05000000074505806,0.1548749953508377,3.7437498569488525
2652,963.7288882723078,0.015275141224265099,0.05000000074505806,0.15687501430511475,3.7718751430511475
2653,964.0714281788096,0.01719922199845314,0.05000000074505806,0.164249986410141,3.828125
2654,964.3872828558087,0.014343958348035812,0.05000000074505806,0.1613750010728836,3.8843750953674316
2655,964.8291953802109,0.014194545336067677,0.05000000074505806,0.15025000274181366,3.7093749046325684
2656,965.1468414189294,0.015804175287485123,0.05000000074505806,0.15424999594688416,3.7281250953674316
2657,965.4615526003763,0.014403102919459343,0.05000000074505806,0.15549999475479126,3.6656250953674316
2658,965.8031106675044,0.0164179690182209,0.05000000074505806,0.16049998998641968,3.7593748569488525
2659,966.1146263293922,0.014548885636031628,0.05000000074505806,0.14487498998641968,3.65625
2660,966.4171963771805,0.016279174014925957,0.05000000074505806,0.1613749861717224,3.7781248092651367
2661,966.7190042594448,0.014957672916352749,0.05000000074505806,0.16074998676776886,3.871875047683716
2662,967.0396820874885,0.015171612612903118,0.05000000074505806,0.16174998879432678,3.825000047683716
2663,967.341084452346,0.01628507673740387,0.05000000074505806,0.15387500822544098,3.7750003337860107
2664,967.6407044148073,0.015973996371030807,0.05000000074505806,0.1551249921321869,3.7250001430511475
2665,967.9410214759409,0.014061999507248402,0.05000000074505806,0.15687498450279236,3.706249952316284
2666,968.2394068399444,0.01368531584739685,0.05000000074505806,0.1550000011920929,3.7125000953674316
2667,968.5409776149318,0.014907173812389374,0.05000000074505806,0.1577499955892563,3.8249998092651367
2668,969.12751227431,0.014828656800091267,0.05000000074505806,0.1522500067949295,3.690624952316284
2669,969.4509081086144,0.016279563307762146,0.05000000074505806,0.1589999943971634,3.7125000953674316
2670,969.7923106104136,0.01571466587483883,0.05000000074505806,0.15287499129772186,3.765625
2671,970.2020989097655,0.01655331440269947,0.05000000074505806,0.1537500023841858,3.737499952316284
2672,970.5229208702222,0.014774610288441181,0.05000000074505806,0.15812499821186066,3.734375
2673,970.9678525505587,0.014224887825548649,0.05000000074505806,0.15075001120567322,3.606250047683716
2674,971.2937412448227,0.01681075431406498,0.05000000074505806,0.15937499701976776,3.768749713897705
2675,971.7147330231965,0.01679977774620056,0.05000000074505806,0.1458750218153,3.6229169368743896
2676,972.090103383176,0.01263991929590702,0.05000000074505806,0.1587499976158142,3.8187499046325684
2677,972.4050309844315,0.016940969973802567,0.05000000074505806,0.1602499932050705,3.7750000953674316
2678,972.8005825504661,0.015429656021296978,0.05000000074505806,0.16712500154972076,3.9124996662139893
2679,973.1360351098701,0.015595054253935814,0.05000000074505806,0.14674998819828033,3.6906251907348633
2680,973.4694514824077,0.014311829581856728,0.05000000074505806,0.15312498807907104,3.6656250953674316
2681,973.8378202375025,0.014971103519201279,0.05000000074505806,0.15987499058246613,3.815624952316284
2682,974.5358023671433,0.01454493310302496,0.05000000074505806,0.1523749977350235,3.612499713897705
2683,974.8889740305021,0.015741482377052307,0.05000000074505806,0.1497499942779541,3.6968748569488525
2684,975.2373020648956,0.015323071740567684,0.05000000074505806,0.1458749920129776,3.4437499046325684
2685,976.266550607048,0.014055775478482246,0.05000000074505806,0.16162502765655518,3.734375
2686,977.0677777361125,0.014652700163424015,0.05000000074505806,0.15650001168251038,3.784374952316284
2687,977.4196965377778,0.0187404602766037,0.05000000074505806,0.15424999594688416,3.804166555404663
2688,977.757954669185,0.01451578363776207,0.05000000074505806,0.15012501180171967,3.6156251430511475
2689,978.1257963944227,0.014266069047152996,0.05000000074505806,0.16050000488758087,3.6812496185302734
2690,978.4698235271499,0.015006225556135178,0.05000000074505806,0.15712501108646393,3.8718748092651367
2691,978.7932614795864,0.013771528378129005,0.05000000074505806,0.15799999237060547,3.8687498569488525
2692,979.1292389016598,0.015631450340151787,0.05000000074505806,0.1457499861717224,3.5749998092651367
2693,979.4669194296002,0.01419878751039505,0.05000000074505806,0.16212499141693115,3.7531251907348633
2694,979.7886615218595,0.01693289540708065,0.05000000074505806,0.15787500143051147,3.715625047683716
2695,980.1218058103696,0.015802891924977303,0.05000000074505806,0.1573750078678131,3.874999761581421
2696,980.4690107889473,0.016361594200134277,0.05000000074505806,0.15587501227855682,3.6999998092651367
2697,980.7743531223387,0.015775270760059357,0.05000000074505806,0.15662500262260437,3.812500238418579
2698,981.1337410956621,0.01483480166643858,0.05000000074505806,0.16450001299381256,3.7249996662139893
2699,981.4562794845551,0.015221264213323593,0.05000000074505806,0.15850001573562622,3.9437501430511475
2700,981.7601456055418,0.01586930640041828,0.05000000074505806,0.1485000103712082,3.5562500953674316
2701,982.0639975685626,0.01577976532280445,0.05000000074505806,0.15950000286102295,3.7562499046325684
2702,982.3679282413796,0.015565434470772743,0.05000000074505806,0.15912500023841858,3.843749761581421
2703,982.672316309996,0.01345592737197876,0.05000000074505806,0.16387498378753662,3.8406248092651367
2704,982.975974066183,0.015996934846043587,0.05000000074505806,0.1548750102519989,3.9093751907348633
2705,983.2819829927757,0.01583988592028618,0.05000000074505806,0.16249999403953552,3.8031251430511475
2706,983.5836180690676,0.01605791226029396,0.05000000074505806,0.16224998235702515,3.825000047683716
2707,983.921817958355,0.01532574649900198,0.05000000074505806,0.15600000321865082,3.8718748092651367
2708,984.2359267808497,0.016077574342489243,0.05000000074505806,0.15937499701976776,3.799999713897705
2709,984.5446407683194,0.015226412564516068,0.05000000074505806,0.1613749861717224,3.8374996185302734
2710,984.8573902556673,0.017275888472795486,0.05000000074505806,0.15387499332427979,3.7593750953674316
2711,985.2328133964911,0.01397205051034689,0.05000000074505806,0.1525000035762787,3.6937501430511475
2712,985.5481453631073,0.017493367195129395,0.05000000074505806,0.156125009059906,3.6937499046325684
2713,985.86692711059,0.015664435923099518,0.05000000074505806,0.15837500989437103,3.78125
2714,986.346587379463,0.01651105470955372,0.05000000074505806,0.15799999237060547,3.78125
2715,986.7159773381427,0.014462882652878761,0.05000000074505806,0.14937500655651093,3.690624952316284
2716,987.0445412546396,0.015522962436079979,0.05000000074505806,0.1577499955892563,3.7437500953674316
2717,987.3565676929429,0.0144608523696661,0.05000000074505806,0.15737499296665192,3.8968751430511475
2718,987.6795695908368,0.014621257781982422,0.05000000074505806,0.16049998998641968,3.65625
2719,988.0139201330021,0.014405503869056702,0.05000000074505806,0.15937501192092896,3.9312498569488525
2720,988.3176214518026,0.015986623242497444,0.05000000074505806,0.15387500822544098,3.6812500953674316
2721,988.6230617621914,0.013874698430299759,0.05000000074505806,0.15587499737739563,3.640625238418579
2722,988.9249493563548,0.014868039637804031,0.05000000074505806,0.14875000715255737,3.7281250953674316
2723,989.3548395521939,0.01429967861622572,0.05000000074505806,0.15474998950958252,3.6854169368743896
2724,989.6656114254147,0.013747723773121834,0.05000000074505806,0.15187500417232513,3.6531248092651367
2725,989.967095005326,0.015345420688390732,0.05000000074505806,0.16099999845027924,3.7781248092651367
2726,990.295372409746,0.013321604579687119,0.05000000074505806,0.15974998474121094,3.9156248569488525
2727,990.6019592508674,0.014246361330151558,0.05000000074505806,0.1548750102519989,3.6843748092651367
2728,990.9263711385429,0.01454478781670332,0.05000000074505806,0.15550000965595245,3.7906250953674316
2729,991.2340944707394,0.016019614413380623,0.05000000074505806,0.15950000286102295,3.7718751430511475
2730,991.5386928068474,0.015559002757072449,0.05000000074505806,0.16324998438358307,3.8062500953674316
2731,991.8406804809347,0.013568349182605743,0.05000000074505806,0.1511249989271164,3.7843751907348633
2732,992.140783727169,0.014481164515018463,0.05000000074505806,0.15200001001358032,3.7312498092651367
2733,992.4444232089445,0.013481822796165943,0.05000000074505806,0.16687500476837158,3.8218750953674316
2734,992.7501657409593,0.014659672044217587,0.05000000074505806,0.1547500044107437,3.78125
2735,993.0734331915155,0.016024595126509666,0.05000000074505806,0.1562500149011612,3.7666666507720947
2736,993.5012452621013,0.015812544152140617,0.05000000074505806,0.1601249873638153,3.90625
2737,993.8179022977129,0.01395769789814949,0.05000000074505806,0.1550000160932541,3.606250047683716
2738,994.2173409136012,0.015607956796884537,0.05000000074505806,0.16600000858306885,3.937499523162842
2739,994.5301897786558,0.014267970807850361,0.05000000074505806,0.15575000643730164,3.8374998569488525
2740,994.8557759886608,0.014841601252555847,0.05000000074505806,0.1510000079870224,3.768749952316284
2741,995.2586765186861,0.01612921431660652,0.05000000074505806,0.15462499856948853,3.59375
2742,995.7004681145772,0.01611989364027977,0.05000000074505806,0.16049998998641968,3.7093749046325684
2743,996.0695014381781,0.015256065875291824,0.05000000074505806,0.1525000035762787,3.765625
2744,996.382035668008,0.015240351669490337,0.05000000074505806,0.1548749953508377,3.7312498092651367
2745,996.6887999149039,0.01490742340683937,0.05000000074505806,0.1588750034570694,3.7624998092651367
2746,997.0295541305095,0.014432830736041069,0.05000000074505806,0.15650001168251038,3.7875001430511475
2747,997.4123882008716,0.013684607110917568,0.05000000074505806,0.14524999260902405,3.5791666507720947
2748,997.8458960941061,0.013239631429314613,0.05000000074505806,0.15974999964237213,3.8125
2749,998.1926970575005,0.014257988892495632,0.05000000074505806,0.16374999284744263,3.8218750953674316
2750,998.5185619443655,0.016109192743897438,0.05000000074505806,0.15862500667572021,3.8031251430511475
2751,998.9661569381133,0.013651573099195957,0.05000000074505806,0.1457500010728836,3.7687501907348633
2752,999.2913646316156,0.014202306047081947,0.05000000074505806,0.15950000286102295,3.6968748569488525
2753,999.6156452503055,0.01399763859808445,0.05000000074505806,0.15524999797344208,3.784374952316284
2754,999.9460770748556,0.015302550047636032,0.05000000074505806,0.1616249978542328,3.703125
2755,1000.2692443951964,0.015529668889939785,0.05000000074505806,0.15312500298023224,3.737499713897705
2756,1000.629956995137,0.014212224632501602,0.05000000074505806,0.1525000035762787,3.7750003337860107
2757,1001.0286807855591,0.016227522864937782,0.05000000074505806,0.15687499940395355,3.7906248569488525
2758,1001.3729746639729,0.014967149123549461,0.05000000074505806,0.16174998879432678,3.656249761581421
2759,1001.6827677749097,0.016276031732559204,0.05000000074505806,0.15725000202655792,3.862499952316284
2760,1001.9974381485954,0.014916718006134033,0.05000000074505806,0.1537500023841858,3.6937499046325684
2761,1002.311887294054,0.013887818902730942,0.05000000074505806,0.1640000194311142,3.828124761581421
2762,1002.7024453468621,0.013110626488924026,0.05000000074505806,0.1588750034570694,3.831249952316284
2763,1003.0194660313427,0.015011372044682503,0.05000000074505806,0.14762501418590546,3.721874713897705
2764,1003.3414668636397,0.015941191464662552,0.05000000074505806,0.15974999964237213,3.7406246662139893
2765,1003.7788239344954,0.014307725243270397,0.05000000074505806,0.1508750021457672,3.625000238418579
2766,1004.0868503106758,0.01394351851195097,0.05000000074505806,0.15712499618530273,3.6437501907348633
2767,1004.4038689816371,0.014664167538285255,0.05000000074505806,0.14262500405311584,3.6187500953674316
2768,1004.7227620696649,0.016237648203969002,0.05000000074505806,0.15862499177455902,3.6218748092651367
2769,1005.0464323330671,0.015537513419985771,0.05000000074505806,0.1587499976158142,3.906249761581421
2770,1005.3715700041503,0.012422771193087101,0.05000000074505806,0.15812499821186066,3.721874713897705
2771,1005.754141787067,0.01756458729505539,0.05000000074505806,0.15862500667572021,3.84375
2772,1006.1266087610275,0.015739575028419495,0.05000000074505806,0.15600000321865082,3.753124952316284
2773,1006.4322459539399,0.013277215883135796,0.05000000074505806,0.15987500548362732,3.7937498092651367
2774,1006.7360315518454,0.015169486403465271,0.05000000074505806,0.15412499010562897,3.5406246185302734
2775,1007.0416161660105,0.014989092946052551,0.05000000074505806,0.1511249989271164,3.7593750953674316
2776,1007.3458872111514,0.01419319212436676,0.05000000074505806,0.14762498438358307,3.6781249046325684
2777,1007.6507712397724,0.014160318300127983,0.05000000074505806,0.15537500381469727,3.7093749046325684
2778,1007.9859362188727,0.01384999230504036,0.05000000074505806,0.16475000977516174,3.765625238418579
2779,1008.3283426715061,0.01566016487777233,0.05000000074505806,0.14687499403953552,3.653125047683716
2780,1008.6597230685875,0.01424298994243145,0.05000000074505806,0.15150000154972076,3.609374761581421
2781,1009.0041301585734,0.014011264778673649,0.05000000074505806,0.16450001299381256,3.781250238418579
2782,1009.3068468710408,0.016521533951163292,0.05000000074505806,0.15262500941753387,3.734375
2783,1009.7706492030993,0.016143349930644035,0.05000000074505806,0.15712499618530273,3.839583396911621
2784,1010.0805860040709,0.016944173723459244,0.05000000074505806,0.16062499582767487,3.8000001907348633
2785,1010.4067367706448,0.014336710795760155,0.05000000074505806,0.1523750126361847,3.6781246662139893
2786,1010.7334086345509,0.014726260676980019,0.05000000074505806,0.16062498092651367,3.796875
2787,1011.0491654323414,0.016271259635686874,0.05000000074505806,0.15025000274181366,3.7718751430511475
2788,1011.3897572904825,0.014192656613886356,0.05000000074505806,0.15587501227855682,3.718749761581421
2789,1011.7663308084011,0.014364799484610558,0.05000000074505806,0.16237498819828033,3.703124761581421
2790,1012.0956961913034,0.015734421089291573,0.05000000074505806,0.15662500262260437,3.7781248092651367
2791,1012.4237216478214,0.014398361556231976,0.05000000074505806,0.14474999904632568,3.753124713897705
2792,1012.7506461394951,0.01595994271337986,0.05000000074505806,0.16037499904632568,3.690624952316284
2793,1013.057450208813,0.015406480059027672,0.05000000074505806,0.15549999475479126,3.6500000953674316
2794,1013.3971332143992,0.014590989798307419,0.05000000074505806,0.15974999964237213,3.765625
2795,1013.7741985348985,0.01517469622194767,0.05000000074505806,0.1535000056028366,3.8062498569488525
2796,1014.1155408238992,0.015505620278418064,0.05000000074505806,0.15349999070167542,3.6937499046325684
2797,1014.430432504043,0.014829613268375397,0.05000000074505806,0.1651250123977661,3.8656246662139893
2798,1014.7540455562994,0.014212068170309067,0.05000000074505806,0.15349999070167542,3.6624999046325684
2799,1015.0640600835904,0.014701822772622108,0.05000000074505806,0.15850000083446503,3.8687500953674316
2800,1015.3846360966563,0.014881230890750885,0.05000000074505806,0.15675000846385956,3.7750000953674316
2801,1015.7138265585527,0.013002311810851097,0.05000000074505806,0.16337502002716064,3.812499761581421
2802,1016.0157150523737,0.016521180048584938,0.05000000074505806,0.15925000607967377,3.8656251430511475
2803,1016.3204854009673,0.014296221546828747,0.05000000074505806,0.15000000596046448,3.7843751907348633
2804,1016.6672516465187,0.015341145917773247,0.05000000074505806,0.15312500298023224,3.706249952316284
2805,1017.0468308469281,0.016339845955371857,0.05000000074505806,0.16600000858306885,3.7718749046325684
2806,1017.3887568898499,0.014553923159837723,0.05000000074505806,0.1599999964237213,3.8312501907348633
2807,1017.6979252351448,0.013501955196261406,0.05000000074505806,0.15312500298023224,3.7791669368743896
2808,1018.0408946229145,0.015697747468948364,0.05000000074505806,0.15449999272823334,3.706249952316284
2809,1018.3629160327837,0.017203785479068756,0.05000000074505806,0.16300001740455627,3.84375
2810,1018.7189969951287,0.01438571885228157,0.05000000074505806,0.16487501561641693,3.921875
2811,1019.7583300257102,0.014276917092502117,0.05000000074505806,0.15424999594688416,3.8343749046325684
2812,1020.1692296117544,0.014988699927926064,0.05000000074505806,0.1551249921321869,3.6812500953674316
2813,1020.5077025480568,0.013431280851364136,0.05000000074505806,0.1550000011920929,3.746875047683716
2814,1020.8252821164206,0.01527247205376625,0.05000000074505806,0.156125009059906,3.7281250953674316
2815,1021.1538355825469,0.01619100384414196,0.05000000074505806,0.15312500298023224,3.690624952316284
2816,1021.4809717256576,0.01601032167673111,0.05000000074505806,0.15662500262260437,3.7468745708465576
2817,1021.8422491149977,0.01628984697163105,0.05000000074505806,0.1510000079870224,3.640624761581421
2818,1022.1598681397736,0.01461310125887394,0.05000000074505806,0.15687501430511475,3.6687498092651367
2819,1022.5182590736076,0.01396961323916912,0.05000000074505806,0.1418749988079071,3.5666663646698
2820,1022.8844508575276,0.015304340049624443,0.05000000074505806,0.16237498819828033,3.893749952316284
2821,1023.2199364276603,0.012988513335585594,0.05000000074505806,0.15587499737739563,3.721874952316284
2822,1023.5387056097388,0.014558534137904644,0.05000000074505806,0.14887499809265137,3.531249761581421
2823,1023.8433726839721,0.01561492495238781,0.05000000074505806,0.1536249965429306,3.671875
2824,1024.158605129458,0.014170084148645401,0.05000000074505806,0.14675001800060272,3.65625
2825,1024.4772616690025,0.015904122963547707,0.05000000074505806,0.1550000011920929,3.549999952316284
2826,1024.82410563156,0.01706947386264801,0.05000000074505806,0.16725000739097595,3.965625047683716
2827,1025.1654901606962,0.0154233044013381,0.05000000074505806,0.15724998712539673,3.8187501430511475
2828,1025.5067869313061,0.013752114027738571,0.05000000074505806,0.15050001442432404,3.6937501430511475
2829,1025.8380928784609,0.014724927954375744,0.05000000074505806,0.16062499582767487,3.8718748092651367
2830,1026.283588733524,0.015256248414516449,0.05000000074505806,0.15574999153614044,3.684375047683716
2831,1026.6274030609056,0.015312867239117622,0.05000000074505806,0.1525000035762787,3.7333335876464844
2832,1027.1936408765614,0.016553793102502823,0.05000000074505806,0.1548749953508377,3.690624952316284
2833,1027.5800863755867,0.014583082869648933,0.05000000074505806,0.15950000286102295,3.7562499046325684
2834,1027.9501215154305,0.01634843274950981,0.05000000074505806,0.15787500143051147,3.749999761581421
2835,1028.7024979433045,0.014035411179065704,0.05000000074505806,0.14637500047683716,3.6781246662139893
2836,1029.0395434265956,0.013845380395650864,0.05000000074505806,0.16037499904632568,3.7749998569488525
2837,1029.4134253393859,0.015674469992518425,0.05000000074505806,0.15975001454353333,3.7874999046325684
2838,1029.7578579289839,0.013437534682452679,0.05000000074505806,0.15574999153614044,3.734375
2839,1030.1523428875953,0.015818361192941666,0.05000000074505806,0.15912500023841858,3.8156251907348633
2840,1030.4809479014948,0.014613926410675049,0.05000000074505806,0.14812500774860382,3.8156251907348633
2841,1030.8419570624828,0.01474586222320795,0.05000000074505806,0.16575001180171967,3.828125
2842,1031.190906423144,0.014704168774187565,0.05000000074505806,0.16124999523162842,3.746875286102295
2843,1031.5225776918232,0.015317642129957676,0.05000000074505806,0.1602500081062317,3.897916793823242
2844,1031.850468822755,0.015416407026350498,0.05000000074505806,0.15825000405311584,3.799999713897705
2845,1032.157196466811,0.012209185399115086,0.05000000074505806,0.15912500023841858,3.7406249046325684
2846,1032.5146291479468,0.014628863893449306,0.05000000074505806,0.15675000846385956,3.75
2847,1032.836632573977,0.01477077417075634,0.05000000074505806,0.15175001323223114,3.7281250953674316
2848,1033.1495297886431,0.014304576441645622,0.05000000074505806,0.148499995470047,3.668750286102295
2849,1033.5144278928638,0.014116166159510612,0.05000000074505806,0.16249999403953552,3.7562501430511475
2850,1033.8260753825307,0.014734061434864998,0.05000000074505806,0.17150001227855682,3.8843748569488525
2851,1034.1547313518822,0.016756750643253326,0.05000000074505806,0.1627499908208847,4.059374809265137
2852,1034.5402258401737,0.014770427718758583,0.05000000074505806,0.15199999511241913,3.8468751907348633
2853,1034.8746147025377,0.013805597089231014,0.05000000074505806,0.1652500033378601,3.8156251907348633
2854,1035.2074874080718,0.015739841386675835,0.05000000074505806,0.15424998104572296,3.6625001430511475
2855,1035.5444508437067,0.014095408841967583,0.05000000074505806,0.1600000262260437,3.902083396911621
2856,1035.8652937225997,0.01452498696744442,0.05000000074505806,0.16074998676776886,3.8499999046325684
2857,1036.169760798104,0.014294076710939407,0.05000000074505806,0.15512500703334808,3.659374952316284
2858,1036.5891705546528,0.01519035268574953,0.05000000074505806,0.1563750058412552,3.7406251430511475
2859,1036.982833597809,0.014918850734829903,0.05000000074505806,0.14512498676776886,3.590625047683716
2860,1037.3162385774776,0.015198033303022385,0.05000000074505806,0.15162500739097595,3.703125
2861,1037.617317869328,0.014946195296943188,0.05000000074505806,0.15662500262260437,3.671875238418579
2862,1037.941258101724,0.014249451458454132,0.05000000074505806,0.15725000202655792,3.6937499046325684
2863,1038.3039000639692,0.012275448068976402,0.05000000074505806,0.15424999594688416,3.706249952316284
2864,1038.7138856397942,0.013402793556451797,0.05000000074505806,0.15950000286102295,3.8499999046325684
2865,1039.0496491054073,0.015777386724948883,0.05000000074505806,0.15287499129772186,3.6906251907348633
2866,1039.3746812650934,0.015635773539543152,0.05000000074505806,0.1628749966621399,3.7749996185302734
2867,1039.7436248473823,0.012225113809108734,0.05000000074505806,0.15600000321865082,3.852083206176758
2868,1040.0721386177465,0.01622757874429226,0.05000000074505806,0.15962499380111694,3.7937498092651367
2869,1040.3816023627296,0.014187265187501907,0.05000000074505806,0.15737499296665192,3.7437503337860107
2870,1040.7032964034006,0.013496839441359043,0.05000000074505806,0.15537501871585846,3.7562499046325684
2871,1041.009072335437,0.013061100617051125,0.05000000074505806,0.1576250046491623,3.887500286102295
2872,1041.3112570000812,0.01544578280299902,0.05000000074505806,0.16112498939037323,3.8406248092651367
2873,1041.6127738598734,0.015231655910611153,0.05000000074505806,0.16850000619888306,3.9124999046325684
2874,1041.9234724519774,0.014280660077929497,0.05000000074505806,0.15512500703334808,3.7906250953674316
2875,1042.2267843196169,0.016428709030151367,0.05000000074505806,0.1574999839067459,3.8531250953674316
2876,1042.5768812019378,0.01551780104637146,0.05000000074505806,0.15787500143051147,3.831249952316284
2877,1042.9225072599947,0.014243537560105324,0.05000000074505806,0.15125000476837158,3.590625047683716
2878,1043.2608399000019,0.014238274656236172,0.05000000074505806,0.15925000607967377,3.768749713897705
2879,1043.6552927978337,0.014209051616489887,0.05000000074505806,0.15787500143051147,3.7958335876464844
2880,1043.973224895075,0.01430925540626049,0.05000000074505806,0.16625000536441803,3.9375
2881,1044.3062934288755,0.014042551629245281,0.05000000074505806,0.16312499344348907,3.918750047683716
2882,1044.7111122030765,0.01606658473610878,0.05000000074505806,0.163875013589859,3.8374998569488525
2883,1045.11059995275,0.01471072155982256,0.05000000074505806,0.1563750058412552,3.8062498569488525
2884,1045.4470149315894,0.015740467235445976,0.05000000074505806,0.1588750034570694,3.8843748569488525
2885,1045.7934635682032,0.015123232267796993,0.05000000074505806,0.16625000536441803,3.9624998569488525
2886,1046.1377109056339,0.015465821139514446,0.05000000074505806,0.1614999920129776,3.7624998092651367
2887,1046.4672200707719,0.015013529919087887,0.05000000074505806,0.15000000596046448,3.8375000953674316
2888,1046.8462103856727,0.015607226639986038,0.05000000074505806,0.16462498903274536,3.8249995708465576
2889,1047.2530117118731,0.014603910967707634,0.05000000074505806,0.15162500739097595,3.6468749046325684
2890,1047.5749631375074,0.014350775629281998,0.05000000074505806,0.15575000643730164,3.781249761581421
2891,1047.9183216542006,0.013429834507405758,0.05000000074505806,0.15337499976158142,3.727083206176758
2892,1048.2631409643218,0.01322160568088293,0.05000000074505806,0.15850000083446503,3.778125047683716
2893,1048.575498657301,0.013873893767595291,0.05000000074505806,0.1576250046491623,3.6937499046325684
2894,1048.8844073219225,0.014955551363527775,0.05000000074505806,0.16425001621246338,3.859374761581421
2895,1049.1900295037776,0.013401065953075886,0.05000000074505806,0.15787500143051147,3.9437496662139893
2896,1049.4961717501283,0.015038566663861275,0.05000000074505806,0.15812501311302185,3.8874995708465576
2897,1049.8036127844825,0.014026744291186333,0.05000000074505806,0.1666250228881836,3.9187498092651367
2898,1050.1570022208616,0.014576023444533348,0.05000000074505806,0.15825000405311584,3.796875
2899,1050.460313487798,0.01601220853626728,0.05000000074505806,0.15212500095367432,3.684375047683716
2900,1050.7845176486298,0.015078399330377579,0.05000000074505806,0.15562500059604645,3.8375000953674316
2901,1051.0920490147546,0.017357461154460907,0.05000000074505806,0.164249986410141,3.7437498569488525
2902,1051.6151040270925,0.01219641137868166,0.05000000074505806,0.15462499856948853,3.7218751907348633
2903,1051.96079236269,0.015341950580477715,0.05000000074505806,0.1576249897480011,3.847916603088379
2904,1052.3124305931851,0.01493333000689745,0.05000000074505806,0.15675000846385956,3.734375
2905,1052.672051737085,0.012551923282444477,0.05000000074505806,0.1627499908208847,3.8031249046325684
2906,1052.9731095582247,0.01289618480950594,0.05000000074505806,0.15399999916553497,3.715625047683716
2907,1053.307242126204,0.015292382799088955,0.05000000074505806,0.1508750021457672,3.7874999046325684
2908,1053.6302454136312,0.013866016641259193,0.05000000074505806,0.156125009059906,3.7093749046325684
2909,1053.9388564033434,0.014710025861859322,0.05000000074505806,0.16062498092651367,3.7218751907348633
2910,1054.2683599889278,0.01578935608267784,0.05000000074505806,0.15650001168251038,3.809375047683716
2911,1054.5915779732168,0.013512488454580307,0.05000000074505806,0.1510000079870224,3.6875
2912,1054.9127974938601,0.014120420441031456,0.05000000074505806,0.15974999964237213,3.7093749046325684
2913,1055.3224488366395,0.01284494623541832,0.05000000074505806,0.1443749964237213,3.621875047683716
2914,1055.6640035668388,0.015297822654247284,0.05000000074505806,0.15649999678134918,3.684375047683716
2915,1056.097515862435,0.014685564674437046,0.05000000074505806,0.15512500703334808,3.75
2916,1056.4366004969925,0.012170525267720222,0.05000000074505806,0.1511249989271164,3.6031250953674316
2917,1056.766207558103,0.015230905264616013,0.05000000074505806,0.15425001084804535,3.7124998569488525
2918,1057.0822410210967,0.014440327882766724,0.05000000074505806,0.15674999356269836,3.668750047683716
2919,1057.3892307607457,0.01547375787049532,0.05000000074505806,0.15850000083446503,3.8625001907348633
2920,1057.7159780273214,0.014769840054214,0.05000000074505806,0.15799999237060547,3.878124952316284
2921,1058.059452782385,0.015181559138000011,0.05000000074505806,0.15537500381469727,3.671875
2922,1058.3756462587044,0.017099538818001747,0.05000000074505806,0.15937499701976776,3.734375
2923,1058.7097156168893,0.01617923192679882,0.05000000074505806,0.15737499296665192,3.9031248092651367
2924,1059.028780369088,0.015597154386341572,0.05000000074505806,0.1535000056028366,3.7281248569488525
2925,1059.3496421016753,0.014037268236279488,0.05000000074505806,0.16074998676776886,3.7093749046325684
2926,1059.667835554108,0.013454403728246689,0.05000000074505806,0.16337499022483826,3.768749713897705
2927,1059.9928487464786,0.014562511816620827,0.05000000074505806,0.15512500703334808,3.897916793823242
2928,1060.443187970668,0.013626550324261189,0.05000000074505806,0.15549999475479126,3.706249713897705
2929,1060.7639571195468,0.012566465884447098,0.05000000074505806,0.15687498450279236,3.668750047683716
2930,1061.0762568041682,0.015357466414570808,0.05000000074505806,0.15074999630451202,3.7156248092651367
2931,1061.3927085585892,0.01395751815289259,0.05000000074505806,0.1511250138282776,3.668750047683716
2932,1063.0207422627136,0.015728704631328583,0.05000000074505806,0.16099999845027924,3.8687500953674316
2933,1063.3406343404204,0.014094345271587372,0.05000000074505806,0.15662498772144318,3.6999998092651367
2934,1063.6897324230522,0.013876184821128845,0.05000000074505806,0.1599999964237213,3.7468748092651367
2935,1064.0103465765715,0.014880867674946785,0.05000000074505806,0.15712501108646393,3.7937498092651367
2936,1064.3495464501902,0.014350078999996185,0.05000000074505806,0.1589999943971634,4.003124713897705
2937,1064.678767317906,0.015341019257903099,0.05000000074505806,0.1616249978542328,3.6781249046325684
2938,1064.9803347839043,0.015443301759660244,0.05000000074505806,0.1548749953508377,3.825000047683716
2939,1065.3024808783084,0.013830132782459259,0.05000000074505806,0.14649999141693115,3.5999996662139893
2940,1065.6379458494484,0.014683498069643974,0.05000000074505806,0.16062499582767487,3.843750238418579
2941,1065.965171202086,0.013320486061275005,0.05000000074505806,0.1599999964237213,3.8375000953674316
2942,1066.281691385433,0.016087044030427933,0.05000000074505806,0.16224999725818634,3.840625047683716
2943,1066.6133230691776,0.013979191891849041,0.05000000074505806,0.15412500500679016,3.778125047683716
2944,1067.0859468216076,0.014272232539951801,0.05000000074505806,0.16724997758865356,3.9812498092651367
2945,1067.3890454368666,0.013193244114518166,0.05000000074505806,0.14862501621246338,3.7375001907348633
2946,1067.7757337540388,0.016405537724494934,0.05000000074505806,0.16200000047683716,3.7156248092651367
2947,1068.6563935531303,0.0140125323086977,0.05000000074505806,0.15175001323223114,3.7593750953674316
2948,1069.024600431323,0.012962038628757,0.05000000074505806,0.1561249941587448,3.7249999046325684
2949,1069.3266494991258,0.014863569289445877,0.05000000074505806,0.16700001060962677,3.8187501430511475
2950,1069.63171786163,0.014350850135087967,0.05000000074505806,0.1615000218153,3.8874998092651367
2951,1069.942462050356,0.014747521840035915,0.05000000074505806,0.14912499487400055,3.722916603088379
2952,1070.2497425414622,0.015407230705022812,0.05000000074505806,0.15924999117851257,3.8218750953674316
2953,1070.5582198183984,0.014664549380540848,0.05000000074505806,0.16249997913837433,3.8249998092651367
2954,1070.8628800390288,0.014990457333624363,0.05000000074505806,0.1536249965429306,3.7093749046325684
2955,1071.1992249963805,0.012866618111729622,0.05000000074505806,0.16050000488758087,3.9499998092651367
2956,1071.5402742894366,0.015199055895209312,0.05000000074505806,0.16087499260902405,3.7874999046325684
2957,1071.899012522772,0.014237308874726295,0.05000000074505806,0.16374999284744263,3.828125
2958,1072.2259795218706,0.013710521161556244,0.05000000074505806,0.16062499582767487,3.890624761581421
2959,1072.5603605369106,0.015479117631912231,0.05000000074505806,0.15525001287460327,3.768749713897705
2960,1072.9003043174744,0.01268581673502922,0.05000000074505806,0.1496250033378601,3.8031249046325684
2961,1073.22529242374,0.013670220971107483,0.05000000074505806,0.16575001180171967,3.7249996662139893
2962,1073.5528555857018,0.015151993371546268,0.05000000074505806,0.15974998474121094,3.762500047683716
2963,1073.8715587481856,0.014129506424069405,0.05000000074505806,0.15674999356269836,3.889582872390747
2964,1074.1935558496043,0.014134703204035759,0.05000000074505806,0.15562501549720764,3.7093749046325684
2965,1074.503319259733,0.015521428547799587,0.05000000074505806,0.1588750034570694,3.706249713897705
2966,1074.802693775855,0.01535426639020443,0.05000000074505806,0.15212500095367432,3.706249713897705
2967,1075.2258576285094,0.013786534778773785,0.05000000074505806,0.14749999344348907,3.6312499046325684
2968,1075.5540475891903,0.013656502589583397,0.05000000074505806,0.14637500047683716,3.596874952316284
2969,1076.0435610543936,0.015329938381910324,0.05000000074505806,0.1614999920129776,3.684375047683716
2970,1076.4082843055949,0.016750356182456017,0.05000000074505806,0.15812499821186066,3.6968748569488525
2971,1076.7379974210635,0.014983786270022392,0.05000000074505806,0.14774999022483826,3.784374952316284
2972,1077.065784227103,0.015020493417978287,0.05000000074505806,0.15062499046325684,3.53125
2973,1077.4179295059294,0.0150728365406394,0.05000000074505806,0.1614999920129776,3.8093748092651367
2974,1077.7434933716431,0.014216500334441662,0.05000000074505806,0.16112498939037323,3.8656249046325684
2975,1078.1564491828904,0.013909534551203251,0.05000000074505806,0.14749999344348907,3.6625001430511475
2976,1078.4680194854736,0.01286524347960949,0.05000000074505806,0.15837499499320984,3.8531250953674316
2977,1078.8109392123297,0.01351371593773365,0.05000000074505806,0.15412500500679016,3.628124713897705
2978,1079.2583863176405,0.013765544630587101,0.05000000074505806,0.16224999725818634,3.7249999046325684
2979,1079.588008441031,0.0131172314286232,0.05000000074505806,0.1588750183582306,3.9750003814697266
2980,1079.9243357805535,0.01279717031866312,0.05000000074505806,0.1511250138282776,3.684375047683716
2981,1080.2355701383203,0.013986697420477867,0.05000000074505806,0.15787501633167267,3.8218748569488525
2982,1080.5421222774312,0.014292558655142784,0.05000000074505806,0.15837500989437103,3.5718750953674316
2983,1080.8451611930504,0.014334922656416893,0.05000000074505806,0.15450000762939453,3.8343751430511475
2984,1081.174043925479,0.015813365578651428,0.05000000074505806,0.15950000286102295,3.815624952316284
2985,1081.49945735652,0.014921708032488823,0.05000000074505806,0.16062499582767487,3.890625
2986,1081.8280122373253,0.012687119655311108,0.05000000074505806,0.16212499141693115,3.7906250953674316
2987,1082.1653295038268,0.014235527254641056,0.05000000074505806,0.15425001084804535,3.8062503337860107
2988,1082.4848866928369,0.015881605446338654,0.05000000074505806,0.16237498819828033,3.8187499046325684
2989,1082.8190617980435,0.015717122703790665,0.05000000074505806,0.1508750021457672,3.6499998569488525
2990,1083.1665868563578,0.014166304841637611,0.05000000074505806,0.15825000405311584,3.768749952316284
2991,1083.6508604185656,0.01423146203160286,0.05000000074505806,0.1537500023841858,3.8500001430511475
2992,1083.988631294109,0.01582164131104946,0.05000000074505806,0.1550000011920929,3.621875047683716
2993,1084.348699869588,0.015887096524238586,0.05000000074505806,0.1588750034570694,3.734374761581421
2994,1084.6999688493088,0.014069811441004276,0.05000000074505806,0.1576250046491623,3.831249952316284
2995,1085.01738109719,0.015223974362015724,0.05000000074505806,0.15137501060962677,3.700000047683716
2996,1085.3566701589152,0.014137201011180878,0.05000000074505806,0.1535000205039978,3.7437496185302734
2997,1085.672612151131,0.013705152086913586,0.05000000074505806,0.16112500429153442,3.6843748092651367
2998,1085.9976304536685,0.014510097913444042,0.05000000074505806,0.16187499463558197,3.8812501430511475
2999,1086.347504902631,0.01585383340716362,0.05000000074505806,0.14512500166893005,3.6395833492279053
3000,1086.719492962584,0.013831383548676968,0.05000000074505806,0.1641250103712082,3.921875
3001,1087.0732529293746,0.015899455174803734,0.05000000074505806,0.16037499904632568,3.7624998092651367
3002,1087.4317017290741,0.015375921502709389,0.05000000074505806,0.1616249978542328,3.8718748092651367
3003,1087.7831133790314,0.01612146385014057,0.05000000074505806,0.15025000274181366,3.6781249046325684
3004,1088.104319691658,0.015642333775758743,0.05000000074505806,0.1485000103712082,3.6343748569488525
3005,1088.4539856649935,0.012866316363215446,0.05000000074505806,0.16350001096725464,3.8500001430511475
3006,1088.78403795138,0.013132407329976559,0.05000000074505806,0.1601249873638153,3.7718749046325684
3007,1089.1042755115777,0.015438731759786606,0.05000000074505806,0.15462499856948853,3.7468745708465576
3008,1089.4424551110715,0.013468020595610142,0.05000000074505806,0.15174999833106995,3.784374952316284
3009,1089.7495362116024,0.01377740316092968,0.05000000074505806,0.1599999964237213,3.8375000953674316
3010,1090.0732859121636,0.013677508570253849,0.05000000074505806,0.16237498819828033,3.7531251907348633
3011,1090.3885435573757,0.01461528055369854,0.05000000074505806,0.15137499570846558,3.7354164123535156
3012,1090.7103246701881,0.014959501102566719,0.05000000074505806,0.15674999356269836,3.7437498569488525
3013,1091.0339601738378,0.015554741024971008,0.05000000074505806,0.16212499141693115,3.862499952316284
3014,1091.355917870067,0.013821997679769993,0.05000000074505806,0.156374990940094,3.784374952316284
3015,1091.6715752445161,0.013762028887867928,0.05000000074505806,0.1576250046491623,3.812499761581421
3016,1092.035078995861,0.015384357422590256,0.05000000074505806,0.14937499165534973,3.656249761581421
3017,1092.38573941309,0.014335127547383308,0.05000000074505806,0.1691250056028366,3.871875047683716
3018,1092.7131796227768,0.01421835832297802,0.05000000074505806,0.15825000405311584,3.8406248092651367
3019,1093.0699027227238,0.014496153220534325,0.05000000074505806,0.15525001287460327,3.7093749046325684
3020,1093.3741713156924,0.015137817710638046,0.05000000074505806,0.15287500619888306,3.659374713897705
3021,1093.6974411681294,0.015670597553253174,0.05000000074505806,0.15687501430511475,3.856250047683716
3022,1094.0324323987588,0.013179896399378777,0.05000000074505806,0.16350001096725464,3.7281248569488525
3023,1094.35517368,0.013808461837470531,0.05000000074505806,0.1523749977350235,3.8249998092651367
3024,1094.676398428157,0.014406826347112656,0.05000000074505806,0.1641250103712082,3.9281249046325684
3025,1095.0156836304814,0.015249117277562618,0.05000000074505806,0.16899999976158142,3.9906249046325684
3026,1095.330743833445,0.015984652563929558,0.05000000074505806,0.15549999475479126,3.6875
3027,1095.6816085176542,0.014262818731367588,0.05000000074505806,0.15474998950958252,3.8718748092651367
3028,1096.096583222039,0.017391549423336983,0.05000000074505806,0.1562500149011612,3.7781248092651367
3029,1096.5533291380852,0.014355053193867207,0.05000000074505806,0.16200000047683716,3.70937442779541
3030,1096.908052499406,0.01320832222700119,0.05000000074505806,0.15912501513957977,3.8031249046325684
3031,1097.2305826703086,0.014272846281528473,0.05000000074505806,0.15687499940395355,3.9125001430511475
3032,1097.5644790679216,0.013908475637435913,0.05000000074505806,0.15649999678134918,3.7593750953674316
3033,1097.8733945423737,0.014419471845030785,0.05000000074505806,0.16687500476837158,3.8562498092651367
3034,1098.2386517561972,0.01554329227656126,0.05000000074505806,0.16075000166893005,3.9906246662139893
3035,1098.6448595263064,0.014270120300352573,0.05000000074505806,0.14499999582767487,3.5874998569488525
3036,1099.0193404080346,0.013771184720098972,0.05000000074505806,0.15349999070167542,3.715625047683716
3037,1099.3399569941685,0.01375238224864006,0.05000000074505806,0.16212502121925354,3.828124761581421
3038,1099.7309479145333,0.01523355208337307,0.05000000074505806,0.16187499463558197,3.859374761581421
3039,1100.0765014393255,0.014881197363138199,0.05000000074505806,0.15700000524520874,3.8187499046325684
3040,1100.4151728507131,0.013918432407081127,0.05000000074505806,0.15600000321865082,3.8000001907348633
3041,1100.7305650226772,0.01323392242193222,0.05000000074505806,0.16762499511241913,3.9437503814697266
3042,1101.0583044784144,0.015313833020627499,0.05000000074505806,0.15987500548362732,3.7906246185302734
3043,1101.3834934551269,0.013797205872833729,0.05000000074505806,0.1548749953508377,3.8125
3044,1101.7201251732185,0.01294625923037529,0.05000000074505806,0.1587500125169754,3.7750000953674316
3045,1102.0744704296812,0.017035499215126038,0.05000000074505806,0.1574999988079071,3.7874999046325684
3046,1102.596114397049,0.01468370296061039,0.05000000074505806,0.1693750023841858,3.9124999046325684
3047,1102.9136763392016,0.014116539619863033,0.05000000074505806,0.15625,3.883333206176758
3048,1103.2558437706903,0.015102856792509556,0.05000000074505806,0.16087499260902405,3.878124713897705
3049,1103.5907787745818,0.014863096177577972,0.05000000074505806,0.15287500619888306,3.6156249046325684
3050,1103.9365190649405,0.01588519848883152,0.05000000074505806,0.14925001561641693,3.6062498092651367
3051,1104.6472207345068,0.012596553191542625,0.05000000074505806,0.15537500381469727,3.784374952316284
3052,1104.9508915478364,0.015445258468389511,0.05000000074505806,0.1469999998807907,3.46875
3053,1105.2549463463947,0.012055355124175549,0.05000000074505806,0.1549999862909317,3.762500286102295
3054,1105.6009257081896,0.017993826419115067,0.05000000074505806,0.1588750034570694,3.6968750953674316
3055,1105.9261888451874,0.015298346057534218,0.05000000074505806,0.14612500369548798,3.6468749046325684
3056,1106.3219247115776,0.013980031944811344,0.05000000074505806,0.1588750034570694,3.6499998569488525
3057,1106.6728131305426,0.013101184740662575,0.05000000074505806,0.15012498199939728,3.6156253814697266
3058,1107.2002095943317,0.01472579874098301,0.05000000074505806,0.15974999964237213,3.7562499046325684
3059,1107.557914884761,0.014328434132039547,0.05000000074505806,0.15162499248981476,3.7749996185302734
3060,1107.976902158931,0.014950261451303959,0.05000000074505806,0.1525000035762787,3.656249761581421
3061,1108.3117426224053,0.013452384620904922,0.05000000074505806,0.1587499976158142,3.737499713897705
3062,1108.6596403075382,0.01377147063612938,0.05000000074505806,0.15925000607967377,3.7093749046325684
3063,1109.0773433400318,0.013232635334134102,0.05000000074505806,0.14862500131130219,3.809375286102295
3064,1109.4789571585134,0.014219006523489952,0.05000000074505806,0.15299999713897705,3.6187500953674316
3065,1109.8115969467908,0.014879783615469933,0.05000000074505806,0.1510000079870224,3.6156249046325684
3066,1110.2791385482997,0.014228114858269691,0.05000000074505806,0.15675000846385956,3.6593751907348633
3067,1110.6750968080014,0.01268837507814169,0.05000000074505806,0.16175001859664917,3.9937498569488525
3068,1111.0060408329591,0.015303637832403183,0.05000000074505806,0.1576250195503235,3.5687499046325684
3069,1111.3523115357384,0.01522449404001236,0.05000000074505806,0.15399999916553497,3.840625047683716
3070,1111.6615106090903,0.016259538009762764,0.05000000074505806,0.1599999964237213,3.7593748569488525
3071,1112.5442130276933,0.01583363302052021,0.05000000074505806,0.15337499976158142,3.7979166507720947
3072,1112.8946406338364,0.01668999157845974,0.05000000074505806,0.15812501311302185,3.8031249046325684
3073,1113.260973113589,0.014908392913639545,0.05000000074505806,0.15812499821186066,3.6500000953674316
3074,1113.5853761807084,0.014406104572117329,0.05000000074505806,0.14687500894069672,3.6187498569488525
3075,1113.9077203702182,0.013905988074839115,0.05000000074505806,0.15850001573562622,3.799999952316284
3076,1114.2270445879549,0.013187730684876442,0.05000000074505806,0.14824999868869781,3.7062501907348633
3077,1114.5707044070587,0.015904130414128304,0.05000000074505806,0.15800000727176666,3.6625003814697266
3078,1114.9793018931523,0.013461385853588581,0.05000000074505806,0.16175001859664917,3.8343746662139893
3079,1115.3831596327946,0.01536495704203844,0.05000000074505806,0.16124999523162842,3.856250047683716
3080,1115.7099273875356,0.01508677564561367,0.05000000074505806,0.15074999630451202,3.753124952316284
3081,1116.1582651799545,0.01615133509039879,0.05000000074505806,0.1613749861717224,3.7312498092651367
3082,1116.5012250328436,0.013156583532691002,0.05000000074505806,0.15725000202655792,3.7593746185302734
3083,1116.8259407328442,0.013602511957287788,0.05000000074505806,0.1485000103712082,3.695833206176758
3084,1117.1479531731457,0.013683429919183254,0.05000000074505806,0.15812498331069946,3.753124952316284
3085,1117.5056118639186,0.01467209029942751,0.05000000074505806,0.16224999725818634,3.9156250953674316
3086,1117.8302250588313,0.01492450200021267,0.05000000074505806,0.15587501227855682,3.7437498569488525
3087,1118.1727264439687,0.014082729816436768,0.05000000074505806,0.1601250022649765,3.7624995708465576
3088,1118.47570152767,0.01690410077571869,0.05000000074505806,0.15299999713897705,3.8093748092651367
3089,1118.9044790240005,0.013832061551511288,0.05000000074505806,0.1614999920129776,3.781249761581421
3090,1119.2206112286076,0.013249725103378296,0.05000000074505806,0.156374990940094,3.71875
3091,1119.551228906028,0.013371888548135757,0.05000000074505806,0.1574999988079071,3.84375
3092,1119.9044759813696,0.014573129825294018,0.05000000074505806,0.14762501418590546,3.7593746185302734
3093,1120.226765455678,0.01328857708722353,0.05000000074505806,0.16212497651576996,3.7406246662139893
3094,1120.6331835445017,0.014744575135409832,0.05000000074505806,0.1626250147819519,3.7406246662139893
3095,1120.9922434594482,0.01524496078491211,0.05000000074505806,0.15687499940395355,3.8541669845581055
3096,1121.4287339737639,0.014021468348801136,0.05000000074505806,0.15812498331069946,3.7281248569488525
3097,1121.775363526307,0.015156090259552002,0.05000000074505806,0.1521250158548355,3.737499952316284
3098,1122.1045711534098,0.014036040753126144,0.05000000074505806,0.16212499141693115,3.734374761581421
3099,1122.4130423273891,0.017008677124977112,0.05000000074505806,0.15725000202655792,3.856250047683716
3100,1123.2966501321644,0.01448937226086855,0.05000000074505806,0.15062500536441803,3.684375047683716
3101,1123.690023103729,0.014859572052955627,0.05000000074505806,0.1587499976158142,3.7062501907348633
3102,1124.0354735031724,0.01429090928286314,0.05000000074505806,0.1613749861717224,3.878124952316284
3103,1124.3959678160027,0.01406245119869709,0.05000000074505806,0.14487498998641968,3.612499952316284
3104,1124.7331757247448,0.01501738466322422,0.05000000074505806,0.15675000846385956,3.659374952316284
3105,1125.0681322496384,0.015924254432320595,0.05000000074505806,0.1551249921321869,3.8218748569488525
3106,1125.3889664188027,0.013461482711136341,0.05000000074505806,0.1587499976158142,3.700000047683716
3107,1125.719753707759,0.013767564669251442,0.05000000074505806,0.15125000476837158,3.706249952316284
3108,1126.1547873308882,0.014361219480633736,0.05000000074505806,0.1523749977350235,3.6937501430511475
3109,1126.482812919654,0.01405910775065422,0.05000000074505806,0.15187500417232513,3.5562500953674316
3110,1126.8224704489112,0.01456681452691555,0.05000000074505806,0.16300001740455627,3.8062500953674316
3111,1127.2256593713537,0.01589033752679825,0.05000000074505806,0.15125000476837158,3.737499952316284
3112,1127.6357041774318,0.015801407396793365,0.05000000074505806,0.15199999511241913,3.71875
3113,1128.0568440789357,0.015660138800740242,0.05000000074505806,0.156374990940094,3.7531251907348633
3114,1128.3898047544062,0.014211317524313927,0.05000000074505806,0.1615000218153,3.7750000953674316
3115,1128.7355381539091,0.015172213315963745,0.05000000074505806,0.14737501740455627,3.671875
3116,1129.0737871220335,0.016194097697734833,0.05000000074505806,0.15662500262260437,3.731250047683716
3117,1129.3868270134553,0.01734183169901371,0.05000000074505806,0.1510000079870224,3.674999952316284
3118,1129.7016498716548,0.013876608572900295,0.05000000074505806,0.1654999852180481,3.8249998092651367
3119,1130.0326375914738,0.015717720612883568,0.05000000074505806,0.1551249921321869,3.7708332538604736
3120,1130.3416502298787,0.015372215770184994,0.05000000074505806,0.15262499451637268,3.6968748569488525
3121,1130.7358165923506,0.013680870644748211,0.05000000074505806,0.16200000047683716,3.78125
3122,1131.0735485823825,0.014521704986691475,0.05000000074505806,0.16037499904632568,3.8343751430511475
3123,1131.4386473745108,0.014275157824158669,0.05000000074505806,0.1522500067949295,3.796875
3124,1131.7957971366122,0.014252770692110062,0.05000000074505806,0.156374990940094,3.78125
3125,1132.1445159465075,0.01612280122935772,0.05000000074505806,0.15812501311302185,3.7749998569488525
3126,1132.4691268755123,0.014237526804208755,0.05000000074505806,0.1573750078678131,3.6312503814697266
3127,1132.8062489703298,0.013688884675502777,0.05000000074505806,0.1511250138282776,3.7906248569488525
3128,1133.264673200436,0.013374848291277885,0.05000000074505806,0.16374997794628143,3.7124998569488525
3129,1133.5768437264487,0.014960970729589462,0.05000000074505806,0.16099999845027924,3.9000000953674316
3130,1133.8971905503422,0.013254370540380478,0.05000000074505806,0.15562500059604645,3.715625047683716
3131,1134.220417981036,0.014982424676418304,0.05000000074505806,0.15337499976158142,3.789583206176758
3132,1134.5367334233597,0.014836985617876053,0.05000000074505806,0.15662500262260437,3.6968750953674316
3133,1134.894201669842,0.013882837258279324,0.05000000074505806,0.16050000488758087,3.856250047683716
3134,1135.2213823823258,0.015958040952682495,0.05000000074505806,0.15012501180171967,3.6187498569488525
3135,1135.5765610728413,0.014461470767855644,0.05000000074505806,0.1561249941587448,3.7624998092651367
3136,1135.8933987561613,0.015477018430829048,0.05000000074505806,0.1511250138282776,3.734375
3137,1136.1905142879114,0.015267448499798775,0.05000000074505806,0.16187499463558197,3.765625
3138,1136.5174574721605,0.014394486322999,0.05000000074505806,0.1681250035762787,3.9031248092651367
3139,1136.8759211683646,0.018208246678113937,0.05000000074505806,0.14887499809265137,3.671875
3140,1137.2047513350844,0.014000043272972107,0.05000000074505806,0.1574999988079071,3.8531248569488525
3141,1137.5066898297518,0.014106331393122673,0.05000000074505806,0.15737499296665192,3.7312498092651367
3142,1137.8197570191696,0.012488499283790588,0.05000000074505806,0.1575000137090683,3.6625003814697266
3143,1138.1246865727007,0.01641957089304924,0.05000000074505806,0.15275000035762787,3.804166555404663
3144,1138.4370167749003,0.01662163808941841,0.05000000074505806,0.15450000762939453,3.643749952316284
3145,1138.7408329490572,0.012852704152464867,0.05000000074505806,0.1602499932050705,3.8687500953674316
3146,1139.0528502976522,0.014472324401140213,0.05000000074505806,0.17149999737739563,4.003124713897705
3147,1139.3526952769607,0.015385089442133904,0.05000000074505806,0.16187499463558197,3.9906249046325684
3148,1139.6631531286985,0.014419231563806534,0.05000000074505806,0.15962500870227814,3.9156246185302734
3149,1139.9647472109646,0.015213189646601677,0.05000000074505806,0.16462501883506775,3.8531250953674316
3150,1140.2740858923644,0.014067823067307472,0.05000000074505806,0.1587499976158142,3.903125286102295
3151,1140.5876726256683,0.01567636802792549,0.05000000074505806,0.15387500822544098,3.7843751907348633
3152,1140.9124580370262,0.01620333641767502,0.05000000074505806,0.14612498879432678,3.671875238418579
3153,1141.2115662563592,0.014832130633294582,0.05000000074505806,0.163875013589859,3.609375
3154,1141.5112266652286,0.015587441623210907,0.05000000074505806,0.16037499904632568,3.7718746662139893
3155,1141.8169616656378,0.01366135198622942,0.05000000074505806,0.1599999964237213,3.9124996662139893
3156,1142.116341390647,0.013419335708022118,0.05000000074505806,0.14799998700618744,3.5874998569488525
3157,1142.4412496341392,0.015987936407327652,0.05000000074505806,0.15850000083446503,3.737499952316284
3158,1142.7481107693166,0.013346074149012566,0.05000000074505806,0.15837500989437103,3.765624761581421
3159,1143.1040512807667,0.014777854084968567,0.05000000074505806,0.15312500298023224,3.706249952316284
3160,1143.4177085468546,0.012323691509664059,0.05000000074505806,0.15862499177455902,3.828125
3161,1143.7372027579695,0.014260392636060715,0.05000000074505806,0.15775001049041748,3.734374761581421
3162,1144.0738707100973,0.014740239828824997,0.05000000074505806,0.14900000393390656,3.6156249046325684
3163,1144.4156994437799,0.014692557975649834,0.05000000074505806,0.15587499737739563,3.643749713897705
3164,1144.7358881095424,0.01457412913441658,0.05000000074505806,0.156125009059906,3.862499952316284
3165,1145.0460398942232,0.016267502680420876,0.05000000074505806,0.15725000202655792,3.6593751907348633
3166,1145.3557952251285,0.013184105977416039,0.05000000074505806,0.16374999284744263,3.768749713897705
3167,1145.719531581737,0.014526454731822014,0.05000000074505806,0.15074999630451202,3.8458335399627686
3168,1146.0341059174389,0.0155593641102314,0.05000000074505806,0.1627499908208847,3.8687498569488525
3169,1146.339799048379,0.01353241503238678,0.05000000074505806,0.15287500619888306,3.6999998092651367
3170,1146.668700620532,0.01428974699229002,0.05000000074505806,0.16875000298023224,3.971874952316284
3171,1147.043363778852,0.014490826986730099,0.05000000074505806,0.15649999678134918,3.8687500953674316
3172,1147.3822351563722,0.016539474949240685,0.05000000074505806,0.148250013589859,3.625
3173,1147.7000322109088,0.015730183571577072,0.05000000074505806,0.1602500081062317,3.7281250953674316
3174,1148.0009692385793,0.014744479209184647,0.05000000074505806,0.16074998676776886,3.8406248092651367
3175,1148.318119795993,0.013464178889989853,0.05000000074505806,0.1535000056028366,3.7281248569488525
3176,1148.7056900290772,0.01337054930627346,0.05000000074505806,0.16099999845027924,3.9375
3177,1149.0358486715704,0.015546713024377823,0.05000000074505806,0.15262500941753387,3.6781249046325684
3178,1149.363403671421,0.013402139768004417,0.05000000074505806,0.15287500619888306,3.5718750953674316
3179,1149.7131691789255,0.014606401324272156,0.05000000074505806,0.15962499380111694,3.816666841506958
3180,1150.0820443760604,0.013993811793625355,0.05000000074505806,0.15987500548362732,3.874999523162842
3181,1150.4214882487431,0.012655701488256454,0.05000000074505806,0.15800000727176666,3.749999761581421
3182,1150.7279260214418,0.014916960150003433,0.05000000074505806,0.16124999523162842,3.7624998092651367
3183,1151.059881992638,0.012912350706756115,0.05000000074505806,0.1508750021457672,3.7718749046325684
3184,1151.5235404130071,0.013459283858537674,0.05000000074505806,0.15962500870227814,3.84375
3185,1151.9720952259377,0.013999994844198227,0.05000000074505806,0.15449999272823334,3.6781251430511475
3186,1152.292793338187,0.015148317441344261,0.05000000074505806,0.16187499463558197,3.7562499046325684
3187,1153.356282139197,0.01361593697220087,0.05000000074505806,0.1473749876022339,3.6437501907348633
3188,1153.7888589454815,0.01576475240290165,0.05000000074505806,0.15725000202655792,3.8125
3189,1154.1256987033412,0.014454825781285763,0.05000000074505806,0.16062499582767487,3.7624998092651367
3190,1154.4451601030305,0.014532534405589104,0.05000000074505806,0.1576249897480011,3.700000286102295
3191,1154.8043636688963,0.014995038509368896,0.05000000074505806,0.14662499725818634,3.6875
3192,1155.141701550223,0.014514298178255558,0.05000000074505806,0.15537498891353607,3.7062501907348633
3193,1155.4466718714684,0.01637149229645729,0.05000000074505806,0.15812499821186066,3.7937498092651367
3194,1155.7766339536756,0.01593814603984356,0.05000000074505806,0.1589999943971634,3.799999713897705
3195,1156.094976642169,0.014796912670135498,0.05000000074505806,0.15000002086162567,3.6656253337860107
3196,1156.4231302849948,0.015044699423015118,0.05000000074505806,0.1508750170469284,3.659374952316284
3197,1156.738278908655,0.014395824633538723,0.05000000074505806,0.1639999896287918,3.8375000953674316
3198,1157.0780153367668,0.014130547642707825,0.05000000074505806,0.15700000524520874,3.643749713897705
3199,1157.3778676176444,0.013240717351436615,0.05000000074505806,0.14649999141693115,3.781249761581421
3200,1157.7014769380912,0.015006223693490028,0.05000000074505806,0.16200000047683716,3.6656250953674316
3201,1158.0004203161225,0.015604821965098381,0.05000000074505806,0.15512500703334808,3.7781248092651367
3202,1158.3075600806624,0.014468918554484844,0.05000000074505806,0.15387500822544098,3.7531251907348633
3203,1158.6393590327352,0.01443150918930769,0.05000000074505806,0.15287500619888306,3.6895830631256104
3204,1158.9472384890541,0.014642895199358463,0.05000000074505806,0.15600000321865082,3.793750286102295
3205,1159.2693780139089,0.014844095334410667,0.05000000074505806,0.15925000607967377,3.703125
3206,1159.6170935044065,0.014776604250073433,0.05000000074505806,0.1536249965429306,3.6374998092651367
3207,1159.919538830407,0.013926745392382145,0.05000000074505806,0.14087499678134918,3.543750047683716
3208,1160.2572840955108,0.014876767992973328,0.05000000074505806,0.15812501311302185,3.753124952316284
3209,1160.6077479459345,0.014385925605893135,0.05000000074505806,0.16249999403953552,3.78125
3210,1161.025279105641,0.015184542164206505,0.05000000074505806,0.16037499904632568,3.8187499046325684
3211,1161.4601438594982,0.014069294556975365,0.05000000074505806,0.15212500095367432,3.828125
3212,1161.7779039340094,0.015489878132939339,0.05000000074505806,0.15300001204013824,3.6343748569488525
3213,1162.1022115182132,0.013367891311645508,0.05000000074505806,0.15424999594688416,3.7156248092651367
3214,1162.4621392153203,0.01440687570720911,0.05000000074505806,0.15825000405311584,3.706249952316284
3215,1162.820975505747,0.015208160504698753,0.05000000074505806,0.15125000476837158,3.7166662216186523
3216,1163.1755464300513,0.014346162788569927,0.05000000074505806,0.16637501120567322,3.9593751430511475
3217,1163.4838799275458,0.01727692224085331,0.05000000074505806,0.15587499737739563,3.671875
3218,1163.7845638943836,0.013633988797664642,0.05000000074505806,0.15262499451637268,3.6937499046325684
3219,1164.1640220517293,0.014462051913142204,0.05000000074505806,0.14937499165534973,3.7093749046325684
3220,1165.0926409885287,0.015732549130916595,0.05000000074505806,0.15825000405311584,3.7718751430511475
3221,1165.467725967057,0.014571727253496647,0.05000000074505806,0.16499997675418854,3.8718748092651367
3222,1165.7849946292117,0.013569225557148457,0.05000000074505806,0.16687500476837158,3.909374713897705
3223,1166.1790437409654,0.014540791511535645,0.05000000074505806,0.16425001621246338,3.9281249046325684
3224,1166.5425683371723,0.015742560848593712,0.05000000074505806,0.15974999964237213,3.9312500953674316
3225,1166.8836951293051,0.014671232551336288,0.05000000074505806,0.15000000596046448,3.715625047683716
3226,1167.314889838919,0.014941014349460602,0.05000000074505806,0.16050000488758087,3.6843748092651367
3227,1167.7260134937242,0.013934774324297905,0.05000000074505806,0.1497499942779541,3.745833158493042
3228,1168.0640199026093,0.01361912302672863,0.05000000074505806,0.15537500381469727,3.7406246662139893
3229,1168.3830510862172,0.015769388526678085,0.05000000074505806,0.16099999845027924,3.809375047683716
3230,1168.6995194908231,0.01434391550719738,0.05000000074505806,0.16112498939037323,3.890625
3231,1169.050252020359,0.01539632398635149,0.05000000074505806,0.15325000882148743,3.703125
3232,1169.3791036875919,0.015058886259794235,0.05000000074505806,0.15687499940395355,3.6968748569488525
3233,1169.728037878871,0.014362328685820103,0.05000000074505806,0.1654999852180481,3.9031248092651367
3234,1170.0509903142229,0.013559503480792046,0.05000000074505806,0.1537500023841858,3.6843748092651367
3235,1170.3690962633118,0.013099311850965023,0.05000000074505806,0.15337501466274261,3.746875047683716
3236,1170.7339052939788,0.01365357544273138,0.05000000074505806,0.15587501227855682,3.8812501430511475
3237,1171.0679925223812,0.014722021296620369,0.05000000074505806,0.1628749966621399,3.7687501907348633
3238,1171.38087304309,0.014244457706809044,0.05000000074505806,0.1614999920129776,3.796875
3239,1171.7299708509818,0.014747321605682373,0.05000000074505806,0.156125009059906,3.862499952316284
3240,1172.0844560181722,0.013798362575471401,0.05000000074505806,0.15599998831748962,3.7250001430511475
3241,1172.4032706981525,0.014429409988224506,0.05000000074505806,0.15937499701976776,3.7562499046325684
3242,1172.7653150977567,0.01366798672825098,0.05000000074505806,0.1549999862909317,3.6687498092651367
3243,1173.289281718433,0.014124386012554169,0.05000000074505806,0.15400001406669617,3.8468751907348633
3244,1173.5995724508539,0.01460545975714922,0.05000000074505806,0.15675000846385956,3.8218750953674316
3245,1173.986992915161,0.015578633174300194,0.05000000074505806,0.15049999952316284,3.559375286102295
3246,1174.3268040083349,0.01616431400179863,0.05000000074505806,0.16224999725818634,3.762500047683716
3247,1174.6438297228888,0.01511181890964508,0.05000000074505806,0.1470000147819519,3.6624999046325684
3248,1174.989554383792,0.015659227967262268,0.05000000074505806,0.16249999403953552,3.7593748569488525
3249,1175.3313608858734,0.013739947229623795,0.05000000074505806,0.14649999141693115,3.7874996662139893
3250,1175.6692400518805,0.014562469907104969,0.05000000074505806,0.1627500206232071,3.5656251907348633
3251,1176.0246110167354,0.0153143759816885,0.05000000074505806,0.14887499809265137,3.7479164600372314
3252,1176.3404921023175,0.01525366771966219,0.05000000074505806,0.16437500715255737,3.878124952316284
3253,1176.67063089367,0.013630837202072144,0.05000000074505806,0.1525000035762787,3.6656248569488525
3254,1177.0271985447034,0.014476411044597626,0.05000000074505806,0.15412501990795135,3.6968746185302734
3255,1177.457035496831,0.016058817505836487,0.05000000074505806,0.14862501621246338,3.6468749046325684
3256,1177.7967559983954,0.016646720468997955,0.05000000074505806,0.15825000405311584,3.7593750953674316
3257,1178.1551360907033,0.013958759605884552,0.05000000074505806,0.15812499821186066,3.7281248569488525
3258,1178.50215799734,0.012612559832632542,0.05000000074505806,0.1629999876022339,3.8781251907348633
3259,1178.8065753383562,0.013929486274719238,0.05000000074505806,0.1523749977350235,3.7624998092651367
3260,1179.1278469813988,0.014421410858631134,0.05000000074505806,0.15200001001358032,3.8218748569488525
3261,1179.4453164162114,0.013903466984629631,0.05000000074505806,0.15687499940395355,3.609374761581421
3262,1179.7461287723854,0.014119946397840977,0.05000000074505806,0.1548749953508377,3.621875047683716
3263,1180.0857877600938,0.014472571201622486,0.05000000074505806,0.15524999797344208,3.7937498092651367
3264,1180.4169458299875,0.013815298676490784,0.05000000074505806,0.15924999117851257,3.7718749046325684
3265,1180.716516355984,0.01580115593969822,0.05000000074505806,0.1471249908208847,3.6031246185302734
3266,1181.045053685084,0.014376910403370857,0.05000000074505806,0.1641250103712082,3.784374952316284
3267,1181.4671819731593,0.014896519482135773,0.05000000074505806,0.16112498939037323,4.006249904632568
3268,1181.819605294615,0.013904734514653683,0.05000000074505806,0.15349999070167542,3.7124998569488525
3269,1182.1457999991253,0.013372084125876427,0.05000000074505806,0.1654999852180481,3.7687501907348633
3270,1182.4847858604044,0.015277164056897163,0.05000000074505806,0.16237498819828033,3.9281251430511475
3271,1182.810493872501,0.012866645120084286,0.05000000074505806,0.1548749953508377,3.8656249046325684
3272,1183.1449572220445,0.01595398038625717,0.05000000074505806,0.15925000607967377,3.796875
3273,1183.5194495189935,0.012994308024644852,0.05000000074505806,0.1509999930858612,3.65625
3274,1183.847404224798,0.014125318266451359,0.05000000074505806,0.16224999725818634,3.8062500953674316
3275,1184.185942299664,0.014981900341808796,0.05000000074505806,0.1511249989271164,3.7249996662139893
3276,1184.6544310925528,0.015278022736310959,0.05000000074505806,0.15537498891353607,3.7249999046325684
3277,1185.059105544351,0.015780460089445114,0.05000000074505806,0.16062499582767487,3.8375000953674316
3278,1185.4667179090902,0.016406714916229248,0.05000000074505806,0.15437500178813934,3.637500047683716
3279,1185.799620452337,0.01423783227801323,0.05000000074505806,0.1525000035762787,3.7468748092651367
3280,1186.3825439391658,0.015517971478402615,0.05000000074505806,0.15162499248981476,3.6500000953674316
3281,1186.754019062966,0.015251421369612217,0.05000000074505806,0.16187499463558197,3.7093749046325684
3282,1187.0988699290901,0.013410662300884724,0.05000000074505806,0.15962499380111694,3.8187499046325684
3283,1187.4511570548639,0.013192840851843357,0.05000000074505806,0.15650001168251038,3.8499999046325684
3284,1187.7887143306434,0.013015267439186573,0.05000000074505806,0.156125009059906,3.7781248092651367
3285,1188.1034428961575,0.01590784266591072,0.05000000074505806,0.1574999988079071,3.846874952316284
3286,1188.472301675938,0.01375105232000351,0.05000000074505806,0.16875000298023224,3.8062500953674316
3287,1188.8128889510408,0.01375401671975851,0.05000000074505806,0.14637500047683716,3.75
3288,1189.1256977003068,0.014888521283864975,0.05000000074505806,0.15837499499320984,3.7750003337860107
3289,1189.5773598253727,0.015018259175121784,0.05000000074505806,0.16212499141693115,3.8406245708465576
3290,1189.9221668373793,0.015370069071650505,0.05000000074505806,0.15625,3.765624761581421
3291,1190.2562217237428,0.016191618517041206,0.05000000074505806,0.15312500298023224,3.6875
3292,1190.6130174556747,0.015455374494194984,0.05000000074505806,0.15587501227855682,3.768749713897705
3293,1191.0154633978382,0.014644901268184185,0.05000000074505806,0.1666250079870224,3.9875001907348633
3294,1191.3916658237576,0.016837265342473984,0.05000000074505806,0.15837499499320984,3.6968750953674316
3295,1191.7486302033067,0.016670841723680496,0.05000000074505806,0.15012501180171967,3.7281248569488525
3296,1192.0826335521415,0.012959636747837067,0.05000000074505806,0.1616249978542328,3.78125
3297,1192.3940938189626,0.014538387767970562,0.05000000074505806,0.1628749966621399,4.003124713897705
3298,1192.7343071047217,0.015626754611730576,0.05000000074505806,0.15574999153614044,3.715625047683716
3299,1193.0798646882176,0.013807076960802078,0.05000000074505806,0.1537500023841858,3.7479169368743896
3300,1193.3900466552004,0.013192092068493366,0.05000000074505806,0.1599999964237213,3.856250047683716
3301,1193.6918076574802,0.015356700867414474,0.05000000074505806,0.16124999523162842,3.7906250953674316
3302,1194.01128518302,0.013216391205787659,0.05000000074505806,0.15987499058246613,3.8812499046325684
3303,1194.3569798581302,0.015630999580025673,0.05000000074505806,0.15287500619888306,3.706249952316284
3304,1194.6874565174803,0.01400432176887989,0.05000000074505806,0.16112500429153442,3.8343749046325684
3305,1195.036614398472,0.014245213009417057,0.05000000074505806,0.15425001084804535,3.671874761581421
3306,1195.4889973485842,0.014557961374521255,0.05000000074505806,0.15837499499320984,3.6812500953674316
3307,1195.8436309965327,0.01338185090571642,0.05000000074505806,0.1536249965429306,3.8062498569488525
3308,1196.156797944568,0.014669922180473804,0.05000000074505806,0.15687499940395355,3.8656249046325684
3309,1196.5555382911116,0.015605506487190723,0.05000000074505806,0.16737501323223114,3.825000286102295
3310,1196.9242013404146,0.014039946720004082,0.05000000074505806,0.16049998998641968,3.8000001907348633
3311,1197.2531750360504,0.015440683811903,0.05000000074505806,0.15674999356269836,3.902083158493042
3312,1197.5828676829115,0.014548289589583874,0.05000000074505806,0.15987500548362732,3.793750047683716
3313,1197.9710728023201,0.013001303188502789,0.05000000074505806,0.15837500989437103,3.7437498569488525
3314,1198.2973843580112,0.013862304389476776,0.05000000074505806,0.15574999153614044,3.715625286102295
3315,1198.7374099614099,0.015676897019147873,0.05000000074505806,0.15062500536441803,3.6781251430511475
3316,1199.1015385361388,0.013798628933727741,0.05000000074505806,0.15650001168251038,3.8374996185302734
3317,1199.458861275576,0.015685230493545532,0.05000000074505806,0.1573750078678131,3.737499952316284
3318,1199.8487965008244,0.013980836607515812,0.05000000074505806,0.1522499918937683,3.5843749046325684
3319,1200.2952117631212,0.013405736535787582,0.05000000074505806,0.15037500858306885,3.796874523162842
3320,1201.1437694346532,0.014512959867715836,0.05000000074505806,0.15587499737739563,3.6937499046325684
3321,1201.8425942538306,0.015073276124894619,0.05000000074505806,0.15812499821186066,3.659374952316284
3322,1202.2035063588992,0.015318045392632484,0.05000000074505806,0.15287500619888306,3.6656250953674316
3323,1202.6211883667856,0.01315571554005146,0.05000000074505806,0.15674999356269836,3.808333396911621
3324,1203.019295744598,0.01534423790872097,0.05000000074505806,0.1576250046491623,3.7749998569488525
3325,1203.404742313549,0.01463364064693451,0.05000000074505806,0.1575000137090683,3.71875
3326,1203.7429255601019,0.014600108377635479,0.05000000074505806,0.1589999943971634,3.8218750953674316
3327,1204.071656582877,0.014451863244175911,0.05000000074505806,0.15424999594688416,3.7093751430511475
3328,1204.4194138925523,0.013780479319393635,0.05000000074505806,0.15275000035762787,3.7750000953674316
3329,1204.729598284699,0.01508012879639864,0.05000000074505806,0.17125000059604645,3.9781248569488525
3330,1205.1492745326832,0.015763897448778152,0.05000000074505806,0.15812501311302185,3.7718749046325684
3331,1205.54155935999,0.013605481013655663,0.05000000074505806,0.1496250033378601,3.815624952316284
3332,1206.0084788249806,0.013576964847743511,0.05000000074505806,0.15187500417232513,3.687499761581421
3333,1206.3715506261215,0.016191760078072548,0.05000000074505806,0.16087499260902405,3.609375
3334,1206.7373911775649,0.012450705282390118,0.05000000074505806,0.1576250046491623,3.8343753814697266
3335,1207.1720552761108,0.016456671059131622,0.05000000074505806,0.16099999845027924,3.8604166507720947
3336,1207.4983098525554,0.013522247783839703,0.05000000074505806,0.15600000321865082,3.6999998092651367
3337,1207.8194900657982,0.014407576993107796,0.05000000074505806,0.1616249978542328,3.796874761581421
3338,1208.1430879235268,0.015063449740409851,0.05000000074505806,0.1573750078678131,3.856250286102295
3339,1208.4966651303694,0.012997932732105255,0.05000000074505806,0.15050001442432404,3.6500000953674316
3340,1208.8231874834746,0.015146058052778244,0.05000000074505806,0.1599999964237213,3.8500001430511475
3341,1209.1463971463963,0.013987760990858078,0.05000000074505806,0.16050000488758087,3.825000047683716
3342,1209.507261882536,0.016687126830220222,0.05000000074505806,0.1626250147819519,3.8781251907348633
3343,1209.8457717979327,0.01455326471477747,0.05000000074505806,0.15025000274181366,3.659374713897705
3344,1210.1568690622225,0.013975992798805237,0.05000000074505806,0.15299999713897705,3.5999999046325684
3345,1210.4985806681216,0.012417813763022423,0.05000000074505806,0.15162500739097595,3.8343749046325684
3346,1210.8280123276636,0.014317013323307037,0.05000000074505806,0.1602499932050705,3.7156248092651367
3347,1211.172849050723,0.015029498375952244,0.05000000074505806,0.1587499976158142,3.7979166507720947
3348,1211.5956173213199,0.015550629235804081,0.05000000074505806,0.16224999725818634,3.875
3349,1211.935134719126,0.014416851103305817,0.05000000074505806,0.15012501180171967,3.640625
3350,1212.2568001318723,0.015833154320716858,0.05000000074505806,0.16350001096725464,3.737499952316284
3351,1212.556296507828,0.015141249634325504,0.05000000074505806,0.1456250250339508,3.659374952316284
3352,1212.8560046134517,0.013787277042865753,0.05000000074505806,0.15937499701976776,3.7874999046325684
3353,1213.1942243883386,0.01441129669547081,0.05000000074505806,0.15787500143051147,3.8625001907348633
3354,1213.603807698004,0.014046458527445793,0.05000000074505806,0.15800000727176666,3.668750286102295
3355,1213.9709132881835,0.014204572886228561,0.05000000074505806,0.148375004529953,3.7906248569488525
3356,1214.3663919121027,0.015571348369121552,0.05000000074505806,0.15399999916553497,3.690624952316284
3357,1214.7033251672983,0.015284152701497078,0.05000000074505806,0.16200000047683716,3.6999998092651367
3358,1215.0345497978851,0.013247876428067684,0.05000000074505806,0.1616249829530716,3.809375047683716
3359,1215.3617143696174,0.013651575893163681,0.05000000074505806,0.15725000202655792,3.852083206176758
3360,1215.6887779384851,0.015428800135850906,0.05000000074505806,0.1588750034570694,3.8249998092651367
3361,1215.9997425619513,0.012236611917614937,0.05000000074505806,0.15724998712539673,3.7531251907348633
3362,1216.3074734117836,0.014277644455432892,0.05000000074505806,0.16237501800060272,3.8343749046325684
3363,1216.6216067215428,0.014944837428629398,0.05000000074505806,0.15787500143051147,3.831249952316284
3364,1216.9276741277426,0.014646394178271294,0.05000000074505806,0.1511249989271164,3.6000001430511475
3365,1217.236435030587,0.015870198607444763,0.05000000074505806,0.15837499499320984,3.7718749046325684
3366,1217.5432300958782,0.013657824136316776,0.05000000074505806,0.15562501549720764,3.753124952316284
3367,1217.8542395532131,0.013613279908895493,0.05000000074505806,0.15299999713897705,3.768749713897705
3368,1218.2742113629356,0.013422861695289612,0.05000000074505806,0.1626250147819519,3.762500047683716
3369,1218.5959420287982,0.017521776258945465,0.05000000074505806,0.15862500667572021,3.8218753337860107
3370,1218.9331972161308,0.015017367899417877,0.05000000074505806,0.1576250046491623,3.8343749046325684
3371,1219.2676163036376,0.015600958839058876,0.05000000074505806,0.15049999952316284,3.6937496662139893
3372,1219.5736078154296,0.014047789387404919,0.05000000074505806,0.14875000715255737,3.621875047683716
3373,1219.8771108174697,0.01396446954458952,0.05000000074505806,0.16300001740455627,3.8374998569488525
3374,1220.180139562115,0.014169927686452866,0.05000000074505806,0.15850000083446503,3.6875
3375,1220.4862683136016,0.015491371043026447,0.05000000074505806,0.14899998903274536,3.703125
3376,1220.7888160347939,0.015509997494518757,0.05000000074505806,0.1588750034570694,3.8531248569488525
3377,1221.1134566254914,0.01513703353703022,0.05000000074505806,0.1525000035762787,3.703124761581421
3378,1221.433483091183,0.014821695163846016,0.05000000074505806,0.1616249978542328,3.734375
3379,1221.7784280739725,0.013967751525342464,0.05000000074505806,0.1511250138282776,3.6468749046325684
3380,1222.0809322558343,0.013939401134848595,0.05000000074505806,0.15562498569488525,3.796875
3381,1222.460586789064,0.01671392284333706,0.05000000074505806,0.1537499874830246,3.700000047683716
3382,1222.7614908805117,0.01383134163916111,0.05000000074505806,0.16049998998641968,3.796875
3383,1223.0846413811669,0.013413080014288425,0.05000000074505806,0.15262499451637268,3.710416555404663
3384,1223.479549041018,0.014345263130962849,0.05000000074505806,0.15137499570846558,3.640624523162842
3385,1223.9006757903844,0.013893447816371918,0.05000000074505806,0.16500000655651093,3.859374761581421
3386,1224.2191657256335,0.014923925511538982,0.05000000074505806,0.15850000083446503,3.7437500953674316
3387,1224.5652686916292,0.013872537761926651,0.05000000074505806,0.14787501096725464,3.612499952316284
3388,1224.880377855152,0.013953342102468014,0.05000000074505806,0.15649999678134918,3.9187498092651367
3389,1225.2002050606534,0.015018945559859276,0.05000000074505806,0.1601250022649765,3.7281248569488525
3390,1225.544725900516,0.01535117719322443,0.05000000074505806,0.156374990940094,3.8093748092651367
3391,1225.8592968136072,0.014773108065128326,0.05000000074505806,0.15712501108646393,3.643749952316284
3392,1226.179902474396,0.014165662229061127,0.05000000074505806,0.15800000727176666,3.934375286102295
3393,1226.5272155525163,0.016479071229696274,0.05000000074505806,0.15862499177455902,3.721874713897705
3394,1226.8738643424585,0.014700978063046932,0.05000000074505806,0.1652500033378601,3.856250047683716
3395,1227.205588620156,0.014683119021356106,0.05000000074505806,0.15537498891353607,3.8562498092651367
3396,1227.5272321170196,0.015260386280715466,0.05000000074505806,0.15649999678134918,3.78125
3397,1227.8509197831154,0.014460602775216103,0.05000000074505806,0.15662500262260437,3.6750001907348633
3398,1228.1678785877302,0.01451728492975235,0.05000000074505806,0.15725000202655792,3.6624999046325684
3399,1228.8216124847531,0.01701427437365055,0.05000000074505806,0.15850000083446503,4.0
3400,1229.2259837659076,0.01516265980899334,0.05000000074505806,0.15312500298023224,3.6875
3401,1229.5396390547976,0.013150171376764774,0.05000000074505806,0.156125009059906,3.703125
3402,1229.8945588581264,0.013022090308368206,0.05000000074505806,0.16037499904632568,3.737499952316284
3403,1230.2536345906556,0.014169855043292046,0.05000000074505806,0.16087499260902405,3.924999475479126
3404,1230.6990149822086,0.015168314799666405,0.05000000074505806,0.15150000154972076,3.778125286102295
3405,1231.069320090115,0.014717738144099712,0.05000000074505806,0.1628749966621399,3.825000047683716
3406,1231.4058586126193,0.015460461378097534,0.05000000074505806,0.1601250022649765,3.796875238418579
3407,1231.7667878167704,0.016497895121574402,0.05000000074505806,0.1522500067949295,3.7208328247070312
3408,1232.1028283070773,0.014165185391902924,0.05000000074505806,0.16300001740455627,3.8218750953674316
3409,1232.656852320768,0.014395220205187798,0.05000000074505806,0.16174998879432678,3.9656248092651367
3410,1233.0016551036388,0.015608438290655613,0.05000000074505806,0.164249986410141,3.9468748569488525
3411,1233.3358982307836,0.012332900427281857,0.05000000074505806,0.1536249965429306,3.7406251430511475
3412,1233.6668863436207,0.013795633800327778,0.05000000074505806,0.15300001204013824,3.659374952316284
3413,1234.011266047135,0.015082018449902534,0.05000000074505806,0.16037499904632568,3.715625047683716
3414,1234.3557902928442,0.015440331771969795,0.05000000074505806,0.16175001859664917,3.8468751907348633
3415,1234.7033960148692,0.013209981843829155,0.05000000074505806,0.15050001442432404,3.7249999046325684
3416,1235.0498322416097,0.013419074937701225,0.05000000074505806,0.15525001287460327,3.8093748092651367
3417,1235.3806635271758,0.0167380403727293,0.05000000074505806,0.16337499022483826,3.762500047683716
3418,1235.6828852044418,0.014738657511770725,0.05000000074505806,0.15787500143051147,3.71875
3419,1236.0181910339743,0.015008088201284409,0.05000000074505806,0.1547500044107437,3.8499996662139893
3420,1236.338413910009,0.013306345790624619,0.05000000074505806,0.16699999570846558,3.9718751907348633
3421,1236.6406252579764,0.014232557266950607,0.05000000074505806,0.1599999964237213,3.8531250953674316
3422,1236.9799765879288,0.014683929271996021,0.05000000074505806,0.16237498819828033,3.8187499046325684
3423,1237.2942724693567,0.015154835768043995,0.05000000074505806,0.14912500977516174,3.6968748569488525
3424,1237.6856291843578,0.014134756289422512,0.05000000074505806,0.1602500081062317,3.8499999046325684
3425,1238.0400809803978,0.014737946912646294,0.05000000074505806,0.15574999153614044,3.7406249046325684
3426,1238.3820777004585,0.013624904677271843,0.05000000074505806,0.1653750240802765,3.953125
3427,1238.7170965466648,0.014541301876306534,0.05000000074505806,0.1523749977350235,3.6187498569488525
3428,1239.0245593590662,0.014223011210560799,0.05000000074505806,0.15725000202655792,3.840625047683716
3429,1239.390256460756,0.017135517671704292,0.05000000074505806,0.1574999988079071,3.6531248092651367
3430,1239.7536857286468,0.013615919277071953,0.05000000074505806,0.1574999839067459,3.825000286102295
3431,1240.1311275614426,0.014181287959218025,0.05000000074505806,0.15212500095367432,3.7291667461395264
3432,1240.460777609609,0.014307485893368721,0.05000000074505806,0.15987499058246613,3.793750047683716
3433,1240.81931919232,0.013998419977724552,0.05000000074505806,0.1691250056028366,4.059374809265137
3434,1241.1402137111872,0.014933541417121887,0.05000000074505806,0.15587501227855682,3.796875
3435,1241.4659898830578,0.015155268833041191,0.05000000074505806,0.15837500989437103,3.78125
3436,1241.8173215100542,0.013303583487868309,0.05000000074505806,0.1613750010728836,3.784374952316284
3437,1242.1323119075969,0.01441811304539442,0.05000000074505806,0.1508750021457672,3.7906250953674316
3438,1242.4364668857306,0.014989431947469711,0.05000000074505806,0.16712500154972076,3.8156251907348633
3439,1242.7554118828848,0.013867145404219627,0.05000000074505806,0.156374990940094,3.812499761581421
3440,1243.0730485608801,0.013213548809289932,0.05000000074505806,0.15575000643730164,3.831249952316284
3441,1243.435557777062,0.014704041182994843,0.05000000074505806,0.1692499965429306,3.8249998092651367
3442,1243.818960367702,0.014057775028049946,0.05000000074505806,0.1629999876022339,3.9781250953674316
3443,1244.1427681930363,0.014631136320531368,0.05000000074505806,0.15012499690055847,3.772916555404663
3444,1244.4709452427924,0.013611982576549053,0.05000000074505806,0.16699999570846558,3.9750001430511475
3445,1244.800545326434,0.011902703903615475,0.05000000074505806,0.15537500381469727,3.734375238418579
3446,1245.1915187146515,0.015089496038854122,0.05000000074505806,0.1599999964237213,3.7906250953674316
3447,1246.1731658717617,0.01595895364880562,0.05000000074505806,0.1508750021457672,3.690624952316284
3448,1246.635153543204,0.013932911679148674,0.05000000074505806,0.14887499809265137,3.659374952316284
3449,1246.9933757288381,0.014841604977846146,0.05000000074505806,0.16625000536441803,3.799999713897705
3450,1247.3327375790104,0.013576936908066273,0.05000000074505806,0.15799999237060547,3.950000047683716
3451,1247.6802078438923,0.01442440040409565,0.05000000074505806,0.1574999988079071,3.7749998569488525
3452,1247.9854141334072,0.012524571269750595,0.05000000074505806,0.16625000536441803,3.906249761581421
3453,1248.3098003733903,0.014683516696095467,0.05000000074505806,0.16075000166893005,3.890624761581421
3454,1248.6524274768308,0.014304514974355698,0.05000000074505806,0.1602499932050705,3.8125
3455,1248.9880832098424,0.01457241177558899,0.05000000074505806,0.15725000202655792,3.816666603088379
3456,1249.3132707877085,0.01594436541199684,0.05000000074505806,0.14900000393390656,3.578125
3457,1249.6355582028627,0.014707646332681179,0.05000000074505806,0.1706250011920929,4.059375286102295
3458,1249.965496437624,0.013850199058651924,0.05000000074505806,0.15925000607967377,3.7468748092651367
3459,1250.3121490944177,0.0174570232629776,0.05000000074505806,0.1549999862909317,3.875
3460,1250.7347381152213,0.014374898746609688,0.05000000074505806,0.15437501668930054,3.7406249046325684
3461,1251.0380102703348,0.014268108643591404,0.05000000074505806,0.15825000405311584,3.765624761581421
3462,1251.5618559150025,0.01453362125903368,0.05000000074505806,0.16824999451637268,3.6875
3463,1251.8784772194922,0.01448780670762062,0.05000000074505806,0.1469999998807907,3.921875
3464,1252.7353153619915,0.013438012450933456,0.05000000074505806,0.1627499908208847,3.893749713897705
3465,1253.155143743381,0.012856891378760338,0.05000000074505806,0.15275000035762787,3.687499761581421
3466,1253.5327060455456,0.01451403833925724,0.05000000074505806,0.16500000655651093,3.778125047683716
3467,1253.8416829751804,0.01475062221288681,0.05000000074505806,0.16237498819828033,3.9208333492279053
3468,1254.2024158267304,0.014949360862374306,0.05000000074505806,0.15987499058246613,3.781249761581421
3469,1254.6344704516232,0.012210378423333168,0.05000000074505806,0.15599998831748962,3.796875
3470,1255.0613955128938,0.013777289539575577,0.05000000074505806,0.16075000166893005,3.7906246185302734
3471,1255.3905174518004,0.013889549300074577,0.05000000074505806,0.15437501668930054,3.7593748569488525
3472,1255.7737949164584,0.01686287298798561,0.05000000074505806,0.1522500067949295,3.737499952316284
3473,1256.1293382495642,0.015310350805521011,0.05000000074505806,0.16600000858306885,3.796875
3474,1256.474910851568,0.01475183479487896,0.05000000074505806,0.1551249921321869,3.8656249046325684
3475,1256.7918744562194,0.016024962067604065,0.05000000074505806,0.15799999237060547,3.703125
3476,1257.271104699932,0.014556155540049076,0.05000000074505806,0.15312500298023224,3.8499999046325684
3477,1257.7339605744928,0.01225421205163002,0.05000000074505806,0.16475000977516174,3.8531250953674316
3478,1258.1284754099324,0.015092091634869576,0.05000000074505806,0.164249986410141,3.7125000953674316
3479,1258.4499018555507,0.015105776488780975,0.05000000074505806,0.1498750001192093,3.8083336353302
3480,1258.9539200803265,0.01523539237678051,0.05000000074505806,0.1588749885559082,3.8375000953674316
3481,1259.2957123238593,0.014450771734118462,0.05000000074505806,0.1575000137090683,3.7093746662139893
3482,1259.617502789013,0.015488920733332634,0.05000000074505806,0.1599999964237213,3.7406249046325684
3483,1259.9326958283782,0.014365497045218945,0.05000000074505806,0.14499999582767487,3.684375047683716
3484,1260.2571761263534,0.013552222400903702,0.05000000074505806,0.16462498903274536,3.924999713897705
3485,1260.6244502058253,0.013740996830165386,0.05000000074505806,0.16425003111362457,3.843750476837158
3486,1260.962737721391,0.014457400888204575,0.05000000074505806,0.15799999237060547,3.7624998092651367
3487,1261.2944650333375,0.01504549477249384,0.05000000074505806,0.15425001084804535,3.8218750953674316
3488,1261.6692568901926,0.014452127739787102,0.05000000074505806,0.16450001299381256,3.8375000953674316
3489,1261.9823849704117,0.015598402358591557,0.05000000074505806,0.15962499380111694,3.8812499046325684
3490,1262.3215554188937,0.014684826135635376,0.05000000074505806,0.1471250057220459,3.6437501907348633
3491,1262.6797253554687,0.013962159864604473,0.05000000074505806,0.15799999237060547,3.7375004291534424
3492,1263.0386234326288,0.015743471682071686,0.05000000074505806,0.15387499332427979,3.734375
3493,1263.384498857893,0.01650051586329937,0.05000000074505806,0.1640000194311142,3.856250047683716
3494,1263.6912521459162,0.014514285139739513,0.05000000074505806,0.15412500500679016,3.6437501907348633
3495,1264.0010504107922,0.013847720809280872,0.05000000074505806,0.15587501227855682,3.7718749046325684
3496,1264.3560080751777,0.016473455354571342,0.05000000074505806,0.15200001001358032,3.6937501430511475
3497,1264.7584212375805,0.015673097223043442,0.05000000074505806,0.15537498891353607,3.78125
3498,1265.1376982973889,0.014027194119989872,0.05000000074505806,0.1614999920129776,3.7250001430511475
3499,1265.5427067251876,0.014199761673808098,0.05000000074505806,0.1588749885559082,3.918750286102295
3500,1265.8876372678205,0.015597974881529808,0.05000000074505806,0.15462499856948853,3.828124761581421
3501,1266.2123897336423,0.014986418187618256,0.05000000074505806,0.1666250079870224,3.8031249046325684
3502,1266.6581982364878,0.01491076871752739,0.05000000074505806,0.1548749804496765,3.7468748092651367
3503,1266.9847114467993,0.013535610400140285,0.05000000074505806,0.15912500023841858,3.8458330631256104
3504,1267.3307882994413,0.013342747464776039,0.05000000074505806,0.15787498652935028,3.8062500953674316
3505,1267.6453284174204,0.013455191627144814,0.05000000074505806,0.16374999284744263,3.950000286102295
3506,1267.962776149623,0.014827313832938671,0.05000000074505806,0.16612501442432404,3.8874998092651367
3507,1268.2798656336963,0.015428951941430569,0.05000000074505806,0.15812499821186066,3.8812496662139893
3508,1268.634024893865,0.01398339681327343,0.05000000074505806,0.15012501180171967,3.624999761581421
3509,1268.976949898526,0.01475796103477478,0.05000000074505806,0.15925000607967377,3.734374761581421
3510,1269.4672948475927,0.014792080968618393,0.05000000074505806,0.16124999523162842,3.7937498092651367
3511,1269.8436900004745,0.014410750940442085,0.05000000074505806,0.15662500262260437,3.840625286102295
3512,1270.219709964469,0.014625218696892262,0.05000000074505806,0.15625,3.8031253814697266
3513,1270.6633400144055,0.01352682150900364,0.05000000074505806,0.16725000739097595,3.8656251430511475
3514,1270.9643719820306,0.013084120117127895,0.05000000074505806,0.1626250147819519,3.9187498092651367
3515,1271.5186962094158,0.0148189477622509,0.05000000074505806,0.1472499966621399,3.7041666507720947
3516,1271.8690276406705,0.014113381505012512,0.05000000074505806,0.16237501800060272,3.8968751430511475
3517,1272.1829873388633,0.012482279911637306,0.05000000074505806,0.16500000655651093,3.8562498092651367
3518,1272.49324503541,0.01522221602499485,0.05000000074505806,0.15074999630451202,3.7375001907348633
3519,1272.8251905618235,0.012475601397454739,0.05000000074505806,0.15537498891353607,3.671875
3520,1273.1485627926886,0.014781181700527668,0.05000000074505806,0.15837499499320984,3.799999952316284
3521,1273.466521463357,0.017174556851387024,0.05000000074505806,0.1574999988079071,3.7937498092651367
3522,1273.7713498808444,0.017973825335502625,0.05000000074505806,0.15575000643730164,3.6624999046325684
3523,1274.0745612457395,0.017215849831700325,0.05000000074505806,0.1601250022649765,3.890625
3524,1274.4080077838153,0.015248598530888557,0.05000000074505806,0.1576250046491623,3.9125003814697266
3525,1274.723219351843,0.012946493923664093,0.05000000074505806,0.16099999845027924,3.8031249046325684
3526,1275.0471739349887,0.012802837416529655,0.05000000074505806,0.16600002348423004,3.893749713897705
3527,1275.3810408301651,0.013588950969278812,0.05000000074505806,0.15037500858306885,3.7250001430511475
3528,1275.6896803127602,0.013536537066102028,0.05000000074505806,0.15625,3.746875047683716
3529,1275.991762259975,0.017200928181409836,0.05000000074505806,0.15675000846385956,3.746875047683716
3530,1276.303094683215,0.014552554115653038,0.05000000074505806,0.16312499344348907,3.799999952316284
3531,1276.6082989610732,0.014401453547179699,0.05000000074505806,0.13899999856948853,3.5062499046325684
3532,1276.9099332997575,0.013551153242588043,0.05000000074505806,0.15537500381469727,3.6968750953674316
3533,1277.22309085913,0.013835211284458637,0.05000000074505806,0.15912500023841858,3.7906248569488525
3534,1277.5378500409424,0.014141432009637356,0.05000000074505806,0.15574999153614044,3.809375047683716
3535,1277.8987971823663,0.014935113489627838,0.05000000074505806,0.1525000035762787,3.6156251430511475
3536,1278.2183227306232,0.014792077243328094,0.05000000074505806,0.15950000286102295,3.7593748569488525
3537,1278.5335569819435,0.014227802865207195,0.05000000074505806,0.15725000202655792,3.8343751430511475
3538,1278.901689180173,0.015311690978705883,0.05000000074505806,0.16687500476837158,3.781250238418579
3539,1279.2358235707507,0.011557281948626041,0.05000000074505806,0.15537501871585846,3.8895833492279053
3540,1279.6736461715773,0.013941467739641666,0.05000000074505806,0.1588750034570694,3.7718749046325684
3541,1280.0056655881926,0.013876596465706825,0.05000000074505806,0.15775001049041748,3.7906250953674316
3542,1280.3473358666524,0.014095188118517399,0.05000000074505806,0.15987500548362732,3.7531251907348633
3543,1280.703769423999,0.015141375362873077,0.05000000074505806,0.15287499129772186,3.7718751430511475
3544,1281.0310671264306,0.014792126603424549,0.05000000074505806,0.15187500417232513,3.6781249046325684
3545,1281.3777988208458,0.014206096529960632,0.05000000074505806,0.15787500143051147,3.7406249046325684
3546,1281.790688651614,0.014706525951623917,0.05000000074505806,0.16500000655651093,3.78125
3547,1282.135036832653,0.01325279287993908,0.05000000074505806,0.1472499966621399,3.7562501430511475
3548,1282.4569798773155,0.01447325199842453,0.05000000074505806,0.15837499499320984,3.7593750953674316
3549,1282.8468540664762,0.012846043333411217,0.05000000074505806,0.16462498903274536,3.934375047683716
3550,1283.2389842653647,0.013719185255467892,0.05000000074505806,0.1523749977350235,3.6906251907348633
3551,1283.8677142765373,0.01525669451802969,0.05000000074505806,0.15200001001358032,3.6937496662139893
3552,1284.7276497334242,0.015916768461465836,0.05000000074505806,0.15925000607967377,3.8187499046325684
3553,1285.0285304551944,0.014485515654087067,0.05000000074505806,0.16112498939037323,3.871875047683716
3554,1285.3350158696994,0.012878691777586937,0.05000000074505806,0.16112498939037323,3.8562498092651367
3555,1285.640919862315,0.014457578770816326,0.05000000074505806,0.15387500822544098,3.749999523162842
3556,1286.0016536414623,0.013492029160261154,0.05000000074505806,0.16437500715255737,3.9187498092651367
3557,1286.3398784492165,0.014671150594949722,0.05000000074505806,0.15662500262260437,3.765624761581421
3558,1286.6596500203013,0.013542907312512398,0.05000000074505806,0.1573750078678131,3.671874761581421
3559,1286.9873540746048,0.01418374851346016,0.05000000074505806,0.1495000123977661,3.674999713897705
3560,1287.3844678616151,0.01474347710609436,0.05000000074505806,0.1537500023841858,3.815624713897705
3561,1287.7168067013845,0.0158081017434597,0.05000000074505806,0.16037499904632568,3.6656248569488525
3562,1288.0643071718514,0.014206206426024437,0.05000000074505806,0.15925000607967377,3.843750238418579
3563,1288.5146436309442,0.01627451553940773,0.05000000074505806,0.15687501430511475,3.789583444595337
3564,1288.8465965101495,0.012691006064414978,0.05000000074505806,0.16325001418590546,3.8968749046325684
3565,1289.2667442131788,0.014754129573702812,0.05000000074505806,0.1536249965429306,3.6968748569488525
3566,1289.586246936582,0.014326493255794048,0.05000000074505806,0.16500000655651093,3.8812501430511475
3567,1289.9388786135241,0.015891769900918007,0.05000000074505806,0.14887501299381256,3.6218748092651367
3568,1290.323621143587,0.014586959965527058,0.05000000074505806,0.15587501227855682,3.8499999046325684
3569,1290.633617698215,0.013715016655623913,0.05000000074505806,0.15937499701976776,3.7750000953674316
3570,1290.9483354594558,0.01393622625619173,0.05000000074505806,0.15950000286102295,3.7125000953674316
3571,1291.2506946716458,0.013071563094854355,0.05000000074505806,0.15862500667572021,3.8562498092651367
3572,1291.7975215539336,0.013662655837833881,0.05000000074505806,0.1523749977350235,3.737499952316284
3573,1292.1671664658934,0.014556847512722015,0.05000000074505806,0.15537500381469727,3.778125047683716
3574,1292.5232873978093,0.013293126598000526,0.05000000074505806,0.16212499141693115,3.640625
3575,1292.8621582677588,0.012868884950876236,0.05000000074505806,0.1614999771118164,3.960416555404663
3576,1293.168860794045,0.013489936478435993,0.05000000074505806,0.15299999713897705,3.7124998569488525
3577,1293.4810777427629,0.013395111076533794,0.05000000074505806,0.16825000941753387,3.8999996185302734
3578,1293.991763425991,0.016416801139712334,0.05000000074505806,0.1497500091791153,3.721874713897705
3579,1294.299054576084,0.013689139857888222,0.05000000074505806,0.15562498569488525,3.8000001907348633
3580,1294.6606166027486,0.013538019731640816,0.05000000074505806,0.1602499932050705,3.674999952316284
3581,1295.4414474396035,0.015085343271493912,0.05000000074505806,0.16050000488758087,3.7624998092651367
3582,1295.7505372855812,0.014929085969924927,0.05000000074505806,0.15675000846385956,3.8374996185302734
3583,1296.057001340203,0.015288217924535275,0.05000000074505806,0.15137499570846558,3.6875
3584,1296.3723959643394,0.014899162575602531,0.05000000074505806,0.1536249965429306,3.9281249046325684
3585,1296.681257719174,0.012878474779427052,0.05000000074505806,0.16175001859664917,3.7437498569488525
3586,1296.982856911607,0.01570875197649002,0.05000000074505806,0.15937501192092896,3.7437496185302734
3587,1297.2894897246733,0.01669345423579216,0.05000000074505806,0.15625,3.7666666507720947
3588,1297.641239611432,0.017652206122875214,0.05000000074505806,0.16187499463558197,3.8687500953674316
3589,1297.9589599594474,0.013331837020814419,0.05000000074505806,0.1653749793767929,3.9156248569488525
3590,1298.3199267806485,0.013331567868590355,0.05000000074505806,0.15675000846385956,3.731250047683716
3591,1298.7775189392269,0.015479160472750664,0.05000000074505806,0.1588750034570694,3.903125047683716
3592,1299.1181063177064,0.014255364425480366,0.05000000074505806,0.15437500178813934,3.575000047683716
3593,1299.471668606624,0.01455599907785654,0.05000000074505806,0.156374990940094,3.9031248092651367
3594,1299.8967765215784,0.013996711000800133,0.05000000074505806,0.15912500023841858,3.6500000953674316
3595,1300.2149863271043,0.013812137767672539,0.05000000074505806,0.15275000035762787,3.862499952316284
3596,1300.5343701457605,0.013949744403362274,0.05000000074505806,0.15787500143051147,3.7906250953674316
3597,1300.8526628995314,0.013185491785407066,0.05000000074505806,0.15562500059604645,3.640625
3598,1301.2076763454825,0.013087468221783638,0.05000000074505806,0.15625,3.7562499046325684
3599,1301.5427331933752,0.01307721994817257,0.05000000074505806,0.14662499725818634,3.633333206176758
3600,1301.8605187870562,0.014373996295034885,0.05000000074505806,0.1551249921321869,3.7875001430511475
3601,1302.1951393559575,0.013308161869645119,0.05000000074505806,0.15850000083446503,3.6343750953674316
3602,1302.5118740089238,0.013484882190823555,0.05000000074505806,0.15787498652935028,3.6937496662139893
3603,1302.8489040527493,0.015072990208864212,0.05000000074505806,0.15524999797344208,3.8937501907348633
3604,1303.1649803481996,0.013232036493718624,0.05000000074505806,0.15150000154972076,3.7218751907348633
3605,1303.484650939703,0.013840590603649616,0.05000000074505806,0.1525000035762787,3.6781251430511475
3606,1303.9436862301081,0.013089828193187714,0.05000000074505806,0.1639999896287918,3.715625286102295
3607,1304.2522921310738,0.015014436095952988,0.05000000074505806,0.1498750001192093,3.7624998092651367
3608,1304.6008658418432,0.014390259981155396,0.05000000074505806,0.15862500667572021,3.831249952316284
3609,1304.9207776403055,0.011984314769506454,0.05000000074505806,0.15175001323223114,3.6687498092651367
3610,1305.256617050618,0.01268765889108181,0.05000000074505806,0.15462499856948853,3.5250000953674316
3611,1305.594072530046,0.014490799978375435,0.05000000074505806,0.15562501549720764,3.8125
3612,1305.914406706579,0.013093417510390282,0.05000000074505806,0.156374990940094,3.746875047683716
3613,1306.2443607021123,0.016172537580132484,0.05000000074505806,0.15950000286102295,3.815624952316284
3614,1306.58417603001,0.014965559355914593,0.05000000074505806,0.15424999594688416,3.7312498092651367
3615,1306.916525600478,0.014123180881142616,0.05000000074505806,0.1483749896287918,3.578125
3616,1307.2261986806989,0.014665690250694752,0.05000000074505806,0.15387500822544098,3.643749713897705
3617,1307.5580082889646,0.015311004593968391,0.05000000074505806,0.15599998831748962,3.7124998569488525
3618,1308.0840734057128,0.013259361498057842,0.05000000074505806,0.1511249989271164,3.6750001907348633
3619,1308.4261834789068,0.014523161575198174,0.05000000074505806,0.1525000035762787,3.6656248569488525
3620,1308.7525702277198,0.014280719682574272,0.05000000074505806,0.1588749885559082,3.8031249046325684
3621,1309.084655277431,0.014951000921428204,0.05000000074505806,0.16699999570846558,3.909374713897705
3622,1309.4022438563406,0.013726837933063507,0.05000000074505806,0.1652500033378601,3.9375
3623,1309.7288907486945,0.015841439366340637,0.05000000074505806,0.15787498652935028,3.870833396911621
3624,1310.0700933933258,0.013861497864127159,0.05000000074505806,0.1525000035762787,3.6312499046325684
3625,1310.3919089380652,0.01504630595445633,0.05000000074505806,0.15300001204013824,3.590625047683716
3626,1310.7275282600895,0.014863506890833378,0.05000000074505806,0.1640000194311142,3.9124996662139893
3627,1311.1017458308488,0.016357073560357094,0.05000000074505806,0.1574999988079071,3.8812499046325684
3628,1311.4051220575348,0.014565411023795605,0.05000000074505806,0.15662500262260437,3.7406249046325684
3629,1311.7241451339796,0.01357734389603138,0.05000000074505806,0.16512498259544373,3.8874998092651367
3630,1312.1654381267726,0.0156305730342865,0.05000000074505806,0.15937499701976776,3.8968749046325684
3631,1312.48275098484,0.015987463295459747,0.05000000074505806,0.1525000035762787,3.718749761581421
3632,1312.792245165445,0.015664231032133102,0.05000000074505806,0.15787500143051147,3.796874761581421
3633,1313.1605995353311,0.012463819235563278,0.05000000074505806,0.1587499976158142,3.828125
3634,1313.9732948988676,0.014530669897794724,0.05000000074505806,0.15562500059604645,3.6312501430511475
3635,1314.3125601951033,0.014294447377324104,0.05000000074505806,0.1511250138282776,3.722916841506958
3636,1314.6276985146105,0.013287498615682125,0.05000000074505806,0.16037499904632568,3.84375
3637,1315.1453000651672,0.014727210626006126,0.05000000074505806,0.1616249978542328,3.8406248092651367
3638,1315.4530523587018,0.014962028712034225,0.05000000074505806,0.1551249921321869,3.690624952316284
3639,1315.7537427693605,0.014225509949028492,0.05000000074505806,0.15700000524520874,3.7718749046325684
3640,1316.68399534747,0.015556210651993752,0.05000000074505806,0.14612498879432678,3.6312501430511475
3641,1317.0011201286688,0.015223044902086258,0.05000000074505806,0.1602500081062317,3.671875
3642,1317.3236476406455,0.014682693406939507,0.05000000074505806,0.1681250035762787,3.9937500953674316
3643,1317.6341127511114,0.01490723341703415,0.05000000074505806,0.15587499737739563,3.9031248092651367
3644,1318.0604213709012,0.013878479599952698,0.05000000074505806,0.1587499976158142,3.784374952316284
3645,1318.3895190935582,0.01562529243528843,0.05000000074505806,0.15312500298023224,3.7562496662139893
3646,1318.7509786766022,0.01430201530456543,0.05000000074505806,0.15800000727176666,3.734375
3647,1319.0668180035427,0.015287306159734726,0.05000000074505806,0.15800000727176666,3.7916667461395264
3648,1319.4172524595633,0.0166140366345644,0.05000000074505806,0.15787498652935028,3.753124952316284
3649,1319.8526040827855,0.014008736237883568,0.05000000074505806,0.15449999272823334,3.6031250953674316
3650,1320.2386216577142,0.014373969286680222,0.05000000074505806,0.15837499499320984,3.8656249046325684
3651,1320.5552760083228,0.015546753071248531,0.05000000074505806,0.15787500143051147,3.793750047683716
3652,1320.8874036790803,0.0145836491137743,0.05000000074505806,0.15424999594688416,3.890625
3653,1321.2276524370536,0.015919703990221024,0.05000000074505806,0.16325001418590546,3.734375476837158
3654,1321.5639889473096,0.014044190756976604,0.05000000074505806,0.16099999845027924,3.8656251430511475
3655,1321.9219652833417,0.014365285634994507,0.05000000074505806,0.15825000405311584,3.8343749046325684
3656,1322.3608671603724,0.01457624789327383,0.05000000074505806,0.16224999725818634,3.965625047683716
3657,1322.7224322725087,0.013188784942030907,0.05000000074505806,0.15437500178813934,3.7906248569488525
3658,1323.0456103263423,0.014481237158179283,0.05000000074505806,0.1681250035762787,3.753124713897705
3659,1323.3942150380462,0.015746504068374634,0.05000000074505806,0.15150000154972076,3.7937498092651367
3660,1323.858398746699,0.01526571810245514,0.05000000074505806,0.1576250046491623,3.7281250953674316
3661,1324.162332820706,0.014141285791993141,0.05000000074505806,0.15437498688697815,3.737499952316284
3662,1324.4640498049557,0.013565963134169579,0.05000000074505806,0.16724997758865356,3.9593746662139893
3663,1324.7905456116423,0.01482514850795269,0.05000000074505806,0.156374990940094,3.7874999046325684
3664,1325.2142644263804,0.01415221020579338,0.05000000074505806,0.15662500262260437,3.8218750953674316
3665,1325.540457168594,0.014168154448270798,0.05000000074505806,0.16362498700618744,3.859375
3666,1325.8993141539395,0.014812501147389412,0.05000000074505806,0.1628749966621399,3.890625
3667,1326.2255967659876,0.013380100950598717,0.05000000074505806,0.15125000476837158,3.6500000953674316
3668,1327.2023988990113,0.014473555609583855,0.05000000074505806,0.15850000083446503,3.9281249046325684
3669,1327.6389545919374,0.013508392497897148,0.05000000074505806,0.16737499833106995,3.9437499046325684
3670,1327.999225905165,0.016063787043094635,0.05000000074505806,0.1652500182390213,3.762500047683716
3671,1328.3700895151123,0.014672440476715565,0.05000000074505806,0.1536249965429306,3.866666555404663
3672,1328.6779881045222,0.016014745458960533,0.05000000074505806,0.1576250046491623,3.825000286102295
3673,1329.0127200167626,0.012832331471145153,0.05000000074505806,0.16099999845027924,3.715625047683716
3674,1329.3362011946738,0.01294883992522955,0.05000000074505806,0.15900000929832458,3.7749998569488525
3675,1329.6501048058271,0.014287266880273819,0.05000000074505806,0.16387498378753662,3.965625047683716
3676,1329.9660938493907,0.015306264162063599,0.05000000074505806,0.15150001645088196,3.7281250953674316
3677,1330.2828396763653,0.014544573612511158,0.05000000074505806,0.15349999070167542,3.765625
3678,1330.638717633672,0.01532045379281044,0.05000000074505806,0.15675000846385956,3.612499952316284
3679,1330.9716268023476,0.013358844444155693,0.05000000074505806,0.15412500500679016,3.793750047683716
3680,1331.3024205649272,0.012531908228993416,0.05000000074505806,0.16374999284744263,3.78125
3681,1331.6107986951247,0.014610186219215393,0.05000000074505806,0.15962499380111694,3.937499761581421
3682,1331.9221149589866,0.013180381618440151,0.05000000074505806,0.1547500193119049,3.6968748569488525
3683,1332.2316793464124,0.015796568244695663,0.05000000074505806,0.1511249989271164,3.7124998569488525
3684,1333.1078086020425,0.01494681742042303,0.05000000074505806,0.1535000056028366,3.7125000953674316
3685,1333.555755469948,0.013635654002428055,0.05000000074505806,0.16224999725818634,3.7781245708465576
3686,1333.8976635104045,0.016741737723350525,0.05000000074505806,0.15674999356269836,3.75
3687,1334.2683064891025,0.013770414516329765,0.05000000074505806,0.16174998879432678,3.971874952316284
3688,1334.6083002844825,0.013534349389374256,0.05000000074505806,0.15674999356269836,3.7624998092651367
3689,1334.9692485025153,0.01572275534272194,0.05000000074505806,0.15387500822544098,3.737499952316284
3690,1335.2865080339834,0.014425886794924736,0.05000000074505806,0.15987500548362732,3.796875
3691,1335.626098223962,0.014325478114187717,0.05000000074505806,0.15137499570846558,3.7093749046325684
3692,1335.9356926782057,0.016581516712903976,0.05000000074505806,0.15974999964237213,3.731250047683716
3693,1336.2764604585245,0.014269789680838585,0.05000000074505806,0.15387499332427979,3.7249999046325684
3694,1336.6299945563078,0.014285566285252571,0.05000000074505806,0.16337499022483826,3.8187501430511475
3695,1336.9480512263253,0.013814524747431278,0.05000000074505806,0.15299999713897705,3.772916555404663
3696,1337.2626668894663,0.015103486366569996,0.05000000074505806,0.15150000154972076,3.6312499046325684
3697,1337.6132520223036,0.01535800751298666,0.05000000074505806,0.15474998950958252,3.6843748092651367
3698,1337.9323479905725,0.014639470726251602,0.05000000074505806,0.15262500941753387,3.609374761581421
3699,1338.2905247118324,0.015623091720044613,0.05000000074505806,0.1536250114440918,3.75
3700,1338.6037731058896,0.013825885951519012,0.05000000074505806,0.14775000512599945,3.5843749046325684
3701,1338.9264073045924,0.014258810319006443,0.05000000074505806,0.16362498700618744,3.862499713897705
3702,1339.2520679561421,0.014433536678552628,0.05000000074505806,0.16612501442432404,3.903125047683716
3703,1339.7070897221565,0.013933833688497543,0.05000000074505806,0.15399999916553497,3.734375
3704,1340.05256806314,0.013411291874945164,0.05000000074505806,0.1613750010728836,3.921875
3705,1340.3776988899335,0.014872027561068535,0.05000000074505806,0.16112498939037323,3.8843750953674316
3706,1340.8226906014606,0.014384209178388119,0.05000000074505806,0.16374999284744263,3.815624952316284
3707,1341.156970916316,0.014731895178556442,0.05000000074505806,0.15437501668930054,3.8229167461395264
3708,1341.5105361724272,0.012983235530555248,0.05000000074505806,0.15800000727176666,3.796875
3709,1341.8215220635757,0.01334282848984003,0.05000000074505806,0.16249999403953552,3.8468751907348633
3710,1342.1334679601714,0.013043727725744247,0.05000000074505806,0.1511249989271164,3.6624999046325684
3711,1342.4685979839414,0.01388116180896759,0.05000000074505806,0.1485000103712082,3.625
3712,1342.8034269474447,0.014668749645352364,0.05000000074505806,0.15212500095367432,3.6187500953674316
3713,1343.123057167977,0.01391149777919054,0.05000000074505806,0.16462498903274536,3.924999952316284
3714,1343.439537522383,0.01566333696246147,0.05000000074505806,0.16737499833106995,3.9156248569488525
3715,1343.78302526474,0.012653517536818981,0.05000000074505806,0.15337499976158142,3.737499952316284
3716,1344.0975538128987,0.014503790996968746,0.05000000074505806,0.15549999475479126,3.7531251907348633
3717,1344.4241200378165,0.014042036607861519,0.05000000074505806,0.15837499499320984,3.7937498092651367
3718,1344.946757846512,0.01568598300218582,0.05000000074505806,0.16249997913837433,3.8499996662139893
3719,1345.4035539040342,0.014039511792361736,0.05000000074505806,0.1472499966621399,3.6708333492279053
3720,1345.7210682071745,0.013795092701911926,0.05000000074505806,0.1574999988079071,3.7906246185302734
3721,1346.0756830209866,0.01475200243294239,0.05000000074505806,0.1602499932050705,3.7406246662139893
3722,1346.577127202414,0.01371288113296032,0.05000000074505806,0.15299999713897705,3.7093749046325684
3723,1346.9064861973748,0.013314832001924515,0.05000000074505806,0.1550000011920929,3.765625
3724,1347.2505958974361,0.013612682931125164,0.05000000074505806,0.1551249921321869,3.7906248569488525
3725,1347.6015537064523,0.011057475581765175,0.05000000074505806,0.15737499296665192,3.7937498092651367
3726,1347.9500983050093,0.013170607388019562,0.05000000074505806,0.16249999403953552,3.7124998569488525
3727,1348.294321840629,0.013870618306100368,0.05000000074505806,0.1573750078678131,3.862499713897705
3728,1348.6533043254167,0.01505332998931408,0.05000000074505806,0.1639999896287918,3.9375
3729,1349.0101302275434,0.014433098025619984,0.05000000074505806,0.16862499713897705,3.909374713897705
3730,1349.3622506875545,0.014847328886389732,0.05000000074505806,0.1458749920129776,3.6968748569488525
3731,1349.696048929356,0.015316911973059177,0.05000000074505806,0.15449999272823334,3.7124998569488525
3732,1350.0323672443628,0.015379834920167923,0.05000000074505806,0.15812499821186066,3.843750476837158
3733,1350.4521003300324,0.01320901233702898,0.05000000074505806,0.16575001180171967,3.909374713897705
3734,1350.8513872250915,0.013174483552575111,0.05000000074505806,0.1602500081062317,3.8656251430511475
3735,1351.195958148688,0.013804296962916851,0.05000000074505806,0.1550000011920929,3.768749713897705
3736,1351.5270648431033,0.01531603280454874,0.05000000074505806,0.1615000218153,3.8562498092651367
3737,1351.8737370744348,0.014064203016459942,0.05000000074505806,0.16337499022483826,3.909374952316284
3738,1352.1914258589968,0.014137604273855686,0.05000000074505806,0.16037499904632568,3.8999996185302734
3739,1352.506352622062,0.013601390644907951,0.05000000074505806,0.1562499850988388,3.7125000953674316
3740,1352.9341657198966,0.013678760267794132,0.05000000074505806,0.1651250123977661,3.9312500953674316
3741,1353.260826443322,0.015513096004724503,0.05000000074505806,0.1652500033378601,3.924999952316284
3742,1353.5744583746418,0.013888204470276833,0.05000000074505806,0.15825000405311584,3.7531251907348633
3743,1353.914785570465,0.013168089091777802,0.05000000074505806,0.15037500858306885,3.7437498569488525
3744,1354.300404381007,0.015169133432209492,0.05000000074505806,0.1613750010728836,3.8562498092651367
3745,1354.6457733660936,0.01437618862837553,0.05000000074505806,0.1573750078678131,3.825000047683716
3746,1355.0221222806722,0.014738563448190689,0.05000000074505806,0.16212499141693115,3.78125
3747,1355.3851151317358,0.01305100042372942,0.05000000074505806,0.14675000309944153,3.6281251907348633
3748,1356.2760972660035,0.014837328344583511,0.05000000074505806,0.15424999594688416,3.7906248569488525
3749,1356.5930719869211,0.01571257784962654,0.05000000074505806,0.15962499380111694,3.674999952316284
3750,1356.9082315396518,0.014518468640744686,0.05000000074505806,0.156125009059906,3.6999998092651367
3751,1357.212837887928,0.01408657617866993,0.05000000074505806,0.14512500166893005,3.6218748092651367
3752,1357.5172724109143,0.015149811282753944,0.05000000074505806,0.15625,3.6374998092651367
3753,1357.8692080909386,0.012989522889256477,0.05000000074505806,0.16212502121925354,3.8499999046325684
3754,1358.1756618469954,0.014924156479537487,0.05000000074505806,0.15825000405311584,3.8781251907348633
3755,1358.4819527249783,0.014166397973895073,0.05000000074505806,0.1576250046491623,3.7875001430511475
3756,1358.8165159458295,0.016851775348186493,0.05000000074505806,0.16462498903274536,3.9156248569488525
3757,1359.1192372133955,0.015026452019810677,0.05000000074505806,0.14800000190734863,3.590625286102295
3758,1359.4343706471846,0.013635003939270973,0.05000000074505806,0.15649999678134918,3.768749713897705
3759,1359.7820554273203,0.013235579244792461,0.05000000074505806,0.15325000882148743,3.687499761581421
3760,1360.119236504659,0.01610390469431877,0.05000000074505806,0.1576249897480011,3.784374713897705
3761,1360.429935341701,0.01573260687291622,0.05000000074505806,0.16212499141693115,3.8812503814697266
3762,1360.7368268370628,0.013357024639844894,0.05000000074505806,0.16075000166893005,3.690624952316284
3763,1361.1019715527073,0.01572222076356411,0.05000000074505806,0.1457500010728836,3.721874952316284
3764,1361.4271401716396,0.013212131336331367,0.05000000074505806,0.15937499701976776,3.6812498569488525
3765,1361.7374628335238,0.012931409291923046,0.05000000074505806,0.1508750021457672,3.690624952316284
3766,1362.0551713258028,0.0146784707903862,0.05000000074505806,0.15512500703334808,3.731250047683716
3767,1362.3801264893264,0.01584630087018013,0.05000000074505806,0.15474998950958252,3.7166669368743896
3768,1362.6974326791242,0.012920448556542397,0.05000000074505806,0.16750000417232513,4.025000095367432
3769,1363.0000712294132,0.017389077693223953,0.05000000074505806,0.16112498939037323,3.753124713897705
3770,1363.3006937224418,0.014140438288450241,0.05000000074505806,0.1602499932050705,3.9124999046325684
3771,1363.6031466424465,0.014216024428606033,0.05000000074505806,0.14624999463558197,3.653125047683716
3772,1363.9037920786068,0.014004882425069809,0.05000000074505806,0.1512499898672104,3.5625
3773,1364.2053592205048,0.014782819896936417,0.05000000074505806,0.1613749861717224,3.8656249046325684
3774,1364.5036577330902,0.013587746769189835,0.05000000074505806,0.1563750058412552,3.700000047683716
3775,1364.8042214950547,0.014214054681360722,0.05000000074505806,0.15162500739097595,3.7093751430511475
3776,1365.11084266752,0.015719516202807426,0.05000000074505806,0.1588750034570694,3.7406249046325684
3777,1365.4176537804306,0.013877042569220066,0.05000000074505806,0.15987500548362732,3.7906250953674316
3778,1365.7211098307744,0.012996364384889603,0.05000000074505806,0.16112498939037323,3.8531246185302734
3779,1366.0434549618512,0.014608390629291534,0.05000000074505806,0.15012501180171967,3.718750238418579
3780,1366.3963120067492,0.014200780540704727,0.05000000074505806,0.15862499177455902,3.8031249046325684
3781,1366.7592783691362,0.016131490468978882,0.05000000074505806,0.16174998879432678,3.8312501907348633
3782,1367.0619787769392,0.0159226693212986,0.05000000074505806,0.16050000488758087,3.8249998092651367
3783,1367.3725782241672,0.014914298430085182,0.05000000074505806,0.1629999876022339,3.9875001907348633
3784,1367.6999443341047,0.013990865088999271,0.05000000074505806,0.15424999594688416,3.768749952316284
3785,1368.0040417481214,0.015327390283346176,0.05000000074505806,0.15962499380111694,3.715625286102295
3786,1368.3731462527066,0.014901491813361645,0.05000000074505806,0.1525000035762787,3.7531251907348633
3787,1368.6734956586733,0.014211146160960197,0.05000000074505806,0.15712499618530273,3.6999998092651367
3788,1369.123759725131,0.013730200007557869,0.05000000074505806,0.1523749977350235,3.84375
3789,1369.6167705561966,0.014994685538113117,0.05000000074505806,0.15524999797344208,3.4937498569488525
3790,1369.9317320333794,0.015275351703166962,0.05000000074505806,0.16349998116493225,3.9343748092651367
3791,1370.2635166319087,0.012466879561543465,0.05000000074505806,0.14887501299381256,3.6854164600372314
3792,1370.5905657215044,0.013491528108716011,0.05000000074505806,0.16224999725818634,3.8656249046325684
3793,1370.9402277879417,0.01492704451084137,0.05000000074505806,0.15537498891353607,3.7531251907348633
3794,1371.301069774665,0.013769134879112244,0.05000000074505806,0.1613750010728836,3.7406249046325684
3795,1371.7372946739197,0.014518298208713531,0.05000000074505806,0.15587499737739563,3.8718748092651367
3796,1372.1067519364879,0.015097180381417274,0.05000000074505806,0.15162500739097595,3.734375
3797,1372.4719715453684,0.012527848593890667,0.05000000074505806,0.1573750078678131,3.6343750953674316
3798,1372.8029042994604,0.0128855025395751,0.05000000074505806,0.1551249921321869,3.6843745708465576
3799,1373.1247208407149,0.013010174967348576,0.05000000074505806,0.1573750078678131,3.8218750953674316
3800,1374.1556730912998,0.01631752774119377,0.05000000074505806,0.15150000154972076,3.6999998092651367
3801,1374.491322399117,0.013962969183921814,0.05000000074505806,0.1536249965429306,3.7406249046325684
3802,1374.8638914553449,0.014500808902084827,0.05000000074505806,0.16425001621246338,3.768749952316284
3803,1375.1791463401169,0.012413298711180687,0.05000000074505806,0.15137501060962677,3.741666555404663
3804,1375.5404856288806,0.014192063361406326,0.05000000074505806,0.16200000047683716,3.8812499046325684
3805,1375.8553062509745,0.01295647956430912,0.05000000074505806,0.1666249781847,3.984374761581421
3806,1376.209118746221,0.01607484742999077,0.05000000074505806,0.1573750078678131,3.7124996185302734
3807,1376.5115699414164,0.014482835307717323,0.05000000074505806,0.1615000218153,3.9625000953674316
3808,1376.8192893844098,0.014374857768416405,0.05000000074505806,0.15824998915195465,3.7406249046325684
3809,1377.1330746961758,0.014080905355513096,0.05000000074505806,0.1613749861717224,3.871875047683716
3810,1377.5719763934612,0.013576162047684193,0.05000000074505806,0.15625,3.796875
3811,1377.8838509265333,0.015252829529345036,0.05000000074505806,0.14824999868869781,3.715625047683716
3812,1378.2278451574966,0.014185400679707527,0.05000000074505806,0.15712501108646393,3.6750001907348633
3813,1378.5772258490324,0.012380915693938732,0.05000000074505806,0.15437500178813934,3.7593750953674316
3814,1378.8824831200764,0.014529475010931492,0.05000000074505806,0.1613749861717224,3.734375
3815,1379.1904063783586,0.015821389853954315,0.05000000074505806,0.15600000321865082,3.785416603088379
3816,1379.525485277176,0.01291787251830101,0.05000000074505806,0.15412499010562897,3.7093749046325684
3817,1379.890779194422,0.012838728725910187,0.05000000074505806,0.1563750058412552,3.7124998569488525
3818,1380.211416372098,0.014212421141564846,0.05000000074505806,0.16062499582767487,3.812500238418579
3819,1380.5306246923283,0.015142428688704967,0.05000000074505806,0.15700000524520874,3.840625047683716
3820,1380.85462688189,0.013210869394242764,0.05000000074505806,0.15699999034404755,3.84375
3821,1381.2043510749936,0.016228338703513145,0.05000000074505806,0.1574999988079071,3.674999952316284
3822,1381.5201151836663,0.01611250266432762,0.05000000074505806,0.16487498581409454,3.8656246662139893
3823,1381.8994952673092,0.015163191594183445,0.05000000074505806,0.1537500023841858,3.809375047683716
3824,1382.2195909693837,0.014570635743439198,0.05000000074505806,0.15625,3.8218748569488525
3825,1382.5640818104148,0.013176655396819115,0.05000000074505806,0.16637501120567322,3.8656249046325684
3826,1382.938199360855,0.014140084385871887,0.05000000074505806,0.16174998879432678,3.7781248092651367
3827,1383.2515648268163,0.013828376308083534,0.05000000074505806,0.1511249989271164,3.789583444595337
3828,1383.5651198616251,0.014326425269246101,0.05000000074505806,0.15325000882148743,3.6531248092651367
3829,1383.9222483253106,0.01350385881960392,0.05000000074505806,0.15949998795986176,3.8031249046325684
3830,1384.260298420675,0.015874428674578667,0.05000000074505806,0.1626250147819519,3.8625001907348633
3831,1384.5834270855412,0.013395140878856182,0.05000000074505806,0.15324999392032623,3.8406248092651367
3832,1384.9412193866447,0.014596759341657162,0.05000000074505806,0.15912500023841858,3.762500047683716
3833,1385.247934408486,0.013600017875432968,0.05000000074505806,0.1536249965429306,3.6187498569488525
3834,1385.583622069098,0.014007797464728355,0.05000000074505806,0.16187499463558197,3.7750003337860107
3835,1385.9397413013503,0.01375381276011467,0.05000000074505806,0.15449999272823334,3.831249952316284
3836,1386.3262619711459,0.013388792984187603,0.05000000074505806,0.15599998831748962,3.7906248569488525
3837,1386.693403427489,0.014694826677441597,0.05000000074505806,0.15462501347064972,3.7593748569488525
3838,1387.0286840666085,0.01256506610661745,0.05000000074505806,0.1665000021457672,3.8093748092651367
3839,1387.35176724568,0.014534863643348217,0.05000000074505806,0.14787501096725464,3.7083332538604736
3840,1387.6700155185536,0.015086948871612549,0.05000000074505806,0.16374999284744263,3.875
3841,1388.0133618330583,0.01607958972454071,0.05000000074505806,0.15012501180171967,3.621875047683716
3842,1388.4246291667223,0.01388372853398323,0.05000000074505806,0.1574999988079071,3.721874713897705
3843,1388.7584974607453,0.014409531839191914,0.05000000074505806,0.15450002253055573,3.784374713897705
3844,1389.093311406672,0.014782648533582687,0.05000000074505806,0.1588750034570694,3.862499713897705
3845,1389.4685385571793,0.0136234937235713,0.05000000074505806,0.15700000524520874,3.749999761581421
3846,1389.9435128895566,0.012740951031446457,0.05000000074505806,0.16350001096725464,3.8125
3847,1390.2820700434968,0.013100599870085716,0.05000000074505806,0.1510000079870224,3.706249952316284
3848,1390.6822428554296,0.0121395792812109,0.05000000074505806,0.15974999964237213,3.7531251907348633
3849,1391.0940919714049,0.013658122159540653,0.05000000074505806,0.15675000846385956,3.890625
3850,1391.4044437203556,0.014646679162979126,0.05000000074505806,0.16587500274181366,3.8375000953674316
3851,1391.8087311461568,0.013500929810106754,0.05000000074505806,0.15174999833106995,3.7624998092651367
3852,1392.5297903073952,0.013299742713570595,0.05000000074505806,0.15449999272823334,3.6937501430511475
3853,1392.8298750519753,0.013908704742789268,0.05000000074505806,0.15562498569488525,3.7281250953674316
3854,1393.1502503333613,0.012405174784362316,0.05000000074505806,0.16050000488758087,3.859375
3855,1393.558116656728,0.014890299178659916,0.05000000074505806,0.16487498581409454,3.984375
3856,1394.1224151765928,0.012927621603012085,0.05000000074505806,0.1537500023841858,3.6437504291534424
3857,1394.4394160620868,0.013638041913509369,0.05000000074505806,0.1602499932050705,3.7249999046325684
3858,1394.7523635104299,0.013920193538069725,0.05000000074505806,0.1577499955892563,3.8406248092651367
3859,1395.2614290574566,0.01416672021150589,0.05000000074505806,0.1536249965429306,3.7468748092651367
3860,1395.6646048445255,0.01402221992611885,0.05000000074505806,0.15587499737739563,3.765625
3861,1395.9760345388204,0.013055725023150444,0.05000000074505806,0.1653750091791153,3.8843748569488525
3862,1396.2827991768718,0.0129353366792202,0.05000000074505806,0.16450001299381256,3.9312500953674316
3863,1396.6266399426386,0.013423949480056763,0.05000000074505806,0.15437500178813934,3.8145830631256104
3864,1396.9925306979567,0.013034947216510773,0.05000000074505806,0.1587499976158142,3.8500001430511475
3865,1397.333376340568,0.013955128379166126,0.05000000074505806,0.15700000524520874,3.674999952316284
3866,1397.6687937034294,0.014962222427129745,0.05000000074505806,0.1563750058412552,3.7125000953674316
3867,1398.3318984601647,0.013679416850209236,0.05000000074505806,0.15662500262260437,3.7906248569488525
3868,1398.7829109933227,0.01412911619991064,0.05000000074505806,0.1576250046491623,3.875
3869,1399.246511457488,0.016407178714871407,0.05000000074505806,0.16487501561641693,3.8812499046325684
3870,1399.6177969397977,0.014387787319719791,0.05000000074505806,0.15687499940395355,3.78125
3871,1399.9306346299127,0.013901768252253532,0.05000000074505806,0.14912500977516174,3.6687498092651367
3872,1400.3009370490909,0.014732414856553078,0.05000000074505806,0.16450001299381256,3.8343751430511475
3873,1400.6317581469193,0.014534419402480125,0.05000000074505806,0.16425001621246338,3.878124952316284
3874,1400.9379826029763,0.012993093580007553,0.05000000074505806,0.15137501060962677,3.778125047683716
3875,1401.284569057636,0.015598682686686516,0.05000000074505806,0.15462501347064972,3.7166664600372314
3876,1401.6390645923093,0.016623256728053093,0.05000000074505806,0.15424999594688416,3.749999761581421
3877,1401.9781407238916,0.01377381756901741,0.05000000074505806,0.16300001740455627,3.7906250953674316
3878,1402.3276818655431,0.015153422951698303,0.05000000074505806,0.1602499932050705,3.753124713897705
3879,1402.6324438313022,0.014403456822037697,0.05000000074505806,0.1523749977350235,3.8406248092651367
3880,1402.9474727818742,0.01450769230723381,0.05000000074505806,0.1602500081062317,3.9000000953674316
3881,1403.262078509666,0.014805910177528858,0.05000000074505806,0.1639999896287918,3.890624761581421
3882,1403.5907677011564,0.013985855504870415,0.05000000074505806,0.15412500500679016,3.5874998569488525
3883,1403.9242363516241,0.01478885393589735,0.05000000074505806,0.15162499248981476,3.7718749046325684
3884,1404.259548496455,0.014040043577551842,0.05000000074505806,0.1603749841451645,3.809375047683716
3885,1404.6067014643922,0.013986562378704548,0.05000000074505806,0.1576250046491623,3.8312501907348633
3886,1404.9476722348481,0.013053654693067074,0.05000000074505806,0.1692499965429306,3.8187499046325684
3887,1405.283245863393,0.013587791472673416,0.05000000074505806,0.15262499451637268,3.8333332538604736
3888,1405.821659391746,0.016155961900949478,0.05000000074505806,0.1577499955892563,3.7875001430511475
3889,1406.4341852487996,0.013740364462137222,0.05000000074505806,0.1587499976158142,3.7718749046325684
3890,1406.7531491303816,0.014334232546389103,0.05000000074505806,0.15187500417232513,3.656249761581421
3891,1407.0921197533607,0.014673884958028793,0.05000000074505806,0.15337499976158142,3.6750001907348633
3892,1407.4370187530294,0.01381140947341919,0.05000000074505806,0.1535000056028366,3.718749761581421
3893,1407.739377005957,0.015819614753127098,0.05000000074505806,0.16175001859664917,3.8781251907348633
3894,1408.0830628788099,0.014114259742200375,0.05000000074505806,0.15937499701976776,3.731250286102295
3895,1408.3959694588557,0.015751561149954796,0.05000000074505806,0.15587501227855682,3.8781251907348633
3896,1408.7268497897312,0.014731822535395622,0.05000000074505806,0.15600000321865082,3.7781248092651367
3897,1409.050351506099,0.01444369088858366,0.05000000074505806,0.1497499942779541,3.5437498092651367
3898,1409.5240216795355,0.01361337024718523,0.05000000074505806,0.1574999988079071,3.6031248569488525
3899,1409.8865871774033,0.01476196851581335,0.05000000074505806,0.14937500655651093,3.733332872390747
3900,1410.1916606640443,0.013722178526222706,0.05000000074505806,0.1536250114440918,3.7281248569488525
3901,1410.627621610649,0.012972568161785603,0.05000000074505806,0.15850000083446503,3.8062498569488525
3902,1410.9827714851126,0.014253711327910423,0.05000000074505806,0.15812498331069946,3.628124713897705
3903,1411.3052576575428,0.014033167622983456,0.05000000074505806,0.15787501633167267,3.9124999046325684
3904,1411.7025323687121,0.014309654012322426,0.05000000074505806,0.148250013589859,3.643749952316284
3905,1412.0469074063003,0.01476746704429388,0.05000000074505806,0.15737499296665192,3.7124998569488525
3906,1412.4253184525296,0.014351515099406242,0.05000000074505806,0.1626250147819519,3.6937501430511475
3907,1412.822462176904,0.014604536816477776,0.05000000074505806,0.1525000035762787,3.840625047683716
3908,1413.2033204678446,0.013810822740197182,0.05000000074505806,0.15812499821186066,3.9125001430511475
3909,1413.5252150604501,0.015603880397975445,0.05000000074505806,0.16074998676776886,3.784374713897705
3910,1413.8700731536373,0.014546702615916729,0.05000000074505806,0.16562500596046448,3.8375000953674316
3911,1414.200444869697,0.014166196808218956,0.05000000074505806,0.15324999392032623,3.777083158493042
3912,1414.623868313618,0.015104753896594048,0.05000000074505806,0.15950000286102295,3.8343751430511475
3913,1414.9575366647914,0.017051100730895996,0.05000000074505806,0.15137499570846558,3.625
3914,1415.3949804296717,0.015436161309480667,0.05000000074505806,0.16500000655651093,3.856250047683716
3915,1415.7462515179068,0.012448427267372608,0.05000000074505806,0.15399999916553497,3.828124761581421
3916,1416.0963300364092,0.01390773430466652,0.05000000074505806,0.15925000607967377,3.6968750953674316
3917,1416.4568639378995,0.01490264106541872,0.05000000074505806,0.15312500298023224,3.765624523162842
3918,1416.7795354211703,0.0163250919431448,0.05000000074505806,0.1601250022649765,3.706249952316284
3919,1417.0999606307596,0.013634460046887398,0.05000000074505806,0.15587499737739563,3.78125
3920,1417.3998668501154,0.01483401469886303,0.05000000074505806,0.14875000715255737,3.7593750953674316
3921,1417.7031689314172,0.01381926890462637,0.05000000074505806,0.1654999852180481,3.7874999046325684
3922,1418.0159014528617,0.015151581726968288,0.05000000074505806,0.16625000536441803,3.825000047683716
3923,1418.3540192293003,0.012977778911590576,0.05000000074505806,0.15075001120567322,3.847916841506958
3924,1418.6909120567143,0.013827762566506863,0.05000000074505806,0.16312499344348907,3.846874952316284
3925,1419.0069629419595,0.015298613347113132,0.05000000074505806,0.15437500178813934,3.6968748569488525
3926,1419.306155900471,0.014818554744124413,0.05000000074505806,0.15712499618530273,3.768749952316284
3927,1419.6035332903266,0.015005668625235558,0.05000000074505806,0.1550000011920929,3.8000001907348633
3928,1419.9232070874423,0.014622515067458153,0.05000000074505806,0.14812499284744263,3.6437501907348633
3929,1420.242424780503,0.013766983523964882,0.05000000074505806,0.15799999237060547,3.7156248092651367
3930,1420.5463928235695,0.013429326005280018,0.05000000074505806,0.15649999678134918,3.690624952316284
3931,1420.851207939908,0.014938868582248688,0.05000000074505806,0.15087498724460602,3.7593750953674316
3932,1421.1998541457579,0.013334936462342739,0.05000000074505806,0.1577499955892563,3.7593750953674316
3933,1421.8425295120105,0.01338956505060196,0.05000000074505806,0.16449998319149017,3.8218750953674316
3934,1422.1590592637658,0.012436827644705772,0.05000000074505806,0.15962499380111694,3.843750238418579
3935,1422.6648474149406,0.012980763800442219,0.05000000074505806,0.14925001561641693,3.6729166507720947
3936,1423.0014046663418,0.013853749260306358,0.05000000074505806,0.15562501549720764,3.703125
3937,1423.3184298267588,0.014999005012214184,0.05000000074505806,0.15687498450279236,3.7562499046325684
3938,1423.6196894394234,0.013176562264561653,0.05000000074505806,0.15625,3.7406251430511475
3939,1423.935488037765,0.013008667156100273,0.05000000074505806,0.15025000274181366,3.700000047683716
3940,1424.2501686280593,0.014299770817160606,0.05000000074505806,0.15937499701976776,3.734375
3941,1424.552849872969,0.015585800632834435,0.05000000074505806,0.1509999930858612,3.7156248092651367
3942,1424.8589485194534,0.013915800489485264,0.05000000074505806,0.16337499022483826,3.7718751430511475
3943,1425.1631627576426,0.011553928256034851,0.05000000074505806,0.1495000123977661,3.7562501430511475
3944,1425.473785364069,0.012562531977891922,0.05000000074505806,0.15000000596046448,3.6468746662139893
3945,1425.7775110164657,0.013768686912953854,0.05000000074505806,0.15625,3.668750047683716
3946,1426.0815749308094,0.014127225615084171,0.05000000074505806,0.15675000846385956,3.6812498569488525
3947,1426.394115086645,0.014447592198848724,0.05000000074505806,0.15425001084804535,3.741666555404663
3948,1426.7185753798112,0.014570251107215881,0.05000000074505806,0.15537501871585846,3.684375047683716
3949,1427.0492095826194,0.014616550877690315,0.05000000074505806,0.1573750078678131,3.7312495708465576
3950,1427.376439078711,0.014172873459756374,0.05000000074505806,0.15524999797344208,3.7531251907348633
3951,1427.6910291481763,0.014762575738132,0.05000000074505806,0.15724998712539673,3.768749952316284
3952,1428.0089385230094,0.01409710943698883,0.05000000074505806,0.15949998795986176,3.9125001430511475
3953,1428.440898633562,0.014714598655700684,0.05000000074505806,0.1523750126361847,3.625
3954,1428.7866140194237,0.013648604974150658,0.05000000074505806,0.1548749953508377,3.703124761581421
3955,1429.2132989503443,0.014697328209877014,0.05000000074505806,0.15912498533725739,3.856250047683716
3956,1429.5282579679042,0.01362946629524231,0.05000000074505806,0.15587501227855682,3.703124761581421
3957,1429.899056318216,0.014750644564628601,0.05000000074505806,0.15474998950958252,3.721874952316284
3958,1430.2261523809284,0.014485565014183521,0.05000000074505806,0.16187499463558197,3.746875047683716
3959,1430.5803072191775,0.014550534076988697,0.05000000074505806,0.15562498569488525,3.8500001430511475
3960,1430.9630049262196,0.01447899080812931,0.05000000074505806,0.16337502002716064,3.8718748092651367
3961,1431.3146726824343,0.014142223633825779,0.05000000074505806,0.1508750021457672,3.6875
3962,1432.0914214560762,0.01379326917231083,0.05000000074505806,0.16249999403953552,3.7375001907348633
3963,1432.4140768283978,0.014307531528174877,0.05000000074505806,0.15199999511241913,3.8312501907348633
3964,1432.8123732358217,0.014503822661936283,0.05000000074505806,0.1588750034570694,3.768749952316284
3965,1433.1635422194377,0.01361496839672327,0.05000000074505806,0.1641249805688858,4.02187442779541
3966,1433.5111833326519,0.013857262209057808,0.05000000074505806,0.15974999964237213,3.674999952316284
3967,1433.814804136753,0.013640700839459896,0.05000000074505806,0.14762501418590546,3.671875
3968,1434.1614884473383,0.013730818405747414,0.05000000074505806,0.15700000524520874,3.6781249046325684
3969,1434.6337944986299,0.014455302618443966,0.05000000074505806,0.15524999797344208,3.78125
3970,1434.964235466905,0.012291772291064262,0.05000000074505806,0.15549999475479126,3.6468749046325684
3971,1435.2975311307237,0.012981515377759933,0.05000000074505806,0.15137499570846558,3.722916841506958
3972,1435.6259051645175,0.012914338149130344,0.05000000074505806,0.15399999916553497,3.7062501907348633
3973,1435.9992598760873,0.014531277120113373,0.05000000074505806,0.15600000321865082,3.7375001907348633
3974,1436.3391452711076,0.013352097943425179,0.05000000074505806,0.15925000607967377,3.684375047683716
3975,1436.7086835140362,0.013826053589582443,0.05000000074505806,0.15649999678134918,3.893749952316284
3976,1437.0170517181978,0.01575666293501854,0.05000000074505806,0.15787500143051147,3.871875047683716
3977,1437.3317720741034,0.015615512616932392,0.05000000074505806,0.16850000619888306,3.887500047683716
3978,1437.65297121834,0.014230446889996529,0.05000000074505806,0.15950000286102295,3.7562501430511475
3979,1437.95713460166,0.015959737822413445,0.05000000074505806,0.15587501227855682,3.8968749046325684
3980,1438.2914212225005,0.014357564970850945,0.05000000074505806,0.1577499955892563,3.753124952316284
3981,1438.610472661443,0.015933772549033165,0.05000000074505806,0.16337499022483826,3.846874713897705
3982,1438.953852553852,0.01363266073167324,0.05000000074505806,0.16374999284744263,3.890625
3983,1439.2814420517534,0.013635052368044853,0.05000000074505806,0.15525001287460327,3.843749761581421
3984,1439.6318322811276,0.013050613924860954,0.05000000074505806,0.16187499463558197,3.846874713897705
3985,1439.9347497439012,0.01453833095729351,0.05000000074505806,0.16450001299381256,3.906249761581421
3986,1440.2404136573896,0.014067967422306538,0.05000000074505806,0.15712499618530273,3.7906250953674316
3987,1440.6120095979422,0.015010440722107887,0.05000000074505806,0.1601250022649765,3.8531250953674316
3988,1441.0470666326582,0.012435926124453545,0.05000000074505806,0.15600000321865082,3.749999761581421
3989,1441.4390529496595,0.012772927060723305,0.05000000074505806,0.15650001168251038,3.840625047683716
3990,1441.7813148144633,0.014980947598814964,0.05000000074505806,0.15962499380111694,3.7750000953674316
3991,1442.1058914363384,0.015112304128706455,0.05000000074505806,0.15687501430511475,3.715625047683716
3992,1442.4145126314834,0.01335146650671959,0.05000000074505806,0.16049998998641968,3.96875
3993,1442.7646716032177,0.01576593704521656,0.05000000074505806,0.15850000083446503,3.878124952316284
3994,1443.304533213377,0.015001222491264343,0.05000000074505806,0.16350001096725464,3.6468749046325684
3995,1443.645702661015,0.013644241727888584,0.05000000074505806,0.14749999344348907,3.729166269302368
3996,1443.9627563357353,0.01517123356461525,0.05000000074505806,0.1601250022649765,3.8125
3997,1444.3167496686801,0.014642970636487007,0.05000000074505806,0.16212497651576996,3.878124952316284
3998,1444.655482409522,0.013404889963567257,0.05000000074505806,0.15287499129772186,3.65625
3999,1445.0354507556185,0.014562596566975117,0.05000000074505806,0.1512499898672104,3.75
4000,1445.3399449847639,0.012800624594092369,0.05000000074505806,0.15449999272823334,3.6937501430511475
4001,1445.6603921661153,0.014154491946101189,0.05000000074505806,0.15662500262260437,3.7124998569488525
4002,1445.9870738545433,0.013548429124057293,0.05000000074505806,0.16175001859664917,3.765624761581421
4003,1446.3176211649552,0.013309800066053867,0.05000000074505806,0.15387499332427979,3.8218748569488525
4004,1446.6254843240604,0.015339724719524384,0.05000000074505806,0.15812498331069946,3.753124952316284
4005,1446.927990297787,0.015443659387528896,0.05000000074505806,0.15974999964237213,3.8656249046325684
4006,1447.3608718924224,0.0150529770180583,0.05000000074505806,0.15550000965595245,3.6812498569488525
4007,1447.8580337371677,0.014577047899365425,0.05000000074505806,0.1523750126361847,3.7208330631256104
4008,1448.1911743273959,0.013183574192225933,0.05000000074505806,0.15587499737739563,3.7093749046325684
4009,1448.5004891259596,0.014002667739987373,0.05000000074505806,0.16337502002716064,3.924999713897705
4010,1448.8312002858147,0.013944759964942932,0.05000000074505806,0.1548749953508377,3.656249761581421
4011,1449.1698498995975,0.013531044125556946,0.05000000074505806,0.15924999117851257,3.934375047683716
4012,1449.4723472166806,0.014282296411693096,0.05000000074505806,0.15787500143051147,3.731250047683716
4013,1449.7749630184844,0.011493902653455734,0.05000000074505806,0.1510000079870224,3.75
4014,1450.079777223058,0.013420488685369492,0.05000000074505806,0.15912500023841858,3.674999952316284
4015,1450.407635028474,0.014331325888633728,0.05000000074505806,0.15437500178813934,3.7874996662139893
4016,1450.72953916993,0.013867069967091084,0.05000000074505806,0.1548749953508377,3.6687498092651367
4017,1451.0358330570161,0.013308247551321983,0.05000000074505806,0.16312502324581146,3.8718748092651367
4018,1451.4917731117457,0.013378461822867393,0.05000000074505806,0.16224998235702515,3.7437498569488525
4019,1451.8486854732037,0.013547657057642937,0.05000000074505806,0.16312499344348907,4.016666412353516
4020,1452.2151380730793,0.0142738102003932,0.05000000074505806,0.15262500941753387,3.6343750953674316
4021,1452.674390470609,0.01398868951946497,0.05000000074505806,0.15712501108646393,3.8000001907348633
4022,1453.0082966219634,0.014287141151726246,0.05000000074505806,0.15812499821186066,3.721874952316284
4023,1453.3428413514048,0.012532981112599373,0.05000000074505806,0.15700000524520874,3.8531250953674316
4024,1453.6695449631661,0.013637829571962357,0.05000000074505806,0.15800000727176666,3.6937501430511475
4025,1453.986397786066,0.014085695147514343,0.05000000074505806,0.15299999713897705,3.796875
4026,1454.3216087585315,0.012113564647734165,0.05000000074505806,0.1574999988079071,3.796875
4027,1454.6653985381126,0.012731651775538921,0.05000000074505806,0.1601250022649765,3.768749952316284
4028,1454.9666995583102,0.013188468292355537,0.05000000074505806,0.1523750126361847,3.7406246662139893
4029,1455.3310689032078,0.015795238316059113,0.05000000074505806,0.1628749966621399,3.8187503814697266
4030,1455.7011942267418,0.012144084088504314,0.05000000074505806,0.1616249829530716,3.8343749046325684
4031,1456.0023516668007,0.014113718643784523,0.05000000074505806,0.15062500536441803,3.710416555404663
4032,1456.3210746832192,0.013952280394732952,0.05000000074505806,0.15587499737739563,3.7249999046325684
4033,1456.6506264666095,0.012657403014600277,0.05000000074505806,0.16362498700618744,3.8531248569488525
4034,1456.9866843726486,0.014847250655293465,0.05000000074505806,0.14525000751018524,3.5406248569488525
4035,1457.3055036012083,0.01370307244360447,0.05000000074505806,0.15337499976158142,3.7281248569488525
4036,1457.651756554842,0.014830470085144043,0.05000000074505806,0.1614999920129776,3.8374998569488525
4037,1457.9674374889582,0.012118162587285042,0.05000000074505806,0.15262499451637268,3.703125
4038,1458.2963739335537,0.01598525606095791,0.05000000074505806,0.15137499570846558,3.5406248569488525
4039,1458.747591680847,0.01549577061086893,0.05000000074505806,0.1574999988079071,3.878124713897705
4040,1459.1082795225084,0.013436425477266312,0.05000000074505806,0.15625,3.700000047683716
4041,1459.6616141786799,0.015348229557275772,0.05000000074505806,0.1668749749660492,3.9750003814697266
4042,1459.9806096320972,0.014678903855383396,0.05000000074505806,0.15275000035762787,3.718749761581421
4043,1460.4381591593847,0.015063961036503315,0.05000000074505806,0.1548749953508377,3.7312498092651367
4044,1460.80083116889,0.014331914484500885,0.05000000074505806,0.15912500023841858,3.828125
4045,1461.1511431895196,0.0124235600233078,0.05000000074505806,0.15524999797344208,3.703124523162842
4046,1461.451026910916,0.01489521935582161,0.05000000074505806,0.15549999475479126,3.6843748092651367
4047,1461.7733247578144,0.013331668451428413,0.05000000074505806,0.15449999272823334,3.796875
4048,1462.1060095569119,0.011203743517398834,0.05000000074505806,0.1574999988079071,3.6937496662139893
4049,1462.4586032293737,0.014768080785870552,0.05000000074505806,0.15337499976158142,3.734375
4050,1462.7848156504333,0.013718346133828163,0.05000000074505806,0.15825000405311584,3.7718751430511475
4051,1463.0974533250555,0.014415408484637737,0.05000000074505806,0.15324999392032623,3.7937498092651367
4052,1463.4143884070218,0.014523852616548538,0.05000000074505806,0.15537500381469727,3.703125238418579
4053,1464.6006585564464,0.014142604544758797,0.05000000074505806,0.16199998557567596,3.6687498092651367
4054,1464.8997792713344,0.013283660635352135,0.05000000074505806,0.15725000202655792,3.7906246185302734
4055,1465.212959653698,0.0138526801019907,0.05000000074505806,0.15900000929832458,3.893749952316284
4056,1465.5776862641796,0.013653736561536789,0.05000000074505806,0.15812499821186066,3.706249952316284
4057,1465.9182805614546,0.01267864741384983,0.05000000074505806,0.156000018119812,3.8406248092651367
4058,1466.2584226028994,0.013162942603230476,0.05000000074505806,0.1678750067949295,3.903125047683716
4059,1466.5698522683233,0.014828069135546684,0.05000000074505806,0.15424999594688416,3.815624952316284
4060,1466.9282302446663,0.014600923284888268,0.05000000074505806,0.16124999523162842,3.953124761581421
4061,1467.2711018146947,0.014541706070303917,0.05000000074505806,0.16087499260902405,3.7562496662139893
4062,1467.7599094910547,0.013764976523816586,0.05000000074505806,0.16425001621246338,3.8249998092651367
4063,1468.077102840878,0.015730686485767365,0.05000000074505806,0.1510000079870224,3.7437500953674316
4064,1468.4327791519463,0.014823389239609241,0.05000000074505806,0.15599998831748962,3.8062500953674316
4065,1468.793386971578,0.014008194208145142,0.05000000074505806,0.15687498450279236,3.671875476837158
4066,1469.1567316334695,0.012743201106786728,0.05000000074505806,0.16187499463558197,3.9281251430511475
4067,1469.4907983597368,0.013474613428115845,0.05000000074505806,0.15275000035762787,3.718749761581421
4068,1469.816193472594,0.01469151210039854,0.05000000074505806,0.15575000643730164,3.734375
4069,1470.1675666347146,0.013058632612228394,0.05000000074505806,0.15937499701976776,3.7874999046325684
4070,1470.4893226968125,0.01630980521440506,0.05000000074505806,0.16050000488758087,3.8374998569488525
4071,1470.818023139611,0.014203119091689587,0.05000000074505806,0.15549999475479126,3.71875
4072,1471.1467983545735,0.014058506116271019,0.05000000074505806,0.16087499260902405,4.003124713897705
4073,1471.4758488405496,0.013475649058818817,0.05000000074505806,0.16124999523162842,3.737499952316284
4074,1471.8942373162135,0.014403123408555984,0.05000000074505806,0.16200000047683716,3.84375
4075,1472.2027961537242,0.016080357134342194,0.05000000074505806,0.15662500262260437,3.828125
4076,1472.5176755441353,0.013007229194045067,0.05000000074505806,0.15312500298023224,3.8031249046325684
4077,1472.8179646814242,0.014981893822550774,0.05000000074505806,0.16200000047683716,3.7125000953674316
4078,1473.1197006786242,0.012829276733100414,0.05000000074505806,0.16462498903274536,3.9000000953674316
4079,1473.4270762875676,0.013461815193295479,0.05000000074505806,0.15962499380111694,3.916666269302368
4080,1473.7615296654403,0.013926556333899498,0.05000000074505806,0.16062502562999725,3.840625286102295
4081,1474.0782320378348,0.015130766667425632,0.05000000074505806,0.15437501668930054,3.6156249046325684
4082,1474.3829566761851,0.015422738157212734,0.05000000074505806,0.15799999237060547,3.7093749046325684
4083,1474.71238261275,0.012812973000109196,0.05000000074505806,0.15199999511241913,3.8093748092651367
4084,1475.0282043656334,0.013880373910069466,0.05000000074505806,0.15287500619888306,3.668750047683716
4085,1475.3471154607832,0.012777930125594139,0.05000000074505806,0.1576249897480011,3.8125
4086,1475.678634912707,0.012361584231257439,0.05000000074505806,0.15524999797344208,3.606250286102295
4087,1476.018158763647,0.015058917924761772,0.05000000074505806,0.15262500941753387,3.809375047683716
4088,1476.362898081541,0.013557459227740765,0.05000000074505806,0.15299999713897705,3.5562500953674316
4089,1476.7368766423315,0.012834768742322922,0.05000000074505806,0.1653749793767929,4.009374618530273
4090,1477.0552273560315,0.015297694131731987,0.05000000074505806,0.15537500381469727,3.6937499046325684
4091,1477.4740698393434,0.014165567234158516,0.05000000074505806,0.1511250138282776,3.7166669368743896
4092,1477.7780398288742,0.014266918413341045,0.05000000074505806,0.15324999392032623,3.643749713897705
4093,1478.0787533996627,0.01311471313238144,0.05000000074505806,0.1550000011920929,3.7437500953674316
4094,1478.409540064633,0.014778375625610352,0.05000000074505806,0.15937501192092896,3.703125
4095,1478.7330091604963,0.012554781511425972,0.05000000074505806,0.14812502264976501,3.71875
4096,1479.054006876424,0.015111184678971767,0.05000000074505806,0.15537500381469727,3.7718751430511475
4097,1479.3947106217965,0.01650487631559372,0.05000000074505806,0.15862499177455902,3.7124998569488525
4098,1479.7256964640692,0.01506814919412136,0.05000000074505806,0.1588749885559082,3.734375
4099,1480.313640321605,0.016526848077774048,0.05000000074505806,0.15462499856948853,3.784374713897705
4100,1480.641428628005,0.013679349794983864,0.05000000074505806,0.15825000405311584,3.8687498569488525
4101,1480.956295692362,0.015477905049920082,0.05000000074505806,0.156125009059906,3.6937499046325684
4102,1481.2746774060652,0.015087743289768696,0.05000000074505806,0.16324998438358307,3.796875
4103,1481.5952299181372,0.014723445288836956,0.05000000074505806,0.1550000011920929,3.816666603088379
4104,1481.8974819323048,0.014017967507243156,0.05000000074505806,0.1551249921321869,3.6968750953674316
4105,1482.2154001975432,0.01382069755345583,0.05000000074505806,0.16600000858306885,3.953125
4106,1482.5279768751934,0.012314451858401299,0.05000000074505806,0.1548750102519989,3.8499999046325684
4107,1482.855915285647,0.013768880628049374,0.05000000074505806,0.15125000476837158,3.606250047683716
4108,1483.1591962184757,0.01299130916595459,0.05000000074505806,0.14925000071525574,3.5875000953674316
4109,1483.4820286901668,0.01342804729938507,0.05000000074505806,0.1587500125169754,3.6968750953674316
4110,1483.7867646189407,0.012828642502427101,0.05000000074505806,0.15925000607967377,3.909374713897705
4111,1484.108862518333,0.015562186948955059,0.05000000074505806,0.1551249921321869,3.6468746662139893
4112,1484.607911920175,0.014899445697665215,0.05000000074505806,0.16062499582767487,3.799999952316284
4113,1484.9518200131133,0.014549361541867256,0.05000000074505806,0.15712499618530273,3.8531246185302734
4114,1485.326850445941,0.0174640454351902,0.05000000074505806,0.15787500143051147,3.621875047683716
4115,1485.6773587884381,0.01349371112883091,0.05000000074505806,0.15512500703334808,3.8583333492279053
4116,1485.98304687161,0.012934382073581219,0.05000000074505806,0.16462498903274536,3.9593749046325684
4117,1486.2879627821967,0.013940321281552315,0.05000000074505806,0.15524999797344208,3.7281248569488525
4118,1486.606288366951,0.014716141857206821,0.05000000074505806,0.15625,3.71875
4119,1486.9622633028775,0.01516356598585844,0.05000000074505806,0.1612500250339508,3.9093751907348633
4120,1487.2904700515792,0.014679782092571259,0.05000000074505806,0.1576250046491623,3.7750000953674316
4121,1487.5923109380528,0.013922518119215965,0.05000000074505806,0.163875013589859,3.8031249046325684
4122,1487.9143461175263,0.013976698741316795,0.05000000074505806,0.15862499177455902,3.8187499046325684
4123,1488.2165182828903,0.014686746522784233,0.05000000074505806,0.15599998831748962,3.7906246185302734
4124,1488.5314950160682,0.014401638880372047,0.05000000074505806,0.15049999952316284,3.784374952316284
4125,1488.8875584891066,0.014325683936476707,0.05000000074505806,0.1641250103712082,3.7531251907348633
4126,1489.2599394451827,0.014753102324903011,0.05000000074505806,0.16237498819828033,3.828124761581421
4127,1489.5818483466282,0.01601935550570488,0.05000000074505806,0.16112498939037323,3.9479167461395264
4128,1489.8981655873358,0.013780595734715462,0.05000000074505806,0.1537500023841858,3.6812500953674316
4129,1490.228930520825,0.012586708180606365,0.05000000074505806,0.16200000047683716,3.828125
4130,1490.5810380624607,0.012622015550732613,0.05000000074505806,0.15712499618530273,3.700000286102295
4131,1490.9270766917616,0.01360216736793518,0.05000000074505806,0.15725001692771912,3.9000003337860107
4132,1491.2476307768375,0.014461642131209373,0.05000000074505806,0.1550000011920929,3.753124952316284
4133,1491.5632281554863,0.015417291782796383,0.05000000074505806,0.15312501788139343,3.762500047683716
4134,1491.8973851827905,0.014555471017956734,0.05000000074505806,0.164249986410141,3.6937501430511475
4135,1492.2144203335047,0.013388097286224365,0.05000000074505806,0.1588750034570694,3.940624713897705
4136,1492.6480031041428,0.014422114007174969,0.05000000074505806,0.15262499451637268,3.6875
4137,1493.0859151026234,0.014094198122620583,0.05000000074505806,0.16212499141693115,3.8343749046325684
4138,1493.4052484454587,0.01481787208467722,0.05000000074505806,0.16087499260902405,3.846874713897705
4139,1493.7484781844541,0.013587537221610546,0.05000000074505806,0.15737499296665192,3.820833206176758
4140,1494.0909409113228,0.013548982329666615,0.05000000074505806,0.15700000524520874,3.7593750953674316
4141,1494.4313574628904,0.014221061021089554,0.05000000074505806,0.16312499344348907,3.9250001907348633
4142,1494.7518558027223,0.013952759094536304,0.05000000074505806,0.16062499582767487,3.6750001907348633
4143,1495.1207355679944,0.014320792630314827,0.05000000074505806,0.148375004529953,3.778125286102295
4144,1495.4303867565468,0.013590214774012566,0.05000000074505806,0.1573750078678131,3.762500047683716
4145,1495.7791374800727,0.013886896893382072,0.05000000074505806,0.15837498009204865,3.718749761581421
4146,1496.0985448835418,0.013481288217008114,0.05000000074505806,0.16300001740455627,3.8687500953674316
4147,1496.5213965717703,0.01256114337593317,0.05000000074505806,0.14650000631809235,3.6781249046325684
4148,1496.8437404371798,0.01408988144248724,0.05000000074505806,0.15512500703334808,3.7718749046325684
4149,1497.1716852383688,0.01295226626098156,0.05000000074505806,0.1548749953508377,3.6875
4150,1497.527680695057,0.015058411285281181,0.05000000074505806,0.16187499463558197,3.8062500953674316
4151,1497.8390791406855,0.013360110111534595,0.05000000074505806,0.14524999260902405,3.570833206176758
4152,1498.192983314395,0.012922093272209167,0.05000000074505806,0.15587501227855682,3.75
4153,1498.522439979948,0.01722864806652069,0.05000000074505806,0.16037499904632568,3.8343746662139893
4154,1498.8394106589258,0.013350236229598522,0.05000000074505806,0.1523749977350235,3.690624952316284
4155,1499.1525997677818,0.013802929781377316,0.05000000074505806,0.1510000079870224,3.5843749046325684
4156,1499.4665635628626,0.014370662160217762,0.05000000074505806,0.1576250046491623,3.7749996185302734
4157,1499.7800053497776,0.014063233509659767,0.05000000074505806,0.1575000137090683,3.7937498092651367
4158,1500.084936177358,0.011663311161100864,0.05000000074505806,0.15574999153614044,3.71875
4159,1500.4069552570581,0.014869133941829205,0.05000000074505806,0.15400001406669617,3.7718749046325684
4160,1500.807656686753,0.014082910493016243,0.05000000074505806,0.15287499129772186,3.6499996185302734
4161,1501.1584242312238,0.0136340307071805,0.05000000074505806,0.15150000154972076,3.671875
4162,1501.5214641354978,0.014726173132658005,0.05000000074505806,0.1652500182390213,3.687499761581421
4163,1501.8706610761583,0.011977864429354668,0.05000000074505806,0.1511250138282776,3.8020832538604736
4164,1502.2619222160429,0.015029922127723694,0.05000000074505806,0.15900000929832458,3.7562503814697266
4165,1502.6698512025177,0.01343651581555605,0.05000000074505806,0.15787500143051147,3.8500001430511475
4166,1503.1346689760685,0.01226845569908619,0.05000000074505806,0.16187502443790436,3.828124761581421
4167,1503.4708024356514,0.01289028488099575,0.05000000074505806,0.15037500858306885,3.684375047683716
4168,1503.9002112094313,0.013953798450529575,0.05000000074505806,0.15924999117851257,3.90625
4169,1504.2364339288324,0.014435404911637306,0.05000000074505806,0.1665000021457672,3.8500001430511475
4170,1504.5540691372007,0.012550250627100468,0.05000000074505806,0.16562500596046448,3.9468748569488525
4171,1504.8633228428662,0.016011442989110947,0.05000000074505806,0.15324999392032623,3.7906246185302734
4172,1505.1670633554459,0.01474888063967228,0.05000000074505806,0.15062500536441803,3.6500000953674316
4173,1505.4702820330858,0.014287576079368591,0.05000000074505806,0.1627499908208847,3.7437496185302734
4174,1505.7949556596577,0.014555906876921654,0.05000000074505806,0.15850000083446503,3.893749952316284
4175,1506.1429420569912,0.013042589649558067,0.05000000074505806,0.1588750034570694,3.808332681655884
4176,1506.5418051136658,0.014597896486520767,0.05000000074505806,0.1602500081062317,3.856250286102295
4177,1506.8519087685272,0.0130196837708354,0.05000000074505806,0.1535000056028366,3.5968751907348633
4178,1507.1561459144577,0.014210760593414307,0.05000000074505806,0.1613749861717224,3.8374998569488525
4179,1507.5110404128209,0.014002664014697075,0.05000000074505806,0.14925000071525574,3.7749998569488525
4180,1508.170088879764,0.012691697105765343,0.05000000074505806,0.15912500023841858,3.78125
4181,1508.4919048957527,0.015502587892115116,0.05000000074505806,0.16337499022483826,3.796875
4182,1509.3451006291434,0.013347841799259186,0.05000000074505806,0.15937501192092896,3.768749952316284
4183,1509.7038449700922,0.013665936887264252,0.05000000074505806,0.14925000071525574,3.7406249046325684
4184,1510.0307479985058,0.011976853013038635,0.05000000074505806,0.16312499344348907,3.7562501430511475
4185,1510.348590890877,0.012298851273953915,0.05000000074505806,0.15162500739097595,3.84375
4186,1510.7068620845675,0.014275121502578259,0.05000000074505806,0.16849999129772186,3.768749713897705
4187,1511.0565402256325,0.01435447484254837,0.05000000074505806,0.1547500044107437,3.8770835399627686
4188,1511.3881465317681,0.012535573914647102,0.05000000074505806,0.14937500655651093,3.5749998092651367
4189,1511.7146247169003,0.017755944281816483,0.05000000074505806,0.156374990940094,3.7874999046325684
4190,1512.0566528495401,0.014301631599664688,0.05000000074505806,0.16175001859664917,3.700000047683716
4191,1512.3782494897023,0.01508948765695095,0.05000000074505806,0.1510000079870224,3.721874952316284
4192,1512.707985154353,0.013948407024145126,0.05000000074505806,0.15324999392032623,3.7125000953674316
4193,1513.0361955594271,0.013983659446239471,0.05000000074505806,0.1547500044107437,3.7593750953674316
4194,1513.431234454736,0.015207754448056221,0.05000000074505806,0.1654999852180481,3.7593750953674316
4195,1513.8094948446378,0.013921399600803852,0.05000000074505806,0.16062499582767487,4.096874713897705
4196,1514.1307551078498,0.014080812223255634,0.05000000074505806,0.1614999920129776,3.7906246185302734
4197,1514.472706194967,0.013882181607186794,0.05000000074505806,0.15950000286102295,3.7874999046325684
4198,1514.7926092781126,0.015446826815605164,0.05000000074505806,0.16500000655651093,3.9156248569488525
4199,1515.1150421416387,0.01384450402110815,0.05000000074505806,0.1524999886751175,3.78125
4200,1515.4184966739267,0.014863950200378895,0.05000000074505806,0.1561249941587448,3.7624998092651367
4201,1515.719130884856,0.013716368936002254,0.05000000074505806,0.15587501227855682,3.718750238418579
4202,1516.0338617330417,0.01646929606795311,0.05000000074505806,0.16300001740455627,3.7749998569488525
4203,1516.3713297303766,0.013325716368854046,0.05000000074505806,0.15025000274181366,3.7906250953674316
4204,1516.6959176557139,0.014307050034403801,0.05000000074505806,0.15549999475479126,3.668750047683716
4205,1517.048461603932,0.013701741583645344,0.05000000074505806,0.15537500381469727,3.8031249046325684
4206,1517.3515578070655,0.011557865887880325,0.05000000074505806,0.16437500715255737,3.7062501907348633
4207,1517.6637834003195,0.014224866405129433,0.05000000074505806,0.15137501060962677,3.7093749046325684
4208,1517.974438198842,0.014677150174975395,0.05000000074505806,0.15937499701976776,3.8625001907348633
4209,1518.345914080739,0.013745290227234364,0.05000000074505806,0.15849998593330383,3.734375
4210,1518.7650015298277,0.014522414654493332,0.05000000074505806,0.15950000286102295,3.8843748569488525
4211,1519.1318864962086,0.014092674478888512,0.05000000074505806,0.15337499976158142,3.7666666507720947
4212,1519.4958746274933,0.014635789208114147,0.05000000074505806,0.14762498438358307,3.5843751430511475
4213,1519.8099712645635,0.014927254989743233,0.05000000074505806,0.15437498688697815,3.6312501430511475
4214,1520.1700975615531,0.013511436991393566,0.05000000074505806,0.1627500206232071,3.840625047683716
4215,1520.478454328142,0.013855635188519955,0.05000000074505806,0.1628749966621399,3.950000047683716
4216,1520.814897394739,0.014383265748620033,0.05000000074505806,0.15787500143051147,3.893749952316284
4217,1521.2121018916368,0.0130381491035223,0.05000000074505806,0.16462498903274536,3.846874713897705
4218,1521.515617449768,0.012852971442043781,0.05000000074505806,0.16337499022483826,3.7750000953674316
4219,1521.8509305659682,0.014032245613634586,0.05000000074505806,0.1522499918937683,3.8874998092651367
4220,1522.1559351636097,0.01409937348216772,0.05000000074505806,0.15687499940395355,3.7281250953674316
4221,1522.4726365441456,0.012541163712739944,0.05000000074505806,0.15787500143051147,3.8062498569488525
4222,1522.8564694160596,0.013410442508757114,0.05000000074505806,0.1651250123977661,3.862499952316284
4223,1523.238093616441,0.013294050469994545,0.05000000074505806,0.15137499570846558,3.745833396911621
4224,1523.553058682941,0.01533086784183979,0.05000000074505806,0.15312500298023224,3.768749713897705
4225,1523.8551419684663,0.012843003496527672,0.05000000074505806,0.15587501227855682,3.5906248092651367
4226,1524.1672056363896,0.014236139133572578,0.05000000074505806,0.15962500870227814,3.8093748092651367
4227,1524.4838628349826,0.01509364414960146,0.05000000074505806,0.15562500059604645,3.8031251430511475
4228,1524.7999779637903,0.012783722952008247,0.05000000074505806,0.1537500023841858,3.8093748092651367
4229,1525.1351621104404,0.013383165001869202,0.05000000074505806,0.15962499380111694,3.671874761581421
4230,1525.4369772477075,0.015112124383449554,0.05000000074505806,0.163875013589859,3.8531250953674316
4231,1525.760385060683,0.014149012044072151,0.05000000074505806,0.15312500298023224,3.778125047683716
4232,1526.0882500736043,0.013965143822133541,0.05000000074505806,0.15649999678134918,3.8000001907348633
4233,1526.4068166064098,0.014772036112844944,0.05000000074505806,0.1614999920129776,3.7750000953674316
4234,1526.755684136413,0.015722621232271194,0.05000000074505806,0.1627499908208847,3.862499952316284
4235,1527.081996370107,0.015043558552861214,0.05000000074505806,0.1525000035762787,3.7833335399627686
4236,1527.4480539551005,0.013592134229838848,0.05000000074505806,0.15925000607967377,3.7874999046325684
4237,1527.7516260519624,0.014218062162399292,0.05000000074505806,0.15412500500679016,3.65625
4238,1528.0614904537797,0.013576935976743698,0.05000000074505806,0.1641250103712082,3.921875
4239,1528.366877676919,0.013036352582275867,0.05000000074505806,0.16112500429153442,3.8968749046325684
4240,1528.6723488084972,0.013567495159804821,0.05000000074505806,0.15950000286102295,3.953125
4241,1528.9730562400073,0.013878054916858673,0.05000000074505806,0.16875000298023224,3.924999952316284
4242,1529.4405687376857,0.013499442487955093,0.05000000074505806,0.15987499058246613,3.7875001430511475
4243,1529.7968423729762,0.013359525240957737,0.05000000074505806,0.15349999070167542,3.8218748569488525
4244,1530.1163020581007,0.011504649184644222,0.05000000074505806,0.15625,3.7562499046325684
4245,1530.4698488693684,0.015443403273820877,0.05000000074505806,0.16450001299381256,3.9343748092651367
4246,1530.8357110237703,0.012783324345946312,0.05000000074505806,0.16325001418590546,3.7593750953674316
4247,1531.3795751119033,0.014560781419277191,0.05000000074505806,0.1522499918937683,3.808333158493042
4248,1531.8191767698154,0.013501966372132301,0.05000000074505806,0.15962499380111694,3.8218748569488525
4249,1532.695135941729,0.013912854716181755,0.05000000074505806,0.1599999964237213,3.840625047683716
4250,1533.0662780767307,0.014747805893421173,0.05000000074505806,0.15199999511241913,3.562499761581421
4251,1533.4139036135748,0.015935545787215233,0.05000000074505806,0.1537500023841858,3.7906250953674316
4252,1533.739143836312,0.013320683501660824,0.05000000074505806,0.15050001442432404,3.674999952316284
4253,1534.0827458845451,0.015728779137134552,0.05000000074505806,0.15924999117851257,3.703125238418579
4254,1534.4011028604582,0.012488078325986862,0.05000000074505806,0.163875013589859,3.7937498092651367
4255,1534.7310081375763,0.01382649689912796,0.05000000074505806,0.1511249989271164,3.875
4256,1535.1186947654933,0.0136575847864151,0.05000000074505806,0.15650001168251038,3.7093751430511475
4257,1535.4848606958985,0.012740924954414368,0.05000000074505806,0.16099999845027924,3.8406248092651367
4258,1535.8665351280943,0.01348573062568903,0.05000000074505806,0.15650001168251038,3.703125
4259,1536.2757063647732,0.013521526008844376,0.05000000074505806,0.15974999964237213,3.8541669845581055
4260,1536.580751951784,0.01371583342552185,0.05000000074505806,0.1576249897480011,3.7750000953674316
4261,1536.9041385138407,0.013593957759439945,0.05000000074505806,0.14812499284744263,3.549999952316284
4262,1537.2290170704946,0.013011172413825989,0.05000000074505806,0.1523749977350235,3.546875
4263,1537.7369252927601,0.012914075516164303,0.05000000074505806,0.1523749977350235,3.762500047683716
4264,1538.1155008459464,0.01371593028306961,0.05000000074505806,0.15200001001358032,3.7093749046325684
4265,1538.5705065466464,0.014174164272844791,0.05000000074505806,0.1562499850988388,3.6468751430511475
4266,1538.894284280017,0.012705715373158455,0.05000000074505806,0.16737501323223114,3.9749999046325684
4267,1539.2166866064072,0.016815580427646637,0.05000000074505806,0.15675000846385956,3.796875238418579
4268,1539.5185650447384,0.013795742765069008,0.05000000074505806,0.15200001001358032,3.7874999046325684
4269,1539.8923160918057,0.015212586149573326,0.05000000074505806,0.16687500476837158,3.8000001907348633
4270,1540.2150597544387,0.015118386596441269,0.05000000074505806,0.1547500044107437,3.768749952316284
4271,1540.5683471746743,0.014658471569418907,0.05000000074505806,0.15862499177455902,3.839583158493042
4272,1540.9903386719525,0.015552056953310966,0.05000000074505806,0.15962499380111694,3.8062498569488525
4273,1541.3090931307524,0.014042704366147518,0.05000000074505806,0.15974998474121094,3.875
4274,1541.6754895485938,0.01462036557495594,0.05000000074505806,0.1629999876022339,3.731250286102295
4275,1542.0225885789841,0.013757609762251377,0.05000000074505806,0.14949999749660492,3.784374952316284
4276,1542.3298009997234,0.01395357958972454,0.05000000074505806,0.15974999964237213,3.8249998092651367
4277,1542.7838755678385,0.012027939781546593,0.05000000074505806,0.1626250147819519,3.7718749046325684
4278,1543.1996058756486,0.014894136227667332,0.05000000074505806,0.15737499296665192,3.7906248569488525
4279,1543.5377505980432,0.014969068579375744,0.05000000074505806,0.15437498688697815,3.8187499046325684
4280,1543.8834613189101,0.016304731369018555,0.05000000074505806,0.15037500858306885,3.734375
4281,1544.2082659453154,0.01485980674624443,0.05000000074505806,0.16837501525878906,3.8874998092651367
4282,1544.5363504253328,0.012944863177835941,0.05000000074505806,0.16187499463558197,3.8312501907348633
4283,1544.8718950226903,0.014104903675615788,0.05000000074505806,0.15275000035762787,3.7520835399627686
4284,1545.196142095141,0.015060268342494965,0.05000000074505806,0.15837499499320984,3.768749952316284
4285,1545.5278784492984,0.015102202072739601,0.05000000074505806,0.15674999356269836,3.7781248092651367
4286,1545.8454335480928,0.012534637935459614,0.05000000074505806,0.16437500715255737,3.8218750953674316
4287,1546.1612174604088,0.014919685199856758,0.05000000074505806,0.15049999952316284,3.7624998092651367
4288,1546.5255416426808,0.013961419463157654,0.05000000074505806,0.1601250022649765,3.8374998569488525
4289,1546.8754136348143,0.014913738705217838,0.05000000074505806,0.156374990940094,3.684375047683716
4290,1547.2635664558038,0.013716287910938263,0.05000000074505806,0.15649999678134918,3.762500047683716
4291,1547.6135917790234,0.012673070654273033,0.05000000074505806,0.15125000476837158,3.762500286102295
4292,1549.153786746785,0.013538667932152748,0.05000000074505806,0.1599999964237213,3.7718749046325684
4293,1549.5118170585483,0.013559897430241108,0.05000000074505806,0.1548749953508377,3.7906248569488525
4294,1549.8815461369231,0.014271690510213375,0.05000000074505806,0.15862500667572021,3.7281250953674316
4295,1550.2090696748346,0.014936434105038643,0.05000000074505806,0.1511249989271164,3.6687498092651367
4296,1550.5152578251436,0.01449226588010788,0.05000000074505806,0.15424999594688416,3.7249999046325684
4297,1550.8178523583338,0.01619020663201809,0.05000000074505806,0.16587501764297485,3.9187498092651367
4298,1551.1660627033561,0.014748279936611652,0.05000000074505806,0.15962499380111694,3.7718751430511475
4299,1551.4973138198256,0.014941183850169182,0.05000000074505806,0.15312500298023224,3.778125286102295
4300,1551.8010247489437,0.015561453998088837,0.05000000074505806,0.15262500941753387,3.715625047683716
4301,1552.132955824025,0.012437161058187485,0.05000000074505806,0.16449998319149017,3.8218750953674316
4302,1552.5240555144846,0.015272693708539009,0.05000000074505806,0.1525000035762787,3.609375
4303,1552.8729007421061,0.015904156491160393,0.05000000074505806,0.15800000727176666,3.8500001430511475
4304,1553.2279580440372,0.013650530017912388,0.05000000074505806,0.15174999833106995,3.746875047683716
4305,1553.5761529998854,0.015478435903787613,0.05000000074505806,0.1628749966621399,3.7718749046325684
4306,1553.9227247927338,0.012883411720395088,0.05000000074505806,0.16500000655651093,3.9187498092651367
4307,1554.2336394237354,0.012897961772978306,0.05000000074505806,0.15525001287460327,3.8374998569488525
4308,1555.5591774694622,0.01340162381529808,0.05000000074505806,0.1601250022649765,3.78125
4309,1555.9130235379562,0.015093974769115448,0.05000000074505806,0.15937499701976776,3.762500047683716
4310,1556.220902139321,0.01371658593416214,0.05000000074505806,0.16099999845027924,3.871875286102295
4311,1556.5574119556695,0.014267800375819206,0.05000000074505806,0.1496250033378601,3.71875
4312,1556.9213115330786,0.015380003489553928,0.05000000074505806,0.1588750034570694,3.9281249046325684
4313,1557.2687516994774,0.0116413664072752,0.05000000074505806,0.1574999988079071,3.6812500953674316
4314,1557.647887182422,0.011654715053737164,0.05000000074505806,0.1628749966621399,3.7406249046325684
4315,1558.1116661494598,0.01512125413864851,0.05000000074505806,0.1497500091791153,3.825000047683716
4316,1558.4634507941082,0.013596085831522942,0.05000000074505806,0.15399998426437378,3.6218748092651367
4317,1558.9494365565479,0.01559126004576683,0.05000000074505806,0.16312499344348907,3.8562498092651367
4318,1559.3086555507034,0.014724001288414001,0.05000000074505806,0.15662501752376556,3.703125238418579
4319,1559.637724103406,0.01230157446116209,0.05000000074505806,0.16062499582767487,3.897916555404663
4320,1559.9726811591536,0.013020934537053108,0.05000000074505806,0.1653749793767929,3.924999952316284
4321,1560.3141017546877,0.014553374610841274,0.05000000074505806,0.15712499618530273,3.765624761581421
4322,1560.6318692546338,0.01346607692539692,0.05000000074505806,0.15837500989437103,3.706249952316284
4323,1560.9640188831836,0.01227565947920084,0.05000000074505806,0.14949999749660492,3.746875047683716
4324,1561.3031101776287,0.014638430438935757,0.05000000074505806,0.1535000205039978,3.753124952316284
4325,1561.6295197950676,0.014244240708649158,0.05000000074505806,0.163875013589859,3.8687500953674316
4326,1561.9606800992042,0.012285271659493446,0.05000000074505806,0.16099999845027924,3.6625001430511475
4327,1562.2849584110081,0.014873282052576542,0.05000000074505806,0.15187500417232513,3.8343749046325684
4328,1562.6062107691541,0.013752018101513386,0.05000000074505806,0.1588750034570694,3.8187501430511475
4329,1562.9336841413751,0.014378529973328114,0.05000000074505806,0.15674999356269836,3.7437500953674316
4330,1563.259285488166,0.014999340288341045,0.05000000074505806,0.1588750034570694,3.750000238418579
4331,1563.5785850798711,0.014349233359098434,0.05000000074505806,0.14887499809265137,3.683333158493042
4332,1563.909092948772,0.012729668989777565,0.05000000074505806,0.15387499332427979,3.6875
4333,1564.256846157834,0.013576560653746128,0.05000000074505806,0.15837499499320984,3.784374952316284
4334,1564.5731024853885,0.013875642791390419,0.05000000074505806,0.16500000655651093,3.890625
4335,1564.9028720259666,0.01434047520160675,0.05000000074505806,0.1537500023841858,3.75
4336,1565.2458701897413,0.017146673053503036,0.05000000074505806,0.16087499260902405,3.887500286102295
4337,1565.550499827601,0.014599252492189407,0.05000000074505806,0.1574999988079071,3.7624998092651367
4338,1565.8561307536438,0.013019014149904251,0.05000000074505806,0.15787500143051147,3.768749952316284
4339,1566.3428797228262,0.01398223452270031,0.05000000074505806,0.15799999237060547,3.8687498569488525
4340,1566.7023508548737,0.013437621295452118,0.05000000074505806,0.1497499942779541,3.737499952316284
4341,1567.00196294114,0.012906026095151901,0.05000000074505806,0.1652500033378601,3.6812496185302734
4342,1567.3346219733357,0.01235971599817276,0.05000000074505806,0.15737499296665192,3.734375
4343,1567.654727560468,0.013836958445608616,0.05000000074505806,0.15524999797344208,3.8458328247070312
4344,1567.9870429830626,0.014167853631079197,0.05000000074505806,0.15524998307228088,3.7406249046325684
4345,1568.3119462579489,0.01438354142010212,0.05000000074505806,0.16612499952316284,3.9749999046325684
4346,1568.6933473516256,0.013955402188003063,0.05000000074505806,0.1651250123977661,3.75
4347,1569.0471363216639,0.014589939266443253,0.05000000074505806,0.14612500369548798,3.762500047683716
4348,1569.7138377465308,0.011842121370136738,0.05000000074505806,0.1577499955892563,3.753124713897705
4349,1570.027809659019,0.01446695439517498,0.05000000074505806,0.1587499976158142,3.7687501907348633
4350,1570.669227029197,0.012759068049490452,0.05000000074505806,0.1666250079870224,3.8031249046325684
4351,1570.9991495693102,0.014149460941553116,0.05000000074505806,0.15200001001358032,3.9312500953674316
4352,1571.3074809983373,0.0127191711217165,0.05000000074505806,0.16112500429153442,3.7593750953674316
4353,1571.6387962056324,0.013650297187268734,0.05000000074505806,0.1641250103712082,3.9124999046325684
4354,1571.9432313172147,0.01364844013005495,0.05000000074505806,0.164249986410141,3.887500047683716
4355,1572.3400678727776,0.014373593032360077,0.05000000074505806,0.14925001561641693,3.745833158493042
4356,1572.7150565031916,0.015947721898555756,0.05000000074505806,0.15712501108646393,3.793750047683716
4357,1573.034277386032,0.015040396712720394,0.05000000074505806,0.1652500033378601,3.9593751430511475
4358,1573.344988681376,0.013548973016440868,0.05000000074505806,0.15787500143051147,3.6843748092651367
4359,1573.6589716849849,0.013869686052203178,0.05000000074505806,0.14512500166893005,3.5843749046325684
4360,1573.9748486150056,0.013971883803606033,0.05000000074505806,0.1522499918937683,3.6999998092651367
4361,1574.3427533274516,0.01488185953348875,0.05000000074505806,0.16249999403953552,3.8218748569488525
4362,1574.6768729267642,0.013591913506388664,0.05000000074505806,0.1496250033378601,3.5593745708465576
4363,1574.9924483448267,0.012354327365756035,0.05000000074505806,0.15449999272823334,3.7437500953674316
4364,1575.338083492592,0.014862654730677605,0.05000000074505806,0.16562500596046448,3.9749999046325684
4365,1575.666396535933,0.013784232549369335,0.05000000074505806,0.1629999876022339,3.8343749046325684
4366,1575.9993378128856,0.014728548005223274,0.05000000074505806,0.16074998676776886,3.8249998092651367
4367,1576.3186508901417,0.014459271915256977,0.05000000074505806,0.15449999272823334,3.8145830631256104
4368,1576.6495646573603,0.013765264302492142,0.05000000074505806,0.15474998950958252,3.7156248092651367
4369,1576.9604612449184,0.014198064804077148,0.05000000074505806,0.1614999920129776,3.8343751430511475
4370,1577.2637553736567,0.01419694535434246,0.05000000074505806,0.1525000035762787,3.637500047683716
4371,1577.9693704368547,0.015101542696356773,0.05000000074505806,0.15150000154972076,3.6281251907348633
4372,1578.3906178046018,0.014994220808148384,0.05000000074505806,0.15212498605251312,3.65625
4373,1579.1644461238757,0.013462582603096962,0.05000000074505806,0.15662500262260437,3.831249952316284
4374,1579.5020566536114,0.012779077515006065,0.05000000074505806,0.1573750078678131,3.531250238418579
4375,1579.8956406004727,0.012775978073477745,0.05000000074505806,0.15074999630451202,3.828124761581421
4376,1580.2534467689693,0.013073686510324478,0.05000000074505806,0.1522500067949295,3.6906251907348633
4377,1580.60032641422,0.012638113461434841,0.05000000074505806,0.1641250103712082,3.8000001907348633
4378,1580.9302983973175,0.014983072876930237,0.05000000074505806,0.16187499463558197,3.878124713897705
4379,1581.2591620525345,0.012932267040014267,0.05000000074505806,0.15275000035762787,3.781250238418579
4380,1581.604205369018,0.01492471992969513,0.05000000074505806,0.14662499725818634,3.531249761581421
4381,1581.910099904053,0.013415433466434479,0.05000000074505806,0.1652500182390213,3.84375
4382,1582.232523901388,0.014288798905909061,0.05000000074505806,0.16075000166893005,3.9124996662139893
4383,1582.7039685063064,0.014024227857589722,0.05000000074505806,0.1523750126361847,3.7312498092651367
4384,1583.0098669389263,0.015755338594317436,0.05000000074505806,0.15837499499320984,3.8062498569488525
4385,1583.3638590229675,0.01256130263209343,0.05000000074505806,0.16337499022483826,3.856250047683716
4386,1583.7858165455982,0.014621268026530743,0.05000000074505806,0.15512500703334808,3.7624998092651367
4387,1584.0913683110848,0.014869819395244122,0.05000000074505806,0.15662500262260437,3.718749761581421
4388,1584.4229837171733,0.014466708526015282,0.05000000074505806,0.15787500143051147,3.9468750953674316
4389,1584.7534349486232,0.01373218186199665,0.05000000074505806,0.15462499856948853,3.6843748092651367
4390,1585.0880804834887,0.01460188813507557,0.05000000074505806,0.16875000298023224,3.8031249046325684
4391,1585.4450691230595,0.01443088985979557,0.05000000074505806,0.15625,3.8687498569488525
4392,1585.8017732547596,0.01357649452984333,0.05000000074505806,0.16249999403953552,3.9031248092651367
4393,1586.1356672057882,0.01372393500059843,0.05000000074505806,0.15912500023841858,3.809375047683716
4394,1586.4416004130617,0.012282809242606163,0.05000000074505806,0.15924999117851257,3.7624998092651367
4395,1586.890288129449,0.01455893274396658,0.05000000074505806,0.15212500095367432,3.7718749046325684
4396,1587.3095183968544,0.013678226619958878,0.05000000074505806,0.16312499344348907,3.843749761581421
4397,1587.6276776287705,0.01563880406320095,0.05000000074505806,0.1496250033378601,3.606250047683716
4398,1587.9356829198077,0.012449720874428749,0.05000000074505806,0.16237498819828033,3.7718749046325684
4399,1588.2853472083807,0.013964706100523472,0.05000000074505806,0.1588750034570694,3.859375
4400,1588.6131931869313,0.014197497628629208,0.05000000074505806,0.15400001406669617,3.7312498092651367
4401,1588.9374430058524,0.01333649456501007,0.05000000074505806,0.1550000011920929,3.784374952316284
4402,1589.8216090481728,0.01408635824918747,0.05000000074505806,0.15837500989437103,3.7906248569488525
4403,1590.3012772556394,0.013449758291244507,0.05000000074505806,0.15462499856948853,3.727083206176758
4404,1590.638069326058,0.01361801102757454,0.05000000074505806,0.1535000056028366,3.703125238418579
4405,1591.0830829385668,0.014150959439575672,0.05000000074505806,0.171750009059906,4.053124904632568
4406,1591.4270565025508,0.015166433528065681,0.05000000074505806,0.15587499737739563,3.840625047683716
4407,1591.7581674112007,0.012937864288687706,0.05000000074505806,0.1628749817609787,3.8156251907348633
4408,1592.0789935057983,0.013143235817551613,0.05000000074505806,0.15287500619888306,3.765625
4409,1592.3984784418717,0.015559964813292027,0.05000000074505806,0.16962501406669617,3.9718751907348633
4410,1592.717126431875,0.013408827595412731,0.05000000074505806,0.1614999920129776,3.8656249046325684
4411,1593.0678736381233,0.014407647773623466,0.05000000074505806,0.1508750021457672,3.731250286102295
4412,1593.3724204646423,0.014701349660754204,0.05000000074505806,0.15787500143051147,3.7562499046325684
4413,1593.6918908236548,0.014727222733199596,0.05000000074505806,0.16099999845027924,3.825000047683716
4414,1594.015758831054,0.01385816652327776,0.05000000074505806,0.1641250103712082,3.8156251907348633
4415,1594.3414730364457,0.011791186407208443,0.05000000074505806,0.1471250057220459,3.7208337783813477
4416,1594.6715216627344,0.012006156146526337,0.05000000074505806,0.16337499022483826,3.887500047683716
4417,1595.2396223489195,0.014076154679059982,0.05000000074505806,0.15649999678134918,3.7249999046325684
4418,1595.636769658886,0.014263654127717018,0.05000000074505806,0.15537501871585846,3.7281248569488525
4419,1595.9636979736388,0.01295556128025055,0.05000000074505806,0.15137501060962677,3.690624952316284
4420,1596.2875689566135,0.014770113863050938,0.05000000074505806,0.156125009059906,3.796875238418579
4421,1596.6046686638147,0.013762579299509525,0.05000000074505806,0.15850000083446503,3.7406249046325684
4422,1596.9120349138975,0.015227112919092178,0.05000000074505806,0.15950000286102295,3.7124998569488525
4423,1597.2569118980318,0.014048120938241482,0.05000000074505806,0.15437498688697815,3.8343749046325684
4424,1597.5590900899842,0.015216177329421043,0.05000000074505806,0.1679999977350235,3.84375
4425,1597.86936702393,0.014289542101323605,0.05000000074505806,0.15687499940395355,4.003124713897705
4426,1598.1709389863536,0.015880756080150604,0.05000000074505806,0.16899999976158142,3.7562499046325684
4427,1598.477639093995,0.014470814727246761,0.05000000074505806,0.15075001120567322,3.8500001430511475
4428,1598.7944655828178,0.014620432630181313,0.05000000074505806,0.1522500067949295,3.6875
4429,1599.1958958460018,0.014274018816649914,0.05000000074505806,0.1612500250339508,3.831249952316284
4430,1599.6303451769054,0.014232076704502106,0.05000000074505806,0.15775001049041748,3.7749996185302734
4431,1600.0009798044339,0.013879843056201935,0.05000000074505806,0.16462498903274536,3.9281251430511475
4432,1600.341958174482,0.014277078211307526,0.05000000074505806,0.15199999511241913,3.734375
4433,1600.6628518290818,0.014140196144580841,0.05000000074505806,0.15987500548362732,3.768749713897705
4434,1600.9861301304772,0.015180708840489388,0.05000000074505806,0.15725000202655792,3.8468751907348633
4435,1601.307493392378,0.015632571652531624,0.05000000074505806,0.1498749852180481,3.6312501430511475
4436,1601.646668927744,0.0140953054651618,0.05000000074505806,0.15549999475479126,3.668750047683716
4437,1601.977868353948,0.015050373040139675,0.05000000074505806,0.15625,3.778125047683716
4438,1602.3344822227955,0.015576242469251156,0.05000000074505806,0.15862500667572021,3.7312498092651367
4439,1602.6447066469118,0.01405224297195673,0.05000000074505806,0.15825000405311584,3.804166555404663
4440,1602.949674282223,0.01248975656926632,0.05000000074505806,0.15262499451637268,3.700000047683716
4441,1603.294446868822,0.013355947099626064,0.05000000074505806,0.15787500143051147,3.706249952316284
4442,1603.611483456567,0.013178612105548382,0.05000000074505806,0.1599999964237213,3.8093748092651367
4443,1603.925877478905,0.013989623636007309,0.05000000074505806,0.1496250182390213,3.6218748092651367
4444,1604.2327047167346,0.015330981463193893,0.05000000074505806,0.16737499833106995,3.9781250953674316
4445,1604.5408056881279,0.013750671409070492,0.05000000074505806,0.16500000655651093,4.03125
4446,1604.8473916789517,0.011990273371338844,0.05000000074505806,0.1651250123977661,3.9156248569488525
4447,1605.1537290895358,0.012950127013027668,0.05000000074505806,0.15725000202655792,3.734375
4448,1605.4561100043356,0.014304609969258308,0.05000000074505806,0.15900000929832458,3.9156248569488525
4449,1605.7618725560606,0.01423928327858448,0.05000000074505806,0.16212499141693115,3.796874761581421
4450,1606.0659344960004,0.01303674653172493,0.05000000074505806,0.1573750078678131,3.7593750953674316
4451,1606.3736060131341,0.012799683958292007,0.05000000074505806,0.15212498605251312,3.7791669368743896
4452,1606.6790890758857,0.014154408127069473,0.05000000074505806,0.15700000524520874,3.737499952316284
4453,1606.9839071175084,0.012593623250722885,0.05000000074505806,0.15150000154972076,3.5999999046325684
4454,1607.2928554937243,0.012819276191294193,0.05000000074505806,0.1641250103712082,3.9281249046325684
4455,1607.9008423238993,0.014810637570917606,0.05000000074505806,0.15949998795986176,3.875
4456,1608.2497237548232,0.014120148494839668,0.05000000074505806,0.16612501442432404,3.9906249046325684
4457,1608.553517466411,0.013275856152176857,0.05000000074505806,0.15625,3.703125
4458,1608.858726048842,0.014690262265503407,0.05000000074505806,0.1615000218153,3.8031249046325684
4459,1609.1637756694108,0.014711681753396988,0.05000000074505806,0.15437500178813934,3.8968749046325684
4460,1609.4686028296128,0.014149276539683342,0.05000000074505806,0.16212502121925354,3.8343749046325684
4461,1609.7744947243482,0.014248773455619812,0.05000000074505806,0.16599997878074646,3.9499995708465576
4462,1610.0889172004536,0.01381381694227457,0.05000000074505806,0.15337499976158142,3.778125047683716
4463,1610.415585303679,0.014814745634794235,0.05000000074505806,0.1523749977350235,3.6729164123535156
4464,1610.7298090020195,0.013851532712578773,0.05000000074505806,0.15775001049041748,3.7624998092651367
4465,1611.0791330616921,0.013395670801401138,0.05000000074505806,0.1628749966621399,3.84375
4466,1611.4608545415103,0.013106456026434898,0.05000000074505806,0.16374999284744263,3.862499713897705
4467,1611.7920181388035,0.014814257621765137,0.05000000074505806,0.15162499248981476,3.8218748569488525
4468,1612.1632709586993,0.012158982455730438,0.05000000074505806,0.15537500381469727,3.7749996185302734
4469,1612.4626227356493,0.013941394165158272,0.05000000074505806,0.16750000417232513,3.862499713897705
4470,1612.7616007449105,0.014668251387774944,0.05000000074505806,0.1692500114440918,4.0
4471,1613.0620653899387,0.013772697187960148,0.05000000074505806,0.1537500023841858,3.8218753337860107
4472,1613.3634459003806,0.014060880057513714,0.05000000074505806,0.15937499701976776,3.871875047683716
4473,1613.6649549650028,0.013376184739172459,0.05000000074505806,0.15437501668930054,3.8062496185302734
4474,1613.9691104413942,0.01508260052651167,0.05000000074505806,0.16687501966953278,3.734374761581421
4475,1614.2785813584924,0.013048572465777397,0.05000000074505806,0.14912500977516174,3.7520835399627686
4476,1614.6364874234423,0.014490295201539993,0.05000000074505806,0.15925000607967377,3.8374996185302734
4477,1614.9383633229882,0.014196041971445084,0.05000000074505806,0.15600000321865082,3.7156248092651367
4478,1615.2541316580027,0.013137743808329105,0.05000000074505806,0.16187499463558197,3.793750286102295
4479,1615.5713387886062,0.013850516639649868,0.05000000074505806,0.15549999475479126,3.7750000953674316
4480,1615.921826492995,0.013161142356693745,0.05000000074505806,0.14912500977516174,3.734375
4481,1616.222922924906,0.014223608188331127,0.05000000074505806,0.16075000166893005,3.706249952316284
4482,1616.6244944343343,0.014559531584382057,0.05000000074505806,0.16325001418590546,3.8718748092651367
4483,1617.0167897138745,0.014785903505980968,0.05000000074505806,0.15537498891353607,3.825000047683716
4484,1617.3454015189782,0.013677497394382954,0.05000000074505806,0.15387499332427979,3.715625047683716
4485,1617.6760473260656,0.015417392365634441,0.05000000074505806,0.16124999523162842,3.8062500953674316
4486,1618.051494680345,0.014474865049123764,0.05000000074505806,0.15187500417232513,3.6281251907348633
4487,1618.3732978971675,0.014669490978121758,0.05000000074505806,0.15724998712539673,3.816666841506958
4488,1618.6882758755237,0.011724382638931274,0.05000000074505806,0.1614999920129776,3.862499713897705
4489,1618.9920042529702,0.014875983819365501,0.05000000074505806,0.16612499952316284,3.965625047683716
4490,1619.327482865192,0.014850995503365993,0.05000000074505806,0.1550000011920929,3.7406249046325684
4491,1619.6956795444712,0.01568935438990593,0.05000000074505806,0.1562499850988388,3.784374713897705
4492,1620.0536947073415,0.014898830093443394,0.05000000074505806,0.15399999916553497,3.7312495708465576
4493,1620.375619104132,0.013453654013574123,0.05000000074505806,0.15862500667572021,3.7750000953674316
4494,1620.701191530563,0.012943116016685963,0.05000000074505806,0.16612499952316284,3.8000001907348633
4495,1621.060150520876,0.013728925958275795,0.05000000074505806,0.15000000596046448,3.8375000953674316
4496,1621.3967675194144,0.013710231520235538,0.05000000074505806,0.1525000035762787,3.7781248092651367
4497,1621.753579412587,0.012711523100733757,0.05000000074505806,0.16112500429153442,3.625000238418579
4498,1622.0848197769374,0.012108448892831802,0.05000000074505806,0.16437500715255737,3.8125
4499,1622.3894418664277,0.014456015080213547,0.05000000074505806,0.1601250022649765,3.9541666507720947
4500,1622.7024346347898,0.013488302007317543,0.05000000074505806,0.15937499701976776,3.8406248092651367
4501,1623.0214248141274,0.013429919257760048,0.05000000074505806,0.15787500143051147,3.7375001907348633
4502,1623.3308419669047,0.01421795692294836,0.05000000074505806,0.16312502324581146,3.90625
4503,1623.685729837045,0.013685177080333233,0.05000000074505806,0.1573750078678131,3.8218750953674316
4504,1624.0056535024196,0.015205825679004192,0.05000000074505806,0.16350001096725464,3.8999998569488525
4505,1624.3260061414912,0.01280090119689703,0.05000000074505806,0.15974999964237213,3.762500047683716
4506,1624.6472442587838,0.011824206449091434,0.05000000074505806,0.16337502002716064,3.887500047683716
4507,1624.98432698939,0.013248245231807232,0.05000000074505806,0.1548749953508377,3.828125
4508,1625.3167390124872,0.014500857330858707,0.05000000074505806,0.16174998879432678,3.987499952316284
4509,1625.6213497314602,0.015382172539830208,0.05000000074505806,0.16174998879432678,3.7718749046325684
4510,1625.9512696638703,0.013064910657703876,0.05000000074505806,0.16099999845027924,3.75
4511,1626.2572575015947,0.014304986223578453,0.05000000074505806,0.14800000190734863,3.733332872390747
4512,1626.6144024459645,0.015228686854243279,0.05000000074505806,0.15525001287460327,3.6937499046325684
4513,1626.9405832057819,0.015963751822710037,0.05000000074505806,0.1639999896287918,3.9000000953674316
4514,1627.292499896139,0.014376653358340263,0.05000000074505806,0.15312500298023224,3.6374998092651367
4515,1627.6246034251526,0.012773444876074791,0.05000000074505806,0.15712499618530273,3.8687498569488525
4516,1628.0807623500004,0.012481126002967358,0.05000000074505806,0.16212499141693115,3.859375
4517,1628.4550057435408,0.012966914102435112,0.05000000074505806,0.16350001096725464,3.8218748569488525
4518,1628.818841200322,0.013170510530471802,0.05000000074505806,0.15950000286102295,3.90625
4519,1629.216397416778,0.014233262278139591,0.05000000074505806,0.15275000035762787,3.734375238418579
4520,1629.5348753537983,0.014262398704886436,0.05000000074505806,0.1522500067949295,3.7593750953674316
4521,1629.8570934655145,0.011779177002608776,0.05000000074505806,0.16325001418590546,3.71875
4522,1630.1792062195018,0.013184115290641785,0.05000000074505806,0.15725000202655792,3.799999952316284
4523,1631.192269148305,0.014472869224846363,0.05000000074505806,0.15412499010562897,3.7708332538604736
4524,1631.560479896143,0.013592788018286228,0.05000000074505806,0.15712499618530273,3.7406251430511475
4525,1632.1683773268014,0.013658406212925911,0.05000000074505806,0.16075000166893005,3.84375
4526,1632.502207186073,0.01400415226817131,0.05000000074505806,0.1574999988079071,3.765625
4527,1632.8232151353732,0.015244094654917717,0.05000000074505806,0.15787500143051147,3.8500001430511475
4528,1633.1695010298863,0.01287789735943079,0.05000000074505806,0.15649999678134918,3.7312498092651367
4529,1633.4762599281967,0.014351830817759037,0.05000000074505806,0.1601250022649765,3.737499952316284
4530,1633.780217770487,0.013246137648820877,0.05000000074505806,0.1641249805688858,3.9250001907348633
4531,1634.0895944889635,0.015025514177978039,0.05000000074505806,0.1457500010728836,3.8031249046325684
4532,1634.3950277967378,0.013997502624988556,0.05000000074505806,0.16249999403953552,3.7125000953674316
4533,1634.7003892175853,0.013565321452915668,0.05000000074505806,0.16062499582767487,3.831249952316284
4534,1635.0061698937789,0.014762984588742256,0.05000000074505806,0.1629999876022339,3.8656249046325684
4535,1635.3870290694758,0.014198040589690208,0.05000000074505806,0.14537499845027924,3.6499998569488525
4536,1635.6956068333238,0.0168897844851017,0.05000000074505806,0.15125000476837158,3.5843749046325684
4537,1636.0168224778026,0.01261966209858656,0.05000000074505806,0.15850000083446503,3.737499952316284
4538,1636.3891624845564,0.012761073186993599,0.05000000074505806,0.16562500596046448,3.924999952316284
4539,1636.7107897801325,0.014031817205250263,0.05000000074505806,0.15012501180171967,3.7468748092651367
4540,1637.021449376829,0.01374900620430708,0.05000000074505806,0.1588750034570694,3.8656251430511475
4541,1637.3717480823398,0.015044278465211391,0.05000000074505806,0.16775000095367432,3.9468748569488525
4542,1637.7002601977438,0.013236278668045998,0.05000000074505806,0.16049998998641968,3.8156251907348633
4543,1638.0569228883833,0.013982489705085754,0.05000000074505806,0.15012498199939728,3.7281250953674316
4544,1638.369362638332,0.012697434984147549,0.05000000074505806,0.1547500044107437,3.7249999046325684
4545,1638.6777429291978,0.014518089592456818,0.05000000074505806,0.15399998426437378,3.7218751907348633
4546,1639.147322125733,0.01228029653429985,0.05000000074505806,0.15700000524520874,3.6937501430511475
4547,1639.4808866716921,0.012417902238667011,0.05000000074505806,0.1587499976158142,3.7937498092651367
4548,1639.8046244140714,0.013793750666081905,0.05000000074505806,0.15549999475479126,3.734375
4549,1640.1330988463014,0.015299445949494839,0.05000000074505806,0.15675000846385956,3.765625
4550,1640.6873207921162,0.01537037082016468,0.05000000074505806,0.16224999725818634,3.737499952316284
4551,1641.035986754112,0.013779728673398495,0.05000000074505806,0.16237498819828033,4.003125190734863
4552,1641.4237201707438,0.014382859691977501,0.05000000074505806,0.16049998998641968,3.9125001430511475
4553,1641.7784166187048,0.013462389819324017,0.05000000074505806,0.16049998998641968,3.8031249046325684
4554,1642.0854195486754,0.012942349538207054,0.05000000074505806,0.16062499582767487,3.7874999046325684
4555,1642.3912857556716,0.013226505368947983,0.05000000074505806,0.1525000035762787,3.7593748569488525
4556,1642.7407559314743,0.014101442880928516,0.05000000074505806,0.15037500858306885,3.6843748092651367
4557,1643.0681206341833,0.014500683173537254,0.05000000074505806,0.15950000286102295,3.7624998092651367
4558,1643.4335341518745,0.013579178601503372,0.05000000074505806,0.15712499618530273,3.674999952316284
4559,1643.8572876006365,0.014908583834767342,0.05000000074505806,0.1612500250339508,3.9041669368743896
4560,1644.26986528188,0.014916256070137024,0.05000000074505806,0.16062499582767487,3.812499761581421
4561,1644.7027327343822,0.012972604483366013,0.05000000074505806,0.15037500858306885,3.6531248092651367
4562,1645.0293472958729,0.013569723814725876,0.05000000074505806,0.15562500059604645,3.690624713897705
4563,1645.3424730161205,0.013290484435856342,0.05000000074505806,0.16062502562999725,3.862499952316284
4564,1645.6777488030493,0.01464505959302187,0.05000000074505806,0.1602500081062317,3.9124996662139893
4565,1646.010398316197,0.012579403817653656,0.05000000074505806,0.16825000941753387,3.893749713897705
4566,1646.3285312205553,0.012661642394959927,0.05000000074505806,0.1588750034570694,3.809375047683716
4567,1646.6453150901943,0.014519398100674152,0.05000000074505806,0.16075000166893005,3.90625
4568,1646.9895871486515,0.014951996505260468,0.05000000074505806,0.15387500822544098,3.8500001430511475
4569,1647.307455160655,0.015538705512881279,0.05000000074505806,0.15974999964237213,3.684375047683716
4570,1647.657429982908,0.0145466523244977,0.05000000074505806,0.15925000607967377,3.8343749046325684
4571,1647.9774204967543,0.01634901948273182,0.05000000074505806,0.15200001001358032,3.731250047683716
4572,1648.2990226224065,0.013679230585694313,0.05000000074505806,0.1576250046491623,3.809375047683716
4573,1648.9179399376735,0.013647858053445816,0.05000000074505806,0.1589999943971634,3.7249999046325684
4574,1649.273527561687,0.01396490540355444,0.05000000074505806,0.16062499582767487,3.840625047683716
4575,1649.619422154501,0.012316899374127388,0.05000000074505806,0.1536249965429306,3.7562503814697266
4576,1650.0067938473076,0.013104310259222984,0.05000000074505806,0.1599999964237213,3.828125
4577,1650.3544063949957,0.013106301426887512,0.05000000074505806,0.15587499737739563,3.7781248092651367
4578,1650.7174282716587,0.014788967557251453,0.05000000074505806,0.15712501108646393,3.7312498092651367
4579,1651.0576495174319,0.014177395962178707,0.05000000074505806,0.1652500033378601,3.846874713897705
4580,1651.3787523480132,0.013968872837722301,0.05000000074505806,0.15187500417232513,3.71875
4581,1651.689658782445,0.01401059702038765,0.05000000074505806,0.16350001096725464,4.009375095367432
4582,1652.006024139002,0.012624716386198997,0.05000000074505806,0.1562500149011612,3.6968746185302734
4583,1652.4441360579804,0.013625062070786953,0.05000000074505806,0.15850001573562622,3.827082872390747
4584,1653.1649606050923,0.014118701219558716,0.05000000074505806,0.15524998307228088,3.7562499046325684
4585,1653.5132762901485,0.013590788468718529,0.05000000074505806,0.16900001466274261,3.956249952316284
4586,1653.8606048356742,0.014052375219762325,0.05000000074505806,0.1639999896287918,3.9406251907348633
4587,1654.2284989478067,0.015836281701922417,0.05000000074505806,0.15074999630451202,3.6968750953674316
4588,1654.5558011485264,0.014803530648350716,0.05000000074505806,0.15625,3.7249999046325684
4589,1654.8592741219327,0.01402032095938921,0.05000000074505806,0.1678750067949295,3.934375047683716
4590,1655.191812319681,0.012769198976457119,0.05000000074505806,0.15837500989437103,3.7406251430511475
4591,1655.499242988415,0.016535114496946335,0.05000000074505806,0.15137499570846558,3.7749998569488525
4592,1655.8338423483074,0.012862050905823708,0.05000000074505806,0.15925000607967377,3.871875047683716
4593,1656.1519400877878,0.01431775651872158,0.05000000074505806,0.16562500596046448,3.9750001430511475
4594,1656.474715296179,0.013145764358341694,0.05000000074505806,0.16200000047683716,3.7093749046325684
4595,1656.796932267025,0.01411027368158102,0.05000000074505806,0.16325001418590546,3.995833158493042
4596,1657.1183916013688,0.013350071385502815,0.05000000074505806,0.16174998879432678,3.887500047683716
4597,1657.445949328132,0.013977221213281155,0.05000000074505806,0.15862499177455902,3.7249999046325684
4598,1657.7645667605102,0.0136032085865736,0.05000000074505806,0.16087499260902405,3.859375
4599,1658.0929862475023,0.014513758942484856,0.05000000074505806,0.15787500143051147,3.875
4600,1658.4048918318003,0.015071502886712551,0.05000000074505806,0.1616249978542328,3.924999952316284
4601,1658.7363575268537,0.015088394284248352,0.05000000074505806,0.16687500476837158,3.8562498092651367
4602,1659.0918687088415,0.012166074477136135,0.05000000074505806,0.15687499940395355,3.765624761581421
4603,1659.4728622576222,0.015337731689214706,0.05000000074505806,0.15675000846385956,3.7749998569488525
4604,1659.8006559899077,0.014597490429878235,0.05000000074505806,0.1561249941587448,3.9375
4605,1660.1551024643704,0.013510740362107754,0.05000000074505806,0.1588750034570694,3.687499761581421
4606,1660.4689690619707,0.015147737227380276,0.05000000074505806,0.16124999523162842,3.8718748092651367
4607,1660.8543838839978,0.013717261143028736,0.05000000074505806,0.1588750183582306,3.8291664123535156
4608,1661.2485722107813,0.01416820753365755,0.05000000074505806,0.1575000137090683,3.7593746185302734
4609,1661.6109792720526,0.013904934749007225,0.05000000074505806,0.1599999964237213,3.796875
4610,1661.9725630944595,0.013572934083640575,0.05000000074505806,0.16050000488758087,3.768749952316284
4611,1662.3274909416214,0.013182966969907284,0.05000000074505806,0.1550000011920929,3.9156248569488525
4612,1662.6613523038104,0.01342003047466278,0.05000000074505806,0.1508750021457672,3.7218751907348633
4613,1663.0187080195174,0.013212502002716064,0.05000000074505806,0.16449998319149017,3.7562499046325684
4614,1663.4379543997347,0.014210045337677002,0.05000000074505806,0.15974999964237213,3.7249999046325684
4615,1663.850938823074,0.01587194949388504,0.05000000074505806,0.15412499010562897,3.909374713897705
4616,1664.1826619347557,0.015057140029966831,0.05000000074505806,0.15912500023841858,3.71875
4617,1664.4975601453334,0.01445898786187172,0.05000000074505806,0.16975000500679016,3.9781250953674316
4618,1664.7971680294722,0.014830917119979858,0.05000000074505806,0.15600000321865082,3.762500047683716
4619,1665.2641430478543,0.013270853087306023,0.05000000074505806,0.1523749977350235,3.7833335399627686
4620,1665.6048013316467,0.014511832036077976,0.05000000074505806,0.16050000488758087,3.859374761581421
4621,1665.9186754729599,0.014316359534859657,0.05000000074505806,0.1589999943971634,3.799999952316284
4622,1666.2284479970112,0.013827807269990444,0.05000000074505806,0.16475000977516174,3.96875
4623,1666.6055503971875,0.013526245951652527,0.05000000074505806,0.15437500178813934,3.6374998092651367
4624,1666.9091050960124,0.011760354973375797,0.05000000074505806,0.15387500822544098,3.799999713897705
4625,1667.2730396799743,0.013560985215008259,0.05000000074505806,0.16712500154972076,3.8625001907348633
4626,1667.5937569709495,0.015762411057949066,0.05000000074505806,0.1629999876022339,3.875000238418579
4627,1667.898309278302,0.01530231162905693,0.05000000074505806,0.15650001168251038,3.887500047683716
4628,1668.201464049518,0.012968508526682854,0.05000000074505806,0.15700000524520874,3.7562501430511475
4629,1668.5154981249943,0.014020618982613087,0.05000000074505806,0.1536250114440918,3.684375047683716
4630,1668.8360594697297,0.014056338928639889,0.05000000074505806,0.1602499932050705,3.8968749046325684
4631,1669.9258789625019,0.013625248335301876,0.05000000074505806,0.15525001287460327,3.7354166507720947
4632,1670.3554943893105,0.015575987286865711,0.05000000074505806,0.15387499332427979,3.7437496185302734
4633,1670.7004277296364,0.014016168192029,0.05000000074505806,0.16600000858306885,3.9312500953674316
4634,1671.0251402268186,0.013680997304618359,0.05000000074505806,0.16949999332427979,3.987499713897705
4635,1671.3603607425466,0.013614575378596783,0.05000000074505806,0.14937500655651093,3.878124952316284
4636,1671.711245703511,0.013445879332721233,0.05000000074505806,0.16187502443790436,3.6843748092651367
4637,1672.0279111815616,0.015013044700026512,0.05000000074505806,0.1616249978542328,3.8031249046325684
4638,1672.3424849081784,0.014422707259654999,0.05000000074505806,0.16099998354911804,3.8062500953674316
4639,1672.6791124073789,0.012934625148773193,0.05000000074505806,0.15174999833106995,3.8249998092651367
4640,1673.007781858556,0.01393396407365799,0.05000000074505806,0.15574999153614044,3.6624996662139893
4641,1673.3991192970425,0.012623226270079613,0.05000000074505806,0.16050000488758087,3.825000047683716
4642,1673.7112169433385,0.012352459132671356,0.05000000074505806,0.16587501764297485,3.8843750953674316
4643,1674.029806475155,0.013821068219840527,0.05000000074505806,0.1562500149011612,3.8687498569488525
4644,1674.3358617490157,0.014388432726264,0.05000000074505806,0.15812499821186066,3.8187499046325684
4645,1674.8637290615588,0.013482701033353806,0.05000000074505806,0.16075000166893005,3.7125000953674316
4646,1675.2506894711405,0.015593369491398335,0.05000000074505806,0.16300001740455627,3.9906249046325684
4647,1675.6134671233594,0.0128637021407485,0.05000000074505806,0.16237501800060272,3.9749999046325684
4648,1675.9435975905508,0.014926400035619736,0.05000000074505806,0.1573750078678131,3.7749996185302734
4649,1676.2650144463405,0.014240916818380356,0.05000000074505806,0.1525000035762787,3.7562499046325684
4650,1676.578753400594,0.013193965889513493,0.05000000074505806,0.16062499582767487,3.643749952316284
4651,1676.9291017754003,0.013262409716844559,0.05000000074505806,0.15387499332427979,3.7437500953674316
4652,1677.2918579978868,0.01295567024499178,0.05000000074505806,0.15974999964237213,3.8500001430511475
4653,1677.620750871487,0.013983568176627159,0.05000000074505806,0.16775000095367432,3.953124761581421
4654,1677.940352008678,0.014566134661436081,0.05000000074505806,0.15724998712539673,3.862499952316284
4655,1678.2940365411341,0.01279836893081665,0.05000000074505806,0.1524999886751175,3.710416793823242
4656,1678.6276360470802,0.014592287130653858,0.05000000074505806,0.15825000405311584,3.8031249046325684
4657,1678.9809542763978,0.013343633152544498,0.05000000074505806,0.15974999964237213,3.8062500953674316
4658,1679.362626330927,0.01381836086511612,0.05000000074505806,0.16350001096725464,3.8406248092651367
4659,1679.6742849368602,0.012869157828390598,0.05000000074505806,0.15712499618530273,3.828124523162842
4660,1680.0174980685115,0.012587309814989567,0.05000000074505806,0.1574999988079071,4.006249904632568
4661,1680.356936622411,0.013045188039541245,0.05000000074505806,0.16612499952316284,3.8406248092651367
4662,1680.7131373398006,0.01187460869550705,0.05000000074505806,0.16087502241134644,3.721874713897705
4663,1681.0419395221397,0.013468937948346138,0.05000000074505806,0.15337499976158142,3.828125
4664,1681.4197667548433,0.013894644565880299,0.05000000074505806,0.15012501180171967,3.721874952316284
4665,1681.7317671282217,0.014702359214425087,0.05000000074505806,0.16550001502037048,3.7906248569488525
4666,1682.0792384035885,0.013550212606787682,0.05000000074505806,0.15825000405311584,3.7281248569488525
4667,1682.5569142457098,0.015021871775388718,0.05000000074505806,0.15825000405311584,3.866666793823242
4668,1682.8948732176796,0.012940097600221634,0.05000000074505806,0.1563750058412552,3.765625
4669,1683.3052396317944,0.01238119974732399,0.05000000074505806,0.1547500044107437,3.6624999046325684
4670,1683.6157826958224,0.014774701558053493,0.05000000074505806,0.16850000619888306,3.940624713897705
4671,1684.0634993715212,0.013157164677977562,0.05000000074505806,0.14525002241134644,3.684375047683716
4672,1684.3822275158018,0.013271193951368332,0.05000000074505806,0.15837499499320984,3.768749952316284
4673,1684.778931517154,0.014484250918030739,0.05000000074505806,0.16562500596046448,3.8000001907348633
4674,1685.1820372715592,0.01419211458414793,0.05000000074505806,0.16637501120567322,3.9624998569488525
4675,1685.508098010905,0.01302185095846653,0.05000000074505806,0.1574999839067459,3.9499998092651367
4676,1685.940337347798,0.014899061992764473,0.05000000074505806,0.1548749953508377,3.784374713897705
4677,1686.2714231833816,0.014569438993930817,0.05000000074505806,0.1576250046491623,3.690624713897705
4678,1686.6294701676816,0.013299035839736462,0.05000000074505806,0.15649999678134918,3.7906248569488525
4679,1686.9376950003207,0.012652929872274399,0.05000000074505806,0.15200001001358032,3.695833206176758
4680,1687.2381987217814,0.014322414994239807,0.05000000074505806,0.15812498331069946,3.862499952316284
4681,1687.538920706138,0.014972833916544914,0.05000000074505806,0.1667500138282776,3.862499713897705
4682,1687.8612821809947,0.014392396435141563,0.05000000074505806,0.15687499940395355,3.7468748092651367
4683,1688.2394405007362,0.014058876782655716,0.05000000074505806,0.15574999153614044,3.8187499046325684
4684,1688.575570027344,0.014155149459838867,0.05000000074505806,0.1601250022649765,3.8781251907348633
4685,1688.898887633346,0.01365421898663044,0.05000000074505806,0.16425001621246338,3.831249713897705
4686,1689.2161926813424,0.014576799236238003,0.05000000074505806,0.1681250035762787,4.006249904632568
4687,1689.5355838015676,0.015498953871428967,0.05000000074505806,0.1576249897480011,3.8656251430511475
4688,1689.8483597524464,0.013755889609456062,0.05000000074505806,0.15275000035762787,3.7249999046325684
4689,1690.1539640137926,0.012575148604810238,0.05000000074505806,0.1641250103712082,3.8812501430511475
4690,1690.4653700105846,0.012339613400399685,0.05000000074505806,0.15287500619888306,3.731250047683716
4691,1690.7921724449843,0.014479175209999084,0.05000000074505806,0.15437501668930054,3.722916603088379
4692,1691.1517982492223,0.012963887304067612,0.05000000074505806,0.16712500154972076,3.984374523162842
4693,1691.4572644373402,0.013747883960604668,0.05000000074505806,0.1602499932050705,3.9000000953674316
4694,1691.7731614094228,0.013612772338092327,0.05000000074505806,0.15812499821186066,3.6499998569488525
4695,1692.1250065090135,0.015009867958724499,0.05000000074505806,0.16075000166893005,3.9093751907348633
4696,1692.4752051895484,0.013159788213670254,0.05000000074505806,0.1472499966621399,3.762500047683716
4697,1692.8326838379726,0.015714077278971672,0.05000000074505806,0.15962500870227814,3.7406249046325684
4698,1693.1529413182288,0.013502796180546284,0.05000000074505806,0.1587500125169754,3.668750047683716
4699,1693.4562971098348,0.011962387710809708,0.05000000074505806,0.15187498927116394,3.674999952316284
4700,1693.7769295610487,0.012965962290763855,0.05000000074505806,0.16037499904632568,3.9281251430511475
4701,1694.2022011419758,0.013242471031844616,0.05000000074505806,0.16600000858306885,3.8531248569488525
4702,1694.6110535990447,0.012632071040570736,0.05000000074505806,0.1602500081062317,3.9312498569488525
4703,1694.9801441570744,0.012723371386528015,0.05000000074505806,0.15675000846385956,3.7833330631256104
4704,1695.3369986219332,0.013601286336779594,0.05000000074505806,0.15825000405311584,3.8062500953674316
4705,1695.6550470488146,0.014038130640983582,0.05000000074505806,0.1574999988079071,3.7437498569488525
4706,1695.982120505534,0.015340371057391167,0.05000000074505806,0.1654999852180481,3.9875001907348633
4707,1696.3129557678476,0.015211820602416992,0.05000000074505806,0.15662500262260437,3.8218748569488525
4708,1696.6500074220821,0.0145801343023777,0.05000000074505806,0.15712501108646393,3.8499999046325684
4709,1696.9863610835746,0.013335786759853363,0.05000000074505806,0.1576250046491623,3.6656250953674316
4710,1697.3032684186473,0.013145430944859982,0.05000000074505806,0.15924999117851257,3.765625
4711,1697.6548609696329,0.014090514741837978,0.05000000074505806,0.16099999845027924,3.956249952316284
4712,1697.95731085632,0.014092694967985153,0.05000000074505806,0.16087502241134644,3.7406249046325684
4713,1698.295535291545,0.013699861243367195,0.05000000074505806,0.1616249978542328,3.940624713897705
4714,1699.0422935206443,0.014288801699876785,0.05000000074505806,0.16037499904632568,3.893749713897705
4715,1699.346258255653,0.013475378975272179,0.05000000074505806,0.15449999272823334,3.7229163646698
4716,1699.64596805349,0.012282519601285458,0.05000000074505806,0.1525000035762787,3.640624761581421
4717,1699.9928144868463,0.01421758159995079,0.05000000074505806,0.15937499701976776,3.7406251430511475
4718,1700.3246090747416,0.01482455339282751,0.05000000074505806,0.1537500023841858,3.596874713897705
4719,1700.645856268704,0.016397884115576744,0.05000000074505806,0.14787501096725464,3.753124952316284
4720,1701.0387512864545,0.015034682117402554,0.05000000074505806,0.14625000953674316,3.5406250953674316
4721,1701.346226531081,0.015524364076554775,0.05000000074505806,0.16375002264976501,3.8374998569488525
4722,1701.6761173931882,0.012697883881628513,0.05000000074505806,0.1599999964237213,3.765625
4723,1702.0214027799666,0.013103357516229153,0.05000000074505806,0.15550000965595245,3.8093745708465576
4724,1702.530700826086,0.013594618998467922,0.05000000074505806,0.16087499260902405,3.862499952316284
4725,1702.891462170519,0.012857896275818348,0.05000000074505806,0.15599998831748962,3.7218751907348633
4726,1703.216821031645,0.015328068286180496,0.05000000074505806,0.16187499463558197,3.940624713897705
4727,1703.5260239467025,0.012317282147705555,0.05000000074505806,0.1536249965429306,3.7166669368743896
4728,1703.9703482799232,0.013195706531405449,0.05000000074505806,0.15850000083446503,3.8249998092651367
4729,1704.272306486033,0.013755815103650093,0.05000000074505806,0.16312499344348907,3.875
4730,1704.5758746098727,0.013991373591125011,0.05000000074505806,0.1588750183582306,3.8093748092651367
4731,1704.8780979271978,0.013850511983036995,0.05000000074505806,0.15162499248981476,3.7250001430511475
4732,1705.1820895737037,0.01358096580952406,0.05000000074505806,0.1587499976158142,3.7750000953674316
4733,1705.487774756737,0.013788645155727863,0.05000000074505806,0.16175001859664917,3.7156248092651367
4734,1705.7898227227852,0.014108129777014256,0.05000000074505806,0.15524999797344208,3.7250001430511475
4735,1706.094687011093,0.013878859579563141,0.05000000074505806,0.1588750034570694,4.003125190734863
4736,1706.547946033068,0.015084400773048401,0.05000000074505806,0.15525001287460327,3.671875
4737,1706.9839434353635,0.013497814536094666,0.05000000074505806,0.16612499952316284,3.890625
4738,1707.3148952284828,0.013577892445027828,0.05000000074505806,0.16050000488758087,3.875
4739,1707.6374372346327,0.014665374532341957,0.05000000074505806,0.15862500667572021,3.8604164123535156
4740,1707.9560797354206,0.014341918751597404,0.05000000074505806,0.15812499821186066,3.8218750953674316
4741,1708.2791291438043,0.013076696544885635,0.05000000074505806,0.16612501442432404,3.9093751907348633
4742,1708.5972489761189,0.013548903167247772,0.05000000074505806,0.1576250046491623,3.831249713897705
4743,1708.9252513116226,0.015070507302880287,0.05000000074505806,0.1601250022649765,3.9406251907348633
4744,1709.238312093541,0.011883304454386234,0.05000000074505806,0.16324998438358307,3.793750286102295
4745,1709.6385032581165,0.012549412436783314,0.05000000074505806,0.15062500536441803,3.7437498569488525
4746,1709.967441587709,0.013147871941328049,0.05000000074505806,0.16487498581409454,3.7624998092651367
4747,1710.2787074996158,0.014515412971377373,0.05000000074505806,0.15275000035762787,3.7406253814697266
4748,1710.6468637576327,0.014506918378174305,0.05000000074505806,0.16312497854232788,3.9156250953674316
4749,1711.033789832145,0.013275043107569218,0.05000000074505806,0.1667499989271164,3.987499952316284
4750,1711.367510387674,0.012655511498451233,0.05000000074505806,0.15724998712539673,3.778125047683716
4751,1711.7002457175404,0.012068101204931736,0.05000000074505806,0.15262499451637268,3.737499475479126
4752,1712.034005979076,0.01436021737754345,0.05000000074505806,0.1629999876022339,3.8968746662139893
4753,1712.7651002835482,0.013210723176598549,0.05000000074505806,0.16775000095367432,3.9749999046325684
4754,1713.1893636556342,0.013621517457067966,0.05000000074505806,0.15537498891353607,3.734375
4755,1713.5216103494167,0.014157145284116268,0.05000000074505806,0.15800000727176666,3.78125
4756,1713.8401517001912,0.014522453770041466,0.05000000074505806,0.15312498807907104,3.71875
4757,1714.1469750087708,0.012217392213642597,0.05000000074505806,0.1629999876022339,3.8562498092651367
4758,1714.4578337799758,0.01365276612341404,0.05000000074505806,0.17025001347064972,4.034375190734863
4759,1714.7807726673782,0.013267884030938148,0.05000000074505806,0.1548749953508377,3.909374713897705
4760,1715.1596448896453,0.012744997628033161,0.05000000074505806,0.15625,3.8218750953674316
4761,1715.478246212937,0.015583344735205173,0.05000000074505806,0.1665000021457672,3.840625286102295
4762,1715.7867568377405,0.014889482408761978,0.05000000074505806,0.16075000166893005,3.753124713897705
4763,1716.097416200675,0.013545144349336624,0.05000000074505806,0.15974999964237213,3.929166078567505
4764,1716.4046004023403,0.013389639556407928,0.05000000074505806,0.16337502002716064,3.856250047683716
4765,1716.7173513565212,0.015511833131313324,0.05000000074505806,0.16450001299381256,3.9750001430511475
4766,1717.0267073931172,0.013174442574381828,0.05000000074505806,0.1601249873638153,3.8375000953674316
4767,1717.3349063461646,0.0148532185703516,0.05000000074505806,0.1522500067949295,3.731250047683716
4768,1717.6405174396932,0.013999314978718758,0.05000000074505806,0.15449999272823334,3.7406249046325684
4769,1717.9481922956184,0.013157002627849579,0.05000000074505806,0.1613749861717224,3.7781248092651367
4770,1718.3304235748947,0.011817306280136108,0.05000000074505806,0.1651250123977661,3.9124999046325684
4771,1718.6496739918366,0.013715588487684727,0.05000000074505806,0.15024998784065247,3.7593750953674316
4772,1719.0218070326373,0.01578427106142044,0.05000000074505806,0.15337499976158142,3.621875047683716
4773,1719.3412096975371,0.013629955239593983,0.05000000074505806,0.16475000977516174,3.903125047683716
4774,1719.6578068118542,0.012410210445523262,0.05000000074505806,0.15837500989437103,3.737499713897705
4775,1720.015880085528,0.01383978221565485,0.05000000074505806,0.16187499463558197,3.929166793823242
4776,1720.3656526850536,0.012430423870682716,0.05000000074505806,0.16174998879432678,3.9031248092651367
4777,1720.693354651332,0.013936956413090229,0.05000000074505806,0.16050000488758087,3.78125
4778,1721.063700499013,0.013246936723589897,0.05000000074505806,0.16887500882148743,3.9906246662139893
4779,1721.3985339263454,0.013979422859847546,0.05000000074505806,0.16337499022483826,3.934375047683716
4780,1721.714629962109,0.01304646022617817,0.05000000074505806,0.15799999237060547,3.9781250953674316
4781,1722.0950026614591,0.013508059084415436,0.05000000074505806,0.1613750010728836,3.7937498092651367
4782,1722.438889699988,0.013719627633690834,0.05000000074505806,0.1550000011920929,3.668750286102295
4783,1722.7609647735953,0.01267869584262371,0.05000000074505806,0.1602499932050705,3.8375000953674316
4784,1723.2858829591423,0.015141254290938377,0.05000000074505806,0.15587499737739563,3.737499952316284
4785,1723.6332202479243,0.012332596816122532,0.05000000074505806,0.16637501120567322,3.893749952316284
4786,1723.9733859105036,0.012423929758369923,0.05000000074505806,0.16312499344348907,3.8718748092651367
4787,1724.3703035730869,0.013038999401032925,0.05000000074505806,0.15062500536441803,3.825000047683716
4788,1724.7419533589855,0.012168347835540771,0.05000000074505806,0.15275000035762787,3.6937499046325684
4789,1725.0882423240691,0.013216329738497734,0.05000000074505806,0.15937499701976776,3.7562499046325684
4790,1725.412153202109,0.015281159430742264,0.05000000074505806,0.1666250079870224,3.8812501430511475
4791,1725.7143544731662,0.014602361246943474,0.05000000074505806,0.15087498724460602,3.799999952316284
4792,1726.038159392774,0.013310283422470093,0.05000000074505806,0.1599999964237213,3.7906248569488525
4793,1726.3573702638969,0.013797483406960964,0.05000000074505806,0.16224998235702515,3.8656246662139893
4794,1726.7127428855747,0.01544998213648796,0.05000000074505806,0.15187500417232513,3.6468749046325684
4795,1727.0159754278138,0.012571865692734718,0.05000000074505806,0.15850000083446503,3.8812501430511475
4796,1727.4016813943163,0.015411099418997765,0.05000000074505806,0.15449999272823334,3.7156248092651367
4797,1727.901398099959,0.015233729965984821,0.05000000074505806,0.16487498581409454,3.7749998569488525
4798,1728.2367069665343,0.012520997785031796,0.05000000074505806,0.15987500548362732,3.831249952316284
4799,1728.5438857404515,0.01535379234701395,0.05000000074505806,0.1575000137090683,3.891667127609253
4800,1728.8604170903563,0.013682153075933456,0.05000000074505806,0.15987499058246613,3.825000047683716
4801,1729.1825509257615,0.015691030770540237,0.05000000074505806,0.16487498581409454,3.9124999046325684
4802,1729.515918589197,0.015420971438288689,0.05000000074505806,0.1588750034570694,3.8531250953674316
4803,1729.864232717082,0.014061490073800087,0.05000000074505806,0.15437500178813934,3.753124952316284
4804,1730.216598244384,0.012540139257907867,0.05000000074505806,0.15662501752376556,3.7718749046325684
4805,1730.5410145316273,0.013094119727611542,0.05000000074505806,0.1626250147819519,3.7906248569488525
4806,1730.9011087110266,0.012964578345417976,0.05000000074505806,0.16362498700618744,3.8968749046325684
4807,1731.2490671165287,0.015107064507901669,0.05000000074505806,0.15424999594688416,3.871875047683716
4808,1731.666865377687,0.01280210167169571,0.05000000074505806,0.16950000822544098,3.9124999046325684
4809,1732.0083493767306,0.015217497013509274,0.05000000074505806,0.15450000762939453,3.828125
4810,1732.3693315275013,0.01440183725208044,0.05000000074505806,0.16475000977516174,3.8499999046325684
4811,1732.7493894807994,0.013468091376125813,0.05000000074505806,0.1547500044107437,3.8000001907348633
4812,1733.0597864063457,0.013897688128054142,0.05000000074505806,0.1562500149011612,3.7624998092651367
4813,1733.3663572594523,0.01460542343556881,0.05000000074505806,0.1549999862909317,3.6531248092651367
4814,1733.7106857625768,0.013671524822711945,0.05000000074505806,0.15912501513957977,3.762500047683716
4815,1734.0785294333473,0.014696784317493439,0.05000000074505806,0.14800000190734863,3.6187500953674316
4816,1734.4010393014178,0.012942795641720295,0.05000000074505806,0.16687500476837158,3.9093751907348633
4817,1734.7025269595906,0.014217628166079521,0.05000000074505806,0.15675000846385956,3.843749761581421
4818,1735.0079975398257,0.012756426818668842,0.05000000074505806,0.1626250147819519,3.831249713897705
4819,1735.3276266623288,0.013293061405420303,0.05000000074505806,0.15275000035762787,3.7624998092651367
4820,1735.6793161621317,0.014263061806559563,0.05000000074505806,0.1587499976158142,3.890625
4821,1735.9818122303113,0.015281681902706623,0.05000000074505806,0.16737501323223114,3.8625001907348633
4822,1736.3453929107636,0.013742483220994473,0.05000000074505806,0.1613750010728836,3.9281249046325684
4823,1736.6795651763678,0.01365070603787899,0.05000000074505806,0.1548749953508377,3.7791664600372314
4824,1737.0089520635083,0.012853880412876606,0.05000000074505806,0.15974999964237213,3.843749761581421
4825,1737.3550845514983,0.014065089635550976,0.05000000074505806,0.16087499260902405,3.765625
4826,1737.6782666416839,0.014833513647317886,0.05000000074505806,0.16212499141693115,3.859375
4827,1737.9848999613896,0.013896839693188667,0.05000000074505806,0.15850000083446503,3.8656249046325684
4828,1738.2869678009301,0.014381817542016506,0.05000000074505806,0.15700000524520874,3.8718748092651367
4829,1738.5884330971166,0.014374220743775368,0.05000000074505806,0.15675000846385956,3.737499952316284
4830,1738.892873425968,0.012617545202374458,0.05000000074505806,0.1599999964237213,3.6624999046325684
4831,1739.1994509305805,0.012340354733169079,0.05000000074505806,0.14675000309944153,3.8499999046325684
4832,1739.5373236313462,0.011811750009655952,0.05000000074505806,0.16049998998641968,3.640625238418579
4833,1739.844459113665,0.013749985955655575,0.05000000074505806,0.16325001418590546,3.893749713897705
4834,1740.1621802551672,0.014590645208954811,0.05000000074505806,0.16262498497962952,3.893749952316284
4835,1740.5927605153993,0.014581563882529736,0.05000000074505806,0.15262500941753387,3.7562501430511475
4836,1740.9247305030003,0.015338541939854622,0.05000000074505806,0.15649999678134918,3.7593753337860107
4837,1741.2446576198563,0.012406651861965656,0.05000000074505806,0.1654999852180481,3.8843746185302734
4838,1741.5932035073638,0.013815328478813171,0.05000000074505806,0.16374999284744263,3.953125
4839,1741.9011693606153,0.014136691577732563,0.05000000074505806,0.16087499260902405,3.862499952316284
4840,1743.2087718900293,0.014475280418992043,0.05000000074505806,0.15662500262260437,3.90625
4841,1743.5358137954026,0.013004002161324024,0.05000000074505806,0.15974999964237213,3.8093748092651367
4842,1743.9686158616096,0.013855738565325737,0.05000000074505806,0.1665000021457672,3.8343751430511475
4843,1744.3587313164026,0.014742028899490833,0.05000000074505806,0.15150000154972076,3.6781249046325684
4844,1744.6940774153918,0.012159246020019054,0.05000000074505806,0.15187500417232513,3.7874999046325684
4845,1745.0291081666946,0.014613213017582893,0.05000000074505806,0.16575001180171967,3.9000000953674316
4846,1745.386035040021,0.013613148592412472,0.05000000074505806,0.16562500596046448,3.871875047683716
4847,1745.7086679609492,0.013581461273133755,0.05000000074505806,0.1497499942779541,3.7354164123535156
4848,1746.0311062624678,0.014194766990840435,0.05000000074505806,0.15687498450279236,3.7874999046325684
4849,1746.381842927076,0.011575685814023018,0.05000000074505806,0.16374999284744263,3.831249713897705
4850,1746.6987385358661,0.011488017626106739,0.05000000074505806,0.15074999630451202,3.718749761581421
4851,1747.0215681474656,0.012291117571294308,0.05000000074505806,0.16300001740455627,3.815624952316284
4852,1747.395639339462,0.011819257400929928,0.05000000074505806,0.15712498128414154,3.9468750953674316
4853,1747.9144407147542,0.014553071931004524,0.05000000074505806,0.15299999713897705,3.53125
4854,1748.2420861534774,0.014427246525883675,0.05000000074505806,0.16887499392032623,3.909374952316284
4855,1748.5875518098474,0.015299307182431221,0.05000000074505806,0.1574999988079071,3.9781248569488525
4856,1749.0093874549493,0.013412240892648697,0.05000000074505806,0.15562500059604645,3.7250001430511475
4857,1749.3620920749381,0.013796897605061531,0.05000000074505806,0.16362498700618744,3.8187499046325684
4858,1749.7005220530555,0.014242003671824932,0.05000000074505806,0.16249999403953552,3.890625
4859,1750.0732420235872,0.012465683743357658,0.05000000074505806,0.15825000405311584,3.879166841506958
4860,1750.4891031282023,0.015403706580400467,0.05000000074505806,0.15850000083446503,3.781249761581421
4861,1750.9262387789786,0.013649980537593365,0.05000000074505806,0.1525000035762787,3.609374761581421
4862,1751.7109115663916,0.014295805245637894,0.05000000074505806,0.1652500182390213,3.9125001430511475
4863,1752.5905650053173,0.01259735506027937,0.05000000074505806,0.1537499874830246,3.8375000953674316
4864,1752.941641044803,0.015059136785566807,0.05000000074505806,0.1587499976158142,3.8125
4865,1753.2529381336644,0.014726327732205391,0.05000000074505806,0.15987500548362732,3.8374998569488525
4866,1753.614024411887,0.015018679201602936,0.05000000074505806,0.16200000047683716,3.8343749046325684
4867,1753.9962031403556,0.015126647427678108,0.05000000074505806,0.15649999678134918,3.831249952316284
4868,1754.3482414996251,0.014740386046469212,0.05000000074505806,0.156125009059906,3.7718749046325684
4869,1754.690958132036,0.015232926234602928,0.05000000074505806,0.1641250103712082,3.8218748569488525
4870,1755.027769102715,0.014275921508669853,0.05000000074505806,0.16112498939037323,3.831249952316284
4871,1755.368417370133,0.014401078224182129,0.05000000074505806,0.16087502241134644,3.902083158493042
4872,1755.6913409586996,0.01377400103956461,0.05000000074505806,0.16475002467632294,3.965625047683716
4873,1756.0009429007769,0.013330024667084217,0.05000000074505806,0.16175001859664917,3.815624952316284
4874,1756.3214450664818,0.012716729193925858,0.05000000074505806,0.16575001180171967,3.9781246185302734
4875,1756.6843036198989,0.013976531103253365,0.05000000074505806,0.15174999833106995,3.796874761581421
4876,1757.077425214462,0.012297519482672215,0.05000000074505806,0.15925000607967377,3.796874761581421
4877,1757.3823007475585,0.014501317404210567,0.05000000074505806,0.15800000727176666,3.684375047683716
4878,1757.6868966417387,0.014281085692346096,0.05000000074505806,0.1667499989271164,3.9437499046325684
4879,1757.990986296907,0.013546246103942394,0.05000000074505806,0.1537500023841858,3.75
4880,1758.2971314433962,0.011415019631385803,0.05000000074505806,0.16237498819828033,3.859375
4881,1758.6346923755482,0.01457490399479866,0.05000000074505806,0.1614999920129776,4.028124809265137
4882,1758.959708658047,0.015539251267910004,0.05000000074505806,0.16037499904632568,3.6781249046325684
4883,1759.2968214899302,0.012948625721037388,0.05000000074505806,0.15662498772144318,3.8458330631256104
4884,1759.6317384559661,0.01341154146939516,0.05000000074505806,0.15687499940395355,3.753124713897705
4885,1759.9889108147472,0.014457759447395802,0.05000000074505806,0.15587499737739563,3.721874713897705
4886,1760.4150622095913,0.013783375732600689,0.05000000074505806,0.15725000202655792,3.7249999046325684
4887,1760.7462575193495,0.014635160565376282,0.05000000074505806,0.16337499022483826,3.924999952316284
4888,1761.0477671716362,0.015643414109945297,0.05000000074505806,0.15387499332427979,3.8500001430511475
4889,1761.3780649527907,0.013998005539178848,0.05000000074505806,0.15712499618530273,3.731250047683716
4890,1761.6825243867934,0.01241861842572689,0.05000000074505806,0.15850000083446503,3.671875
4891,1762.0011559827253,0.014444065280258656,0.05000000074505806,0.15449999272823334,3.8343751430511475
4892,1762.3398348698393,0.013955703005194664,0.05000000074505806,0.1525000035762787,3.65625
4893,1762.6927024386823,0.012776177376508713,0.05000000074505806,0.1626250147819519,3.7531251907348633
4894,1763.119871892035,0.015770405530929565,0.05000000074505806,0.16587500274181366,3.887500047683716
4895,1763.5524559654295,0.013531606644392014,0.05000000074505806,0.1599999964237213,3.9666662216186523
4896,1763.9155798107386,0.013723189942538738,0.05000000074505806,0.1616249978542328,3.8999998569488525
4897,1764.2826556274667,0.01288580521941185,0.05000000074505806,0.16362498700618744,3.815624952316284
4898,1764.6047187084332,0.016058575361967087,0.05000000074505806,0.15725000202655792,3.812499761581421
4899,1764.910555913113,0.012767862528562546,0.05000000074505806,0.1574999988079071,3.7531251907348633
4900,1765.2376753669232,0.012937885709106922,0.05000000074505806,0.15974999964237213,3.9000000953674316
4901,1765.5627920087427,0.013708406127989292,0.05000000074505806,0.164249986410141,3.8343749046325684
4902,1765.8810325935483,0.013975805602967739,0.05000000074505806,0.16049998998641968,3.8812501430511475
4903,1766.1946359006688,0.012775425799190998,0.05000000074505806,0.1629999876022339,3.9499998092651367
4904,1766.5023577315733,0.013180799782276154,0.05000000074505806,0.15850000083446503,3.9156250953674316
4905,1766.8116390155628,0.015198581852018833,0.05000000074505806,0.1640000194311142,3.8656249046325684
4906,1767.1179828085005,0.01183413527905941,0.05000000074505806,0.15962500870227814,3.7875001430511475
4907,1767.4341869177297,0.012597941793501377,0.05000000074505806,0.15800000727176666,3.8499996662139893
4908,1767.7443383997306,0.013277774676680565,0.05000000074505806,0.1589999943971634,3.828124761581421
4909,1768.0509551689029,0.01362451259046793,0.05000000074505806,0.16174998879432678,3.765625
4910,1768.3922960860655,0.01541450247168541,0.05000000074505806,0.1665000170469284,4.028124809265137
4911,1768.8613657513633,0.012937002815306187,0.05000000074505806,0.1628749966621399,3.909374952316284
4912,1769.1769148819149,0.013138558715581894,0.05000000074505806,0.16037499904632568,4.034375190734863
4913,1769.4879897609353,0.014252718538045883,0.05000000074505806,0.15275000035762787,3.5687499046325684
4914,1769.8341452926397,0.013369769789278507,0.05000000074505806,0.16237501800060272,3.796875
4915,1770.1570989601314,0.01332651823759079,0.05000000074505806,0.15299999713897705,3.7750000953674316
4916,1770.4609532384202,0.01186535507440567,0.05000000074505806,0.16062499582767487,3.9812498092651367
4917,1770.7953076409176,0.01294601708650589,0.05000000074505806,0.1691250056028366,3.890624761581421
4918,1771.112747259438,0.013909040950238705,0.05000000074505806,0.16700001060962677,3.937499761581421
4919,1771.468482135795,0.014537033624947071,0.05000000074505806,0.14887501299381256,3.727083206176758
4920,1771.7845805361867,0.014594398438930511,0.05000000074505806,0.15700000524520874,3.7249999046325684
4921,1772.135349681601,0.011943277902901173,0.05000000074505806,0.16037499904632568,3.8062503337860107
4922,1772.4387357952073,0.013269358314573765,0.05000000074505806,0.1613750010728836,3.8874998092651367
4923,1772.8839030107483,0.012657085433602333,0.05000000074505806,0.15349999070167542,3.6999998092651367
4924,1774.1020095394924,0.012802943587303162,0.05000000074505806,0.1548750102519989,3.7874999046325684
4925,1774.4373187683523,0.012940612621605396,0.05000000074505806,0.16550001502037048,3.840625047683716
4926,1775.0693323304877,0.011939040385186672,0.05000000074505806,0.15725000202655792,3.815624952316284
4927,1775.4010214358568,0.014573941938579082,0.05000000074505806,0.1626250147819519,3.9624998569488525
4928,1775.7374242143705,0.01293143443763256,0.05000000074505806,0.15424999594688416,3.859375
4929,1776.0796879585832,0.013622524216771126,0.05000000074505806,0.15924999117851257,3.6593751907348633
4930,1776.3805187549442,0.014272703789174557,0.05000000074505806,0.16750000417232513,3.90625
4931,1776.7963045863435,0.012542539276182652,0.05000000074505806,0.15387499332427979,3.8229167461395264
4932,1777.2293296856806,0.013222746551036835,0.05000000074505806,0.15737499296665192,3.737499713897705
4933,1777.5729075167328,0.015036845579743385,0.05000000074505806,0.1588750034570694,3.8374998569488525
4934,1777.903447797522,0.014456872828304768,0.05000000074505806,0.16200000047683716,3.8218748569488525
4935,1778.225521628745,0.014153100550174713,0.05000000074505806,0.15325000882148743,3.7562499046325684
4936,1778.5634683808312,0.013626644387841225,0.05000000074505806,0.15850000083446503,3.7937498092651367
4937,1778.8947576889768,0.012844212353229523,0.05000000074505806,0.16174998879432678,3.8218748569488525
4938,1779.2005300801247,0.013091101311147213,0.05000000074505806,0.16187499463558197,3.8843750953674316
4939,1779.507115399465,0.013552154414355755,0.05000000074505806,0.15600000321865082,3.796875
4940,1779.8201220557094,0.014364924281835556,0.05000000074505806,0.1587500125169754,3.9281249046325684
4941,1780.1753008598462,0.01307811588048935,0.05000000074505806,0.16825000941753387,3.8531250953674316
4942,1780.5096897464246,0.013621073216199875,0.05000000074505806,0.16362498700618744,3.7718749046325684
4943,1780.8301179325208,0.013530021533370018,0.05000000074505806,0.14112500846385956,3.6875
4944,1781.162291225046,0.01600807160139084,0.05000000074505806,0.15724998712539673,3.781250238418579
4945,1781.5213866224512,0.01309654675424099,0.05000000074505806,0.16049998998641968,3.8062498569488525
4946,1781.8483439506963,0.01158833410590887,0.05000000074505806,0.16699999570846558,3.950000047683716
4947,1782.2036451259628,0.01338878832757473,0.05000000074505806,0.14787501096725464,3.609375
4948,1782.5235000466928,0.013829992152750492,0.05000000074505806,0.15900000929832458,3.7687501907348633
4949,1782.8397938245907,0.011869733221828938,0.05000000074505806,0.15812501311302185,3.8687498569488525
4950,1783.159715609625,0.013966443948447704,0.05000000074505806,0.15924999117851257,3.7562503814697266
4951,1783.4782279049978,0.013218036852777004,0.05000000074505806,0.14774999022483826,3.7124998569488525
4952,1783.8100244468078,0.012166988104581833,0.05000000074505806,0.15062500536441803,3.609375
4953,1784.146092750132,0.013997139409184456,0.05000000074505806,0.16237498819828033,3.746875047683716
4954,1784.4823162965477,0.014557315036654472,0.05000000074505806,0.1537500023841858,3.6937499046325684
4955,1784.8074266463518,0.016045084223151207,0.05000000074505806,0.1512499898672104,3.710416793823242
4956,1785.215591696091,0.010936896316707134,0.05000000074505806,0.15925000607967377,3.7906250953674316
4957,1785.5549847651273,0.013722151517868042,0.05000000074505806,0.16562500596046448,3.9593753814697266
4958,1785.8600112404674,0.012756163254380226,0.05000000074505806,0.15687499940395355,3.75
4959,1786.2036760589108,0.014256608672440052,0.05000000074505806,0.1616249978542328,3.875
4960,1786.534152481705,0.01499836053699255,0.05000000074505806,0.15674999356269836,3.950000047683716
4961,1786.8902870854363,0.013727708719670773,0.05000000074505806,0.16437500715255737,3.765625
4962,1787.1944611277431,0.01390198152512312,0.05000000074505806,0.156125009059906,3.828125
4963,1787.658557638526,0.015647638589143753,0.05000000074505806,0.15212500095367432,3.7312498092651367
4964,1788.0788036063313,0.01672358252108097,0.05000000074505806,0.16974999010562897,3.825000047683716
4965,1788.4315380007029,0.013688772916793823,0.05000000074505806,0.15074999630451202,3.781250238418579
4966,1788.7766676638275,0.014109145849943161,0.05000000074505806,0.16837500035762787,3.8468751907348633
4967,1789.0844581639394,0.013369008898735046,0.05000000074505806,0.15974999964237213,3.9541666507720947
4968,1789.4040553141385,0.014369768090546131,0.05000000074505806,0.16575001180171967,3.987499713897705
4969,1789.7447926187888,0.012389671988785267,0.05000000074505806,0.1602500081062317,3.7906248569488525
4970,1790.0679766405374,0.012198738753795624,0.05000000074505806,0.16212499141693115,3.8999996185302734
4971,1790.4047244600952,0.01360615249723196,0.05000000074505806,0.14762501418590546,3.5124998092651367
4972,1790.744562221691,0.013136079534888268,0.05000000074505806,0.15699999034404755,3.8156251907348633
4973,1791.0602856054902,0.011916635558009148,0.05000000074505806,0.15787500143051147,3.753124952316284
4974,1791.3797344034538,0.011332598514854908,0.05000000074505806,0.15925000607967377,3.875000238418579
4975,1791.7549597015604,0.012907035648822784,0.05000000074505806,0.16700001060962677,3.875
4976,1792.1974226534367,0.012325888499617577,0.05000000074505806,0.15187500417232513,3.8062498569488525
4977,1792.5336934998631,0.016499219462275505,0.05000000074505806,0.1548750102519989,3.6687498092651367
4978,1792.8660858403891,0.01469429861754179,0.05000000074505806,0.15650001168251038,3.6218748092651367
4979,1793.2082493165508,0.013794456608593464,0.05000000074505806,0.16075000166893005,3.9437501430511475
4980,1793.5418901918456,0.013846096582710743,0.05000000074505806,0.14987501502037048,3.643749952316284
4981,1793.861811044626,0.012545199133455753,0.05000000074505806,0.16700001060962677,3.859375238418579
4982,1794.2088985554874,0.015792815014719963,0.05000000074505806,0.15924999117851257,3.7718749046325684
4983,1794.52154669445,0.01227500755339861,0.05000000074505806,0.15812501311302185,3.8812499046325684
4984,1794.843796217814,0.014150243252515793,0.05000000074505806,0.15925000607967377,3.893749952316284
4985,1795.1612515011802,0.013815514743328094,0.05000000074505806,0.15862500667572021,3.799999952316284
4986,1795.470546260476,0.01504833810031414,0.05000000074505806,0.16350001096725464,3.84375
4987,1795.91253671702,0.014402554370462894,0.05000000074505806,0.15437500178813934,3.809375047683716
4988,1796.305140226148,0.012770095840096474,0.05000000074505806,0.1563750058412552,3.781250238418579
4989,1796.6266155913472,0.01430062297731638,0.05000000074505806,0.16124999523162842,3.765625
4990,1796.9550938401371,0.013546316884458065,0.05000000074505806,0.16249999403953552,3.8031249046325684
4991,1797.2861133813858,0.014927595853805542,0.05000000074505806,0.15162500739097595,3.7937498092651367
4992,1797.652302016504,0.0134971858933568,0.05000000074505806,0.15587501227855682,3.6968748569488525
4993,1798.018521820195,0.014847127720713615,0.05000000074505806,0.16349998116493225,3.8531248569488525
4994,1798.3815370025113,0.012911887839436531,0.05000000074505806,0.16462498903274536,4.018750190734863
4995,1798.6849630689248,0.014500354416668415,0.05000000074505806,0.14624999463558197,3.578125
4996,1799.0264368681237,0.012353074736893177,0.05000000074505806,0.16112500429153442,3.8843748569488525
4997,1799.3540206123143,0.014446888118982315,0.05000000074505806,0.1614999920129776,3.8843748569488525
4998,1799.7867415361106,0.01275482214987278,0.05000000074505806,0.16500000655651093,3.784374952316284
4999,1800.1765963174403,0.011812817305326462,0.05000000074505806,0.1574999988079071,3.859375
