iteration,elapsed_seconds,loss,epsilon,mean_turn_reward,mean_episode_return
0,2.808674721047282,0.0895686149597168,0.9996185302734375,0.15025001764297485,4.850000381469727
1,3.7755062049254775,0.06596680730581284,0.999237060546875,0.15800000727176666,4.549999713897705
2,4.181400596164167,0.04434012249112129,0.9988555908203125,0.13650000095367432,4.143750190734863
3,4.439880703575909,0.046070899814367294,0.99847412109375,0.14249999821186066,4.0625
4,4.697928473353386,0.04387703537940979,0.9980926513671875,0.15399999916553497,4.868750095367432
5,4.99551201518625,0.035397253930568695,0.997711181640625,0.1550000011920929,4.387499809265137
6,5.248201002366841,0.034454766660928726,0.9973297119140625,0.15800000727176666,4.762500286102295
7,5.528033260256052,0.02902362123131752,0.9969482421875,0.15175001323223114,4.606249809265137
8,5.7843997264280915,0.028625695034861565,0.9965667724609375,0.13850000500679016,4.21875
9,6.053882245905697,0.03441070392727852,0.996185302734375,0.14800000190734863,4.8874993324279785
10,6.995096540078521,0.03359069302678108,0.9958038330078125,0.15800000727176666,4.46875
11,7.304853990674019,0.03797903656959534,0.99542236328125,0.1525000035762787,4.550000190734863
12,7.613879364915192,0.02627933956682682,0.9950408935546875,0.1420000046491623,4.625
13,7.864146520383656,0.029019691050052643,0.994659423828125,0.1497500091791153,4.256250381469727
14,8.181672031991184,0.026119092479348183,0.9942779541015625,0.16174998879432678,4.768749713897705
15,8.425532752647996,0.025214361026883125,0.993896484375,0.14249999821186066,4.424999713897705
16,8.669542915187776,0.03013804368674755,0.9935150146484375,0.15000000596046448,4.312500476837158
17,8.910190494731069,0.02917778491973877,0.993133544921875,0.14674998819828033,4.456249713897705
18,9.145371849648654,0.032018065452575684,0.9927520751953125,0.15000000596046448,4.637500286102295
19,9.423707253299654,0.026794645935297012,0.99237060546875,0.14649999141693115,4.387499809265137
20,9.653877032920718,0.028137870132923126,0.9919891357421875,0.15300001204013824,4.53125
21,9.890290840528905,0.029405338689684868,0.991607666015625,0.15524999797344208,5.012499809265137
22,10.30679551139474,0.026463966816663742,0.9912261962890625,0.1459999978542328,4.318749904632568
23,10.54261430259794,0.02955462597310543,0.9908447265625,0.15424999594688416,4.562499523162842
24,10.799485434778035,0.03005465492606163,0.9904632568359375,0.14800001680850983,4.749999523162842
25,11.042504983022809,0.03638995438814163,0.990081787109375,0.1535000056028366,4.4375
26,11.392718658782542,0.031022807583212852,0.9897003173828125,0.13999998569488525,4.224999904632568
27,11.725294032134116,0.02629759907722473,0.98931884765625,0.15625,4.712500095367432
28,11.974100171588361,0.030428782105445862,0.9889373779296875,0.1535000056028366,4.737499713897705
29,12.275467312894762,0.027716610580682755,0.988555908203125,0.1587499976158142,4.618750095367432
30,12.511496141552925,0.029929401353001595,0.9881744384765625,0.14525000751018524,4.1875
31,12.745894584804773,0.03604446351528168,0.98779296875,0.14925001561641693,4.575000286102295
32,12.981677766889334,0.031817544251680374,0.9874114990234375,0.15325000882148743,4.524999618530273
33,13.218315969221294,0.025394627824425697,0.987030029296875,0.15150000154972076,4.862499713897705
34,13.456627427600324,0.028200462460517883,0.9866485595703125,0.1537500023841858,4.543749809265137
35,13.710493041202426,0.032113004475831985,0.98626708984375,0.14300000667572021,4.231250286102295
36,13.92491214349866,0.027201078832149506,0.9858856201171875,0.1510000079870224,4.737500190734863
37,14.156432178802788,0.03425007686018944,0.985504150390625,0.1537500023841858,4.625
38,14.408989096060395,0.029633350670337677,0.9851226806640625,0.1392499953508377,4.106249809265137
39,14.655011067166924,0.03372885286808014,0.9847412109375,0.14099998772144318,4.424999713897705
40,14.893603847362101,0.03185475990176201,0.9843597412109375,0.1587499976158142,4.46875
41,15.121533618308604,0.0291505865752697,0.983978271484375,0.14624999463558197,4.46875
42,15.347046295180917,0.03359469771385193,0.9835968017578125,0.14225000143051147,4.524999618530273
43,15.622814420610666,0.03442015498876572,0.98321533203125,0.1522500067949295,4.224999904632568
44,15.847533904016018,0.027489878237247467,0.9828338623046875,0.1575000137090683,4.812499523162842
45,16.07638437859714,0.03917098045349121,0.982452392578125,0.1445000022649765,4.5625
46,16.346851642243564,0.03811219334602356,0.9820709228515625,0.16124999523162842,4.618749618530273
47,16.5855680257082,0.03907124325633049,0.981689453125,0.15025000274181366,4.5
48,16.849235771223903,0.03561292961239815,0.9813079833984375,0.14499999582767487,4.449999809265137
49,17.080147716216743,0.03262782469391823,0.980926513671875,0.1485000103712082,4.268750190734863
50,17.317682824097574,0.03489064425230026,0.9805450439453125,0.14899998903274536,4.568749904632568
51,17.571391452103853,0.03974667191505432,0.98016357421875,0.14525000751018524,4.225000381469727
52,17.789005209691823,0.03417988121509552,0.9797821044921875,0.15700000524520874,4.631249904632568
53,18.02016018424183,0.041449371725320816,0.979400634765625,0.14800000190734863,4.512499809265137
54,18.24293613154441,0.041614703834056854,0.9790191650390625,0.14400000870227814,4.162499904632568
55,18.461368778720498,0.040725916624069214,0.9786376953125,0.1587500125169754,4.787500381469727
56,18.722143167629838,0.03541015461087227,0.9782562255859375,0.15049999952316284,4.462499618530273
57,18.964358334429562,0.036655522882938385,0.977874755859375,0.14624999463558197,4.762499809265137
58,19.213399227708578,0.03941167891025543,0.9774932861328125,0.15450000762939453,4.474999904632568
59,19.457379434257746,0.042041972279548645,0.97711181640625,0.16175001859664917,4.706249237060547
60,19.675919313915074,0.033542145043611526,0.9767303466796875,0.14425000548362732,4.450000286102295
61,19.942929094657302,0.031493328511714935,0.976348876953125,0.14800000190734863,4.412499904632568
62,20.216922751627862,0.04275008663535118,0.9759674072265625,0.1485000103712082,4.381249904632568
63,20.45873280055821,0.04146493598818779,0.9755859375,0.1417500078678131,4.137499809265137
64,20.812618975527585,0.03050391748547554,0.9752044677734375,0.16725000739097595,4.837500095367432
65,21.05709561239928,0.04285753145813942,0.974822998046875,0.14225000143051147,4.375
66,21.297505049966276,0.04030152037739754,0.9744415283203125,0.15299999713897705,5.012499809265137
67,21.567425288259983,0.04213853180408478,0.97406005859375,0.15675000846385956,4.50624942779541
68,21.822122086770833,0.042054109275341034,0.9736785888671875,0.14925001561641693,4.462499618530273
69,22.051565882749856,0.04542696103453636,0.973297119140625,0.14249999821186066,4.162499904632568
70,22.297910884022713,0.04160718619823456,0.9729156494140625,0.15675000846385956,4.631249904632568
71,22.560624042525887,0.03478047996759415,0.9725341796875,0.15449999272823334,4.63124942779541
72,22.795414447784424,0.0369269885122776,0.9721527099609375,0.14925000071525574,4.637499809265137
73,23.031765084713697,0.043458204716444016,0.971771240234375,0.14124998450279236,4.268750190734863
74,23.37096669804305,0.04575442522764206,0.9713897705078125,0.15549999475479126,4.562499523162842
75,23.589826805517077,0.0387381836771965,0.97100830078125,0.14100000262260437,4.474999904632568
76,23.813729383982718,0.04100806266069412,0.9706268310546875,0.164249986410141,4.587500095367432
77,24.07693439349532,0.04612313583493233,0.970245361328125,0.1587500125169754,4.775000095367432
78,24.299620199017227,0.04577343910932541,0.9698638916015625,0.15299999713897705,4.674999713897705
79,24.541083903051913,0.04618992656469345,0.969482421875,0.16200000047683716,4.856250286102295
80,24.764202930033207,0.039629798382520676,0.9691009521484375,0.16124999523162842,4.712499618530273
81,24.98166818637401,0.05086750164628029,0.968719482421875,0.15275000035762787,4.737499713897705
82,25.23656432144344,0.044259339570999146,0.9683380126953125,0.15675000846385956,4.650000095367432
83,25.46232937462628,0.042946115136146545,0.96795654296875,0.14925001561641693,4.449999809265137
84,25.67897271644324,0.04493796080350876,0.9675750732421875,0.14774999022483826,4.75
85,25.9739427017048,0.04633759334683418,0.967193603515625,0.1485000103712082,4.331249713897705
86,26.292944957502186,0.04204828292131424,0.9668121337890625,0.15150000154972076,4.487499713897705
87,26.54567050561309,0.0405937135219574,0.9664306640625,0.1602499932050705,4.6875
88,26.771753760054708,0.03711966425180435,0.9660491943359375,0.15474998950958252,4.743749618530273
89,26.999480998143554,0.04465368390083313,0.965667724609375,0.15825000405311584,4.743750095367432
90,27.214750529266894,0.04333355277776718,0.9652862548828125,0.14774999022483826,4.275000095367432
91,27.452143649570644,0.04015215113759041,0.96490478515625,0.1510000079870224,4.625000476837158
92,27.692636215128005,0.041863828897476196,0.9645233154296875,0.1574999988079071,4.643749713897705
93,27.920285454951227,0.048931851983070374,0.964141845703125,0.1524999886751175,4.650000095367432
94,28.1579949837178,0.04413042962551117,0.9637603759765625,0.15025000274181366,4.46875
95,28.40802060160786,0.038941558450460434,0.96337890625,0.1550000011920929,4.650000095367432
96,28.719885180704296,0.04437267780303955,0.9629974365234375,0.15174999833106995,4.737499713897705
97,29.00111988093704,0.049527354538440704,0.962615966796875,0.1497500091791153,4.512499809265137
98,29.244105415418744,0.0488741397857666,0.9622344970703125,0.15800000727176666,4.606249809265137
99,29.49034400563687,0.04861529543995857,0.96185302734375,0.1432500034570694,4.72499942779541
100,29.724428314715624,0.0457531213760376,0.9614715576171875,0.1522500067949295,4.34375
101,29.966890276409686,0.04219022020697594,0.961090087890625,0.16249999403953552,4.743749618530273
102,30.19484997354448,0.046863555908203125,0.9607086181640625,0.15025000274181366,4.58750057220459
103,30.459935372695327,0.046685803681612015,0.9603271484375,0.16099999845027924,4.706249713897705
104,30.696235263720155,0.04492855817079544,0.9599456787109375,0.15025001764297485,4.537500381469727
105,30.926514108665287,0.044688060879707336,0.959564208984375,0.14625000953674316,4.349999904632568
106,31.161816312000155,0.049809228628873825,0.9591827392578125,0.15125000476837158,4.456249713897705
107,31.453418975695968,0.04769757017493248,0.95880126953125,0.1525000035762787,4.618750095367432
108,32.24868322536349,0.046003226190805435,0.9584197998046875,0.14249999821186066,4.3125
109,32.540999338030815,0.04752438887953758,0.958038330078125,0.1629999876022339,4.71250057220459
110,32.773192095570266,0.04469877481460571,0.9576568603515625,0.1654999852180481,4.90625
111,33.01563854981214,0.03578830510377884,0.957275390625,0.14625000953674316,4.75
112,33.25974306091666,0.04548879712820053,0.9568939208984375,0.1525000035762787,4.431250095367432
113,33.52589294407517,0.05598844960331917,0.956512451171875,0.15549999475479126,4.550000190734863
114,33.86819483619183,0.03724134713411331,0.9561309814453125,0.1485000103712082,4.362500190734863
115,34.10977017134428,0.048981357365846634,0.95574951171875,0.15800000727176666,4.8125
116,34.35316664259881,0.057267479598522186,0.9553680419921875,0.14300000667572021,4.243750095367432
117,34.727772580459714,0.04531334340572357,0.954986572265625,0.1537500023841858,4.724999904632568
118,35.46913944836706,0.039665352553129196,0.9546051025390625,0.16374999284744263,4.775000095367432
119,35.75570038892329,0.0497337207198143,0.9542236328125,0.16075000166893005,4.818749904632568
120,36.00181432440877,0.04973988234996796,0.9538421630859375,0.14550000429153442,4.6875
121,36.24768852535635,0.042209234088659286,0.953460693359375,0.15049999952316284,4.46875
122,36.54382867459208,0.0504348948597908,0.9530792236328125,0.1547500044107437,4.456250190734863
123,37.4385401904583,0.04329618066549301,0.95269775390625,0.1574999988079071,4.6875
124,37.669042269699275,0.04692806303501129,0.9523162841796875,0.16325001418590546,4.837499618530273
125,37.91107773501426,0.05614946410059929,0.951934814453125,0.15825000405311584,4.793749809265137
126,38.13461017329246,0.05131344497203827,0.9515533447265625,0.14925000071525574,4.5
127,38.42084544803947,0.04659448191523552,0.951171875,0.16724997758865356,4.793749809265137
128,38.65489156357944,0.053061529994010925,0.9507904052734375,0.1432500034570694,4.449999809265137
129,38.900792986154556,0.051793552935123444,0.950408935546875,0.1525000035762787,4.450000286102295
130,39.132336686365306,0.044814251363277435,0.9500274658203125,0.16224999725818634,4.9375
131,39.431250194087625,0.051022619009017944,0.94964599609375,0.15799999237060547,4.65625
132,39.69779401272535,0.048483364284038544,0.9492645263671875,0.1459999978542328,4.337500095367432
133,39.93378233443946,0.05383893847465515,0.948883056640625,0.15700000524520874,4.668750286102295
134,40.3233718695119,0.04735139012336731,0.9485015869140625,0.16249999403953552,4.799999713897705
135,40.59461465943605,0.04822894185781479,0.9481201171875,0.1522500067949295,4.700000286102295
136,40.83763441815972,0.05047526955604553,0.9477386474609375,0.1522500067949295,4.581250190734863
137,41.18602593522519,0.04818599671125412,0.947357177734375,0.15725000202655792,4.612499713897705
138,41.43437628168613,0.04615658149123192,0.9469757080078125,0.14824998378753662,4.587499618530273
139,41.78899325989187,0.054259613156318665,0.94659423828125,0.15150000154972076,4.512499809265137
140,42.08484004531056,0.06287594139575958,0.9462127685546875,0.15424999594688416,4.543749809265137
141,42.3107610847801,0.04401306435465813,0.945831298828125,0.14925000071525574,4.712499618530273
142,42.557158845476806,0.039239004254341125,0.9454498291015625,0.1535000056028366,4.59375
143,42.775848207995296,0.04996190965175629,0.945068359375,0.14774999022483826,4.3125
144,43.01559404004365,0.046568963676691055,0.9446868896484375,0.15025000274181366,4.249999523162842
145,43.27004010416567,0.04966098070144653,0.944305419921875,0.1627499908208847,4.943749904632568
146,43.592124314047396,0.05285995826125145,0.9439239501953125,0.14750000834465027,4.443749904632568
147,43.87559379450977,0.053127720952034,0.94354248046875,0.1485000103712082,4.699999809265137
148,44.10941052623093,0.04984915629029274,0.9431610107421875,0.1497500091791153,4.487499713897705
149,44.43577772099525,0.047067075967788696,0.942779541015625,0.1745000034570694,4.981249809265137
150,44.789540893398225,0.046945780515670776,0.9423980712890625,0.1485000103712082,4.537499904632568
151,45.05146741308272,0.05126706883311272,0.9420166015625,0.15075001120567322,4.612500190734863
152,45.329900020733476,0.0563286654651165,0.9416351318359375,0.15924999117851257,4.581249713897705
153,45.657684488222,0.05393180996179581,0.941253662109375,0.15799999237060547,4.887500286102295
154,45.94863273203373,0.044695816934108734,0.9408721923828125,0.1587500125169754,4.781249523162842
155,46.18073550052941,0.042707040905952454,0.94049072265625,0.1509999930858612,4.46875
156,46.46688925102353,0.046225860714912415,0.9401092529296875,0.15524999797344208,4.800000190734863
157,46.71168997976929,0.04974972829222679,0.939727783203125,0.13725000619888306,4.268749713897705
158,47.05770466849208,0.05308099091053009,0.9393463134765625,0.14225000143051147,4.199999809265137
159,47.36149883363396,0.04767385125160217,0.93896484375,0.14625000953674316,4.550000190734863
160,47.61209558136761,0.04945595934987068,0.9385833740234375,0.14550000429153442,4.362499713897705
161,47.8500203685835,0.04465239495038986,0.938201904296875,0.16200000047683716,4.706250190734863
162,48.068662302568555,0.052568189799785614,0.9378204345703125,0.15049999952316284,4.524999618530273
163,48.4145514620468,0.043275658041238785,0.93743896484375,0.1547500044107437,4.606249809265137
164,48.67795656993985,0.05567866563796997,0.9370574951171875,0.1459999978542328,4.412499904632568
165,48.93741744477302,0.04861300438642502,0.936676025390625,0.1525000035762787,4.624999046325684
166,49.17146324925125,0.0445580892264843,0.9362945556640625,0.15425001084804535,4.6875
167,49.43390076607466,0.04687947779893875,0.9359130859375,0.1510000079870224,4.443749904632568
168,49.66813978739083,0.04650033265352249,0.9355316162109375,0.1417500078678131,4.612499713897705
169,49.97821876592934,0.048458583652973175,0.935150146484375,0.148250013589859,4.293749809265137
170,50.32429814711213,0.04693087935447693,0.9347686767578125,0.16075000166893005,4.668749809265137
171,50.63595788832754,0.06175471842288971,0.93438720703125,0.14650000631809235,4.562500476837158
172,50.92801563255489,0.05152535066008568,0.9340057373046875,0.16450001299381256,4.762499809265137
173,51.15841375477612,0.04580783098936081,0.933624267578125,0.15424999594688416,4.587500095367432
174,51.45891357399523,0.07031112164258957,0.9332427978515625,0.1549999862909317,4.587500095367432
175,52.13125245645642,0.045207396149635315,0.932861328125,0.14824999868869781,4.574999809265137
176,52.35409149248153,0.04324258491396904,0.9324798583984375,0.14674998819828033,4.381249904632568
177,52.67010731808841,0.04367361590266228,0.932098388671875,0.15150000154972076,4.587500095367432
178,52.90518937353045,0.04266003519296646,0.9317169189453125,0.16325001418590546,4.949999809265137
179,53.16114359162748,0.050421297550201416,0.93133544921875,0.15724998712539673,4.556249618530273
180,53.456498965620995,0.04186850041151047,0.9309539794921875,0.148250013589859,4.550000190734863
181,53.695123066194355,0.058603931218385696,0.930572509765625,0.1615000218153,4.774999618530273
182,53.95504448097199,0.04939694702625275,0.9301910400390625,0.15150000154972076,4.481249809265137
183,54.193136184476316,0.051368944346904755,0.9298095703125,0.1470000147819519,4.25
184,54.413014275953174,0.04996626451611519,0.9294281005859375,0.15150000154972076,4.668749809265137
185,54.632804442197084,0.060602717101573944,0.929046630859375,0.15000000596046448,4.418749809265137
186,54.85380560066551,0.047651126980781555,0.9286651611328125,0.15150000154972076,4.8125
187,55.1216281587258,0.05225440487265587,0.92828369140625,0.16775000095367432,4.868749618530273
188,55.51707789301872,0.044364992529153824,0.9279022216796875,0.16200000047683716,4.756249904632568
189,55.79331339336932,0.04033864289522171,0.927520751953125,0.148250013589859,4.574999809265137
190,56.04402626119554,0.055479295551776886,0.9271392822265625,0.1654999852180481,4.818750381469727
191,56.29378222860396,0.051345426589250565,0.9267578125,0.16124999523162842,4.768750190734863
192,56.66817766800523,0.04731326550245285,0.9263763427734375,0.1352500021457672,4.25
193,56.95066460873932,0.05636133253574371,0.925994873046875,0.1472499966621399,4.231250286102295
194,57.169796789065,0.049513038247823715,0.9256134033203125,0.16550001502037048,4.843750476837158
195,58.101218710653484,0.05385957285761833,0.92523193359375,0.14525000751018524,4.637499809265137
196,58.3446992309764,0.051322851330041885,0.9248504638671875,0.16224999725818634,4.69374942779541
197,58.5648593576625,0.04319440945982933,0.924468994140625,0.1587500125169754,4.643750190734863
198,58.82001548539847,0.0651920735836029,0.9240875244140625,0.15275000035762787,4.700000286102295
199,59.074241240508854,0.04513336718082428,0.9237060546875,0.15299999713897705,4.575000286102295
200,59.397632133215666,0.05611155182123184,0.9233245849609375,0.1522500067949295,4.524999618530273
201,59.63370166812092,0.04420371353626251,0.922943115234375,0.13825000822544098,4.324999809265137
202,59.90446562319994,0.04480483755469322,0.9225616455078125,0.15800000727176666,4.462499618530273
203,60.169041958637536,0.04775051772594452,0.92218017578125,0.15399999916553497,4.631249904632568
204,60.412930611521006,0.04666370898485184,0.9217987060546875,0.14800001680850983,4.474999904632568
205,60.70046171825379,0.045434191823005676,0.921417236328125,0.15650001168251038,4.556249618530273
206,60.97529338207096,0.05194922164082527,0.9210357666015625,0.1522500067949295,4.625
207,61.204976801760495,0.061159178614616394,0.920654296875,0.1365000158548355,4.162500381469727
208,61.451600870117545,0.0626189261674881,0.9202728271484375,0.14350000023841858,4.149999618530273
209,61.75304046925157,0.054859526455402374,0.919891357421875,0.16350001096725464,4.856249809265137
210,62.10947590973228,0.04801018908619881,0.9195098876953125,0.1457500010728836,4.399999618530273
211,62.34086502715945,0.04692782461643219,0.91912841796875,0.1627500206232071,4.743750095367432
212,62.6843032296747,0.04933625087141991,0.9187469482421875,0.15700000524520874,4.693750381469727
213,62.90793436393142,0.05630064755678177,0.918365478515625,0.13950002193450928,4.099999904632568
214,63.161604369059205,0.047619037330150604,0.9179840087890625,0.16200000047683716,4.743749618530273
215,63.46258114092052,0.046400852501392365,0.9176025390625,0.15775001049041748,4.6875
216,63.68233179394156,0.05171140655875206,0.9172210693359375,0.1379999965429306,4.22499942779541
217,63.942884403280914,0.04177251085639,0.916839599609375,0.16075000166893005,4.606249809265137
218,64.17740877438337,0.06066112965345383,0.9164581298828125,0.15174999833106995,4.543749809265137
219,64.41403110604733,0.04659569263458252,0.91607666015625,0.14875000715255737,4.262499809265137
220,64.71084164548665,0.04508873447775841,0.9156951904296875,0.1640000194311142,4.893750190734863
221,64.94537108577788,0.05866280198097229,0.915313720703125,0.1525000035762787,4.606249809265137
222,65.57668918464333,0.045803844928741455,0.9149322509765625,0.1472500115633011,4.299999713897705
223,65.80091000534594,0.05036928132176399,0.91455078125,0.17375001311302185,5.02500057220459
224,66.133289960213,0.05004335939884186,0.9141693115234375,0.1420000046491623,4.399999618530273
225,66.36327411979437,0.05495842173695564,0.913787841796875,0.14749999344348907,4.475000381469727
226,66.58163429796696,0.06540954113006592,0.9134063720703125,0.1667500138282776,4.856249809265137
227,66.79961225669831,0.05116908624768257,0.91302490234375,0.1575000137090683,4.699999809265137
228,67.05877459421754,0.05596313998103142,0.9126434326171875,0.1599999964237213,5.062500476837158
229,67.29117136821151,0.05451596528291702,0.912261962890625,0.1574999988079071,4.681249618530273
230,67.53668466676027,0.04644175246357918,0.9118804931640625,0.15000000596046448,4.474999904632568
231,67.81370103359222,0.046274442225694656,0.9114990234375,0.15125000476837158,4.525000095367432
232,68.05148003529757,0.046280987560749054,0.9111175537109375,0.1577499806880951,4.806250095367432
233,68.28980990871787,0.04169686138629913,0.910736083984375,0.16224999725818634,4.712499618530273
234,68.52080565039068,0.04925718903541565,0.9103546142578125,0.1485000103712082,4.900000095367432
235,68.85555425845087,0.059793051332235336,0.90997314453125,0.15900000929832458,4.562499523162842
236,69.18188606668264,0.050969310104846954,0.9095916748046875,0.1550000160932541,4.549999713897705
237,69.4581746654585,0.049705225974321365,0.909210205078125,0.15800000727176666,5.0625
238,69.70619531907141,0.05252562090754509,0.9088287353515625,0.17250001430511475,4.975000381469727
239,69.95537043735385,0.04039089381694794,0.908447265625,0.16174998879432678,4.800000190734863
240,70.20283337403089,0.04642844200134277,0.9080657958984375,0.1522500067949295,4.724999904632568
241,70.44095169752836,0.04237649217247963,0.907684326171875,0.15299999713897705,4.518750190734863
242,70.70887734089047,0.05820271745324135,0.9073028564453125,0.1457499861717224,4.393749713897705
243,70.94190644100308,0.043674178421497345,0.90692138671875,0.1495000123977661,4.75
244,71.22839283104986,0.052435606718063354,0.9065399169921875,0.1667500138282776,4.699999809265137
245,71.65336004830897,0.051226451992988586,0.906158447265625,0.14674998819828033,4.5
246,71.92285567335784,0.053717441856861115,0.9057769775390625,0.14249999821186066,4.512499809265137
247,72.21298725251108,0.04504191502928734,0.9053955078125,0.1577499955892563,4.449999809265137
248,72.49135560821742,0.0465010330080986,0.9050140380859375,0.1574999988079071,4.737499713897705
249,72.87822457309812,0.04992279037833214,0.904632568359375,0.15275000035762787,4.75
250,73.12611898873001,0.05555711314082146,0.9042510986328125,0.15075001120567322,4.518750190734863
251,73.37284939922392,0.04611324518918991,0.90386962890625,0.16450001299381256,4.806249618530273
252,73.60296589881182,0.046630147844552994,0.9034881591796875,0.17125000059604645,5.237500190734863
253,73.86162795033306,0.04343979060649872,0.903106689453125,0.14925000071525574,4.618750095367432
254,74.36119920667261,0.04985050484538078,0.9027252197265625,0.1525000035762787,4.587500095367432
255,74.58109211735427,0.04766703024506569,0.90234375,0.1587500125169754,4.875000476837158
256,74.80260223802179,0.05222892761230469,0.9019622802734375,0.1602499932050705,4.674999713897705
257,75.03954926505685,0.04815371707081795,0.901580810546875,0.15650001168251038,4.774999618530273
258,75.27584743220359,0.04912174865603447,0.9011993408203125,0.15299999713897705,4.949999809265137
259,75.5547743961215,0.04784170910716057,0.90081787109375,0.1677500158548355,4.65625
260,75.8409826895222,0.04723603278398514,0.9004364013671875,0.16049998998641968,4.900000095367432
261,76.13433384243399,0.04772423207759857,0.900054931640625,0.15550000965595245,4.799999713897705
262,76.39121736772358,0.04044312238693237,0.8996734619140625,0.1457500010728836,4.431249618530273
263,76.61163343861699,0.04261450469493866,0.8992919921875,0.16075000166893005,4.71875
264,76.82984513696283,0.04267691448330879,0.8989105224609375,0.15800000727176666,5.112499713897705
265,77.1656634779647,0.045434605330228806,0.898529052734375,0.15850000083446503,4.568750381469727
266,78.07153178844601,0.050820451229810715,0.8981475830078125,0.15175001323223114,4.581249713897705
267,78.47017837315798,0.04914332926273346,0.89776611328125,0.14400000870227814,4.412499904632568
268,78.7543638497591,0.041411418467760086,0.8973846435546875,0.15024998784065247,4.581250190734863
269,79.01196361053735,0.04461207985877991,0.897003173828125,0.15275000035762787,4.387499809265137
270,79.2491085510701,0.047287799417972565,0.8966217041015625,0.1472500115633011,4.700000286102295
271,79.71437379252166,0.03959004953503609,0.896240234375,0.15300001204013824,4.462499618530273
272,79.98287300113589,0.05532506853342056,0.8958587646484375,0.16124999523162842,4.724999904632568
273,80.21933949831873,0.0442003458738327,0.895477294921875,0.14350000023841858,4.5
274,80.47593599092215,0.04528522118926048,0.8950958251953125,0.14875000715255737,4.393750190734863
275,80.70767407957464,0.05635323375463486,0.89471435546875,0.14025001227855682,4.168749809265137
276,80.96903096139431,0.04249712824821472,0.8943328857421875,0.1459999978542328,4.699999809265137
277,81.18667570780963,0.05474257841706276,0.893951416015625,0.1599999964237213,4.574999809265137
278,82.0260455077514,0.0444929338991642,0.8935699462890625,0.15675000846385956,4.6437506675720215
279,82.36858254298568,0.0454387292265892,0.8931884765625,0.1509999781847,4.712500095367432
280,82.73464899044484,0.03560696169734001,0.8928070068359375,0.14549998939037323,4.449999809265137
281,83.07997650839388,0.041409943252801895,0.892425537109375,0.15925000607967377,4.587500095367432
282,83.30812701676041,0.051178257912397385,0.8920440673828125,0.14925001561641693,4.612499713897705
283,83.5466974740848,0.04645548015832901,0.89166259765625,0.14499999582767487,4.387499809265137
284,83.80222001578659,0.04972902312874794,0.8912811279296875,0.1614999920129776,4.699999809265137
285,84.13452055957168,0.05157274752855301,0.890899658203125,0.15625,4.700000286102295
286,84.40510526578873,0.037183284759521484,0.8905181884765625,0.16599997878074646,4.84375
287,84.64905977342278,0.04484584555029869,0.89013671875,0.1550000011920929,4.737500190734863
288,84.89198811817914,0.04315865784883499,0.8897552490234375,0.14350000023841858,4.275000095367432
289,85.2044935002923,0.048888374119997025,0.889373779296875,0.15125000476837158,4.462499618530273
290,85.43817973416299,0.048214156180620193,0.8889923095703125,0.1602499932050705,4.774999618530273
291,85.66159884817898,0.047259680926799774,0.88861083984375,0.1522500067949295,4.224999904632568
292,85.96855258289725,0.04644918441772461,0.8882293701171875,0.16074998676776886,4.962499618530273
293,86.20672829449177,0.04965212568640709,0.887847900390625,0.15674999356269836,4.668749809265137
294,86.45089024398476,0.048516370356082916,0.8874664306640625,0.15025000274181366,4.8125
295,86.68285642471164,0.04299614578485489,0.8870849609375,0.16575001180171967,4.706250190734863
296,86.94548385124654,0.03880685567855835,0.8867034912109375,0.15675000846385956,4.706249713897705
297,87.19640119653195,0.044324733316898346,0.886322021484375,0.15574999153614044,4.900000095367432
298,87.41646114364266,0.041097547858953476,0.8859405517578125,0.16099999845027924,4.762500286102295
299,87.66294831316918,0.03904307633638382,0.88555908203125,0.1639999896287918,4.806249618530273
300,87.9656915506348,0.04140658676624298,0.8851776123046875,0.15799999237060547,4.912500381469727
301,88.19241569843143,0.04660581424832344,0.884796142578125,0.16600000858306885,4.887499809265137
302,88.43002687115222,0.037310101091861725,0.8844146728515625,0.15450000762939453,4.618750095367432
303,88.6706959810108,0.04238876327872276,0.884033203125,0.16300001740455627,5.025000095367432
304,88.90847251843661,0.04838106036186218,0.8836517333984375,0.15775001049041748,4.75624942779541
305,89.18409829307348,0.04687906429171562,0.883270263671875,0.1550000011920929,4.624999523162842
306,89.407521314919,0.04974991828203201,0.8828887939453125,0.15800000727176666,4.612499713897705
307,89.6268669506535,0.037512168288230896,0.88250732421875,0.15325000882148743,4.818749904632568
308,89.8500420935452,0.046419136226177216,0.8821258544921875,0.15924999117851257,4.637499809265137
309,90.14417175855488,0.04499031975865364,0.881744384765625,0.1577499955892563,4.599999904632568
310,90.4066055174917,0.04031054675579071,0.8813629150390625,0.15950000286102295,5.012499809265137
311,90.67092748079449,0.04252476245164871,0.8809814453125,0.14649999141693115,4.281249523162842
312,91.01043468434364,0.043956078588962555,0.8805999755859375,0.1470000147819519,4.549999713897705
313,91.26899095531553,0.04790955409407616,0.880218505859375,0.15349999070167542,4.418749809265137
314,91.5844019856304,0.0420607253909111,0.8798370361328125,0.14425000548362732,4.425000190734863
315,92.25104033946991,0.04289925470948219,0.87945556640625,0.15125001966953278,4.737500190734863
316,92.50069648772478,0.044102080166339874,0.8790740966796875,0.16175001859664917,4.71875
317,92.71960917301476,0.043620504438877106,0.878692626953125,0.14899998903274536,4.462500095367432
318,92.96806123200804,0.04663616418838501,0.8783111572265625,0.1629999876022339,4.887500286102295
319,93.2292841617018,0.04039755091071129,0.8779296875,0.1589999943971634,4.899999618530273
320,93.48828004300594,0.045232076197862625,0.8775482177734375,0.14650000631809235,4.368750095367432
321,93.72067444398999,0.034768059849739075,0.877166748046875,0.1522499918937683,4.525000095367432
322,93.96615532040596,0.04171430692076683,0.8767852783203125,0.14525002241134644,4.487500190734863
323,94.22333581931889,0.043294426053762436,0.87640380859375,0.1667499989271164,4.856250286102295
324,94.45897878613323,0.04273638874292374,0.8760223388671875,0.17350000143051147,5.125000476837158
325,94.72240418288857,0.040959782898426056,0.875640869140625,0.15399999916553497,4.831249237060547
326,94.96645978279412,0.041416529566049576,0.8752593994140625,0.16199998557567596,4.84375
327,95.30243799649179,0.04211297631263733,0.8748779296875,0.15399999916553497,4.687499523162842
328,95.57356095034629,0.04525278881192207,0.8744964599609375,0.1522500067949295,4.59375
329,95.84287584293634,0.04470973461866379,0.874114990234375,0.16850000619888306,4.931250095367432
330,96.12350291479379,0.04185432940721512,0.8737335205078125,0.1537500023841858,4.5625
331,96.85210325196385,0.03363647311925888,0.87335205078125,0.1535000056028366,4.793749809265137
332,97.68507091607898,0.041607603430747986,0.8729705810546875,0.16625000536441803,4.762499809265137
333,97.90518669970334,0.04763524979352951,0.872589111328125,0.1485000103712082,4.550000190734863
334,98.13688245601952,0.04058780521154404,0.8722076416015625,0.16700001060962677,4.825000286102295
335,98.37574543897063,0.04525980353355408,0.871826171875,0.16200000047683716,4.837500095367432
336,98.63682360295206,0.05076147988438606,0.8714447021484375,0.1614999920129776,4.937499523162842
337,98.90492031909525,0.042579445987939835,0.871063232421875,0.16324998438358307,4.762499809265137
338,99.12682151142508,0.03905448690056801,0.8706817626953125,0.15550000965595245,4.774999618530273
339,99.44643179979175,0.04392236843705177,0.87030029296875,0.1614999920129776,4.724999904632568
340,99.68009492009878,0.04452630132436752,0.8699188232421875,0.1627499908208847,4.974999904632568
341,99.92082152888179,0.04054984822869301,0.869537353515625,0.14749999344348907,4.456250190734863
342,100.13894123397768,0.043681394308805466,0.8691558837890625,0.15450002253055573,5.024999618530273
343,100.42577097378671,0.040239401161670685,0.8687744140625,0.15425001084804535,4.424999713897705
344,100.64526606164873,0.03622068837285042,0.8683929443359375,0.17400000989437103,5.131249904632568
345,101.04957654513419,0.038774747401475906,0.868011474609375,0.1627499908208847,5.012500286102295
346,101.29351493343711,0.04234374314546585,0.8676300048828125,0.1679999977350235,4.943749904632568
347,101.7153745982796,0.042735323309898376,0.86724853515625,0.15600000321865082,4.71875
348,101.94765642564744,0.037452250719070435,0.8668670654296875,0.15324999392032623,4.825000286102295
349,102.19778902549297,0.03632504865527153,0.866485595703125,0.15850000083446503,4.65625
350,102.5088663045317,0.043736062943935394,0.8661041259765625,0.15650001168251038,4.6374993324279785
351,102.7885741153732,0.04419322684407234,0.86572265625,0.14749999344348907,4.787499904632568
352,103.0463949861005,0.041683685034513474,0.8653411865234375,0.1547500044107437,4.46875
353,103.27980171144009,0.04158551245927811,0.864959716796875,0.16725000739097595,4.875
354,103.52171698957682,0.041229959577322006,0.8645782470703125,0.15825000405311584,4.824999809265137
355,103.75191920157522,0.04300981014966965,0.86419677734375,0.1432500034570694,4.412499904632568
356,104.01660803891718,0.043969348073005676,0.8638153076171875,0.15550000965595245,4.599999904632568
357,104.27195794228464,0.04197569563984871,0.863433837890625,0.1589999943971634,4.999999523162842
358,104.53659158572555,0.04445010423660278,0.8630523681640625,0.15974999964237213,4.824999809265137
359,104.77378126140684,0.04203779622912407,0.8626708984375,0.15550000965595245,4.53125
360,105.01294434070587,0.045493680983781815,0.8622894287109375,0.1627499908208847,4.9375
361,105.24365144688636,0.03578837960958481,0.861907958984375,0.1705000102519989,4.993749618530273
362,105.50305378157645,0.04566212370991707,0.8615264892578125,0.16949999332427979,5.106249809265137
363,105.73698373604566,0.04712226614356041,0.86114501953125,0.15600000321865082,4.849999904632568
364,105.98249713424593,0.04651804268360138,0.8607635498046875,0.15524999797344208,4.699999809265137
365,106.21606504544616,0.03823237493634224,0.860382080078125,0.15850000083446503,4.618750095367432
366,106.48795095458627,0.03599335253238678,0.8600006103515625,0.15549999475479126,4.962499618530273
367,106.72983948141336,0.03431640937924385,0.859619140625,0.15525001287460327,4.618750095367432
368,107.67839543707669,0.040122855454683304,0.8592376708984375,0.16500000655651093,4.793750286102295
369,107.92522640898824,0.03949178382754326,0.858856201171875,0.1509999930858612,4.699999809265137
370,108.17762677092105,0.041103094816207886,0.8584747314453125,0.1510000079870224,4.543749809265137
371,108.41772359795868,0.03071797825396061,0.85809326171875,0.16550001502037048,4.793749809265137
372,108.65554995834827,0.04429294541478157,0.8577117919921875,0.1550000011920929,4.699999809265137
373,108.9017133563757,0.03735509514808655,0.857330322265625,0.1602499932050705,4.775000095367432
374,109.14981175679713,0.04008889198303223,0.8569488525390625,0.15049999952316284,4.518750190734863
375,109.37885273993015,0.03931228816509247,0.8565673828125,0.1340000033378601,4.162500381469727
376,109.64545587077737,0.04378841444849968,0.8561859130859375,0.1522500067949295,4.34375
377,109.91704505868256,0.036810558289289474,0.855804443359375,0.1549999862909317,4.606249809265137
378,110.20183213148266,0.03862982988357544,0.8554229736328125,0.15275000035762787,4.737499713897705
379,110.45034228172153,0.04405372962355614,0.85504150390625,0.15725000202655792,4.575000286102295
380,110.69029492419213,0.039542634040117264,0.8546600341796875,0.16249999403953552,4.868750095367432
381,110.91450691968203,0.03891885280609131,0.854278564453125,0.16950000822544098,5.487500190734863
382,111.16938127297908,0.03812607377767563,0.8538970947265625,0.15974999964237213,4.699999809265137
383,111.40304788108915,0.03597690537571907,0.853515625,0.1629999876022339,4.862500190734863
384,111.64301531203091,0.0426938533782959,0.8531341552734375,0.14600001275539398,4.587500095367432
385,111.90387858171016,0.04419693350791931,0.852752685546875,0.16625000536441803,4.731249809265137
386,112.22702181525528,0.04099993780255318,0.8523712158203125,0.16575001180171967,4.924999713897705
387,112.69267371855676,0.03530091419816017,0.85198974609375,0.15575000643730164,4.775000095367432
388,112.9304847093299,0.03807458654046059,0.8516082763671875,0.15549999475479126,4.800000190734863
389,113.18577982857823,0.034325920045375824,0.851226806640625,0.16050000488758087,4.606249809265137
390,113.44092155899853,0.03179255127906799,0.8508453369140625,0.1510000079870224,4.637499809265137
391,113.67686921358109,0.03903048858046532,0.8504638671875,0.1627499908208847,4.84375
392,113.9391378313303,0.03656932711601257,0.8500823974609375,0.16825000941753387,4.887499809265137
393,114.18303517065942,0.04089159145951271,0.849700927734375,0.14374999701976776,4.524999618530273
394,114.91279763635248,0.04464321956038475,0.8493194580078125,0.16224999725818634,4.681249618530273
395,115.13813298754394,0.04394380375742912,0.84893798828125,0.1667500138282776,4.875
396,115.48749112337828,0.03759758919477463,0.8485565185546875,0.14824999868869781,4.462499618530273
397,115.76437375880778,0.04009386524558067,0.848175048828125,0.1599999964237213,4.706250190734863
398,116.08095381036401,0.04054929316043854,0.8477935791015625,0.15050001442432404,4.53125
399,116.34750878997147,0.03660384565591812,0.847412109375,0.1522500067949295,4.524999618530273
400,116.60057520121336,0.03618491441011429,0.8470306396484375,0.1602500081062317,4.793749809265137
401,116.82247911859304,0.03785891458392143,0.846649169921875,0.15674999356269836,4.675000190734863
402,117.070870754309,0.03633531555533409,0.8462677001953125,0.15700000524520874,4.799999713897705
403,117.29417746514082,0.034290775656700134,0.84588623046875,0.1587499976158142,4.650000095367432
404,117.53668780066073,0.03819098696112633,0.8455047607421875,0.1522500067949295,4.650000095367432
405,117.78440615069121,0.04017339274287224,0.845123291015625,0.14949999749660492,4.5625
406,118.15105926711112,0.03474852442741394,0.8447418212890625,0.16900001466274261,4.90625
407,118.40653279516846,0.04116123542189598,0.8443603515625,0.16450001299381256,4.887500286102295
408,118.65056927874684,0.042678188532590866,0.8439788818359375,0.1525000035762787,5.025000095367432
409,118.96351229771972,0.04480459541082382,0.843597412109375,0.1627499908208847,4.643750190734863
410,119.19420847296715,0.03908097743988037,0.8432159423828125,0.1599999964237213,4.724999904632568
411,119.49234491121024,0.03663874790072441,0.84283447265625,0.15074999630451202,4.75
412,120.36418659519404,0.0336119718849659,0.8424530029296875,0.15550000965595245,4.575000286102295
413,120.60856936313212,0.03540118783712387,0.842071533203125,0.16049998998641968,4.71875
414,120.96904279571027,0.03926588222384453,0.8416900634765625,0.1535000056028366,4.9375
415,121.2329285023734,0.03161345049738884,0.84130859375,0.1495000123977661,4.324999809265137
416,121.4738063076511,0.03508778288960457,0.8409271240234375,0.14650000631809235,4.443749904632568
417,121.70336101297289,0.046494852751493454,0.840545654296875,0.1587500125169754,4.862500190734863
418,121.92494726926088,0.039412643760442734,0.8401641845703125,0.15150000154972076,4.699999809265137
419,122.18201270978898,0.03767143189907074,0.83978271484375,0.1574999988079071,4.5625
420,122.48146511800587,0.03437851369380951,0.8394012451171875,0.14350000023841858,4.524999618530273
421,122.70219240710139,0.04199329763650894,0.839019775390625,0.14525000751018524,4.356249809265137
422,122.94067003019154,0.039979130029678345,0.8386383056640625,0.16775000095367432,4.793749809265137
423,123.18595777172595,0.04453514888882637,0.8382568359375,0.1627499908208847,5.137499809265137
424,123.56368642952293,0.037080325186252594,0.8378753662109375,0.15025000274181366,4.618749618530273
425,123.81823315098882,0.04315456748008728,0.837493896484375,0.17075000703334808,4.90625
426,124.06576553173363,0.03856547176837921,0.8371124267578125,0.15825000405311584,4.800000190734863
427,124.33035971969366,0.036117132753133774,0.83673095703125,0.1510000079870224,4.599999904632568
428,124.59260485321283,0.033240579068660736,0.8363494873046875,0.1627499908208847,4.800000190734863
429,124.90798197872937,0.03919188305735588,0.835968017578125,0.14550000429153442,4.58750057220459
430,125.14452587161213,0.03482574597001076,0.8355865478515625,0.1562500149011612,4.493750095367432
431,125.37325802072883,0.04199066013097763,0.835205078125,0.15600000321865082,4.656249523162842
432,125.63143306039274,0.045637212693691254,0.8348236083984375,0.15649999678134918,4.800000190734863
433,125.88263159804046,0.03624541684985161,0.834442138671875,0.15800000727176666,4.806250095367432
434,126.20022742357105,0.033998169004917145,0.8340606689453125,0.1537500023841858,4.499999523162842
435,126.50245635677129,0.03187454864382744,0.83367919921875,0.1472499966621399,4.337499618530273
436,126.73562074359506,0.031076714396476746,0.8332977294921875,0.16200000047683716,4.799999713897705
437,126.97058443631977,0.03811812028288841,0.832916259765625,0.16600000858306885,4.912499904632568
438,127.21121564414352,0.034509580582380295,0.8325347900390625,0.15650001168251038,4.787499904632568
439,127.45524796936661,0.03431861847639084,0.8321533203125,0.17149999737739563,4.993749618530273
440,127.73671244550496,0.03498455509543419,0.8317718505859375,0.15725000202655792,4.743749618530273
441,127.97856351267546,0.03940574824810028,0.831390380859375,0.1522500067949295,4.424999713897705
442,128.24476826842874,0.042992398142814636,0.8310089111328125,0.15549999475479126,4.787499904632568
443,128.50872615352273,0.034713514149188995,0.83062744140625,0.16099999845027924,4.71875
444,128.7417771453038,0.03790836036205292,0.8302459716796875,0.15449999272823334,4.587499618530273
445,128.9885688824579,0.04581746459007263,0.829864501953125,0.15600000321865082,4.8125
446,129.34510387014598,0.03525129333138466,0.8294830322265625,0.1732500046491623,4.987499713897705
447,129.5793309994042,0.03835161775350571,0.8291015625,0.15574999153614044,4.625
448,129.80998998507857,0.04894036799669266,0.8287200927734375,0.1510000079870224,4.699999809265137
449,130.03508545272052,0.03689797967672348,0.828338623046875,0.1562499850988388,4.5625
450,130.26420086622238,0.046192314475774765,0.8279571533203125,0.1497500091791153,4.400000095367432
451,130.50822083745152,0.034251343458890915,0.82757568359375,0.16199998557567596,4.956250190734863
452,131.33094804175198,0.035313930362463,0.8271942138671875,0.1639999896287918,4.737500190734863
453,131.55870937462896,0.04118448123335838,0.826812744140625,0.15174999833106995,4.787499904632568
454,131.89052577130497,0.043120965361595154,0.8264312744140625,0.16224999725818634,4.775000095367432
455,132.17819354590029,0.04631856828927994,0.8260498046875,0.164249986410141,4.787499904632568
456,132.40872239694,0.03252148628234863,0.8256683349609375,0.1547500044107437,4.937499046325684
457,132.66222134698182,0.039399322122335434,0.825286865234375,0.16224999725818634,4.799999713897705
458,132.8802061174065,0.04162554815411568,0.8249053955078125,0.15575000643730164,4.550000190734863
459,133.10914137028158,0.04027358815073967,0.82452392578125,0.16249999403953552,4.875
460,133.37207186035812,0.042632829397916794,0.8241424560546875,0.16475000977516174,5.0
461,133.6501799542457,0.035135991871356964,0.823760986328125,0.16600000858306885,4.893750190734863
462,133.89976725168526,0.04282788932323456,0.8233795166015625,0.15549999475479126,4.675000190734863
463,134.14561025425792,0.03293275088071823,0.822998046875,0.1602500081062317,4.868750095367432
464,134.39806545898318,0.033353157341480255,0.8226165771484375,0.1652500033378601,4.81874942779541
465,134.63551375456154,0.039933815598487854,0.822235107421875,0.1550000160932541,4.724999904632568
466,134.95203782990575,0.03578488528728485,0.8218536376953125,0.16775000095367432,4.924999713897705
467,135.22390064503998,0.033085521310567856,0.82147216796875,0.15700000524520874,4.706250190734863
468,135.45809938944876,0.03680618107318878,0.8210906982421875,0.16175001859664917,5.162500381469727
469,135.71378625091165,0.03898453339934349,0.820709228515625,0.15550000965595245,4.625
470,135.93768455274403,0.044613663107156754,0.8203277587890625,0.17075000703334808,4.993750095367432
471,136.15503567270935,0.035915832966566086,0.8199462890625,0.1522500067949295,4.887500286102295
472,136.45315911620855,0.04124373570084572,0.8195648193359375,0.14800000190734863,4.362500190734863
473,136.67886753194034,0.0436762310564518,0.819183349609375,0.15950000286102295,4.6875
474,136.96550681162626,0.03702417016029358,0.8188018798828125,0.14949999749660492,4.675000190734863
475,137.22131215874106,0.034464459866285324,0.81842041015625,0.16200000047683716,4.618749618530273
476,137.46191002242267,0.03262680768966675,0.8180389404296875,0.1457500010728836,4.475000381469727
477,137.74816665798426,0.03431139141321182,0.817657470703125,0.16575001180171967,5.16249942779541
478,138.03585206717253,0.036373935639858246,0.8172760009765625,0.16099999845027924,4.824999809265137
479,138.25393385905772,0.03858368843793869,0.81689453125,0.15950000286102295,4.75
480,138.4854329060763,0.03864753991365433,0.8165130615234375,0.1470000147819519,4.91249942779541
481,138.84003796149045,0.030950644984841347,0.816131591796875,0.15799999237060547,4.512499809265137
482,139.07177444640547,0.03800702467560768,0.8157501220703125,0.15000000596046448,4.40625
483,139.33092678617686,0.03277872875332832,0.81536865234375,0.16600000858306885,5.25
484,139.55103435367346,0.047432318329811096,0.8149871826171875,0.1667499989271164,4.806249618530273
485,139.79217430390418,0.031886644661426544,0.814605712890625,0.16574998199939728,5.03125
486,140.06907201744616,0.036471329629421234,0.8142242431640625,0.1550000011920929,4.824999809265137
487,140.2886633174494,0.04343624785542488,0.8138427734375,0.15474998950958252,4.474999904632568
488,140.5338374832645,0.04377645254135132,0.8134613037109375,0.15850000083446503,4.81874942779541
489,140.78910905867815,0.03970545902848244,0.813079833984375,0.1587499976158142,4.762499809265137
490,141.00898580811918,0.03969402611255646,0.8126983642578125,0.1615000218153,4.97499942779541
491,141.2529121832922,0.04034853354096413,0.81231689453125,0.15625,4.556250095367432
492,141.49704800359905,0.03997579962015152,0.8119354248046875,0.15900000929832458,5.075000286102295
493,141.80778534896672,0.04042120277881622,0.811553955078125,0.1537500023841858,4.5625
494,142.05345922149718,0.03948007896542549,0.8111724853515625,0.14900000393390656,4.443749904632568
495,142.30502834916115,0.034827593713998795,0.810791015625,0.14949999749660492,4.387499809265137
496,142.52584148198366,0.03591307997703552,0.8104095458984375,0.1525000035762787,4.643749713897705
497,142.74543496593833,0.03850022703409195,0.810028076171875,0.1629999876022339,4.78749942779541
498,142.96511864010245,0.0456404909491539,0.8096466064453125,0.1417500078678131,4.450000286102295
499,143.30721863079816,0.04317324981093407,0.80926513671875,0.16950000822544098,4.793750286102295
500,143.5687021613121,0.04155978187918663,0.8088836669921875,0.15399999916553497,4.612500190734863
501,143.80300664622337,0.03376090154051781,0.808502197265625,0.16124999523162842,5.174999713897705
502,144.0343097615987,0.0388701856136322,0.8081207275390625,0.15850000083446503,4.681250095367432
503,144.26738447975367,0.041661180555820465,0.8077392578125,0.15300001204013824,4.550000190734863
504,144.57510876189917,0.03322042524814606,0.8073577880859375,0.14474999904632568,4.574999809265137
505,144.8158265342936,0.034633129835128784,0.806976318359375,0.16725000739097595,4.837500095367432
506,145.04757501091808,0.03304310515522957,0.8065948486328125,0.16224998235702515,4.731250286102295
507,145.30292201973498,0.03640773892402649,0.80621337890625,0.15725000202655792,4.737500190734863
508,145.54525295458734,0.03739356994628906,0.8058319091796875,0.16599997878074646,4.899999618530273
509,146.01607200689614,0.03649487718939781,0.805450439453125,0.15950000286102295,4.799999713897705
510,146.2926837094128,0.04289809614419937,0.8050689697265625,0.14924998581409454,4.362499713897705
511,146.5440027145669,0.03706465661525726,0.8046875,0.15650001168251038,4.656249523162842
512,146.78427290916443,0.036945585161447525,0.8043060302734375,0.1587499976158142,4.775000095367432
513,147.06674323789775,0.039162229746580124,0.803924560546875,0.16075000166893005,4.849999904632568
514,147.28527331072837,0.03588101640343666,0.8035430908203125,0.14800000190734863,4.618749618530273
515,147.5314613552764,0.03409593552350998,0.80316162109375,0.1629999876022339,4.75
516,147.76798338722438,0.03484344482421875,0.8027801513671875,0.1550000160932541,4.75
517,148.13296797592193,0.03270776569843292,0.802398681640625,0.16374999284744263,4.799999713897705
518,148.42311672773212,0.04293163865804672,0.8020172119140625,0.16124999523162842,4.824999809265137
519,148.71433208603412,0.035339098423719406,0.8016357421875,0.15424999594688416,4.75
520,148.9681548299268,0.034175485372543335,0.8012542724609375,0.16099999845027924,4.84375
521,149.2177111795172,0.041564133018255234,0.800872802734375,0.17099998891353607,4.937499523162842
522,149.56427618861198,0.037682972848415375,0.8004913330078125,0.1537500023841858,4.775000095367432
523,149.808702358976,0.040738847106695175,0.80010986328125,0.17524999380111694,5.087500095367432
524,150.24954967945814,0.0368678942322731,0.7997283935546875,0.15650001168251038,4.662499904632568
525,150.5246758805588,0.03874504566192627,0.799346923828125,0.14949998259544373,4.862499713897705
526,150.75175592303276,0.036829885095357895,0.7989654541015625,0.15175001323223114,4.375
527,151.00698013789952,0.04075821489095688,0.798583984375,0.15950000286102295,4.712500095367432
528,151.26864585559815,0.0413946658372879,0.7982025146484375,0.1472499966621399,4.637500286102295
529,151.82372443936765,0.03856636583805084,0.797821044921875,0.16574998199939728,4.856249809265137
530,152.06406083889306,0.03315030038356781,0.7974395751953125,0.15974999964237213,4.643749713897705
531,152.31452487688512,0.037594303488731384,0.79705810546875,0.14675001800060272,4.737500190734863
532,153.02320934366435,0.0387515090405941,0.7966766357421875,0.1705000102519989,4.781249523162842
533,153.34234841912985,0.03302331641316414,0.796295166015625,0.16899999976158142,5.006250381469727
534,153.671574274078,0.04063709080219269,0.7959136962890625,0.16575001180171967,4.9375
535,153.9485482526943,0.034875109791755676,0.7955322265625,0.16325001418590546,4.899999618530273
536,154.18486336246133,0.037374090403318405,0.7951507568359375,0.15449999272823334,4.71875
537,154.56359936576337,0.03816654533147812,0.794769287109375,0.15850000083446503,4.687499523162842
538,154.79453798010945,0.04142060503363609,0.7943878173828125,0.16224999725818634,5.037499904632568
539,155.03665343858302,0.040991220623254776,0.79400634765625,0.1562500149011612,4.543749809265137
540,155.28642346151173,0.03885187208652496,0.7936248779296875,0.16625000536441803,4.775000095367432
541,155.54564511217177,0.0445229709148407,0.793243408203125,0.16074998676776886,5.09375
542,155.79886512551457,0.04316940903663635,0.7928619384765625,0.16200000047683716,4.743750095367432
543,156.07431447692215,0.03249330818653107,0.79248046875,0.1510000079870224,4.737500190734863
544,156.322843933478,0.03959241509437561,0.7920989990234375,0.17149999737739563,4.993750095367432
545,156.59299803432077,0.032595694065093994,0.791717529296875,0.16474997997283936,4.818749904632568
546,156.83211716078222,0.03447304666042328,0.7913360595703125,0.15424999594688416,5.012499809265137
547,157.1168022416532,0.031198719516396523,0.79095458984375,0.1562500149011612,4.662499904632568
548,157.35498557705432,0.0361236147582531,0.7905731201171875,0.1677500158548355,4.787499904632568
549,157.61161605548114,0.036667343229055405,0.790191650390625,0.14750000834465027,4.587500095367432
550,157.85460229963064,0.037758368998765945,0.7898101806640625,0.1587499976158142,4.612500190734863
551,158.1057724133134,0.03693981096148491,0.7894287109375,0.15050001442432404,4.512499809265137
552,158.3329240316525,0.04267076402902603,0.7890472412109375,0.15275000035762787,4.975000381469727
553,158.56354714930058,0.04069586843252182,0.788665771484375,0.1577499955892563,4.587500095367432
554,158.86639849003404,0.036871287971735,0.7882843017578125,0.1692499965429306,4.918749809265137
555,159.1024922709912,0.03640901297330856,0.78790283203125,0.15775001049041748,5.25
556,159.35216725524515,0.04190452769398689,0.7875213623046875,0.16600000858306885,4.649999618530273
557,159.6147975474596,0.03201129660010338,0.787139892578125,0.17524999380111694,5.199999809265137
558,159.84932364150882,0.035873305052518845,0.7867584228515625,0.15700000524520874,4.799999713897705
559,160.27617637626827,0.041975777596235275,0.786376953125,0.16350001096725464,4.775000095367432
560,160.50353351328522,0.03768743574619293,0.7859954833984375,0.1665000021457672,4.999999523162842
561,160.74008957017213,0.039408691227436066,0.785614013671875,0.15449999272823334,4.724999904632568
562,160.97145807836205,0.036640118807554245,0.7852325439453125,0.16099999845027924,4.725000381469727
563,161.2360036848113,0.03790891915559769,0.78485107421875,0.15425001084804535,4.65625
564,161.46472811792046,0.032075680792331696,0.7844696044921875,0.16224999725818634,5.137500286102295
565,162.10428614262491,0.027979958802461624,0.784088134765625,0.16425001621246338,4.887499809265137
566,162.34383136592805,0.035956352949142456,0.7837066650390625,0.16175001859664917,4.75
567,162.5962569853291,0.038618165999650955,0.7833251953125,0.1574999988079071,4.537499904632568
568,162.8756313053891,0.03016427531838417,0.7829437255859375,0.1627500206232071,5.074999809265137
569,163.0977782625705,0.0372651107609272,0.782562255859375,0.1510000079870224,4.4375
570,163.3181374957785,0.036669064313173294,0.7821807861328125,0.1537500023841858,4.650000095367432
571,163.66049736738205,0.04522167891263962,0.78179931640625,0.16199998557567596,4.912500381469727
572,163.92240292672068,0.03634456917643547,0.7814178466796875,0.15975001454353333,4.649999618530273
573,164.15309184975922,0.034636225551366806,0.781036376953125,0.14275000989437103,4.362500190734863
574,164.3869140613824,0.03693200647830963,0.7806549072265625,0.15675000846385956,4.612500190734863
575,164.6062486851588,0.03305435553193092,0.7802734375,0.16325001418590546,4.774999618530273
576,164.82314571738243,0.03996175527572632,0.7798919677734375,0.1589999943971634,5.025000095367432
577,165.05809179507196,0.033174965530633926,0.779510498046875,0.16350001096725464,4.806249618530273
578,165.31580254621804,0.0326262041926384,0.7791290283203125,0.16600000858306885,4.893749713897705
579,165.63491800799966,0.031081531196832657,0.77874755859375,0.1470000147819519,4.599999904632568
580,165.8821566523984,0.0401541069149971,0.7783660888671875,0.16199998557567596,4.806250095367432
581,166.12613664753735,0.032380420714616776,0.777984619140625,0.1599999964237213,4.618749618530273
582,166.40511394571513,0.0389159619808197,0.7776031494140625,0.16575001180171967,5.125
583,166.64728463813663,0.031985148787498474,0.7772216796875,0.1720000058412552,5.049999237060547
584,166.88447144720703,0.03114512376487255,0.7768402099609375,0.16500002145767212,4.956250190734863
585,167.74553101696074,0.035665467381477356,0.776458740234375,0.16700001060962677,4.949999809265137
586,167.9804384112358,0.041002508252859116,0.7760772705078125,0.16699999570846558,5.09375
587,168.23544057831168,0.038580864667892456,0.77569580078125,0.17125000059604645,5.0625
588,168.47445535752922,0.03643194958567619,0.7753143310546875,0.14949999749660492,4.662499904632568
589,168.7133528739214,0.03243635594844818,0.774932861328125,0.17874999344348907,4.943749904632568
590,168.98542562499642,0.04088524729013443,0.7745513916015625,0.14925001561641693,4.662499904632568
591,169.2147492840886,0.03938344866037369,0.774169921875,0.1654999852180481,5.037499904632568
592,169.47831748146564,0.03573097661137581,0.7737884521484375,0.1575000137090683,4.756249904632568
593,169.73032670188695,0.03559551760554314,0.773406982421875,0.1627500206232071,4.868750095367432
594,169.9642195487395,0.03620875999331474,0.7730255126953125,0.15675000846385956,4.700000762939453
595,170.314790870063,0.032174449414014816,0.77264404296875,0.14925001561641693,4.53125
596,170.5863012475893,0.038839127868413925,0.7722625732421875,0.15125000476837158,4.550000190734863
597,170.81912815663964,0.03080027736723423,0.771881103515625,0.15649999678134918,5.087499618530273
598,171.21553892921656,0.04071521759033203,0.7714996337890625,0.15950000286102295,4.649999618530273
599,172.06804485060275,0.03756362199783325,0.7711181640625,0.15724998712539673,4.637499809265137
600,172.3009239481762,0.039608608931303024,0.7707366943359375,0.15150000154972076,4.612499713897705
601,172.65489465370774,0.035239823162555695,0.770355224609375,0.1547500044107437,4.699999809265137
602,172.982988005504,0.033093228936195374,0.7699737548828125,0.1599999964237213,4.649999618530273
603,173.23428680188954,0.03544379025697708,0.76959228515625,0.1562499850988388,4.774999618530273
604,173.49409826938063,0.03356754034757614,0.7692108154296875,0.15800000727176666,4.59375
605,173.78416708949953,0.03953653573989868,0.768829345703125,0.16600000858306885,5.025000095367432
606,174.0324413124472,0.035824503749608994,0.7684478759765625,0.15299999713897705,4.550000190734863
607,174.43643054831773,0.03837055712938309,0.76806640625,0.15150000154972076,4.725000381469727
608,174.7790983710438,0.028193604201078415,0.7676849365234375,0.16249999403953552,4.674999713897705
609,175.0557318655774,0.032000504434108734,0.767303466796875,0.15324999392032623,4.762500286102295
610,175.3130114916712,0.037428345531225204,0.7669219970703125,0.1652500182390213,4.693749904632568
611,175.604169822298,0.040633272379636765,0.76654052734375,0.16350001096725464,4.974999904632568
612,175.92246633395553,0.030339937657117844,0.7661590576171875,0.15650001168251038,4.90000057220459
613,176.16871376056224,0.03737258166074753,0.765777587890625,0.16775000095367432,4.875
614,176.48979795724154,0.032459091395139694,0.7653961181640625,0.16374999284744263,4.875
615,176.73951793648303,0.037670109421014786,0.7650146484375,0.1510000079870224,4.562499523162842
616,176.97161171864718,0.03286159783601761,0.7646331787109375,0.17125000059604645,4.831250190734863
617,177.2393686817959,0.04468902200460434,0.764251708984375,0.16224999725818634,5.0
618,177.4602924529463,0.033535413444042206,0.7638702392578125,0.15625,4.724999904632568
619,177.6813614591956,0.036333080381155014,0.76348876953125,0.15825000405311584,4.893749713897705
620,177.9159659324214,0.03474855422973633,0.7631072998046875,0.17350000143051147,4.943749904632568
621,178.19074265100062,0.03332408890128136,0.762725830078125,0.15700000524520874,5.037499904632568
622,178.44714482780546,0.026424074545502663,0.7623443603515625,0.17000000178813934,4.849999904632568
623,178.7102693542838,0.030607987195253372,0.761962890625,0.15000000596046448,4.556250095367432
624,178.95480057317764,0.031090956181287766,0.7615814208984375,0.1537500023841858,5.025000095367432
625,179.2920846696943,0.032806068658828735,0.761199951171875,0.17099998891353607,4.71875
626,179.5250683836639,0.0319644957780838,0.7608184814453125,0.16224999725818634,4.943749904632568
627,179.79651186522096,0.03286831080913544,0.76043701171875,0.15649999678134918,4.875
628,180.1032680356875,0.031900107860565186,0.7600555419921875,0.16099998354911804,4.75
629,180.36662056390196,0.0325128547847271,0.759674072265625,0.17874999344348907,5.218749523162842
630,180.6082373270765,0.029900692403316498,0.7592926025390625,0.17649999260902405,5.3125
631,180.92547535616904,0.034921638667583466,0.7589111328125,0.17274999618530273,5.287499904632568
632,181.1676668273285,0.03235584497451782,0.7585296630859375,0.15474998950958252,4.65625
633,181.3992167385295,0.030306492000818253,0.758148193359375,0.17075000703334808,5.1875
634,181.64080385677516,0.028643805533647537,0.7577667236328125,0.16750000417232513,5.118750095367432
635,181.96784703060985,0.032593537122011185,0.75738525390625,0.1757500022649765,5.137499809265137
636,182.29697087220848,0.03808026760816574,0.7570037841796875,0.1574999839067459,4.987499237060547
637,182.55676187109202,0.03950229659676552,0.756622314453125,0.16199998557567596,4.931249618530273
638,182.97466211300343,0.03331882506608963,0.7562408447265625,0.1667499989271164,4.7312493324279785
639,183.23684498947114,0.035976629704236984,0.755859375,0.15200001001358032,4.574999809265137
640,183.48753856029361,0.03232555463910103,0.7554779052734375,0.1537500023841858,4.600000381469727
641,183.73169964924455,0.03156333789229393,0.755096435546875,0.15974999964237213,4.75
642,183.98205769527704,0.03396757319569588,0.7547149658203125,0.15974999964237213,4.787500381469727
643,184.24934441037476,0.02910204790532589,0.75433349609375,0.1599999964237213,4.806249618530273
644,184.52539474889636,0.030269412323832512,0.7539520263671875,0.16099999845027924,4.81874942779541
645,184.76276277191937,0.0307752825319767,0.753570556640625,0.15925000607967377,4.862499713897705
646,185.09604524448514,0.03443635255098343,0.7531890869140625,0.16325001418590546,4.850000381469727
647,185.38679526280612,0.032212868332862854,0.7528076171875,0.1629999876022339,4.856249809265137
648,185.70369616243988,0.039302580058574677,0.7524261474609375,0.16350001096725464,4.887499809265137
649,185.95186612848192,0.034761980175971985,0.752044677734375,0.16975000500679016,5.143750190734863
650,186.2100989986211,0.03112395852804184,0.7516632080078125,0.16124999523162842,4.775000095367432
651,186.46320115868002,0.03799808770418167,0.75128173828125,0.15725000202655792,5.125
652,186.73608529567719,0.034312374889850616,0.7509002685546875,0.17225000262260437,4.762499809265137
653,186.97098751273006,0.0280667245388031,0.750518798828125,0.16575001180171967,5.056250095367432
654,187.33731099404395,0.030162693932652473,0.7501373291015625,0.16249999403953552,5.1875
655,187.9101024409756,0.035333435982465744,0.749755859375,0.16600000858306885,4.787499904632568
656,188.17934062797576,0.03288881108164787,0.7493743896484375,0.16374999284744263,4.924999713897705
657,188.51829026639462,0.036837026476860046,0.748992919921875,0.15675000846385956,4.799999713897705
658,188.82882295455784,0.03104180470108986,0.7486114501953125,0.16625000536441803,4.84375
659,189.10772209521383,0.036108821630477905,0.74822998046875,0.16750000417232513,5.018750190734863
660,189.3910124860704,0.03042503632605076,0.7478485107421875,0.15449999272823334,4.574999809265137
661,189.63634414132684,0.03753456100821495,0.747467041015625,0.16224999725818634,4.843749523162842
662,189.8935335157439,0.03992491960525513,0.7470855712890625,0.16325001418590546,4.868749618530273
663,190.13918222952634,0.03576868399977684,0.7467041015625,0.15574999153614044,4.8125
664,190.38396253064275,0.03376885503530502,0.7463226318359375,0.15549999475479126,4.668749809265137
665,190.70471921749413,0.03407948836684227,0.745941162109375,0.14949998259544373,4.443749904632568
666,191.0194982001558,0.03549293428659439,0.7455596923828125,0.14924998581409454,4.549999713897705
667,191.41653187479824,0.034456707537174225,0.74517822265625,0.1692500114440918,4.981249809265137
668,191.6377178002149,0.03315318003296852,0.7447967529296875,0.1640000194311142,4.806250095367432
669,191.87801051978022,0.03421831876039505,0.744415283203125,0.14799998700618744,4.8125
670,192.1233537653461,0.033048901706933975,0.7440338134765625,0.1665000170469284,4.6875
671,192.41940360330045,0.032781932502985,0.74365234375,0.17000000178813934,5.018750190734863
672,192.6390430154279,0.03848014026880264,0.7432708740234375,0.1615000218153,4.737499713897705
673,192.87962244451046,0.03466954827308655,0.742889404296875,0.16449998319149017,5.062499523162842
674,193.17303030379117,0.03626250848174095,0.7425079345703125,0.15950000286102295,4.706250190734863
675,193.4174511646852,0.03427838161587715,0.74212646484375,0.164249986410141,5.050000190734863
676,193.70600776281208,0.03231579810380936,0.7417449951171875,0.1577499955892563,4.887499809265137
677,193.96889313030988,0.030940217897295952,0.741363525390625,0.15049999952316284,4.399999618530273
678,194.3009147560224,0.029648352414369583,0.7409820556640625,0.1602500081062317,5.125
679,194.58580076694489,0.03492745757102966,0.7406005859375,0.1547500044107437,4.643749237060547
680,194.8147659515962,0.035394150763750076,0.7402191162109375,0.16450001299381256,4.78125
681,195.05523823108524,0.03242991119623184,0.739837646484375,0.15974999964237213,4.787499904632568
682,195.31647450197488,0.0355425626039505,0.7394561767578125,0.15675000846385956,4.71875
683,195.5817963872105,0.028663020581007004,0.73907470703125,0.15600000321865082,4.699999809265137
684,195.86881849449128,0.03256761655211449,0.7386932373046875,0.1602499932050705,4.987499237060547
685,196.0896672559902,0.03686082735657692,0.738311767578125,0.16224999725818634,4.78125
686,196.33237539418042,0.037780728191137314,0.7379302978515625,0.16425001621246338,4.893750190734863
687,196.56459841225296,0.03474746644496918,0.737548828125,0.15600000321865082,4.412499904632568
688,196.79412864614278,0.034407537430524826,0.7371673583984375,0.15775001049041748,4.931249618530273
689,197.1481520794332,0.03293941542506218,0.736785888671875,0.15824998915195465,4.662499904632568
690,197.42950616497546,0.035819161683321,0.7364044189453125,0.1562499850988388,5.09999942779541
691,197.67280101496726,0.03530553728342056,0.73602294921875,0.15974999964237213,4.587499618530273
692,197.96124892495573,0.030504535883665085,0.7356414794921875,0.15175001323223114,4.556249618530273
693,198.2560641327873,0.029466217383742332,0.735260009765625,0.1587499976158142,5.287500381469727
694,198.4721919381991,0.031805261969566345,0.7348785400390625,0.17225000262260437,4.937499523162842
695,198.7441819086671,0.029545636847615242,0.7344970703125,0.1759999841451645,5.093749523162842
696,198.98148104548454,0.034802697598934174,0.7341156005859375,0.1679999977350235,5.112499713897705
697,199.26244162674993,0.03261154145002365,0.733734130859375,0.1615000218153,4.975000381469727
698,199.4786055907607,0.03589218109846115,0.7333526611328125,0.16524997353553772,4.837500095367432
699,199.72949083521962,0.036675408482551575,0.73297119140625,0.15950000286102295,4.900000095367432
700,200.05768482852727,0.033444371074438095,0.7325897216796875,0.1457500010728836,4.537499904632568
701,200.29885322973132,0.03271402046084404,0.732208251953125,0.1692500114440918,4.875
702,200.60325068514794,0.03847012668848038,0.7318267822265625,0.1600000262260437,4.887499809265137
703,200.86006278172135,0.030688559636473656,0.7314453125,0.15549999475479126,4.787500381469727
704,201.07790794130415,0.030541781336069107,0.7310638427734375,0.16124999523162842,4.6875
705,201.36124677956104,0.03901601582765579,0.730682373046875,0.15850000083446503,4.912499904632568
706,201.6108317207545,0.035868559032678604,0.7303009033203125,0.14524999260902405,4.493750095367432
707,201.8280635178089,0.03216950222849846,0.72991943359375,0.17100001871585846,4.918749809265137
708,202.15483815129846,0.030025038868188858,0.7295379638671875,0.15200001001358032,4.750000476837158
709,202.4919730676338,0.03305777907371521,0.729156494140625,0.1587500125169754,4.71875
710,202.86970714479685,0.03296075016260147,0.7287750244140625,0.16700001060962677,4.849999904632568
711,203.15656513161957,0.031866103410720825,0.7283935546875,0.15450000762939453,4.387499809265137
712,203.41159972921014,0.02924332767724991,0.7280120849609375,0.17100000381469727,5.13124942779541
713,203.64621135406196,0.035671427845954895,0.727630615234375,0.15700000524520874,4.737500190734863
714,203.91021593101323,0.04129587113857269,0.7272491455078125,0.15449999272823334,4.799999713897705
715,204.19159952364862,0.03517693281173706,0.72686767578125,0.1575000137090683,4.768749237060547
716,204.43936102837324,0.037444889545440674,0.7264862060546875,0.16249999403953552,4.693750381469727
717,204.66984797641635,0.03288200870156288,0.726104736328125,0.16050000488758087,5.025000095367432
718,204.90265908744186,0.03842576965689659,0.7257232666015625,0.16475000977516174,4.806250095367432
719,205.14011701662093,0.03965136408805847,0.725341796875,0.16500002145767212,4.9375
720,205.37319271080196,0.03873474895954132,0.7249603271484375,0.16374999284744263,5.087500095367432
721,206.37139721494168,0.0344073623418808,0.724578857421875,0.16075000166893005,4.987500190734863
722,206.62444545980543,0.03977241367101669,0.7241973876953125,0.16374999284744263,4.675000190734863
723,206.85344402492046,0.0336274690926075,0.72381591796875,0.1524999737739563,4.5
724,207.11990516912192,0.032340943813323975,0.7234344482421875,0.15625,4.675000190734863
725,207.44070442859083,0.03494807332754135,0.723052978515625,0.15925000607967377,4.775000095367432
726,207.73628767021,0.03208637610077858,0.7226715087890625,0.14524999260902405,4.537499904632568
727,207.96710534580052,0.02831854671239853,0.7222900390625,0.16575001180171967,4.6875
728,208.2216718653217,0.032332152128219604,0.7219085693359375,0.1692499965429306,5.049999713897705
729,208.45894118677825,0.03598497435450554,0.721527099609375,0.15775001049041748,4.875
730,208.71498854458332,0.0359879732131958,0.7211456298828125,0.17225000262260437,5.018750190734863
731,208.93274281173944,0.029747718945145607,0.72076416015625,0.17149999737739563,5.081250190734863
732,209.2132503343746,0.03421047702431679,0.7203826904296875,0.1627499908208847,5.25
733,209.49551701080054,0.03667721152305603,0.720001220703125,0.16374999284744263,4.806249618530273
734,209.72783288359642,0.034089237451553345,0.7196197509765625,0.17274999618530273,5.050000190734863
735,209.9709889004007,0.035488732159137726,0.71923828125,0.15149998664855957,4.300000190734863
736,210.2352294139564,0.033899277448654175,0.7188568115234375,0.1652500033378601,5.0625
737,210.47205421328545,0.02725059539079666,0.718475341796875,0.1602499932050705,4.712499618530273
738,210.7090367814526,0.029620863497257233,0.7180938720703125,0.15125000476837158,4.737499713897705
739,211.47334832325578,0.03342822566628456,0.71771240234375,0.17100000381469727,4.90625
740,211.72224620264024,0.031173139810562134,0.7173309326171875,0.16075000166893005,4.799999713897705
741,211.99200740922242,0.03231947869062424,0.716949462890625,0.1574999988079071,4.962500095367432
742,212.27640012372285,0.03286710008978844,0.7165679931640625,0.16450001299381256,4.756250381469727
743,212.55048626754433,0.033489491790533066,0.7161865234375,0.17100001871585846,5.087499618530273
744,212.79612482804805,0.03344894200563431,0.7158050537109375,0.15325000882148743,4.462499618530273
745,213.0837028697133,0.029118308797478676,0.715423583984375,0.16725000739097595,4.993749618530273
746,213.33441251236945,0.0358443483710289,0.7150421142578125,0.16699999570846558,4.962500095367432
747,213.55048088449985,0.033305246382951736,0.71466064453125,0.16374999284744263,4.925000190734863
748,213.81221032049507,0.03867599368095398,0.7142791748046875,0.15549999475479126,4.862499713897705
749,214.0429390249774,0.041806407272815704,0.713897705078125,0.1665000021457672,4.818749904632568
750,214.28093479480594,0.039423372596502304,0.7135162353515625,0.16600002348423004,4.987500190734863
751,214.54875475168228,0.03526555001735687,0.713134765625,0.1720000058412552,5.112499713897705
752,214.80932741519064,0.03323904424905777,0.7127532958984375,0.16574998199939728,4.987500190734863
753,215.04066579509526,0.03392009809613228,0.712371826171875,0.15075001120567322,4.737500190734863
754,215.32830095570534,0.03180438280105591,0.7119903564453125,0.1615000218153,4.856249809265137
755,215.56478165090084,0.032078150659799576,0.71160888671875,0.15025000274181366,4.337500095367432
756,215.80117467232049,0.03253621608018875,0.7112274169921875,0.1652500033378601,4.799999713897705
757,216.0338601162657,0.034881509840488434,0.710845947265625,0.1525000035762787,4.850000381469727
758,216.2705410020426,0.03642503172159195,0.7104644775390625,0.18050001561641693,5.206250190734863
759,216.51212909724563,0.04570021480321884,0.7100830078125,0.16500000655651093,5.225000381469727
760,216.77818474266678,0.03686908259987831,0.7097015380859375,0.16325001418590546,4.787499904632568
761,217.14792063180357,0.03179715946316719,0.709320068359375,0.16899999976158142,5.03125
762,217.45755135454237,0.03304637596011162,0.7089385986328125,0.17224998772144318,5.137499809265137
763,217.70158214028925,0.03349165990948677,0.70855712890625,0.1730000078678131,5.206250190734863
764,217.93995469156653,0.029797201976180077,0.7081756591796875,0.17550000548362732,5.243750095367432
765,218.58581026736647,0.03106696717441082,0.707794189453125,0.15549999475479126,4.712500095367432
766,218.8435522550717,0.03633779659867287,0.7074127197265625,0.16075000166893005,4.799999713897705
767,219.0643635680899,0.034647032618522644,0.70703125,0.18050001561641693,5.262499809265137
768,219.3183834021911,0.03498690202832222,0.7066497802734375,0.15775001049041748,4.812500476837158
769,219.56787498574704,0.03430934250354767,0.706268310546875,0.15400001406669617,4.737500190734863
770,219.816601049155,0.03173677995800972,0.7058868408203125,0.15775001049041748,4.59375
771,220.198899846524,0.03460116311907768,0.70550537109375,0.1652500182390213,5.349999904632568
772,220.55656652338803,0.031420037150382996,0.7051239013671875,0.16124999523162842,4.668749809265137
773,220.80609047878534,0.035437535494565964,0.704742431640625,0.1654999852180481,4.956249713897705
774,221.05988229159266,0.034450992941856384,0.7043609619140625,0.14875000715255737,4.5
775,221.32506128400564,0.0345267727971077,0.7039794921875,0.16124999523162842,4.718749523162842
776,221.58637969009578,0.0373552106320858,0.7035980224609375,0.17125000059604645,5.062499523162842
777,221.83236004039645,0.036088667809963226,0.703216552734375,0.15700000524520874,4.699999809265137
778,222.0679940422997,0.03129070624709129,0.7028350830078125,0.16850000619888306,4.912499904632568
779,222.3369948975742,0.032034795731306076,0.70245361328125,0.17624999582767487,5.281249523162842
780,222.61249112244695,0.034105196595191956,0.7020721435546875,0.1574999988079071,4.72499942779541
781,223.08945752494037,0.033497631549835205,0.701690673828125,0.1547500044107437,4.875
782,223.31011621747166,0.0325147844851017,0.7013092041015625,0.16374999284744263,4.66249942779541
783,223.57623635418713,0.03049432300031185,0.700927734375,0.16700001060962677,5.137500286102295
784,223.87118718773127,0.038962844759225845,0.7005462646484375,0.15299999713897705,4.74375057220459
785,224.17230091057718,0.03463239222764969,0.700164794921875,0.1667500138282776,4.856249809265137
786,224.41198762319982,0.032632648944854736,0.6997833251953125,0.16824999451637268,5.637499809265137
787,224.64843143895268,0.028664667159318924,0.69940185546875,0.15949998795986176,4.700000286102295
788,224.90131797641516,0.035252198576927185,0.6990203857421875,0.16249999403953552,4.7375006675720215
789,225.12182013131678,0.03290359303355217,0.698638916015625,0.1472499966621399,4.637499809265137
790,225.38020612113178,0.03490368276834488,0.6982574462890625,0.156000018119812,4.524999618530273
791,225.62071759719402,0.03586379811167717,0.6978759765625,0.15674999356269836,4.65625
792,226.1895591923967,0.029800642281770706,0.6974945068359375,0.1614999920129776,4.862499713897705
793,226.5452540833503,0.029129454866051674,0.697113037109375,0.18049998581409454,5.243750095367432
794,226.82109907921404,0.03593745827674866,0.6967315673828125,0.15600000321865082,4.775000095367432
795,227.14632762316614,0.03278876096010208,0.69635009765625,0.14924998581409454,4.75
796,227.4038611566648,0.028110401704907417,0.6959686279296875,0.15925000607967377,4.681250095367432
797,227.65405262634158,0.03763158619403839,0.695587158203125,0.16875001788139343,4.875
798,227.92928203567863,0.03541998192667961,0.6952056884765625,0.14900000393390656,4.125
799,228.17606187053025,0.028279833495616913,0.69482421875,0.1587499976158142,4.912500381469727
800,228.4082067301497,0.02792487107217312,0.6944427490234375,0.16200000047683716,4.768749713897705
801,228.6310172090307,0.024495864287018776,0.694061279296875,0.15424999594688416,4.8125
802,228.96771516930312,0.03292460739612579,0.6936798095703125,0.1550000011920929,4.612500190734863
803,229.19533409178257,0.03023584932088852,0.69329833984375,0.16824999451637268,4.9187493324279785
804,229.54377795010805,0.03463079035282135,0.6929168701171875,0.15325000882148743,4.75
805,229.78895866312087,0.03437143936753273,0.692535400390625,0.16850002110004425,4.906249523162842
806,230.0202369717881,0.029915960505604744,0.6921539306640625,0.15825000405311584,4.71875
807,230.2762131234631,0.031867463141679764,0.6917724609375,0.1589999943971634,5.025000095367432
808,230.53849567752331,0.03119013085961342,0.6913909912109375,0.17549999058246613,4.9375
809,230.7944213943556,0.031860630959272385,0.691009521484375,0.1537500023841858,4.756249904632568
810,231.05242203362286,0.03563960641622543,0.6906280517578125,0.17499999701976776,5.25
811,231.37413173820823,0.030682211741805077,0.69024658203125,0.156499981880188,4.849999904632568
812,231.59262996632606,0.02965829335153103,0.6898651123046875,0.17650002241134644,5.22499942779541
813,231.879047668539,0.032233040779829025,0.689483642578125,0.18324999511241913,5.549999713897705
814,232.11314207315445,0.03164723142981529,0.6891021728515625,0.16200000047683716,4.975000381469727
815,232.4047124190256,0.03118211217224598,0.688720703125,0.1639999896287918,4.981249809265137
816,232.6845510341227,0.029881779104471207,0.6883392333984375,0.15150000154972076,4.899999618530273
817,232.96411639079452,0.029770856723189354,0.687957763671875,0.16575001180171967,4.6875
818,233.1985222455114,0.029795970767736435,0.6875762939453125,0.1745000034570694,5.156249523162842
819,233.46875424403697,0.028558380901813507,0.68719482421875,0.15025000274181366,4.625
820,233.7770322440192,0.03557956591248512,0.6868133544921875,0.16875000298023224,4.806249618530273
821,234.78807551041245,0.03147624433040619,0.686431884765625,0.17100000381469727,5.131249904632568
822,235.09701932314783,0.035609133541584015,0.6860504150390625,0.15675000846385956,4.774999618530273
823,235.48779481463134,0.029227474704384804,0.6856689453125,0.16600000858306885,4.949999809265137
824,235.7332384167239,0.02931954339146614,0.6852874755859375,0.17674998939037323,5.149999618530273
825,235.96369872335345,0.03316473588347435,0.684906005859375,0.15175001323223114,4.237499713897705
826,236.24670994002372,0.02677939459681511,0.6845245361328125,0.1537500023841858,4.818749904632568
827,236.5060861762613,0.031561512500047684,0.68414306640625,0.15450000762939453,4.5625
828,236.7503981841728,0.030417978763580322,0.6837615966796875,0.1495000123977661,4.574999809265137
829,236.98517926968634,0.02871500328183174,0.683380126953125,0.1614999920129776,4.693749904632568
830,237.29305373411626,0.03471560776233673,0.6829986572265625,0.1614999920129776,4.831250190734863
831,237.74367209523916,0.03135450556874275,0.6826171875,0.17399999499320984,5.662499904632568
832,238.05499314237386,0.03244432806968689,0.6822357177734375,0.1810000091791153,5.231249809265137
833,238.30984381213784,0.031986866146326065,0.681854248046875,0.15974999964237213,4.806249618530273
834,238.60442328173667,0.028641583397984505,0.6814727783203125,0.1667500138282776,5.137500286102295
835,238.85654464829713,0.0338740348815918,0.68109130859375,0.1680000126361847,5.099999904632568
836,239.14109059423208,0.027286609634757042,0.6807098388671875,0.16050000488758087,4.712499618530273
837,239.41957030445337,0.025703273713588715,0.680328369140625,0.16600000858306885,5.225000381469727
838,239.67816344555467,0.0311586894094944,0.6799468994140625,0.16074998676776886,4.78125
839,239.98341132234782,0.03148994967341423,0.6795654296875,0.15525001287460327,4.65625
840,240.22750346455723,0.0314001701772213,0.6791839599609375,0.16249999403953552,4.537499904632568
841,240.69352361094207,0.02970919758081436,0.678802490234375,0.1602500081062317,5.03125
842,240.92082172632217,0.026969043537974358,0.6784210205078125,0.17099998891353607,5.043749809265137
843,241.19756806176156,0.03116031363606453,0.67803955078125,0.15575000643730164,4.799999713897705
844,242.20099749788642,0.02733679674565792,0.6776580810546875,0.16324998438358307,4.78125
845,242.44281237293035,0.0319850780069828,0.677276611328125,0.17525000870227814,5.175000190734863
846,242.7272405149415,0.029805514961481094,0.6768951416015625,0.16224999725818634,4.9375
847,242.96042074728757,0.029680324718356133,0.676513671875,0.16824999451637268,4.925000190734863
848,243.21646992862225,0.029768628999590874,0.6761322021484375,0.16350001096725464,4.956249713897705
849,243.5758834052831,0.02976672165095806,0.675750732421875,0.16224999725818634,4.924999713897705
850,243.81329765170813,0.036304447799921036,0.6753692626953125,0.1677500158548355,4.962499618530273
851,244.07585421390831,0.03237229213118553,0.67498779296875,0.15925000607967377,4.806249618530273
852,244.3047472210601,0.02625058963894844,0.6746063232421875,0.1599999964237213,4.8125
853,244.58728742599487,0.03289398178458214,0.674224853515625,0.1587499976158142,4.743750095367432
854,244.83557583857328,0.030836397781968117,0.6738433837890625,0.15649999678134918,4.731249809265137
855,245.10228736605495,0.031063243746757507,0.6734619140625,0.16750000417232513,5.262499809265137
856,245.34183709975332,0.029650956392288208,0.6730804443359375,0.17824998497962952,5.212500095367432
857,245.66225870139897,0.03480475768446922,0.672698974609375,0.17474998533725739,5.168749809265137
858,245.90930532105267,0.028420263901352882,0.6723175048828125,0.15825000405311584,5.049999237060547
859,246.13047647569329,0.028551677241921425,0.67193603515625,0.16500000655651093,4.737499713897705
860,246.45892774593085,0.03212994709610939,0.6715545654296875,0.1599999964237213,4.81874942779541
861,246.71802977193147,0.031609855592250824,0.671173095703125,0.15474998950958252,4.799999713897705
862,246.9511070996523,0.033179059624671936,0.6707916259765625,0.17350001633167267,5.15625
863,247.26911050919443,0.030631201341748238,0.67041015625,0.16500002145767212,4.77500057220459
864,247.56439831200987,0.026973113417625427,0.6700286865234375,0.15025000274181366,4.437499523162842
865,247.81773240771145,0.0303322896361351,0.669647216796875,0.1550000011920929,4.675000190734863
866,248.0910678487271,0.028455832973122597,0.6692657470703125,0.16124999523162842,4.768749713897705
867,248.33988877106458,0.03139188140630722,0.66888427734375,0.16625000536441803,4.874999523162842
868,248.55934488307685,0.02958029694855213,0.6685028076171875,0.15825000405311584,4.887500286102295
869,248.77674120292068,0.0332302562892437,0.668121337890625,0.1667500138282776,4.956249713897705
870,249.00879865698516,0.026529546827077866,0.6677398681640625,0.1667500138282776,5.149999618530273
871,249.22913407627493,0.029124004766345024,0.6673583984375,0.17149999737739563,4.949999809265137
872,249.46727729402483,0.026249535381793976,0.6669769287109375,0.1587500125169754,4.900000095367432
873,249.69471760746092,0.037692841142416,0.666595458984375,0.16725000739097595,4.875
874,249.96105369366705,0.032256659120321274,0.6662139892578125,0.16950000822544098,5.050000190734863
875,250.21183341741562,0.029959414154291153,0.66583251953125,0.17475000023841858,5.300000190734863
876,250.50249601434916,0.025825943797826767,0.6654510498046875,0.16725000739097595,4.96250057220459
877,250.72084784600884,0.027157271280884743,0.665069580078125,0.17475000023841858,5.237500190734863
878,250.9533837568015,0.029897591099143028,0.6646881103515625,0.16099999845027924,4.856249809265137
879,251.1748905852437,0.03212274983525276,0.664306640625,0.15650001168251038,4.862499713897705
880,251.39695040229708,0.027699079364538193,0.6639251708984375,0.1577499955892563,4.624999523162842
881,251.6275997273624,0.027974247932434082,0.663543701171875,0.16050000488758087,4.8125
882,251.84353163279593,0.029345715418457985,0.6631622314453125,0.17150001227855682,5.375
883,252.06941447407007,0.03254988044500351,0.66278076171875,0.18450000882148743,5.331249713897705
884,252.75536176934838,0.03170207142829895,0.6623992919921875,0.15974999964237213,4.875
885,253.1988585125655,0.03321928530931473,0.662017822265625,0.15075001120567322,4.275000095367432
886,253.42640122119337,0.024966750293970108,0.6616363525390625,0.16875000298023224,5.1062493324279785
887,253.72493571601808,0.03156585991382599,0.6612548828125,0.17125000059604645,5.024999618530273
888,254.0156163573265,0.030177395790815353,0.6608734130859375,0.15724998712539673,4.762500286102295
889,254.3346513332799,0.030946582555770874,0.660491943359375,0.1537500023841858,4.75
890,254.57354450132698,0.028066709637641907,0.6601104736328125,0.1680000126361847,4.84375
891,255.34141717292368,0.028500789776444435,0.65972900390625,0.14874999225139618,4.75
892,255.59775021113455,0.030311796814203262,0.6593475341796875,0.17599999904632568,5.118749618530273
893,255.90091124456376,0.026234950870275497,0.658966064453125,0.16875000298023224,4.84375
894,256.1220930479467,0.028950350359082222,0.6585845947265625,0.15474998950958252,4.862499713897705
895,256.3426575018093,0.026781445369124413,0.658203125,0.15324999392032623,4.543749809265137
896,256.5793176582083,0.02994612231850624,0.6578216552734375,0.16600000858306885,4.874999523162842
897,256.8257883777842,0.026914209127426147,0.657440185546875,0.16124999523162842,5.0625
898,257.0517176371068,0.031198328360915184,0.6570587158203125,0.17000000178813934,4.806249618530273
899,257.269859129563,0.02968105673789978,0.65667724609375,0.16325001418590546,5.024999618530273
900,257.4856096897274,0.028905080631375313,0.6562957763671875,0.15850000083446503,4.449999809265137
901,257.70449710451066,0.025890886783599854,0.655914306640625,0.1587500125169754,4.918749809265137
902,257.9274550145492,0.02838078886270523,0.6555328369140625,0.16450001299381256,4.899999618530273
903,258.4843994230032,0.027164828032255173,0.6551513671875,0.16574998199939728,5.099999904632568
904,258.7519044652581,0.034865736961364746,0.6547698974609375,0.1587500125169754,4.862500190734863
905,259.00311277247965,0.028304077684879303,0.654388427734375,0.15574999153614044,4.59375
906,259.37301407475024,0.028721481561660767,0.6540069580078125,0.1537500023841858,4.75
907,259.68793720845133,0.029283447191119194,0.65362548828125,0.17125000059604645,5.068749904632568
908,259.93136234395206,0.026763714849948883,0.6532440185546875,0.16475000977516174,4.799999237060547
909,260.1818381147459,0.026576077565550804,0.652862548828125,0.15199999511241913,4.762499809265137
910,260.49099273514,0.027331121265888214,0.6524810791015625,0.1667500138282776,4.893749713897705
911,260.86710681114346,0.03785765543580055,0.652099609375,0.15800000727176666,4.643749713897705
912,261.21268124319613,0.029785826802253723,0.6517181396484375,0.1615000218153,4.75
913,261.4640967324376,0.0320788249373436,0.651336669921875,0.17399999499320984,5.237499713897705
914,261.7381389113143,0.03022576868534088,0.6509552001953125,0.15650001168251038,4.6875
915,261.9862820096314,0.027722446247935295,0.65057373046875,0.15550000965595245,4.737500190734863
916,262.2498124483973,0.03646089881658554,0.6501922607421875,0.17425000667572021,5.081249713897705
917,262.4910192815587,0.030430344864726067,0.649810791015625,0.15974999964237213,4.787499904632568
918,262.8010835973546,0.03125684708356857,0.6494293212890625,0.16200000047683716,5.074999809265137
919,263.0265237502754,0.029817357659339905,0.6490478515625,0.15925002098083496,4.706250190734863
920,263.4114182367921,0.029377158731222153,0.6486663818359375,0.15049999952316284,4.549999713897705
921,263.6615057904273,0.029135407879948616,0.648284912109375,0.15474998950958252,4.824999809265137
922,263.8762038461864,0.0338643342256546,0.6479034423828125,0.17774999141693115,5.074999809265137
923,264.1436796300113,0.03362593427300453,0.64752197265625,0.171750009059906,5.118750095367432
924,264.38095355127007,0.02924886718392372,0.6471405029296875,0.17299999296665192,5.312499523162842
925,264.59726595599204,0.02554786577820778,0.646759033203125,0.16849999129772186,5.125
926,265.3450523726642,0.02934926748275757,0.6463775634765625,0.16500000655651093,4.881249904632568
927,265.669277664274,0.031161386519670486,0.64599609375,0.14824998378753662,4.474999904632568
928,265.9305079141632,0.027625419199466705,0.6456146240234375,0.1667500138282776,4.96875
929,266.1947296625003,0.02662346325814724,0.645233154296875,0.17224998772144318,4.97499942779541
930,266.4648612309247,0.02832241915166378,0.6448516845703125,0.1599999964237213,4.875
931,266.6815303424373,0.026332229375839233,0.64447021484375,0.16725000739097595,4.931250095367432
932,267.01608721353114,0.030048707500100136,0.6440887451171875,0.171999990940094,5.112500190734863
933,267.2582639949396,0.03551603853702545,0.643707275390625,0.16249999403953552,5.099999904632568
934,267.51475543435663,0.027461228892207146,0.6433258056640625,0.16775000095367432,5.0
935,267.73362048715353,0.02766784094274044,0.6429443359375,0.16900001466274261,4.931250095367432
936,267.9679603567347,0.025319669395685196,0.6425628662109375,0.16875000298023224,5.0625
937,268.24711852148175,0.03244837373495102,0.642181396484375,0.15049999952316284,4.762499809265137
938,268.5063703311607,0.0302475243806839,0.6417999267578125,0.17774999141693115,5.13124942779541
939,268.73916226718575,0.025498446077108383,0.64141845703125,0.1614999920129776,5.199999809265137
940,269.002826789394,0.025061320513486862,0.6410369873046875,0.15399999916553497,4.474999904632568
941,269.262306031771,0.02609751559793949,0.640655517578125,0.16425001621246338,4.918750286102295
942,269.49876657966524,0.02339274436235428,0.6402740478515625,0.15850000083446503,4.9375
943,269.93578058853745,0.028395336121320724,0.639892578125,0.15950000286102295,4.71875
944,270.2494400367141,0.027346905320882797,0.6395111083984375,0.16850000619888306,4.975000381469727
945,270.53379097301513,0.030811533331871033,0.639129638671875,0.1512499898672104,4.237500190734863
946,270.75897248648107,0.026487350463867188,0.6387481689453125,0.17524999380111694,5.256249904632568
947,270.97759897634387,0.030896276235580444,0.63836669921875,0.15700000524520874,4.712500095367432
948,271.3419385096058,0.026134924963116646,0.6379852294921875,0.1577499955892563,4.8125
949,271.5600791089237,0.02874494157731533,0.637603759765625,0.1599999964237213,4.756249904632568
950,271.85879813414067,0.025473233312368393,0.6372222900390625,0.17224998772144318,5.087499618530273
951,272.11265093274415,0.027865005657076836,0.6368408203125,0.16375002264976501,5.125
952,272.3792883893475,0.02642630599439144,0.6364593505859375,0.16500000655651093,4.956250190734863
953,272.6739628892392,0.02659590356051922,0.636077880859375,0.16049998998641968,4.712500095367432
954,272.9672397300601,0.03076232597231865,0.6356964111328125,0.17424999177455902,5.362499713897705
955,273.2481519896537,0.029370121657848358,0.63531494140625,0.15424999594688416,4.924999713897705
956,273.492263357155,0.033532753586769104,0.6349334716796875,0.1654999852180481,4.74375057220459
957,273.7657906115055,0.029568713158369064,0.634552001953125,0.17299999296665192,5.3125
958,273.98592271562666,0.027588915079832077,0.6341705322265625,0.17475000023841858,5.19374942779541
959,274.2058872114867,0.027706408873200417,0.6337890625,0.16850000619888306,5.056249618530273
960,274.4252665191889,0.02692418172955513,0.6334075927734375,0.1522500067949295,4.449999809265137
961,274.64552471227944,0.026842668652534485,0.633026123046875,0.16825000941753387,4.924999713897705
962,274.9731284258887,0.0278878565877676,0.6326446533203125,0.17399998009204865,5.212499618530273
963,275.19919820316136,0.024707600474357605,0.63226318359375,0.17000000178813934,5.049999713897705
964,275.4444165285677,0.02694084495306015,0.6318817138671875,0.1665000021457672,5.006249904632568
965,275.92684100568295,0.02283840999007225,0.631500244140625,0.16750000417232513,5.06874942779541
966,276.18854025378823,0.026657862588763237,0.6311187744140625,0.15950000286102295,4.849999904632568
967,276.43113749008626,0.02795129455626011,0.6307373046875,0.18049998581409454,5.275000095367432
968,276.6710241623223,0.026418160647153854,0.6303558349609375,0.17800001800060272,5.249999523162842
969,276.90839710924774,0.02929641678929329,0.629974365234375,0.15174999833106995,4.724999904632568
970,277.13567900378257,0.02870943769812584,0.6295928955078125,0.15974999964237213,4.65625
971,277.3811670690775,0.025280434638261795,0.62921142578125,0.15199999511241913,4.568749904632568
972,277.7154930830002,0.02963412180542946,0.6288299560546875,0.1525000035762787,5.062500476837158
973,278.0192112820223,0.027343623340129852,0.628448486328125,0.16350001096725464,4.6875
974,278.2654542597011,0.026711467653512955,0.6280670166015625,0.16849999129772186,4.893750190734863
975,278.5003457143903,0.025709684938192368,0.627685546875,0.1614999920129776,4.837500095367432
976,278.8068610243499,0.026164351031184196,0.6273040771484375,0.16875000298023224,4.949999809265137
977,279.0726467659697,0.02666398137807846,0.626922607421875,0.16574998199939728,5.03125
978,279.3338846201077,0.02732117660343647,0.6265411376953125,0.16124999523162842,5.16249942779541
979,279.56295553408563,0.028055673465132713,0.62615966796875,0.16975001990795135,4.974999904632568
980,279.82467531226575,0.026649221777915955,0.6257781982421875,0.17000000178813934,4.96875
981,280.09075005259365,0.02750631980597973,0.625396728515625,0.15550000965595245,4.737500190734863
982,280.36609401833266,0.025109969079494476,0.6250152587890625,0.17374999821186066,5.118749618530273
983,280.6642646435648,0.028079144656658173,0.6246337890625,0.16500000655651093,4.868749618530273
984,280.8993286052719,0.029414141550660133,0.6242523193359375,0.1589999794960022,4.737500190734863
985,281.1320872483775,0.027891090139746666,0.623870849609375,0.15600000321865082,4.725000381469727
986,281.44627349544317,0.03224607929587364,0.6234893798828125,0.1587499976158142,4.75
987,281.6894415663555,0.029973721131682396,0.62310791015625,0.16449998319149017,5.262499809265137
988,281.93480228073895,0.030432745814323425,0.6227264404296875,0.171999990940094,4.88124942779541
989,282.26152970455587,0.02549045719206333,0.622344970703125,0.16325001418590546,4.981250286102295
990,282.487262763083,0.0348360538482666,0.6219635009765625,0.1667500138282776,4.987500190734863
991,283.427921413444,0.022565782070159912,0.62158203125,0.1525000035762787,4.80625057220459
992,283.7167477896437,0.0268259197473526,0.6212005615234375,0.1720000058412552,4.981249809265137
993,283.9564578766003,0.02495286799967289,0.620819091796875,0.1547500044107437,4.987499713897705
994,284.20527074392885,0.02780071273446083,0.6204376220703125,0.16450001299381256,4.743750095367432
995,284.4315958339721,0.027737978845834732,0.62005615234375,0.16850000619888306,4.956249713897705
996,284.7040477897972,0.026258312165737152,0.6196746826171875,0.1640000194311142,5.09999942779541
997,284.9468842614442,0.026434529572725296,0.619293212890625,0.16700001060962677,5.068749904632568
998,285.19281338434666,0.02641957998275757,0.6189117431640625,0.16475002467632294,4.774999618530273
999,285.41460364032537,0.03282717242836952,0.6185302734375,0.15800000727176666,4.924999713897705
1000,285.7116623381153,0.026902565732598305,0.6181488037109375,0.17350001633167267,5.00624942779541
1001,285.95043488871306,0.024864664301276207,0.617767333984375,0.15775001049041748,4.762500286102295
1002,286.48457262758166,0.030326809734106064,0.6173858642578125,0.16949999332427979,5.137499809265137
1003,286.7254680292681,0.029116297140717506,0.61700439453125,0.16500000655651093,5.143750190734863
1004,286.9622764373198,0.025073425844311714,0.6166229248046875,0.16600000858306885,4.800000190734863
1005,287.20408834703267,0.028387466445565224,0.616241455078125,0.1537500023841858,4.962499618530273
1006,287.6052018199116,0.02608584240078926,0.6158599853515625,0.16099999845027924,4.556250095367432
1007,287.9017617935315,0.026744501665234566,0.615478515625,0.17075000703334808,5.099999904632568
1008,288.1862456109375,0.02704942598938942,0.6150970458984375,0.1652500033378601,4.962500095367432
1009,288.4707363927737,0.026123719289898872,0.614715576171875,0.1807500123977661,5.424999713897705
1010,288.76089954096824,0.028862420469522476,0.6143341064453125,0.17349998652935028,5.081250190734863
1011,288.99068406876177,0.026599036529660225,0.61395263671875,0.1652500033378601,4.900000095367432
1012,289.2419177237898,0.02464558184146881,0.6135711669921875,0.1654999852180481,5.018749713897705
1013,289.49744399357587,0.026943093165755272,0.613189697265625,0.15199999511241913,4.600000381469727
1014,289.7426056312397,0.029529478400945663,0.6128082275390625,0.16350001096725464,5.299999713897705
1015,290.0158701976761,0.029651308432221413,0.6124267578125,0.16575001180171967,4.843750476837158
1016,290.2994597395882,0.025751899927854538,0.6120452880859375,0.17524999380111694,5.118749618530273
1017,290.6275876779109,0.02915557101368904,0.611663818359375,0.15850000083446503,4.787500381469727
1018,290.8719639470801,0.025082968175411224,0.6112823486328125,0.18299999833106995,5.318749904632568
1019,291.123860668391,0.028677087277173996,0.61090087890625,0.1589999943971634,4.800000190734863
1020,291.37894293665886,0.024926457554101944,0.6105194091796875,0.15049999952316284,4.625
1021,291.59763246774673,0.02835465408861637,0.610137939453125,0.17599999904632568,5.049999713897705
1022,291.8190547665581,0.024678722023963928,0.6097564697265625,0.1509999930858612,4.574999809265137
1023,292.0567944692448,0.030154665932059288,0.609375,0.16249999403953552,4.724999904632568
1024,292.3283878779039,0.028462499380111694,0.6089935302734375,0.16325001418590546,4.893750190734863
1025,292.5895664393902,0.026728961616754532,0.608612060546875,0.15299999713897705,4.712500095367432
1026,292.8303187713027,0.02884812466800213,0.6082305908203125,0.1627499908208847,5.225000381469727
1027,293.06293410249054,0.027016159147024155,0.60784912109375,0.1705000102519989,4.837500095367432
1028,293.32401958759874,0.02852334827184677,0.6074676513671875,0.1665000170469284,5.043749809265137
1029,293.91248340997845,0.026602666825056076,0.607086181640625,0.1599999964237213,4.899999618530273
1030,294.18332373164594,0.0237090066075325,0.6067047119140625,0.16875000298023224,5.018749713897705
1031,294.42715178150684,0.027210714295506477,0.6063232421875,0.1874999850988388,5.4375
1032,294.67939958907664,0.025433331727981567,0.6059417724609375,0.15675000846385956,5.087499141693115
1033,294.94465812295675,0.024476047605276108,0.605560302734375,0.17525000870227814,4.962499618530273
1034,295.2030840879306,0.03208903595805168,0.6051788330078125,0.1599999964237213,4.793749809265137
1035,295.4754696087912,0.026598265394568443,0.60479736328125,0.16175001859664917,4.787500381469727
1036,295.73998667672276,0.024316001683473587,0.6044158935546875,0.17149999737739563,5.106249809265137
1037,295.98365410231054,0.02611830271780491,0.604034423828125,0.1535000056028366,4.668750286102295
1038,296.2256866507232,0.026078511029481888,0.6036529541015625,0.1665000021457672,5.0
1039,296.612316804938,0.02702033519744873,0.603271484375,0.18524998426437378,5.581249713897705
1040,296.84454102627933,0.025106335058808327,0.6028900146484375,0.1679999977350235,4.91249942779541
1041,297.22778639849275,0.024400606751441956,0.602508544921875,0.16249999403953552,4.849999904632568
1042,297.45969666261226,0.026824213564395905,0.6021270751953125,0.18275001645088196,5.274999618530273
1043,297.72409825213253,0.02724399045109749,0.60174560546875,0.17374999821186066,5.275000095367432
1044,297.9419873757288,0.025102518498897552,0.6013641357421875,0.15924999117851257,4.837500095367432
1045,298.1624665670097,0.024708453565835953,0.600982666015625,0.1654999852180481,4.9375
1046,298.38375068455935,0.025107957422733307,0.6006011962890625,0.17125000059604645,5.043750286102295
1047,298.6038991501555,0.026878666132688522,0.6002197265625,0.16600000858306885,5.3125
1048,298.8247467605397,0.028528768569231033,0.5998382568359375,0.1652500033378601,4.806250095367432
1049,299.0750745385885,0.027846962213516235,0.599456787109375,0.1730000078678131,5.143749713897705
1050,299.3332346789539,0.023713039234280586,0.5990753173828125,0.1472499966621399,4.525000095367432
1051,300.422890345566,0.0287313349545002,0.59869384765625,0.1720000058412552,4.918749809265137
1052,300.6492738360539,0.02498571015894413,0.5983123779296875,0.17374999821186066,5.143750190734863
1053,300.89297005627304,0.027397144585847855,0.597930908203125,0.16050000488758087,4.787499904632568
1054,301.13052936736494,0.030900683254003525,0.5975494384765625,0.18025001883506775,5.25624942779541
1055,301.41427731048316,0.0255286805331707,0.59716796875,0.17299999296665192,5.19374942779541
1056,301.6908923955634,0.022441884502768517,0.5967864990234375,0.16200000047683716,4.637499809265137
1057,301.9165780842304,0.028787001967430115,0.596405029296875,0.1705000102519989,5.193750381469727
1058,302.1336743449792,0.023353327065706253,0.5960235595703125,0.16825000941753387,5.006250381469727
1059,302.41896773688495,0.027492638677358627,0.59564208984375,0.17749999463558197,5.52500057220459
1060,302.66232770029455,0.026760078966617584,0.5952606201171875,0.1602500081062317,4.949999809265137
1061,302.890744776465,0.02550073340535164,0.594879150390625,0.16850000619888306,4.943749904632568
1062,303.1526572583243,0.02551780641078949,0.5944976806640625,0.15600000321865082,4.762500286102295
1063,303.9558577006683,0.021656537428498268,0.5941162109375,0.16175001859664917,4.775000095367432
1064,304.21633738745004,0.02540992572903633,0.5937347412109375,0.16899999976158142,5.012499809265137
1065,304.44455744791776,0.024981562048196793,0.593353271484375,0.17475000023841858,5.700000286102295
1066,304.6713071335107,0.023972956463694572,0.5929718017578125,0.16750000417232513,4.987499713897705
1067,304.90714830718935,0.02820417657494545,0.59259033203125,0.16249999403953552,4.781249523162842
1068,305.1726291431114,0.025330420583486557,0.5922088623046875,0.1720000058412552,5.275000095367432
1069,305.43790986854583,0.023853089660406113,0.591827392578125,0.15974999964237213,4.956249713897705
1070,305.6825696453452,0.026625167578458786,0.5914459228515625,0.16574998199939728,4.84375
1071,305.91361670475453,0.025432337075471878,0.591064453125,0.16500000655651093,4.887499809265137
1072,306.1441494897008,0.024475617334246635,0.5906829833984375,0.15825000405311584,4.84375
1073,306.4052474172786,0.028575008735060692,0.590301513671875,0.17249999940395355,5.106249809265137
1074,306.6480020945892,0.025983888655900955,0.5899200439453125,0.16200000047683716,4.91249942779541
1075,306.9160240655765,0.02532937377691269,0.58953857421875,0.16200000047683716,4.931249618530273
1076,307.18423717748374,0.023433294147253036,0.5891571044921875,0.17100000381469727,4.987499713897705
1077,307.4023401066661,0.024838536977767944,0.588775634765625,0.15450000762939453,4.462500095367432
1078,307.6342636169866,0.024902885779738426,0.5883941650390625,0.1497500091791153,4.818749904632568
1079,307.8861412713304,0.025868941098451614,0.5880126953125,0.16700001060962677,4.731249809265137
1080,308.1156057417393,0.024617282673716545,0.5876312255859375,0.16200000047683716,5.0
1081,308.54535292927176,0.022504141554236412,0.587249755859375,0.17824998497962952,5.243749618530273
1082,308.78637858852744,0.02616271562874317,0.5868682861328125,0.16475000977516174,4.881249904632568
1083,309.0375638222322,0.02564026042819023,0.58648681640625,0.1640000194311142,5.137500286102295
1084,309.27269657328725,0.024109939113259315,0.5861053466796875,0.16449998319149017,4.75
1085,309.50883206538856,0.027983274310827255,0.585723876953125,0.16199998557567596,4.943749904632568
1086,309.7603897051886,0.02559846267104149,0.5853424072265625,0.15900000929832458,4.737499713897705
1087,309.9974412834272,0.024712737649679184,0.5849609375,0.16750000417232513,5.0625
1088,310.30005787406117,0.022321123629808426,0.5845794677734375,0.17799998819828033,5.181249618530273
1089,310.53563420660794,0.022257037460803986,0.584197998046875,0.17524999380111694,5.299999713897705
1090,310.84760352317244,0.025170233100652695,0.5838165283203125,0.1665000021457672,5.025000095367432
1091,311.1022706646472,0.029910925775766373,0.58343505859375,0.1680000126361847,5.06874942779541
1092,311.4936291202903,0.0242009200155735,0.5830535888671875,0.17400000989437103,5.374999523162842
1093,311.831649556756,0.029192842543125153,0.582672119140625,0.16775000095367432,5.05625057220459
1094,312.06523075699806,0.028730710968375206,0.5822906494140625,0.16700002551078796,4.974999904632568
1095,312.2947697993368,0.026627758517861366,0.5819091796875,0.16099999845027924,5.262499809265137
1096,312.5443496108055,0.0273565836250782,0.5815277099609375,0.17424999177455902,4.887500286102295
1097,312.7922881990671,0.02580803632736206,0.581146240234375,0.17524999380111694,5.243750095367432
1098,313.0185797670856,0.0248882956802845,0.5807647705078125,0.15474998950958252,4.824999809265137
1099,313.2341880174354,0.0285856444388628,0.58038330078125,0.1587499976158142,4.731249809265137
1100,313.5089163882658,0.02759152464568615,0.5800018310546875,0.1782500147819519,5.149999618530273
1101,313.8593046721071,0.026031523942947388,0.579620361328125,0.1587499976158142,5.22499942779541
1102,314.12489088531584,0.02888735570013523,0.5792388916015625,0.1614999920129776,4.625
1103,314.4153872281313,0.021425876766443253,0.578857421875,0.1677500158548355,4.962499618530273
1104,314.9462523339316,0.0268277358263731,0.5784759521484375,0.16750000417232513,5.299999713897705
1105,315.21891344711185,0.02362852357327938,0.578094482421875,0.1589999943971634,4.6687493324279785
1106,315.46740680839866,0.02387193962931633,0.5777130126953125,0.16449998319149017,4.956250190734863
1107,315.73467454034835,0.026559051126241684,0.57733154296875,0.15575000643730164,4.924999237060547
1108,316.0276379669085,0.030255842953920364,0.5769500732421875,0.17499999701976776,4.96250057220459
1109,316.24771379400045,0.025387858971953392,0.576568603515625,0.16224999725818634,4.900000095367432
1110,316.5126364827156,0.02562263421714306,0.5761871337890625,0.16425001621246338,5.024999618530273
1111,316.7312219655141,0.02121013216674328,0.5758056640625,0.1589999943971634,4.906249523162842
1112,316.99316201079637,0.027636203914880753,0.5754241943359375,0.16725002229213715,4.84375
1113,317.2247916730121,0.02292507514357567,0.575042724609375,0.16350001096725464,5.012499809265137
1114,317.5031143743545,0.027029383927583694,0.5746612548828125,0.17225000262260437,4.96875
1115,317.7510866280645,0.02769932709634304,0.57427978515625,0.1639999896287918,5.018749713897705
1116,317.9777857083827,0.023099340498447418,0.5738983154296875,0.1587500125169754,4.712500095367432
1117,318.2333375364542,0.024447396397590637,0.573516845703125,0.1692500114440918,4.993749618530273
1118,318.47077143006027,0.028339657932519913,0.5731353759765625,0.179500013589859,5.337500095367432
1119,318.69711235910654,0.02446397766470909,0.57275390625,0.16750000417232513,4.925000190734863
1120,318.9533237181604,0.022804822772741318,0.5723724365234375,0.17949998378753662,5.381249904632568
1121,319.2757436595857,0.026666726917028427,0.571990966796875,0.1652500033378601,4.962500095367432
1122,319.87434077449143,0.023202285170555115,0.5716094970703125,0.17024999856948853,5.087499618530273
1123,320.12109119351953,0.02447073720395565,0.57122802734375,0.17350000143051147,5.293749809265137
1124,320.3908299971372,0.021901752799749374,0.5708465576171875,0.16575001180171967,4.90000057220459
1125,320.6341128954664,0.02337944321334362,0.570465087890625,0.15974999964237213,4.950000286102295
1126,320.8785286890343,0.025713998824357986,0.5700836181640625,0.16949999332427979,4.8125
1127,321.1104072537273,0.02508346177637577,0.5697021484375,0.1720000058412552,5.243749618530273
1128,321.3699453175068,0.02560083195567131,0.5693206787109375,0.14525000751018524,4.399999618530273
1129,321.6672174492851,0.023417601361870766,0.568939208984375,0.17425000667572021,4.78125
1130,321.91009736340493,0.02845602110028267,0.5685577392578125,0.16750000417232513,5.193750381469727
1131,322.13836992532015,0.027437301352620125,0.56817626953125,0.15525001287460327,4.537499904632568
1132,322.3633882785216,0.023577295243740082,0.5677947998046875,0.156000018119812,4.862500190734863
1133,322.5907080741599,0.024678794667124748,0.567413330078125,0.16699999570846558,4.825000286102295
1134,322.82453063316643,0.027091041207313538,0.5670318603515625,0.17499999701976776,5.574999809265137
1135,323.0801942171529,0.0218649934977293,0.566650390625,0.17025001347064972,5.137499809265137
1136,323.32634749636054,0.022408323362469673,0.5662689208984375,0.1705000102519989,4.968749523162842
1137,323.6335539491847,0.022651085630059242,0.565887451171875,0.16300001740455627,5.137500286102295
1138,323.9453751780093,0.022208968177437782,0.5655059814453125,0.16325001418590546,4.887499809265137
1139,324.2007006602362,0.025881953537464142,0.56512451171875,0.17275001108646393,5.018750190734863
1140,324.4634801018983,0.028474267572164536,0.5647430419921875,0.16625000536441803,5.125
1141,324.70226005651057,0.029406409710645676,0.564361572265625,0.18199998140335083,5.243749618530273
1142,325.0378854870796,0.026503970846533775,0.5639801025390625,0.16249999403953552,4.962500095367432
1143,325.33153350278735,0.023916009813547134,0.5635986328125,0.16300001740455627,4.650000095367432
1144,325.5673275683075,0.023956451565027237,0.5632171630859375,0.17474998533725739,5.149999618530273
1145,325.88417949713767,0.024199681356549263,0.562835693359375,0.17425000667572021,5.324999809265137
1146,326.1234038779512,0.02422504685819149,0.5624542236328125,0.17550000548362732,5.212500095367432
1147,326.509773879312,0.025540363043546677,0.56207275390625,0.15900000929832458,4.956250190734863
1148,326.7425814392045,0.023190680891275406,0.5616912841796875,0.16425001621246338,4.90625
1149,326.9710427103564,0.01932954229414463,0.561309814453125,0.16174998879432678,4.912499904632568
1150,327.2428307980299,0.025910833850502968,0.5609283447265625,0.1784999817609787,5.324999809265137
1151,327.4998999927193,0.023992367088794708,0.560546875,0.1809999793767929,5.249999523162842
1152,327.7503745825961,0.024458419531583786,0.5601654052734375,0.16600000858306885,5.424999713897705
1153,328.06691836752,0.022124921903014183,0.559783935546875,0.17250001430511475,5.025000095367432
1154,328.3732099449262,0.02533440664410591,0.5594024658203125,0.17775002121925354,5.168749809265137
1155,328.6390651576221,0.0237237811088562,0.55902099609375,0.16875000298023224,5.424999713897705
1156,328.90061791427433,0.020034635439515114,0.5586395263671875,0.179500013589859,5.125
1157,329.13543878588825,0.021871712058782578,0.558258056640625,0.1665000170469284,5.03125
1158,329.59128482080996,0.022194555029273033,0.5578765869140625,0.15449999272823334,4.987500190734863
1159,329.8626572797075,0.02533174864947796,0.5574951171875,0.1692500114440918,4.90625
1160,330.7218741821125,0.022416599094867706,0.5571136474609375,0.16950000822544098,4.931249618530273
1161,330.96898506674916,0.02534038946032524,0.556732177734375,0.16875000298023224,5.337500095367432
1162,331.2503544194624,0.023951759561896324,0.5563507080078125,0.15924999117851257,4.700000286102295
1163,331.4715465651825,0.02060021460056305,0.55596923828125,0.1692499965429306,5.0625
1164,331.7725596772507,0.026125231757760048,0.5555877685546875,0.17249999940395355,5.437499523162842
1165,332.0243151066825,0.02258070558309555,0.555206298828125,0.1639999896287918,4.900000095367432
1166,332.26557497121394,0.02348650060594082,0.5548248291015625,0.16950000822544098,5.03125
1167,332.63567387405783,0.024166526272892952,0.554443359375,0.1627499908208847,5.16249942779541
1168,333.00128353200853,0.024961723014712334,0.5540618896484375,0.1615000218153,4.724999904632568
1169,333.31636761222035,0.023139307275414467,0.553680419921875,0.17674998939037323,5.21875
1170,333.63036550953984,0.023677518591284752,0.5532989501953125,0.1665000021457672,5.075000286102295
1171,333.92034733388573,0.025459565222263336,0.55291748046875,0.1589999943971634,4.743750095367432
1172,334.17870827857405,0.025572996586561203,0.5525360107421875,0.1692499965429306,5.087499618530273
1173,334.43541480228305,0.02451859600841999,0.552154541015625,0.15825000405311584,5.087500095367432
1174,334.99386335443705,0.022389641031622887,0.5517730712890625,0.16500000655651093,4.849999904632568
1175,335.2465994646773,0.02116909995675087,0.5513916015625,0.15974999964237213,4.681250095367432
1176,335.58068089932203,0.022423705086112022,0.5510101318359375,0.16249999403953552,4.937499523162842
1177,335.8381134029478,0.023854486644268036,0.550628662109375,0.17450003325939178,5.174999713897705
1178,336.0747190741822,0.023872971534729004,0.5502471923828125,0.1667499989271164,4.949999809265137
1179,336.3191994484514,0.02652166783809662,0.54986572265625,0.1550000160932541,4.737499713897705
1180,336.57325935922563,0.0217111948877573,0.5494842529296875,0.1720000058412552,4.899999618530273
1181,336.81358631607145,0.02410724386572838,0.549102783203125,0.17899999022483826,5.38124942779541
1182,337.0591548671946,0.02878705784678459,0.5487213134765625,0.1665000021457672,5.137499809265137
1183,337.29238529130816,0.027095524594187737,0.54833984375,0.17424999177455902,5.156249523162842
1184,337.53743730764836,0.03102467581629753,0.5479583740234375,0.16249999403953552,4.856250286102295
1185,337.78252238593996,0.02047453448176384,0.547576904296875,0.15649999678134918,4.925000190734863
1186,338.0237644864246,0.02168426476418972,0.5471954345703125,0.1652500182390213,4.75
1187,338.2555774981156,0.025380009785294533,0.54681396484375,0.17874999344348907,5.300000190734863
1188,338.68456094525754,0.022970065474510193,0.5464324951171875,0.17524999380111694,5.662500381469727
1189,339.02994680404663,0.02366998791694641,0.546051025390625,0.1730000078678131,5.012499809265137
1190,339.29596203472465,0.022469762712717056,0.5456695556640625,0.1732500046491623,5.193749904632568
1191,339.58087658137083,0.024955540895462036,0.5452880859375,0.16200000047683716,4.91249942779541
1192,339.837449548766,0.026058010756969452,0.5449066162109375,0.14525000751018524,4.599999904632568
1193,340.05703272111714,0.021429700776934624,0.544525146484375,0.17374999821186066,4.96875
1194,340.33481537830085,0.023554714396595955,0.5441436767578125,0.1759999841451645,5.412499904632568
1195,340.6948642162606,0.023487426340579987,0.54376220703125,0.18000000715255737,5.4375
1196,340.94677228014916,0.022651920095086098,0.5433807373046875,0.18299999833106995,5.331250190734863
1197,341.1767669264227,0.026481330394744873,0.542999267578125,0.16199998557567596,5.099999904632568
1198,341.43897168990225,0.021032437682151794,0.5426177978515625,0.17675000429153442,5.074999809265137
1199,342.0368946045637,0.025354523211717606,0.542236328125,0.1615000218153,4.881249904632568
1200,342.35684137046337,0.024348564445972443,0.5418548583984375,0.16899999976158142,5.224999904632568
1201,342.58696892205626,0.026424303650856018,0.541473388671875,0.17374999821186066,5.125
1202,342.82744426466525,0.022099461406469345,0.5410919189453125,0.1822500228881836,5.387499809265137
1203,343.0795171055943,0.020483016967773438,0.54071044921875,0.16750000417232513,5.375000476837158
1204,343.33097910974175,0.024770507588982582,0.5403289794921875,0.16950000822544098,5.0625
1205,343.5918538486585,0.023207634687423706,0.539947509765625,0.16575001180171967,4.818749904632568
1206,343.810702255927,0.024333681911230087,0.5395660400390625,0.1679999977350235,5.224999904632568
1207,344.1274332916364,0.023546447977423668,0.5391845703125,0.17150001227855682,5.106250286102295
1208,344.37437445949763,0.022910870611667633,0.5388031005859375,0.1772499978542328,5.199999809265137
1209,344.7423783848062,0.023745907470583916,0.538421630859375,0.1745000034570694,5.25
1210,344.96369709447026,0.022484861314296722,0.5380401611328125,0.17800001800060272,5.274999618530273
1211,345.18284428678453,0.026736536994576454,0.53765869140625,0.15974999964237213,4.90625
1212,345.45166185032576,0.024406742304563522,0.5372772216796875,0.1667499989271164,5.212500095367432
1213,345.695476019755,0.02420215867459774,0.536895751953125,0.17975002527236938,5.125
1214,345.93967522028834,0.023026827722787857,0.5365142822265625,0.17475000023841858,5.300000190734863
1215,346.2161115920171,0.02724548801779747,0.5361328125,0.16775000095367432,5.09999942779541
1216,346.48341235052794,0.024442236870527267,0.5357513427734375,0.16975000500679016,5.0625
1217,346.7476637503132,0.024275409057736397,0.535369873046875,0.16850000619888306,5.037499904632568
1218,346.963529326953,0.023980973288416862,0.5349884033203125,0.16600000858306885,5.1875
1219,347.18857419118285,0.02702891081571579,0.53460693359375,0.16050000488758087,4.849999904632568
1220,347.4093196960166,0.022272532805800438,0.5342254638671875,0.17374999821186066,5.0625
1221,347.6868098080158,0.023220160976052284,0.533843994140625,0.1652500033378601,4.5625
1222,347.9487847192213,0.02488098107278347,0.5334625244140625,0.1705000102519989,5.374999523162842
1223,348.16947790421546,0.02354901283979416,0.5330810546875,0.18024998903274536,5.243750095367432
1224,348.40192291513085,0.025918439030647278,0.5326995849609375,0.15950000286102295,4.862500190734863
1225,348.7358338916674,0.02212725207209587,0.532318115234375,0.17000000178813934,5.09375
1226,348.968259613961,0.024794621393084526,0.5319366455078125,0.16350001096725464,4.800000190734863
1227,349.18401756323874,0.02568604238331318,0.53155517578125,0.1680000126361847,5.074999809265137
1228,349.8496550451964,0.02442747727036476,0.5311737060546875,0.17874999344348907,5.237499713897705
1229,350.08066369593143,0.030216600745916367,0.530792236328125,0.17649999260902405,5.306250095367432
1230,350.2955267801881,0.02566925249993801,0.5304107666015625,0.16224999725818634,4.9375
1231,350.5255013881251,0.0235915370285511,0.530029296875,0.1732499897480011,5.256249904632568
1232,350.892602622509,0.02316013164818287,0.5296478271484375,0.16899999976158142,4.887499809265137
1233,351.1082286881283,0.02541418746113777,0.529266357421875,0.15950000286102295,4.849999904632568
1234,351.39699667319655,0.02457405999302864,0.5288848876953125,0.15974999964237213,4.850000381469727
1235,351.6870053205639,0.024134328588843346,0.52850341796875,0.1757500022649765,5.09999942779541
1236,351.92764194402844,0.023802267387509346,0.5281219482421875,0.1640000194311142,4.987500190734863
1237,352.3056594831869,0.023617638275027275,0.527740478515625,0.16875000298023224,5.09375
1238,352.5286765471101,0.0247877798974514,0.5273590087890625,0.16500000655651093,4.856249809265137
1239,352.830979607068,0.021485216915607452,0.5269775390625,0.1665000021457672,5.199999809265137
1240,353.07614206522703,0.024718204513192177,0.5265960693359375,0.16099999845027924,4.787499904632568
1241,353.30618304014206,0.023139111697673798,0.526214599609375,0.1679999977350235,5.0
1242,353.58538228832185,0.028285343199968338,0.5258331298828125,0.1665000021457672,5.074999809265137
1243,354.54178572818637,0.025288933888077736,0.52545166015625,0.15900000929832458,4.974999904632568
1244,354.85088058095425,0.025451291352510452,0.5250701904296875,0.16899999976158142,4.849999904632568
1245,355.0669496115297,0.021437112241983414,0.524688720703125,0.18700000643730164,5.72499942779541
1246,355.3170687947422,0.022763973101973534,0.5243072509765625,0.16200000047683716,5.056250095367432
1247,355.61829575989395,0.02287338487803936,0.52392578125,0.16975000500679016,5.049999713897705
1248,355.8464103117585,0.025271419435739517,0.5235443115234375,0.17100000381469727,5.287499904632568
1249,356.1755211437121,0.02174459584057331,0.523162841796875,0.16625002026557922,4.993750095367432
1250,356.4464627215639,0.02517559379339218,0.5227813720703125,0.17075000703334808,5.0625
1251,356.7418250506744,0.023936698213219643,0.52239990234375,0.1679999977350235,4.874999523162842
1252,357.02539121732116,0.026419002562761307,0.5220184326171875,0.16450001299381256,5.068749904632568
1253,357.2873341664672,0.026350392028689384,0.521636962890625,0.16450001299381256,4.918749809265137
1254,357.5184139953926,0.022478286176919937,0.5212554931640625,0.16600000858306885,5.3125
1255,357.76040410716087,0.022607576102018356,0.5208740234375,0.16550001502037048,4.799999713897705
1256,358.0117399170995,0.026756612583994865,0.5204925537109375,0.1679999977350235,5.03125
1257,358.2410005480051,0.02345431037247181,0.520111083984375,0.16224999725818634,5.025000095367432
1258,358.4725452233106,0.023405438289046288,0.5197296142578125,0.17275001108646393,5.049999713897705
1259,358.71317965351045,0.022427067160606384,0.51934814453125,0.16200000047683716,4.862500190734863
1260,358.9436464579776,0.021744560450315475,0.5189666748046875,0.1602499932050705,4.72499942779541
1261,359.18292853049934,0.023410117253661156,0.518585205078125,0.17299999296665192,5.193749904632568
1262,359.42054519150406,0.026149027049541473,0.5182037353515625,0.18125002086162567,5.306250095367432
1263,359.63598597981036,0.02351069077849388,0.517822265625,0.16899999976158142,4.824999809265137
1264,359.8575049750507,0.0247599296271801,0.5174407958984375,0.1704999953508377,5.337500095367432
1265,360.07626745756716,0.025486338883638382,0.517059326171875,0.17000000178813934,4.987500190734863
1266,360.31490432471037,0.027222895994782448,0.5166778564453125,0.1717499941587448,5.262500286102295
1267,360.5796120855957,0.028759974986314774,0.51629638671875,0.1757499873638153,5.181250095367432
1268,360.8196504348889,0.02508408948779106,0.5159149169921875,0.16950000822544098,5.112499713897705
1269,361.06457651779056,0.022807983681559563,0.515533447265625,0.16750000417232513,5.087500095367432
1270,361.32939939852804,0.02562674507498741,0.5151519775390625,0.16875000298023224,5.006249904632568
1271,361.67503136210144,0.02368263527750969,0.5147705078125,0.18125000596046448,5.387500286102295
1272,361.9550881832838,0.022525887936353683,0.5143890380859375,0.15924999117851257,5.125
1273,362.20420041680336,0.02172192372381687,0.514007568359375,0.17375001311302185,4.962499618530273
1274,362.4280786216259,0.022755524143576622,0.5136260986328125,0.17674998939037323,5.21875
1275,362.69110486935824,0.023513825610280037,0.51324462890625,0.16099999845027924,4.625
1276,362.9567490639165,0.02342367358505726,0.5128631591796875,0.16350001096725464,4.974999904632568
1277,363.22731942590326,0.0254984050989151,0.512481689453125,0.1732499897480011,5.15625
1278,363.49049589410424,0.024893302470445633,0.5121002197265625,0.15925000607967377,4.799999713897705
1279,363.73972628545016,0.025307297706604004,0.51171875,0.17125000059604645,5.037500381469727
1280,363.9670526366681,0.022110117599368095,0.5113372802734375,0.17024999856948853,5.081250190734863
1281,364.23101806640625,0.023461978882551193,0.510955810546875,0.1665000021457672,4.762499809265137
1282,364.47497618198395,0.021696053445339203,0.5105743408203125,0.16199998557567596,5.037500381469727
1283,364.7600894616917,0.024248819798231125,0.51019287109375,0.1759999841451645,5.19374942779541
1284,365.0681461133063,0.027042221277952194,0.5098114013671875,0.16500000655651093,4.9375
1285,365.3293150216341,0.01973731443285942,0.509429931640625,0.17350000143051147,5.256250381469727
1286,365.5507202176377,0.02256157249212265,0.5090484619140625,0.18150000274181366,5.274999618530273
1287,365.86043160036206,0.02577863074839115,0.5086669921875,0.15650001168251038,4.75
1288,366.10136689897627,0.023643648251891136,0.5082855224609375,0.16699999570846558,4.91249942779541
1289,366.34761968813837,0.02628258988261223,0.507904052734375,0.17400000989437103,5.150000095367432
1290,366.5895880907774,0.022098850458860397,0.5075225830078125,0.1772499978542328,5.549999713897705
1291,366.8516808273271,0.02360389195382595,0.50714111328125,0.16700001060962677,5.137499809265137
1292,367.4145470466465,0.02339380979537964,0.5067596435546875,0.1772499978542328,5.124999523162842
1293,367.65946749877185,0.02315211482346058,0.506378173828125,0.16199998557567596,5.199999809265137
1294,367.91575210914016,0.021875187754631042,0.5059967041015625,0.1809999793767929,5.024999618530273
1295,368.1385919023305,0.024596262723207474,0.505615234375,0.1705000102519989,5.212499618530273
1296,368.40064969379455,0.02273956872522831,0.5052337646484375,0.1615000218153,5.1875
1297,368.64092130213976,0.020470457151532173,0.504852294921875,0.17000000178813934,4.9375
1298,369.0318372687325,0.020890409126877785,0.5044708251953125,0.1720000058412552,5.056250095367432
1299,369.2621616302058,0.020633108913898468,0.50408935546875,0.17399999499320984,5.162499904632568
1300,369.5262422915548,0.024105358868837357,0.5037078857421875,0.1720000058412552,5.237500190734863
1301,369.87314399238676,0.02382681518793106,0.503326416015625,0.1602500081062317,4.837500095367432
1302,370.1450946154073,0.02207781746983528,0.5029449462890625,0.17375001311302185,5.637499809265137
1303,370.37660267949104,0.024356363341212273,0.5025634765625,0.17550000548362732,5.174999713897705
1304,370.72902899235487,0.02387974038720131,0.5021820068359375,0.18125000596046448,5.268750190734863
1305,370.9833931401372,0.021531227976083755,0.501800537109375,0.17599999904632568,5.537499904632568
1306,371.2105867564678,0.02425950951874256,0.5014190673828125,0.1784999966621399,5.318750381469727
1307,371.4559604227543,0.02385454811155796,0.50103759765625,0.1667500138282776,4.943749904632568
1308,371.68096054904163,0.026352331042289734,0.5006561279296875,0.1602499932050705,4.9499993324279785
1309,372.01107008755207,0.020442023873329163,0.500274658203125,0.18024998903274536,5.162499904632568
1310,372.27189744636416,0.023531747981905937,0.4998931884765625,0.1667500138282776,5.043749809265137
1311,372.5276154940948,0.02457170933485031,0.49951171875,0.1665000170469284,5.137499809265137
1312,372.79632602166384,0.025218714028596878,0.4991302490234375,0.1665000021457672,4.949999809265137
1313,373.03832664433867,0.02586492896080017,0.498748779296875,0.17149999737739563,5.09375
1314,373.34541077166796,0.022651175037026405,0.4983673095703125,0.1704999953508377,5.549999713897705
1315,373.5934836799279,0.02185615338385105,0.49798583984375,0.17900002002716064,5.043749809265137
1316,373.8213604930788,0.0202633086591959,0.4976043701171875,0.17749997973442078,5.356250762939453
1317,374.1145766256377,0.020982280373573303,0.497222900390625,0.16700001060962677,5.237500190734863
1318,374.44129343144596,0.022999584674835205,0.4968414306640625,0.16700001060962677,4.96875
1319,374.70624648220837,0.026052169501781464,0.4964599609375,0.17249999940395355,5.074999809265137
1320,374.9751374684274,0.025414198637008667,0.4960784912109375,0.1577499955892563,5.074999809265137
1321,375.24031631834805,0.02013888768851757,0.495697021484375,0.15675000846385956,4.649999618530273
1322,375.4760094722733,0.020544499158859253,0.4953155517578125,0.18325001001358032,5.256250381469727
1323,375.70882050227374,0.023091983050107956,0.49493408203125,0.16325001418590546,4.887499809265137
1324,375.93643338419497,0.023000698536634445,0.4945526123046875,0.17499999701976776,5.243750095367432
1325,376.1673975996673,0.019197095185518265,0.494171142578125,0.17149999737739563,5.056250095367432
1326,376.42144893854856,0.027229370549321175,0.4937896728515625,0.1770000010728836,5.362500190734863
1327,376.6614069240168,0.022748913615942,0.493408203125,0.18125000596046448,5.387499809265137
1328,376.9745696596801,0.026073480024933815,0.4930267333984375,0.17125000059604645,5.168749809265137
1329,377.23864935711026,0.023443548008799553,0.492645263671875,0.1720000058412552,5.475000381469727
1330,377.4679619865492,0.021162107586860657,0.4922637939453125,0.17100000381469727,5.131249904632568
1331,377.6990754036233,0.02948761358857155,0.49188232421875,0.16425001621246338,4.8125
1332,378.0728382393718,0.024400800466537476,0.4915008544921875,0.15674999356269836,4.724999904632568
1333,378.30305748432875,0.0227047186344862,0.491119384765625,0.16249999403953552,4.893750190734863
1334,378.5751609103754,0.022003283724188805,0.4907379150390625,0.1887499988079071,5.44374942779541
1335,378.8745718775317,0.0248943492770195,0.4903564453125,0.17024999856948853,5.224999904632568
1336,379.11438201367855,0.023782413452863693,0.4899749755859375,0.1692500114440918,5.162499904632568
1337,379.337389790453,0.023774078115820885,0.489593505859375,0.17000000178813934,4.962499618530273
1338,379.56144304480404,0.026153547689318657,0.4892120361328125,0.16950000822544098,5.16249942779541
1339,379.78179482370615,0.01817053183913231,0.48883056640625,0.1705000102519989,5.162499904632568
1340,380.00194223597646,0.024310387670993805,0.4884490966796875,0.16550001502037048,4.893749713897705
1341,380.22490795329213,0.024142757058143616,0.488067626953125,0.16625000536441803,5.174999713897705
1342,380.46835685614496,0.02138639986515045,0.4876861572265625,0.1732500046491623,5.200000286102295
1343,380.72368149552494,0.025181269273161888,0.4873046875,0.17624999582767487,5.106249809265137
1344,381.0441480735317,0.024575918912887573,0.4869232177734375,0.17499999701976776,5.337499618530273
1345,381.26357516273856,0.021060578525066376,0.486541748046875,0.1654999852180481,5.03125
1346,381.50918867252767,0.020196588709950447,0.4861602783203125,0.16750001907348633,5.0
1347,381.78495743405074,0.025656823068857193,0.48577880859375,0.1654999852180481,5.149999618530273
1348,382.0294449226931,0.022485120221972466,0.4853973388671875,0.1679999977350235,4.981250286102295
1349,382.27595528028905,0.02377706952393055,0.485015869140625,0.16600000858306885,4.931249618530273
1350,382.5327659016475,0.020895274356007576,0.4846343994140625,0.1535000056028366,4.574999809265137
1351,382.76779346726835,0.022060412913560867,0.4842529296875,0.1757500022649765,5.187499523162842
1352,383.0276963301003,0.021945271641016006,0.4838714599609375,0.17549999058246613,5.143750190734863
1353,383.28393417876214,0.020648261532187462,0.483489990234375,0.1654999852180481,4.887499809265137
1354,383.5207753861323,0.021683448925614357,0.4831085205078125,0.17899999022483826,5.112499713897705
1355,383.7474461141974,0.02161622978746891,0.48272705078125,0.17100000381469727,5.331250190734863
1356,384.16812452394515,0.02591165527701378,0.4823455810546875,0.17299999296665192,5.137499809265137
1357,384.40752868168056,0.020914621651172638,0.481964111328125,0.1759999841451645,5.3249993324279785
1358,384.6447618911043,0.01979190669953823,0.4815826416015625,0.16850000619888306,5.0437493324279785
1359,384.911060330458,0.021608002483844757,0.481201171875,0.16725002229213715,5.162500381469727
1360,385.13734451588243,0.024284727871418,0.4808197021484375,0.17374999821186066,5.175000190734863
1361,385.3617369234562,0.02195940539240837,0.480438232421875,0.18274997174739838,5.337500095367432
1362,385.61438801232725,0.02628333680331707,0.4800567626953125,0.16700001060962677,5.099999904632568
1363,385.8610057234764,0.023861587047576904,0.47967529296875,0.16450001299381256,4.987500190734863
1364,386.1070861071348,0.02534104511141777,0.4792938232421875,0.17800001800060272,5.199999809265137
1365,386.368085055612,0.027277572080492973,0.478912353515625,0.15900000929832458,4.91249942779541
1366,386.5882779946551,0.028013182803988457,0.4785308837890625,0.16324998438358307,4.90625
1367,386.8093415610492,0.024876393377780914,0.4781494140625,0.17274999618530273,5.012499809265137
1368,387.0558306071907,0.024460569024086,0.4777679443359375,0.1797500103712082,5.362500190734863
1369,387.4283569622785,0.026641691103577614,0.477386474609375,0.1522500067949295,4.8125
1370,387.6720428671688,0.022218924015760422,0.4770050048828125,0.18174999952316284,5.349999904632568
1371,387.91766539774835,0.018684005364775658,0.47662353515625,0.17000000178813934,5.137499809265137
1372,388.14847817644477,0.02111317217350006,0.4762420654296875,0.1782500147819519,5.150000095367432
1373,388.44825275056064,0.02674735151231289,0.475860595703125,0.16174998879432678,5.03125
1374,388.66697909962386,0.023127179592847824,0.4754791259765625,0.16750000417232513,5.3125
1375,388.9116018265486,0.02590910904109478,0.47509765625,0.18125000596046448,5.18125057220459
1376,389.148616171442,0.022508548572659492,0.4747161865234375,0.16824999451637268,5.087500095367432
1377,389.3864602856338,0.020531177520751953,0.474334716796875,0.1782500147819519,5.512500286102295
1378,389.6537451595068,0.022043751552700996,0.4739532470703125,0.1587500125169754,5.018750190734863
1379,389.92116641346365,0.02185763604938984,0.47357177734375,0.18250000476837158,5.212499618530273
1380,390.30834904965013,0.023756925016641617,0.4731903076171875,0.16875000298023224,5.274999618530273
1381,390.5972107164562,0.023204773664474487,0.472808837890625,0.16775000095367432,4.856249809265137
1382,390.9002972599119,0.022405065596103668,0.4724273681640625,0.16899999976158142,5.143749237060547
1383,391.14011886622757,0.02432427927851677,0.4720458984375,0.16574998199939728,5.300000190734863
1384,391.36594766471535,0.022935330867767334,0.4716644287109375,0.18174999952316284,5.075000286102295
1385,391.58631182834506,0.02462172880768776,0.471282958984375,0.17350000143051147,5.300000190734863
1386,391.8864136254415,0.02755175158381462,0.4709014892578125,0.1602499932050705,5.25
1387,392.1074459012598,0.022315751761198044,0.47052001953125,0.17899999022483826,5.03125
1388,392.39306132216007,0.024703072383999825,0.4701385498046875,0.16824999451637268,5.03125
1389,392.71036391705275,0.023818504065275192,0.469757080078125,0.1757499873638153,5.087499618530273
1390,392.934298703447,0.026612212881445885,0.4693756103515625,0.17249999940395355,5.324999809265137
1391,393.1644434724003,0.0224433783441782,0.468994140625,0.15775001049041748,4.78125
1392,393.3989785416052,0.02021089382469654,0.4686126708984375,0.16074998676776886,5.050000190734863
1393,393.64587401226163,0.020991625264286995,0.468231201171875,0.17475000023841858,4.931249618530273
1394,393.8659714087844,0.021562522277235985,0.4678497314453125,0.18174999952316284,5.475000381469727
1395,394.1126395566389,0.024980947375297546,0.46746826171875,0.1677500158548355,5.237500190734863
1396,394.37630833219737,0.023262731730937958,0.4670867919921875,0.17150001227855682,5.106249809265137
1397,394.59701454732567,0.02387157827615738,0.466705322265625,0.1772499978542328,5.187499523162842
1398,394.8168653752655,0.023032639175653458,0.4663238525390625,0.1654999852180481,5.012499809265137
1399,395.05093619134277,0.024734029546380043,0.4659423828125,0.17624999582767487,5.275000095367432
1400,395.3281710827723,0.021999401971697807,0.4655609130859375,0.1720000058412552,5.0625
1401,395.62368144560605,0.021524008363485336,0.465179443359375,0.17125000059604645,5.125
1402,395.8633985221386,0.019829170778393745,0.4647979736328125,0.1757500022649765,5.362500190734863
1403,396.1558822179213,0.021707886829972267,0.46441650390625,0.17874999344348907,5.21875
1404,396.8448849590495,0.0225689634680748,0.4640350341796875,0.1757500022649765,5.475000381469727
1405,397.07450830657035,0.024108154699206352,0.463653564453125,0.17425000667572021,5.231249809265137
1406,397.31898672971874,0.02167886309325695,0.4632720947265625,0.17425000667572021,5.137499809265137
1407,397.5412357086316,0.02233511582016945,0.462890625,0.1704999953508377,5.049999713897705
1408,397.8040241394192,0.02400137484073639,0.4625091552734375,0.17100000381469727,5.274999618530273
1409,398.04969971999526,0.024421878159046173,0.462127685546875,0.18299999833106995,5.312499523162842
1410,398.2845703875646,0.025470664724707603,0.4617462158203125,0.1732499897480011,5.474999904632568
1411,398.51555914152414,0.025389106944203377,0.46136474609375,0.1600000262260437,4.75
1412,398.76134971156716,0.024523936212062836,0.4609832763671875,0.16700001060962677,5.018750190734863
1413,398.9969303496182,0.026280367746949196,0.460601806640625,0.17000000178813934,4.862500190734863
1414,399.2569119213149,0.024295896291732788,0.4602203369140625,0.16750000417232513,5.174999713897705
1415,399.54933547228575,0.021088264882564545,0.4598388671875,0.17150001227855682,5.118750095367432
1416,399.76668042410165,0.022631140425801277,0.4594573974609375,0.1587500125169754,4.950000286102295
1417,399.99958514235914,0.025026461109519005,0.459075927734375,0.18325001001358032,5.075000286102295
1418,400.24966680351645,0.023179659619927406,0.4586944580078125,0.17275001108646393,5.31874942779541
1419,400.54699333105236,0.020903298631310463,0.45831298828125,0.1587499976158142,4.849999904632568
1420,400.88949461840093,0.023828094825148582,0.4579315185546875,0.16174998879432678,4.799999713897705
1421,401.1395062766969,0.022772299125790596,0.457550048828125,0.19049999117851257,5.549999237060547
1422,401.3830857295543,0.02016184665262699,0.4571685791015625,0.17075000703334808,5.237500190734863
1423,401.63069344405085,0.024845752865076065,0.456787109375,0.18299999833106995,5.224999904632568
1424,401.86695048958063,0.026137422770261765,0.4564056396484375,0.16950000822544098,5.237499713897705
1425,402.1195286596194,0.02271209843456745,0.456024169921875,0.16824999451637268,5.175000190734863
1426,402.3380142999813,0.023892734199762344,0.4556427001953125,0.1654999852180481,4.949999809265137
1427,402.7044398142025,0.020039929077029228,0.45526123046875,0.16824999451637268,5.012499809265137
1428,403.1308910455555,0.019568584859371185,0.4548797607421875,0.16099999845027924,4.887499809265137
1429,403.4611870460212,0.022984664887189865,0.454498291015625,0.17299999296665192,5.19374942779541
1430,403.78746441192925,0.023942653089761734,0.4541168212890625,0.17075000703334808,4.981250286102295
1431,404.04535886552185,0.02637099288403988,0.4537353515625,0.16699999570846558,5.087499618530273
1432,404.2897943863645,0.022076794877648354,0.4533538818359375,0.16325001418590546,5.037499904632568
1433,404.5261140903458,0.02197500504553318,0.452972412109375,0.1704999953508377,4.937499523162842
1434,404.76386752165854,0.023642880842089653,0.4525909423828125,0.1692500114440918,5.087499618530273
1435,405.00107238907367,0.02123582735657692,0.45220947265625,0.17349998652935028,5.0749993324279785
1436,405.25047759339213,0.0208571944385767,0.4518280029296875,0.16350001096725464,5.037500381469727
1437,405.7259299121797,0.021942678838968277,0.451446533203125,0.17225000262260437,5.412499904632568
1438,405.9775198120624,0.023474043235182762,0.4510650634765625,0.17424999177455902,5.193749904632568
1439,406.24222413729876,0.020349591970443726,0.45068359375,0.15524999797344208,4.643750190734863
1440,406.52122052852064,0.02027590200304985,0.4503021240234375,0.16075000166893005,4.899999618530273
1441,406.814778839238,0.022232936695218086,0.449920654296875,0.16350001096725464,4.943749904632568
1442,407.0686465324834,0.025658829137682915,0.4495391845703125,0.17024999856948853,4.96875
1443,407.3244021665305,0.02372945286333561,0.44915771484375,0.15200001001358032,4.787499904632568
1444,407.60442594159395,0.022387612611055374,0.4487762451171875,0.17874999344348907,5.131250381469727
1445,407.8366216914728,0.023061763495206833,0.448394775390625,0.16600002348423004,4.893750190734863
1446,408.0973942577839,0.025760233402252197,0.4480133056640625,0.18000002205371857,5.449999809265137
1447,408.3565498581156,0.02548748441040516,0.4476318359375,0.16474997997283936,5.09375
1448,408.6198135940358,0.02635703980922699,0.4472503662109375,0.16975000500679016,5.043750286102295
1449,408.86616236530244,0.027291230857372284,0.446868896484375,0.16824999451637268,5.175000190734863
1450,409.1717535937205,0.021422971040010452,0.4464874267578125,0.17949998378753662,5.099999904632568
1451,409.420472022146,0.023030653595924377,0.44610595703125,0.18425001204013824,5.612500190734863
1452,409.69702065642923,0.023852623999118805,0.4457244873046875,0.15575000643730164,4.900000095367432
1453,409.9425612799823,0.020510854199528694,0.445343017578125,0.18049998581409454,5.024999618530273
1454,410.1729329191148,0.0206514410674572,0.4449615478515625,0.1744999885559082,5.293749809265137
1455,410.4193228688091,0.025821080431342125,0.444580078125,0.16300001740455627,5.012500286102295
1456,410.64630521275103,0.023413434624671936,0.4441986083984375,0.18824999034404755,5.256249904632568
1457,410.91683114040643,0.022563839331269264,0.443817138671875,0.1770000010728836,5.443749904632568
1458,411.13195780292153,0.026451122015714645,0.4434356689453125,0.18125000596046448,5.562499523162842
1459,411.4206202114001,0.02339106798171997,0.44305419921875,0.16249997913837433,5.062499523162842
1460,411.69230700843036,0.02402063086628914,0.4426727294921875,0.16475000977516174,4.868750095367432
1461,411.9773150533438,0.019748060032725334,0.442291259765625,0.14675000309944153,4.8125
1462,412.27573818713427,0.023833876475691795,0.4419097900390625,0.17674998939037323,4.931249618530273
1463,412.56978935562074,0.02755781076848507,0.4415283203125,0.18400000035762787,5.349999904632568
1464,412.8156402790919,0.02017381228506565,0.4411468505859375,0.16975000500679016,5.274999618530273
1465,413.08619071450084,0.02445063926279545,0.440765380859375,0.17350000143051147,5.056250095367432
1466,413.323314958252,0.026918621733784676,0.4403839111328125,0.17549999058246613,5.274999618530273
1467,413.54079984594136,0.023505492135882378,0.44000244140625,0.15674999356269836,4.549999713897705
1468,413.77375522162765,0.026317071169614792,0.4396209716796875,0.1704999953508377,5.056250095367432
1469,414.0427279053256,0.024052811786532402,0.439239501953125,0.17099998891353607,5.125000476837158
1470,414.2771841343492,0.02395634353160858,0.4388580322265625,0.1602499932050705,5.149999618530273
1471,414.5001248102635,0.019146844744682312,0.4384765625,0.17999997735023499,5.025000095367432
1472,414.745285009034,0.020380888134241104,0.4380950927734375,0.17749999463558197,5.34375
1473,414.9815826220438,0.024054059758782387,0.437713623046875,0.17299999296665192,5.412499904632568
1474,415.21141711063683,0.022575702518224716,0.4373321533203125,0.1654999852180481,4.956250190734863
1475,415.4343300424516,0.024187525734305382,0.43695068359375,0.1599999964237213,4.799999713897705
1476,415.6929462971166,0.022718271240592003,0.4365692138671875,0.16200000047683716,5.03749942779541
1477,416.0340642835945,0.022042397409677505,0.436187744140625,0.16725000739097595,4.96875
1478,416.30898490175605,0.02180652506649494,0.4358062744140625,0.18500001728534698,5.368749618530273
1479,416.5378956021741,0.023072484880685806,0.4354248046875,0.17149999737739563,4.962499618530273
1480,416.813582659699,0.0218068715184927,0.4350433349609375,0.17949998378753662,5.46875
1481,417.0708323055878,0.02359791472554207,0.434661865234375,0.17425000667572021,5.181250095367432
1482,417.32180125359446,0.023155424743890762,0.4342803955078125,0.16725000739097595,5.4375
1483,417.5507569415495,0.022264773026108742,0.43389892578125,0.1822500079870224,5.206250190734863
1484,417.9902793355286,0.020740196108818054,0.4335174560546875,0.17900002002716064,5.28749942779541
1485,418.2069279514253,0.02328377217054367,0.433135986328125,0.1472499966621399,4.525000095367432
1486,418.43876285571605,0.02367941103875637,0.4327545166015625,0.17599999904632568,5.018750190734863
1487,418.6808011466637,0.02246466651558876,0.432373046875,0.17799998819828033,5.25
1488,418.91012688726187,0.026954635977745056,0.4319915771484375,0.16649997234344482,5.062499523162842
1489,419.1717964503914,0.02158171683549881,0.431610107421875,0.18375001847743988,5.287499904632568
1490,419.390603993088,0.028901489451527596,0.4312286376953125,0.15549999475479126,4.824999809265137
1491,419.6494213519618,0.022550098598003387,0.43084716796875,0.16825000941753387,5.199999809265137
1492,419.905403255485,0.02081868052482605,0.4304656982421875,0.17525000870227814,5.137499809265137
1493,420.123595318757,0.021637681871652603,0.430084228515625,0.17249999940395355,5.162500381469727
1494,420.44303168170154,0.022691186517477036,0.4297027587890625,0.17225000262260437,5.249999523162842
1495,420.7351942276582,0.02171335369348526,0.4293212890625,0.18649999797344208,5.400000095367432
1496,421.1723078805953,0.022681185975670815,0.4289398193359375,0.1835000067949295,5.53125
1497,421.4442533804104,0.023522617295384407,0.428558349609375,0.16325001418590546,4.824999809265137
1498,421.66767844650894,0.023888111114501953,0.4281768798828125,0.1782500147819519,5.28749942779541
1499,421.89011422079057,0.024394819512963295,0.42779541015625,0.18900001049041748,5.562499523162842
1500,422.14409311674535,0.026079535484313965,0.4274139404296875,0.1807500123977661,5.47499942779541
1501,422.38422438967973,0.023442983627319336,0.427032470703125,0.17674998939037323,5.34999942779541
1502,422.6020608767867,0.019687766209244728,0.4266510009765625,0.16875001788139343,5.068750381469727
1503,422.8170387549326,0.022773796692490578,0.42626953125,0.16224999725818634,4.75
1504,423.10940968524665,0.027039717882871628,0.4258880615234375,0.16750000417232513,5.137499809265137
1505,423.3968884013593,0.023911990225315094,0.425506591796875,0.18125000596046448,5.262499809265137
1506,423.68159513454884,0.019568582996726036,0.4251251220703125,0.18074998259544373,5.162499904632568
1507,424.02836739551276,0.020825374871492386,0.42474365234375,0.17549999058246613,5.5625
1508,424.34173183888197,0.023742202669382095,0.4243621826171875,0.16975000500679016,5.006249904632568
1509,424.5800621183589,0.02111646719276905,0.423980712890625,0.16850000619888306,4.925000190734863
1510,424.85136062745005,0.022803187370300293,0.4235992431640625,0.1822499781847,5.506249904632568
1511,425.1284589488059,0.02056066133081913,0.4232177734375,0.18424999713897705,5.40625
1512,425.37387165706605,0.0222771018743515,0.4228363037109375,0.16224999725818634,4.587500095367432
1513,425.60538088995963,0.020237524062395096,0.422454833984375,0.17899999022483826,5.456249237060547
1514,425.87934735417366,0.023021835833787918,0.4220733642578125,0.1784999817609787,5.243750095367432
1515,426.116945351474,0.019209954887628555,0.42169189453125,0.16374999284744263,4.78749942779541
1516,426.37386890500784,0.021153513342142105,0.4213104248046875,0.17599999904632568,5.256250381469727
1517,426.6234684996307,0.02399221993982792,0.420928955078125,0.18575000762939453,5.487500190734863
1518,426.8683959869668,0.021855227649211884,0.4205474853515625,0.16450001299381256,4.899999618530273
1519,427.1431284584105,0.02636382356286049,0.420166015625,0.16124999523162842,4.943749904632568
1520,427.40291966870427,0.02268667332828045,0.4197845458984375,0.16950000822544098,4.987500190734863
1521,427.6511108633131,0.022163929417729378,0.419403076171875,0.1704999953508377,5.512499809265137
1522,427.94617304299027,0.02237648330628872,0.4190216064453125,0.1797500103712082,5.0625
1523,428.18749274965376,0.02254987508058548,0.41864013671875,0.17125000059604645,5.21875
1524,428.47091485839337,0.021575288847088814,0.4182586669921875,0.15974999964237213,4.737499713897705
1525,428.737560397014,0.023873168975114822,0.417877197265625,0.1680000126361847,5.03125
1526,429.47636769432575,0.020701996982097626,0.4174957275390625,0.1834999918937683,5.381250381469727
1527,429.70758819859475,0.024111147969961166,0.4171142578125,0.17400000989437103,5.487499713897705
1528,429.95812970399857,0.024546626955270767,0.4167327880859375,0.18325001001358032,5.275000095367432
1529,430.37632317841053,0.02443401888012886,0.416351318359375,0.1732500046491623,5.243750095367432
1530,430.63495735730976,0.021625811234116554,0.4159698486328125,0.16350001096725464,5.299999713897705
1531,430.86162334959954,0.0233566053211689,0.41558837890625,0.17900002002716064,5.006249904632568
1532,431.09755683876574,0.02364908903837204,0.4152069091796875,0.179500013589859,5.393750190734863
1533,431.32755938638,0.02184356190264225,0.414825439453125,0.17350000143051147,5.299999713897705
1534,431.572848030366,0.021026046946644783,0.4144439697265625,0.1692499965429306,5.212499618530273
1535,431.79513432178646,0.023242829367518425,0.4140625,0.1784999966621399,5.168749809265137
1536,432.05562391970307,0.02288554050028324,0.4136810302734375,0.1667499989271164,5.262499809265137
1537,432.2904112190008,0.020777838304638863,0.413299560546875,0.19349998235702515,5.40625
1538,432.5724876187742,0.022408144548535347,0.4129180908203125,0.1772499978542328,5.400000095367432
1539,432.820904343389,0.023887665942311287,0.41253662109375,0.17024999856948853,5.062499523162842
1540,433.10222191829234,0.021626640111207962,0.4121551513671875,0.17775002121925354,5.087499618530273
1541,433.3602755237371,0.02306962013244629,0.411773681640625,0.18275001645088196,5.650000095367432
1542,433.57858844753355,0.021983951330184937,0.4113922119140625,0.17100001871585846,5.237500190734863
1543,433.7972227204591,0.02453279122710228,0.4110107421875,0.17650002241134644,5.15625
1544,434.0435814196244,0.022106876596808434,0.4106292724609375,0.1627499908208847,4.981249809265137
1545,434.28847343008965,0.022290976718068123,0.410247802734375,0.16850000619888306,5.137500286102295
1546,434.535497575067,0.02411412075161934,0.4098663330078125,0.16725000739097595,5.062499523162842
1547,434.75494905374944,0.023663422092795372,0.40948486328125,0.17675000429153442,5.181250095367432
1548,434.97517345193774,0.020881175994873047,0.4091033935546875,0.16199998557567596,5.112500190734863
1549,435.1959165269509,0.02009515091776848,0.408721923828125,0.1837500035762787,5.212499618530273
1550,435.49519149027765,0.02233414351940155,0.4083404541015625,0.16475000977516174,4.993750095367432
1551,435.7390902712941,0.025111792609095573,0.407958984375,0.16600000858306885,5.537499904632568
1552,435.9867666075006,0.021399958059191704,0.4075775146484375,0.18325001001358032,5.025000095367432
1553,436.3347266372293,0.023470113053917885,0.407196044921875,0.1732499897480011,5.268749713897705
1554,436.5733505040407,0.023683447390794754,0.4068145751953125,0.16850000619888306,4.774999618530273
1555,436.95058243349195,0.020915623754262924,0.40643310546875,0.16450001299381256,5.199999809265137
1556,437.2105325264856,0.02431044913828373,0.4060516357421875,0.18024997413158417,5.243750095367432
1557,437.426117378287,0.022474177181720734,0.405670166015625,0.15675000846385956,4.962500095367432
1558,437.64428310189396,0.02114614099264145,0.4052886962890625,0.19099999964237213,5.425000190734863
1559,437.86344738304615,0.02200378105044365,0.4049072265625,0.18450000882148743,5.400000095367432
1560,438.0797756910324,0.02226899191737175,0.4045257568359375,0.16175001859664917,4.674999713897705
1561,438.30338989757,0.01984453946352005,0.404144287109375,0.17225000262260437,5.156249523162842
1562,438.5296413199976,0.025108875706791878,0.4037628173828125,0.1625000238418579,4.918750286102295
1563,438.7508591283113,0.022148333489894867,0.40338134765625,0.15725000202655792,4.674999713897705
1564,438.9788567321375,0.02294008620083332,0.4029998779296875,0.17549999058246613,5.399999618530273
1565,439.2274846583605,0.020603328943252563,0.402618408203125,0.17525000870227814,4.962499618530273
1566,439.51507316343486,0.020538264885544777,0.4022369384765625,0.1692499965429306,5.175000190734863
1567,439.83497718255967,0.022810421884059906,0.40185546875,0.18649999797344208,5.506249904632568
1568,440.16254519391805,0.023261813446879387,0.4014739990234375,0.18424999713897705,5.40625
1569,440.42831883206964,0.02272573485970497,0.401092529296875,0.1627499908208847,5.187499523162842
1570,440.6483717225492,0.028678538277745247,0.4007110595703125,0.16099998354911804,4.712500095367432
1571,440.871946929954,0.024771109223365784,0.40032958984375,0.16824999451637268,4.993750095367432
1572,441.08934278041124,0.02041172981262207,0.3999481201171875,0.16625000536441803,5.212500095367432
1573,441.3088883711025,0.025621697306632996,0.399566650390625,0.1875,5.4375
1574,441.52897414471954,0.025317173451185226,0.3991851806640625,0.17125000059604645,5.081250190734863
1575,441.7463800041005,0.019466763362288475,0.3988037109375,0.1822500079870224,5.5625
1576,441.966214871034,0.025266801938414574,0.3984222412109375,0.17499999701976776,5.431249618530273
1577,442.28724053967744,0.019964322447776794,0.398040771484375,0.17350000143051147,5.056249618530273
1578,442.5562008889392,0.023384857922792435,0.3976593017578125,0.17874999344348907,5.637499809265137
1579,442.78785462025553,0.022633543238043785,0.39727783203125,0.1615000218153,5.049999713897705
1580,443.03121960908175,0.02250838838517666,0.3968963623046875,0.17399999499320984,4.987499713897705
1581,443.25907759554684,0.024525899440050125,0.396514892578125,0.1679999977350235,5.050000190734863
1582,443.4770772187039,0.020467113703489304,0.3961334228515625,0.1772499829530716,5.174999713897705
1583,443.7048215987161,0.023829620331525803,0.395751953125,0.17599999904632568,5.331249713897705
1584,443.9778350107372,0.025754496455192566,0.3953704833984375,0.17650002241134644,5.412499904632568
1585,444.2642110772431,0.021958651021122932,0.394989013671875,0.17299999296665192,5.25
1586,444.5739742964506,0.027424056082963943,0.3946075439453125,0.16124999523162842,4.8125
1587,444.87908023875207,0.025063881650567055,0.39422607421875,0.1835000067949295,5.674999713897705
1588,445.1032820325345,0.020039690658450127,0.3938446044921875,0.18125000596046448,5.537499904632568
1589,445.32258513290435,0.021067747846245766,0.393463134765625,0.17075000703334808,5.012499809265137
1590,445.5665732724592,0.02267194725573063,0.3930816650390625,0.17599999904632568,5.5625
1591,445.8508829297498,0.020145447924733162,0.3927001953125,0.18000000715255737,5.300000190734863
1592,446.2547983136028,0.019754916429519653,0.3923187255859375,0.1745000034570694,5.18125057220459
1593,446.5242256363854,0.022592181339859962,0.391937255859375,0.16224999725818634,4.674999713897705
1594,446.8060346096754,0.025716716423630714,0.3915557861328125,0.1757499873638153,5.243750095367432
1595,447.032601069659,0.0231302659958601,0.39117431640625,0.16750000417232513,5.056249618530273
1596,447.29514375142753,0.02195100672543049,0.3907928466796875,0.16900001466274261,5.362499237060547
1597,447.5709490785375,0.02233177050948143,0.390411376953125,0.17774999141693115,5.149999618530273
1598,447.8023675037548,0.02376043051481247,0.3900299072265625,0.17674998939037323,5.25624942779541
1599,448.018183613196,0.020289257168769836,0.3896484375,0.16099998354911804,5.187499523162842
1600,448.3244696399197,0.02125396393239498,0.3892669677734375,0.17399999499320984,4.943749904632568
1601,448.63869706820697,0.021157631650567055,0.388885498046875,0.18400001525878906,5.437499523162842
1602,448.9979992620647,0.02015695348381996,0.3885040283203125,0.17499999701976776,5.425000190734863
1603,449.2350050229579,0.02313314378261566,0.38812255859375,0.16825000941753387,5.137500762939453
1604,449.467484687455,0.022821485996246338,0.3877410888671875,0.16750001907348633,4.918749809265137
1605,449.74724869802594,0.022035885602235794,0.387359619140625,0.16725000739097595,5.387499809265137
1606,449.97834093496203,0.025214344263076782,0.3869781494140625,0.19049999117851257,5.349999904632568
1607,450.2769737849012,0.022929377853870392,0.3865966796875,0.17799998819828033,5.34999942779541
1608,450.4956829911098,0.021754810586571693,0.3862152099609375,0.17624999582767487,5.53749942779541
1609,451.3745755571872,0.022211577743291855,0.385833740234375,0.17075000703334808,5.049999713897705
1610,451.66702976077795,0.021484438329935074,0.3854522705078125,0.1784999966621399,5.318750381469727
1611,452.1265014708042,0.024588899686932564,0.38507080078125,0.17225000262260437,5.162499904632568
1612,452.4184453776106,0.02223161794245243,0.3846893310546875,0.18650001287460327,5.375
1613,452.6588401822373,0.022178929299116135,0.384307861328125,0.1639999896287918,5.112499713897705
1614,452.98810676764697,0.020536217838525772,0.3839263916015625,0.16875000298023224,5.275000095367432
1615,453.2170363590121,0.02447049878537655,0.383544921875,0.18275000154972076,5.293749809265137
1616,453.4720359640196,0.024083150550723076,0.3831634521484375,0.17374998331069946,5.199999809265137
1617,453.82055430300534,0.019757507368922234,0.382781982421875,0.1705000102519989,5.475000381469727
1618,454.0717633906752,0.020786814391613007,0.3824005126953125,0.17225000262260437,4.987499713897705
1619,454.3749309666455,0.019807297736406326,0.38201904296875,0.1717499941587448,5.137499809265137
1620,454.6390410605818,0.019596530124545097,0.3816375732421875,0.17949998378753662,5.449999809265137
1621,454.9463811432943,0.022362597286701202,0.381256103515625,0.1810000091791153,5.44374942779541
1622,455.1980125773698,0.020474137738347054,0.3808746337890625,0.17524999380111694,5.225000381469727
1623,455.4481669617817,0.02099516987800598,0.3804931640625,0.16500000655651093,5.237500190734863
1624,455.70108270738274,0.021882645785808563,0.3801116943359375,0.18049998581409454,5.125
1625,455.91881231218576,0.020648151636123657,0.379730224609375,0.18450000882148743,5.506249904632568
1626,456.1497423546389,0.02303830161690712,0.3793487548828125,0.16050000488758087,4.987500190734863
1627,456.390687501058,0.02375398389995098,0.37896728515625,0.17099998891353607,4.912500381469727
1628,456.6624903129414,0.02276749536395073,0.3785858154296875,0.17874999344348907,5.349999904632568
1629,456.9283098913729,0.022779185324907303,0.378204345703125,0.17550000548362732,5.462500095367432
1630,457.1727549126372,0.01970846951007843,0.3778228759765625,0.1912499964237213,5.562500476837158
1631,457.3941403878853,0.024278549477458,0.37744140625,0.17225000262260437,5.181250095367432
1632,457.66978375427425,0.021319696679711342,0.3770599365234375,0.1652500033378601,4.712500095367432
1633,457.9010168351233,0.022201865911483765,0.376678466796875,0.1797499805688858,5.418749809265137
1634,458.8592253839597,0.02590336464345455,0.3762969970703125,0.1902499794960022,5.606249809265137
1635,459.07596962712705,0.021358724683523178,0.37591552734375,0.17299999296665192,5.562500476837158
1636,459.3377705812454,0.022303080186247826,0.3755340576171875,0.18050001561641693,5.337499618530273
1637,459.56899957358837,0.025476478040218353,0.375152587890625,0.1667500138282776,4.887499809265137
1638,459.8260329021141,0.02033063769340515,0.3747711181640625,0.16950000822544098,5.16249942779541
1639,460.07096344046295,0.021428842097520828,0.3743896484375,0.19200000166893005,5.53125
1640,460.29347961675376,0.021642690524458885,0.3740081787109375,0.17600002884864807,5.325000286102295
1641,460.523740679957,0.021684246137738228,0.373626708984375,0.17024999856948853,4.775000095367432
1642,460.7803818117827,0.02171582728624344,0.3732452392578125,0.1782500147819519,5.387499809265137
1643,461.00849579647183,0.02542918547987938,0.37286376953125,0.1652500033378601,5.068749904632568
1644,461.38443084899336,0.02268141880631447,0.3724822998046875,0.17274999618530273,5.1875
1645,461.6240818146616,0.022340111434459686,0.372100830078125,0.16200000047683716,5.08750057220459
1646,461.88805803097785,0.021272925660014153,0.3717193603515625,0.1665000021457672,4.849999904632568
1647,462.11472742725164,0.024513790383934975,0.371337890625,0.1720000058412552,5.450000286102295
1648,462.37376623693854,0.021092934533953667,0.3709564208984375,0.1810000091791153,5.299999713897705
1649,462.6289498535916,0.022456428036093712,0.370574951171875,0.17374999821186066,5.143750190734863
1650,462.869801572524,0.01958717219531536,0.3701934814453125,0.16900001466274261,5.53749942779541
1651,463.0876382710412,0.020520146936178207,0.36981201171875,0.18574999272823334,5.2062506675720215
1652,463.3324497323483,0.020156344398856163,0.3694305419921875,0.17525000870227814,5.274999618530273
1653,463.5716837719083,0.020690402016043663,0.369049072265625,0.16949999332427979,5.175000190734863
1654,463.79389507416636,0.02423648163676262,0.3686676025390625,0.17350000143051147,5.175000190734863
1655,464.0783211430535,0.022104308009147644,0.3682861328125,0.17499999701976776,5.1875
1656,464.3150671813637,0.019876230508089066,0.3679046630859375,0.18575000762939453,5.625
1657,464.5337007334456,0.024025071412324905,0.367523193359375,0.16050000488758087,5.024999618530273
1658,464.75768590252846,0.020248882472515106,0.3671417236328125,0.1692500114440918,5.049999713897705
1659,465.0210314653814,0.024522025138139725,0.36676025390625,0.17874999344348907,5.474999904632568
1660,465.23813830222934,0.02132950723171234,0.3663787841796875,0.19449998438358307,5.624999523162842
1661,465.4566723732278,0.02290361188352108,0.365997314453125,0.1745000034570694,5.331249713897705
1662,465.69133578427136,0.022244084626436234,0.3656158447265625,0.17125001549720764,5.299999713897705
1663,465.93947269394994,0.021050915122032166,0.365234375,0.17675000429153442,5.131249904632568
1664,466.21587532106787,0.020404411479830742,0.3648529052734375,0.17225000262260437,5.22499942779541
1665,466.4729206832126,0.022163813933730125,0.364471435546875,0.16825000941753387,4.987500190734863
1666,466.7575900750235,0.022578716278076172,0.3640899658203125,0.18275000154972076,5.493749618530273
1667,467.11412251740694,0.02267124131321907,0.36370849609375,0.17424999177455902,5.143750190734863
1668,467.44186726771295,0.024693364277482033,0.3633270263671875,0.17399999499320984,4.887499809265137
1669,467.75517175067216,0.023131700232625008,0.362945556640625,0.17000000178813934,5.3125
1670,468.0178120471537,0.020820144563913345,0.3625640869140625,0.16725000739097595,5.025000095367432
1671,468.2466562464833,0.02205597795546055,0.3621826171875,0.16300001740455627,5.137499809265137
1672,468.4868986317888,0.023287519812583923,0.3618011474609375,0.1680000126361847,5.025000095367432
1673,468.8291288111359,0.022980548441410065,0.361419677734375,0.16899999976158142,4.906250476837158
1674,469.0676849577576,0.023144125938415527,0.3610382080078125,0.17474998533725739,5.362500190734863
1675,469.3610448939726,0.027616281062364578,0.36065673828125,0.1745000034570694,5.112499713897705
1676,469.59611194673926,0.026335513219237328,0.3602752685546875,0.1652500182390213,5.068749904632568
1677,469.8410639055073,0.021904680877923965,0.359893798828125,0.17125000059604645,5.062499523162842
1678,470.07693119719625,0.022872302681207657,0.3595123291015625,0.1797499805688858,5.287499904632568
1679,470.3117354977876,0.022581711411476135,0.359130859375,0.18125000596046448,5.487500190734863
1680,470.6231028325856,0.021127326413989067,0.3587493896484375,0.1745000034570694,5.512499809265137
1681,470.85589690413326,0.019794754683971405,0.358367919921875,0.1757499873638153,5.362499713897705
1682,471.11465396359563,0.024582888931035995,0.3579864501953125,0.18950000405311584,5.375
1683,471.3702314728871,0.020855436101555824,0.35760498046875,0.1652500033378601,5.337499618530273
1684,471.63846155349165,0.019414890557527542,0.3572235107421875,0.17125000059604645,4.837499618530273
1685,472.0976365515962,0.026867788285017014,0.356842041015625,0.17549999058246613,5.293750286102295
1686,472.4242026889697,0.01944829523563385,0.3564605712890625,0.16374999284744263,5.249999523162842
1687,472.6816271757707,0.020341821014881134,0.3560791015625,0.1744999885559082,4.987500190734863
1688,472.94130572490394,0.021486937999725342,0.3556976318359375,0.17125000059604645,5.125
1689,473.2014888804406,0.02103041484951973,0.355316162109375,0.1849999874830246,5.700000286102295
1690,473.4236963065341,0.01981176808476448,0.3549346923828125,0.18700000643730164,5.493749618530273
1691,473.9917688835412,0.023833218961954117,0.35455322265625,0.18299999833106995,5.53125
1692,474.23509098868817,0.020045660436153412,0.3541717529296875,0.1810000091791153,5.637500286102295
1693,474.45295435003936,0.02365197241306305,0.353790283203125,0.16850000619888306,5.068750381469727
1694,474.73256197571754,0.020946428179740906,0.3534088134765625,0.17899999022483826,5.325000286102295
1695,474.9516295362264,0.022518590092658997,0.35302734375,0.18125000596046448,5.637499809265137
1696,475.2208962952718,0.02423771098256111,0.3526458740234375,0.18799999356269836,5.643749237060547
1697,475.4391883350909,0.02268986403942108,0.352264404296875,0.16950000822544098,5.006249904632568
1698,475.70005578547716,0.02140175551176071,0.3518829345703125,0.18575000762939453,5.487499713897705
1699,475.9884314266965,0.02089075930416584,0.35150146484375,0.1860000044107437,5.556250095367432
1700,476.2052032612264,0.020393244922161102,0.3511199951171875,0.16725000739097595,5.174999713897705
1701,476.45586756803095,0.0201107244938612,0.350738525390625,0.17350000143051147,5.3125
1702,476.7293264847249,0.023993434384465218,0.3503570556640625,0.18775001168251038,5.556249618530273
1703,476.98600459471345,0.019347762688994408,0.3499755859375,0.18724998831748962,5.500000476837158
1704,477.2449849527329,0.02241239696741104,0.3495941162109375,0.16449998319149017,4.674999713897705
1705,477.47517964988947,0.01983153447508812,0.349212646484375,0.1887499988079071,5.643749713897705
1706,477.7121343770996,0.022534053772687912,0.3488311767578125,0.18200001120567322,5.399999618530273
1707,477.9879872733727,0.021833904087543488,0.34844970703125,0.164249986410141,5.087499618530273
1708,478.22083136998117,0.02253393642604351,0.3480682373046875,0.1810000091791153,5.262499809265137
1709,478.4829228585586,0.023233534768223763,0.347686767578125,0.16750000417232513,5.012499809265137
1710,478.71689536143094,0.020494958385825157,0.3473052978515625,0.16450001299381256,5.0625
1711,478.9834870835766,0.0200712401419878,0.346923828125,0.17249999940395355,5.087499618530273
1712,479.2037014020607,0.022497117519378662,0.3465423583984375,0.17475000023841858,5.175000190734863
1713,479.4498385852203,0.024593375623226166,0.346160888671875,0.17675000429153442,5.25
1714,479.7349186409265,0.023108532652258873,0.3457794189453125,0.17125000059604645,5.387499809265137
1715,480.01094897743315,0.020885221660137177,0.34539794921875,0.16975000500679016,4.931249618530273
1716,480.2306790519506,0.020515261217951775,0.3450164794921875,0.1627499908208847,5.150000095367432
1717,480.4604553412646,0.02060632035136223,0.344635009765625,0.16850000619888306,4.90625
1718,480.7169498009607,0.01833437755703926,0.3442535400390625,0.1807500123977661,5.318749904632568
1719,480.9455377617851,0.023458952084183693,0.3438720703125,0.17499999701976776,5.512500286102295
1720,481.164281623438,0.023258181288838387,0.3434906005859375,0.17475000023841858,5.28749942779541
1721,481.4014904452488,0.02344999648630619,0.343109130859375,0.17925001680850983,5.181249618530273
1722,481.61693232133985,0.0214647576212883,0.3427276611328125,0.15925000607967377,5.150000095367432
1723,481.8353200228885,0.02266903966665268,0.34234619140625,0.1807500123977661,4.912499904632568
1724,482.05189372133464,0.02386406809091568,0.3419647216796875,0.17924998700618744,5.493750095367432
1725,482.28551592398435,0.022926758974790573,0.341583251953125,0.18024998903274536,5.525000095367432
1726,482.5252683535218,0.0235579926520586,0.3412017822265625,0.1704999953508377,5.018750190734863
1727,482.7653140537441,0.02484007738530636,0.3408203125,0.17275001108646393,5.306250095367432
1728,483.15334349125624,0.02300669066607952,0.3404388427734375,0.15725000202655792,4.974999904632568
1729,483.3755780989304,0.01972450502216816,0.340057373046875,0.1770000010728836,5.125
1730,483.60413508024067,0.021328095346689224,0.3396759033203125,0.17125000059604645,5.024999618530273
1731,483.85813403408974,0.024888889864087105,0.33929443359375,0.16600000858306885,5.09999942779541
1732,484.1505401208997,0.022506484761834145,0.3389129638671875,0.17999997735023499,5.106249809265137
1733,484.9235141472891,0.024343550205230713,0.338531494140625,0.1772499978542328,5.424999237060547
1734,485.14928137138486,0.024673473089933395,0.3381500244140625,0.1782500147819519,5.324999809265137
1735,485.38354740291834,0.022198382765054703,0.3377685546875,0.17350000143051147,5.300000190734863
1736,485.6183411842212,0.022887928411364555,0.3373870849609375,0.15725000202655792,4.762499809265137
1737,485.84818765707314,0.024262800812721252,0.337005615234375,0.15799999237060547,4.849999904632568
1738,486.11554509121925,0.023467320948839188,0.3366241455078125,0.19875000417232513,5.412499904632568
1739,486.37281511258334,0.02327142469584942,0.33624267578125,0.18325001001358032,5.662499904632568
1740,486.63434311468154,0.024180522188544273,0.3358612060546875,0.1704999953508377,4.925000190734863
1741,486.8780963635072,0.020089656114578247,0.335479736328125,0.1757500022649765,5.368750095367432
1742,487.10251602344215,0.024114202708005905,0.3350982666015625,0.16625000536441803,4.981250286102295
1743,487.3489827848971,0.021653760224580765,0.334716796875,0.18000002205371857,5.324999809265137
1744,487.6320230066776,0.02451314963400364,0.3343353271484375,0.18200001120567322,5.75
1745,487.8835088722408,0.022828055545687675,0.333953857421875,0.18424999713897705,5.243750095367432
1746,488.12858651112765,0.0234573632478714,0.3335723876953125,0.17899999022483826,5.275000095367432
1747,488.41915143094957,0.021179988980293274,0.33319091796875,0.17224998772144318,5.4187493324279785
1748,488.67639235779643,0.020122211426496506,0.3328094482421875,0.179500013589859,5.212499618530273
1749,488.93195220362395,0.020640000700950623,0.332427978515625,0.17824998497962952,5.374999523162842
1750,489.2059379937127,0.020573152229189873,0.3320465087890625,0.17075000703334808,5.287499904632568
1751,489.4716294966638,0.020915068686008453,0.3316650390625,0.15625,4.65625
1752,489.71327842772007,0.020389927551150322,0.3312835693359375,0.17499998211860657,5.262499809265137
1753,490.0018025515601,0.023775793612003326,0.330902099609375,0.1772499978542328,5.15625
1754,490.26341026555747,0.02213551104068756,0.3305206298828125,0.17499999701976776,5.393750190734863
1755,490.50092734675854,0.02225303463637829,0.33013916015625,0.18125000596046448,5.537500381469727
1756,490.7507900921628,0.021758556365966797,0.3297576904296875,0.1679999977350235,5.237499713897705
1757,490.992683169432,0.024472292512655258,0.329376220703125,0.1745000034570694,5.087499618530273
1758,491.2249159803614,0.021322401240468025,0.3289947509765625,0.17599999904632568,5.3125
1759,491.4742249380797,0.021685320883989334,0.32861328125,0.1769999861717224,5.28125
1760,491.81167917791754,0.01905648782849312,0.3282318115234375,0.18549999594688416,5.524999618530273
1761,492.0730853481218,0.020334463566541672,0.327850341796875,0.18074998259544373,5.4375
1762,492.3434609156102,0.023991750553250313,0.3274688720703125,0.18125000596046448,5.443750381469727
1763,492.6189460894093,0.025022801011800766,0.32708740234375,0.18524999916553497,5.518750190734863
1764,492.87569790147245,0.026085874065756798,0.3267059326171875,0.1745000034570694,5.337500095367432
1765,493.09404627699405,0.021345006301999092,0.326324462890625,0.16850000619888306,5.081249237060547
1766,493.33831036277115,0.02667406015098095,0.3259429931640625,0.17000000178813934,5.074999809265137
1767,493.62076584715396,0.020403452217578888,0.3255615234375,0.16325001418590546,4.937499523162842
1768,493.89498575776815,0.022005580365657806,0.3251800537109375,0.1732500046491623,5.143750190734863
1769,494.1679863575846,0.023676203563809395,0.324798583984375,0.17075000703334808,5.068750381469727
1770,494.54566515795887,0.02423832379281521,0.3244171142578125,0.1627499908208847,4.912500381469727
1771,494.7659046072513,0.02052183449268341,0.32403564453125,0.17499998211860657,5.131249904632568
1772,494.99272945988923,0.025550534948706627,0.3236541748046875,0.18125000596046448,5.387499809265137
1773,495.2390125617385,0.02333301678299904,0.323272705078125,0.17499999701976776,5.387500286102295
1774,495.47406276036054,0.022275108844041824,0.3228912353515625,0.1782500147819519,5.28749942779541
1775,495.77939038258046,0.023414509370923042,0.322509765625,0.18200001120567322,5.399999618530273
1776,496.01442309934646,0.023528650403022766,0.3221282958984375,0.179500013589859,5.162499904632568
1777,496.2698922017589,0.024200428277254105,0.321746826171875,0.17250001430511475,5.456249713897705
1778,496.5296373181045,0.02219180017709732,0.3213653564453125,0.16850000619888306,4.974999904632568
1779,496.7634734502062,0.02435244619846344,0.32098388671875,0.16849999129772186,5.1875
1780,497.0182339204475,0.021542660892009735,0.3206024169921875,0.1797500103712082,5.25
1781,497.8061685534194,0.019680002704262733,0.320220947265625,0.17674998939037323,5.28125
1782,498.0500307986513,0.02312035672366619,0.3198394775390625,0.1837500035762787,5.774999618530273
1783,498.268741725944,0.020963525399565697,0.3194580078125,0.18125000596046448,5.512499809265137
1784,498.53182699438184,0.019867144525051117,0.3190765380859375,0.17125000059604645,5.00624942779541
1785,498.911514358595,0.024835815653204918,0.318695068359375,0.1679999977350235,5.25
1786,499.21339474152774,0.022482968866825104,0.3183135986328125,0.17125000059604645,5.112499713897705
1787,499.46146495547146,0.020968632772564888,0.31793212890625,0.17899999022483826,5.21875
1788,499.7139936732128,0.023345239460468292,0.3175506591796875,0.1704999953508377,5.537499904632568
1789,499.9880943810567,0.01963580958545208,0.317169189453125,0.18700000643730164,5.206249713897705
1790,500.23243252839893,0.021970117464661598,0.3167877197265625,0.1757500022649765,5.356249809265137
1791,500.48992599733174,0.022837672382593155,0.31640625,0.16325001418590546,5.237500190734863
1792,500.75264741666615,0.02473117783665657,0.3160247802734375,0.1772499978542328,5.118749618530273
1793,500.99670466128737,0.024013452231884003,0.315643310546875,0.1835000067949295,5.362500190734863
1794,501.2426195340231,0.022925762459635735,0.3152618408203125,0.17149999737739563,5.249999523162842
1795,501.4822061229497,0.023219529539346695,0.31488037109375,0.17599999904632568,5.206250190734863
1796,501.7565273679793,0.022937944158911705,0.3144989013671875,0.1807500123977661,5.375
1797,502.05364445224404,0.024521518498659134,0.314117431640625,0.1677500158548355,5.212500095367432
1798,502.3556410856545,0.02317124977707863,0.3137359619140625,0.18150001764297485,5.34999942779541
1799,502.59757418744266,0.020317696034908295,0.3133544921875,0.17624999582767487,5.181249618530273
1800,502.81953907758,0.025285620242357254,0.3129730224609375,0.1692500114440918,5.25
1801,503.0687827942893,0.024480372667312622,0.312591552734375,0.1850000023841858,5.474999904632568
1802,503.31596048828214,0.02389582060277462,0.3122100830078125,0.18450000882148743,5.368749618530273
1803,503.54329702910036,0.023046694695949554,0.31182861328125,0.17000000178813934,5.074999809265137
1804,503.7738180421293,0.027854159474372864,0.3114471435546875,0.1837500035762787,5.50624942779541
1805,504.0702525926754,0.020835278555750847,0.311065673828125,0.1707499921321869,5.06874942779541
1806,504.35357295908034,0.021576659753918648,0.3106842041015625,0.17675000429153442,5.325000286102295
1807,504.5760120060295,0.02337736077606678,0.310302734375,0.1745000034570694,5.4375
1808,504.8170303562656,0.017409173771739006,0.3099212646484375,0.18700000643730164,5.356249809265137
1809,505.16311837453395,0.02495156228542328,0.309539794921875,0.1692499965429306,5.200000286102295
1810,505.4368074834347,0.019879797473549843,0.3091583251953125,0.1784999817609787,5.206249713897705
1811,505.72099859826267,0.023533543571829796,0.30877685546875,0.1807500123977661,5.40625
1812,505.9549996005371,0.022150687873363495,0.3083953857421875,0.179500013589859,5.437500476837158
1813,506.21041265968233,0.024636227637529373,0.308013916015625,0.18400001525878906,5.424999713897705
1814,506.4747093524784,0.022930923849344254,0.3076324462890625,0.17400000989437103,5.293749809265137
1815,506.85486588440835,0.022426100447773933,0.3072509765625,0.18125000596046448,5.775000095367432
1816,507.1776346247643,0.023272741585969925,0.3068695068359375,0.17424999177455902,5.274999618530273
1817,507.41810825280845,0.019312839955091476,0.306488037109375,0.1730000078678131,5.050000190734863
1818,507.6517390832305,0.023306071758270264,0.3061065673828125,0.18200001120567322,5.662499904632568
1819,507.8859701314941,0.021769022569060326,0.30572509765625,0.1772499978542328,5.381250381469727
1820,508.2820643642917,0.02368834987282753,0.3053436279296875,0.1810000091791153,5.293749809265137
1821,508.51580829918385,0.020857451483607292,0.304962158203125,0.17624999582767487,5.224999904632568
1822,508.7886261884123,0.022543761879205704,0.3045806884765625,0.17874999344348907,5.393750190734863
1823,509.3606169819832,0.02383318357169628,0.30419921875,0.1860000044107437,5.518750190734863
1824,509.91441031731665,0.022449176758527756,0.3038177490234375,0.17125000059604645,5.287499904632568
1825,510.1432359497994,0.01926421746611595,0.303436279296875,0.19175000488758087,5.518749713897705
1826,510.36597837135196,0.0235988050699234,0.3030548095703125,0.18024998903274536,5.418749809265137
1827,510.60886373743415,0.021287932991981506,0.30267333984375,0.17599999904632568,5.075000286102295
1828,510.85430728737265,0.024549691006541252,0.3022918701171875,0.18725000321865082,5.481249809265137
1829,511.0966093381867,0.019197355955839157,0.301910400390625,0.17549999058246613,5.449999809265137
1830,512.057372241281,0.021414637565612793,0.3015289306640625,0.17524999380111694,5.400000095367432
1831,512.3026897236705,0.023789800703525543,0.3011474609375,0.18175001442432404,5.268750190734863
1832,512.5563677577302,0.02004886604845524,0.3007659912109375,0.1640000194311142,5.056249618530273
1833,512.7959501771256,0.01985669694840908,0.300384521484375,0.18074998259544373,5.375
1834,513.0375607097521,0.020740212872624397,0.3000030517578125,0.1744999885559082,5.431250095367432
1835,513.2636264450848,0.021683761849999428,0.29962158203125,0.18800000846385956,5.462499618530273
1836,513.5164526654407,0.018910061568021774,0.2992401123046875,0.1639999896287918,5.074999809265137
1837,513.7614193418995,0.028934571892023087,0.298858642578125,0.18825000524520874,5.368750095367432
1838,514.0389286344871,0.020730553194880486,0.2984771728515625,0.18049998581409454,5.412499904632568
1839,514.2647725902498,0.019696421921253204,0.298095703125,0.18674999475479126,5.712499618530273
1840,514.4932880243286,0.022942762821912766,0.2977142333984375,0.1887499988079071,5.662499904632568
1841,514.7161227911711,0.024425070732831955,0.297332763671875,0.17900002002716064,5.34375
1842,514.9507064763457,0.019954975694417953,0.2969512939453125,0.17399999499320984,5.0
1843,515.1828524852172,0.023336557671427727,0.29656982421875,0.1745000034570694,5.28749942779541
1844,515.4024185314775,0.019721446558833122,0.2961883544921875,0.17424999177455902,5.281250476837158
1845,515.6675083655864,0.020187878981232643,0.295806884765625,0.1652500033378601,5.25
1846,515.9143688092008,0.022235538810491562,0.2954254150390625,0.17624999582767487,5.09999942779541
1847,516.1430318336934,0.018588624894618988,0.2950439453125,0.1679999977350235,5.012500286102295
1848,516.4126005480066,0.018999526277184486,0.2946624755859375,0.17424999177455902,4.962500095367432
1849,516.6703153261915,0.023473041132092476,0.294281005859375,0.1782500147819519,5.518749713897705
1850,516.9470521649346,0.019843369722366333,0.2938995361328125,0.1810000091791153,5.33750057220459
1851,517.1870492426679,0.02106955647468567,0.29351806640625,0.16450001299381256,4.900000095367432
1852,517.4383630491793,0.021334759891033173,0.2931365966796875,0.18000000715255737,5.181249618530273
1853,517.6547892466187,0.022284982725977898,0.292755126953125,0.17599999904632568,5.381250381469727
1854,517.8889235863462,0.02071191370487213,0.2923736572265625,0.17075000703334808,5.47499942779541
1855,518.1155334133655,0.01940489001572132,0.2919921875,0.17624999582767487,5.15625
1856,518.3358433051035,0.02213948220014572,0.2916107177734375,0.16899999976158142,5.00624942779541
1857,518.5593135096133,0.0203547365963459,0.291229248046875,0.16975000500679016,5.199999809265137
1858,518.8130422327667,0.02187049575150013,0.2908477783203125,0.1772499978542328,5.287499904632568
1859,519.0477165086195,0.019679944962263107,0.29046630859375,0.19175000488758087,5.581249713897705
1860,519.294859954156,0.02406158670783043,0.2900848388671875,0.17375001311302185,5.0625
1861,519.5558086913079,0.021616250276565552,0.289703369140625,0.18975000083446503,5.518750190734863
1862,519.7831001644954,0.022589683532714844,0.2893218994140625,0.1797500103712082,5.531249523162842
1863,520.0402422901243,0.024185413494706154,0.2889404296875,0.17625002562999725,5.387499809265137
1864,520.2785575836897,0.023352403193712234,0.2885589599609375,0.1939999908208847,5.59375
1865,520.5398983964697,0.020912904292345047,0.288177490234375,0.17075000703334808,5.237500190734863
1866,520.7569700786844,0.023547032848000526,0.2877960205078125,0.18199998140335083,5.375
1867,521.0481407241896,0.023813173174858093,0.28741455078125,0.18700000643730164,5.618749618530273
1868,521.2938882950693,0.020578624680638313,0.2870330810546875,0.17350000143051147,5.256249904632568
1869,521.5362924253568,0.01891331374645233,0.286651611328125,0.1665000021457672,4.999999523162842
1870,521.7956457985565,0.022734690457582474,0.2862701416015625,0.1745000034570694,5.31874942779541
1871,522.1564888870344,0.02177680842578411,0.285888671875,0.18250000476837158,5.268750190734863
1872,522.4172765286639,0.021189458668231964,0.2855072021484375,0.17675000429153442,5.537499904632568
1873,522.6571421315894,0.023655220866203308,0.285125732421875,0.17799998819828033,5.168749809265137
1874,522.9242848204449,0.021133150905370712,0.2847442626953125,0.17650002241134644,5.34375
1875,523.1989885922521,0.023267459124326706,0.28436279296875,0.17224998772144318,5.224999904632568
1876,523.4192359959707,0.017607159912586212,0.2839813232421875,0.18825000524520874,5.550000190734863
1877,523.6515326593071,0.019619936123490334,0.283599853515625,0.17299999296665192,5.175000190734863
1878,523.8905701665208,0.02135995589196682,0.2832183837890625,0.16875000298023224,4.9375
1879,524.1962643899024,0.01970440149307251,0.2828369140625,0.18674999475479126,5.481249809265137
1880,524.4262741636485,0.02036208100616932,0.2824554443359375,0.1772499978542328,5.368749618530273
1881,524.6669651055709,0.022476207464933395,0.282073974609375,0.17874999344348907,5.399999618530273
1882,524.9378478592262,0.020021727308630943,0.2816925048828125,0.16574998199939728,5.037500381469727
1883,525.1804418303072,0.020925482735037804,0.28131103515625,0.18125000596046448,5.40625
1884,525.4162719259039,0.02129187621176243,0.2809295654296875,0.17599999904632568,5.275000095367432
1885,525.656237559393,0.026213977485895157,0.280548095703125,0.17599999904632568,5.431250095367432
1886,525.9072642922401,0.01974094659090042,0.2801666259765625,0.179500013589859,5.21875
1887,526.6219748537987,0.02265065163373947,0.27978515625,0.18000000715255737,5.4250006675720215
1888,527.107178687118,0.0188357625156641,0.2794036865234375,0.1822500079870224,5.556249618530273
1889,527.4377979235724,0.024479608982801437,0.279022216796875,0.1822499781847,5.34375
1890,527.6790114892647,0.0289817675948143,0.2786407470703125,0.171750009059906,5.1875
1891,527.902631117031,0.02405853196978569,0.27825927734375,0.19450001418590546,5.762499809265137
1892,528.1385663934052,0.01833183877170086,0.2778778076171875,0.17075000703334808,5.068749904632568
1893,528.3941887477413,0.022814592346549034,0.277496337890625,0.1730000078678131,5.59999942779541
1894,528.6559018287808,0.020978454500436783,0.2771148681640625,0.17374999821186066,5.15625
1895,528.9180263727903,0.018717395141720772,0.2767333984375,0.17475000023841858,5.081249713897705
1896,529.2047166451812,0.02266921103000641,0.2763519287109375,0.1860000044107437,5.775000095367432
1897,529.4492096090689,0.020557060837745667,0.275970458984375,0.16724997758865356,5.162499904632568
1898,529.9564861217514,0.021606331691145897,0.2755889892578125,0.18150001764297485,5.318750381469727
1899,530.2175463810563,0.023087382316589355,0.27520751953125,0.1692500114440918,5.462500095367432
1900,530.5052531380206,0.02024994045495987,0.2748260498046875,0.17649999260902405,5.056250095367432
1901,530.7454318357632,0.02414705418050289,0.274444580078125,0.17649999260902405,5.268750190734863
1902,530.9790226016194,0.01959742233157158,0.2740631103515625,0.171750009059906,5.087499618530273
1903,531.2037418698892,0.021027840673923492,0.273681640625,0.19200000166893005,5.568749904632568
1904,531.4506139913574,0.022642329335212708,0.2733001708984375,0.1692499965429306,5.212499618530273
1905,531.6847084555775,0.02037481591105461,0.272918701171875,0.17399999499320984,5.337499618530273
1906,531.9179451568052,0.01939057745039463,0.2725372314453125,0.17250001430511475,5.118749618530273
1907,532.136822684668,0.02318974956870079,0.27215576171875,0.17650002241134644,5.287499904632568
1908,532.3573531666771,0.018805384635925293,0.2717742919921875,0.1667499989271164,5.287499904632568
1909,532.6318031763658,0.022418534383177757,0.271392822265625,0.17975002527236938,5.231249809265137
1910,532.8536227894947,0.022412464022636414,0.2710113525390625,0.17900002002716064,5.262499809265137
1911,533.107111887075,0.022685566917061806,0.2706298828125,0.1732500046491623,5.424999713897705
1912,533.3298349790275,0.01908649317920208,0.2702484130859375,0.1835000067949295,5.34375
1913,533.6500539621338,0.020759467035531998,0.269866943359375,0.1772499829530716,5.293749809265137
1914,533.8700401093811,0.023865433409810066,0.2694854736328125,0.18074998259544373,5.287499904632568
1915,534.1369273634627,0.021147187799215317,0.26910400390625,0.17650002241134644,5.331249713897705
1916,534.3797050034627,0.02014726586639881,0.2687225341796875,0.16899999976158142,5.181249618530273
1917,534.5975560480729,0.02127774991095066,0.268341064453125,0.17350000143051147,5.287499904632568
1918,534.8182362439111,0.020163992419838905,0.2679595947265625,0.17000000178813934,5.231249809265137
1919,535.1194721069187,0.023358356207609177,0.267578125,0.1899999976158142,5.462499618530273
1920,535.4271978363395,0.021911732852458954,0.2671966552734375,0.17524999380111694,5.375
1921,535.682469974272,0.01917274110019207,0.266815185546875,0.1835000067949295,5.437499523162842
1922,535.9452461581677,0.022663205862045288,0.2664337158203125,0.17399999499320984,5.193749904632568
1923,536.182230969891,0.018957391381263733,0.26605224609375,0.1705000102519989,5.112499713897705
1924,536.4388188915327,0.021913917735219002,0.2656707763671875,0.18299999833106995,5.40625
1925,536.8601580699906,0.022497721016407013,0.265289306640625,0.17499999701976776,5.25
1926,537.1337384153157,0.02254633791744709,0.2649078369140625,0.1862500011920929,5.650000095367432
1927,537.3820582386106,0.0181815717369318,0.2645263671875,0.17374999821186066,5.293749809265137
1928,537.6133259451017,0.018012873828411102,0.2641448974609375,0.16450001299381256,4.993750095367432
1929,537.8571746842936,0.022719701752066612,0.263763427734375,0.17774999141693115,5.5625
1930,538.0785430399701,0.021208547055721283,0.2633819580078125,0.18425001204013824,5.387499809265137
1931,538.3172196000814,0.020203420892357826,0.26300048828125,0.17499999701976776,5.256249904632568
1932,538.5353861954063,0.021741833537817,0.2626190185546875,0.16550001502037048,4.762499809265137
1933,538.8123132167384,0.020931817591190338,0.262237548828125,0.18675000965595245,5.71875
1934,539.0337627260014,0.021307047456502914,0.2618560791015625,0.1862500011920929,5.362499713897705
1935,539.279998395592,0.024094000458717346,0.261474609375,0.17274999618530273,5.25
1936,539.5254624672234,0.01894366554915905,0.2610931396484375,0.18024998903274536,5.462500095367432
1937,539.7583989175037,0.022860491648316383,0.260711669921875,0.18524999916553497,5.368749618530273
1938,540.6420024130493,0.023784248158335686,0.2603302001953125,0.1772499978542328,5.212499618530273
1939,540.8844649950042,0.01986374706029892,0.25994873046875,0.17249999940395355,5.249999523162842
1940,541.1347242882475,0.02037159726023674,0.2595672607421875,0.17774999141693115,5.331250190734863
1941,541.4096368188038,0.018346218392252922,0.259185791015625,0.1772499978542328,5.487500190734863
1942,541.881204713136,0.021158872172236443,0.2588043212890625,0.17399999499320984,5.231250286102295
1943,542.1275654407218,0.022117169573903084,0.2584228515625,0.16875000298023224,5.024999618530273
1944,542.5144138690084,0.016902219504117966,0.2580413818359375,0.18549999594688416,5.6875
1945,542.7646769089624,0.02160288766026497,0.257659912109375,0.19675001502037048,5.737499713897705
1946,543.0840111896396,0.01986301690340042,0.2572784423828125,0.1862500011920929,5.631250381469727
1947,543.344977941364,0.02149181254208088,0.25689697265625,0.16950000822544098,5.53749942779541
1948,543.6003075186163,0.024082308635115623,0.2565155029296875,0.1915000081062317,5.331250190734863
1949,543.8421285497025,0.021289728581905365,0.256134033203125,0.18175001442432404,5.46875
1950,544.0676341662183,0.019987942650914192,0.2557525634765625,0.1547500044107437,4.6875
1951,544.3469207752496,0.0191531740128994,0.25537109375,0.18649999797344208,5.306250095367432
1952,544.5664110481739,0.025401858612895012,0.2549896240234375,0.18575000762939453,5.524999618530273
1953,544.9835756560788,0.024633005261421204,0.254608154296875,0.1744999885559082,5.537499904632568
1954,545.2846019305289,0.021060658618807793,0.2542266845703125,0.17524999380111694,5.168749809265137
1955,545.5749541306868,0.023800469934940338,0.25384521484375,0.18049998581409454,5.31874942779541
1956,545.8002554764971,0.02119727060198784,0.2534637451171875,0.1862500011920929,5.649999618530273
1957,546.0340417344123,0.021068256348371506,0.253082275390625,0.16625000536441803,5.3125
1958,546.2735024960712,0.02002289518713951,0.2527008056640625,0.1860000044107437,5.325000286102295
1959,546.4912829762325,0.024129299446940422,0.2523193359375,0.18150000274181366,5.649999618530273
1960,546.709815107286,0.02319614589214325,0.2519378662109375,0.18699999153614044,5.56874942779541
1961,546.9286211682484,0.025183245539665222,0.251556396484375,0.17799998819828033,5.268749713897705
1962,547.1527514671907,0.021732013672590256,0.2511749267578125,0.18150000274181366,5.612499713897705
1963,547.4128402294591,0.024542756378650665,0.25079345703125,0.17299999296665192,5.268749713897705
1964,547.6429896084592,0.022751091048121452,0.2504119873046875,0.18850000202655792,5.5
1965,547.860275067389,0.021206533536314964,0.250030517578125,0.179500013589859,5.6374993324279785
1966,548.0808739895001,0.019307419657707214,0.2496490478515625,0.18174999952316284,5.349999904632568
1967,548.3007866851985,0.019905611872673035,0.249267578125,0.1807500123977661,5.381250381469727
1968,548.5190717671067,0.022282151505351067,0.2488861083984375,0.17375001311302185,5.199999809265137
1969,548.7390832211822,0.023279301822185516,0.248504638671875,0.19200000166893005,5.637499809265137
1970,548.9598755100742,0.022398632019758224,0.2481231689453125,0.16824999451637268,5.112499713897705
1971,549.1778664523736,0.020161697641015053,0.24774169921875,0.17625002562999725,5.362499713897705
1972,549.4208583217114,0.02575325220823288,0.2473602294921875,0.1797500103712082,5.349999904632568
1973,549.6408163141459,0.020648173987865448,0.246978759765625,0.17425000667572021,5.225000381469727
1974,549.8612791765481,0.02028954215347767,0.2465972900390625,0.16875000298023224,5.512500286102295
1975,550.0810880465433,0.0208212248980999,0.2462158203125,0.1952499896287918,5.381249904632568
1976,550.3012209311128,0.020532021299004555,0.2458343505859375,0.18950000405311584,5.699999809265137
1977,550.5183318285272,0.021135177463293076,0.245452880859375,0.17024998366832733,5.199999809265137
1978,550.7498163469136,0.020468007773160934,0.2450714111328125,0.18850001692771912,5.362500190734863
1979,551.2762584267184,0.022031161934137344,0.24468994140625,0.1822500079870224,5.562500476837158
1980,552.032249642536,0.021691985428333282,0.2443084716796875,0.17000000178813934,5.249999523162842
1981,552.2504131412134,0.024419257417321205,0.243927001953125,0.1837500035762787,5.349999904632568
1982,552.4971095686778,0.01836240105330944,0.2435455322265625,0.1784999817609787,5.331250190734863
1983,552.7174927182496,0.018860023468732834,0.2431640625,0.17524999380111694,5.462499618530273
1984,553.0194131340832,0.021550919860601425,0.2427825927734375,0.18150000274181366,5.375
1985,553.2849636953324,0.021126052364706993,0.242401123046875,0.18324999511241913,5.393749713897705
1986,553.557989275083,0.020099863409996033,0.2420196533203125,0.1875,6.087500095367432
1987,553.9194347411394,0.02324836701154709,0.24163818359375,0.18975000083446503,5.55625057220459
1988,554.2392024351284,0.019168511033058167,0.2412567138671875,0.19850000739097595,5.793749809265137
1989,554.5032671401277,0.02179507352411747,0.240875244140625,0.17949998378753662,5.399999618530273
1990,554.7580847041681,0.021790793165564537,0.2404937744140625,0.17749999463558197,5.38124942779541
1991,554.9803836494684,0.022408798336982727,0.2401123046875,0.1704999953508377,5.106249809265137
1992,555.2235024403781,0.02174675092101097,0.2397308349609375,0.17750002443790436,5.237500190734863
1993,555.4755014637485,0.02389281801879406,0.239349365234375,0.18849998712539673,5.668749809265137
1994,555.727994424291,0.022854989394545555,0.2389678955078125,0.1772499978542328,5.293749809265137
1995,555.9798859125003,0.020762678235769272,0.23858642578125,0.18024998903274536,5.524999618530273
1996,556.3170985914767,0.0193961001932621,0.2382049560546875,0.1782500147819519,5.324999809265137
1997,556.5594748090953,0.021372115239501,0.237823486328125,0.18700000643730164,5.549999713897705
1998,557.7944139791653,0.02058512158691883,0.2374420166015625,0.17999997735023499,5.400000095367432
1999,558.08096835576,0.02138245850801468,0.237060546875,0.1692499965429306,5.224999904632568
2000,558.3340516500175,0.02075134590268135,0.2366790771484375,0.1887499988079071,5.525000095367432
2001,558.6542141651735,0.021948054432868958,0.236297607421875,0.1654999852180481,4.875
2002,559.0480889603496,0.02064393274486065,0.2359161376953125,0.1807500123977661,5.306249618530273
2003,559.2934247376397,0.0192741509526968,0.23553466796875,0.1860000044107437,5.562499523162842
2004,559.5233380571008,0.018908310681581497,0.2351531982421875,0.16625002026557922,4.875
2005,559.7802619077265,0.02113303169608116,0.234771728515625,0.17875002324581146,5.456249713897705
2006,560.0067106978968,0.021863698959350586,0.2343902587890625,0.1772499978542328,5.16249942779541
2007,560.2598765995353,0.019448284059762955,0.2340087890625,0.1769999861717224,5.300000190734863
2008,560.5347338952124,0.020096588879823685,0.2336273193359375,0.18024997413158417,5.512500286102295
2009,560.7947745444253,0.02171378582715988,0.233245849609375,0.1757500022649765,5.16249942779541
2010,561.0372978011146,0.022486109286546707,0.2328643798828125,0.1692499965429306,4.862500190734863
2011,561.2805031267926,0.02390100620687008,0.23248291015625,0.17549999058246613,5.443749904632568
2012,561.5139921680093,0.01810537837445736,0.2321014404296875,0.19625000655651093,5.649999618530273
2013,562.1332529615611,0.018676184117794037,0.231719970703125,0.16699999570846558,5.062499523162842
2014,562.438618119806,0.02187586948275566,0.2313385009765625,0.18650001287460327,5.512499809265137
2015,562.729296839796,0.021004725247621536,0.23095703125,0.19050000607967377,5.556249618530273
2016,562.9811641601846,0.01963287591934204,0.2305755615234375,0.16899999976158142,5.162499904632568
2017,563.2633370524272,0.02109949104487896,0.230194091796875,0.17024999856948853,5.05625057220459
2018,563.5667995801196,0.019429173320531845,0.2298126220703125,0.19050000607967377,5.606249809265137
2019,563.8126016240567,0.019094068557024002,0.22943115234375,0.17775002121925354,5.524999618530273
2020,564.0472068889067,0.02076081931591034,0.2290496826171875,0.18125000596046448,5.287499904632568
2021,564.2737144911662,0.022035181522369385,0.228668212890625,0.1835000067949295,5.512499809265137
2022,564.4914310211316,0.02370750904083252,0.2282867431640625,0.18049998581409454,5.66249942779541
2023,564.7110779909417,0.02258407138288021,0.2279052734375,0.1807500123977661,5.399999618530273
2024,564.9314906699583,0.020947908982634544,0.2275238037109375,0.17899999022483826,5.274999618530273
2025,565.1473086476326,0.019957439973950386,0.227142333984375,0.17924998700618744,5.612499237060547
2026,565.3655792400241,0.018448594957590103,0.2267608642578125,0.1914999932050705,5.706249713897705
2027,565.7271544327959,0.020017186179757118,0.22637939453125,0.1757500022649765,5.150000095367432
2028,565.9764926536009,0.021499136462807655,0.2259979248046875,0.1772499978542328,5.712500095367432
2029,566.2131606834009,0.022056356072425842,0.225616455078125,0.17425000667572021,5.137499809265137
2030,566.5472670346498,0.02081511728465557,0.2252349853515625,0.17874999344348907,5.262499809265137
2031,566.8129737814888,0.021786261349916458,0.224853515625,0.1745000034570694,5.549999713897705
2032,567.0800254968926,0.020618507638573647,0.2244720458984375,0.18525001406669617,5.256249904632568
2033,567.3792988974601,0.02190490812063217,0.224090576171875,0.16700001060962677,5.137500286102295
2034,567.6358468923718,0.019075337797403336,0.2237091064453125,0.1772499829530716,5.374999523162842
2035,567.8747529396787,0.02133942022919655,0.22332763671875,0.18674999475479126,5.574999809265137
2036,568.1588958371431,0.024822702631354332,0.2229461669921875,0.18400001525878906,5.4375
2037,568.4217741247267,0.023580828681588173,0.222564697265625,0.15800000727176666,4.874999523162842
2038,568.6754270037636,0.01784936711192131,0.2221832275390625,0.1810000091791153,5.125
2039,568.9236268689856,0.020840337499976158,0.2218017578125,0.17374999821186066,5.256249904632568
2040,569.1506593478844,0.02151433750987053,0.2214202880859375,0.17649999260902405,5.600000381469727
2041,569.4148504035547,0.021283792331814766,0.221038818359375,0.1809999793767929,5.387500286102295
2042,569.6749775176868,0.01872500777244568,0.2206573486328125,0.18799999356269836,5.449999809265137
2043,569.9950709920377,0.020518895238637924,0.22027587890625,0.17000001668930054,4.862500190734863
2044,570.2136195339262,0.020517071709036827,0.2198944091796875,0.19425001740455627,5.78125
2045,570.6428427388892,0.01955847628414631,0.219512939453125,0.18575000762939453,5.537499904632568
2046,570.9422895992175,0.01982867158949375,0.2191314697265625,0.17275001108646393,5.66249942779541
2047,571.1819926016033,0.021865112707018852,0.21875,0.19200000166893005,5.324999809265137
2048,571.4158930964768,0.02117989771068096,0.2183685302734375,0.16875000298023224,5.181249618530273
2049,571.63850618992,0.02459516003727913,0.217987060546875,0.16825000941753387,4.949999809265137
2050,571.9101725136861,0.018841713666915894,0.2176055908203125,0.1914999932050705,5.556249618530273
2051,572.1700470782816,0.019466254860162735,0.21722412109375,0.18325001001358032,5.543749809265137
2052,572.4034158214927,0.019114959985017776,0.2168426513671875,0.18275001645088196,5.75
2053,572.6886556055397,0.018598059192299843,0.216461181640625,0.18150000274181366,5.562500476837158
2054,573.0245614796877,0.02431430295109749,0.2160797119140625,0.18425001204013824,5.274999618530273
2055,573.2708943830803,0.020077211782336235,0.2156982421875,0.17274999618530273,5.300000190734863
2056,573.5164435459301,0.019293246790766716,0.2153167724609375,0.17125000059604645,5.150000095367432
2057,573.7771911015734,0.021666886284947395,0.214935302734375,0.1704999953508377,5.0625
2058,574.0168307730928,0.02492527849972248,0.2145538330078125,0.18250000476837158,5.524999618530273
2059,574.2724688276649,0.017972061410546303,0.21417236328125,0.195499986410141,5.65625
2060,574.5239434521645,0.023332873359322548,0.2137908935546875,0.1862500011920929,5.6875
2061,574.761436380446,0.02171355113387108,0.213409423828125,0.18949998915195465,5.78749942779541
2062,575.0263876523823,0.023982984945178032,0.2130279541015625,0.1704999953508377,5.387500286102295
2063,575.2722365856171,0.023685995489358902,0.212646484375,0.1902499943971634,5.474999904632568
2064,575.5121944434941,0.019877146929502487,0.2122650146484375,0.171999990940094,5.375
2065,575.7354285269976,0.01990392617881298,0.211883544921875,0.19349999725818634,5.506249904632568
2066,575.9697077022865,0.020032372325658798,0.2115020751953125,0.17125000059604645,5.224999904632568
2067,576.3318799203262,0.0232671108096838,0.21112060546875,0.1745000034570694,5.262499809265137
2068,576.6555256126449,0.022526584565639496,0.2107391357421875,0.1677500158548355,5.125
2069,576.8915154216811,0.01857113465666771,0.210357666015625,0.18649999797344208,5.462499618530273
2070,577.1624395651743,0.02388976700603962,0.2099761962890625,0.18774999678134918,6.050000190734863
2071,577.4283063262701,0.017943160608410835,0.2095947265625,0.19299998879432678,5.568749904632568
2072,577.8719335356727,0.021133331581950188,0.2092132568359375,0.17924998700618744,5.40625
2073,578.1366998320445,0.02014269307255745,0.208831787109375,0.16975000500679016,5.025000095367432
2074,578.4402205580845,0.020441029220819473,0.2084503173828125,0.1912500262260437,5.581249237060547
2075,578.6766773341224,0.018618611618876457,0.20806884765625,0.17475000023841858,5.299999237060547
2076,578.9371251966804,0.021738318726420403,0.2076873779296875,0.1705000102519989,5.262499809265137
2077,579.1819810671732,0.020349930971860886,0.207305908203125,0.19049999117851257,5.525000095367432
2078,579.5191556401551,0.02094130404293537,0.2069244384765625,0.18674999475479126,5.537500381469727
2079,579.8063999386504,0.0199327003210783,0.20654296875,0.17774999141693115,5.462500095367432
2080,580.0564387086779,0.023969659581780434,0.2061614990234375,0.17275001108646393,5.237499713897705
2081,580.2787494501099,0.017954761162400246,0.205780029296875,0.1850000023841858,5.418749809265137
2082,580.6203930322081,0.02244708687067032,0.2053985595703125,0.17025001347064972,5.387499809265137
2083,580.9419382922351,0.0194396935403347,0.20501708984375,0.17674998939037323,5.056249618530273
2084,581.2309450479224,0.018895665183663368,0.2046356201171875,0.17424999177455902,5.28125
2085,581.5524993054569,0.023487869650125504,0.204254150390625,0.18800000846385956,5.375
2086,581.7809216864407,0.022226184606552124,0.2038726806640625,0.1757500022649765,5.556249618530273
2087,582.0242581386119,0.018705468624830246,0.2034912109375,0.18025001883506775,5.356249809265137
2088,582.2538946298882,0.020158614963293076,0.2031097412109375,0.1810000091791153,5.512500286102295
2089,582.5297929411754,0.01861950010061264,0.202728271484375,0.17649999260902405,5.46875
2090,582.8076431173831,0.01951128989458084,0.2023468017578125,0.19475001096725464,5.581249237060547
2091,583.0869506634772,0.02091783843934536,0.20196533203125,0.17624999582767487,5.424999713897705
2092,583.3799962121993,0.02210117131471634,0.2015838623046875,0.18325001001358032,5.431249618530273
2093,583.63151034154,0.017369935289025307,0.201202392578125,0.1717499941587448,5.137499809265137
2094,583.8501572711393,0.02088548243045807,0.2008209228515625,0.17500001192092896,5.587499618530273
2095,584.1344529166818,0.021045655012130737,0.200439453125,0.18175001442432404,5.28125
2096,584.3969770791009,0.01894424483180046,0.2000579833984375,0.18325001001358032,5.425000190734863
2097,584.6240832982585,0.02184753306210041,0.199676513671875,0.17925001680850983,5.575000286102295
2098,585.0359230516478,0.019067158922553062,0.1992950439453125,0.17550000548362732,5.275000095367432
2099,585.3068696437404,0.018739309161901474,0.19891357421875,0.17524999380111694,5.1875
2100,585.5448462907225,0.018648378551006317,0.1985321044921875,0.18525001406669617,5.437499523162842
2101,585.7896107379347,0.019099079072475433,0.198150634765625,0.17425000667572021,5.274999618530273
2102,586.0270750084892,0.021915074437856674,0.1977691650390625,0.19025000929832458,5.75
2103,586.2622277801856,0.01901218853890896,0.1973876953125,0.17749999463558197,5.512499809265137
2104,586.4864618824795,0.02285953424870968,0.1970062255859375,0.19249999523162842,5.518749713897705
2105,586.7248382205144,0.017974862828850746,0.196624755859375,0.179500013589859,5.46250057220459
2106,586.981641295366,0.019098255783319473,0.1962432861328125,0.17425000667572021,5.362499713897705
2107,587.2453072052449,0.01986745372414589,0.19586181640625,0.18150000274181366,5.487499713897705
2108,587.4848943110555,0.021288897842168808,0.1954803466796875,0.18949998915195465,5.462499618530273
2109,587.7210221327841,0.025011209771037102,0.195098876953125,0.1860000044107437,5.500000476837158
2110,587.966191554442,0.01873248629271984,0.1947174072265625,0.17899999022483826,5.631249904632568
2111,588.265786091797,0.02077517658472061,0.1943359375,0.18825000524520874,5.449999809265137
2112,588.5703533506021,0.02067852020263672,0.1939544677734375,0.1757500022649765,5.524999618530273
2113,588.9109146920964,0.0205379631370306,0.193572998046875,0.1822499781847,5.306249618530273
2114,589.1898369025439,0.0176084004342556,0.1931915283203125,0.18675000965595245,5.550000190734863
2115,589.4162938930094,0.019494695588946342,0.19281005859375,0.17399999499320984,5.287500381469727
2116,589.6351380385458,0.022492919117212296,0.1924285888671875,0.19099999964237213,5.612500190734863
2117,589.8631610348821,0.020191561430692673,0.192047119140625,0.18925000727176666,5.59999942779541
2118,590.0785214174539,0.019770927727222443,0.1916656494140625,0.17024999856948853,5.075000286102295
2119,590.2977369502187,0.01761053316295147,0.1912841796875,0.1745000034570694,5.237500190734863
2120,590.5197030082345,0.020139627158641815,0.1909027099609375,0.1862500011920929,5.499999523162842
2121,590.8761873813346,0.02012927643954754,0.190521240234375,0.1782500147819519,5.28749942779541
2122,591.1351006180048,0.02031712979078293,0.1901397705078125,0.18025001883506775,5.47499942779541
2123,591.4565602587536,0.020171290263533592,0.18975830078125,0.1875,5.53125
2124,591.7142926137894,0.017970381304621696,0.1893768310546875,0.17800001800060272,5.574999809265137
2125,591.9821400959045,0.021080708131194115,0.188995361328125,0.19249999523162842,5.606249809265137
2126,592.2245274642482,0.017430035397410393,0.1886138916015625,0.18725000321865082,5.549999713897705
2127,592.4554116874933,0.01971828192472458,0.188232421875,0.1914999932050705,6.0
2128,592.6849456345662,0.019830457866191864,0.1878509521484375,0.1912499964237213,5.743750095367432
2129,592.9133480340242,0.02037820965051651,0.187469482421875,0.17500001192092896,5.199999809265137
2130,593.1373501345515,0.018077963963150978,0.1870880126953125,0.1720000058412552,5.22499942779541
2131,593.3624789435416,0.02028271183371544,0.18670654296875,0.18400000035762787,5.274999618530273
2132,593.6377957081422,0.01801430806517601,0.1863250732421875,0.1822500079870224,5.56874942779541
2133,593.9112113881856,0.022417515516281128,0.185943603515625,0.18450000882148743,5.9375
2134,594.1556808557361,0.018984327092766762,0.1855621337890625,0.19299998879432678,5.550000190734863
2135,594.4019209779799,0.017744874581694603,0.1851806640625,0.1875,5.606249809265137
2136,594.6707427091897,0.019858621060848236,0.1847991943359375,0.18575000762939453,5.774999618530273
2137,595.0313761346042,0.02101145312190056,0.184417724609375,0.17474998533725739,5.324999809265137
2138,595.3835118953139,0.02189933881163597,0.1840362548828125,0.19050000607967377,5.5625
2139,595.6116281095892,0.020378204062581062,0.18365478515625,0.17250001430511475,5.487499713897705
2140,595.937929389067,0.02162965014576912,0.1832733154296875,0.19574998319149017,5.312499523162842
2141,596.1843769084662,0.022257188335061073,0.182891845703125,0.1757500022649765,5.543749809265137
2142,596.4708885997534,0.01861235313117504,0.1825103759765625,0.18999998271465302,5.925000190734863
2143,596.7873001145199,0.022035671398043633,0.18212890625,0.17600002884864807,5.212499618530273
2144,597.0891845077276,0.018348004668951035,0.1817474365234375,0.18024998903274536,5.481249809265137
2145,597.3661632109433,0.020638197660446167,0.181365966796875,0.17349998652935028,5.337499618530273
2146,597.8855807399377,0.017504295334219933,0.1809844970703125,0.19975000619888306,5.737499237060547
2147,598.1475974051282,0.020351821556687355,0.18060302734375,0.19175000488758087,5.71875
2148,598.3803603705019,0.01889132335782051,0.1802215576171875,0.1705000102519989,5.0625
2149,598.6257525961846,0.01974288374185562,0.179840087890625,0.1757500022649765,5.174999713897705
2150,598.8567438432947,0.02257409133017063,0.1794586181640625,0.1850000023841858,5.575000286102295
2151,599.0710180643946,0.01970811001956463,0.1790771484375,0.1757500022649765,5.349999904632568
2152,599.3056907700375,0.018786190077662468,0.1786956787109375,0.17624999582767487,5.275000095367432
2153,599.5893002972007,0.02532179094851017,0.178314208984375,0.18000000715255737,5.349999904632568
2154,599.8640960091725,0.018561556935310364,0.1779327392578125,0.18474999070167542,5.574999809265137
2155,600.0909224851057,0.0211816243827343,0.17755126953125,0.17674998939037323,5.424999713897705
2156,600.3437245907262,0.01792476698756218,0.1771697998046875,0.18700000643730164,5.5
2157,600.5755541045219,0.021850461140275,0.176788330078125,0.17624999582767487,5.450000286102295
2158,600.8173229834065,0.018645567819476128,0.1764068603515625,0.18525001406669617,5.468749523162842
2159,601.0955950636417,0.020939499139785767,0.176025390625,0.19049999117851257,5.606249809265137
2160,601.3111519701779,0.019690832123160362,0.1756439208984375,0.18250000476837158,5.58750057220459
2161,601.5290509024635,0.023473434150218964,0.175262451171875,0.1665000021457672,5.16249942779541
2162,601.7471166336909,0.020437978208065033,0.1748809814453125,0.18174999952316284,5.312499046325684
2163,601.9957988234237,0.01723336987197399,0.17449951171875,0.19174998998641968,5.974999904632568
2164,602.215181815438,0.021621640771627426,0.1741180419921875,0.19124998152256012,5.63124942779541
2165,602.5057741180062,0.019021103158593178,0.173736572265625,0.18550001084804535,5.59375
2166,602.7509307339787,0.018796177580952644,0.1733551025390625,0.1810000091791153,5.425000190734863
2167,603.0229285210371,0.020015105605125427,0.1729736328125,0.19600000977516174,5.856249809265137
2168,603.3823445346206,0.01618969440460205,0.1725921630859375,0.17999997735023499,5.356250286102295
2169,603.6263029361144,0.02124379761517048,0.172210693359375,0.17275001108646393,5.1875
2170,603.8655125238001,0.01994139701128006,0.1718292236328125,0.17424999177455902,5.293750286102295
2171,604.7839898364618,0.023012371733784676,0.17144775390625,0.1772499829530716,5.21875
2172,605.0683797523379,0.02215168997645378,0.1710662841796875,0.1809999793767929,5.487499713897705
2173,605.3783955909312,0.02167256735265255,0.170684814453125,0.17899999022483826,5.424999713897705
2174,605.6964046303183,0.020102038979530334,0.1703033447265625,0.1772499978542328,5.262499809265137
2175,606.0073529677466,0.020119735971093178,0.169921875,0.18025001883506775,5.524999618530273
2176,606.2532016020268,0.023500189185142517,0.1695404052734375,0.18524998426437378,5.481249809265137
2177,606.5104496954009,0.02145201899111271,0.169158935546875,0.17424999177455902,5.25
2178,606.7377845505252,0.022258080542087555,0.1687774658203125,0.18800000846385956,5.637500286102295
2179,606.9635654734448,0.019022531807422638,0.16839599609375,0.19600000977516174,6.037499904632568
2180,607.2325152475387,0.022130528464913368,0.1680145263671875,0.179500013589859,5.231249809265137
2181,607.5075007816777,0.019431408494710922,0.167633056640625,0.18799999356269836,5.800000190734863
2182,607.7691282145679,0.02131570130586624,0.1672515869140625,0.17624999582767487,5.349999904632568
2183,608.0038502244279,0.021762080490589142,0.1668701171875,0.18550001084804535,5.493749618530273
2184,608.2496883710846,0.01950879953801632,0.1664886474609375,0.18900001049041748,5.724999904632568
2185,608.4801606172696,0.018605269491672516,0.166107177734375,0.18250000476837158,5.4812493324279785
2186,608.741659084335,0.01941702514886856,0.1657257080078125,0.18700000643730164,5.618750095367432
2187,608.976500232704,0.019564326852560043,0.16534423828125,0.18049998581409454,5.550000190734863
2188,609.1948367906734,0.019327372312545776,0.1649627685546875,0.16825000941753387,5.243749618530273
2189,609.4413665756583,0.018714284524321556,0.164581298828125,0.18850000202655792,5.412499904632568
2190,609.7280770549551,0.01855396293103695,0.1641998291015625,0.17275001108646393,5.199999809265137
2191,609.9776076925918,0.016789618879556656,0.163818359375,0.19174998998641968,5.53125
2192,610.2104865880683,0.023099923506379128,0.1634368896484375,0.171750009059906,5.274999618530273
2193,610.7380875414237,0.01873970590531826,0.163055419921875,0.17475000023841858,5.024999618530273
2194,611.0003484226763,0.018896793946623802,0.1626739501953125,0.1692499965429306,5.406249523162842
2195,611.3601753283292,0.020529264584183693,0.16229248046875,0.179500013589859,5.168749809265137
2196,611.6014554034919,0.017761601135134697,0.1619110107421875,0.16374999284744263,4.737499713897705
2197,611.8657901994884,0.02227112092077732,0.161529541015625,0.19199998676776886,5.731250286102295
2198,612.128281048499,0.02233230695128441,0.1611480712890625,0.19075000286102295,5.5625
2199,612.3888132628053,0.02015536278486252,0.1607666015625,0.17925001680850983,5.762499809265137
2200,612.6075388304889,0.018630696460604668,0.1603851318359375,0.1772499978542328,5.193749904632568
2201,612.8674796689302,0.02155238576233387,0.160003662109375,0.17349998652935028,5.174999713897705
2202,613.2361547276378,0.016971278935670853,0.1596221923828125,0.17550000548362732,5.4375
2203,613.4638667702675,0.021265782415866852,0.15924072265625,0.18024998903274536,5.418749809265137
2204,613.7287652902305,0.02147408202290535,0.1588592529296875,0.18325001001358032,5.337499618530273
2205,614.099807892926,0.01632159762084484,0.158477783203125,0.18649999797344208,5.575000286102295
2206,614.345910913311,0.018094344064593315,0.1580963134765625,0.19374999403953552,5.756250381469727
2207,614.5648544179276,0.019754797220230103,0.15771484375,0.19325000047683716,5.793750286102295
2208,614.8003188744187,0.020050648599863052,0.1573333740234375,0.19225002825260162,5.737499713897705
2209,615.0427689515054,0.017509419471025467,0.156951904296875,0.1772499978542328,5.456249713897705
2210,615.3578935200348,0.01798989437520504,0.1565704345703125,0.18850000202655792,5.624999523162842
2211,615.6082906490192,0.019245687872171402,0.15618896484375,0.16625000536441803,5.262499809265137
2212,615.8272679289803,0.020212329924106598,0.1558074951171875,0.19499999284744263,5.431249618530273
2213,616.1086148414761,0.01932053081691265,0.155426025390625,0.19425001740455627,5.824999809265137
2214,616.3324225014076,0.01911315694451332,0.1550445556640625,0.17600002884864807,5.037499904632568
2215,616.5803281804547,0.01925767958164215,0.1546630859375,0.18125000596046448,5.587500095367432
2216,616.8321336247027,0.02006055973470211,0.1542816162109375,0.1862500011920929,5.481249809265137
2217,617.0984314819798,0.019068416208028793,0.153900146484375,0.1862500011920929,5.774999618530273
2218,617.3469566227868,0.018297512084245682,0.1535186767578125,0.1860000044107437,5.518750190734863
2219,617.6073553524911,0.019675975665450096,0.15313720703125,0.1887499988079071,5.618749618530273
2220,617.8855634015054,0.01969963312149048,0.1527557373046875,0.17775002121925354,5.512500286102295
2221,618.1377397729084,0.02110559120774269,0.152374267578125,0.19299998879432678,5.537500381469727
2222,618.4441489446908,0.019996656104922295,0.1519927978515625,0.18250000476837158,5.537499904632568
2223,618.7119802460074,0.019978387281298637,0.151611328125,0.15299999713897705,4.699999809265137
2224,618.9508185656741,0.016716118901968002,0.1512298583984375,0.17475000023841858,5.09375
2225,619.2075413661078,0.01757068932056427,0.150848388671875,0.18400000035762787,5.349999904632568
2226,619.4565628832206,0.01883622631430626,0.1504669189453125,0.1835000067949295,5.712500095367432
2227,620.1646853080019,0.020852893590927124,0.15008544921875,0.18250000476837158,5.5625
2228,620.689609256573,0.018125707283616066,0.1497039794921875,0.18924999237060547,5.46250057220459
2229,620.9535417743027,0.021068604663014412,0.149322509765625,0.17850002646446228,5.449999809265137
2230,621.1890498232096,0.020282777026295662,0.1489410400390625,0.18275000154972076,5.549999713897705
2231,621.4290288984776,0.01945427991449833,0.1485595703125,0.1627499908208847,4.824999809265137
2232,621.6654997635633,0.01887751743197441,0.1481781005859375,0.17725002765655518,5.549999713897705
2233,621.9193845223635,0.019489193335175514,0.147796630859375,0.17800001800060272,5.306249618530273
2234,622.168799138628,0.019284872338175774,0.1474151611328125,0.1887499988079071,5.518749713897705
2235,622.392627636902,0.017293211072683334,0.14703369140625,0.19249999523162842,5.675000190734863
2236,622.648675150238,0.01765342988073826,0.1466522216796875,0.1772499978542328,5.58750057220459
2237,622.8921699291095,0.017785601317882538,0.146270751953125,0.19499999284744263,5.693749904632568
2238,623.1355245690793,0.019032863900065422,0.1458892822265625,0.18299999833106995,5.524999618530273
2239,623.3883165763691,0.01959039643406868,0.1455078125,0.1860000044107437,5.518749713897705
2240,623.6346602160484,0.020731335505843163,0.1451263427734375,0.19224999845027924,5.749999523162842
2241,623.919182584621,0.019109752029180527,0.144744873046875,0.17125000059604645,5.375
2242,624.1807128516957,0.02129020169377327,0.1443634033203125,0.18900001049041748,5.581249713897705
2243,624.4405002268031,0.02040354534983635,0.14398193359375,0.18850000202655792,5.450000286102295
2244,624.6573150111362,0.02201695553958416,0.1436004638671875,0.17424999177455902,5.274999618530273
2245,624.9301468878984,0.017521291971206665,0.143218994140625,0.18024998903274536,5.487499713897705
2246,625.1853994475678,0.01777651533484459,0.1428375244140625,0.19099998474121094,5.512499809265137
2247,625.42562433891,0.019783107563853264,0.1424560546875,0.1770000010728836,5.549999713897705
2248,625.6610035421327,0.019096659496426582,0.1420745849609375,0.1720000058412552,5.174999713897705
2249,625.8930068295449,0.01931717060506344,0.141693115234375,0.17999997735023499,5.274999141693115
2250,626.1966420011595,0.020559187978506088,0.1413116455078125,0.16574998199939728,5.175000190734863
2251,626.961749904789,0.01977378875017166,0.14093017578125,0.1889999955892563,5.400000095367432
2252,627.2182877333835,0.01865028589963913,0.1405487060546875,0.19099999964237213,5.65625
2253,627.5100869862363,0.02262403443455696,0.140167236328125,0.18700000643730164,5.537499904632568
2254,627.8464317880571,0.017868317663669586,0.1397857666015625,0.1847500056028366,5.662500381469727
2255,628.1451241439208,0.017453644424676895,0.139404296875,0.17424999177455902,5.21875
2256,628.4549527866766,0.017622115090489388,0.1390228271484375,0.18824999034404755,5.899999618530273
2257,628.6883366852999,0.02075950615108013,0.138641357421875,0.1875,5.506250381469727
2258,628.9599998146296,0.018013842403888702,0.1382598876953125,0.17549999058246613,5.324999809265137
2259,629.197112322785,0.019654667004942894,0.13787841796875,0.16325001418590546,4.9375
2260,629.4224967984483,0.02334904856979847,0.1374969482421875,0.18850000202655792,5.40625
2261,629.6606162870303,0.015929866582155228,0.137115478515625,0.17499999701976776,5.293749809265137
2262,629.9466249085963,0.016575995832681656,0.1367340087890625,0.18175001442432404,5.762499809265137
2263,630.3712509125471,0.018262434750795364,0.1363525390625,0.2045000046491623,5.706250190734863
2264,630.6306223738939,0.017637144774198532,0.1359710693359375,0.1847500205039978,5.6875
2265,630.8721570447087,0.02199448272585869,0.135589599609375,0.17000000178813934,5.375
2266,631.1029458753765,0.017272334545850754,0.1352081298828125,0.19099999964237213,5.34999942779541
2267,631.3209924502298,0.014257539063692093,0.13482666015625,0.1717499941587448,5.28125
2268,631.599313643761,0.02015814557671547,0.1344451904296875,0.18850000202655792,5.649999618530273
2269,631.83797666803,0.018356449902057648,0.134063720703125,0.17874999344348907,5.412499904632568
2270,632.1398792872205,0.018324188888072968,0.1336822509765625,0.1887499988079071,5.662500381469727
2271,632.4423104831949,0.018058357760310173,0.13330078125,0.18174999952316284,5.399999618530273
2272,632.7264572652057,0.02083488181233406,0.1329193115234375,0.1810000091791153,5.549999713897705
2273,632.9884495446458,0.019030040130019188,0.132537841796875,0.18049998581409454,5.331250190734863
2274,633.203143405728,0.0208309143781662,0.1321563720703125,0.1732500046491623,5.262499809265137
2275,633.536780574359,0.02125265821814537,0.13177490234375,0.1809999793767929,5.406249523162842
2276,634.3319984301925,0.017524337396025658,0.1313934326171875,0.18825000524520874,5.524999618530273
2277,634.5627808496356,0.022742537781596184,0.131011962890625,0.16900001466274261,5.325000286102295
2278,634.7838105801493,0.01959242671728134,0.1306304931640625,0.1835000067949295,5.262499809265137
2279,635.036438094452,0.017871100455522537,0.1302490234375,0.18724998831748962,5.56874942779541
2280,635.2714419011027,0.024357404559850693,0.1298675537109375,0.18150001764297485,5.649999618530273
2281,635.5508266929537,0.022569021210074425,0.129486083984375,0.18650001287460327,5.575000286102295
2282,635.794374903664,0.017366768792271614,0.1291046142578125,0.1837500035762787,5.393749237060547
2283,636.0220622196794,0.019459791481494904,0.12872314453125,0.17599999904632568,5.374999523162842
2284,636.3107432983816,0.020993396639823914,0.1283416748046875,0.19700001180171967,5.668749809265137
2285,637.0662840725854,0.020711559802293777,0.127960205078125,0.19224999845027924,5.775000095367432
2286,637.8583331750706,0.020709190517663956,0.1275787353515625,0.18000000715255737,5.362500190734863
2287,638.0963257420808,0.02083422802388668,0.127197265625,0.18000000715255737,5.499999523162842
2288,638.3556771725416,0.02182857319712639,0.1268157958984375,0.18000000715255737,5.318749904632568
2289,638.5982119813561,0.02073097974061966,0.126434326171875,0.18599998950958252,5.7624993324279785
2290,638.8937326129526,0.018048351630568504,0.1260528564453125,0.19425001740455627,5.71875
2291,639.1489914041013,0.01852559857070446,0.12567138671875,0.18799999356269836,5.606249809265137
2292,639.4109445866197,0.017597710713744164,0.1252899169921875,0.17874999344348907,5.774999618530273
2293,639.668024991639,0.01938333921134472,0.12490880489349365,0.17749999463558197,5.21875
2294,639.9546293495223,0.020788652822375298,0.12452882528305054,0.1875,5.487500190734863
2295,640.209886287339,0.02149631269276142,0.12414884567260742,0.18799999356269836,5.6999993324279785
2296,640.4556683916599,0.01870044693350792,0.1237688660621643,0.18575002253055573,5.437499523162842
2297,640.6964026167989,0.02017739787697792,0.12338888645172119,0.18599998950958252,5.706250190734863
2298,640.9362306538969,0.018891455605626106,0.12300890684127808,0.17100000381469727,5.16249942779541
2299,641.181178316474,0.020226528868079185,0.12262892723083496,0.18325001001358032,5.456249713897705
2300,641.4073004405946,0.018244272097945213,0.12224894762039185,0.17675000429153442,5.237499713897705
2301,641.6637039203197,0.02223648503422737,0.12186896800994873,0.17499999701976776,5.087499618530273
2302,641.9003774169832,0.018361229449510574,0.12148898839950562,0.18924999237060547,5.731249809265137
2303,642.1602153507993,0.01881195604801178,0.1211090087890625,0.1902499794960022,5.587500095367432
2304,642.4226274723187,0.021044190973043442,0.12072902917861938,0.1807500123977661,5.34999942779541
2305,642.6959399804473,0.01733860746026039,0.12034904956817627,0.19099998474121094,5.65625
2306,643.0001369314268,0.02033725567162037,0.11996906995773315,0.16725000739097595,5.143749713897705
2307,643.293785052374,0.021347511559724808,0.11958909034729004,0.17524999380111694,5.487499237060547
2308,643.513471855782,0.01798119954764843,0.11920911073684692,0.16974999010562897,5.137499809265137
2309,643.8198678037152,0.02057676576077938,0.11882913112640381,0.18950000405311584,5.481249809265137
2310,644.1405270053074,0.02014860510826111,0.1184491515159607,0.18924999237060547,6.149999618530273
2311,644.4371937382966,0.0187741257250309,0.11806917190551758,0.18549999594688416,5.481249809265137
2312,644.6605893624946,0.01690095290541649,0.11768919229507446,0.17949998378753662,5.299999713897705
2313,645.0004620980471,0.018514197319746017,0.11730921268463135,0.18850000202655792,5.4875006675720215
2314,645.2370301950723,0.022249409928917885,0.11692923307418823,0.1875000149011612,5.824999809265137
2315,645.4873245339841,0.019370052963495255,0.11654925346374512,0.19099999964237213,5.606249809265137
2316,645.723642738536,0.0171678364276886,0.116169273853302,0.18524999916553497,5.999999523162842
2317,645.966729272157,0.019162725657224655,0.11578929424285889,0.18200001120567322,5.131250381469727
2318,646.3077921541408,0.020425844937562943,0.11540931463241577,0.179500013589859,5.537500381469727
2319,646.5589664625004,0.016623619943857193,0.11502933502197266,0.1887499988079071,5.862499713897705
2320,646.8128000926226,0.019545983523130417,0.11464935541152954,0.17149999737739563,5.231249809265137
2321,647.0502005964518,0.01597057655453682,0.11426937580108643,0.1860000044107437,5.493750095367432
2322,647.2982486160472,0.016033198684453964,0.11388939619064331,0.17550000548362732,5.362500190734863
2323,647.5316043552011,0.022433821111917496,0.1135094165802002,0.1915000081062317,5.59999942779541
2324,647.7509334646165,0.016878172755241394,0.11312943696975708,0.18599998950958252,5.5437493324279785
2325,647.9765823446214,0.020403722301125526,0.11274945735931396,0.17674998939037323,5.574999809265137
2326,648.3251722017303,0.017306983470916748,0.11236947774887085,0.18850000202655792,5.50624942779541
2327,648.6147751081735,0.018583199009299278,0.11198949813842773,0.1745000034570694,5.200000286102295
2328,648.9438109016046,0.017677437514066696,0.11160951852798462,0.18700000643730164,5.374999523162842
2329,649.3133284999058,0.020235007628798485,0.1112295389175415,0.18125002086162567,5.75
2330,649.531173712574,0.016968581825494766,0.11084955930709839,0.18725000321865082,5.449999809265137
2331,649.8286718502641,0.02017667517066002,0.11046957969665527,0.17599999904632568,5.487499713897705
2332,650.3898867340758,0.02133779227733612,0.11008960008621216,0.1797500103712082,5.275000095367432
2333,650.6339173661545,0.018713947385549545,0.10970962047576904,0.19850000739097595,5.837499618530273
2334,650.8710934706032,0.018184615299105644,0.10932964086532593,0.18250000476837158,5.412500381469727
2335,651.1563406800851,0.01874902844429016,0.10894966125488281,0.18649999797344208,5.518750190734863
2336,651.4062625011429,0.02434622123837471,0.1085696816444397,0.18549999594688416,5.637499809265137
2337,651.734703685157,0.02371487207710743,0.10818970203399658,0.1837500035762787,5.675000190734863
2338,651.9734133193269,0.022070765495300293,0.10780972242355347,0.1837500035762787,5.512499809265137
2339,652.2491245353594,0.019419509917497635,0.10742974281311035,0.17749999463558197,5.274999618530273
2340,652.556015717797,0.018342873081564903,0.10704976320266724,0.17925001680850983,5.40000057220459
2341,652.9990097405389,0.01665298081934452,0.10666978359222412,0.1967499852180481,5.824999809265137
2342,653.2481830501929,0.01808604784309864,0.106289803981781,0.17349998652935028,5.212499618530273
2343,653.480572450906,0.020935140550136566,0.10590982437133789,0.18449999392032623,6.025000095367432
2344,653.7685216804966,0.016787834465503693,0.10552984476089478,0.1862500011920929,5.374999523162842
2345,654.0550959603861,0.020417070016264915,0.10514986515045166,0.1784999817609787,5.343749523162842
2346,654.344681032002,0.021517710760235786,0.10476988554000854,0.17499999701976776,5.487499713897705
2347,654.6934543177485,0.01902957260608673,0.10438990592956543,0.19025000929832458,5.549999713897705
2348,654.9635718790814,0.020126208662986755,0.10400992631912231,0.18650001287460327,5.499999523162842
2349,655.2907809466124,0.0198757816106081,0.1036299467086792,0.18424999713897705,5.52500057220459
2350,655.550755141303,0.018688872456550598,0.10324996709823608,0.1980000138282776,5.94374942779541
2351,655.8168561626226,0.016414940357208252,0.10286998748779297,0.18175001442432404,5.393749713897705
2352,656.2259939908981,0.01939212717115879,0.10249000787734985,0.17749999463558197,5.099999904632568
2353,656.4467241279781,0.01968681998550892,0.10211002826690674,0.1757500022649765,5.675000190734863
2354,656.671622174792,0.017677824944257736,0.10173004865646362,0.20799998939037323,5.806249618530273
2355,657.6451375400648,0.019311996176838875,0.10135006904602051,0.1835000216960907,5.687499523162842
2356,657.9208622723818,0.02181764878332615,0.10097008943557739,0.19174998998641968,5.581250190734863
2357,658.187765144743,0.019486716017127037,0.10059010982513428,0.19175000488758087,5.75
2358,658.531479771249,0.02139722928404808,0.10021013021469116,0.17749999463558197,5.125000476837158
2359,658.78089601174,0.0179576613008976,0.09983015060424805,0.1887499988079071,5.806249618530273
2360,659.1012167260051,0.01816440373659134,0.09945017099380493,0.19050000607967377,5.550000190734863
2361,659.4848359329626,0.019305698573589325,0.09907019138336182,0.18125000596046448,5.587500095367432
2362,659.7363684689626,0.01917765475809574,0.0986902117729187,0.19349999725818634,5.712500095367432
2363,659.9771506963298,0.019410040229558945,0.09831023216247559,0.19075000286102295,5.631249904632568
2364,660.210510588251,0.019956614822149277,0.09793025255203247,0.1847500056028366,5.775000095367432
2365,660.454965676181,0.0209059901535511,0.09755027294158936,0.18150000274181366,5.475000381469727
2366,660.694997407496,0.017296161502599716,0.09717029333114624,0.18325001001358032,5.375
2367,660.9532896000892,0.01888081431388855,0.09679031372070312,0.18000000715255737,5.5625
2368,661.1911570169032,0.018988920375704765,0.09641033411026001,0.18599998950958252,5.581250190734863
2369,661.4243167694658,0.019743427634239197,0.0960303544998169,0.17650002241134644,5.199999809265137
2370,661.7488388875499,0.021961374208331108,0.09565037488937378,0.16850000619888306,4.987500190734863
2371,662.0599285364151,0.019144177436828613,0.09527039527893066,0.1862500011920929,5.274999618530273
2372,662.3129741530865,0.019433408975601196,0.09489041566848755,0.18450000882148743,5.712499618530273
2373,662.6035691117868,0.018275681883096695,0.09451043605804443,0.17149999737739563,5.175000190734863
2374,662.8493858017027,0.018717972561717033,0.09413045644760132,0.18250000476837158,5.318749904632568
2375,663.0964099336416,0.02025292068719864,0.0937504768371582,0.17800001800060272,5.393749713897705
2376,663.3637806624174,0.021842923015356064,0.09337049722671509,0.17424999177455902,5.449999809265137
2377,663.6101335603744,0.023864636197686195,0.09299051761627197,0.1835000067949295,5.1999993324279785
2378,663.9384039007127,0.016202108934521675,0.09261053800582886,0.17624999582767487,5.424999713897705
2379,664.2135467668995,0.02065015211701393,0.09223055839538574,0.1912499964237213,5.962499618530273
2380,664.4887320566922,0.019302159547805786,0.09185057878494263,0.18699999153614044,5.681250095367432
2381,664.7135538486764,0.01912767067551613,0.09147059917449951,0.1772499829530716,5.224999904632568
2382,664.9486942393705,0.01767207495868206,0.0910906195640564,0.16500000655651093,5.312499523162842
2383,665.1683398485184,0.019095677882432938,0.09071063995361328,0.1784999966621399,5.09375
2384,665.4094043504447,0.020641718059778214,0.09033066034317017,0.19249999523162842,5.649999618530273
2385,665.6454225378111,0.023134462535381317,0.08995068073272705,0.171750009059906,5.262500286102295
2386,665.9561246102676,0.022530747577548027,0.08957070112228394,0.19524997472763062,5.668750286102295
2387,666.793561921455,0.017196938395500183,0.08919072151184082,0.1939999908208847,5.724999904632568
2388,667.0197116620839,0.017298836261034012,0.0888107419013977,0.17624999582767487,5.362500190734863
2389,667.2997342990711,0.01985531859099865,0.08843076229095459,0.16825000941753387,5.137499809265137
2390,667.6435211431235,0.01968250796198845,0.08805078268051147,0.18850000202655792,5.50624942779541
2391,667.9325141320005,0.0214541032910347,0.08767080307006836,0.1784999966621399,5.675000190734863
2392,668.2603221954778,0.0165121890604496,0.08729082345962524,0.1875,5.468749523162842
2393,668.5086352322251,0.01631513237953186,0.08691084384918213,0.19750000536441803,5.78125
2394,668.7731244135648,0.019422413781285286,0.08653086423873901,0.16899999976158142,5.087499618530273
2395,669.1705501191318,0.01601298898458481,0.0861508846282959,0.19574998319149017,5.643750190734863
2396,669.4122193707153,0.017177274450659752,0.08577090501785278,0.1979999989271164,5.881249904632568
2397,669.6314407931641,0.0214241836220026,0.08539092540740967,0.18324999511241913,5.6875
2398,669.8930648397654,0.017727315425872803,0.08501094579696655,0.18125000596046448,5.437499523162842
2399,670.1375685473904,0.017708659172058105,0.08463096618652344,0.18275000154972076,5.400000095367432
2400,670.3773964429274,0.0211141686886549,0.08425098657608032,0.18275000154972076,5.512499809265137
2401,670.6247880011797,0.019066743552684784,0.08387100696563721,0.1914999932050705,5.65625
2402,670.8754397360608,0.018427051603794098,0.08349102735519409,0.19049999117851257,5.706249713897705
2403,671.1150524746627,0.020380908623337746,0.08311104774475098,0.17225000262260437,5.450000286102295
2404,671.3652943000197,0.018899502232670784,0.08273106813430786,0.17249999940395355,5.056249618530273
2405,671.5948430616409,0.018780892714858055,0.08235108852386475,0.18950000405311584,5.574999809265137
2406,671.821880787611,0.019779618829488754,0.08197110891342163,0.17399999499320984,5.274999618530273
2407,672.0797614194453,0.01941508799791336,0.08159112930297852,0.18699999153614044,5.424999713897705
2408,673.0120841702446,0.017898790538311005,0.0812111496925354,0.19300001859664917,5.78749942779541
2409,673.2757663717493,0.016512610018253326,0.08083117008209229,0.18449999392032623,5.912499904632568
2410,673.5200944663957,0.01924356259405613,0.08045119047164917,0.17749999463558197,5.118750095367432
2411,673.7845077030361,0.01765042543411255,0.08007121086120605,0.18725000321865082,5.656249523162842
2412,674.0640554502606,0.019477294757962227,0.07969123125076294,0.18050001561641693,5.387499809265137
2413,674.3048575147986,0.01872650533914566,0.07931125164031982,0.1899999976158142,5.650000095367432
2414,674.5493401829153,0.018912773579359055,0.07893127202987671,0.18150001764297485,5.456249713897705
2415,674.8106775339693,0.021238284185528755,0.0785512924194336,0.17549999058246613,5.25
2416,675.0816922094673,0.020089417695999146,0.07817131280899048,0.1887500137090683,5.5749993324279785
2417,675.3152657570317,0.02026526629924774,0.07779133319854736,0.17599999904632568,5.306249618530273
2418,675.5537398643792,0.020168336108326912,0.07741135358810425,0.18675000965595245,5.662499904632568
2419,675.8761061606929,0.01822729781270027,0.07703137397766113,0.18424999713897705,5.525000095367432
2420,676.129886331968,0.01837795600295067,0.07665139436721802,0.1862500011920929,5.574999809265137
2421,676.388882258907,0.01735689491033554,0.0762714147567749,0.17874999344348907,5.387499809265137
2422,676.6211838144809,0.018955882638692856,0.07589143514633179,0.18000000715255737,5.493750095367432
2423,676.8739769719541,0.02113267406821251,0.07551145553588867,0.19300001859664917,5.606249809265137
2424,677.1089969649911,0.020369581878185272,0.07513147592544556,0.1899999976158142,5.587499618530273
2425,677.3502142475918,0.018035022541880608,0.07475149631500244,0.1914999932050705,5.881249904632568
2426,677.6395785911009,0.021006837487220764,0.07437151670455933,0.19475001096725464,5.731249809265137
2427,677.9648732254282,0.016549548134207726,0.07399153709411621,0.18925000727176666,5.837499618530273
2428,678.2096210774034,0.02168842777609825,0.0736115574836731,0.1834999918937683,5.643749713897705
2429,678.4430058663711,0.018694400787353516,0.07323157787322998,0.18924999237060547,5.487499713897705
2430,679.3154728682712,0.02255057543516159,0.07285159826278687,0.18299996852874756,5.449999809265137
2431,679.5992280384526,0.01691247709095478,0.07247161865234375,0.17350000143051147,5.331249713897705
2432,679.8841791572049,0.023414192721247673,0.07209163904190063,0.19224999845027924,5.662499904632568
2433,680.1015640366822,0.021804548799991608,0.07171165943145752,0.18974998593330383,5.824999809265137
2434,680.4522923426703,0.018900800496339798,0.0713316798210144,0.1784999817609787,5.43125057220459
2435,680.7512769000605,0.019179774448275566,0.07095170021057129,0.19099999964237213,5.637499809265137
2436,680.990819785744,0.018553726375102997,0.07057172060012817,0.1705000251531601,5.162499904632568
2437,681.2305636722594,0.01786535233259201,0.07019174098968506,0.18674999475479126,5.481249809265137
2438,681.4755069240928,0.020322337746620178,0.06981176137924194,0.1822500079870224,5.425000190734863
2439,681.7593780038878,0.01802905835211277,0.06943178176879883,0.1704999953508377,5.287500381469727
2440,682.0067617380992,0.017138728871941566,0.06905180215835571,0.18275000154972076,5.275000095367432
2441,682.2719614980742,0.02002323605120182,0.0686718225479126,0.1770000010728836,5.337500095367432
2442,682.4878512006253,0.018366079777479172,0.06829184293746948,0.1717499941587448,5.124999523162842
2443,682.8327075531706,0.020582277327775955,0.06791186332702637,0.18700000643730164,5.424999237060547
2444,683.0796908577904,0.019653568044304848,0.06753188371658325,0.1782500147819519,5.437499523162842
2445,683.3090157434344,0.02128506265580654,0.06715190410614014,0.18299999833106995,5.674999713897705
2446,684.0784713756293,0.018622716888785362,0.06677192449569702,0.19374999403953552,5.706249713897705
2447,684.3219498787075,0.020941322669386864,0.0663919448852539,0.18424999713897705,5.481250286102295
2448,684.5599881783128,0.02004597708582878,0.06601196527481079,0.17674998939037323,5.462499618530273
2449,684.8096154881641,0.02065872773528099,0.06563198566436768,0.1704999953508377,5.093749523162842
2450,685.0411367425695,0.016082681715488434,0.06525200605392456,0.19175000488758087,5.649999618530273
2451,685.2845796886832,0.019120443612337112,0.06487202644348145,0.18275000154972076,5.8125
2452,685.5472205933183,0.021190229803323746,0.06449204683303833,0.20724999904632568,5.793750762939453
2453,685.7865165490657,0.019111115485429764,0.06411206722259521,0.1967499852180481,5.96875
2454,686.077917849645,0.015952955931425095,0.0637320876121521,0.19224998354911804,5.512500286102295
2455,686.3441669307649,0.019101504236459732,0.06335210800170898,0.18574999272823334,5.799999237060547
2456,686.6490358747542,0.021430663764476776,0.06297212839126587,0.19174998998641968,5.687499523162842
2457,686.9515819223598,0.021418198943138123,0.06259214878082275,0.18674999475479126,6.049999237060547
2458,687.1912336423993,0.01895645633339882,0.06221216917037964,0.18674999475479126,5.462500095367432
2459,687.5614710487425,0.019601577892899513,0.06183218955993652,0.18425001204013824,5.456250190734863
2460,687.7923800488934,0.019895918667316437,0.06145220994949341,0.18549999594688416,6.224999904632568
2461,688.0252487091348,0.016467418521642685,0.06107223033905029,0.18424999713897705,5.274999618530273
2462,688.2832410037518,0.017492394894361496,0.06069225072860718,0.1942499876022339,5.712499618530273
2463,688.5009654769674,0.01799437403678894,0.06031227111816406,0.16950000822544098,5.324999809265137
2464,688.8435993324965,0.0196059662848711,0.05993229150772095,0.19575001299381256,5.568750381469727
2465,689.0906817354262,0.017946699634194374,0.05955231189727783,0.17799998819828033,5.34999942779541
2466,689.3246209360659,0.017608409747481346,0.05917233228683472,0.18400000035762787,5.625
2467,689.5663208039477,0.017568038776516914,0.0587923526763916,0.1912500262260437,5.793749809265137
2468,689.7940337210894,0.018596138805150986,0.058412373065948486,0.18325001001358032,5.356249809265137
2469,690.0895188897848,0.0206533744931221,0.05803239345550537,0.18524998426437378,5.762499809265137
2470,690.342808349058,0.0210330281406641,0.057652413845062256,0.19099998474121094,5.549999713897705
2471,690.5790569130331,0.023092355579137802,0.05727243423461914,0.1939999908208847,5.824999809265137
2472,690.9290950093418,0.01970815286040306,0.056892454624176025,0.18125000596046448,5.949999809265137
2473,691.8389317821711,0.0192214734852314,0.05651247501373291,0.19675001502037048,5.562500476837158
2474,692.1069318456575,0.018971869722008705,0.056132495403289795,0.18050001561641693,5.425000190734863
2475,692.3239722717553,0.018302511423826218,0.05575251579284668,0.1627499908208847,5.212499618530273
2476,692.6094469344243,0.021818405017256737,0.055372536182403564,0.19049999117851257,5.356249809265137
2477,692.9269477184862,0.02141275256872177,0.05499255657196045,0.18400001525878906,5.46875
2478,693.2803376540542,0.017953088507056236,0.054612576961517334,0.17899999022483826,5.84999942779541
2479,693.5196361355484,0.02201709896326065,0.05423259735107422,0.1810000091791153,5.174999713897705
2480,693.7880488419905,0.01643907092511654,0.053852617740631104,0.17875002324581146,5.36875057220459
2481,694.033490119502,0.020001471042633057,0.05347263813018799,0.17775002121925354,5.399999618530273
2482,694.2902017142624,0.018083270639181137,0.05309265851974487,0.17274999618530273,5.3125
2483,694.5649212980643,0.021743763238191605,0.05271267890930176,0.18224996328353882,5.306249618530273
2484,694.8315930720419,0.017713502049446106,0.05233269929885864,0.17624999582767487,5.287500381469727
2485,695.3623300231993,0.02092881128191948,0.05195271968841553,0.18324999511241913,5.637499809265137
2486,695.6008243085817,0.018063800409436226,0.05157274007797241,0.19200000166893005,5.506249904632568
2487,695.8517258577049,0.019298255443572998,0.0511927604675293,0.17550000548362732,5.324999809265137
2488,696.0707681616768,0.017369674518704414,0.05081278085708618,0.16725000739097595,5.199999809265137
2489,696.2910576527938,0.01985681615769863,0.050432801246643066,0.19099999964237213,5.481249809265137
2490,696.5112363025546,0.018688596785068512,0.05005282163619995,0.17024999856948853,5.049999713897705
2491,696.7300037350506,0.020310809835791588,0.05000000074505806,0.18275001645088196,5.5
2492,696.9503123024479,0.019801948219537735,0.05000000074505806,0.18400001525878906,5.400000095367432
2493,697.1686081597582,0.018705353140830994,0.05000000074505806,0.1705000102519989,5.199999809265137
2494,697.4770078947768,0.01969444938004017,0.05000000074505806,0.1847500056028366,5.456250190734863
2495,697.6961975581944,0.02017095312476158,0.05000000074505806,0.18775001168251038,5.518749713897705
2496,697.9597236420959,0.0180822741240263,0.05000000074505806,0.1782500147819519,5.412500381469727
2497,698.2036447646096,0.020495552569627762,0.05000000074505806,0.1914999932050705,5.637499809265137
2498,698.4437263133004,0.019935067743062973,0.05000000074505806,0.17225000262260437,5.206250190734863
2499,698.668028828688,0.019784683361649513,0.05000000074505806,0.17525000870227814,5.287500381469727
2500,699.0360665991902,0.01966767944395542,0.05000000074505806,0.1887499988079071,5.556249618530273
2501,699.3070799810812,0.018473196774721146,0.05000000074505806,0.18450000882148743,5.512500286102295
2502,699.601338041015,0.017102671787142754,0.05000000074505806,0.17400000989437103,5.149999618530273
2503,699.8462215112522,0.02047383040189743,0.05000000074505806,0.20524998009204865,5.887499809265137
2504,700.0690698362887,0.020634301006793976,0.05000000074505806,0.1847500056028366,5.637500286102295
2505,700.3067970974371,0.019266191869974136,0.05000000074505806,0.17949998378753662,5.212500095367432
2506,700.6446287697181,0.01952601596713066,0.05000000074505806,0.1937500238418579,5.75
2507,701.4120496800169,0.020538726821541786,0.05000000074505806,0.18024998903274536,5.4812493324279785
2508,701.6852177111432,0.01762782782316208,0.05000000074505806,0.1862500011920929,5.287499904632568
2509,701.9427679656073,0.020954199135303497,0.05000000074505806,0.1912499964237213,5.762499809265137
2510,702.2039117300883,0.016570910811424255,0.05000000074505806,0.18024998903274536,5.537500381469727
2511,702.4562106002122,0.01705535687506199,0.05000000074505806,0.18550001084804535,5.587499618530273
2512,702.6972023751587,0.016963349655270576,0.05000000074505806,0.18974998593330383,5.6875
2513,702.9336359202862,0.01721368171274662,0.05000000074505806,0.1874999850988388,5.587499618530273
2514,703.1756829563528,0.019871778786182404,0.05000000074505806,0.18125002086162567,5.6875
2515,703.4471971979365,0.01768367551267147,0.05000000074505806,0.18000000715255737,5.34375
2516,703.6679720617831,0.019396154209971428,0.05000000074505806,0.18000000715255737,5.343750476837158
2517,703.9128671819344,0.018431877717375755,0.05000000074505806,0.18525001406669617,5.887499809265137
2518,704.1455518137664,0.016543816775083542,0.05000000074505806,0.1912500262260437,5.512500762939453
2519,704.3992147808895,0.01940663531422615,0.05000000074505806,0.18925000727176666,5.6875
2520,704.6516381781548,0.017891328781843185,0.05000000074505806,0.1757500022649765,5.299999713897705
2521,704.9051257735118,0.02047422155737877,0.05000000074505806,0.19499997794628143,5.749999523162842
2522,705.2585178846493,0.019935686141252518,0.05000000074505806,0.1902499943971634,5.625
2523,705.524559170939,0.01888185925781727,0.05000000074505806,0.18324999511241913,5.649999618530273
2524,705.7640931196511,0.01979978382587433,0.05000000074505806,0.18900001049041748,5.781249523162842
2525,705.9869141839445,0.020234035328030586,0.05000000074505806,0.17350000143051147,5.037499904632568
2526,706.2220019353554,0.019416961818933487,0.05000000074505806,0.19625000655651093,5.8249993324279785
2527,706.4724209085107,0.01895035244524479,0.05000000074505806,0.1965000033378601,6.081250190734863
2528,706.7560549387708,0.02154439315199852,0.05000000074505806,0.19975000619888306,5.818750381469727
2529,706.9928787043318,0.016730742529034615,0.05000000074505806,0.17949998378753662,5.550000190734863
2530,707.2123611131683,0.01893058605492115,0.05000000074505806,0.19099999964237213,5.512500286102295
2531,707.4597520492971,0.019732719287276268,0.05000000074505806,0.1745000034570694,5.337500095367432
2532,707.7215240560472,0.019423307850956917,0.05000000074505806,0.17674998939037323,5.862500190734863
2533,708.0661803390831,0.017960602417588234,0.05000000074505806,0.1902499943971634,5.331249713897705
2534,708.331254331395,0.015075983479619026,0.05000000074505806,0.19699998199939728,5.837500095367432
2535,708.6382411438972,0.016766482964158058,0.05000000074505806,0.17799998819828033,5.599999904632568
2536,708.9356697201729,0.014335919171571732,0.05000000074505806,0.18774999678134918,5.349999904632568
2537,709.1958885397762,0.018506204709410667,0.05000000074505806,0.19249999523162842,5.806249618530273
2538,709.4195046527311,0.0181793924421072,0.05000000074505806,0.17599999904632568,5.549999713897705
2539,709.6374459080398,0.018296929076313972,0.05000000074505806,0.18924999237060547,5.468750476837158
2540,709.9238927438855,0.019783779978752136,0.05000000074505806,0.1942499876022339,5.743750095367432
2541,710.1493215076625,0.02108793519437313,0.05000000074505806,0.1847500056028366,5.749999523162842
2542,710.3952693762258,0.014874056912958622,0.05000000074505806,0.1835000067949295,5.431249618530273
2543,710.6343426313251,0.018160633742809296,0.05000000074505806,0.1772499978542328,5.331250190734863
2544,710.8504656851292,0.015613860450685024,0.05000000074505806,0.17100000381469727,5.462500095367432
2545,711.0678897779435,0.0160252396017313,0.05000000074505806,0.18049998581409454,5.243749618530273
2546,711.2963484115899,0.016171075403690338,0.05000000074505806,0.1887499988079071,5.53125
2547,711.5855883182958,0.01766560599207878,0.05000000074505806,0.17624999582767487,5.762499809265137
2548,711.9292150065303,0.018557172268629074,0.05000000074505806,0.18400003015995026,5.256249904632568
2549,712.1673865243793,0.01792013831436634,0.05000000074505806,0.1927500218153,5.687499523162842
2550,712.5117407897487,0.018808560445904732,0.05000000074505806,0.18400000035762787,5.275000095367432
2551,712.741739503108,0.020176220685243607,0.05000000074505806,0.1797500103712082,5.612499713897705
2552,712.9637683406472,0.016402315348386765,0.05000000074505806,0.1822499781847,5.400000095367432
2553,713.2359128370881,0.02005494013428688,0.05000000074505806,0.17874999344348907,5.212500095367432
2554,713.4740594374016,0.017288589850068092,0.05000000074505806,0.1875,5.66249942779541
2555,713.7104196585715,0.015806399285793304,0.05000000074505806,0.18524998426437378,5.518749713897705
2556,713.9338376503438,0.01675594225525856,0.05000000074505806,0.19875000417232513,5.9250006675720215
2557,714.168221202679,0.018354231491684914,0.05000000074505806,0.19475002586841583,6.087499618530273
2558,714.4293242851272,0.0170719176530838,0.05000000074505806,0.1810000240802765,5.3125
2559,714.6615747110918,0.01946687139570713,0.05000000074505806,0.18575000762939453,5.600000381469727
2560,715.1056606890634,0.018520064651966095,0.05000000074505806,0.19074998795986176,5.812499523162842
2561,715.4048537826166,0.02096102386713028,0.05000000074505806,0.1927499920129776,5.618750095367432
2562,715.6902577001601,0.018840452656149864,0.05000000074505806,0.1757499873638153,5.649999618530273
2563,715.9766158480197,0.017046066001057625,0.05000000074505806,0.1810000091791153,5.293749809265137
2564,716.2739929165691,0.017917299643158913,0.05000000074505806,0.19300001859664917,5.625
2565,716.6594307003543,0.017480451613664627,0.05000000074505806,0.17674998939037323,5.262499809265137
2566,716.8934458121657,0.01711748167872429,0.05000000074505806,0.1807500123977661,5.450000286102295
2567,717.236630470492,0.016325147822499275,0.05000000074505806,0.19349999725818634,5.693749904632568
2568,717.4603579482064,0.017282575368881226,0.05000000074505806,0.19450001418590546,5.874999523162842
2569,717.7605955032632,0.01461169496178627,0.05000000074505806,0.19575001299381256,5.887499809265137
2570,718.0462077166885,0.016985595226287842,0.05000000074505806,0.18850000202655792,5.643750190734863
2571,718.2711198423058,0.017417393624782562,0.05000000074505806,0.17649999260902405,5.41249942779541
2572,718.5394976045936,0.01630077324807644,0.05000000074505806,0.17499999701976776,5.1875
2573,718.7903854325414,0.02008049190044403,0.05000000074505806,0.1899999976158142,5.643750190734863
2574,719.0972868464887,0.019818751141428947,0.05000000074505806,0.19199998676776886,5.737499713897705
2575,719.4204012034461,0.017826851457357407,0.05000000074505806,0.18074998259544373,5.47499942779541
2576,719.666572663933,0.02224968932569027,0.05000000074505806,0.18275001645088196,5.543749809265137
2577,719.9232559753582,0.018231283873319626,0.05000000074505806,0.1704999953508377,5.587500095367432
2578,720.1605793032795,0.016001243144273758,0.05000000074505806,0.19699998199939728,5.449999809265137
2579,720.429710063152,0.019394753500819206,0.05000000074505806,0.1912499964237213,5.725000381469727
2580,720.7446705242619,0.015937980264425278,0.05000000074505806,0.19249999523162842,5.724999904632568
2581,720.989135238342,0.01999945007264614,0.05000000074505806,0.18525001406669617,5.749999523162842
2582,721.2617554273456,0.018315333873033524,0.05000000074505806,0.18924999237060547,5.562499523162842
2583,721.5579080032185,0.018844472244381905,0.05000000074505806,0.18524999916553497,5.5625
2584,721.8044106224552,0.01874615252017975,0.05000000074505806,0.1807500123977661,5.34375
2585,722.1009154971689,0.017766010016202927,0.05000000074505806,0.18700000643730164,5.699999809265137
2586,722.3178305346519,0.016462242230772972,0.05000000074505806,0.179500013589859,5.425000190734863
2587,722.5766147794202,0.018098853528499603,0.05000000074505806,0.1850000023841858,5.624999046325684
2588,722.9490392394364,0.018227772787213326,0.05000000074505806,0.1874999850988388,5.462499618530273
2589,723.3669691430405,0.01790551096200943,0.05000000074505806,0.17549999058246613,5.574999809265137
2590,723.675971112214,0.018515653908252716,0.05000000074505806,0.18800000846385956,5.4375
2591,723.9586032722145,0.01630338653922081,0.05000000074505806,0.20274999737739563,5.931249618530273
2592,724.1974443690851,0.01850190944969654,0.05000000074505806,0.1772499978542328,5.074999809265137
2593,724.427450989373,0.01723586767911911,0.05000000074505806,0.1850000023841858,5.556250095367432
2594,724.7331914212555,0.02196444384753704,0.05000000074505806,0.19499999284744263,5.83750057220459
2595,725.0576979694888,0.017719289287924767,0.05000000074505806,0.18649999797344208,5.599999904632568
2596,725.2973796417937,0.016150040552020073,0.05000000074505806,0.17424999177455902,5.381249904632568
2597,725.5430389707908,0.0182010680437088,0.05000000074505806,0.19475001096725464,5.706249713897705
2598,725.8862419519573,0.01745198294520378,0.05000000074505806,0.1902499943971634,5.387499809265137
2599,726.1358592696488,0.018661335110664368,0.05000000074505806,0.18850000202655792,5.84375
2600,726.4159820806235,0.016485929489135742,0.05000000074505806,0.18674999475479126,5.59999942779541
2601,726.6369838882238,0.015500458888709545,0.05000000074505806,0.1887500137090683,5.700000286102295
2602,726.8554383460432,0.017845556139945984,0.05000000074505806,0.18300001323223114,5.587500095367432
2603,727.0961119793355,0.016472894698381424,0.05000000074505806,0.18550001084804535,5.493749618530273
2604,727.3422944713384,0.01830100081861019,0.05000000074505806,0.1772499829530716,5.3125
2605,727.5753899402916,0.01621810346841812,0.05000000074505806,0.1772499978542328,5.393749713897705
2606,727.8209644081071,0.017321791499853134,0.05000000074505806,0.1912499964237213,5.593749523162842
2607,728.0643960721791,0.017938772216439247,0.05000000074505806,0.1837499737739563,5.837499618530273
2608,728.3460483551025,0.018604088574647903,0.05000000074505806,0.18649999797344208,5.5
2609,728.614734582603,0.02111564762890339,0.05000000074505806,0.19550001621246338,5.724999904632568
2610,728.8722118679434,0.01805117540061474,0.05000000074505806,0.17249999940395355,5.337500095367432
2611,729.1262379176915,0.019195709377527237,0.05000000074505806,0.19475001096725464,5.493749618530273
2612,729.3640423081815,0.0182424895465374,0.05000000074505806,0.19224999845027924,5.824999809265137
2613,729.5786961168051,0.020891213789582253,0.05000000074505806,0.19099999964237213,5.987499713897705
2614,729.8204421019182,0.0179167278110981,0.05000000074505806,0.19349998235702515,5.837500095367432
2615,730.0406389255077,0.01611662656068802,0.05000000074505806,0.18250000476837158,5.34375
2616,731.5005455939099,0.017919503152370453,0.05000000074505806,0.18150001764297485,5.350000381469727
2617,732.2757921423763,0.019446969032287598,0.05000000074505806,0.19249999523162842,5.699999809265137
2618,732.5206482484937,0.0178262609988451,0.05000000074505806,0.187250018119812,5.656250476837158
2619,732.7436703899875,0.021216828376054764,0.05000000074505806,0.17475000023841858,5.400000095367432
2620,732.9624383309856,0.015599922277033329,0.05000000074505806,0.19475001096725464,5.524999618530273
2621,733.2614337289706,0.02083827182650566,0.05000000074505806,0.18450000882148743,5.624999523162842
2622,733.516072422266,0.015675531700253487,0.05000000074505806,0.17249999940395355,5.462499618530273
2623,733.7839874159545,0.019966140389442444,0.05000000074505806,0.1850000023841858,5.287499904632568
2624,734.0507983257994,0.01924935355782509,0.05000000074505806,0.1862500011920929,5.574999809265137
2625,734.2806480182335,0.017153425142169,0.05000000074505806,0.1822500079870224,5.4375
2626,734.5264813173562,0.019104108214378357,0.05000000074505806,0.1717499941587448,5.3125
2627,734.8022155743092,0.0162566676735878,0.05000000074505806,0.18449999392032623,5.431249618530273
2628,735.0340090934187,0.018170485273003578,0.05000000074505806,0.18450000882148743,5.637499809265137
2629,735.3816700000316,0.01768445409834385,0.05000000074505806,0.17925001680850983,5.349999904632568
2630,735.6063273530453,0.019327355548739433,0.05000000074505806,0.19224999845027924,5.7312493324279785
2631,735.8409449895844,0.017445849254727364,0.05000000074505806,0.17874999344348907,5.462499141693115
2632,736.0585421202704,0.01816985383629799,0.05000000074505806,0.1860000044107437,5.44374942779541
2633,736.2997508887202,0.018469572067260742,0.05000000074505806,0.1889999806880951,5.668750286102295
2634,736.5760194780305,0.01467579323798418,0.05000000074505806,0.1875,5.4375
2635,736.8210774771869,0.019421903416514397,0.05000000074505806,0.18275000154972076,5.687499523162842
2636,737.0680131884292,0.018577031791210175,0.05000000074505806,0.18324999511241913,5.431249618530273
2637,737.3056801576167,0.017090115696191788,0.05000000074505806,0.1850000023841858,5.537499904632568
2638,737.5285960370675,0.016535421833395958,0.05000000074505806,0.19475001096725464,5.793749809265137
2639,737.7511958871037,0.01662706956267357,0.05000000074505806,0.18250000476837158,5.493749618530273
2640,738.0211334479973,0.016206780448555946,0.05000000074505806,0.18675000965595245,5.887499809265137
2641,738.6989493081346,0.01957779750227928,0.05000000074505806,0.19425001740455627,5.612500190734863
2642,738.9407843239605,0.018214160576462746,0.05000000074505806,0.17899999022483826,5.443749904632568
2643,739.191945980303,0.017564043402671814,0.05000000074505806,0.1807500123977661,5.750000476837158
2644,739.487300102599,0.02009524777531624,0.05000000074505806,0.19725000858306885,5.681250095367432
2645,739.721471642144,0.02030949853360653,0.05000000074505806,0.18275000154972076,5.462499618530273
2646,739.9775872053578,0.017665665596723557,0.05000000074505806,0.1927499920129776,5.699999809265137
2647,740.2812616592273,0.01840030401945114,0.05000000074505806,0.1887499839067459,5.843749523162842
2648,740.536662065424,0.022086258977651596,0.05000000074505806,0.18950000405311584,5.581249713897705
2649,740.8010738743469,0.01789822429418564,0.05000000074505806,0.18174999952316284,5.424999713897705
2650,741.0315642021596,0.01985054276883602,0.05000000074505806,0.18599998950958252,5.631249904632568
2651,741.3578418297693,0.017008623108267784,0.05000000074505806,0.19199998676776886,5.649999618530273
2652,742.27997698728,0.017953988164663315,0.05000000074505806,0.1835000067949295,5.600000381469727
2653,742.5252670049667,0.019246941432356834,0.05000000074505806,0.17475000023841858,5.393750190734863
2654,742.7674629660323,0.01766671985387802,0.05000000074505806,0.18599998950958252,5.412499904632568
2655,743.0130991525948,0.019149722531437874,0.05000000074505806,0.17000001668930054,5.174999713897705
2656,743.2570922812447,0.016008006408810616,0.05000000074505806,0.17949998378753662,5.306250095367432
2657,743.520326317288,0.016140736639499664,0.05000000074505806,0.18275000154972076,5.412499904632568
2658,743.7603892013431,0.01921284757554531,0.05000000074505806,0.1797500103712082,5.549999713897705
2659,743.9964655041695,0.016430839896202087,0.05000000074505806,0.19174998998641968,5.549999713897705
2660,744.2599788205698,0.017141878604888916,0.05000000074505806,0.18325001001358032,5.543750286102295
2661,744.4880982292816,0.019491521641612053,0.05000000074505806,0.1770000010728836,5.637499809265137
2662,744.7317585973069,0.017055422067642212,0.05000000074505806,0.1899999976158142,5.399999618530273
2663,745.4868387430906,0.0186210535466671,0.05000000074505806,0.18850000202655792,5.668749809265137
2664,745.7669023415074,0.01736123114824295,0.05000000074505806,0.17474998533725739,5.300000190734863
2665,746.0749109154567,0.01703020930290222,0.05000000074505806,0.1875,5.531250476837158
2666,746.3054854320362,0.01781051605939865,0.05000000074505806,0.18775001168251038,5.56874942779541
2667,746.5302034402266,0.018074439838528633,0.05000000074505806,0.17600002884864807,5.449999809265137
2668,746.7523402227089,0.01932649500668049,0.05000000074505806,0.18649999797344208,5.543749809265137
2669,747.0324697652832,0.018744153901934624,0.05000000074505806,0.18574999272823334,5.4375
2670,747.289905843325,0.02054911106824875,0.05000000074505806,0.18649999797344208,5.612499713897705
2671,747.5239525167271,0.0161270871758461,0.05000000074505806,0.1807500123977661,5.431250095367432
2672,747.7716365372762,0.01734776794910431,0.05000000074505806,0.18275001645088196,5.512500286102295
2673,748.0384961804375,0.01709391176700592,0.05000000074505806,0.17749999463558197,5.487499713897705
2674,748.2865757402033,0.018184499815106392,0.05000000074505806,0.19224999845027924,5.581250190734863
2675,748.5794741343707,0.017870837822556496,0.05000000074505806,0.17925001680850983,5.400000095367432
2676,748.7966694319621,0.01817305199801922,0.05000000074505806,0.1692499965429306,5.237500190734863
2677,749.0432553999126,0.018675167113542557,0.05000000074505806,0.1769999861717224,5.306250095367432
2678,749.2947832401842,0.01915869489312172,0.05000000074505806,0.18275000154972076,5.300000190734863
2679,749.5299261324108,0.016348782926797867,0.05000000074505806,0.1835000067949295,5.8249993324279785
2680,749.7927305335179,0.01831233501434326,0.05000000074505806,0.195499986410141,5.587499618530273
2681,750.0850774906576,0.017018206417560577,0.05000000074505806,0.18900001049041748,5.699999809265137
2682,750.4612148934975,0.017757706344127655,0.05000000074505806,0.1860000044107437,5.71250057220459
2683,750.752235234715,0.020215917378664017,0.05000000074505806,0.18150000274181366,5.649999618530273
2684,751.0508259246126,0.021046722307801247,0.05000000074505806,0.19200000166893005,5.481249809265137
2685,751.2891208250076,0.018825329840183258,0.05000000074505806,0.19099999964237213,6.0
2686,751.5439229970798,0.01808452233672142,0.05000000074505806,0.18275000154972076,5.474999904632568
2687,752.1485767522827,0.020667677745223045,0.05000000074505806,0.18074998259544373,5.387499809265137
2688,752.4003147426993,0.019397804513573647,0.05000000074505806,0.1757500022649765,5.525000095367432
2689,752.666063788347,0.02090594358742237,0.05000000074505806,0.18449999392032623,5.368749618530273
2690,752.8920233510435,0.017996879294514656,0.05000000074505806,0.17649999260902405,5.287499904632568
2691,753.1557572549209,0.019398095086216927,0.05000000074505806,0.1875,5.887499809265137
2692,753.4200929002836,0.0178243238478899,0.05000000074505806,0.18850001692771912,5.699999809265137
2693,754.2854724433273,0.021211940795183182,0.05000000074505806,0.18450000882148743,5.368750095367432
2694,754.5388284521177,0.01632343977689743,0.05000000074505806,0.1875,5.837499618530273
2695,754.7719892039895,0.017603851854801178,0.05000000074505806,0.19300001859664917,5.693749904632568
2696,755.1542544402182,0.01570231094956398,0.05000000074505806,0.1902499943971634,5.65625
2697,755.3987615341321,0.017382053658366203,0.05000000074505806,0.18174999952316284,5.474999904632568
2698,755.6972948666662,0.017470726743340492,0.05000000074505806,0.19724997878074646,5.8312506675720215
2699,755.9257311075926,0.019392821937799454,0.05000000074505806,0.18400000035762787,5.506249904632568
2700,756.1504853731021,0.017775898799300194,0.05000000074505806,0.18275000154972076,5.324999809265137
2701,756.3937654495239,0.018758084625005722,0.05000000074505806,0.17099998891353607,5.399999618530273
2702,756.6343276025727,0.017299378290772438,0.05000000074505806,0.18125000596046448,5.3125
2703,756.8518443303183,0.019476329907774925,0.05000000074505806,0.1837500035762787,5.3125
2704,757.1749864900485,0.018185975030064583,0.05000000074505806,0.19049999117851257,5.71875
2705,757.4225075114518,0.01853262260556221,0.05000000074505806,0.179500013589859,5.46875
2706,757.6844323929399,0.016807876527309418,0.05000000074505806,0.1965000182390213,5.849999904632568
2707,757.9261447172612,0.018251094967126846,0.05000000074505806,0.1782500147819519,5.643749713897705
2708,758.4200039450079,0.016474779695272446,0.05000000074505806,0.19449998438358307,5.662499904632568
2709,758.6909231273457,0.015463054180145264,0.05000000074505806,0.18474999070167542,5.775000095367432
2710,758.93461116869,0.018891843035817146,0.05000000074505806,0.18300001323223114,5.4375
2711,759.1815584916621,0.015109296888113022,0.05000000074505806,0.17249999940395355,5.181249618530273
2712,759.4212126899511,0.019249824807047844,0.05000000074505806,0.17649999260902405,5.34999942779541
2713,759.6671283366159,0.01959720253944397,0.05000000074505806,0.1822500079870224,5.531249523162842
2714,759.964627366513,0.017299015074968338,0.05000000074505806,0.1807500123977661,5.281249523162842
2715,760.7765266774222,0.018953708931803703,0.05000000074505806,0.1860000044107437,5.899999618530273
2716,761.2498719850555,0.017268167808651924,0.05000000074505806,0.1980000138282776,5.818749904632568
2717,761.6549553815275,0.018865235149860382,0.05000000074505806,0.1757500022649765,5.224999904632568
2718,762.311349128373,0.018671175464987755,0.05000000074505806,0.17399999499320984,5.324999809265137
2719,762.5633744224906,0.017530713230371475,0.05000000074505806,0.1837500035762787,5.449999809265137
2720,762.7837118320167,0.015988018363714218,0.05000000074505806,0.17350000143051147,5.168749809265137
2721,763.0715964753181,0.016510026529431343,0.05000000074505806,0.17775002121925354,5.775000095367432
2722,763.3320445967838,0.020359154790639877,0.05000000074505806,0.17399999499320984,5.125
2723,763.5809184331447,0.018070217221975327,0.05000000074505806,0.19300001859664917,5.606249809265137
2724,763.8196519166231,0.01620785892009735,0.05000000074505806,0.2017499953508377,6.124999523162842
2725,764.0584580665454,0.018251651898026466,0.05000000074505806,0.1875,5.693749904632568
2726,764.3248790577054,0.018977299332618713,0.05000000074505806,0.18975001573562622,5.71875
2727,764.5430379537866,0.017120830714702606,0.05000000074505806,0.18275001645088196,5.449999809265137
2728,764.7882310291752,0.017985405400395393,0.05000000074505806,0.1837500035762787,5.75
2729,765.0872732261196,0.016463296487927437,0.05000000074505806,0.17999997735023499,5.1875
2730,765.3549960562959,0.01956215873360634,0.05000000074505806,0.18000000715255737,5.600000381469727
2731,765.6312365625054,0.020322328433394432,0.05000000074505806,0.19574998319149017,5.681250095367432
2732,765.8875838052481,0.017180105671286583,0.05000000074505806,0.18024998903274536,5.418749809265137
2733,766.1711928481236,0.018138932064175606,0.05000000074505806,0.18325001001358032,5.462500095367432
2734,766.4124845843762,0.01811656355857849,0.05000000074505806,0.18025001883506775,5.468749523162842
2735,766.7113319812343,0.016276121139526367,0.05000000074505806,0.18400000035762787,5.487500190734863
2736,766.9324348224327,0.017791004851460457,0.05000000074505806,0.16849999129772186,5.137500286102295
2737,767.1728388229385,0.020436789840459824,0.05000000074505806,0.1862500011920929,5.5
2738,767.4663565913215,0.01859455183148384,0.05000000074505806,0.18949998915195465,5.537500381469727
2739,767.7129314076155,0.019721023738384247,0.05000000074505806,0.18325001001358032,5.650000095367432
2740,767.9561344785616,0.017409082502126694,0.05000000074505806,0.1887500137090683,5.599999904632568
2741,768.3938843179494,0.017711728811264038,0.05000000074505806,0.1912499964237213,5.656249523162842
2742,768.6386266984046,0.017337681725621223,0.05000000074505806,0.18325001001358032,5.649999618530273
2743,768.8764577088878,0.016800563782453537,0.05000000074505806,0.17899999022483826,5.481249809265137
2744,769.1080207806081,0.017437715083360672,0.05000000074505806,0.1784999966621399,5.212499618530273
2745,769.4251165827736,0.016637329012155533,0.05000000074505806,0.17899999022483826,5.637499809265137
2746,769.6532305320725,0.016520172357559204,0.05000000074505806,0.1952500194311142,5.643749713897705
2747,769.9073644867167,0.01966894418001175,0.05000000074505806,0.17599999904632568,5.293749809265137
2748,770.1408694218844,0.019126391038298607,0.05000000074505806,0.16824999451637268,5.137499809265137
2749,770.4467199230567,0.018742194399237633,0.05000000074505806,0.1850000023841858,5.4375
2750,770.780964772217,0.018009629100561142,0.05000000074505806,0.1889999955892563,5.550000190734863
2751,771.0480052782223,0.017290445044636726,0.05000000074505806,0.1887499988079071,5.749999523162842
2752,771.2838069805875,0.017356624826788902,0.05000000074505806,0.20525000989437103,5.912499904632568
2753,771.6593549335375,0.017736900597810745,0.05000000074505806,0.1770000010728836,5.487499713897705
2754,771.9084041034803,0.016983699053525925,0.05000000074505806,0.18325001001358032,5.462499618530273
2755,772.1352773290128,0.015822770074009895,0.05000000074505806,0.1822500079870224,5.618750095367432
2756,772.3740458395332,0.01864771358668804,0.05000000074505806,0.18050001561641693,5.300000190734863
2757,772.6180693563074,0.015415983274579048,0.05000000074505806,0.17725002765655518,5.224999904632568
2758,772.9604251505807,0.015246769413352013,0.05000000074505806,0.19050000607967377,5.506249904632568
2759,773.5270182611421,0.017915844917297363,0.05000000074505806,0.1807500123977661,5.59375
2760,773.8317830935121,0.016016103327274323,0.05000000074505806,0.1927500218153,5.962500095367432
2761,774.0760775338858,0.01725655049085617,0.05000000074505806,0.19025000929832458,5.806249618530273
2762,774.3175206473097,0.018642636016011238,0.05000000074505806,0.18675000965595245,5.456250190734863
2763,774.5443620020524,0.015977289527654648,0.05000000074505806,0.16950000822544098,5.137500286102295
2764,774.7658493323252,0.017337335273623466,0.05000000074505806,0.1797500103712082,5.34999942779541
2765,775.6050193514675,0.015384357422590256,0.05000000074505806,0.18925000727176666,5.543749809265137
2766,775.8788857534528,0.0182449072599411,0.05000000074505806,0.18425001204013824,5.837500095367432
2767,776.122198828496,0.021899862214922905,0.05000000074505806,0.18674999475479126,5.46875
2768,776.34762277361,0.014852345921099186,0.05000000074505806,0.18650001287460327,5.549999713897705
2769,776.5638188794255,0.0178283229470253,0.05000000074505806,0.17925001680850983,5.575000286102295
2770,776.9527409030125,0.01937326416373253,0.05000000074505806,0.1937500238418579,5.643750190734863
2771,777.1742812208831,0.018340719863772392,0.05000000074505806,0.18150000274181366,5.431249618530273
2772,777.4126721816137,0.01668795943260193,0.05000000074505806,0.18199998140335083,5.700000286102295
2773,777.775974733755,0.016269534826278687,0.05000000074505806,0.18674999475479126,5.443749904632568
2774,778.0511734168977,0.018617112189531326,0.05000000074505806,0.18700000643730164,5.59999942779541
2775,778.9675684906542,0.015610339120030403,0.05000000074505806,0.1810000091791153,5.699999809265137
2776,779.2115475861356,0.020690159872174263,0.05000000074505806,0.18250000476837158,5.443749904632568
2777,779.4684701040387,0.017304256558418274,0.05000000074505806,0.18674999475479126,5.462499618530273
2778,779.7368297893554,0.016116144135594368,0.05000000074505806,0.19224998354911804,6.0
2779,780.0556194419041,0.01673365756869316,0.05000000074505806,0.1835000067949295,5.568749904632568
2780,780.2885664440691,0.020827841013669968,0.05000000074505806,0.18200001120567322,5.375
2781,780.6002713413909,0.018515216186642647,0.05000000074505806,0.18125000596046448,5.699999809265137
2782,780.9776005782187,0.01721513271331787,0.05000000074505806,0.20400001108646393,5.831250190734863
2783,781.2223986964673,0.017998885363340378,0.05000000074505806,0.2019999921321869,5.999999523162842
2784,781.7865355741233,0.01851729489862919,0.05000000074505806,0.17624999582767487,5.162500381469727
2785,782.027288091369,0.01892760396003723,0.05000000074505806,0.20250000059604645,5.8125
2786,782.2756104376167,0.016926825046539307,0.05000000074505806,0.19299998879432678,5.899999618530273
2787,782.5603016046807,0.017845168709754944,0.05000000074505806,0.1769999861717224,5.512500286102295
2788,782.903726875782,0.015780892223119736,0.05000000074505806,0.18675002455711365,5.450000286102295
2789,783.1958379074931,0.018721625208854675,0.05000000074505806,0.17475000023841858,5.256250381469727
2790,783.8242244860157,0.017578016966581345,0.05000000074505806,0.17775002121925354,5.425000190734863
2791,784.0587508305907,0.01779899001121521,0.05000000074505806,0.1875,5.418749809265137
2792,784.3141506128013,0.018779050558805466,0.05000000074505806,0.18375001847743988,5.59375
2793,784.5497306324542,0.016507184132933617,0.05000000074505806,0.18700000643730164,5.650000095367432
2794,784.7930021202192,0.018898893147706985,0.05000000074505806,0.19249999523162842,5.8125
2795,785.0942217251286,0.01960728131234646,0.05000000074505806,0.2004999965429306,5.862500190734863
2796,785.3510218299925,0.01984298788011074,0.05000000074505806,0.1602499932050705,5.050000190734863
2797,785.591646165587,0.01789068803191185,0.05000000074505806,0.18424999713897705,5.181250095367432
2798,785.8362607387826,0.019138898700475693,0.05000000074505806,0.1875,5.59375
2799,786.0748168546706,0.014517335221171379,0.05000000074505806,0.18175001442432404,5.662500381469727
2800,786.3388917297125,0.016665391623973846,0.05000000074505806,0.19850000739097595,5.78125
2801,786.5911265062168,0.01993064023554325,0.05000000074505806,0.17674998939037323,5.312499523162842
2802,786.8532293559983,0.018192626535892487,0.05000000074505806,0.1797500103712082,5.650000095367432
2803,787.0831631291658,0.01800544746220112,0.05000000074505806,0.18575000762939453,5.46875
2804,787.3200011122972,0.01651940308511257,0.05000000074505806,0.1862500011920929,5.5
2805,787.5556365558878,0.01645631156861782,0.05000000074505806,0.1807500123977661,5.825000286102295
2806,787.797384839505,0.01770096644759178,0.05000000074505806,0.19950000941753387,5.568749904632568
2807,788.0434433985502,0.018403921276330948,0.05000000074505806,0.19475002586841583,5.893749713897705
2808,788.2840088205412,0.016869498416781425,0.05000000074505806,0.17599999904632568,5.249999523162842
2809,788.607086809352,0.01767391711473465,0.05000000074505806,0.18950003385543823,5.631249904632568
2810,788.8839499680325,0.019300131127238274,0.05000000074505806,0.20025001466274261,5.887499809265137
2811,789.1915125381202,0.018509605899453163,0.05000000074505806,0.19725000858306885,6.062499523162842
2812,789.4171123830602,0.0182187482714653,0.05000000074505806,0.19174998998641968,5.881249904632568
2813,789.7235832251608,0.01786133460700512,0.05000000074505806,0.17725002765655518,5.243750095367432
2814,789.9764658389613,0.01874930039048195,0.05000000074505806,0.18024998903274536,5.299999713897705
2815,790.2206945708022,0.019825657829642296,0.05000000074505806,0.1927499920129776,5.637499809265137
2816,790.4750434020534,0.01692194491624832,0.05000000074505806,0.17399999499320984,5.387499809265137
2817,790.7417722856626,0.017396295443177223,0.05000000074505806,0.18324999511241913,6.0
2818,791.0736228926107,0.017666583880782127,0.05000000074505806,0.1782500147819519,5.28125
2819,791.3673446141183,0.018028544262051582,0.05000000074505806,0.17799998819828033,5.206249713897705
2820,791.5978860594332,0.01348552480340004,0.05000000074505806,0.18700000643730164,5.59999942779541
2821,791.9606071412563,0.016902945935726166,0.05000000074505806,0.16600000858306885,5.28125
2822,792.2063274690881,0.01698460429906845,0.05000000074505806,0.19174998998641968,5.537499904632568
2823,792.4720043987036,0.01569773070514202,0.05000000074505806,0.18150000274181366,5.699999809265137
2824,792.6937304940075,0.021476900205016136,0.05000000074505806,0.18500001728534698,5.518749713897705
2825,792.9277548277751,0.021195484325289726,0.05000000074505806,0.18775001168251038,5.487500190734863
2826,793.1688588606194,0.016370616853237152,0.05000000074505806,0.19200000166893005,6.174999713897705
2827,793.416737627238,0.019229957833886147,0.05000000074505806,0.17800001800060272,5.38124942779541
2828,793.7425241163,0.014814678579568863,0.05000000074505806,0.1770000010728836,5.206249713897705
2829,794.0023298151791,0.018337860703468323,0.05000000074505806,0.18424999713897705,5.737500190734863
2830,794.2491361992434,0.016096478328108788,0.05000000074505806,0.19949999451637268,5.72499942779541
2831,794.52947958,0.01782257854938507,0.05000000074505806,0.17874999344348907,5.46875
2832,794.767239799723,0.020329782739281654,0.05000000074505806,0.17750002443790436,5.400000095367432
2833,795.3729801625013,0.01724592223763466,0.05000000074505806,0.1772499978542328,5.268750190734863
2834,795.6145889824256,0.017012959346175194,0.05000000074505806,0.18049998581409454,5.412499904632568
2835,795.8685826091096,0.017802920192480087,0.05000000074505806,0.18025001883506775,5.524999618530273
2836,796.1245782002807,0.015698421746492386,0.05000000074505806,0.19550001621246338,5.631249904632568
2837,796.4037425387651,0.019126567989587784,0.05000000074505806,0.18400001525878906,5.59999942779541
2838,796.6162967626005,0.019585764035582542,0.05000000074505806,0.18299999833106995,5.562499523162842
2839,796.8569737765938,0.019125889986753464,0.05000000074505806,0.1862500011920929,5.637500286102295
2840,797.1081414828077,0.019138917326927185,0.05000000074505806,0.18950000405311584,5.549999713897705
2841,797.3240490769967,0.016695665195584297,0.05000000074505806,0.1914999932050705,5.875
2842,797.5595454089344,0.01824689842760563,0.05000000074505806,0.19450001418590546,5.706249713897705
2843,797.8024747790769,0.01597738265991211,0.05000000074505806,0.1875,5.693749904632568
2844,798.0406471891329,0.01783720776438713,0.05000000074505806,0.17425000667572021,5.174999713897705
2845,798.3713282905519,0.017642436549067497,0.05000000074505806,0.17249999940395355,5.349999904632568
2846,798.7351372530684,0.020957481116056442,0.05000000074505806,0.19750000536441803,5.668749809265137
2847,798.9775659255683,0.020752940326929092,0.05000000074505806,0.1887499988079071,5.412499904632568
2848,799.2008787496015,0.017257461324334145,0.05000000074505806,0.17475000023841858,5.618750095367432
2849,799.4253722773865,0.015325328335165977,0.05000000074505806,0.1875,5.449999809265137
2850,799.709319204092,0.017604852095246315,0.05000000074505806,0.18825000524520874,5.662500381469727
2851,800.0109052332118,0.016911238431930542,0.05000000074505806,0.1902499943971634,5.743750095367432
2852,800.7929281229153,0.01987353153526783,0.05000000074505806,0.18649999797344208,5.549999713897705
2853,801.0559870041907,0.017528194934129715,0.05000000074505806,0.17875002324581146,5.549999713897705
2854,801.2873931461945,0.01840960420668125,0.05000000074505806,0.19099998474121094,5.624999523162842
2855,801.557344192639,0.016394909471273422,0.05000000074505806,0.1875,5.53125
2856,802.0019849985838,0.01689058169722557,0.05000000074505806,0.17650002241134644,5.637499809265137
2857,802.2971566170454,0.017709746956825256,0.05000000074505806,0.18674999475479126,5.412500381469727
2858,802.5318625709042,0.01743350550532341,0.05000000074505806,0.18174999952316284,5.393750190734863
2859,802.8105335831642,0.018628794699907303,0.05000000074505806,0.17624999582767487,5.462499618530273
2860,803.0558570791036,0.017515599727630615,0.05000000074505806,0.19099999964237213,5.649999618530273
2861,803.2876197881997,0.01571272499859333,0.05000000074505806,0.1772499978542328,5.231249809265137
2862,803.5889195948839,0.016551967710256577,0.05000000074505806,0.17800001800060272,5.774999618530273
2863,804.0361733296886,0.014720859937369823,0.05000000074505806,0.1965000033378601,5.481249809265137
2864,804.2730070538819,0.018143095076084137,0.05000000074505806,0.19099999964237213,5.768750190734863
2865,804.5019389903173,0.019271181896328926,0.05000000074505806,0.17125000059604645,5.200000286102295
2866,804.7562544485554,0.014381228014826775,0.05000000074505806,0.20499999821186066,5.918749809265137
2867,804.9870086777955,0.01906197890639305,0.05000000074505806,0.18150000274181366,5.424999713897705
2868,805.2518068319187,0.01632985658943653,0.05000000074505806,0.18400000035762787,5.8125
2869,805.5240207444876,0.016191743314266205,0.05000000074505806,0.18775001168251038,5.393750190734863
2870,805.764519921504,0.017652690410614014,0.05000000074505806,0.1837500035762787,5.587499618530273
2871,806.007676041685,0.020308896899223328,0.05000000074505806,0.18274997174739838,5.474999904632568
2872,806.2493248265237,0.014931514859199524,0.05000000074505806,0.187749981880188,5.712499618530273
2873,806.4773827875033,0.016304701566696167,0.05000000074505806,0.17925001680850983,5.293749809265137
2874,806.7134631238878,0.016179325059056282,0.05000000074505806,0.18525001406669617,5.424999713897705
2875,806.9704275717959,0.017993202432990074,0.05000000074505806,0.1822500079870224,5.65625
2876,807.1887414446101,0.01837444305419922,0.05000000074505806,0.18949998915195465,5.556249618530273
2877,807.4308713106439,0.019446246325969696,0.05000000074505806,0.18674999475479126,6.09999942779541
2878,807.6805515782908,0.01767958141863346,0.05000000074505806,0.18424999713897705,5.4375
2879,807.9418629882857,0.01639687828719616,0.05000000074505806,0.19625000655651093,5.693749904632568
2880,808.2304402673617,0.01673155091702938,0.05000000074505806,0.19224999845027924,5.9375
2881,808.535013965331,0.01957772672176361,0.05000000074505806,0.18400000035762787,5.600000381469727
2882,808.7944191442803,0.017068756744265556,0.05000000074505806,0.1942499876022339,5.693749904632568
2883,809.0351170087233,0.016877971589565277,0.05000000074505806,0.17924998700618744,5.4375
2884,809.269366947934,0.016827112063765526,0.05000000074505806,0.1720000058412552,5.3249993324279785
2885,809.5115035772324,0.019977089017629623,0.05000000074505806,0.19224998354911804,5.543749809265137
2886,809.7801295323297,0.015907131135463715,0.05000000074505806,0.16425001621246338,5.0625
2887,810.0262962952256,0.014629841782152653,0.05000000074505806,0.1835000067949295,5.40625
2888,810.2988254241645,0.016691485419869423,0.05000000074505806,0.19324998557567596,5.587499618530273
2889,810.5244424417615,0.017554188147187233,0.05000000074505806,0.19049999117851257,5.849999904632568
2890,810.7518578963354,0.01657547801733017,0.05000000074505806,0.1850000023841858,5.531249523162842
2891,810.9969099573791,0.01745278760790825,0.05000000074505806,0.19075000286102295,5.700000286102295
2892,811.3006394365802,0.015113817527890205,0.05000000074505806,0.18425001204013824,5.900000095367432
2893,811.5461350884289,0.01788637973368168,0.05000000074505806,0.2005000114440918,5.762499809265137
2894,811.9096488626674,0.015209740027785301,0.05000000074505806,0.1899999976158142,5.65625
2895,812.1474896539003,0.018178733065724373,0.05000000074505806,0.18450000882148743,5.587500095367432
2896,812.4238278185949,0.016511220484972,0.05000000074505806,0.1835000067949295,5.637499809265137
2897,812.7940220450982,0.01783650740981102,0.05000000074505806,0.19750000536441803,5.706249713897705
2898,813.0394414924085,0.014883613213896751,0.05000000074505806,0.19049999117851257,5.937499523162842
2899,813.2926503652707,0.01950988546013832,0.05000000074505806,0.1875,5.72499942779541
2900,813.6199282305315,0.016079330816864967,0.05000000074505806,0.1942499876022339,5.612499713897705
2901,813.8601649999619,0.01660737209022045,0.05000000074505806,0.19724997878074646,6.212499618530273
2902,814.1193095361814,0.015175795182585716,0.05000000074505806,0.18074998259544373,5.387499809265137
2903,814.4605711679906,0.017193417996168137,0.05000000074505806,0.1810000091791153,5.481249809265137
2904,814.7915739193559,0.01663045398890972,0.05000000074505806,0.18700000643730164,5.75
2905,815.2544402480125,0.018469814211130142,0.05000000074505806,0.17874999344348907,5.375
2906,816.1203573122621,0.01720217615365982,0.05000000074505806,0.19475002586841583,5.762499809265137
2907,816.3532833056524,0.017050977796316147,0.05000000074505806,0.18150001764297485,5.812499523162842
2908,816.5899333599955,0.015527471899986267,0.05000000074505806,0.1862499862909317,5.431249618530273
2909,816.8358223075047,0.015983477234840393,0.05000000074505806,0.19049999117851257,5.618749618530273
2910,817.0956192295998,0.017968617379665375,0.05000000074505806,0.171999990940094,5.25
2911,817.3370801983401,0.017872115597128868,0.05000000074505806,0.19175000488758087,5.468749523162842
2912,817.5822023423389,0.017605390399694443,0.05000000074505806,0.19374999403953552,5.84375
2913,817.8228127704933,0.01876116171479225,0.05000000074505806,0.18125000596046448,5.662499904632568
2914,818.0423841662705,0.017534663900732994,0.05000000074505806,0.19550001621246338,5.631249904632568
2915,818.2760642059147,0.018695730715990067,0.05000000074505806,0.1887499988079071,5.675000190734863
2916,818.5465372102335,0.01349819079041481,0.05000000074505806,0.1889999955892563,5.712499618530273
2917,818.7924930229783,0.018009163439273834,0.05000000074505806,0.18849998712539673,5.843750476837158
2918,819.0789198186249,0.017191387712955475,0.05000000074505806,0.20000000298023224,5.737500190734863
2919,819.2957964297384,0.015727587044239044,0.05000000074505806,0.179500013589859,5.525000095367432
2920,819.5168805504218,0.01988384500145912,0.05000000074505806,0.18125000596046448,5.393750190734863
2921,819.7359279235825,0.020069357007741928,0.05000000074505806,0.18700000643730164,5.537500381469727
2922,819.9635041821748,0.016885926946997643,0.05000000074505806,0.1717499941587448,5.087500095367432
2923,820.2121283393353,0.020155182108283043,0.05000000074505806,0.1875,5.587500095367432
2924,820.4629058567807,0.017463773488998413,0.05000000074505806,0.1862500011920929,5.506250381469727
2925,820.7154874615371,0.016847560182213783,0.05000000074505806,0.1680000126361847,4.787499904632568
2926,820.9519513947889,0.01754898391664028,0.05000000074505806,0.17900002002716064,5.487500190734863
2927,821.1704450380057,0.01882564090192318,0.05000000074505806,0.19550001621246338,5.681250095367432
2928,821.4405908025801,0.017652075737714767,0.05000000074505806,0.18649999797344208,5.725000858306885
2929,821.6870927102864,0.016315525397658348,0.05000000074505806,0.18450000882148743,5.587500095367432
2930,822.1301227351651,0.018412761390209198,0.05000000074505806,0.19175000488758087,5.618749618530273
2931,822.4785666419193,0.01662306673824787,0.05000000074505806,0.18000000715255737,5.4375
2932,822.7143690837547,0.0177955012768507,0.05000000074505806,0.18524999916553497,5.575000286102295
2933,822.9697717214003,0.015414959751069546,0.05000000074505806,0.19299998879432678,5.662499904632568
2934,823.2340324269608,0.01721469685435295,0.05000000074505806,0.19200000166893005,6.150000095367432
2935,823.4705419475213,0.016165152192115784,0.05000000074505806,0.1782500147819519,5.368750095367432
2936,823.7244714554399,0.016635112464427948,0.05000000074505806,0.17225000262260437,5.118750095367432
2937,824.4918888406828,0.016988584771752357,0.05000000074505806,0.18450000882148743,5.587500095367432
2938,824.7727080117911,0.018956929445266724,0.05000000074505806,0.1862500011920929,5.649999618530273
2939,825.017994787544,0.015614284202456474,0.05000000074505806,0.1875000149011612,5.512499809265137
2940,825.4450310058892,0.014333851635456085,0.05000000074505806,0.17675000429153442,5.46250057220459
2941,825.6948960954323,0.01794278807938099,0.05000000074505806,0.18799999356269836,5.556250095367432
2942,826.0501101370901,0.016227882355451584,0.05000000074505806,0.18549999594688416,5.468749523162842
2943,826.3472727369517,0.016430139541625977,0.05000000074505806,0.17274999618530273,5.349999904632568
2944,826.6295839557424,0.017730869352817535,0.05000000074505806,0.1850000023841858,5.387499809265137
2945,826.8693876657635,0.018103141337633133,0.05000000074505806,0.19050000607967377,5.643749713897705
2946,827.1272544404492,0.016667671501636505,0.05000000074505806,0.1850000023841858,5.299999713897705
2947,827.4730813512579,0.0168857853859663,0.05000000074505806,0.17899999022483826,5.599999904632568
2948,827.764816340059,0.018287094309926033,0.05000000074505806,0.18950000405311584,5.587499618530273
2949,828.0100445663556,0.017707543447613716,0.05000000074505806,0.18950000405311584,5.700000762939453
2950,828.2492323881015,0.01815902069211006,0.05000000074505806,0.19325000047683716,5.874999523162842
2951,828.4820988886058,0.018504202365875244,0.05000000074505806,0.18150001764297485,5.381250381469727
2952,828.8128376491368,0.017290936782956123,0.05000000074505806,0.1757500022649765,5.0
2953,829.0350164640695,0.01789846457540989,0.05000000074505806,0.17499999701976776,5.59375
2954,829.2912844112143,0.019604893401265144,0.05000000074505806,0.19224999845027924,5.481250286102295
2955,829.6033710502088,0.018350139260292053,0.05000000074505806,0.18024998903274536,5.47499942779541
2956,829.8455812688917,0.019489306956529617,0.05000000074505806,0.1862500011920929,5.606249809265137
2957,830.1062733056024,0.01830579712986946,0.05000000074505806,0.18575000762939453,5.462500095367432
2958,830.3497926732525,0.01944887638092041,0.05000000074505806,0.1862500011920929,5.574999809265137
2959,830.6150885010138,0.018670704215765,0.05000000074505806,0.1837500035762787,5.731249809265137
2960,830.8421059306711,0.015736984089016914,0.05000000074505806,0.18699999153614044,5.406249523162842
2961,831.0749941011891,0.01788223721086979,0.05000000074505806,0.1847500056028366,5.624999523162842
2962,831.3092191144824,0.020350120961666107,0.05000000074505806,0.18074998259544373,5.474999904632568
2963,831.5896249134094,0.017914731055498123,0.05000000074505806,0.1939999908208847,5.699999809265137
2964,831.8053761636838,0.018936317414045334,0.05000000074505806,0.15850000083446503,5.025000095367432
2965,832.5859787324443,0.020131079480051994,0.05000000074505806,0.18799999356269836,5.40625
2966,832.8325720829889,0.018395738676190376,0.05000000074505806,0.19825001060962677,5.700000286102295
2967,833.116095979698,0.01765332743525505,0.05000000074505806,0.18150001764297485,5.412499904632568
2968,833.3453483320773,0.017229320481419563,0.05000000074505806,0.1767500340938568,5.331249713897705
2969,833.6083936560899,0.02091442048549652,0.05000000074505806,0.18449999392032623,5.53125
2970,834.9123740969226,0.0195576511323452,0.05000000074505806,0.19300001859664917,5.687500476837158
2971,835.1767714135349,0.01700357161462307,0.05000000074505806,0.18125000596046448,5.731250286102295
2972,835.4276395123452,0.015285844914615154,0.05000000074505806,0.18850000202655792,5.493749618530273
2973,835.6740805339068,0.016279075294733047,0.05000000074505806,0.1822500079870224,5.762499809265137
2974,835.9065832039341,0.01798858493566513,0.05000000074505806,0.1939999908208847,5.568749904632568
2975,836.1289081955329,0.015502382069826126,0.05000000074505806,0.19325000047683716,5.787500381469727
2976,836.4962971489877,0.017395513132214546,0.05000000074505806,0.18299999833106995,5.537499904632568
2977,836.754725297913,0.019195806235074997,0.05000000074505806,0.19975000619888306,5.825000286102295
2978,836.9743929859251,0.016929078847169876,0.05000000074505806,0.19349998235702515,5.8125
2979,837.2033544387668,0.01611465774476528,0.05000000074505806,0.1862500011920929,5.549999713897705
2980,837.4188191760331,0.014214348047971725,0.05000000074505806,0.17424999177455902,5.450000286102295
2981,837.6719770114869,0.020604144781827927,0.05000000074505806,0.1967499852180481,5.706250190734863
2982,837.9648076044396,0.016889633610844612,0.05000000074505806,0.19025000929832458,5.999999523162842
2983,838.2272113952786,0.020054379478096962,0.05000000074505806,0.1965000033378601,5.868750095367432
2984,838.4843428973109,0.017979776486754417,0.05000000074505806,0.18674997985363007,5.468749523162842
2985,838.7081830687821,0.01733516715466976,0.05000000074505806,0.19749997556209564,5.962499618530273
2986,838.9612345434725,0.018347425386309624,0.05000000074505806,0.1860000044107437,5.75
2987,839.2047204375267,0.017254529520869255,0.05000000074505806,0.17499999701976776,5.231249809265137
2988,839.4197281980887,0.016361897811293602,0.05000000074505806,0.17824998497962952,5.362500190734863
2989,839.6591439628974,0.017628954723477364,0.05000000074505806,0.1875,5.587499618530273
2990,839.9051645705476,0.01624458283185959,0.05000000074505806,0.20749998092651367,6.0625
2991,840.133857704699,0.020594008266925812,0.05000000074505806,0.17549999058246613,5.375
2992,840.3618098143488,0.02102450467646122,0.05000000074505806,0.1810000091791153,5.31874942779541
2993,840.6058579050004,0.01937047764658928,0.05000000074505806,0.19499999284744263,5.78125
2994,840.8552937861532,0.01634979248046875,0.05000000074505806,0.1862500160932541,5.762500286102295
2995,841.0989630427212,0.01729152724146843,0.05000000074505806,0.1912499964237213,5.631250381469727
2996,841.3556572180241,0.01473522000014782,0.05000000074505806,0.19599997997283936,5.8249993324279785
2997,841.60424847994,0.017676260322332382,0.05000000074505806,0.17475000023841858,5.675000190734863
2998,841.8220345946029,0.015285016037523746,0.05000000074505806,0.1900000125169754,5.456250190734863
2999,842.0638675857335,0.015665337443351746,0.05000000074505806,0.18275000154972076,5.393749713897705
3000,842.4821919435635,0.020756525918841362,0.05000000074505806,0.1912499964237213,5.824999809265137
3001,842.7153009343892,0.017087936401367188,0.05000000074505806,0.19325000047683716,5.88124942779541
3002,842.9910174096003,0.0164334774017334,0.05000000074505806,0.1889999955892563,5.543750286102295
3003,843.2468891795725,0.017636505886912346,0.05000000074505806,0.18674999475479126,5.71250057220459
3004,843.4981512650847,0.016253948211669922,0.05000000074505806,0.18300001323223114,5.543749809265137
3005,843.7142292773351,0.019196152687072754,0.05000000074505806,0.1810000091791153,5.368750095367432
3006,843.9959937985986,0.015917249023914337,0.05000000074505806,0.18250000476837158,5.512499809265137
3007,844.27471963875,0.020061150193214417,0.05000000074505806,0.1899999976158142,5.6875
3008,844.569831459783,0.01753346621990204,0.05000000074505806,0.18200001120567322,5.418750286102295
3009,844.7929234243929,0.01950640045106411,0.05000000074505806,0.17000000178813934,5.125
3010,845.0134023139253,0.015562700107693672,0.05000000074505806,0.18325002491474152,5.462500095367432
3011,845.2305064480752,0.015386547893285751,0.05000000074505806,0.1925000250339508,5.618750095367432
3012,845.4461124558002,0.016819488257169724,0.05000000074505806,0.1837500035762787,5.762500286102295
3013,845.6704664081335,0.016329916194081306,0.05000000074505806,0.1810000091791153,5.343749523162842
3014,845.9198489477858,0.01725689135491848,0.05000000074505806,0.1942499876022339,5.75
3015,846.1629595775157,0.01822688989341259,0.05000000074505806,0.1782500147819519,5.250000476837158
3016,846.4018122497946,0.017329877242445946,0.05000000074505806,0.1915000081062317,5.768749713897705
3017,846.6210608715191,0.017387785017490387,0.05000000074505806,0.18250000476837158,5.412499904632568
3018,846.8361471351236,0.016820013523101807,0.05000000074505806,0.18549999594688416,5.800000190734863
3019,847.0542027195916,0.016788288950920105,0.05000000074505806,0.1942499876022339,5.843749523162842
3020,847.2725098989904,0.016214195638895035,0.05000000074505806,0.1667499989271164,4.918749809265137
3021,847.4887496661395,0.017760014161467552,0.05000000074505806,0.1912500262260437,5.987499713897705
3022,847.7067850725725,0.020344212651252747,0.05000000074505806,0.18299999833106995,5.574999809265137
3023,847.926044694148,0.016545966267585754,0.05000000074505806,0.17774999141693115,5.231249809265137
3024,848.1479838080704,0.019369134679436684,0.05000000074505806,0.16899999976158142,5.237499713897705
3025,848.4083286235109,0.01727268658578396,0.05000000074505806,0.18024998903274536,5.3125
3026,848.7217425592244,0.01774037443101406,0.05000000074505806,0.20074999332427979,5.818750381469727
3027,848.9907966665924,0.01571507379412651,0.05000000074505806,0.179500013589859,5.662499904632568
3028,849.2894485266879,0.0174073725938797,0.05000000074505806,0.19950000941753387,5.5625
3029,849.520431695506,0.017247488722205162,0.05000000074505806,0.1862500011920929,5.737500190734863
3030,849.7550502931699,0.013513787649571896,0.05000000074505806,0.1875,5.650000095367432
3031,849.9920868687332,0.01812606304883957,0.05000000074505806,0.1887499988079071,5.799999713897705
3032,851.0528290821239,0.016783088445663452,0.05000000074505806,0.18974998593330383,5.524999618530273
3033,851.2987187011167,0.015329241752624512,0.05000000074505806,0.18174999952316284,5.487499713897705
3034,851.5282525178045,0.017761629074811935,0.05000000074505806,0.1887499988079071,5.71875
3035,851.8275715298951,0.01993696391582489,0.05000000074505806,0.18550001084804535,5.4375
3036,852.0727545917034,0.01457132212817669,0.05000000074505806,0.18024998903274536,5.362500190734863
3037,852.3249826552346,0.015297360718250275,0.05000000074505806,0.20674999058246613,6.025000095367432
3038,852.5845421841368,0.015523407608270645,0.05000000074505806,0.18174999952316284,5.512499809265137
3039,852.8204434802756,0.017400100827217102,0.05000000074505806,0.1810000091791153,5.074999809265137
3040,853.3968548122793,0.0163051038980484,0.05000000074505806,0.18649999797344208,5.768749713897705
3041,853.6694155652076,0.021993793547153473,0.05000000074505806,0.18050001561641693,5.393750190734863
3042,853.8865259801969,0.014662590809166431,0.05000000074505806,0.18674999475479126,5.700000286102295
3043,854.1056677503511,0.01848442852497101,0.05000000074505806,0.17775002121925354,5.431249618530273
3044,854.3256717817858,0.020115770399570465,0.05000000074505806,0.19224999845027924,5.637499809265137
3045,854.5976837268099,0.01820497214794159,0.05000000074505806,0.1835000067949295,5.599999904632568
3046,854.8603479415178,0.016224101185798645,0.05000000074505806,0.18849998712539673,5.712499618530273
3047,855.171754097566,0.01836242526769638,0.05000000074505806,0.1899999976158142,5.537499904632568
3048,855.4588722605258,0.017360057681798935,0.05000000074505806,0.18549999594688416,5.712500095367432
3049,855.8350210003555,0.018332405015826225,0.05000000074505806,0.19349999725818634,5.700000286102295
3050,856.0862671760842,0.02135312557220459,0.05000000074505806,0.18549999594688416,5.55625057220459
3051,856.3244302729145,0.013692970387637615,0.05000000074505806,0.1847500056028366,5.675000190734863
3052,856.6223737625405,0.017738869413733482,0.05000000074505806,0.17774999141693115,5.25
3053,856.9735499732196,0.017037883400917053,0.05000000074505806,0.18850000202655792,5.6875
3054,857.2003034576774,0.01564989611506462,0.05000000074505806,0.18275001645088196,5.450000286102295
3055,857.4445651657879,0.016286123543977737,0.05000000074505806,0.19699998199939728,5.875
3056,857.7045832620934,0.017129063606262207,0.05000000074505806,0.19049999117851257,5.65625
3057,857.9382894439623,0.015298718586564064,0.05000000074505806,0.18774999678134918,5.699999809265137
3058,858.1762844631448,0.014601243659853935,0.05000000074505806,0.179500013589859,5.462499618530273
3059,858.4167908746749,0.016268551349639893,0.05000000074505806,0.18275000154972076,5.4375
3060,858.6752741467208,0.01769840717315674,0.05000000074505806,0.18825000524520874,6.025000095367432
3061,858.9077856075019,0.016669685021042824,0.05000000074505806,0.19049999117851257,5.443749904632568
3062,859.1814428754151,0.020198693498969078,0.05000000074505806,0.1812499761581421,5.543749809265137
3063,859.4599308660254,0.019709596410393715,0.05000000074505806,0.18000000715255737,5.549999713897705
3064,859.6975652324036,0.015894684940576553,0.05000000074505806,0.18125000596046448,5.450000286102295
3065,859.9445041473955,0.017022212967276573,0.05000000074505806,0.1977500021457672,5.75
3066,860.169435092248,0.017026737332344055,0.05000000074505806,0.18775001168251038,5.66249942779541
3067,860.4221266433597,0.019953684881329536,0.05000000074505806,0.18024998903274536,5.487500190734863
3068,860.7472615512088,0.017690518870949745,0.05000000074505806,0.18975000083446503,5.624999523162842
3069,860.9714393224567,0.017775380983948708,0.05000000074505806,0.16949999332427979,5.300000190734863
3070,861.1933534787968,0.01805465668439865,0.05000000074505806,0.19050000607967377,5.40625
3071,861.4146334137768,0.01819252222776413,0.05000000074505806,0.18649999797344208,5.606249809265137
3072,861.6767682656646,0.015886882320046425,0.05000000074505806,0.1797500103712082,5.524999618530273
3073,861.8959350930527,0.01751909963786602,0.05000000074505806,0.18550001084804535,5.475000381469727
3074,862.1401818022132,0.015623972751200199,0.05000000074505806,0.1912499964237213,5.675000190734863
3075,862.4226913033053,0.018649188801646233,0.05000000074505806,0.18300001323223114,5.512499809265137
3076,862.8239507349208,0.01790209673345089,0.05000000074505806,0.18599998950958252,5.53125
3077,863.0938169891015,0.016558188945055008,0.05000000074505806,0.18649998307228088,5.599999904632568
3078,863.3408547006547,0.01897730864584446,0.05000000074505806,0.18150001764297485,5.724999904632568
3079,863.6087332135066,0.018403979018330574,0.05000000074505806,0.179500013589859,5.387500286102295
3080,863.8405234878883,0.019573956727981567,0.05000000074505806,0.18200001120567322,5.325000286102295
3081,864.0732806250453,0.015807170420885086,0.05000000074505806,0.1952499896287918,5.7624993324279785
3082,864.3340802816674,0.01627173461019993,0.05000000074505806,0.1912500262260437,5.956249713897705
3083,864.565263970755,0.01716656982898712,0.05000000074505806,0.18400001525878906,5.425000190734863
3084,864.8076304616407,0.019611354917287827,0.05000000074505806,0.17499999701976776,5.187499523162842
3085,865.110795491375,0.018652617931365967,0.05000000074505806,0.19025000929832458,5.687499523162842
3086,865.4149783682078,0.016737526282668114,0.05000000074505806,0.18525001406669617,5.481250286102295
3087,865.7032978152856,0.015508534386754036,0.05000000074505806,0.1914999783039093,5.787499904632568
3088,865.967197176069,0.018552331253886223,0.05000000074505806,0.20274999737739563,6.081249713897705
3089,866.224716315046,0.019708668813109398,0.05000000074505806,0.1887499988079071,5.599999904632568
3090,866.4556185696274,0.01629498414695263,0.05000000074505806,0.1862500011920929,5.637500286102295
3091,867.7409045863897,0.018085919320583344,0.05000000074505806,0.19725000858306885,5.962499618530273
3092,867.9641604013741,0.015012596733868122,0.05000000074505806,0.18250000476837158,5.368750095367432
3093,868.1918723890558,0.01555232796818018,0.05000000074505806,0.1797500103712082,5.724999904632568
3094,868.4451415734366,0.01649622991681099,0.05000000074505806,0.1782500147819519,5.299999237060547
3095,868.7129215504974,0.017671357840299606,0.05000000074505806,0.19600002467632294,5.6875
3096,868.9584846012294,0.015321297571063042,0.05000000074505806,0.17799998819828033,5.149999618530273
3097,869.1951073324308,0.021765824407339096,0.05000000074505806,0.18950000405311584,5.806250095367432
3098,869.492019880563,0.016967331990599632,0.05000000074505806,0.18950000405311584,5.5437493324279785
3099,869.8015603972599,0.016574876382946968,0.05000000074505806,0.18799999356269836,5.6875
3100,870.0822083950043,0.015498463995754719,0.05000000074505806,0.19625000655651093,5.756249904632568
3101,870.3353313431144,0.018793635070323944,0.05000000074505806,0.1784999966621399,5.46875
3102,870.5674127703533,0.017967641353607178,0.05000000074505806,0.1860000044107437,5.837499618530273
3103,870.9718461483717,0.015450803562998772,0.05000000074505806,0.18425001204013824,5.5625
3104,871.2216535219923,0.016101159155368805,0.05000000074505806,0.18200001120567322,5.324999809265137
3105,871.4824928222224,0.015859339386224747,0.05000000074505806,0.17350001633167267,5.150000095367432
3106,871.7574260057881,0.01721140928566456,0.05000000074505806,0.18150001764297485,5.462499618530273
3107,872.0287433853373,0.016207020729780197,0.05000000074505806,0.20724999904632568,6.018749713897705
3108,872.2746787117794,0.015107025392353535,0.05000000074505806,0.17900002002716064,5.849999904632568
3109,873.2070751646534,0.016436496749520302,0.05000000074505806,0.19099999964237213,5.487499713897705
3110,873.4572450434789,0.016784075647592545,0.05000000074505806,0.18700000643730164,5.512499809265137
3111,873.7014477206394,0.01603631116449833,0.05000000074505806,0.18650001287460327,5.4499993324279785
3112,873.9590642824769,0.017586752772331238,0.05000000074505806,0.19249999523162842,5.8249993324279785
3113,874.2243294185027,0.019026484340429306,0.05000000074505806,0.18525001406669617,5.556249618530273
3114,874.4670067876577,0.018009096384048462,0.05000000074505806,0.19099998474121094,6.125
3115,874.695125435479,0.01587657257914543,0.05000000074505806,0.1965000182390213,5.66249942779541
3116,874.9516906384379,0.01816672831773758,0.05000000074505806,0.1850000023841858,5.587499618530273
3117,875.1968146068975,0.020295176655054092,0.05000000074505806,0.18649999797344208,5.849999904632568
3118,875.417469471693,0.01708516851067543,0.05000000074505806,0.1915000081062317,5.606249809265137
3119,875.7056591799483,0.015887314453721046,0.05000000074505806,0.19874997437000275,5.887499809265137
3120,875.9793961402029,0.017844930291175842,0.05000000074505806,0.19050000607967377,5.912499904632568
3121,876.2829610779881,0.018965445458889008,0.05000000074505806,0.1965000182390213,5.84375
3122,876.9476344035938,0.017372872680425644,0.05000000074505806,0.18649999797344208,5.537500381469727
3123,877.1761984135956,0.01855280064046383,0.05000000074505806,0.18150000274181366,5.437500476837158
3124,877.3934177942574,0.01683839224278927,0.05000000074505806,0.19850000739097595,5.837500095367432
3125,877.6304072299972,0.017160093411803246,0.05000000074505806,0.18649999797344208,5.606250286102295
3126,877.8620925880969,0.016123082488775253,0.05000000074505806,0.17549999058246613,5.162499904632568
3127,878.0960798021406,0.017506947740912437,0.05000000074505806,0.18649999797344208,5.625000476837158
3128,878.3266693456098,0.014380148611962795,0.05000000074505806,0.20075000822544098,5.862500190734863
3129,878.5875132353976,0.014854789711534977,0.05000000074505806,0.1810000091791153,5.600000381469727
3130,878.8189294729382,0.0178480576723814,0.05000000074505806,0.17674998939037323,5.28749942779541
3131,879.0642504375428,0.017409151419997215,0.05000000074505806,0.1990000158548355,5.831250190734863
3132,879.3444658657536,0.020079772919416428,0.05000000074505806,0.17549999058246613,5.550000190734863
3133,879.8010150622576,0.015461865812540054,0.05000000074505806,0.19224998354911804,5.543749809265137
3134,880.0942779136822,0.01685897447168827,0.05000000074505806,0.18799999356269836,5.575000286102295
3135,880.3332098852843,0.018840551376342773,0.05000000074505806,0.18024998903274536,5.250000476837158
3136,880.5816718721762,0.014120228588581085,0.05000000074505806,0.17874999344348907,5.5625
3137,880.8351229913533,0.01685989461839199,0.05000000074505806,0.19200000166893005,5.587499618530273
3138,881.0705053154379,0.01944572664797306,0.05000000074505806,0.18125000596046448,5.512499809265137
3139,881.3033593045548,0.018934328109025955,0.05000000074505806,0.1782500147819519,5.431250095367432
3140,881.5333004314452,0.01843840256333351,0.05000000074505806,0.18025001883506775,5.306249618530273
3141,881.7770598297939,0.017152516171336174,0.05000000074505806,0.18700000643730164,5.349999904632568
3142,882.0637594889849,0.01863059028983116,0.05000000074505806,0.1782500147819519,5.787499904632568
3143,882.2849647440016,0.017575329169631004,0.05000000074505806,0.1809999793767929,5.193749904632568
3144,882.5015570791438,0.01800302416086197,0.05000000074505806,0.18575000762939453,5.737500190734863
3145,882.7208031853661,0.017852557823061943,0.05000000074505806,0.1927500218153,5.5625
3146,882.9809831883758,0.01857074350118637,0.05000000074505806,0.18549999594688416,5.668749809265137
3147,883.2008507009596,0.016981689259409904,0.05000000074505806,0.1770000010728836,5.625
3148,883.4189358111471,0.01582912728190422,0.05000000074505806,0.187749981880188,5.543749809265137
3149,883.6380123673007,0.01699400506913662,0.05000000074505806,0.18725000321865082,5.44374942779541
3150,883.8550194473937,0.01961684599518776,0.05000000074505806,0.18799999356269836,5.724999904632568
3151,884.0753384232521,0.018250243738293648,0.05000000074505806,0.18200001120567322,5.387499809265137
3152,884.3317066030577,0.015727531164884567,0.05000000074505806,0.19575001299381256,5.893750190734863
3153,884.5937347337604,0.018504014238715172,0.05000000074505806,0.17775002121925354,5.512499809265137
3154,884.8115092357621,0.015014385804533958,0.05000000074505806,0.1847500056028366,5.5749993324279785
3155,885.0451070321724,0.021701611578464508,0.05000000074505806,0.19099999964237213,5.506249904632568
3156,885.2907198080793,0.018280334770679474,0.05000000074505806,0.17275001108646393,5.162499904632568
3157,885.5271013826132,0.017929894849658012,0.05000000074505806,0.18549999594688416,5.5
3158,885.7720217276365,0.01674713008105755,0.05000000074505806,0.195499986410141,5.762499809265137
3159,886.0389619236812,0.017648503184318542,0.05000000074505806,0.17475000023841858,5.287500381469727
3160,886.3979763779789,0.01622888259589672,0.05000000074505806,0.1809999793767929,5.637499809265137
3161,886.6548848599195,0.01836506649851799,0.05000000074505806,0.1822500079870224,5.168749809265137
3162,886.9062052667141,0.016365040093660355,0.05000000074505806,0.18150000274181366,5.749999523162842
3163,887.1261716661975,0.016973355785012245,0.05000000074505806,0.17874999344348907,5.231249809265137
3164,887.3876126566902,0.01831713318824768,0.05000000074505806,0.18524999916553497,5.531250476837158
3165,887.6045919423923,0.01564171351492405,0.05000000074505806,0.1860000044107437,5.737500190734863
3166,887.824377621524,0.016816744580864906,0.05000000074505806,0.18850000202655792,5.587499618530273
3167,888.0599215710536,0.01588643714785576,0.05000000074505806,0.19875000417232513,5.874999523162842
3168,888.3856977419928,0.016439124941825867,0.05000000074505806,0.1834999918937683,5.650000095367432
3169,888.6421968806535,0.01400822401046753,0.05000000074505806,0.19075000286102295,5.606249809265137
3170,888.9137308206409,0.014206494204699993,0.05000000074505806,0.1940000206232071,5.775000095367432
3171,889.1464951997623,0.016806581988930702,0.05000000074505806,0.18375001847743988,5.875
3172,889.3837535232306,0.017498575150966644,0.05000000074505806,0.18700000643730164,5.375
3173,889.8304380411282,0.01491565816104412,0.05000000074505806,0.1887499988079071,5.675000190734863
3174,890.1716959923506,0.016464250162243843,0.05000000074505806,0.18400000035762787,5.875
3175,890.4513533161953,0.017184853553771973,0.05000000074505806,0.19175000488758087,5.518750190734863
3176,890.7314182911068,0.017596013844013214,0.05000000074505806,0.19200003147125244,5.737499713897705
3177,890.9774735020474,0.01881433092057705,0.05000000074505806,0.1692499965429306,5.299999237060547
3178,891.2169254180044,0.014260068535804749,0.05000000074505806,0.2017499953508377,5.71875
3179,891.475224670954,0.018392309546470642,0.05000000074505806,0.18424999713897705,5.512499809265137
3180,891.7456534402445,0.01498950645327568,0.05000000074505806,0.1772499978542328,5.324999809265137
3181,892.0353841269389,0.015826918184757233,0.05000000074505806,0.1952499896287918,5.818749904632568
3182,892.2950350996107,0.018036721274256706,0.05000000074505806,0.18450000882148743,5.443749904632568
3183,893.6938000712544,0.01950075849890709,0.05000000074505806,0.1615000218153,4.675000190734863
3184,893.9130484126508,0.017535356804728508,0.05000000074505806,0.1977500021457672,5.774999618530273
3185,894.167492588982,0.0161374993622303,0.05000000074505806,0.17249999940395355,5.181249618530273
3186,894.4205143377185,0.01617906242609024,0.05000000074505806,0.16550001502037048,5.287499904632568
3187,894.7442404283211,0.016876129433512688,0.05000000074505806,0.1927499920129776,5.337500095367432
3188,894.9913439955562,0.016594087705016136,0.05000000074505806,0.18549999594688416,5.612499713897705
3189,895.3150765234604,0.016275327652692795,0.05000000074505806,0.18825000524520874,5.925000190734863
3190,895.581546202302,0.016766387969255447,0.05000000074505806,0.18549999594688416,5.443750381469727
3191,895.8364838091657,0.016521140933036804,0.05000000074505806,0.19174998998641968,5.731249809265137
3192,896.0647522863001,0.01803937554359436,0.05000000074505806,0.19200000166893005,5.724999904632568
3193,896.3039688477293,0.014663849957287312,0.05000000074505806,0.1875,5.75
3194,896.6419842420146,0.018451159819960594,0.05000000074505806,0.18675000965595245,5.543750286102295
3195,896.8739030109718,0.01527296844869852,0.05000000074505806,0.18575000762939453,5.650000095367432
3196,897.1052725715563,0.01584720052778721,0.05000000074505806,0.19099999964237213,5.768750190734863
3197,897.3272062307224,0.01806916669011116,0.05000000074505806,0.179500013589859,5.312499523162842
3198,897.544076426886,0.019707441329956055,0.05000000074505806,0.1770000010728836,5.874999523162842
3199,897.7644984824583,0.01666470617055893,0.05000000074505806,0.18375001847743988,5.3125
3200,897.9876223150641,0.015285182744264603,0.05000000074505806,0.19500002264976501,5.643750190734863
3201,898.2453573606908,0.015631485730409622,0.05000000074505806,0.1757500022649765,5.58750057220459
3202,898.4767895694822,0.015720469877123833,0.05000000074505806,0.18700000643730164,5.318749904632568
3203,898.7417393382639,0.018221590667963028,0.05000000074505806,0.18850000202655792,5.668749809265137
3204,898.9721860205755,0.01863100938498974,0.05000000074505806,0.18825000524520874,6.074999809265137
3205,899.3444023914635,0.01537276804447174,0.05000000074505806,0.1875,5.575000286102295
3206,899.6029388140887,0.01869736984372139,0.05000000074505806,0.18575000762939453,5.425000190734863
3207,900.1512913331389,0.018011074513196945,0.05000000074505806,0.17899999022483826,5.25
3208,900.5163110839203,0.01753176376223564,0.05000000074505806,0.17874999344348907,5.487500190734863
3209,900.7368323076516,0.016739681363105774,0.05000000074505806,0.2029999941587448,5.90625
3210,900.9986779680476,0.014868680387735367,0.05000000074505806,0.1927499771118164,6.012499809265137
3211,901.3031064802781,0.018130099400877953,0.05000000074505806,0.18150000274181366,5.63124942779541
3212,901.6241313256323,0.01721782796084881,0.05000000074505806,0.20899999141693115,5.943749904632568
3213,901.8460200885311,0.014823038130998611,0.05000000074505806,0.19049999117851257,5.599999904632568
3214,902.0980503084138,0.01622922532260418,0.05000000074505806,0.19774997234344482,5.981249809265137
3215,902.334068021737,0.016961725428700447,0.05000000074505806,0.18299999833106995,5.5
3216,902.5771073941141,0.018920600414276123,0.05000000074505806,0.18725000321865082,5.75
3217,902.8126013251022,0.015820134431123734,0.05000000074505806,0.1784999966621399,5.550000190734863
3218,903.0716618299484,0.01807369664311409,0.05000000074505806,0.19425001740455627,5.574999809265137
3219,903.3235216084868,0.01802155375480652,0.05000000074505806,0.1770000010728836,5.087499618530273
3220,904.1578506724909,0.01492830365896225,0.05000000074505806,0.18799999356269836,5.706249713897705
3221,904.4663288639858,0.015995603054761887,0.05000000074505806,0.1757500022649765,5.268749713897705
3222,904.739421796985,0.02054888755083084,0.05000000074505806,0.171750009059906,5.475000858306885
3223,905.0208176933229,0.01432537566870451,0.05000000074505806,0.19850002229213715,5.568749904632568
3224,905.356963807717,0.018209990113973618,0.05000000074505806,0.19174998998641968,5.743750095367432
3225,905.6192117026076,0.013328121043741703,0.05000000074505806,0.16600000858306885,5.224999904632568
3226,905.8593144556507,0.018953561782836914,0.05000000074505806,0.18525001406669617,5.387499809265137
3227,906.1253305170685,0.017732204869389534,0.05000000074505806,0.19050000607967377,5.543749809265137
3228,906.3708935417235,0.01519070751965046,0.05000000074505806,0.17949998378753662,5.574999809265137
3229,906.6387404799461,0.0140090836212039,0.05000000074505806,0.20325002074241638,5.843749523162842
3230,906.9038542630151,0.017286133021116257,0.05000000074505806,0.17624999582767487,5.34375
3231,907.1208213679492,0.015375667251646519,0.05000000074505806,0.17650002241134644,5.362500190734863
3232,907.3398863663897,0.01647343300282955,0.05000000074505806,0.187250018119812,5.412499904632568
3233,907.8488037511706,0.017379505559802055,0.05000000074505806,0.19975000619888306,5.993749618530273
3234,908.111724791117,0.01641373336315155,0.05000000074505806,0.18850000202655792,5.449999809265137
3235,908.3442028230056,0.015324042178690434,0.05000000074505806,0.18850000202655792,5.918749809265137
3236,908.6022930331528,0.017422348260879517,0.05000000074505806,0.18400001525878906,5.381250381469727
3237,908.8177666906267,0.017600370571017265,0.05000000074505806,0.1797500103712082,5.487500190734863
3238,909.0348059823737,0.01929086446762085,0.05000000074505806,0.20524999499320984,5.88124942779541
3239,909.2542087305337,0.01540881022810936,0.05000000074505806,0.19474998116493225,5.868750095367432
3240,909.5045839194208,0.015339897014200687,0.05000000074505806,0.19725000858306885,5.925000190734863
3241,909.7406573100016,0.017684997990727425,0.05000000074505806,0.18424999713897705,5.793749809265137
3242,909.977109188214,0.019313789904117584,0.05000000074505806,0.19049997627735138,5.543749809265137
3243,910.2977161426097,0.017468679696321487,0.05000000074505806,0.18325001001358032,5.887499809265137
3244,910.6358485380188,0.014978136867284775,0.05000000074505806,0.1914999932050705,5.581249713897705
3245,910.8820413853973,0.017306778579950333,0.05000000074505806,0.17800001800060272,5.293749809265137
3246,911.1364180026576,0.018320860341191292,0.05000000074505806,0.1889999806880951,5.925000190734863
3247,911.3606112841517,0.01670476421713829,0.05000000074505806,0.19475001096725464,5.743749618530273
3248,911.5922834603116,0.017924051731824875,0.05000000074505806,0.17874999344348907,5.356250286102295
3249,911.8256604056805,0.017681581899523735,0.05000000074505806,0.18275000154972076,5.675000190734863
3250,912.1366935763508,0.015355067327618599,0.05000000074505806,0.195499986410141,5.731249809265137
3251,912.3721189517528,0.020292028784751892,0.05000000074505806,0.19324998557567596,5.718749046325684
3252,912.6282609114423,0.014912272803485394,0.05000000074505806,0.17400000989437103,5.275000095367432
3253,912.8786125751212,0.01553781982511282,0.05000000074505806,0.1860000044107437,5.55625057220459
3254,913.1169640515,0.01675337925553322,0.05000000074505806,0.18649999797344208,5.46875
3255,913.3680538320914,0.016912581399083138,0.05000000074505806,0.1942499876022339,5.887499809265137
3256,913.7056543016806,0.018095163628458977,0.05000000074505806,0.1887500137090683,5.837499618530273
3257,913.97176048439,0.0185791477560997,0.05000000074505806,0.18975000083446503,5.53749942779541
3258,914.2150017013773,0.014368190430104733,0.05000000074505806,0.18925000727176666,5.824999809265137
3259,914.4616715526208,0.016528122127056122,0.05000000074505806,0.1942499876022339,5.78125
3260,914.6916430359706,0.014170927926898003,0.05000000074505806,0.1889999955892563,5.618750095367432
3261,914.9725523553789,0.017650486901402473,0.05000000074505806,0.17350000143051147,5.7375006675720215
3262,915.2421816606075,0.020910795778036118,0.05000000074505806,0.195499986410141,5.512499809265137
3263,915.4778387835249,0.017542537301778793,0.05000000074505806,0.19824999570846558,5.799999713897705
3264,915.6958911539987,0.01624983362853527,0.05000000074505806,0.17274999618530273,4.962500095367432
3265,915.9165805093944,0.0149532500654459,0.05000000074505806,0.19099998474121094,5.725000381469727
3266,916.1377044366673,0.01582430489361286,0.05000000074505806,0.1965000033378601,5.800000190734863
3267,916.3561402233317,0.015105974860489368,0.05000000074505806,0.1822500079870224,5.587499618530273
3268,916.5752692129463,0.01823684573173523,0.05000000074505806,0.19725002348423004,5.656249523162842
3269,916.7931825192645,0.013305913656949997,0.05000000074505806,0.18150001764297485,5.574999809265137
3270,917.0426718601957,0.016673218458890915,0.05000000074505806,0.18299999833106995,5.349999904632568
3271,917.458612001501,0.014365392737090588,0.05000000074505806,0.20099999010562897,5.912499904632568
3272,917.7346806423739,0.014380516484379768,0.05000000074505806,0.1822500079870224,5.56874942779541
3273,918.476477929391,0.01805153489112854,0.05000000074505806,0.17125000059604645,5.3125
3274,918.7377090193331,0.016779009252786636,0.05000000074505806,0.1967499852180481,5.637499809265137
3275,918.9829794494435,0.01858450099825859,0.05000000074505806,0.1807500123977661,5.425000190734863
3276,919.2475797692314,0.016623640432953835,0.05000000074505806,0.1952500194311142,6.025000095367432
3277,919.4761554300785,0.01626412197947502,0.05000000074505806,0.1784999966621399,5.462500095367432
3278,919.7331903120503,0.018355125561356544,0.05000000074505806,0.18550001084804535,5.50624942779541
3279,919.9681057101116,0.015167144127190113,0.05000000074505806,0.1784999817609787,5.462499618530273
3280,920.2011353373528,0.01624847576022148,0.05000000074505806,0.1899999976158142,5.631250381469727
3281,920.7545757265761,0.018815213814377785,0.05000000074505806,0.1769999861717224,5.27500057220459
3282,920.9995686309412,0.016287144273519516,0.05000000074505806,0.195499986410141,6.0
3283,921.2384408637881,0.018878893926739693,0.05000000074505806,0.203249990940094,6.05625057220459
3284,921.4878335213289,0.016950733959674835,0.05000000074505806,0.1889999955892563,5.637499809265137
3285,921.7410186119378,0.016190048307180405,0.05000000074505806,0.18599998950958252,5.849999904632568
3286,921.9681790834293,0.015105478465557098,0.05000000074505806,0.18675000965595245,5.506249904632568
3287,922.2141588367522,0.016182515770196915,0.05000000074505806,0.19175000488758087,5.681249618530273
3288,922.4642856940627,0.01524263247847557,0.05000000074505806,0.19325000047683716,6.025000095367432
3289,922.6938483649865,0.016300395131111145,0.05000000074505806,0.19975002110004425,5.899999618530273
3290,922.924358249642,0.01653716340661049,0.05000000074505806,0.19325000047683716,5.743749618530273
3291,923.1588335540146,0.016737941652536392,0.05000000074505806,0.17824998497962952,5.512499809265137
3292,923.4056450333446,0.017924293875694275,0.05000000074505806,0.18774999678134918,5.581250190734863
3293,923.6780324727297,0.014627397060394287,0.05000000074505806,0.18250000476837158,5.374999523162842
3294,924.0179591663182,0.018381517380475998,0.05000000074505806,0.1680000126361847,5.074999809265137
3295,924.2474879333749,0.01684447005391121,0.05000000074505806,0.1614999920129776,5.049999713897705
3296,924.5184173705056,0.014573211781680584,0.05000000074505806,0.19349999725818634,5.487500190734863
3297,924.7502631042153,0.013575026765465736,0.05000000074505806,0.17799998819828033,5.700000286102295
3298,924.9889338351786,0.013049429282546043,0.05000000074505806,0.19299998879432678,5.475000381469727
3299,925.3139554001391,0.01995076797902584,0.05000000074505806,0.18974998593330383,5.693750381469727
3300,925.5600124904886,0.0151901263743639,0.05000000074505806,0.1850000023841858,5.987499713897705
3301,925.7994232419878,0.016928724944591522,0.05000000074505806,0.1850000023841858,5.324999809265137
3302,926.0525245144963,0.01659644953906536,0.05000000074505806,0.19200000166893005,5.731250286102295
3303,926.3527509290725,0.0167669877409935,0.05000000074505806,0.18900001049041748,5.800000190734863
3304,926.8826864501461,0.01656026393175125,0.05000000074505806,0.19425001740455627,5.762499809265137
3305,927.1400615377352,0.01831677183508873,0.05000000074505806,0.18524999916553497,5.549999713897705
3306,927.4166266582906,0.018381932750344276,0.05000000074505806,0.16950000822544098,4.875
3307,927.6991455042735,0.01709628663957119,0.05000000074505806,0.1887500137090683,5.643749713897705
3308,927.9325198438019,0.015431767329573631,0.05000000074505806,0.19025000929832458,5.631249904632568
3309,928.1763519300148,0.016564272344112396,0.05000000074505806,0.18275001645088196,5.6875
3310,928.4123436976224,0.017685960978269577,0.05000000074505806,0.18000000715255737,5.431250095367432
3311,928.6325938506052,0.015032749623060226,0.05000000074505806,0.18725000321865082,5.475000381469727
3312,928.8652064576745,0.018884532153606415,0.05000000074505806,0.17800001800060272,5.549999713897705
3313,929.1436399659142,0.016547927632927895,0.05000000074505806,0.19850000739097595,5.737499713897705
3314,929.4889080272987,0.01710142195224762,0.05000000074505806,0.17874999344348907,5.368749618530273
3315,929.7134987413883,0.019143790006637573,0.05000000074505806,0.16950000822544098,5.4375
3316,929.9684763066471,0.017678899690508842,0.05000000074505806,0.20350000262260437,5.537499904632568
3317,930.2168534910306,0.018687525764107704,0.05000000074505806,0.1720000058412552,5.368750095367432
3318,930.4762665163726,0.017117775976657867,0.05000000074505806,0.18125000596046448,5.662498950958252
3319,930.937740935944,0.016858389601111412,0.05000000074505806,0.20000000298023224,5.71875
3320,931.1876267883927,0.016512194648385048,0.05000000074505806,0.1967499852180481,5.899999618530273
3321,931.4712831806391,0.01777690276503563,0.05000000074505806,0.17499999701976776,5.162499904632568
3322,931.7049334524199,0.01766199991106987,0.05000000074505806,0.1914999932050705,5.474999904632568
3323,931.9682412147522,0.017171494662761688,0.05000000074505806,0.1899999976158142,5.856250286102295
3324,932.1849402114749,0.015195528045296669,0.05000000074505806,0.18174999952316284,5.574999809265137
3325,932.4630832811818,0.013857799582183361,0.05000000074505806,0.18450000882148743,5.431249618530273
3326,932.7042749859393,0.015902988612651825,0.05000000074505806,0.17549999058246613,5.325000286102295
3327,932.9695815043524,0.018101198598742485,0.05000000074505806,0.18724998831748962,6.03749942779541
3328,933.1872502285987,0.01436068769544363,0.05000000074505806,0.19324998557567596,5.6875
3329,933.4060208592564,0.015113948844373226,0.05000000074505806,0.18649999797344208,5.468750476837158
3330,933.6250401604921,0.017829786986112595,0.05000000074505806,0.18300001323223114,5.462499618530273
3331,933.8572415197268,0.016444018110632896,0.05000000074505806,0.18199998140335083,5.543749809265137
3332,934.390006349422,0.016522394493222237,0.05000000074505806,0.1977500170469284,5.793749809265137
3333,934.8298862511292,0.013758089393377304,0.05000000074505806,0.1797500103712082,5.437499523162842
3334,935.0676857409999,0.014845133759081364,0.05000000074505806,0.18850000202655792,5.61875057220459
3335,935.4273283677176,0.015700697898864746,0.05000000074505806,0.17774999141693115,5.312499523162842
3336,935.6711889570579,0.018413422629237175,0.05000000074505806,0.17499999701976776,5.287499904632568
3337,935.931546642445,0.016234539449214935,0.05000000074505806,0.18924999237060547,5.543749809265137
3338,936.1809105956927,0.017434757202863693,0.05000000074505806,0.19175000488758087,5.712499618530273
3339,936.4491202421486,0.017720339819788933,0.05000000074505806,0.18650001287460327,5.71250057220459
3340,936.6838288381696,0.016034219413995743,0.05000000074505806,0.18975000083446503,5.581249713897705
3341,936.936916064471,0.015305660665035248,0.05000000074505806,0.18975000083446503,5.712499618530273
3342,937.1644363561645,0.016554206609725952,0.05000000074505806,0.19349999725818634,5.837499618530273
3343,937.3964762287214,0.01686350256204605,0.05000000074505806,0.18924999237060547,5.668749809265137
3344,937.7359803523868,0.014806828461587429,0.05000000074505806,0.18649999797344208,5.643749713897705
3345,938.020371844992,0.014347786083817482,0.05000000074505806,0.1704999953508377,5.137499809265137
3346,938.2607478965074,0.016287939622998238,0.05000000074505806,0.18524999916553497,5.506249904632568
3347,938.5050229514018,0.01582234911620617,0.05000000074505806,0.19174998998641968,5.612499713897705
3348,938.7876740079373,0.015244465321302414,0.05000000074505806,0.17400000989437103,5.249999523162842
3349,939.0052062347531,0.017987079918384552,0.05000000074505806,0.18575000762939453,5.443749904632568
3350,939.2655707020313,0.01846744492650032,0.05000000074505806,0.1939999908208847,5.775000095367432
3351,939.5153751792386,0.016587115824222565,0.05000000074505806,0.18724998831748962,5.75
3352,939.7561111627147,0.01687939465045929,0.05000000074505806,0.18974998593330383,5.562499523162842
3353,939.9815087541938,0.020834505558013916,0.05000000074505806,0.18449999392032623,5.599999904632568
3354,940.2472828775644,0.017115117982029915,0.05000000074505806,0.18450000882148743,5.4499993324279785
3355,940.5158002050593,0.016704553738236427,0.05000000074505806,0.1807500123977661,5.4562506675720215
3356,940.753393295221,0.01568574458360672,0.05000000074505806,0.17499999701976776,5.325000286102295
3357,941.0636430736631,0.014603456482291222,0.05000000074505806,0.195499986410141,6.037499904632568
3358,941.2972134649754,0.01380983553826809,0.05000000074505806,0.18275000154972076,5.59999942779541
3359,941.5428577931598,0.01759687438607216,0.05000000074505806,0.18024998903274536,5.343750476837158
3360,941.7763986885548,0.01660577952861786,0.05000000074505806,0.18400000035762787,5.799999713897705
3361,942.0142657263204,0.01379873976111412,0.05000000074505806,0.19324998557567596,5.600000381469727
3362,942.3429488660768,0.015824636444449425,0.05000000074505806,0.19499999284744263,5.806249618530273
3363,942.7706628367305,0.015911361202597618,0.05000000074505806,0.19350002706050873,5.949999809265137
3364,943.0490068467334,0.01601019687950611,0.05000000074505806,0.17775002121925354,5.5
3365,943.2927531991154,0.017039667814970016,0.05000000074505806,0.18975000083446503,5.549999713897705
3366,943.5755276912823,0.014257279224693775,0.05000000074505806,0.19049999117851257,5.5625
3367,943.8283490231261,0.018695706501603127,0.05000000074505806,0.18699999153614044,5.737500190734863
3368,944.1039975071326,0.01624910905957222,0.05000000074505806,0.1927500218153,5.737500190734863
3369,944.3585023367777,0.015928523615002632,0.05000000074505806,0.17649999260902405,5.274999618530273
3370,944.6106987949461,0.017379488795995712,0.05000000074505806,0.18650001287460327,5.574999809265137
3371,944.8589261863381,0.014381319284439087,0.05000000074505806,0.1810000091791153,5.387499809265137
3372,945.1082256063819,0.017252495512366295,0.05000000074505806,0.1927499920129776,6.049999237060547
3373,945.3386903153732,0.01637551374733448,0.05000000074505806,0.17499999701976776,5.424999713897705
3374,945.5844326801598,0.01740396022796631,0.05000000074505806,0.1977500021457672,5.6875
3375,945.8567486619577,0.014034934341907501,0.05000000074505806,0.17749999463558197,5.450000286102295
3376,946.0991269852966,0.01753370650112629,0.05000000074505806,0.19624997675418854,5.593749523162842
3377,946.3512294450775,0.017802590504288673,0.05000000074505806,0.1732500046491623,5.356249809265137
3378,946.5974402567372,0.01761886477470398,0.05000000074505806,0.17550000548362732,5.537499904632568
3379,946.8452335949987,0.015454495325684547,0.05000000074505806,0.19725000858306885,5.712499618530273
3380,947.0750856148079,0.018606320023536682,0.05000000074505806,0.1914999932050705,5.624999523162842
3381,947.3281546141952,0.0164367463439703,0.05000000074505806,0.19174998998641968,5.949999809265137
3382,947.5579881584272,0.0174359530210495,0.05000000074505806,0.19625000655651093,5.874999523162842
3383,948.2869938295335,0.014812345616519451,0.05000000074505806,0.18275001645088196,5.418749809265137
3384,948.5690279882401,0.01540978904813528,0.05000000074505806,0.19450001418590546,6.099999904632568
3385,948.8962627751753,0.016952361911535263,0.05000000074505806,0.18400001525878906,5.306250095367432
3386,949.1482567396015,0.017037825658917427,0.05000000074505806,0.18324999511241913,5.6875
3387,949.4169417265803,0.015143251977860928,0.05000000074505806,0.17550000548362732,5.5
3388,949.6613462660462,0.018104881048202515,0.05000000074505806,0.18849998712539673,5.418749809265137
3389,949.9984482200816,0.015060857869684696,0.05000000074505806,0.1835000067949295,5.518750190734863
3390,950.30400791578,0.014852412976324558,0.05000000074505806,0.1875,6.0
3391,950.601142514497,0.01822274923324585,0.05000000074505806,0.1874999850988388,5.531249523162842
3392,950.9165095230564,0.018630417063832283,0.05000000074505806,0.18825000524520874,5.549999713897705
3393,951.2656559599563,0.016011917963624,0.05000000074505806,0.1942499876022339,5.75
3394,951.685275990516,0.017303012311458588,0.05000000074505806,0.18949998915195465,5.931249618530273
3395,952.000164013356,0.016521980985999107,0.05000000074505806,0.18799999356269836,5.487499713897705
3396,952.6400433732197,0.01847885176539421,0.05000000074505806,0.17949998378753662,5.474999904632568
3397,952.9245217917487,0.014479871839284897,0.05000000074505806,0.1899999976158142,5.656249523162842
3398,953.2610585959628,0.016618704423308372,0.05000000074505806,0.19249999523162842,5.656249523162842
3399,953.5100952200592,0.015992799773812294,0.05000000074505806,0.1875,5.425000190734863
3400,953.7619174085557,0.014131713658571243,0.05000000074505806,0.17924998700618744,5.574999809265137
3401,954.0126968529075,0.018256450071930885,0.05000000074505806,0.1837500035762787,5.47499942779541
3402,954.3035966223106,0.01540403999388218,0.05000000074505806,0.1889999955892563,5.46250057220459
3403,954.5755089009181,0.015970297157764435,0.05000000074505806,0.2057499885559082,6.037499904632568
3404,954.8606655644253,0.018607335165143013,0.05000000074505806,0.18299999833106995,5.675000190734863
3405,955.1070569669828,0.016122542321681976,0.05000000074505806,0.18650001287460327,5.537500381469727
3406,955.3491279473528,0.013576841913163662,0.05000000074505806,0.1979999989271164,5.8874993324279785
3407,955.5846790811047,0.015542937442660332,0.05000000074505806,0.1784999817609787,5.418749809265137
3408,955.8124146610498,0.01822477951645851,0.05000000074505806,0.1837500035762787,5.525000095367432
3409,956.0518835131079,0.017957333475351334,0.05000000074505806,0.18724998831748962,5.731249809265137
3410,956.292299689725,0.020021848380565643,0.05000000074505806,0.1942499876022339,5.637499809265137
3411,956.5595111139119,0.01743382401764393,0.05000000074505806,0.17675000429153442,5.449999809265137
3412,956.8119264570996,0.017264338210225105,0.05000000074505806,0.19875000417232513,5.72499942779541
3413,957.0483263470232,0.016832584515213966,0.05000000074505806,0.19249999523162842,5.75
3414,957.3078155266121,0.0180058553814888,0.05000000074505806,0.17749999463558197,5.550000190734863
3415,957.5398641861975,0.015849966555833817,0.05000000074505806,0.18025001883506775,5.237499237060547
3416,957.7892485372722,0.01584307849407196,0.05000000074505806,0.18199998140335083,5.481250286102295
3417,958.3368810471147,0.01744520477950573,0.05000000074505806,0.17374999821186066,5.587499618530273
3418,958.6238993760198,0.017265142872929573,0.05000000074505806,0.18599998950958252,5.412499904632568
3419,958.8664805023,0.01819620653986931,0.05000000074505806,0.19200000166893005,5.587500095367432
3420,959.1290896609426,0.01604278013110161,0.05000000074505806,0.17925001680850983,5.524999618530273
3421,959.3677719542757,0.02031777985394001,0.05000000074505806,0.19174998998641968,5.71875
3422,959.6023968132213,0.015831701457500458,0.05000000074505806,0.17350000143051147,5.131249904632568
3423,959.8461360828951,0.015392454341053963,0.05000000074505806,0.17799998819828033,5.337500095367432
3424,960.0900464076549,0.01850418746471405,0.05000000074505806,0.18174999952316284,5.387499809265137
3425,960.3305052947253,0.015760226175189018,0.05000000074505806,0.19200000166893005,5.737499713897705
3426,960.5763581385836,0.015806125476956367,0.05000000074505806,0.18524999916553497,5.462499618530273
3427,960.8411639286205,0.014398770406842232,0.05000000074505806,0.2019999921321869,6.0
3428,961.079357214272,0.01609368622303009,0.05000000074505806,0.1850000023841858,5.574999809265137
3429,961.3125181589276,0.01696731708943844,0.05000000074505806,0.18725000321865082,5.824999809265137
3430,962.018850539811,0.015861092135310173,0.05000000074505806,0.18649999797344208,5.5625
3431,962.3195397593081,0.01583736017346382,0.05000000074505806,0.19450001418590546,5.731249809265137
3432,962.5614039385691,0.017192305997014046,0.05000000074505806,0.19074997305870056,5.900000095367432
3433,962.8076851535589,0.0191300418227911,0.05000000074505806,0.18825000524520874,5.781249046325684
3434,963.0532452324405,0.015652121976017952,0.05000000074505806,0.18000000715255737,5.243750095367432
3435,963.322926404886,0.016971075907349586,0.05000000074505806,0.18200001120567322,5.612499713897705
3436,963.5818014722317,0.01827399805188179,0.05000000074505806,0.19825001060962677,5.581250190734863
3437,963.8265728559345,0.01492629386484623,0.05000000074505806,0.18424999713897705,5.724999904632568
3438,964.0631617456675,0.01696796901524067,0.05000000074505806,0.1977500170469284,5.824999809265137
3439,964.2936171367764,0.014276910573244095,0.05000000074505806,0.19199998676776886,5.799999713897705
3440,964.5328526869416,0.015284275636076927,0.05000000074505806,0.1784999817609787,5.493749618530273
3441,964.7842218969017,0.016399351879954338,0.05000000074505806,0.18000000715255737,5.249999523162842
3442,965.0588796362281,0.01676848717033863,0.05000000074505806,0.17425000667572021,5.475000381469727
3443,965.343732192181,0.01608509011566639,0.05000000074505806,0.18825000524520874,5.462500095367432
3444,966.1041983691975,0.01855604723095894,0.05000000074505806,0.18275001645088196,5.837499141693115
3445,966.3321823906153,0.01707131415605545,0.05000000074505806,0.1889999955892563,5.56874942779541
3446,966.5677429102361,0.019095158204436302,0.05000000074505806,0.17874999344348907,5.275000095367432
3447,966.816571499221,0.014030267484486103,0.05000000074505806,0.18550001084804535,5.625
3448,967.1096241567284,0.017526792362332344,0.05000000074505806,0.1772499978542328,5.537499904632568
3449,967.4085764987394,0.01670297235250473,0.05000000074505806,0.1942499876022339,5.574999809265137
3450,967.7074996437877,0.016899801790714264,0.05000000074505806,0.16550001502037048,4.912499904632568
3451,967.9374270355329,0.016224106773734093,0.05000000074505806,0.19675001502037048,5.6875
3452,968.1815547617152,0.014771482907235622,0.05000000074505806,0.18799999356269836,5.612499713897705
3453,968.4306131256744,0.014213841408491135,0.05000000074505806,0.18400000035762787,5.362500190734863
3454,968.6747128088027,0.015706229954957962,0.05000000074505806,0.18025001883506775,5.662499904632568
3455,968.8938448540866,0.017267512157559395,0.05000000074505806,0.19200000166893005,5.562500476837158
3456,969.1315829381347,0.019348500296473503,0.05000000074505806,0.1967499852180481,6.087500095367432
3457,969.4367852369323,0.016457557678222656,0.05000000074505806,0.18675000965595245,5.581249713897705
3458,969.6626854101196,0.014978313818573952,0.05000000074505806,0.17649999260902405,5.375
3459,970.0036965999752,0.016755666583776474,0.05000000074505806,0.16949999332427979,5.099999904632568
3460,970.270931661129,0.018621722236275673,0.05000000074505806,0.18024998903274536,5.418749809265137
3461,970.5838322071359,0.015314668416976929,0.05000000074505806,0.19224999845027924,5.581249713897705
3462,970.867963898927,0.015746375545859337,0.05000000074505806,0.18050001561641693,5.412499904632568
3463,971.1103109177202,0.018973497673869133,0.05000000074505806,0.18300001323223114,5.549999713897705
3464,971.3309833165258,0.014227502048015594,0.05000000074505806,0.1837500035762787,5.425000190734863
3465,971.6280307974666,0.017595989629626274,0.05000000074505806,0.18074998259544373,5.299999713897705
3466,972.0079698646441,0.013665979728102684,0.05000000074505806,0.19124998152256012,5.787499904632568
3467,972.2871525632218,0.017980951815843582,0.05000000074505806,0.18150000274181366,5.399999618530273
3468,972.516048216261,0.016051171347498894,0.05000000074505806,0.1847500056028366,5.75
3469,972.7955262446776,0.018817564472556114,0.05000000074505806,0.1914999932050705,5.662500381469727
3470,973.0794367771596,0.014239257201552391,0.05000000074505806,0.18775001168251038,5.562499523162842
3471,973.3192241974175,0.019140079617500305,0.05000000074505806,0.19049999117851257,5.775000095367432
3472,973.5408418672159,0.015957878902554512,0.05000000074505806,0.18300001323223114,5.543750286102295
3473,973.7720958963037,0.015748873353004456,0.05000000074505806,0.1812499761581421,5.437499523162842
3474,974.0118215205148,0.016076834872364998,0.05000000074505806,0.18424999713897705,5.850000381469727
3475,974.2600968256593,0.01608826406300068,0.05000000074505806,0.2057499885559082,5.993749618530273
3476,974.4824441866949,0.020225830376148224,0.05000000074505806,0.19124998152256012,5.612500190734863
3477,974.7155738482252,0.014905980788171291,0.05000000074505806,0.19575001299381256,5.987499713897705
3478,974.9587065745145,0.016597775742411613,0.05000000074505806,0.18474999070167542,5.66249942779541
3479,975.4393756277859,0.01405034027993679,0.05000000074505806,0.18999998271465302,5.606249809265137
3480,975.7331667523831,0.016903243958950043,0.05000000074505806,0.18299999833106995,5.675000190734863
3481,975.9590954463929,0.016053354367613792,0.05000000074505806,0.17249999940395355,5.287499904632568
3482,976.190220781602,0.016562826931476593,0.05000000074505806,0.19625000655651093,5.668749809265137
3483,976.4120000675321,0.015432778745889664,0.05000000074505806,0.17500001192092896,5.3125
3484,976.6510300440714,0.017405187711119652,0.05000000074505806,0.1862500011920929,5.412499904632568
3485,976.8680705344304,0.019259262830018997,0.05000000074505806,0.18599998950958252,5.612500190734863
3486,977.1847739322111,0.015961751341819763,0.05000000074505806,0.19725000858306885,6.025000095367432
3487,977.4839115226641,0.017581002786755562,0.05000000074505806,0.18725000321865082,5.718749523162842
3488,977.7261708145961,0.020156795158982277,0.05000000074505806,0.18424999713897705,5.487499713897705
3489,977.9918143125251,0.015499638393521309,0.05000000074505806,0.16900001466274261,4.875
3490,978.387520737946,0.017750835046172142,0.05000000074505806,0.19174998998641968,5.793749809265137
3491,978.6129987295717,0.014967577531933784,0.05000000074505806,0.19625000655651093,5.693749904632568
3492,978.8741125594825,0.017239190638065338,0.05000000074505806,0.17125001549720764,5.59999942779541
3493,979.1057627582923,0.015667421743273735,0.05000000074505806,0.20749999582767487,5.537500381469727
3494,979.4051228202879,0.01995985209941864,0.05000000074505806,0.1784999966621399,5.593749046325684
3495,979.623279325664,0.01525144837796688,0.05000000074505806,0.18525001406669617,5.424999713897705
3496,979.8423880133778,0.01805919222533703,0.05000000074505806,0.18324999511241913,5.718749523162842
3497,980.0956053985283,0.018799666315317154,0.05000000074505806,0.19575001299381256,5.675000190734863
3498,980.3283776026219,0.016673965379595757,0.05000000074505806,0.18799999356269836,5.887499809265137
3499,980.5570025024936,0.01690893992781639,0.05000000074505806,0.1822499781847,5.600000381469727
3500,980.805967704393,0.016944605857133865,0.05000000074505806,0.20250000059604645,5.774999618530273
3501,981.0484721902758,0.018099362030625343,0.05000000074505806,0.17925001680850983,5.862499713897705
3502,981.3140052491799,0.01404540054500103,0.05000000074505806,0.18599998950958252,5.393749713897705
3503,981.5727287912741,0.017557090148329735,0.05000000074505806,0.18324999511241913,5.387499809265137
3504,981.7986858291551,0.014192386530339718,0.05000000074505806,0.18250001966953278,5.462499618530273
3505,982.1001367615536,0.018676377832889557,0.05000000074505806,0.19600002467632294,5.875
3506,982.3426206186414,0.01681400090456009,0.05000000074505806,0.18200001120567322,5.40625
3507,982.6008499944583,0.015416190028190613,0.05000000074505806,0.20374998450279236,6.200000286102295
3508,982.8399539999664,0.015393261797726154,0.05000000074505806,0.1875,5.7937493324279785
3509,983.1078949104995,0.01577230915427208,0.05000000074505806,0.20025001466274261,5.893750190734863
3510,983.3422933444381,0.017761850729584694,0.05000000074505806,0.18275000154972076,5.324999809265137
3511,983.596153746359,0.01616824045777321,0.05000000074505806,0.1835000067949295,5.525000095367432
3512,983.8410827945918,0.016204163432121277,0.05000000074505806,0.20225001871585846,6.02500057220459
3513,984.0881622852758,0.01500003319233656,0.05000000074505806,0.17524999380111694,5.224999904632568
3514,984.3148748846725,0.014422102831304073,0.05000000074505806,0.18200001120567322,5.587500095367432
3515,984.549489127472,0.016898177564144135,0.05000000074505806,0.1915000081062317,5.518749713897705
3516,984.7888626847416,0.017304014414548874,0.05000000074505806,0.17749999463558197,5.674999713897705
3517,985.0418291622773,0.01669223979115486,0.05000000074505806,0.19249999523162842,5.424999237060547
3518,985.2989707393572,0.017594853416085243,0.05000000074505806,0.1927499771118164,5.806249618530273
3519,985.5576627720147,0.017849130555987358,0.05000000074505806,0.1850000023841858,5.924999713897705
3520,985.8306648759171,0.016785146668553352,0.05000000074505806,0.1980000138282776,5.737500190734863
3521,986.097170677036,0.014240887947380543,0.05000000074505806,0.19824999570846558,5.831249713897705
3522,986.3704459080473,0.019556615501642227,0.05000000074505806,0.18649999797344208,5.600000381469727
3523,986.6470206575468,0.016178660094738007,0.05000000074505806,0.18549999594688416,5.487500190734863
3524,986.8812730554491,0.020260591059923172,0.05000000074505806,0.19875000417232513,5.981249809265137
3525,987.1097555560991,0.015577973797917366,0.05000000074505806,0.18150000274181366,5.387499809265137
3526,987.3375987960026,0.0161779522895813,0.05000000074505806,0.1967499852180481,5.768750190734863
3527,987.5585929956287,0.013357514515519142,0.05000000074505806,0.1837500035762787,5.587499618530273
3528,987.7792807342485,0.01825045607984066,0.05000000074505806,0.18400000035762787,5.837499618530273
3529,988.0098589630798,0.014681181870400906,0.05000000074505806,0.17249999940395355,5.100000381469727
3530,988.2654034849256,0.016543671488761902,0.05000000074505806,0.1875000149011612,5.581249713897705
3531,988.4871431766078,0.013871869072318077,0.05000000074505806,0.17025001347064972,5.500000476837158
3532,988.7147236885503,0.01652693562209606,0.05000000074505806,0.19625000655651093,5.481249809265137
3533,988.9720397256315,0.016542844474315643,0.05000000074505806,0.1862500011920929,5.587499618530273
3534,989.2079512961209,0.01781681552529335,0.05000000074505806,0.18525001406669617,5.762499809265137
3535,989.503460554406,0.01932389847934246,0.05000000074505806,0.1837500035762787,5.493749618530273
3536,990.0627218792215,0.014707580208778381,0.05000000074505806,0.18924999237060547,5.581250190734863
3537,990.2996132439002,0.016172591596841812,0.05000000074505806,0.17100000381469727,5.612500190734863
3538,990.5460399789736,0.016359958797693253,0.05000000074505806,0.18024998903274536,5.106249809265137
3539,990.8492915211245,0.01524980179965496,0.05000000074505806,0.19450001418590546,5.731249809265137
3540,991.1191657213494,0.015691308304667473,0.05000000074505806,0.18299999833106995,5.662499904632568
3541,991.3453602995723,0.017105234786868095,0.05000000074505806,0.18275000154972076,5.53125
3542,991.5736817447469,0.018746202811598778,0.05000000074505806,0.19174998998641968,5.574999809265137
3543,991.8467594115064,0.01643609069287777,0.05000000074505806,0.18199998140335083,5.599999904632568
3544,992.0920084556565,0.016465891152620316,0.05000000074505806,0.20674999058246613,5.874999046325684
3545,992.3209075042978,0.018258022144436836,0.05000000074505806,0.18324999511241913,5.625
3546,992.6426037987694,0.01679443009197712,0.05000000074505806,0.17499999701976776,5.700000286102295
3547,992.941377138719,0.01647832617163658,0.05000000074505806,0.1940000206232071,5.443749904632568
3548,993.1828240817413,0.014482449740171432,0.05000000074505806,0.18525001406669617,5.562499046325684
3549,993.4070647479966,0.01902814768254757,0.05000000074505806,0.18275001645088196,5.712500095367432
3550,993.6272520301864,0.014492323622107506,0.05000000074505806,0.19099999964237213,5.66249942779541
3551,993.8844370683655,0.017924627289175987,0.05000000074505806,0.18775001168251038,5.518749713897705
3552,994.1156154349446,0.014660386368632317,0.05000000074505806,0.18950000405311584,5.775000095367432
3553,994.3496967786923,0.015789857134222984,0.05000000074505806,0.1902499943971634,5.774999618530273
3554,994.5792391160503,0.015959998592734337,0.05000000074505806,0.1977500021457672,5.774999618530273
3555,994.8334636371583,0.018221665173768997,0.05000000074505806,0.1757499873638153,5.3874993324279785
3556,995.0971279377118,0.017649052664637566,0.05000000074505806,0.18199998140335083,5.3874993324279785
3557,995.3351501245052,0.017586132511496544,0.05000000074505806,0.1977500021457672,5.806250095367432
3558,995.5654633836821,0.016244012862443924,0.05000000074505806,0.17799998819828033,5.487499237060547
3559,995.8424838371575,0.01824568770825863,0.05000000074505806,0.18549999594688416,5.325000286102295
3560,996.217318335548,0.015846846625208855,0.05000000074505806,0.18549999594688416,5.65625
3561,996.500729823485,0.015192343853414059,0.05000000074505806,0.19350002706050873,5.837499141693115
3562,996.8840113794431,0.01682436466217041,0.05000000074505806,0.1915000081062317,5.643749713897705
3563,997.1313455523923,0.014817032031714916,0.05000000074505806,0.18000000715255737,5.5625
3564,997.3951888214797,0.01459177304059267,0.05000000074505806,0.1939999908208847,6.0
3565,997.7161450823769,0.01456541009247303,0.05000000074505806,0.19224998354911804,5.724999904632568
3566,998.2745316205546,0.01717112958431244,0.05000000074505806,0.19324998557567596,5.7624993324279785
3567,998.6271732496098,0.017083242535591125,0.05000000074505806,0.18150000274181366,5.7624993324279785
3568,998.8665193729103,0.018372414633631706,0.05000000074505806,0.19475001096725464,5.618749618530273
3569,999.1260804124177,0.017780225723981857,0.05000000074505806,0.1797500103712082,5.399999618530273
3570,999.3511104444042,0.015562362037599087,0.05000000074505806,0.1772499978542328,5.487499713897705
3571,999.5705466931686,0.015961116179823875,0.05000000074505806,0.19074998795986176,5.512499809265137
3572,999.8217619452626,0.015159085392951965,0.05000000074505806,0.18050001561641693,5.456249713897705
3573,1000.0390088371933,0.015380964614450932,0.05000000074505806,0.17775002121925354,5.587499618530273
3574,1000.2598464805633,0.016850607469677925,0.05000000074505806,0.18649999797344208,5.368749618530273
3575,1000.4910160293803,0.017735527828335762,0.05000000074505806,0.19199998676776886,5.743750095367432
3576,1000.7041222499683,0.018491685390472412,0.05000000074505806,0.1810000240802765,5.612499713897705
3577,1000.9653489021584,0.01515998411923647,0.05000000074505806,0.19075000286102295,5.59375
3578,1001.183366574347,0.01519448310136795,0.05000000074505806,0.19675001502037048,5.8125
3579,1001.410503176041,0.018032293766736984,0.05000000074505806,0.17925001680850983,5.7624993324279785
3580,1001.634210973978,0.017539143562316895,0.05000000074505806,0.18550001084804535,5.368749618530273
3581,1001.8792274277657,0.013281428255140781,0.05000000074505806,0.1860000193119049,5.518749713897705
3582,1002.1229549404234,0.013903100043535233,0.05000000074505806,0.18424999713897705,6.0
3583,1002.3773802826181,0.01612466759979725,0.05000000074505806,0.17875002324581146,5.34999942779541
3584,1002.6066293641925,0.015593860298395157,0.05000000074505806,0.19625000655651093,5.631249904632568
3585,1002.8449547160417,0.01662345416843891,0.05000000074505806,0.1730000078678131,5.299999713897705
3586,1003.1218052878976,0.019135527312755585,0.05000000074505806,0.1887499988079071,5.424999713897705
3587,1003.3665501680225,0.015209607779979706,0.05000000074505806,0.17774999141693115,5.41249942779541
3588,1003.634593189694,0.017925314605236053,0.05000000074505806,0.17000000178813934,5.237499713897705
3589,1003.8725541615859,0.015980662778019905,0.05000000074505806,0.18324999511241913,5.418749809265137
3590,1004.2048766687512,0.015601305291056633,0.05000000074505806,0.20100000500679016,5.81874942779541
3591,1004.4388247206807,0.016222700476646423,0.05000000074505806,0.1665000021457672,4.899999618530273
3592,1004.6556338844821,0.01646995171904564,0.05000000074505806,0.20000000298023224,5.837499618530273
3593,1004.8885530661792,0.01322195865213871,0.05000000074505806,0.1875,5.562499523162842
3594,1005.1584820002317,0.01839487999677658,0.05000000074505806,0.1797500103712082,5.5625
3595,1005.3804541015998,0.015440424904227257,0.05000000074505806,0.17749999463558197,5.324999809265137
3596,1005.6132756192237,0.016311040148139,0.05000000074505806,0.19725000858306885,5.756249904632568
3597,1005.8728868234903,0.016882330179214478,0.05000000074505806,0.19374999403953552,5.862499713897705
3598,1006.1042523831129,0.014397675171494484,0.05000000074505806,0.1912499964237213,5.674999713897705
3599,1006.5140446564183,0.014768378809094429,0.05000000074505806,0.18049998581409454,5.531249523162842
3600,1006.7821665173396,0.016766885295510292,0.05000000074505806,0.18275001645088196,5.637499809265137
3601,1007.0014830902219,0.01791146770119667,0.05000000074505806,0.1887499988079071,5.587499618530273
3602,1007.2633721577004,0.015843167901039124,0.05000000074505806,0.1912499964237213,5.662499904632568
3603,1007.5560308182612,0.015902787446975708,0.05000000074505806,0.18275001645088196,5.66249942779541
3604,1008.1817025030032,0.015377074480056763,0.05000000074505806,0.1837500035762787,5.518749713897705
3605,1008.4151789126918,0.015568587929010391,0.05000000074505806,0.17774999141693115,5.256249904632568
3606,1008.6318235537037,0.014696335420012474,0.05000000074505806,0.17949998378753662,5.749999523162842
3607,1008.8492874260992,0.01649884507060051,0.05000000074505806,0.18300001323223114,5.25
3608,1009.0678415130824,0.01620374619960785,0.05000000074505806,0.17774999141693115,5.381250381469727
3609,1009.2983312662691,0.016574809327721596,0.05000000074505806,0.18424999713897705,5.662499904632568
3610,1009.5720762675628,0.01748797297477722,0.05000000074505806,0.18825000524520874,5.6875
3611,1009.8199293725193,0.016847072169184685,0.05000000074505806,0.19299998879432678,5.618749618530273
3612,1010.0777615876868,0.01623738557100296,0.05000000074505806,0.19075000286102295,5.400000095367432
3613,1010.3839348219335,0.01777050457894802,0.05000000074505806,0.1952500194311142,5.987500190734863
3614,1010.7103497404605,0.014113244600594044,0.05000000074505806,0.19900000095367432,5.937499523162842
3615,1011.028444333002,0.014919979497790337,0.05000000074505806,0.17749999463558197,5.337500095367432
3616,1011.2558500040323,0.016322597861289978,0.05000000074505806,0.18825002014636993,5.574999809265137
3617,1011.4764851434156,0.014680292457342148,0.05000000074505806,0.1847500056028366,5.518749713897705
3618,1011.7008823361248,0.017233535647392273,0.05000000074505806,0.15625,4.700000286102295
3619,1011.9369001686573,0.015850447118282318,0.05000000074505806,0.20200000703334808,5.606249809265137
3620,1012.4036911679432,0.01769307069480419,0.05000000074505806,0.18150000274181366,5.537500381469727
3621,1012.6377612613142,0.01891784742474556,0.05000000074505806,0.18049998581409454,5.300000190734863
3622,1012.9086615340784,0.014681600965559483,0.05000000074505806,0.1757500022649765,5.456250190734863
3623,1013.1736864009872,0.017037739977240562,0.05000000074505806,0.19200000166893005,5.599999904632568
3624,1013.5328075513244,0.015845127403736115,0.05000000074505806,0.17399999499320984,5.40000057220459
3625,1013.787777684629,0.01782364957034588,0.05000000074505806,0.19700001180171967,5.75
3626,1014.0112128565088,0.014737635850906372,0.05000000074505806,0.19099999964237213,5.600000381469727
3627,1014.30574439466,0.015363233163952827,0.05000000074505806,0.18774999678134918,5.6999993324279785
3628,1014.5651693046093,0.014835265465080738,0.05000000074505806,0.18725000321865082,5.71875
3629,1014.8176043881103,0.017212988808751106,0.05000000074505806,0.18825000524520874,5.512499809265137
3630,1015.1243860656396,0.01554685179144144,0.05000000074505806,0.17799998819828033,5.299999713897705
3631,1015.3663569903001,0.013824492692947388,0.05000000074505806,0.19474998116493225,5.724999904632568
3632,1015.6315457969904,0.01524250116199255,0.05000000074505806,0.18424999713897705,5.549999713897705
3633,1015.8687286349013,0.013515129685401917,0.05000000074505806,0.18574999272823334,6.049999713897705
3634,1016.0970138320699,0.018222449347376823,0.05000000074505806,0.1912500262260437,5.34375
3635,1016.3266057232395,0.013595206663012505,0.05000000074505806,0.19324998557567596,5.887499809265137
3636,1016.5489653386176,0.018140876665711403,0.05000000074505806,0.17774999141693115,5.5625
3637,1016.9962811861187,0.019833408296108246,0.05000000074505806,0.18974998593330383,5.462499618530273
3638,1017.2761255186051,0.01638810895383358,0.05000000074505806,0.1730000078678131,5.268750190734863
3639,1017.5260230153799,0.015578797087073326,0.05000000074505806,0.1797499805688858,5.362499237060547
3640,1017.7650023540482,0.016586754471063614,0.05000000074505806,0.1807500123977661,5.5625
3641,1017.9834821810946,0.014894215390086174,0.05000000074505806,0.19975000619888306,5.762499809265137
3642,1018.1990680992603,0.018240664154291153,0.05000000074505806,0.17499998211860657,5.237500190734863
3643,1018.4417107664049,0.013857926242053509,0.05000000074505806,0.1927500218153,5.606249809265137
3644,1018.7229053257033,0.01701320894062519,0.05000000074505806,0.1757499873638153,5.362499713897705
3645,1018.9593883175403,0.014341430738568306,0.05000000074505806,0.18950000405311584,5.574999809265137
3646,1019.1784670492634,0.016804389655590057,0.05000000074505806,0.18575000762939453,5.687499523162842
3647,1019.4255872666836,0.014938747510313988,0.05000000074505806,0.2017500102519989,5.949999809265137
3648,1019.7522426014766,0.01478854101151228,0.05000000074505806,0.18000000715255737,5.287499904632568
3649,1019.9803464841098,0.015379894524812698,0.05000000074505806,0.18825000524520874,5.650000095367432
3650,1020.3921237774193,0.016706526279449463,0.05000000074505806,0.17599999904632568,5.3125
3651,1020.6853141654283,0.015463665127754211,0.05000000074505806,0.18975000083446503,5.775000095367432
3652,1020.9398686811328,0.01705465279519558,0.05000000074505806,0.1850000023841858,5.643749237060547
3653,1021.1602718913928,0.01705540157854557,0.05000000074505806,0.17899999022483826,5.3125
3654,1021.3916836492717,0.01483779214322567,0.05000000074505806,0.17874999344348907,5.524999141693115
3655,1021.6568179437891,0.015157677233219147,0.05000000074505806,0.20200000703334808,5.837500095367432
3656,1021.9030696861446,0.016975458711385727,0.05000000074505806,0.20100000500679016,5.943749904632568
3657,1022.1528471661732,0.017888935282826424,0.05000000074505806,0.19200000166893005,5.912499904632568
3658,1022.4010531501845,0.016341032460331917,0.05000000074505806,0.18950000405311584,5.556249618530273
3659,1022.6577507564798,0.016587451100349426,0.05000000074505806,0.19049999117851257,5.78749942779541
3660,1022.9136024489999,0.014970416203141212,0.05000000074505806,0.21149998903274536,6.1750006675720215
3661,1023.1557253124192,0.01684167981147766,0.05000000074505806,0.1784999966621399,5.88124942779541
3662,1023.5122763654217,0.01614009030163288,0.05000000074505806,0.1927499920129776,5.59999942779541
3663,1023.7906807502732,0.014615697786211967,0.05000000074505806,0.18850000202655792,5.5
3664,1024.0471694702283,0.015715567395091057,0.05000000074505806,0.1847500056028366,5.743750095367432
3665,1024.4409536272287,0.017462491989135742,0.05000000074505806,0.19475001096725464,5.706250190734863
3666,1024.673272382468,0.014271322637796402,0.05000000074505806,0.18674999475479126,5.812499523162842
3667,1024.966417785734,0.015067387372255325,0.05000000074505806,0.17675000429153442,5.337500095367432
3668,1025.2170663345605,0.015948737040162086,0.05000000074505806,0.18325001001358032,5.425000190734863
3669,1025.4837122615427,0.017729194834828377,0.05000000074505806,0.19550001621246338,5.887499809265137
3670,1025.746822129935,0.01799016073346138,0.05000000074505806,0.20624999701976776,6.06874942779541
3671,1025.9943116670474,0.013386132195591927,0.05000000074505806,0.19725000858306885,5.962500095367432
3672,1026.2497504884377,0.016063343733549118,0.05000000074505806,0.17374999821186066,5.53749942779541
3673,1026.474525898695,0.014023975469172001,0.05000000074505806,0.20224998891353607,5.743749618530273
3674,1026.7164532616735,0.018398858606815338,0.05000000074505806,0.18725000321865082,5.568749904632568
3675,1026.9606947572902,0.01676732487976551,0.05000000074505806,0.18700000643730164,5.525000095367432
3676,1027.3041618317366,0.01887551136314869,0.05000000074505806,0.18650001287460327,5.84999942779541
3677,1027.5902129178867,0.017229989171028137,0.05000000074505806,0.18800000846385956,5.425000190734863
3678,1027.809474395588,0.014998132362961769,0.05000000074505806,0.19175000488758087,5.700000286102295
3679,1028.1106839189306,0.014968754723668098,0.05000000074505806,0.1810000091791153,5.643750190734863
3680,1028.4578338684514,0.01597951352596283,0.05000000074505806,0.19175000488758087,5.618749618530273
3681,1029.287147540599,0.015877481549978256,0.05000000074505806,0.18049998581409454,5.762499809265137
3682,1029.5397697780281,0.01483206357806921,0.05000000074505806,0.17949998378753662,5.331250190734863
3683,1029.763332400471,0.016037501394748688,0.05000000074505806,0.19325000047683716,5.618749618530273
3684,1030.0126162460074,0.014559056609869003,0.05000000074505806,0.19325000047683716,6.024999618530273
3685,1030.244739452377,0.0151495561003685,0.05000000074505806,0.18424999713897705,5.443749904632568
3686,1030.4815673269331,0.013673603534698486,0.05000000074505806,0.18125000596046448,5.512499809265137
3687,1030.7414361387491,0.017807612195611,0.05000000074505806,0.1692499965429306,5.387499809265137
3688,1030.9893053546548,0.015851056203246117,0.05000000074505806,0.18849998712539673,5.34375
3689,1031.2214154656976,0.01706872135400772,0.05000000074505806,0.18949998915195465,5.643750190734863
3690,1031.4683255953714,0.016360554844141006,0.05000000074505806,0.18825000524520874,5.874999046325684
3691,1031.7263913620263,0.016468916088342667,0.05000000074505806,0.19075000286102295,5.587499618530273
3692,1032.075718943961,0.01564052142202854,0.05000000074505806,0.18299999833106995,5.525000095367432
3693,1032.3456819020212,0.017895935103297234,0.05000000074505806,0.18774999678134918,6.09999942779541
3694,1032.6313723260537,0.01765698753297329,0.05000000074505806,0.18550001084804535,5.481249809265137
3695,1032.8899398334324,0.01566270738840103,0.05000000074505806,0.1889999955892563,5.524999618530273
3696,1033.1602888824418,0.019584789872169495,0.05000000074505806,0.18049998581409454,5.375
3697,1033.4843956716359,0.013619177974760532,0.05000000074505806,0.1977500021457672,5.681250095367432
3698,1033.7145282858983,0.016404012218117714,0.05000000074505806,0.20799998939037323,6.287499904632568
3699,1033.9543372979388,0.017692556604743004,0.05000000074505806,0.1887499988079071,5.712499618530273
3700,1034.2171683888882,0.015743156895041466,0.05000000074505806,0.18474999070167542,5.587499618530273
3701,1034.4602890321985,0.01387237198650837,0.05000000074505806,0.19725000858306885,5.8249993324279785
3702,1034.693150728941,0.014861881732940674,0.05000000074505806,0.18575000762939453,5.549999237060547
3703,1035.3372021764517,0.017301909625530243,0.05000000074505806,0.19200000166893005,5.78125
3704,1035.565873870626,0.012411864474415779,0.05000000074505806,0.1914999932050705,5.675000190734863
3705,1035.817313157022,0.014156612567603588,0.05000000074505806,0.17774999141693115,5.387499809265137
3706,1036.0957508804277,0.014998670667409897,0.05000000074505806,0.1862500011920929,5.543749809265137
3707,1036.360711954534,0.013727783225476742,0.05000000074505806,0.18800000846385956,5.5625
3708,1036.6401464035735,0.015899989753961563,0.05000000074505806,0.19199997186660767,5.787499904632568
3709,1036.8651100564748,0.01523950882256031,0.05000000074505806,0.20549999177455902,6.149999618530273
3710,1037.087706915103,0.01530596986413002,0.05000000074505806,0.19999998807907104,5.893750190734863
3711,1037.350029623136,0.016284726560115814,0.05000000074505806,0.1784999817609787,5.387499809265137
3712,1037.726078376174,0.015310017392039299,0.05000000074505806,0.19200000166893005,5.7624993324279785
3713,1037.989939276129,0.013988487422466278,0.05000000074505806,0.1847500056028366,5.425000190734863
3714,1038.873698505573,0.017786923795938492,0.05000000074505806,0.1850000023841858,5.649999618530273
3715,1039.1658935192972,0.013226130977272987,0.05000000074505806,0.18300001323223114,5.481249809265137
3716,1039.4629862681031,0.01622018963098526,0.05000000074505806,0.1887499988079071,5.612500190734863
3717,1039.7482731826603,0.014351073652505875,0.05000000074505806,0.18574999272823334,5.624999523162842
3718,1039.9769869651645,0.01729867421090603,0.05000000074505806,0.2017499953508377,5.862500190734863
3719,1040.1959745204076,0.016817525029182434,0.05000000074505806,0.19174998998641968,5.806250095367432
3720,1040.4113981472328,0.017517946660518646,0.05000000074505806,0.16825000941753387,5.125
3721,1040.6368939066306,0.015416257083415985,0.05000000074505806,0.20125000178813934,5.674999713897705
3722,1040.8664616774768,0.018984222784638405,0.05000000074505806,0.1940000206232071,5.84999942779541
3723,1041.1117659173906,0.01445806585252285,0.05000000074505806,0.18200001120567322,5.5625
3724,1041.438702900894,0.01600544899702072,0.05000000074505806,0.18725000321865082,5.612499713897705
3725,1041.7122796997428,0.020093128085136414,0.05000000074505806,0.18200001120567322,5.387499809265137
3726,1041.9709030203521,0.015072628855705261,0.05000000074505806,0.17549999058246613,5.4375
3727,1042.2762238914147,0.012563210912048817,0.05000000074505806,0.18799999356269836,5.418749809265137
3728,1042.5090733962134,0.016667502000927925,0.05000000074505806,0.18924999237060547,5.681250095367432
3729,1042.8109174724668,0.015815123915672302,0.05000000074505806,0.19450001418590546,5.987499237060547
3730,1043.096018803306,0.016655338928103447,0.05000000074505806,0.18449999392032623,5.537500381469727
3731,1043.3564730519429,0.015251382254064083,0.05000000074505806,0.20150001347064972,5.981249809265137
3732,1043.6032592896372,0.014525438658893108,0.05000000074505806,0.1927499920129776,5.612499713897705
3733,1043.853421206586,0.016042927280068398,0.05000000074505806,0.17675000429153442,5.543749809265137
3734,1044.0846749003977,0.013996239751577377,0.05000000074505806,0.1992499977350235,5.868749618530273
3735,1044.6259712744504,0.015874912962317467,0.05000000074505806,0.17550000548362732,5.737499713897705
3736,1044.8619193173945,0.014527945779263973,0.05000000074505806,0.18275001645088196,5.150000095367432
3737,1045.108847822994,0.013999584130942822,0.05000000074505806,0.19099998474121094,5.712499618530273
3738,1045.3276735516265,0.016970470547676086,0.05000000074505806,0.19175000488758087,6.212500095367432
3739,1045.5498625589535,0.014806825667619705,0.05000000074505806,0.17424999177455902,5.106250286102295
3740,1045.7698172060773,0.01318973209708929,0.05000000074505806,0.19825001060962677,5.893749713897705
3741,1045.9994580950588,0.01696586050093174,0.05000000074505806,0.1810000091791153,5.300000190734863
3742,1046.2307933429256,0.016138732433319092,0.05000000074505806,0.20000000298023224,5.931250095367432
3743,1046.4739142879844,0.01412507239729166,0.05000000074505806,0.18799999356269836,5.643749713897705
3744,1046.709469286725,0.01615462265908718,0.05000000074505806,0.1732500046491623,5.149999618530273
3745,1046.9476970452815,0.017471475526690483,0.05000000074505806,0.1899999976158142,5.493749618530273
3746,1047.1948066148907,0.014569860883057117,0.05000000074505806,0.1875,5.700000286102295
3747,1047.4349095448852,0.01594671979546547,0.05000000074505806,0.19475001096725464,5.837500095367432
3748,1047.7036857623607,0.014165964908897877,0.05000000074505806,0.18700000643730164,5.656249523162842
3749,1048.057595894672,0.013949787244200706,0.05000000074505806,0.1875,5.65625
3750,1048.433870755136,0.018531376495957375,0.05000000074505806,0.1875,5.562499523162842
3751,1048.6622886089608,0.015342453494668007,0.05000000074505806,0.18324999511241913,5.7624993324279785
3752,1048.8938064724207,0.015831388533115387,0.05000000074505806,0.20025001466274261,5.731250286102295
3753,1049.1688585039228,0.013913124799728394,0.05000000074505806,0.17899999022483826,5.5
3754,1049.4094125786796,0.015047548338770866,0.05000000074505806,0.17299999296665192,5.225000381469727
3755,1049.6660260744393,0.013532831333577633,0.05000000074505806,0.1887499988079071,5.543749809265137
3756,1050.0625410545617,0.01643422804772854,0.05000000074505806,0.17874999344348907,5.400000095367432
3757,1050.3771280599758,0.016629332676529884,0.05000000074505806,0.18174999952316284,5.424999713897705
3758,1050.6544857881963,0.019746743142604828,0.05000000074505806,0.19074998795986176,5.65625
3759,1050.9201397141442,0.01599622145295143,0.05000000074505806,0.1835000067949295,5.562499523162842
3760,1051.1797075029463,0.019235149025917053,0.05000000074505806,0.19750000536441803,5.843749523162842
3761,1051.4847103822976,0.0163556057959795,0.05000000074505806,0.18400000035762787,5.5
3762,1051.7839418314397,0.017333103343844414,0.05000000074505806,0.1835000067949295,5.5
3763,1052.0182428043336,0.01560296956449747,0.05000000074505806,0.1915000081062317,5.737499713897705
3764,1052.2518456354737,0.01640753634274006,0.05000000074505806,0.19349998235702515,5.725000381469727
3765,1052.4921107646078,0.014878087677061558,0.05000000074505806,0.1667499989271164,5.074999809265137
3766,1052.7512794472277,0.015796586871147156,0.05000000074505806,0.17650002241134644,5.09375
3767,1052.9955032421276,0.014897668734192848,0.05000000074505806,0.19575002789497375,5.843749523162842
3768,1053.2219322090968,0.016463611274957657,0.05000000074505806,0.1772499978542328,5.800000190734863
3769,1053.484126061201,0.016414066776633263,0.05000000074505806,0.20275001227855682,5.475000381469727
3770,1053.7057193713263,0.013906282372772694,0.05000000074505806,0.1889999955892563,5.849999904632568
3771,1053.9244054649025,0.017114780843257904,0.05000000074505806,0.18599998950958252,5.987500190734863
3772,1054.1449023494497,0.017496664077043533,0.05000000074505806,0.19224999845027924,5.481249809265137
3773,1054.4066292569041,0.017707090824842453,0.05000000074505806,0.19049999117851257,5.743750095367432
3774,1054.6257006712258,0.01818125694990158,0.05000000074505806,0.18674999475479126,5.437500476837158
3775,1054.973266158253,0.01620466262102127,0.05000000074505806,0.18975001573562622,5.749999046325684
3776,1055.2289990261197,0.01585421711206436,0.05000000074505806,0.17925001680850983,5.424999713897705
3777,1055.4515550993383,0.016287455335259438,0.05000000074505806,0.1810000091791153,5.5
3778,1055.6916195172817,0.017524993047118187,0.05000000074505806,0.17924998700618744,5.512499809265137
3779,1055.9513219920918,0.014699817635118961,0.05000000074505806,0.1965000033378601,5.65625
3780,1056.182350659743,0.014072682708501816,0.05000000074505806,0.18850000202655792,6.099999904632568
3781,1056.4267583107576,0.016349002718925476,0.05000000074505806,0.1850000023841858,5.512500286102295
3782,1056.7401821054518,0.01569157838821411,0.05000000074505806,0.19575001299381256,5.668749809265137
3783,1057.6211917577311,0.017121970653533936,0.05000000074505806,0.1769999861717224,5.412499904632568
3784,1057.900056679733,0.016325436532497406,0.05000000074505806,0.17899999022483826,5.387499809265137
3785,1058.1326880715787,0.017632752656936646,0.05000000074505806,0.1822499781847,5.362500190734863
3786,1058.3583429027349,0.014636848121881485,0.05000000074505806,0.1807500123977661,5.512499809265137
3787,1058.5764497593045,0.014811313711106777,0.05000000074505806,0.1835000067949295,5.568749904632568
3788,1058.8440986620262,0.015719864517450333,0.05000000074505806,0.1862500011920929,5.4375
3789,1059.115717181936,0.015350451692938805,0.05000000074505806,0.1860000044107437,5.724999904632568
3790,1059.3482437450439,0.015825044363737106,0.05000000074505806,0.19450001418590546,5.756249904632568
3791,1059.5648589283228,0.014064235612750053,0.05000000074505806,0.2017499953508377,5.9375
3792,1059.7999586453661,0.018439583480358124,0.05000000074505806,0.1772499978542328,5.275000095367432
3793,1060.088891081512,0.018850678578019142,0.05000000074505806,0.18174999952316284,5.599999904632568
3794,1060.3445253428072,0.016389301046729088,0.05000000074505806,0.19325000047683716,5.56874942779541
3795,1060.579470526427,0.015960080549120903,0.05000000074505806,0.1887499988079071,5.537499904632568
3796,1060.8861190602183,0.014607872813940048,0.05000000074505806,0.18575000762939453,5.706250190734863
3797,1061.134399005212,0.015642326325178146,0.05000000074505806,0.19049999117851257,5.650000095367432
3798,1061.4214129382744,0.01630479469895363,0.05000000074505806,0.19325000047683716,5.787499904632568
3799,1061.7759272642434,0.016134046018123627,0.05000000074505806,0.18825000524520874,5.900000095367432
3800,1062.0113818310201,0.017166264355182648,0.05000000074505806,0.18575000762939453,5.3874993324279785
3801,1062.2478733332828,0.014975298196077347,0.05000000074505806,0.17399999499320984,5.612499713897705
3802,1062.5354848084971,0.015313496813178062,0.05000000074505806,0.19699998199939728,5.4375
3803,1062.755627611652,0.017371129244565964,0.05000000074505806,0.19299998879432678,5.856250286102295
3804,1063.0087486347184,0.01718452014029026,0.05000000074505806,0.17075000703334808,5.174999713897705
3805,1063.2690763631836,0.01727491058409214,0.05000000074505806,0.17774999141693115,5.356249809265137
3806,1063.521632835269,0.014073149301111698,0.05000000074505806,0.19049999117851257,5.53125
3807,1063.7521111201495,0.014472694136202335,0.05000000074505806,0.18700000643730164,5.524999141693115
3808,1063.990566781722,0.0140554029494524,0.05000000074505806,0.1927500218153,5.774999618530273
3809,1064.2744976365939,0.014126216061413288,0.05000000074505806,0.19850000739097595,5.918749809265137
3810,1064.4905476393178,0.015475933440029621,0.05000000074505806,0.1784999966621399,5.337500095367432
3811,1064.7154752332717,0.017863411456346512,0.05000000074505806,0.18950000405311584,5.718749523162842
3812,1064.942595379427,0.016700932756066322,0.05000000074505806,0.19199998676776886,5.612499713897705
3813,1065.8168707573786,0.014477391727268696,0.05000000074505806,0.18199998140335083,5.812500476837158
3814,1066.0459452047944,0.01396158430725336,0.05000000074505806,0.1902499943971634,5.493749618530273
3815,1066.2649785261601,0.01626373454928398,0.05000000074505806,0.18850000202655792,5.618749618530273
3816,1066.4809211166576,0.013212442398071289,0.05000000074505806,0.18500001728534698,5.637499809265137
3817,1066.7006242861971,0.017795052379369736,0.05000000074505806,0.19224999845027924,5.69374942779541
3818,1066.9459424521774,0.01574130356311798,0.05000000074505806,0.20000000298023224,5.918749809265137
3819,1067.196278160438,0.015229318290948868,0.05000000074505806,0.17750002443790436,5.362499713897705
3820,1067.4150678701699,0.016250181943178177,0.05000000074505806,0.18724998831748962,5.5749993324279785
3821,1067.6350115863606,0.015927782282233238,0.05000000074505806,0.19324998557567596,5.693749904632568
3822,1067.8601461322978,0.013578802347183228,0.05000000074505806,0.1847500056028366,5.687499523162842
3823,1068.58048169408,0.017212001606822014,0.05000000074505806,0.18800000846385956,5.674999713897705
3824,1068.8028013892472,0.016110416501760483,0.05000000074505806,0.19725000858306885,5.731249809265137
3825,1069.0177611969411,0.015409301966428757,0.05000000074505806,0.1860000044107437,5.525000095367432
3826,1069.2630750061944,0.01236440148204565,0.05000000074505806,0.17775002121925354,5.531249523162842
3827,1070.0469980090857,0.013307672925293446,0.05000000074505806,0.1942499876022339,5.656249523162842
3828,1070.3345991950482,0.01502895075827837,0.05000000074505806,0.19174998998641968,5.824999809265137
3829,1070.5790304820985,0.01630607806146145,0.05000000074505806,0.195499986410141,6.000000476837158
3830,1070.8556780647486,0.016199694946408272,0.05000000074505806,0.1874999850988388,5.456250190734863
3831,1071.098134382628,0.01485287956893444,0.05000000074505806,0.179500013589859,5.549999237060547
3832,1072.1519075371325,0.016541503369808197,0.05000000074505806,0.20074999332427979,5.793749809265137
3833,1072.4634898444638,0.015761423856019974,0.05000000074505806,0.17899999022483826,5.412500381469727
3834,1072.699597319588,0.017344681546092033,0.05000000074505806,0.1782500147819519,5.424999713897705
3835,1072.9198483070359,0.017844446003437042,0.05000000074505806,0.1860000044107437,5.518749713897705
3836,1073.2337645031512,0.016081325709819794,0.05000000074505806,0.18975000083446503,5.61875057220459
3837,1073.5975922057405,0.0194716639816761,0.05000000074505806,0.1862500011920929,5.699999809265137
3838,1073.9235070031136,0.013490435667335987,0.05000000074505806,0.18049998581409454,5.46875
3839,1074.1963611533865,0.015480224043130875,0.05000000074505806,0.19224998354911804,5.65625
3840,1074.4411300988868,0.017078153789043427,0.05000000074505806,0.18400000035762787,5.5
3841,1074.6864410908893,0.0170849971473217,0.05000000074505806,0.19025000929832458,5.737499713897705
3842,1074.9171504434198,0.014095545746386051,0.05000000074505806,0.18300001323223114,5.443750381469727
3843,1075.1454902896658,0.015866471454501152,0.05000000074505806,0.18425001204013824,5.5
3844,1075.4939364036545,0.01253142487257719,0.05000000074505806,0.18275000154972076,5.581250190734863
3845,1075.7271534241736,0.014676622115075588,0.05000000074505806,0.1939999908208847,5.693749904632568
3846,1075.942168738693,0.013727940618991852,0.05000000074505806,0.18375001847743988,5.537499904632568
3847,1076.183683061041,0.015069824643433094,0.05000000074505806,0.19074998795986176,5.6875
3848,1076.4161886451766,0.015883389860391617,0.05000000074505806,0.18850001692771912,5.618750095367432
3849,1076.6303448416293,0.01404182892292738,0.05000000074505806,0.1914999932050705,5.737499713897705
3850,1076.9134489409626,0.016250524669885635,0.05000000074505806,0.18825000524520874,5.668749809265137
3851,1077.149360133335,0.014752327464520931,0.05000000074505806,0.18400000035762787,5.556250095367432
3852,1077.3807047884911,0.014139676466584206,0.05000000074505806,0.1784999966621399,5.362499713897705
3853,1077.601120618172,0.01441516075283289,0.05000000074505806,0.17350000143051147,5.356249809265137
3854,1077.851559001021,0.018886029720306396,0.05000000074505806,0.18425001204013824,5.368750095367432
3855,1078.0965495370328,0.013331633061170578,0.05000000074505806,0.18449999392032623,5.899999618530273
3856,1078.3475634185597,0.01478857733309269,0.05000000074505806,0.18375001847743988,5.46875
3857,1078.567654964514,0.01617293804883957,0.05000000074505806,0.19324998557567596,5.61875057220459
3858,1078.7950965287164,0.017614083364605904,0.05000000074505806,0.1704999953508377,5.187500476837158
3859,1079.1268458655104,0.015732377767562866,0.05000000074505806,0.19725000858306885,5.575000762939453
3860,1079.3698331275955,0.015343629755079746,0.05000000074505806,0.19750000536441803,5.962499618530273
3861,1079.6578386584297,0.01661372371017933,0.05000000074505806,0.18924999237060547,5.912499904632568
3862,1080.0338606415316,0.016800610348582268,0.05000000074505806,0.171750009059906,5.268750190734863
3863,1080.3062168993056,0.020027361810207367,0.05000000074505806,0.18549999594688416,5.4375
3864,1080.5476710069925,0.014118501916527748,0.05000000074505806,0.18474999070167542,5.475000381469727
3865,1080.8086539171636,0.013197456486523151,0.05000000074505806,0.18125000596046448,5.4375
3866,1081.104207571596,0.017876036465168,0.05000000074505806,0.18125000596046448,5.506250381469727
3867,1081.3610819010064,0.021110493689775467,0.05000000074505806,0.1680000126361847,5.0
3868,1081.6057682810351,0.01570442132651806,0.05000000074505806,0.19875000417232513,5.6875
3869,1081.8926344653592,0.017415279522538185,0.05000000074505806,0.195499986410141,5.86875057220459
3870,1082.1889712223783,0.014104239642620087,0.05000000074505806,0.17649999260902405,5.624999523162842
3871,1082.5145435119048,0.014357106760144234,0.05000000074505806,0.18925000727176666,5.399999618530273
3872,1082.7642298806459,0.015449127182364464,0.05000000074505806,0.18000000715255737,5.431250095367432
3873,1083.0176285477355,0.013643119484186172,0.05000000074505806,0.18850000202655792,5.762499809265137
3874,1083.3175019519404,0.014920149929821491,0.05000000074505806,0.19624997675418854,5.837499618530273
3875,1083.5666559617966,0.014708143658936024,0.05000000074505806,0.18524999916553497,5.531249523162842
3876,1083.801234010607,0.017933642491698265,0.05000000074505806,0.1667499989271164,5.0625
3877,1084.1687326347455,0.015651240944862366,0.05000000074505806,0.18275001645088196,5.368750095367432
3878,1084.4464130531996,0.016023023054003716,0.05000000074505806,0.18275000154972076,5.40625
3879,1084.6754338871688,0.013383308425545692,0.05000000074505806,0.19050000607967377,6.112499713897705
3880,1085.128088816069,0.015249701216816902,0.05000000074505806,0.17799998819828033,5.399999618530273
3881,1085.4109076457098,0.013863127678632736,0.05000000074505806,0.18675000965595245,5.425000190734863
3882,1085.6836456451565,0.014021477662026882,0.05000000074505806,0.1732500046491623,5.499999523162842
3883,1085.9355476992205,0.014800982549786568,0.05000000074505806,0.1784999966621399,5.131249904632568
3884,1086.1780056292191,0.014377463608980179,0.05000000074505806,0.18649999797344208,5.574999809265137
3885,1086.407478319481,0.017396848648786545,0.05000000074505806,0.19249999523162842,6.024999141693115
3886,1086.6478328360245,0.01607409119606018,0.05000000074505806,0.19174998998641968,5.637499809265137
3887,1086.9064609277993,0.018143581226468086,0.05000000074505806,0.2057500034570694,6.100000381469727
3888,1087.127365543507,0.016338150948286057,0.05000000074505806,0.18299999833106995,5.8125
3889,1087.3534763576463,0.015962902456521988,0.05000000074505806,0.17774999141693115,5.262500286102295
3890,1087.5842846175656,0.018855048343539238,0.05000000074505806,0.18449999392032623,5.462500095367432
3891,1087.8119297167286,0.014218262396752834,0.05000000074505806,0.1887499988079071,5.975000381469727
3892,1088.0504834931344,0.014892791397869587,0.05000000074505806,0.19825001060962677,5.81874942779541
3893,1088.2806276949123,0.016866153106093407,0.05000000074505806,0.18650001287460327,5.531249523162842
3894,1088.5273490687832,0.01750005967915058,0.05000000074505806,0.17299999296665192,5.712499618530273
3895,1088.836770313792,0.017666583880782127,0.05000000074505806,0.18275000154972076,5.443749904632568
3896,1089.1046347441152,0.013341820798814297,0.05000000074505806,0.1952500194311142,5.475000381469727
3897,1089.3535864716396,0.013760088011622429,0.05000000074505806,0.18450000882148743,5.587499618530273
3898,1089.589730204083,0.016435373574495316,0.05000000074505806,0.19200000166893005,5.543749809265137
3899,1089.8222069833428,0.015688367187976837,0.05000000074505806,0.1875,5.762499809265137
3900,1090.072030520998,0.017397060990333557,0.05000000074505806,0.18025001883506775,5.787499904632568
3901,1090.3401775071397,0.017708241939544678,0.05000000074505806,0.18325001001358032,5.368749618530273
3902,1090.5762588623911,0.017986314371228218,0.05000000074505806,0.1822500228881836,5.38124942779541
3903,1090.8427486503497,0.012480594217777252,0.05000000074505806,0.18800000846385956,5.6875
3904,1091.096278326586,0.01564212702214718,0.05000000074505806,0.1862500011920929,5.743750095367432
3905,1091.339184956625,0.013641091994941235,0.05000000074505806,0.1902499794960022,5.525000095367432
3906,1091.5853856736794,0.015527567826211452,0.05000000074505806,0.18650001287460327,5.324999809265137
3907,1091.856051149778,0.01774117350578308,0.05000000074505806,0.18250000476837158,5.756249904632568
3908,1092.0766487419605,0.01321313064545393,0.05000000074505806,0.17075000703334808,5.074999809265137
3909,1092.3357482664287,0.012684701941907406,0.05000000074505806,0.1862500011920929,5.737500190734863
3910,1092.5557324578986,0.015914086252450943,0.05000000074505806,0.20399999618530273,5.831250190734863
3911,1092.8861905802041,0.015013234689831734,0.05000000074505806,0.1847500056028366,5.675000190734863
3912,1093.195850445889,0.018456798046827316,0.05000000074505806,0.17000000178813934,5.212499618530273
3913,1093.4998637316748,0.01353513728827238,0.05000000074505806,0.1887500137090683,5.606249809265137
3914,1093.7609468903393,0.015713369473814964,0.05000000074505806,0.19175000488758087,5.550000190734863
3915,1093.9949536770582,0.016308067366480827,0.05000000074505806,0.18675000965595245,5.449999809265137
3916,1094.2366897305474,0.014418881386518478,0.05000000074505806,0.19725000858306885,5.7312493324279785
3917,1094.50148925744,0.016862479969859123,0.05000000074505806,0.179500013589859,5.631250381469727
3918,1094.7760495785624,0.017321214079856873,0.05000000074505806,0.17599999904632568,5.362499713897705
3919,1095.0500072259456,0.01689540222287178,0.05000000074505806,0.19299998879432678,5.75
3920,1095.3671594113111,0.01532604731619358,0.05000000074505806,0.18250000476837158,5.356249809265137
3921,1095.6700655389577,0.015927862375974655,0.05000000074505806,0.18200001120567322,5.550000190734863
3922,1095.9564337302,0.01601206511259079,0.05000000074505806,0.19200000166893005,5.63124942779541
3923,1096.1862799171358,0.014080557972192764,0.05000000074505806,0.18574999272823334,5.587500095367432
3924,1096.4438041271642,0.016848692670464516,0.05000000074505806,0.1942499876022339,6.074999809265137
3925,1096.703007417731,0.015505693852901459,0.05000000074505806,0.18125000596046448,5.425000190734863
3926,1096.9217503592372,0.014610330574214458,0.05000000074505806,0.18275001645088196,5.493750095367432
3927,1097.1886434210464,0.014628943055868149,0.05000000074505806,0.18024998903274536,5.562500476837158
3928,1097.4511087276042,0.013284152373671532,0.05000000074505806,0.20149999856948853,5.868749618530273
3929,1097.7075557978824,0.015742167830467224,0.05000000074505806,0.1809999793767929,5.418750286102295
3930,1098.0625397721305,0.015073723159730434,0.05000000074505806,0.1822500228881836,5.762500286102295
3931,1098.2877164585516,0.01801968552172184,0.05000000074505806,0.19875000417232513,5.65625
3932,1098.5417756773531,0.011912671849131584,0.05000000074505806,0.18774999678134918,5.681250095367432
3933,1098.7870714515448,0.01349981315433979,0.05000000074505806,0.1822500079870224,5.6999993324279785
3934,1099.0518023781478,0.014635846950113773,0.05000000074505806,0.18699999153614044,5.499999523162842
3935,1099.5697950031608,0.013387346640229225,0.05000000074505806,0.19900000095367432,5.856249809265137
3936,1099.8193586496636,0.016197901219129562,0.05000000074505806,0.18775001168251038,5.824999809265137
3937,1100.0580078419298,0.014100153930485249,0.05000000074505806,0.1952499896287918,5.71875
3938,1100.2923696776852,0.01658584736287594,0.05000000074505806,0.1810000091791153,5.468749523162842
3939,1100.529207359068,0.0171174556016922,0.05000000074505806,0.19325000047683716,6.0
3940,1100.774999045767,0.015316793695092201,0.05000000074505806,0.2032500058412552,5.881249904632568
3941,1101.0426141386852,0.016633572056889534,0.05000000074505806,0.18700000643730164,5.706250190734863
3942,1101.2666771039367,0.015967948362231255,0.05000000074505806,0.1875,5.524999618530273
3943,1101.512039377354,0.013365751132369041,0.05000000074505806,0.18975000083446503,5.699999809265137
3944,1101.7397971088067,0.01659683883190155,0.05000000074505806,0.1745000034570694,5.331250190734863
3945,1101.9875987693667,0.015633217990398407,0.05000000074505806,0.1744999885559082,5.662499904632568
3946,1102.235029047355,0.015328427776694298,0.05000000074505806,0.1927500218153,5.381250381469727
3947,1102.5075943134725,0.01691819541156292,0.05000000074505806,0.18825000524520874,5.675000190734863
3948,1102.726776689291,0.01770361140370369,0.05000000074505806,0.1847500056028366,5.475000381469727
3949,1102.9872174104676,0.01460967306047678,0.05000000074505806,0.1912499964237213,5.78125
3950,1103.3589064115658,0.014361225999891758,0.05000000074505806,0.1860000044107437,5.53125
3951,1103.5923919277266,0.016515130177140236,0.05000000074505806,0.18500001728534698,5.487499713897705
3952,1103.838265106082,0.01706533133983612,0.05000000074505806,0.2017500102519989,5.881250381469727
3953,1104.1303277276456,0.01703832671046257,0.05000000074505806,0.1899999976158142,5.793749809265137
3954,1104.4916573744267,0.01716669835150242,0.05000000074505806,0.1847500056028366,5.75
3955,1104.759555495344,0.013935391791164875,0.05000000074505806,0.18425001204013824,5.456249713897705
3956,1105.0038121147081,0.014888236299157143,0.05000000074505806,0.18774999678134918,5.58750057220459
3957,1105.2259464180097,0.014536039903759956,0.05000000074505806,0.1810000091791153,5.412500381469727
3958,1105.4603273198009,0.015010878443717957,0.05000000074505806,0.19174998998641968,5.675000190734863
3959,1105.7734567672014,0.015697041526436806,0.05000000074505806,0.17725002765655518,5.368749618530273
3960,1106.0368775418028,0.013074260205030441,0.05000000074505806,0.1862500011920929,5.749999523162842
3961,1106.285125897266,0.014386618509888649,0.05000000074505806,0.1875,5.612499713897705
3962,1106.5440833289176,0.016667669638991356,0.05000000074505806,0.18125002086162567,5.387500286102295
3963,1106.825872930698,0.014611704275012016,0.05000000074505806,0.17775002121925354,5.349999904632568
3964,1107.0830428600311,0.014501825906336308,0.05000000074505806,0.19975000619888306,5.862500190734863
3965,1107.34259533789,0.014645064249634743,0.05000000074505806,0.18724998831748962,5.581249713897705
3966,1107.5896899104118,0.01616128534078598,0.05000000074505806,0.19075000286102295,5.725000381469727
3967,1107.856271759607,0.013646415434777737,0.05000000074505806,0.19900000095367432,5.949999809265137
3968,1108.0738208116964,0.015901489183306694,0.05000000074505806,0.19475001096725464,5.799999713897705
3969,1108.3166990401223,0.01670382358133793,0.05000000074505806,0.19199998676776886,5.6875
3970,1108.5655589150265,0.015419062227010727,0.05000000074505806,0.19224998354911804,5.849999904632568
3971,1108.8868077965453,0.014452698640525341,0.05000000074505806,0.19049999117851257,5.674999713897705
3972,1109.161339697428,0.01723065972328186,0.05000000074505806,0.17775002121925354,5.599999904632568
3973,1109.4660973129794,0.01565166376531124,0.05000000074505806,0.1860000044107437,5.387499809265137
3974,1110.039993881248,0.012827870436012745,0.05000000074505806,0.18800000846385956,5.606249809265137
3975,1110.3316870424896,0.014198795892298222,0.05000000074505806,0.19200000166893005,5.75
3976,1110.618609301746,0.014993429183959961,0.05000000074505806,0.18549999594688416,5.649999618530273
3977,1110.8632782315835,0.014627465978264809,0.05000000074505806,0.18699999153614044,5.587500095367432
3978,1111.1560401283205,0.014650527387857437,0.05000000074505806,0.18575000762939453,5.824999809265137
3979,1111.450396001339,0.016690116375684738,0.05000000074505806,0.18450000882148743,5.531249523162842
3980,1111.6950899679214,0.016345998272299767,0.05000000074505806,0.1887499988079071,5.53125
3981,1111.9349155072123,0.016034485772252083,0.05000000074505806,0.1862500011920929,5.724999904632568
3982,1112.1920584142208,0.0147588811814785,0.05000000074505806,0.19499999284744263,5.6875
3983,1112.4669057326391,0.017356539145112038,0.05000000074505806,0.18424999713897705,5.587500095367432
3984,1112.685044481419,0.01425141841173172,0.05000000074505806,0.1847500056028366,5.862500190734863
3985,1112.9909514850006,0.015475483611226082,0.05000000074505806,0.19200000166893005,5.5625
3986,1113.3377486476675,0.012745469808578491,0.05000000074505806,0.19099999964237213,5.699999809265137
3987,1113.7003857800737,0.017493024468421936,0.05000000074505806,0.17874999344348907,5.625
3988,1113.9514139201492,0.01681523397564888,0.05000000074505806,0.1887499988079071,5.431250095367432
3989,1114.1978802727535,0.01429513655602932,0.05000000074505806,0.1847500056028366,5.5625
3990,1114.4913423331454,0.014135720208287239,0.05000000074505806,0.18525001406669617,5.487500190734863
3991,1114.721712580882,0.015063918195664883,0.05000000074505806,0.18850000202655792,5.687499523162842
3992,1115.0049773361534,0.016433235257864,0.05000000074505806,0.18325001001358032,5.493749618530273
3993,1115.260869254358,0.015634363517165184,0.05000000074505806,0.1850000023841858,5.862499237060547
3994,1115.5776486033574,0.015312373638153076,0.05000000074505806,0.1837500035762787,5.418749809265137
3995,1115.8077191133052,0.015777770429849625,0.05000000074505806,0.2042500078678131,5.974999904632568
3996,1116.0441795811057,0.017697062343358994,0.05000000074505806,0.17225000262260437,5.53749942779541
3997,1116.2954602697864,0.015161115676164627,0.05000000074505806,0.1902499943971634,5.337499618530273
3998,1116.529787898995,0.01745099574327469,0.05000000074505806,0.19449998438358307,5.818750381469727
3999,1116.7606910150498,0.01710584945976734,0.05000000074505806,0.1770000010728836,5.5
4000,1117.3029714236036,0.016917627304792404,0.05000000074505806,0.18275001645088196,5.368749618530273
4001,1117.5487446729094,0.015047479420900345,0.05000000074505806,0.18799999356269836,5.575000286102295
4002,1117.905894126743,0.015508629381656647,0.05000000074505806,0.17674998939037323,5.425000190734863
4003,1118.1648727180436,0.015122968703508377,0.05000000074505806,0.19599997997283936,5.78749942779541
4004,1118.4085450610146,0.016624148935079575,0.05000000074505806,0.1952499896287918,5.699999809265137
4005,1118.6541843982413,0.01704651489853859,0.05000000074505806,0.18400001525878906,5.924999713897705
4006,1118.917869281955,0.013230369426310062,0.05000000074505806,0.18049998581409454,5.375
4007,1119.309764248319,0.01985953375697136,0.05000000074505806,0.18125000596046448,5.30625057220459
4008,1119.5767003586516,0.015207599848508835,0.05000000074505806,0.1860000044107437,5.66249942779541
4009,1119.8649313254282,0.01588681899011135,0.05000000074505806,0.19224998354911804,5.675000190734863
4010,1120.2292003063485,0.017376018688082695,0.05000000074505806,0.17475000023841858,5.318749904632568
4011,1120.657553982921,0.017573000863194466,0.05000000074505806,0.1772499978542328,5.75
4012,1120.9081273125485,0.016403036192059517,0.05000000074505806,0.18975000083446503,5.456249713897705
4013,1121.2203697403893,0.0173672903329134,0.05000000074505806,0.18575000762939453,5.487500190734863
4014,1121.5039193136618,0.014343244023621082,0.05000000074505806,0.19499999284744263,5.775000095367432
4015,1121.774301789701,0.0151759572327137,0.05000000074505806,0.19600000977516174,5.818749904632568
4016,1122.0934834452346,0.015083207748830318,0.05000000074505806,0.17499999701976776,5.443750381469727
4017,1122.339385399595,0.016174525022506714,0.05000000074505806,0.18700000643730164,5.875
4018,1122.5898219887167,0.01527971401810646,0.05000000074505806,0.1835000067949295,5.5
4019,1122.8516987580806,0.016117645427584648,0.05000000074505806,0.19300001859664917,5.650000095367432
4020,1123.069753668271,0.0171392560005188,0.05000000074505806,0.18724998831748962,5.574999809265137
4021,1123.2999329352751,0.01703929342329502,0.05000000074505806,0.17249999940395355,5.399999618530273
4022,1123.5413507279009,0.01596233807504177,0.05000000074505806,0.18675000965595245,5.474999904632568
4023,1123.7810542779043,0.01704167202115059,0.05000000074505806,0.18125000596046448,5.25
4024,1124.254798152484,0.014590506441891193,0.05000000074505806,0.1837500035762787,5.612500190734863
4025,1124.4983205115423,0.01637962833046913,0.05000000074505806,0.17874999344348907,5.356249809265137
4026,1124.7142255622894,0.014959394000470638,0.05000000074505806,0.17400000989437103,5.162500381469727
4027,1124.9747673934326,0.014415708370506763,0.05000000074505806,0.18524999916553497,5.5625
4028,1125.2090196209028,0.015110190957784653,0.05000000074505806,0.18400000035762787,5.437499523162842
4029,1125.4503339491785,0.014522152952849865,0.05000000074505806,0.18275000154972076,5.6374993324279785
4030,1125.7055212445557,0.014769806526601315,0.05000000074505806,0.18925003707408905,5.643749713897705
4031,1126.4791770810261,0.016039535403251648,0.05000000074505806,0.18700000643730164,5.512499809265137
4032,1126.747749298811,0.016206849366426468,0.05000000074505806,0.1824999749660492,5.649999618530273
4033,1127.4216053411365,0.016439873725175858,0.05000000074505806,0.1654999852180481,5.137499809265137
4034,1127.757360868156,0.016691096127033234,0.05000000074505806,0.20624999701976776,5.893749713897705
4035,1127.9783812947571,0.014504735358059406,0.05000000074505806,0.18775001168251038,5.799999713897705
4036,1128.2060872772709,0.017852667719125748,0.05000000074505806,0.18450000882148743,5.656250476837158
4037,1128.4482850572094,0.01807600073516369,0.05000000074505806,0.20100000500679016,5.774999618530273
4038,1128.7117230845615,0.013946520164608955,0.05000000074505806,0.1889999955892563,6.349999904632568
4039,1128.9532755324617,0.017890363931655884,0.05000000074505806,0.20250000059604645,5.712499618530273
4040,1129.1934525370598,0.0178801491856575,0.05000000074505806,0.1680000126361847,5.099999904632568
4041,1129.435673121363,0.01527547836303711,0.05000000074505806,0.18174999952316284,5.5
4042,1129.680025801994,0.01700630597770214,0.05000000074505806,0.17774999141693115,5.375
4043,1129.9491154681891,0.01623552292585373,0.05000000074505806,0.18850000202655792,5.575000286102295
4044,1130.164829397574,0.013380913063883781,0.05000000074505806,0.1899999976158142,5.524999618530273
4045,1130.41098589357,0.017124611884355545,0.05000000074505806,0.19450001418590546,6.037499904632568
4046,1130.6800015093759,0.015249496325850487,0.05000000074505806,0.19725000858306885,5.743750095367432
4047,1130.9493449861184,0.01582798734307289,0.05000000074505806,0.18175001442432404,5.575000286102295
4048,1131.2611060934141,0.015457408502697945,0.05000000074505806,0.17924998700618744,5.41249942779541
4049,1131.4958264464512,0.0143294557929039,0.05000000074505806,0.1862500160932541,5.481250286102295
4050,1131.7120389193296,0.016155259683728218,0.05000000074505806,0.1899999976158142,6.074999809265137
4051,1131.9518897263333,0.01573878340423107,0.05000000074505806,0.1902499943971634,5.637499809265137
4052,1132.1836586920545,0.014308331534266472,0.05000000074505806,0.1770000010728836,5.256249904632568
4053,1132.4085868550465,0.01550526823848486,0.05000000074505806,0.18024998903274536,5.675000190734863
4054,1132.6689013680443,0.0182210523635149,0.05000000074505806,0.1912499964237213,5.425000190734863
4055,1132.906738021411,0.01622713916003704,0.05000000074505806,0.1952499896287918,5.90625
4056,1133.1312353499234,0.016722241416573524,0.05000000074505806,0.17874999344348907,5.375
4057,1133.3634277973324,0.01702597737312317,0.05000000074505806,0.17800001800060272,5.406249046325684
4058,1133.6017166376114,0.017062675207853317,0.05000000074505806,0.18574999272823334,5.46875
4059,1133.852967969142,0.016054799780249596,0.05000000074505806,0.1977500170469284,5.825000286102295
4060,1134.0874705016613,0.016389893367886543,0.05000000074505806,0.18649999797344208,5.787499904632568
4061,1134.3448817366734,0.018422961235046387,0.05000000074505806,0.19199998676776886,5.706250190734863
4062,1134.576310036704,0.01331719197332859,0.05000000074505806,0.18649999797344208,5.7624993324279785
4063,1134.80550577119,0.018773144111037254,0.05000000074505806,0.17675000429153442,5.212499618530273
4064,1135.085380767472,0.016852136701345444,0.05000000074505806,0.19049999117851257,5.75
4065,1135.3123133350164,0.014707528054714203,0.05000000074505806,0.19725000858306885,6.125
4066,1135.5481661139056,0.018928898498415947,0.05000000074505806,0.18550001084804535,5.6062493324279785
4067,1135.7940554041415,0.013922573998570442,0.05000000074505806,0.18674999475479126,5.568749904632568
4068,1136.0436930917203,0.01303018070757389,0.05000000074505806,0.18325001001358032,5.537500381469727
4069,1136.317763177678,0.01430982630699873,0.05000000074505806,0.18174999952316284,5.462499618530273
4070,1136.5549449902028,0.016945429146289825,0.05000000074505806,0.18925000727176666,5.624999523162842
4071,1136.7983449669555,0.01616913639008999,0.05000000074505806,0.18900001049041748,5.650000095367432
4072,1137.0527400411665,0.013478522188961506,0.05000000074505806,0.18425001204013824,5.7312493324279785
4073,1137.287291075103,0.015947598963975906,0.05000000074505806,0.19625002145767212,5.681250095367432
4074,1137.5915120476857,0.015208874829113483,0.05000000074505806,0.19449998438358307,5.400000095367432
4075,1137.829143310897,0.01584828644990921,0.05000000074505806,0.17624999582767487,5.693749904632568
4076,1138.2789137875661,0.01711539551615715,0.05000000074505806,0.1875,5.5625
4077,1138.4942589765415,0.01481404434889555,0.05000000074505806,0.1847500056028366,5.575000286102295
4078,1138.7111033964902,0.015165131539106369,0.05000000074505806,0.17900002002716064,5.625
4079,1138.9728835234419,0.016053464263677597,0.05000000074505806,0.1860000044107437,5.331250190734863
4080,1139.234825165011,0.015415502712130547,0.05000000074505806,0.1810000091791153,5.724999904632568
4081,1139.5102947698906,0.015736049041152,0.05000000074505806,0.18850000202655792,5.599999904632568
4082,1139.7788016945124,0.014785602688789368,0.05000000074505806,0.19099998474121094,5.549999713897705
4083,1140.026954910718,0.015934301540255547,0.05000000074505806,0.18174999952316284,5.474999904632568
4084,1140.2902741702273,0.016848666593432426,0.05000000074505806,0.18950000405311584,5.612500190734863
4085,1140.534384652041,0.01741703785955906,0.05000000074505806,0.19599997997283936,5.831249713897705
4086,1140.777488018386,0.019548051059246063,0.05000000074505806,0.17774999141693115,5.487500190734863
4087,1141.0422154059634,0.016357088461518288,0.05000000074505806,0.1822500079870224,5.368750095367432
4088,1141.2629461819306,0.01655849814414978,0.05000000074505806,0.2017499953508377,5.931250095367432
4089,1141.6277555180714,0.016056537628173828,0.05000000074505806,0.17249999940395355,5.337500095367432
4090,1141.847471954301,0.01442994736135006,0.05000000074505806,0.19049999117851257,5.53125
4091,1142.0816254541278,0.014506231062114239,0.05000000074505806,0.18900001049041748,5.600000381469727
4092,1142.3261093543842,0.014654034748673439,0.05000000074505806,0.18774999678134918,5.799999713897705
4093,1142.5621530842036,0.017277473583817482,0.05000000074505806,0.1912500262260437,5.637499809265137
4094,1142.804193386808,0.019054751843214035,0.05000000074505806,0.1942499876022339,5.793749809265137
4095,1143.0304163210094,0.015333820134401321,0.05000000074505806,0.16850000619888306,5.074999809265137
4096,1143.3290753522888,0.015377401374280453,0.05000000074505806,0.18700000643730164,5.493749618530273
4097,1143.6010602805763,0.01553419604897499,0.05000000074505806,0.19349998235702515,5.69374942779541
4098,1143.847089825198,0.014046032913029194,0.05000000074505806,0.18199998140335083,5.84999942779541
4099,1144.092898803763,0.017149025574326515,0.05000000074505806,0.20225000381469727,5.75
4100,1144.3299297429621,0.01443085353821516,0.05000000074505806,0.18799999356269836,5.63124942779541
4101,1144.5609259540215,0.013631399720907211,0.05000000074505806,0.17749999463558197,5.612499713897705
4102,1144.7815441386774,0.015735894441604614,0.05000000074505806,0.19349998235702515,5.687499523162842
4103,1145.016755271703,0.014821965247392654,0.05000000074505806,0.1782500147819519,5.237500190734863
4104,1145.2845965344459,0.01615605689585209,0.05000000074505806,0.18024998903274536,5.574999809265137
4105,1145.5079410290346,0.017708485946059227,0.05000000074505806,0.18549999594688416,5.431249618530273
4106,1145.7760587651283,0.014297660440206528,0.05000000074505806,0.18650001287460327,5.587499618530273
4107,1146.0477316519246,0.016146572306752205,0.05000000074505806,0.18275001645088196,5.700000286102295
4108,1146.2797361044213,0.01646837592124939,0.05000000074505806,0.18675000965595245,5.512500286102295
4109,1146.5131787294522,0.015492185018956661,0.05000000074505806,0.18950000405311584,5.612500190734863
4110,1146.7452728906646,0.011941184289753437,0.05000000074505806,0.1875,5.737500190734863
4111,1147.0164444074035,0.01390771009027958,0.05000000074505806,0.18975001573562622,5.662499904632568
4112,1147.2560493191704,0.016171421855688095,0.05000000074505806,0.18074998259544373,5.418750286102295
4113,1147.4828286590055,0.018028123304247856,0.05000000074505806,0.1889999955892563,5.637500286102295
4114,1147.7512817094103,0.01657867431640625,0.05000000074505806,0.19050000607967377,5.768750190734863
4115,1148.0215854439884,0.01581376977264881,0.05000000074505806,0.1875,5.587499618530273
4116,1148.2436434039846,0.016561245545744896,0.05000000074505806,0.19075000286102295,5.612500190734863
4117,1148.4915164001286,0.014708399772644043,0.05000000074505806,0.19174998998641968,5.69374942779541
4118,1148.7510588299483,0.013837270438671112,0.05000000074505806,0.1967499852180481,5.981249809265137
4119,1149.0137444306165,0.016662918031215668,0.05000000074505806,0.17149999737739563,5.375
4120,1149.2324871439487,0.016620885580778122,0.05000000074505806,0.1912499964237213,5.4375
4121,1149.4737233240157,0.016126029193401337,0.05000000074505806,0.18000002205371857,5.443749904632568
4122,1149.6942896889523,0.015246533788740635,0.05000000074505806,0.18400000035762787,6.03749942779541
4123,1149.9186713797972,0.013178059831261635,0.05000000074505806,0.18400001525878906,5.331249713897705
4124,1150.138406580314,0.018321121111512184,0.05000000074505806,0.179500013589859,5.337500095367432
4125,1150.3822300294414,0.01602420210838318,0.05000000074505806,0.1912499964237213,6.16249942779541
4126,1150.6021046750247,0.016938718035817146,0.05000000074505806,0.19950000941753387,5.862499713897705
4127,1150.9082470145077,0.014419125393033028,0.05000000074505806,0.20024999976158142,5.831250190734863
4128,1151.1530658882111,0.014412484131753445,0.05000000074505806,0.16775000095367432,5.424999237060547
4129,1151.4136344315484,0.01686019077897072,0.05000000074505806,0.1965000182390213,5.587500095367432
4130,1151.6534381397069,0.018800854682922363,0.05000000074505806,0.1862500011920929,5.462499618530273
4131,1151.8731647841632,0.015490081161260605,0.05000000074505806,0.18549999594688416,5.675000190734863
4132,1152.1224913829938,0.013890914618968964,0.05000000074505806,0.1847500056028366,5.731249809265137
4133,1152.4634257452562,0.015206980518996716,0.05000000074505806,0.19349999725818634,5.525000095367432
4134,1152.7026743227616,0.015776854008436203,0.05000000074505806,0.1784999966621399,5.474999904632568
4135,1152.9474663240835,0.014657936058938503,0.05000000074505806,0.1939999908208847,5.662500381469727
4136,1153.203977515921,0.01872378960251808,0.05000000074505806,0.1912499964237213,5.693749904632568
4137,1153.662927360274,0.01693352311849594,0.05000000074505806,0.1965000033378601,6.087499618530273
4138,1153.9218850834295,0.022426094859838486,0.05000000074505806,0.20400001108646393,6.056250095367432
4139,1154.2079199720174,0.0140423234552145,0.05000000074505806,0.19249999523162842,5.725000381469727
4140,1154.8728135973215,0.016332188621163368,0.05000000074505806,0.18675000965595245,5.924999713897705
4141,1155.1027765637264,0.0154831912368536,0.05000000074505806,0.2004999965429306,5.743749618530273
4142,1155.3486115904525,0.01625748723745346,0.05000000074505806,0.18450000882148743,5.587499618530273
4143,1155.6129549006,0.018457207828760147,0.05000000074505806,0.1732500046491623,5.612500190734863
4144,1155.9745248518884,0.016629483550786972,0.05000000074505806,0.18050001561641693,5.037500381469727
4145,1156.2656387593597,0.01588974893093109,0.05000000074505806,0.1822500228881836,5.556250095367432
4146,1156.5611703582108,0.016835084185004234,0.05000000074505806,0.18700000643730164,5.662499904632568
4147,1156.8032059520483,0.016647983342409134,0.05000000074505806,0.1822500079870224,5.631250381469727
4148,1157.0666115777567,0.015432944521307945,0.05000000074505806,0.17874999344348907,5.237500190734863
4149,1157.2846177257597,0.015705972909927368,0.05000000074505806,0.19174998998641968,5.937499523162842
4150,1157.5595228523016,0.01716921664774418,0.05000000074505806,0.1915000081062317,5.5749993324279785
4151,1157.809037355706,0.014551064930856228,0.05000000074505806,0.17624999582767487,5.44374942779541
4152,1158.1045049931854,0.014258536510169506,0.05000000074505806,0.1692499965429306,5.212500095367432
4153,1158.3517577750608,0.014290686696767807,0.05000000074505806,0.20099999010562897,5.556250095367432
4154,1158.6708257375285,0.014472038485109806,0.05000000074505806,0.18700000643730164,5.768750190734863
4155,1159.0231022946537,0.015908783301711082,0.05000000074505806,0.18799999356269836,5.799999237060547
4156,1159.5252130664885,0.014427144080400467,0.05000000074505806,0.18850000202655792,5.568749904632568
4157,1159.8682044232264,0.012521260417997837,0.05000000074505806,0.17524999380111694,5.325000286102295
4158,1160.1148612368852,0.016577815636992455,0.05000000074505806,0.18324999511241913,5.412499904632568
4159,1160.3839863399044,0.016777075827121735,0.05000000074505806,0.19049999117851257,5.681249618530273
4160,1160.6014009183273,0.0198355745524168,0.05000000074505806,0.17899999022483826,5.431250095367432
4161,1160.8487535296008,0.018944082781672478,0.05000000074505806,0.1977500021457672,6.175000190734863
4162,1161.1048198081553,0.01567567139863968,0.05000000074505806,0.19199998676776886,5.712499618530273
4163,1161.825699603185,0.014502678997814655,0.05000000074505806,0.1980000138282776,5.893749713897705
4164,1162.099710076116,0.011673415079712868,0.05000000074505806,0.17599999904632568,5.4499993324279785
4165,1162.3309827726334,0.015160635113716125,0.05000000074505806,0.1899999976158142,5.643749713897705
4166,1162.576450043358,0.01334942877292633,0.05000000074505806,0.19699998199939728,5.706249713897705
4167,1162.8087310679257,0.017688816413283348,0.05000000074505806,0.1965000033378601,6.050000190734863
4168,1163.090964930132,0.01651150919497013,0.05000000074505806,0.19825001060962677,5.912500381469727
4169,1163.3462323769927,0.017992226406931877,0.05000000074505806,0.19425001740455627,5.787499904632568
4170,1163.5886581595987,0.015649951994419098,0.05000000074505806,0.18000000715255737,5.4375
4171,1163.8170017497614,0.016465723514556885,0.05000000074505806,0.1899999976158142,5.525000095367432
4172,1164.0765464007854,0.01615244895219803,0.05000000074505806,0.17624999582767487,5.412499904632568
4173,1164.35061628744,0.013162543997168541,0.05000000074505806,0.18725000321865082,5.412500381469727
4174,1164.568493691273,0.01584620587527752,0.05000000074505806,0.18649999797344208,5.806249618530273
4175,1164.85319591593,0.016940154135227203,0.05000000074505806,0.19224999845027924,5.637500762939453
4176,1165.1424113791436,0.012344938702881336,0.05000000074505806,0.16975000500679016,5.249999523162842
4177,1165.3937394348904,0.015425114892423153,0.05000000074505806,0.1992500126361847,5.6875
4178,1165.6870637293905,0.017466774210333824,0.05000000074505806,0.1942499876022339,5.768749237060547
4179,1165.960060515441,0.01258233841508627,0.05000000074505806,0.1797500103712082,5.53749942779541
4180,1166.187324365601,0.017290148884058,0.05000000074505806,0.18400000035762787,5.549999713897705
4181,1166.5103684375063,0.017156526446342468,0.05000000074505806,0.17925001680850983,5.256250381469727
4182,1166.7489784359932,0.01854613609611988,0.05000000074505806,0.17024999856948853,5.450000286102295
4183,1166.976633809507,0.017189614474773407,0.05000000074505806,0.1875000149011612,5.349999904632568
4184,1167.2560426983982,0.016193704679608345,0.05000000074505806,0.19725002348423004,5.800000190734863
4185,1167.5041494937614,0.014009958133101463,0.05000000074505806,0.1889999955892563,5.58750057220459
4186,1167.7867650166154,0.018920304253697395,0.05000000074505806,0.18699999153614044,5.674999713897705
4187,1168.0474430117756,0.014792496338486671,0.05000000074505806,0.1899999976158142,5.681249618530273
4188,1168.8949650144204,0.016685698181390762,0.05000000074505806,0.18549999594688416,5.574999809265137
4189,1169.134336847812,0.01618778333067894,0.05000000074505806,0.18449999392032623,5.525000095367432
4190,1169.3581244340166,0.01501090545207262,0.05000000074505806,0.19875001907348633,5.90625
4191,1169.5746166240424,0.0142768369987607,0.05000000074505806,0.18325001001358032,5.712499618530273
4192,1169.8849956579506,0.01586236245930195,0.05000000074505806,0.1967499852180481,5.75
4193,1170.1349179325625,0.016275573521852493,0.05000000074505806,0.16750000417232513,5.081250190734863
4194,1170.3607117589563,0.014564287848770618,0.05000000074505806,0.17624999582767487,5.625
4195,1170.6064301617444,0.01873629540205002,0.05000000074505806,0.19224998354911804,5.481249809265137
4196,1170.8527494622394,0.014197182841598988,0.05000000074505806,0.19550001621246338,5.80625057220459
4197,1171.0907419826835,0.01559053547680378,0.05000000074505806,0.19625000655651093,6.09999942779541
4198,1171.3789210114628,0.01648750901222229,0.05000000074505806,0.16774997115135193,5.3125
4199,1171.6316290516406,0.01647273078560829,0.05000000074505806,0.19099999964237213,5.512499809265137
4200,1172.5441766586155,0.01461653970181942,0.05000000074505806,0.20100000500679016,6.012499809265137
4201,1172.762135756202,0.01496393233537674,0.05000000074505806,0.18924999237060547,5.9375
4202,1173.0588126704097,0.01859152875840664,0.05000000074505806,0.1902499943971634,5.568750381469727
4203,1173.2861899770796,0.016090616583824158,0.05000000074505806,0.17899999022483826,5.325000286102295
4204,1173.765276179649,0.016183042898774147,0.05000000074505806,0.1979999989271164,5.743750095367432
4205,1173.9970881547779,0.017254527658224106,0.05000000074505806,0.18575000762939453,5.66249942779541
4206,1174.229534409009,0.014963268302381039,0.05000000074505806,0.18250000476837158,5.862499713897705
4207,1174.4695809101686,0.019351094961166382,0.05000000074505806,0.18900001049041748,5.3874993324279785
4208,1174.6987570431083,0.012159066274762154,0.05000000074505806,0.18125000596046448,5.499999523162842
4209,1175.0102012744173,0.017019018530845642,0.05000000074505806,0.1732500046491623,4.987499713897705
4210,1175.3196399984881,0.015560567378997803,0.05000000074505806,0.1887499839067459,5.63124942779541
4211,1175.6397207686678,0.015325146727263927,0.05000000074505806,0.18825000524520874,5.631249904632568
4212,1175.9102610200644,0.012954509817063808,0.05000000074505806,0.17499999701976776,5.725000381469727
4213,1176.1301720356569,0.017730437219142914,0.05000000074505806,0.18450000882148743,5.350000381469727
4214,1176.3651426220313,0.016208158805966377,0.05000000074505806,0.1757499873638153,5.168749809265137
4215,1176.5995880039409,0.017077535390853882,0.05000000074505806,0.18049998581409454,5.462500095367432
4216,1176.8311375109479,0.016661304980516434,0.05000000074505806,0.18850000202655792,5.431249618530273
4217,1177.260959232226,0.018563373014330864,0.05000000074505806,0.19049999117851257,5.824999809265137
4218,1177.4772001160309,0.015353146940469742,0.05000000074505806,0.17424999177455902,5.362500190734863
4219,1177.7094325367361,0.01501286681741476,0.05000000074505806,0.19449998438358307,5.556249618530273
4220,1177.9277030043304,0.015064937993884087,0.05000000074505806,0.19200000166893005,5.78125
4221,1178.188100478612,0.018157755956053734,0.05000000074505806,0.18774999678134918,5.9375
4222,1178.5822088904679,0.018993398174643517,0.05000000074505806,0.18524999916553497,5.331250190734863
4223,1178.8153114197776,0.018452148884534836,0.05000000074505806,0.1810000091791153,5.550000190734863
4224,1179.0318376533687,0.017555536702275276,0.05000000074505806,0.18550002574920654,5.625
4225,1179.3301759436727,0.018079277127981186,0.05000000074505806,0.19825001060962677,5.8125
4226,1179.5719227138907,0.015503525733947754,0.05000000074505806,0.1837500035762787,5.5625
4227,1179.9124387567863,0.014049751684069633,0.05000000074505806,0.1902499794960022,5.8874993324279785
4228,1180.1897379206493,0.01626681536436081,0.05000000074505806,0.1835000067949295,5.512499809265137
4229,1180.4353820309043,0.016694258898496628,0.05000000074505806,0.1810000091791153,5.412500381469727
4230,1180.883041024208,0.015381977893412113,0.05000000074505806,0.1809999793767929,5.512499809265137
4231,1181.14053860493,0.014214353635907173,0.05000000074505806,0.19124998152256012,5.737500190734863
4232,1181.3736480576918,0.012835407629609108,0.05000000074505806,0.17874997854232788,5.281249523162842
4233,1181.6072184527293,0.013132098130881786,0.05000000074505806,0.18125000596046448,5.337499618530273
4234,1181.8375980537385,0.014101890847086906,0.05000000074505806,0.195499986410141,5.806249618530273
4235,1182.0908362874761,0.014055833220481873,0.05000000074505806,0.18275001645088196,5.512499809265137
4236,1182.4077336685732,0.017617886886000633,0.05000000074505806,0.18474999070167542,5.84999942779541
4237,1182.640074905008,0.013489437289536,0.05000000074505806,0.19449998438358307,5.537499904632568
4238,1182.9083030279726,0.015115800313651562,0.05000000074505806,0.18424999713897705,5.625000476837158
4239,1183.143709600903,0.014115408062934875,0.05000000074505806,0.19075000286102295,5.737499237060547
4240,1183.4802771350369,0.015386971645057201,0.05000000074505806,0.1899999976158142,5.8874993324279785
4241,1183.7112470641732,0.01328898686915636,0.05000000074505806,0.1912499964237213,5.543750286102295
4242,1183.9521873369813,0.01613285206258297,0.05000000074505806,0.18649999797344208,5.5625
4243,1184.297919427976,0.01744985580444336,0.05000000074505806,0.18975000083446503,5.806250095367432
4244,1184.5595947625116,0.018031921237707138,0.05000000074505806,0.19474998116493225,5.6875
4245,1185.5459978953004,0.015336492098867893,0.05000000074505806,0.1835000067949295,5.799999237060547
4246,1185.8697557980195,0.01711234636604786,0.05000000074505806,0.18525001406669617,5.443749904632568
4247,1186.1780733196065,0.016777893528342247,0.05000000074505806,0.1900000125169754,5.624999523162842
4248,1186.4332704534754,0.017558583989739418,0.05000000074505806,0.1822499781847,5.712499618530273
4249,1186.6957015087828,0.014552822336554527,0.05000000074505806,0.1952499896287918,5.706250190734863
4250,1187.4849458979443,0.016510119661688805,0.05000000074505806,0.1914999932050705,5.662499904632568
4251,1187.803933286108,0.016610490158200264,0.05000000074505806,0.18824999034404755,5.662499904632568
4252,1188.049337413162,0.01644834503531456,0.05000000074505806,0.18824999034404755,5.856249809265137
4253,1188.325440492481,0.015806542709469795,0.05000000074505806,0.19850000739097595,5.687499523162842
4254,1188.5641043530777,0.012721527367830276,0.05000000074505806,0.1850000023841858,5.6875
4255,1188.8098819479346,0.01662054844200611,0.05000000074505806,0.1860000193119049,5.487500190734863
4256,1189.050421051681,0.01646418496966362,0.05000000074505806,0.18800000846385956,5.643749713897705
4257,1189.2852769903839,0.014743005856871605,0.05000000074505806,0.18650001287460327,5.737500190734863
4258,1189.5305838333443,0.015106352046132088,0.05000000074505806,0.19625000655651093,5.837500095367432
4259,1189.7734515266493,0.01493852399289608,0.05000000074505806,0.18125000596046448,5.393749237060547
4260,1190.0181984091178,0.017243515700101852,0.05000000074505806,0.1912499964237213,6.0124993324279785
4261,1190.2804375197738,0.01613038219511509,0.05000000074505806,0.2005000114440918,5.674999713897705
4262,1190.573782674037,0.016577957198023796,0.05000000074505806,0.1834999918937683,5.699999809265137
4263,1190.8113179784268,0.01473182812333107,0.05000000074505806,0.19575001299381256,6.137499809265137
4264,1191.2510732114315,0.015054694376885891,0.05000000074505806,0.19499999284744263,5.793750286102295
4265,1191.5918847732246,0.01641855575144291,0.05000000074505806,0.19224999845027924,5.712499618530273
4266,1191.8228042777628,0.016283774748444557,0.05000000074505806,0.17899999022483826,5.149999618530273
4267,1192.0391437085345,0.012288128025829792,0.05000000074505806,0.19325000047683716,5.77500057220459
4268,1192.2904348755255,0.017364777624607086,0.05000000074505806,0.1745000034570694,5.318749904632568
4269,1192.5796926571056,0.014448776841163635,0.05000000074505806,0.17675000429153442,5.400000095367432
4270,1192.8260182989761,0.01639437861740589,0.05000000074505806,0.1887499988079071,5.46875
4271,1193.0698489565402,0.01614239811897278,0.05000000074505806,0.19300001859664917,5.793749809265137
4272,1193.3286260012537,0.01643090322613716,0.05000000074505806,0.18550001084804535,5.687499523162842
4273,1193.5471729729325,0.014005092903971672,0.05000000074505806,0.1822500228881836,5.518749713897705
4274,1193.7658099140972,0.015504322946071625,0.05000000074505806,0.18850000202655792,5.543749809265137
4275,1193.9813924115151,0.01682019978761673,0.05000000074505806,0.17824998497962952,5.637499809265137
4276,1194.1994356894866,0.013527237810194492,0.05000000074505806,0.1772499829530716,5.224999904632568
4277,1194.418775562197,0.01943998783826828,0.05000000074505806,0.19224999845027924,5.650000095367432
4278,1194.757136152126,0.014803498983383179,0.05000000074505806,0.17549999058246613,5.3125
4279,1194.9928300892934,0.015618333593010902,0.05000000074505806,0.17550000548362732,5.462499618530273
4280,1195.2946183336899,0.013914363458752632,0.05000000074505806,0.1899999976158142,5.406249523162842
4281,1195.5459504574537,0.01528260949999094,0.05000000074505806,0.2029999941587448,6.174999713897705
4282,1195.7870399830863,0.014730208553373814,0.05000000074505806,0.19700001180171967,6.099999904632568
4283,1196.0790882809088,0.01867230236530304,0.05000000074505806,0.19099999964237213,5.587499618530273
4284,1196.3252893071622,0.016138741746544838,0.05000000074505806,0.1899999976158142,5.837499618530273
4285,1196.6926350826398,0.01569056138396263,0.05000000074505806,0.19575001299381256,5.775000095367432
4286,1196.9431398399174,0.015305638313293457,0.05000000074505806,0.18700000643730164,5.624999523162842
4287,1197.19932471402,0.01820330135524273,0.05000000074505806,0.1680000126361847,5.150000095367432
4288,1197.4441694831476,0.012761305086314678,0.05000000074505806,0.18574999272823334,5.387500286102295
4289,1197.675743286498,0.014837076887488365,0.05000000074505806,0.1899999976158142,5.631249904632568
4290,1197.9207687964663,0.01646406017243862,0.05000000074505806,0.1902499943971634,5.799999713897705
4291,1198.3113456796855,0.014923185110092163,0.05000000074505806,0.20424999296665192,6.012499809265137
4292,1198.5557022225112,0.01590788923203945,0.05000000074505806,0.1965000033378601,5.862499713897705
4293,1198.7729546837509,0.017304327338933945,0.05000000074505806,0.1835000067949295,5.574999809265137
4294,1199.0097220512107,0.017204832285642624,0.05000000074505806,0.19700001180171967,5.75
4295,1199.306227571331,0.015798797830939293,0.05000000074505806,0.1850000023841858,5.600000381469727
4296,1199.5432868339121,0.014980180189013481,0.05000000074505806,0.179500013589859,5.525000095367432
4297,1199.7854045871645,0.01307627558708191,0.05000000074505806,0.17649999260902405,5.324999809265137
4298,1200.043269744143,0.01686830259859562,0.05000000074505806,0.203000009059906,5.887500286102295
4299,1200.2720286659896,0.02040025405585766,0.05000000074505806,0.1860000044107437,5.675000190734863
4300,1200.5029373401776,0.013724605552852154,0.05000000074505806,0.18775001168251038,5.59375
4301,1200.7350037377328,0.015922483056783676,0.05000000074505806,0.18299999833106995,5.487500190734863
4302,1200.9676313167438,0.017392603680491447,0.05000000074505806,0.1835000067949295,5.624999523162842
4303,1201.2034690557048,0.017178038135170937,0.05000000074505806,0.1899999976158142,5.681249618530273
4304,1201.4676709845662,0.018431326374411583,0.05000000074505806,0.18450000882148743,5.456249237060547
4305,1201.8262195177376,0.016396034508943558,0.05000000074505806,0.18649999797344208,5.712500095367432
4306,1202.0512590864673,0.014193621464073658,0.05000000074505806,0.18799999356269836,5.674999713897705
4307,1202.2777380300686,0.013115456327795982,0.05000000074505806,0.1952499896287918,5.712499618530273
4308,1202.511843749322,0.014140892773866653,0.05000000074505806,0.18174999952316284,5.650000095367432
4309,1202.745855559595,0.014182976447045803,0.05000000074505806,0.1837500035762787,5.599999904632568
4310,1202.96369470004,0.015014834702014923,0.05000000074505806,0.1967499852180481,5.631249904632568
4311,1203.1875739814714,0.014919908717274666,0.05000000074505806,0.17624999582767487,5.7624993324279785
4312,1203.4077388672158,0.012220809236168861,0.05000000074505806,0.19950000941753387,5.69374942779541
4313,1203.6383293997496,0.013321904465556145,0.05000000074505806,0.18250000476837158,5.381250381469727
4314,1203.9040232831612,0.014929627999663353,0.05000000074505806,0.18725000321865082,5.850000381469727
4315,1204.148386449553,0.018634211272001266,0.05000000074505806,0.1745000034570694,5.212500095367432
4316,1204.40243274346,0.017702283337712288,0.05000000074505806,0.17125000059604645,5.1875
4317,1204.6406607991084,0.012895587831735611,0.05000000074505806,0.17874999344348907,5.150000095367432
4318,1204.875096742995,0.01776741072535515,0.05000000074505806,0.1810000091791153,5.687499523162842
4319,1205.1037309588864,0.016727078706026077,0.05000000074505806,0.1902499943971634,5.487499713897705
4320,1205.4501879233867,0.014507682994008064,0.05000000074505806,0.19050003588199615,5.83750057220459
4321,1205.7876188820228,0.015250921249389648,0.05000000074505806,0.1745000034570694,5.487499713897705
4322,1206.0553222922608,0.01612940803170204,0.05000000074505806,0.19849997758865356,5.681249618530273
4323,1206.3539446806535,0.01704844832420349,0.05000000074505806,0.18774999678134918,6.012500286102295
4324,1206.6293170349672,0.01661592721939087,0.05000000074505806,0.1847500056028366,5.331250190734863
4325,1206.8939269864932,0.01854780502617359,0.05000000074505806,0.19574998319149017,5.868749618530273
4326,1207.1189329912886,0.016291478648781776,0.05000000074505806,0.1705000102519989,5.074999809265137
4327,1207.3581166071817,0.013488675467669964,0.05000000074505806,0.17899999022483826,5.518749237060547
4328,1207.5860021645203,0.016431313008069992,0.05000000074505806,0.1807500123977661,5.200000286102295
4329,1207.8749889647588,0.01730789989233017,0.05000000074505806,0.18200001120567322,5.774999618530273
4330,1208.1097001805902,0.015174302272498608,0.05000000074505806,0.1834999918937683,5.5
4331,1208.4936680477113,0.01530518289655447,0.05000000074505806,0.18900001049041748,5.47499942779541
4332,1208.8245435999706,0.01687089540064335,0.05000000074505806,0.18524999916553497,5.637499809265137
4333,1209.1566790100187,0.014351758174598217,0.05000000074505806,0.17375001311302185,5.287499904632568
4334,1209.4241790547967,0.014831301756203175,0.05000000074505806,0.19049999117851257,5.631249904632568
4335,1209.6691486090422,0.012443619780242443,0.05000000074505806,0.18675000965595245,5.525000095367432
4336,1209.9491417156532,0.014144251123070717,0.05000000074505806,0.1862500011920929,5.699999809265137
4337,1210.211901272647,0.013469387777149677,0.05000000074505806,0.18800000846385956,5.562500476837158
4338,1210.4639553735033,0.01609872281551361,0.05000000074505806,0.1797500103712082,5.512499809265137
4339,1210.7246567923576,0.017693648114800453,0.05000000074505806,0.18950000405311584,5.581250190734863
4340,1210.9540158612654,0.014004098251461983,0.05000000074505806,0.18700000643730164,5.568749904632568
4341,1211.1979496432468,0.014577958732843399,0.05000000074505806,0.18425001204013824,5.6875
4342,1211.533716541715,0.014343556948006153,0.05000000074505806,0.2057499885559082,5.75
4343,1211.769131269306,0.013523226603865623,0.05000000074505806,0.18275000154972076,5.725000381469727
4344,1212.0310326702893,0.013518289662897587,0.05000000074505806,0.18425001204013824,5.737500190734863
4345,1212.3078019311652,0.014187279157340527,0.05000000074505806,0.19499999284744263,5.674999713897705
4346,1212.575330099091,0.014073188416659832,0.05000000074505806,0.1889999955892563,5.662500381469727
4347,1212.8056923085824,0.014113767072558403,0.05000000074505806,0.17800001800060272,5.349999904632568
4348,1213.059126002714,0.014748110435903072,0.05000000074505806,0.17149999737739563,5.443750381469727
4349,1213.3901232974604,0.014207462780177593,0.05000000074505806,0.18175001442432404,5.162500381469727
4350,1213.714457682334,0.015674542635679245,0.05000000074505806,0.17899999022483826,5.4499993324279785
4351,1213.9592000152916,0.014319393783807755,0.05000000074505806,0.18200001120567322,5.425000190734863
4352,1214.1942598316818,0.016492631286382675,0.05000000074505806,0.17899999022483826,5.34999942779541
4353,1214.4639953998849,0.01560080237686634,0.05000000074505806,0.16200000047683716,5.350000381469727
4354,1214.7049531759694,0.014635453931987286,0.05000000074505806,0.17874999344348907,5.025000095367432
4355,1214.994129284285,0.01370126474648714,0.05000000074505806,0.18425001204013824,5.425000190734863
4356,1215.20947172679,0.017145687714219093,0.05000000074505806,0.17599999904632568,5.512499809265137
4357,1215.4506848966703,0.01757534220814705,0.05000000074505806,0.1965000182390213,5.724999904632568
4358,1215.9615468317643,0.016148604452610016,0.05000000074505806,0.1915000081062317,5.618749618530273
4359,1216.2201422210783,0.019737733528017998,0.05000000074505806,0.18049998581409454,5.612500190734863
4360,1216.4522743616253,0.015971379354596138,0.05000000074505806,0.19074998795986176,5.556250095367432
4361,1216.6832303656265,0.015525110997259617,0.05000000074505806,0.1797500103712082,5.412500381469727
4362,1216.928312822245,0.01644975319504738,0.05000000074505806,0.17650002241134644,5.349999904632568
4363,1217.1526257349178,0.016655772924423218,0.05000000074505806,0.19750000536441803,5.674999713897705
4364,1217.4459255225956,0.01904904469847679,0.05000000074505806,0.1914999783039093,5.787499904632568
4365,1217.7008906677365,0.01371325459331274,0.05000000074505806,0.1927499920129776,5.887499809265137
4366,1218.021724482067,0.0139075368642807,0.05000000074505806,0.19374999403953552,5.84375
4367,1218.2945610657334,0.016195273026823997,0.05000000074505806,0.19374999403953552,5.718749523162842
4368,1218.5477946717292,0.014643323607742786,0.05000000074505806,0.16425001621246338,4.862500190734863
4369,1218.769707727246,0.0148694459348917,0.05000000074505806,0.1977500170469284,5.78125
4370,1219.1010933360085,0.016287939622998238,0.05000000074505806,0.19700001180171967,5.762500286102295
4371,1219.3749536368996,0.014057806693017483,0.05000000074505806,0.18299999833106995,5.674999713897705
4372,1219.5962099405006,0.014044804498553276,0.05000000074505806,0.19075000286102295,5.524999618530273
4373,1219.8865010803565,0.015609337016940117,0.05000000074505806,0.19175000488758087,5.774999618530273
4374,1220.1383275901899,0.01647736132144928,0.05000000074505806,0.1772499829530716,5.100000381469727
4375,1220.3596047125757,0.014242852106690407,0.05000000074505806,0.19824999570846558,6.012500286102295
4376,1220.6643936717883,0.014789729379117489,0.05000000074505806,0.18550001084804535,5.462499618530273
4377,1220.9141658302397,0.014088546857237816,0.05000000074505806,0.18150000274181366,5.53749942779541
4378,1221.1559895658866,0.015638986602425575,0.05000000074505806,0.1665000021457672,5.275000095367432
4379,1221.4472753107548,0.015573302283883095,0.05000000074505806,0.19824999570846558,5.6125006675720215
4380,1221.7471223277971,0.01811695285141468,0.05000000074505806,0.17274999618530273,5.212500095367432
4381,1221.9683262212202,0.01667593978345394,0.05000000074505806,0.1862500011920929,5.5
4382,1222.1872183969244,0.01470431312918663,0.05000000074505806,0.19550001621246338,5.75624942779541
4383,1222.4189204433933,0.014300423674285412,0.05000000074505806,0.19749997556209564,5.837500095367432
4384,1222.6561458203942,0.014757266268134117,0.05000000074505806,0.18575000762939453,5.78749942779541
4385,1222.947695363313,0.015397562645375729,0.05000000074505806,0.17949998378753662,5.362500190734863
4386,1223.196741849184,0.015617398545145988,0.05000000074505806,0.18200001120567322,5.8125
4387,1223.4912592926994,0.011711321771144867,0.05000000074505806,0.195499986410141,5.449999809265137
4388,1223.7209684150293,0.015235812403261662,0.05000000074505806,0.18050001561641693,5.593749523162842
4389,1223.995500177145,0.01724078319966793,0.05000000074505806,0.18049998581409454,5.875
4390,1224.2349063353613,0.013424229808151722,0.05000000074505806,0.19599997997283936,5.587500095367432
4391,1224.5163429239765,0.01438977848738432,0.05000000074505806,0.1900000125169754,5.637499809265137
4392,1224.7570267720148,0.01436946913599968,0.05000000074505806,0.1889999806880951,5.7624993324279785
4393,1225.0414976086468,0.01764500141143799,0.05000000074505806,0.1902499943971634,5.75
4394,1225.458269674331,0.015299677848815918,0.05000000074505806,0.1980000138282776,5.800000190734863
4395,1225.6997617622837,0.016931554302573204,0.05000000074505806,0.18524999916553497,5.649999618530273
4396,1226.031146259047,0.015536385588347912,0.05000000074505806,0.1977500170469284,5.712500095367432
4397,1226.3478439506143,0.013766198419034481,0.05000000074505806,0.20100000500679016,6.062499523162842
4398,1226.5816811406985,0.01551984902471304,0.05000000074505806,0.18449999392032623,5.8125
4399,1226.8269930928946,0.014732922427356243,0.05000000074505806,0.1902499943971634,5.481249809265137
4400,1227.061727561988,0.013207770884037018,0.05000000074505806,0.19625002145767212,5.887499809265137
4401,1227.2916437070817,0.016220198944211006,0.05000000074505806,0.1770000010728836,5.412499904632568
4402,1227.5371942911297,0.0172332264482975,0.05000000074505806,0.1810000091791153,5.612500190734863
4403,1227.7596927061677,0.015240378677845001,0.05000000074505806,0.19175000488758087,5.425000190734863
4404,1228.0326883401722,0.015238815918564796,0.05000000074505806,0.17350000143051147,5.362500190734863
4405,1228.3201174484566,0.01677495427429676,0.05000000074505806,0.19625000655651093,5.675000190734863
4406,1228.5535044865683,0.014394784346222878,0.05000000074505806,0.19325000047683716,5.71875
4407,1228.828410167247,0.013995698653161526,0.05000000074505806,0.18200001120567322,5.637499809265137
4408,1229.0834023198113,0.013524895533919334,0.05000000074505806,0.18424999713897705,5.543749809265137
4409,1229.3349685641006,0.013654541224241257,0.05000000074505806,0.1847500056028366,5.412499904632568
4410,1229.559706473723,0.012191178277134895,0.05000000074505806,0.18275000154972076,5.412499904632568
4411,1229.8959878468886,0.017563471570611,0.05000000074505806,0.18574999272823334,5.512499809265137
4412,1230.1684908410534,0.014955416321754456,0.05000000074505806,0.19175000488758087,5.787500381469727
4413,1230.4874876430258,0.013597540557384491,0.05000000074505806,0.16750000417232513,5.462500095367432
4414,1230.7403929131106,0.01517660915851593,0.05000000074505806,0.18575000762939453,5.362500190734863
4415,1231.0040504178032,0.013207453303039074,0.05000000074505806,0.17624999582767487,5.143749237060547
4416,1231.2832803092897,0.016552502289414406,0.05000000074505806,0.18725000321865082,5.84999942779541
4417,1231.6221640836447,0.013097511604428291,0.05000000074505806,0.18575000762939453,5.512499809265137
4418,1231.8780885506421,0.012263375334441662,0.05000000074505806,0.1915000081062317,5.674999713897705
4419,1232.157541447319,0.013879283331334591,0.05000000074505806,0.16450001299381256,5.03749942779541
4420,1232.4106085533276,0.01647016406059265,0.05000000074505806,0.19300001859664917,5.599999904632568
4421,1232.6563926590607,0.016518231481313705,0.05000000074505806,0.19075000286102295,5.587499618530273
4422,1232.914972265251,0.017019078135490417,0.05000000074505806,0.19675001502037048,5.700000286102295
4423,1233.1623608591035,0.014718389138579369,0.05000000074505806,0.16450001299381256,5.475000381469727
4424,1233.4590336456895,0.01537820603698492,0.05000000074505806,0.19475002586841583,5.575000286102295
4425,1233.8693100176752,0.01590283028781414,0.05000000074505806,0.17749999463558197,5.162500381469727
4426,1234.140654668212,0.01605570875108242,0.05000000074505806,0.18175001442432404,5.731249809265137
4427,1234.3838740065694,0.013293490745127201,0.05000000074505806,0.18649999797344208,5.331250190734863
4428,1234.6013134038076,0.016254715621471405,0.05000000074505806,0.1875,6.0124993324279785
4429,1234.857068871148,0.012628193013370037,0.05000000074505806,0.1965000033378601,5.568750381469727
4430,1235.123568396084,0.014291101135313511,0.05000000074505806,0.179500013589859,5.512500286102295
4431,1235.3639702582732,0.016154024749994278,0.05000000074505806,0.1862500160932541,5.637499809265137
4432,1235.5997643740848,0.015263698995113373,0.05000000074505806,0.18275000154972076,5.487499713897705
4433,1235.8874586885795,0.015536957420408726,0.05000000074505806,0.2017500102519989,5.962500095367432
4434,1236.179417796433,0.016365068033337593,0.05000000074505806,0.19374997913837433,5.925000190734863
4435,1236.4332361565903,0.017029602080583572,0.05000000074505806,0.19425001740455627,5.987499237060547
4436,1236.6796615077183,0.016910983249545097,0.05000000074505806,0.1862500011920929,5.40625
4437,1237.1637085629627,0.015444748103618622,0.05000000074505806,0.18299999833106995,5.8125
4438,1237.4401586623862,0.01598375104367733,0.05000000074505806,0.18275000154972076,5.381249904632568
4439,1237.7112947776914,0.013206264935433865,0.05000000074505806,0.19025000929832458,5.612500190734863
4440,1237.952005454339,0.015240071341395378,0.05000000074505806,0.1784999966621399,5.625
4441,1238.1708619045094,0.015623004175722599,0.05000000074505806,0.18524999916553497,5.356249809265137
4442,1238.4138670470566,0.016790179535746574,0.05000000074505806,0.18524999916553497,5.556249618530273
4443,1238.6685854326934,0.01598556712269783,0.05000000074505806,0.17024999856948853,5.449999809265137
4444,1238.8959742300212,0.014283650554716587,0.05000000074505806,0.19750000536441803,5.606250286102295
4445,1239.165688302368,0.01376560889184475,0.05000000074505806,0.18774999678134918,5.556250095367432
4446,1239.410349752754,0.01674991473555565,0.05000000074505806,0.1810000091791153,5.524999618530273
4447,1239.6291461093351,0.013536006212234497,0.05000000074505806,0.1979999989271164,5.712500095367432
4448,1239.894120044075,0.014692381024360657,0.05000000074505806,0.19025000929832458,5.75624942779541
4449,1240.125748292543,0.013763549737632275,0.05000000074505806,0.18175001442432404,5.712500095367432
4450,1240.3563650446013,0.017005866393446922,0.05000000074505806,0.19075000286102295,5.675000190734863
4451,1240.6342569030821,0.019817976281046867,0.05000000074505806,0.18849998712539673,5.493749618530273
4452,1240.8803008804098,0.015401974320411682,0.05000000074505806,0.18325001001358032,5.4375
4453,1241.124139862135,0.01578964665532112,0.05000000074505806,0.18125000596046448,5.543749809265137
4454,1241.3857130771503,0.01549006998538971,0.05000000074505806,0.1912499964237213,5.631249904632568
4455,1241.6172690484673,0.013288609683513641,0.05000000074505806,0.17274999618530273,5.099999904632568
4456,1241.8482553791255,0.016572291031479836,0.05000000074505806,0.18275000154972076,5.375
4457,1242.0800169194117,0.016569040715694427,0.05000000074505806,0.19550001621246338,5.850000381469727
4458,1242.3597071031108,0.016234057024121284,0.05000000074505806,0.17025001347064972,5.012499809265137
4459,1242.5958019690588,0.016151655465364456,0.05000000074505806,0.19099999964237213,5.84375
4460,1242.8661464164034,0.016707206144928932,0.05000000074505806,0.18974998593330383,5.424999713897705
4461,1243.1291724527255,0.013185003772377968,0.05000000074505806,0.18974998593330383,5.712499618530273
4462,1243.3620912441984,0.015803618356585503,0.05000000074505806,0.1965000182390213,5.862500190734863
4463,1243.6333566643298,0.014565967954695225,0.05000000074505806,0.18775001168251038,5.63124942779541
4464,1243.8769371267408,0.01449416484683752,0.05000000074505806,0.1899999976158142,5.799999237060547
4465,1244.147108064033,0.016840504482388496,0.05000000074505806,0.17499999701976776,5.443749904632568
4466,1244.4838184509426,0.013457691296935081,0.05000000074505806,0.19499999284744263,5.65625
4467,1244.7301473682746,0.013266727328300476,0.05000000074505806,0.17550000548362732,5.599999904632568
4468,1244.9753361549228,0.015058949589729309,0.05000000074505806,0.18850000202655792,5.512500286102295
4469,1245.2429134417325,0.016349637880921364,0.05000000074505806,0.200500026345253,5.800000190734863
4470,1245.4615680407733,0.014646115712821484,0.05000000074505806,0.18775001168251038,5.699999809265137
4471,1245.7772268699482,0.014104636386036873,0.05000000074505806,0.19425001740455627,5.8562493324279785
4472,1246.0158606739715,0.01588495261967182,0.05000000074505806,0.19625000655651093,5.75
4473,1246.3003993108869,0.0158894881606102,0.05000000074505806,0.18400001525878906,5.625
4474,1246.545816061087,0.014511477202177048,0.05000000074505806,0.18700000643730164,5.69374942779541
4475,1246.8201647503302,0.015980398282408714,0.05000000074505806,0.19225002825260162,5.574999809265137
4476,1247.0648148469627,0.016961785033345222,0.05000000074505806,0.18700000643730164,5.7624993324279785
4477,1247.2950513679534,0.01721015013754368,0.05000000074505806,0.2017500102519989,5.837500095367432
4478,1247.6311558093876,0.013123792596161366,0.05000000074505806,0.1942499876022339,5.856249809265137
4479,1247.8699636422098,0.01593259535729885,0.05000000074505806,0.1835000067949295,5.649999618530273
4480,1248.123362036422,0.014165431261062622,0.05000000074505806,0.1837500035762787,5.625
4481,1248.4273157911375,0.01728246733546257,0.05000000074505806,0.18799999356269836,5.431249618530273
4482,1249.2647215733305,0.018841318786144257,0.05000000074505806,0.18275001645088196,5.800000190734863
4483,1250.0594575889409,0.014576376415789127,0.05000000074505806,0.19099998474121094,5.59375
4484,1250.315964278765,0.018023058772087097,0.05000000074505806,0.19350002706050873,5.6875
4485,1250.566875493154,0.014255811460316181,0.05000000074505806,0.19224999845027924,5.787499904632568
4486,1250.7887191111222,0.01442581694573164,0.05000000074505806,0.1899999976158142,5.581249713897705
4487,1251.104063396342,0.014680863358080387,0.05000000074505806,0.19825001060962677,6.037500381469727
4488,1251.3598808711395,0.015130442567169666,0.05000000074505806,0.1899999976158142,5.749999523162842
4489,1251.611890767701,0.016069320961833,0.05000000074505806,0.1889999955892563,5.550000190734863
4490,1251.8531179325655,0.014570081606507301,0.05000000074505806,0.1902499943971634,5.806250095367432
4491,1252.5410643955693,0.013333143666386604,0.05000000074505806,0.1717499941587448,5.15000057220459
4492,1252.7846430633217,0.015684450045228004,0.05000000074505806,0.1902499943971634,5.46875
4493,1253.0163164660335,0.015990978106856346,0.05000000074505806,0.19350002706050873,5.843749523162842
4494,1253.2634029472247,0.015283161774277687,0.05000000074505806,0.18850000202655792,5.712500095367432
4495,1253.4798164414242,0.017528075724840164,0.05000000074505806,0.18725000321865082,5.606249809265137
4496,1253.7353191012517,0.013805708847939968,0.05000000074505806,0.18850000202655792,5.643749237060547
4497,1253.9954155106097,0.01569311134517193,0.05000000074505806,0.18275000154972076,5.537499904632568
4498,1254.2301349211484,0.01318622287362814,0.05000000074505806,0.1837500035762787,5.5
4499,1254.6314261890948,0.012800822965800762,0.05000000074505806,0.19900000095367432,5.868750095367432
4500,1254.881202654913,0.016277238726615906,0.05000000074505806,0.19325000047683716,5.862499713897705
4501,1255.5372646255419,0.017303841188549995,0.05000000074505806,0.1862500011920929,5.612499713897705
4502,1255.7811736296862,0.01634550839662552,0.05000000074505806,0.18675000965595245,5.612500190734863
4503,1256.0071008400992,0.016310207545757294,0.05000000074505806,0.1732499897480011,5.224999904632568
4504,1256.2495840443298,0.017369428649544716,0.05000000074505806,0.18275000154972076,5.337500095367432
4505,1257.0314965555444,0.01605881191790104,0.05000000074505806,0.1807500123977661,5.46875
4506,1257.2802987555042,0.0151435611769557,0.05000000074505806,0.18325001001358032,5.899999618530273
4507,1257.5005944427103,0.014057651162147522,0.05000000074505806,0.1927500218153,5.462499618530273
4508,1257.7514733355492,0.0150636937469244,0.05000000074505806,0.19049999117851257,5.75
4509,1258.0021727280691,0.015156003646552563,0.05000000074505806,0.1860000044107437,5.800000190734863
4510,1258.2237587179989,0.014723415486514568,0.05000000074505806,0.19949999451637268,5.806249618530273
4511,1258.4692361224443,0.012983056716620922,0.05000000074505806,0.18649999797344208,5.593749523162842
4512,1258.7137167081237,0.014726724475622177,0.05000000074505806,0.1772499978542328,5.474999904632568
4513,1258.9523167191073,0.014387967996299267,0.05000000074505806,0.19099998474121094,5.606249809265137
4514,1259.1824807720259,0.0178971104323864,0.05000000074505806,0.1835000067949295,5.450000762939453
4515,1259.4508949145675,0.016950853168964386,0.05000000074505806,0.18400000035762787,5.587499618530273
4516,1259.6820356668904,0.017358995974063873,0.05000000074505806,0.18949998915195465,5.69374942779541
4517,1259.9476533737034,0.01595168747007847,0.05000000074505806,0.17799998819828033,5.300000190734863
4518,1260.1661825235933,0.013978367671370506,0.05000000074505806,0.17275001108646393,5.125
4519,1260.3972433265299,0.01584872603416443,0.05000000074505806,0.18974998593330383,5.568749904632568
4520,1260.6708836043254,0.014172634109854698,0.05000000074505806,0.18125000596046448,5.462500095367432
4521,1260.9238942544907,0.014788479544222355,0.05000000074505806,0.19475001096725464,5.775000095367432
4522,1261.1591158164665,0.016097329556941986,0.05000000074505806,0.1850000023841858,5.699999809265137
4523,1261.393429338932,0.016130564734339714,0.05000000074505806,0.1860000044107437,5.556249618530273
4524,1262.2954946607351,0.016828365623950958,0.05000000074505806,0.18400001525878906,5.962499618530273
4525,1262.540846556425,0.016412366181612015,0.05000000074505806,0.17624999582767487,5.1875
4526,1262.784177236259,0.01681990548968315,0.05000000074505806,0.20499999821186066,5.962500095367432
4527,1263.0380431059748,0.016537073999643326,0.05000000074505806,0.1782500147819519,5.624999523162842
4528,1263.2764060264453,0.01427072286605835,0.05000000074505806,0.1847500056028366,5.300000190734863
4529,1263.5106157222763,0.014139063656330109,0.05000000074505806,0.19975000619888306,5.956249713897705
4530,1263.796501589939,0.017719265073537827,0.05000000074505806,0.17649999260902405,5.625
4531,1264.064782970585,0.01686856336891651,0.05000000074505806,0.19875000417232513,5.59375
4532,1264.3105890862644,0.012122693471610546,0.05000000074505806,0.18324999511241913,5.556249618530273
4533,1264.555596861057,0.012327863834798336,0.05000000074505806,0.18900001049041748,5.924999713897705
4534,1264.7957481797785,0.014479734003543854,0.05000000074505806,0.1835000067949295,5.53749942779541
4535,1265.0598956290632,0.01371372863650322,0.05000000074505806,0.1807500123977661,5.331249713897705
4536,1265.3391639450565,0.01560588926076889,0.05000000074505806,0.18649999797344208,5.787499904632568
4537,1265.587288953364,0.016457853838801384,0.05000000074505806,0.18275001645088196,5.5625
4538,1265.87597252056,0.017049821093678474,0.05000000074505806,0.1980000138282776,5.724999904632568
4539,1266.109707606025,0.012541636824607849,0.05000000074505806,0.1797500103712082,5.412500381469727
4540,1266.361600831151,0.014747140929102898,0.05000000074505806,0.1889999955892563,5.612500190734863
4541,1266.5809182543308,0.01627819798886776,0.05000000074505806,0.18400001525878906,5.5
4542,1266.8301891423762,0.01567298173904419,0.05000000074505806,0.1784999966621399,5.625
4543,1267.0887400452048,0.016002202406525612,0.05000000074505806,0.1965000182390213,5.693749904632568
4544,1267.4104000907391,0.015588916838169098,0.05000000074505806,0.1862500011920929,5.524999618530273
4545,1267.6419859277084,0.017535455524921417,0.05000000074505806,0.18725000321865082,5.77500057220459
4546,1267.89138780348,0.01619650423526764,0.05000000074505806,0.17799998819828033,5.631250381469727
4547,1268.14149925299,0.015210296027362347,0.05000000074505806,0.20374999940395355,5.706250190734863
4548,1268.380154017359,0.01536535657942295,0.05000000074505806,0.18050001561641693,5.524999618530273
4549,1268.635637450032,0.016121555119752884,0.05000000074505806,0.18725000321865082,5.574999809265137
4550,1268.910391798243,0.014643638394773006,0.05000000074505806,0.18524998426437378,5.487499713897705
4551,1269.206980254501,0.015461976639926434,0.05000000074505806,0.1784999966621399,5.474999904632568
4552,1269.4954209905118,0.01230861246585846,0.05000000074505806,0.1807500123977661,5.375
4553,1269.8285493245348,0.014500731602311134,0.05000000074505806,0.187250018119812,5.549999713897705
4554,1270.088399335742,0.014680271968245506,0.05000000074505806,0.18474999070167542,5.612500190734863
4555,1270.3233598340303,0.01389811560511589,0.05000000074505806,0.20225000381469727,5.743749618530273
4556,1270.5693632634357,0.016503727063536644,0.05000000074505806,0.18125002086162567,5.65625
4557,1270.815201391466,0.017530443146824837,0.05000000074505806,0.17224998772144318,5.512499809265137
4558,1271.0515984594822,0.014973653480410576,0.05000000074505806,0.18325001001358032,5.381249904632568
4559,1271.2830063896254,0.01647007465362549,0.05000000074505806,0.1887499988079071,5.46875
4560,1271.517001207918,0.017386408522725105,0.05000000074505806,0.18000000715255737,5.28749942779541
4561,1271.7528972784057,0.01726829819381237,0.05000000074505806,0.18949998915195465,5.618750095367432
4562,1272.03513494879,0.01459600031375885,0.05000000074505806,0.19249999523162842,5.787500381469727
4563,1272.8633321803063,0.018112890422344208,0.05000000074505806,0.1875,5.837500095367432
4564,1273.1271626213565,0.018551262095570564,0.05000000074505806,0.1942499876022339,5.675000190734863
4565,1273.3641744237393,0.01592782326042652,0.05000000074505806,0.18825000524520874,5.65625
4566,1273.6082108980045,0.014737187884747982,0.05000000074505806,0.17799998819828033,5.362500190734863
4567,1273.8863348672166,0.01585216075181961,0.05000000074505806,0.1862500011920929,5.581249713897705
4568,1274.1453927299008,0.014199310913681984,0.05000000074505806,0.18500001728534698,5.468749523162842
4569,1274.433890924789,0.012748458422720432,0.05000000074505806,0.18074998259544373,5.824999809265137
4570,1274.6857237545773,0.015229345299303532,0.05000000074505806,0.20249998569488525,5.868749618530273
4571,1274.9559263614938,0.014291361905634403,0.05000000074505806,0.1887499988079071,5.518750190734863
4572,1275.2123659867793,0.01603090763092041,0.05000000074505806,0.1862500011920929,5.5625
4573,1275.452892084606,0.014668617397546768,0.05000000074505806,0.19975000619888306,5.774999618530273
4574,1275.7498837532476,0.01598205976188183,0.05000000074505806,0.18299999833106995,5.668749809265137
4575,1276.6723426356912,0.016973482444882393,0.05000000074505806,0.18925000727176666,5.737500190734863
4576,1276.9510801462457,0.01608377695083618,0.05000000074505806,0.19425001740455627,5.956250190734863
4577,1277.2228301437572,0.014977030456066132,0.05000000074505806,0.18775001168251038,5.456249713897705
4578,1277.4814500063658,0.015590962953865528,0.05000000074505806,0.18150000274181366,5.712499618530273
4579,1277.8158754361793,0.0181866567581892,0.05000000074505806,0.18150000274181366,5.262499809265137
4580,1278.0600333008915,0.01535804197192192,0.05000000074505806,0.18200001120567322,5.50624942779541
4581,1278.305824871175,0.014245286583900452,0.05000000074505806,0.17550000548362732,5.4375
4582,1278.655498707667,0.017399242147803307,0.05000000074505806,0.19600000977516174,5.731249809265137
4583,1278.931347948499,0.015049008652567863,0.05000000074505806,0.2029999941587448,5.91249942779541
4584,1279.171089570038,0.017329992726445198,0.05000000074505806,0.18200001120567322,5.537500381469727
4585,1279.654544295743,0.015398245304822922,0.05000000074505806,0.18375001847743988,5.606250286102295
4586,1279.9047673558816,0.014435926452279091,0.05000000074505806,0.19299998879432678,5.59375
4587,1280.1495009521022,0.01443722378462553,0.05000000074505806,0.2032500058412552,5.987499237060547
4588,1280.3947616862133,0.01625880040228367,0.05000000074505806,0.1952499896287918,5.912500381469727
4589,1280.6561003075913,0.015585137531161308,0.05000000074505806,0.18250000476837158,5.618749618530273
4590,1280.8920008465648,0.014187924563884735,0.05000000074505806,0.1862499862909317,5.6875
4591,1281.1471858732402,0.013387794606387615,0.05000000074505806,0.18549999594688416,5.550000190734863
4592,1281.4746242621914,0.01758347451686859,0.05000000074505806,0.19575001299381256,5.793749809265137
4593,1281.7412060620263,0.01593121327459812,0.05000000074505806,0.18850000202655792,5.587499618530273
4594,1282.0420342776924,0.014566614292562008,0.05000000074505806,0.18975000083446503,5.849999904632568
4595,1282.2795285945758,0.015596664510667324,0.05000000074505806,0.19075000286102295,5.581250190734863
4596,1282.5199558539316,0.014261063188314438,0.05000000074505806,0.1772499978542328,5.575000286102295
4597,1282.936187104322,0.014896079897880554,0.05000000074505806,0.20475000143051147,5.787499904632568
4598,1283.1939538614824,0.015365518629550934,0.05000000074505806,0.18574999272823334,5.618749618530273
4599,1283.444484285079,0.01165109034627676,0.05000000074505806,0.1822500079870224,5.650000095367432
4600,1283.6980455582961,0.014752814546227455,0.05000000074505806,0.20000000298023224,5.743749618530273
4601,1283.9774176711217,0.01648974046111107,0.05000000074505806,0.19599997997283936,5.887499809265137
4602,1284.2286035250872,0.017409207299351692,0.05000000074505806,0.19349999725818634,5.837499618530273
4603,1284.4472626317292,0.013520673848688602,0.05000000074505806,0.19074998795986176,5.724999904632568
4604,1284.7158980024979,0.016337387263774872,0.05000000074505806,0.18400001525878906,5.562499523162842
4605,1284.9949590153992,0.015590116381645203,0.05000000074505806,0.1850000023841858,5.774999618530273
4606,1285.2144172955304,0.015655020251870155,0.05000000074505806,0.1899999976158142,5.749999523162842
4607,1285.433985484764,0.013741845265030861,0.05000000074505806,0.1980000138282776,5.6875
4608,1285.6613461002707,0.013005582615733147,0.05000000074505806,0.18000000715255737,5.374999523162842
4609,1285.8930051652715,0.014101272448897362,0.05000000074505806,0.18050001561641693,5.499999523162842
4610,1286.1385550163686,0.018107164651155472,0.05000000074505806,0.19750000536441803,5.762499809265137
4611,1286.375434808433,0.018750987946987152,0.05000000074505806,0.19049999117851257,5.887499809265137
4612,1286.6730693457648,0.014239432290196419,0.05000000074505806,0.18525001406669617,5.631250381469727
4613,1286.9136103615165,0.015963513404130936,0.05000000074505806,0.1784999817609787,5.28125
4614,1287.1498084235936,0.014982175081968307,0.05000000074505806,0.195499986410141,5.950000286102295
4615,1287.388964205049,0.015374441631138325,0.05000000074505806,0.20075000822544098,6.056249618530273
4616,1287.6565341576934,0.013831160962581635,0.05000000074505806,0.1915000081062317,5.662499904632568
4617,1287.912944466807,0.017789622768759727,0.05000000074505806,0.19174998998641968,5.787499904632568
4618,1288.1500403368846,0.013828071765601635,0.05000000074505806,0.1745000034570694,5.449999809265137
4619,1288.3959695277736,0.013468611985445023,0.05000000074505806,0.20750002562999725,6.0
4620,1288.6640910236165,0.013855012133717537,0.05000000074505806,0.18275000154972076,5.8125
4621,1288.883673449047,0.015080270357429981,0.05000000074505806,0.18299999833106995,5.512499809265137
4622,1289.1284292275086,0.013362476602196693,0.05000000074505806,0.1835000216960907,5.312499523162842
4623,1289.3879281347618,0.01483524963259697,0.05000000074505806,0.17800001800060272,5.262499809265137
4624,1289.6109106987715,0.01492362841963768,0.05000000074505806,0.18725000321865082,5.649999618530273
4625,1289.8697339361534,0.0140636395663023,0.05000000074505806,0.1912499964237213,5.63124942779541
4626,1290.1472212700173,0.016636190935969353,0.05000000074505806,0.18550001084804535,5.72499942779541
4627,1290.4059737836942,0.01418989710509777,0.05000000074505806,0.18774999678134918,5.474999904632568
4628,1290.68932333868,0.013321546837687492,0.05000000074505806,0.18949998915195465,5.731249809265137
4629,1290.9158163312823,0.013697355054318905,0.05000000074505806,0.1784999966621399,5.387499809265137
4630,1291.1361866779625,0.013917773962020874,0.05000000074505806,0.18250001966953278,5.512499809265137
4631,1291.3810136802495,0.019724031910300255,0.05000000074505806,0.1810000091791153,5.34375
4632,1291.6143841780722,0.016607722267508507,0.05000000074505806,0.18674999475479126,5.625000476837158
4633,1291.9523505633697,0.014803124591708183,0.05000000074505806,0.19249999523162842,5.8937506675720215
4634,1292.194991486147,0.01589120924472809,0.05000000074505806,0.18524999916553497,5.406249523162842
4635,1292.5872381953523,0.014039145782589912,0.05000000074505806,0.18174999952316284,5.600000381469727
4636,1292.8267972609028,0.01371794380247593,0.05000000074505806,0.1862500011920929,5.59999942779541
4637,1293.1390358749777,0.014647088013589382,0.05000000074505806,0.1940000206232071,5.649999618530273
4638,1293.4096179390326,0.011734690517187119,0.05000000074505806,0.18975001573562622,5.84999942779541
4639,1293.7755810003728,0.015006819739937782,0.05000000074505806,0.1847500056028366,5.556250095367432
4640,1294.0633261119947,0.015370426699519157,0.05000000074505806,0.1939999908208847,5.731249809265137
4641,1294.3148374967277,0.015005044639110565,0.05000000074505806,0.1732499897480011,5.249999523162842
4642,1294.5382384909317,0.014217659831047058,0.05000000074505806,0.18649999797344208,5.587500095367432
4643,1294.7808623472229,0.01234289538115263,0.05000000074505806,0.1899999976158142,5.53125
4644,1295.044672222808,0.014302171766757965,0.05000000074505806,0.1927499920129776,6.074999809265137
4645,1295.2781317187473,0.015702906996011734,0.05000000074505806,0.1887499988079071,5.643749713897705
4646,1295.5207438422367,0.01461435854434967,0.05000000074505806,0.1952499896287918,5.737500190734863
4647,1295.7662606537342,0.013825866393744946,0.05000000074505806,0.20024996995925903,6.212499618530273
4648,1296.0119739761576,0.012967094779014587,0.05000000074505806,0.18800000846385956,5.75624942779541
4649,1296.2461933605373,0.016442911699414253,0.05000000074505806,0.19749997556209564,5.78125
4650,1296.552540791221,0.013312295079231262,0.05000000074505806,0.18299999833106995,5.612500190734863
4651,1296.9276649961248,0.01383148692548275,0.05000000074505806,0.1862500011920929,5.650000095367432
4652,1297.2846895456314,0.015518524684011936,0.05000000074505806,0.19950000941753387,5.7624993324279785
4653,1297.570469018072,0.01340190414339304,0.05000000074505806,0.18174999952316284,5.512500286102295
4654,1297.8186897849664,0.014709189534187317,0.05000000074505806,0.1850000023841858,5.493750095367432
4655,1298.059647500515,0.012319069355726242,0.05000000074505806,0.19100002944469452,5.693749904632568
4656,1298.304678881541,0.016572490334510803,0.05000000074505806,0.19199998676776886,6.012499809265137
4657,1298.5536892134696,0.016809513792395592,0.05000000074505806,0.18924999237060547,5.674999713897705
4658,1298.9301543161273,0.014462621882557869,0.05000000074505806,0.1937500238418579,5.69374942779541
4659,1299.1836305260658,0.016625666990876198,0.05000000074505806,0.1837500035762787,5.587500095367432
4660,1299.45319235418,0.01512740645557642,0.05000000074505806,0.18775001168251038,5.556250095367432
4661,1299.6937209153548,0.01565505750477314,0.05000000074505806,0.1965000033378601,5.849999904632568
4662,1299.9618976125494,0.014592304825782776,0.05000000074505806,0.1822499781847,5.462499618530273
4663,1300.2139551192522,0.015836432576179504,0.05000000074505806,0.18250000476837158,5.543749809265137
4664,1300.5014976579696,0.015881391242146492,0.05000000074505806,0.1939999908208847,5.693750381469727
4665,1300.7702481895685,0.01494765467941761,0.05000000074505806,0.1824999749660492,5.574999809265137
4666,1301.013581680134,0.016166837885975838,0.05000000074505806,0.1862500011920929,5.50624942779541
4667,1301.2556411894038,0.014647197909653187,0.05000000074505806,0.1850000023841858,5.549999237060547
4668,1301.6058507626876,0.014051131904125214,0.05000000074505806,0.16750000417232513,5.050000190734863
4669,1301.9310171911493,0.01583392545580864,0.05000000074505806,0.18850000202655792,5.4375
4670,1302.168763589114,0.01509841438382864,0.05000000074505806,0.18825000524520874,5.643750190734863
4671,1302.4476497182623,0.012921085581183434,0.05000000074505806,0.1887499988079071,5.537499904632568
4672,1302.6956209335476,0.013547033071517944,0.05000000074505806,0.19824999570846558,6.025000095367432
4673,1302.9405414164066,0.016747737303376198,0.05000000074505806,0.1927499920129776,5.700000286102295
4674,1303.1599676506594,0.015372654423117638,0.05000000074505806,0.19075000286102295,5.812499523162842
4675,1303.4129116442055,0.015565022826194763,0.05000000074505806,0.1927500218153,5.71875
4676,1303.7185992160812,0.016893941909074783,0.05000000074505806,0.19625000655651093,5.868749618530273
4677,1303.9835383659229,0.015333556570112705,0.05000000074505806,0.18000002205371857,5.199999809265137
4678,1304.2664632285014,0.017410829663276672,0.05000000074505806,0.19725000858306885,5.962499618530273
4679,1304.507198272273,0.014979667961597443,0.05000000074505806,0.1899999976158142,5.618749618530273
4680,1304.7350772181526,0.014079499989748001,0.05000000074505806,0.17374999821186066,5.40000057220459
4681,1304.9597719116136,0.01805998384952545,0.05000000074505806,0.17874999344348907,5.431249618530273
4682,1305.1783711900935,0.012696008197963238,0.05000000074505806,0.19299998879432678,5.506250381469727
4683,1305.4629899971187,0.014762119390070438,0.05000000074505806,0.17499999701976776,5.450000286102295
4684,1305.7453928021714,0.016855532303452492,0.05000000074505806,0.1992500126361847,5.72499942779541
4685,1306.0538667161018,0.015280863270163536,0.05000000074505806,0.1940000206232071,5.756249904632568
4686,1306.3088317736983,0.015190690755844116,0.05000000074505806,0.1769999861717224,5.03749942779541
4687,1306.5469519495964,0.015368402004241943,0.05000000074505806,0.18175001442432404,5.681249618530273
4688,1306.7752831224352,0.014311160892248154,0.05000000074505806,0.1835000067949295,5.356250286102295
4689,1307.0188265396282,0.016088005155324936,0.05000000074505806,0.18675000965595245,5.462499618530273
4690,1307.3781654676422,0.014358261600136757,0.05000000074505806,0.1850000023841858,5.643749713897705
4691,1307.6330088945106,0.01572810858488083,0.05000000074505806,0.18400001525878906,5.518750190734863
4692,1307.9103088444099,0.014094251208007336,0.05000000074505806,0.18324999511241913,5.337499618530273
4693,1308.1625821385533,0.014318647794425488,0.05000000074505806,0.18649999797344208,5.662499904632568
4694,1308.4268720215186,0.013798035681247711,0.05000000074505806,0.18849998712539673,5.624999523162842
4695,1308.6932291742414,0.015916455537080765,0.05000000074505806,0.18575000762939453,5.637499809265137
4696,1308.9621040215716,0.017114751040935516,0.05000000074505806,0.1912499964237213,5.856250286102295
4697,1309.3092667199671,0.014529836364090443,0.05000000074505806,0.18125000596046448,5.28125
4698,1309.5811754986644,0.014774711802601814,0.05000000074505806,0.18324999511241913,5.6875
4699,1309.8336176425219,0.013239824213087559,0.05000000074505806,0.18424999713897705,5.443750381469727
4700,1310.0786810452119,0.014519097283482552,0.05000000074505806,0.17799998819828033,5.350000381469727
4701,1310.3162928689271,0.012461774982511997,0.05000000074505806,0.1837500035762787,5.650000095367432
4702,1310.5620017936453,0.013140473514795303,0.05000000074505806,0.18975000083446503,5.56874942779541
4703,1310.7919789003208,0.011786955408751965,0.05000000074505806,0.17424999177455902,5.299999237060547
4704,1311.0209495145828,0.016276298090815544,0.05000000074505806,0.18275000154972076,5.400000095367432
4705,1311.4086181139573,0.014288048259913921,0.05000000074505806,0.19349999725818634,5.775000095367432
4706,1311.6268311319873,0.014343585819005966,0.05000000074505806,0.18125000596046448,5.462499618530273
4707,1311.85554186441,0.015039714053273201,0.05000000074505806,0.1784999817609787,5.262499809265137
4708,1312.0893395617604,0.015144342556595802,0.05000000074505806,0.18549999594688416,5.75
4709,1312.372411952354,0.01610752008855343,0.05000000074505806,0.17624998092651367,5.125
4710,1312.6731192599982,0.016048911958932877,0.05000000074505806,0.18000000715255737,5.474999904632568
4711,1312.9643753366545,0.014537129551172256,0.05000000074505806,0.20000000298023224,5.906249523162842
4712,1313.2120657293126,0.013344659470021725,0.05000000074505806,0.20250000059604645,5.918750286102295
4713,1313.4508221792057,0.01416123379021883,0.05000000074505806,0.17249999940395355,5.212499618530273
4714,1313.6932201981544,0.015723904594779015,0.05000000074505806,0.19599997997283936,5.699999809265137
4715,1313.9504747278988,0.015297004021704197,0.05000000074505806,0.17924998700618744,5.387499809265137
4716,1314.1959696784616,0.01596660539507866,0.05000000074505806,0.18675000965595245,5.5625
4717,1314.4233098365366,0.014491812326014042,0.05000000074505806,0.18924999237060547,5.756250381469727
4718,1314.7149644168094,0.015251862816512585,0.05000000074505806,0.1862500011920929,5.518749713897705
4719,1315.004796527326,0.015053165145218372,0.05000000074505806,0.19450001418590546,5.962500095367432
4720,1315.2473139520735,0.01394796371459961,0.05000000074505806,0.18849998712539673,5.88124942779541
4721,1315.47794532869,0.014392726123332977,0.05000000074505806,0.19075000286102295,5.481249809265137
4722,1315.711855958216,0.01793253794312477,0.05000000074505806,0.17100000381469727,5.33750057220459
4723,1315.9309708839282,0.014888700097799301,0.05000000074505806,0.1915000081062317,5.356250286102295
4724,1316.1883783033118,0.013096915557980537,0.05000000074505806,0.17925001680850983,5.518750190734863
4725,1316.4338995423168,0.013742788694798946,0.05000000074505806,0.18324999511241913,5.462499618530273
4726,1316.6952675050125,0.016936827450990677,0.05000000074505806,0.19575001299381256,5.725000381469727
4727,1316.918175637722,0.01468051690608263,0.05000000074505806,0.19224999845027924,5.824999809265137
4728,1317.1502093356103,0.013252723962068558,0.05000000074505806,0.17599999904632568,5.800000190734863
4729,1317.435378054157,0.015102820470929146,0.05000000074505806,0.1939999908208847,5.393749713897705
4730,1317.6759574022144,0.012467384338378906,0.05000000074505806,0.18550001084804535,5.59375
4731,1317.8964055795223,0.01371015515178442,0.05000000074505806,0.18525001406669617,5.875
4732,1318.134457285516,0.011563876643776894,0.05000000074505806,0.1782500147819519,5.393750190734863
4733,1318.7592082386836,0.013035298325121403,0.05000000074505806,0.1862500011920929,5.412499904632568
4734,1319.02243849542,0.01655404269695282,0.05000000074505806,0.18000002205371857,5.300000190734863
4735,1319.352403533645,0.014490914531052113,0.05000000074505806,0.18975000083446503,5.618750095367432
4736,1319.639345956035,0.015483028255403042,0.05000000074505806,0.18825000524520874,5.681250095367432
4737,1319.8911725375801,0.01516525074839592,0.05000000074505806,0.18850000202655792,5.737500190734863
4738,1320.1398001536727,0.015232803300023079,0.05000000074505806,0.18400000035762787,5.637500286102295
4739,1320.3859709324315,0.013382312841713428,0.05000000074505806,0.18924999237060547,5.53749942779541
4740,1320.6153034204617,0.0164351686835289,0.05000000074505806,0.18049998581409454,5.3125
4741,1320.8329341560602,0.0176406167447567,0.05000000074505806,0.1784999966621399,5.637499809265137
4742,1321.0531722167507,0.014131447300314903,0.05000000074505806,0.19224999845027924,5.487500190734863
4743,1321.269968263805,0.014141782186925411,0.05000000074505806,0.17774999141693115,5.462500095367432
4744,1321.488226116635,0.016427984461188316,0.05000000074505806,0.1902499943971634,5.618750095367432
4745,1321.7094570957124,0.014313998632133007,0.05000000074505806,0.18850000202655792,5.562499523162842
4746,1321.9855004753917,0.016099419444799423,0.05000000074505806,0.1850000023841858,5.724999904632568
4747,1322.235525066033,0.014824585989117622,0.05000000074505806,0.19175000488758087,5.731249809265137
4748,1322.45947270561,0.014940042048692703,0.05000000074505806,0.18024998903274536,5.331249713897705
4749,1322.6750612184405,0.014534156769514084,0.05000000074505806,0.179500013589859,5.824999809265137
4750,1322.9384857621044,0.013241130858659744,0.05000000074505806,0.1940000206232071,5.518749713897705
4751,1323.1557862330228,0.014443913474678993,0.05000000074505806,0.19099999964237213,5.681249618530273
4752,1323.4154166001827,0.014211585745215416,0.05000000074505806,0.1692499965429306,5.537499904632568
4753,1323.6467800904065,0.014971126802265644,0.05000000074505806,0.18424999713897705,5.181249618530273
4754,1323.8639157507569,0.017179938033223152,0.05000000074505806,0.1847500205039978,5.506249904632568
4755,1324.1249862099066,0.015117689967155457,0.05000000074505806,0.18550001084804535,5.712500095367432
4756,1324.35830431059,0.016054419800639153,0.05000000074505806,0.1940000206232071,5.518749713897705
4757,1324.5817844942212,0.01603788137435913,0.05000000074505806,0.18250000476837158,5.674999713897705
4758,1324.798746485263,0.015744369477033615,0.05000000074505806,0.1847500056028366,5.537499904632568
4759,1325.0317891146988,0.013537028804421425,0.05000000074505806,0.18500001728534698,5.574999809265137
4760,1325.2847237000242,0.01797160878777504,0.05000000074505806,0.1887499988079071,5.618749618530273
4761,1325.5062263133004,0.01089807040989399,0.05000000074505806,0.1889999955892563,5.462500095367432
4762,1325.7917718933895,0.016314296051859856,0.05000000074505806,0.18974998593330383,5.806249618530273
4763,1326.0273895133287,0.013044174760580063,0.05000000074505806,0.17799998819828033,5.38124942779541
4764,1326.2882561087608,0.016215374693274498,0.05000000074505806,0.17274999618530273,5.250000476837158
4765,1326.5565274637192,0.014922764152288437,0.05000000074505806,0.18550001084804535,5.431249618530273
4766,1326.7958322307095,0.016397636383771896,0.05000000074505806,0.19049999117851257,5.662499904632568
4767,1327.0708768311888,0.013887010514736176,0.05000000074505806,0.17900002002716064,5.462500095367432
4768,1327.349821863696,0.014808904379606247,0.05000000074505806,0.19349999725818634,5.731249809265137
4769,1327.5788083365187,0.014881845563650131,0.05000000074505806,0.19425001740455627,5.706249713897705
4770,1327.796179681085,0.013979466632008553,0.05000000074505806,0.1939999759197235,6.012499809265137
4771,1328.0392136638984,0.014707539230585098,0.05000000074505806,0.18674999475479126,5.625
4772,1328.2842004224658,0.013876701705157757,0.05000000074505806,0.17024999856948853,5.143750190734863
4773,1328.6428801631555,0.0146440165117383,0.05000000074505806,0.19724997878074646,6.1875
4774,1328.8877118770033,0.01669340580701828,0.05000000074505806,0.19299998879432678,5.706250190734863
4775,1329.255494040437,0.015592129901051521,0.05000000074505806,0.19374999403953552,5.799999713897705
4776,1329.5047477409244,0.01244680117815733,0.05000000074505806,0.17549999058246613,5.712499618530273
4777,1329.7366172103211,0.014345120638608932,0.05000000074505806,0.19825001060962677,5.674999713897705
4778,1329.9894421882927,0.013441735878586769,0.05000000074505806,0.18549999594688416,5.449999809265137
4779,1330.2188585055992,0.015653934329748154,0.05000000074505806,0.18325001001358032,5.550000190734863
4780,1330.4839542023838,0.01434299722313881,0.05000000074505806,0.1992499977350235,5.956249713897705
4781,1331.4533083606511,0.015878645703196526,0.05000000074505806,0.18850000202655792,5.543750286102295
4782,1331.7084967410192,0.012583673000335693,0.05000000074505806,0.179500013589859,5.437499046325684
4783,1331.9626005189493,0.013921084813773632,0.05000000074505806,0.18950000405311584,5.743749618530273
4784,1332.244640076533,0.013493964448571205,0.05000000074505806,0.1875,5.449999809265137
4785,1332.4850242156535,0.013943810015916824,0.05000000074505806,0.18850000202655792,5.65000057220459
4786,1332.791678827256,0.013829629868268967,0.05000000074505806,0.18425001204013824,5.6999993324279785
4787,1333.037846038118,0.016885679215192795,0.05000000074505806,0.18450000882148743,5.40625
4788,1333.3964025350288,0.012395902536809444,0.05000000074505806,0.17624999582767487,5.674999713897705
4789,1333.649767265655,0.015247608534991741,0.05000000074505806,0.1812499761581421,5.274999618530273
4790,1333.9035737216473,0.014054185710847378,0.05000000074505806,0.1902499943971634,5.581249713897705
4791,1334.1468900684267,0.014252660796046257,0.05000000074505806,0.16949999332427979,5.199999809265137
4792,1334.3896308876574,0.014396633952856064,0.05000000074505806,0.18200001120567322,5.362499713897705
4793,1334.6403651190922,0.013666861690580845,0.05000000074505806,0.18400001525878906,5.424999713897705
4794,1334.8949090009555,0.016428999602794647,0.05000000074505806,0.17799998819828033,5.399999618530273
4795,1335.140730609186,0.013655765913426876,0.05000000074505806,0.18150000274181366,5.368749618530273
4796,1335.3877232521772,0.015079371631145477,0.05000000074505806,0.18125000596046448,5.449999809265137
4797,1335.6355953197926,0.01429008599370718,0.05000000074505806,0.19099999964237213,6.100000381469727
4798,1335.875753982924,0.015543625690042973,0.05000000074505806,0.19625000655651093,5.75
4799,1336.1609784197062,0.013743753544986248,0.05000000074505806,0.1899999976158142,5.63124942779541
4800,1336.4562965910882,0.016761302947998047,0.05000000074505806,0.1692499965429306,5.087500095367432
4801,1336.7216872870922,0.014734870754182339,0.05000000074505806,0.1874999850988388,5.506249904632568
4802,1336.957144126296,0.01351839303970337,0.05000000074505806,0.1887499988079071,5.587499618530273
4803,1337.2352380407974,0.012438657693564892,0.05000000074505806,0.17374999821186066,5.175000190734863
4804,1337.521817682311,0.016937583684921265,0.05000000074505806,0.18675000965595245,5.518749713897705
4805,1337.7709167068824,0.015058079734444618,0.05000000074505806,0.19550001621246338,5.793749809265137
4806,1338.00733979512,0.014740976504981518,0.05000000074505806,0.1784999966621399,5.400000095367432
4807,1338.3661224730313,0.014616776257753372,0.05000000074505806,0.1899999976158142,5.5437493324279785
4808,1338.6153117772192,0.015731053426861763,0.05000000074505806,0.1835000067949295,5.556250095367432
4809,1338.8551487317309,0.01644933968782425,0.05000000074505806,0.18174999952316284,5.974999904632568
4810,1339.092072638683,0.012750916182994843,0.05000000074505806,0.18925000727176666,5.387499809265137
4811,1339.337109389715,0.01271677203476429,0.05000000074505806,0.1850000023841858,5.525000095367432
4812,1339.5998764270917,0.015217779204249382,0.05000000074505806,0.19175000488758087,5.875
4813,1340.0359415607527,0.015071614645421505,0.05000000074505806,0.18949998915195465,5.8125
4814,1340.301336134784,0.012917677871882915,0.05000000074505806,0.19299998879432678,5.606250286102295
4815,1340.533642647788,0.013804915361106396,0.05000000074505806,0.19300001859664917,5.774999618530273
4816,1340.8290748745203,0.014282331801950932,0.05000000074505806,0.19349999725818634,5.899999618530273
4817,1341.0842434223741,0.016013087704777718,0.05000000074505806,0.18549999594688416,5.512499809265137
4818,1341.3135508755222,0.013428124599158764,0.05000000074505806,0.17899999022483826,5.699999809265137
4819,1341.5556725263596,0.015003751032054424,0.05000000074505806,0.1979999989271164,5.643750190734863
4820,1341.8005457175896,0.012631235644221306,0.05000000074505806,0.18800000846385956,5.631249904632568
4821,1342.0200780490413,0.015890859067440033,0.05000000074505806,0.1942499876022339,5.899999618530273
4822,1342.2901058467105,0.01733722910284996,0.05000000074505806,0.19174998998641968,5.862500190734863
4823,1342.620716474019,0.01768636330962181,0.05000000074505806,0.1902499943971634,5.593749523162842
4824,1342.936540339142,0.014310541562736034,0.05000000074505806,0.17924998700618744,5.612500190734863
4825,1343.168921242468,0.015382369980216026,0.05000000074505806,0.1887499988079071,5.362499713897705
4826,1343.5241010785103,0.014824317768216133,0.05000000074505806,0.17900002002716064,5.506250381469727
4827,1343.7907990403473,0.013532065786421299,0.05000000074505806,0.18700000643730164,5.6875
4828,1344.0428784787655,0.01588490791618824,0.05000000074505806,0.17874999344348907,5.537500381469727
4829,1344.2604082059115,0.0135508356615901,0.05000000074505806,0.19750000536441803,5.700000286102295
4830,1344.4827737743035,0.015507183969020844,0.05000000074505806,0.1807500272989273,5.875
4831,1344.7144354963675,0.014768367633223534,0.05000000074505806,0.19475002586841583,5.556249618530273
4832,1344.9353948496282,0.012936266139149666,0.05000000074505806,0.18074998259544373,5.41249942779541
4833,1345.1489773346111,0.01695275492966175,0.05000000074505806,0.17649997770786285,5.262499809265137
4834,1345.4713150234893,0.013043888844549656,0.05000000074505806,0.17550000548362732,5.449999809265137
4835,1345.7260541897267,0.015993677079677582,0.05000000074505806,0.18924999237060547,5.450000286102295
4836,1345.9636496072635,0.013602637685835361,0.05000000074505806,0.17674998939037323,5.449999809265137
4837,1346.1831702170894,0.011808095499873161,0.05000000074505806,0.17624999582767487,5.268749713897705
4838,1346.41478525009,0.016090743243694305,0.05000000074505806,0.18275001645088196,5.400000095367432
4839,1346.650928660296,0.01812347210943699,0.05000000074505806,0.19074998795986176,6.024999141693115
4840,1347.0260740639642,0.014802748337388039,0.05000000074505806,0.18450000882148743,5.475000381469727
4841,1347.7103382274508,0.014382805675268173,0.05000000074505806,0.18000000715255737,5.393750190734863
4842,1347.9328873623163,0.02043277397751808,0.05000000074505806,0.18799999356269836,5.637499809265137
4843,1348.1516326535493,0.014887253753840923,0.05000000074505806,0.20075000822544098,5.956249237060547
4844,1348.3763493821025,0.017164139077067375,0.05000000074505806,0.195499986410141,5.831249237060547
4845,1349.204813043587,0.014099462889134884,0.05000000074505806,0.1770000010728836,5.362499713897705
4846,1349.4722603652626,0.015316657721996307,0.05000000074505806,0.18774999678134918,5.450000286102295
4847,1349.7292185425758,0.013942304998636246,0.05000000074505806,0.18674999475479126,5.65625
4848,1350.0095356851816,0.015960434451699257,0.05000000074505806,0.18450000882148743,5.712499141693115
4849,1350.2769856508821,0.015269318595528603,0.05000000074505806,0.19300001859664917,5.618749141693115
4850,1350.5898149153218,0.012151992879807949,0.05000000074505806,0.19950000941753387,5.949999809265137
4851,1350.8733641207218,0.014456367120146751,0.05000000074505806,0.18574999272823334,5.774999618530273
4852,1351.1039862027392,0.016156017780303955,0.05000000074505806,0.1939999908208847,5.637499809265137
4853,1351.3492174008861,0.018223710358142853,0.05000000074505806,0.18849998712539673,5.681249618530273
4854,1351.577554547228,0.013852563686668873,0.05000000074505806,0.17374999821186066,5.099999904632568
4855,1351.8483918486163,0.014823288656771183,0.05000000074505806,0.18924999237060547,5.668749809265137
4856,1352.09340339154,0.013668391853570938,0.05000000074505806,0.1889999955892563,5.581249713897705
4857,1352.3733451934531,0.01853211410343647,0.05000000074505806,0.18550001084804535,5.387499809265137
4858,1352.6372145097703,0.014027278870344162,0.05000000074505806,0.18450000882148743,5.643749237060547
4859,1352.9190543564036,0.014594096690416336,0.05000000074505806,0.1992499977350235,5.893749713897705
4860,1353.1548581020907,0.015312997624278069,0.05000000074505806,0.18850000202655792,6.175000190734863
4861,1353.405262307264,0.014502689242362976,0.05000000074505806,0.19475001096725464,5.53125
4862,1353.6496345698833,0.012394653633236885,0.05000000074505806,0.19199998676776886,5.762499809265137
4863,1353.9261278426275,0.013305554166436195,0.05000000074505806,0.18000000715255737,5.487499713897705
4864,1354.2737272623926,0.013832791708409786,0.05000000074505806,0.20099999010562897,5.66249942779541
4865,1354.5502605093643,0.01488545909523964,0.05000000074505806,0.18250000476837158,5.681249618530273
4866,1354.794659562409,0.015056926757097244,0.05000000074505806,0.18049998581409454,5.637500286102295
4867,1355.1005749832839,0.016007933765649796,0.05000000074505806,0.195499986410141,5.724999904632568
4868,1355.3387933326885,0.01379289198666811,0.05000000074505806,0.18125000596046448,5.387499809265137
4869,1355.6269752793014,0.014681696891784668,0.05000000074505806,0.18725000321865082,5.612499713897705
4870,1355.886859738268,0.01703600585460663,0.05000000074505806,0.1912499964237213,5.69374942779541
4871,1356.105012146756,0.014494964852929115,0.05000000074505806,0.1952499896287918,5.84375
4872,1356.3660292699933,0.015220225788652897,0.05000000074505806,0.19350002706050873,5.887499809265137
4873,1356.607756963931,0.014442884363234043,0.05000000074505806,0.17649999260902405,5.53125
4874,1356.84155783616,0.01402773056179285,0.05000000074505806,0.1847500056028366,5.393750190734863
4875,1357.1119547346607,0.014345155097544193,0.05000000074505806,0.17874999344348907,5.387499809265137
4876,1357.3425305597484,0.015655413269996643,0.05000000074505806,0.18325001001358032,5.543749809265137
4877,1357.6968183591962,0.01415492407977581,0.05000000074505806,0.19025000929832458,5.568750381469727
4878,1358.0507220812142,0.01238243468105793,0.05000000074505806,0.1850000023841858,5.9375
4879,1358.295209577307,0.016012519598007202,0.05000000074505806,0.1939999908208847,5.643750190734863
4880,1358.5415349211544,0.01516032125800848,0.05000000074505806,0.18150000274181366,5.399999618530273
4881,1358.7580668507144,0.013788669370114803,0.05000000074505806,0.1797500103712082,5.562499523162842
4882,1359.0368764149025,0.014271169900894165,0.05000000074505806,0.1887499988079071,5.506249904632568
4883,1359.277254048735,0.011749492958188057,0.05000000074505806,0.18049998581409454,5.437499523162842
4884,1359.5250952076167,0.015687808394432068,0.05000000074505806,0.18125000596046448,5.537499904632568
4885,1359.7697665514424,0.011532142758369446,0.05000000074505806,0.17650002241134644,5.562500476837158
4886,1360.0417274627835,0.01762204058468342,0.05000000074505806,0.17649999260902405,5.025000095367432
4887,1360.310787256807,0.013479900546371937,0.05000000074505806,0.18025001883506775,5.324999809265137
4888,1360.9985677804798,0.01691729947924614,0.05000000074505806,0.19900000095367432,5.78749942779541
4889,1361.2885601576418,0.014500138349831104,0.05000000074505806,0.19249999523162842,5.843749523162842
4890,1361.5448274845257,0.015563457272946835,0.05000000074505806,0.1807500123977661,5.050000190734863
4891,1361.7816271502525,0.015533494763076305,0.05000000074505806,0.1797499805688858,5.537499904632568
4892,1362.0296279517934,0.014007257297635078,0.05000000074505806,0.18125000596046448,5.481249809265137
4893,1362.2663769517094,0.015046942979097366,0.05000000074505806,0.18850000202655792,5.700000286102295
4894,1362.49745853059,0.01207740232348442,0.05000000074505806,0.19499999284744263,5.824999809265137
4895,1362.7324370509014,0.015639541670680046,0.05000000074505806,0.1912499964237213,5.693749904632568
4896,1362.9498204924166,0.012737425975501537,0.05000000074505806,0.1912499964237213,6.0625
4897,1363.2051782682538,0.01648365892469883,0.05000000074505806,0.18825000524520874,5.506249904632568
4898,1363.44799397327,0.017671480774879456,0.05000000074505806,0.19574998319149017,5.84375
4899,1363.734876057133,0.01647447794675827,0.05000000074505806,0.1757500022649765,5.612499237060547
4900,1363.9659124510363,0.016946421936154366,0.05000000074505806,0.19249999523162842,5.443749904632568
4901,1364.2466114191338,0.015096792951226234,0.05000000074505806,0.1860000193119049,5.606249809265137
4902,1364.510566608049,0.015095548704266548,0.05000000074505806,0.1862500011920929,5.562500476837158
4903,1364.8642718950287,0.014256920665502548,0.05000000074505806,0.19950000941753387,5.9499993324279785
4904,1365.1182688483968,0.014316787011921406,0.05000000074505806,0.18775001168251038,5.6062493324279785
4905,1365.3351754350588,0.0150523092597723,0.05000000074505806,0.18550001084804535,5.6875
4906,1365.6013916116208,0.01392359845340252,0.05000000074505806,0.19050000607967377,5.762499809265137
4907,1365.8195611285046,0.013743536546826363,0.05000000074505806,0.18299999833106995,5.368749618530273
4908,1366.0443709054962,0.013606972992420197,0.05000000074505806,0.18275000154972076,5.612499713897705
4909,1366.2786536505446,0.017281781882047653,0.05000000074505806,0.1835000067949295,5.418749809265137
4910,1366.5128484191373,0.014419927261769772,0.05000000074505806,0.19325000047683716,5.762499809265137
4911,1367.2529685404152,0.014479092322289944,0.05000000074505806,0.18650001287460327,5.662500381469727
4912,1367.5499083772302,0.01320929266512394,0.05000000074505806,0.18850000202655792,5.700000286102295
4913,1367.787876742892,0.014676426537334919,0.05000000074505806,0.1757500022649765,5.237500190734863
4914,1368.0140314940363,0.01571452058851719,0.05000000074505806,0.18474999070167542,5.662499904632568
4915,1368.276441690512,0.012691276147961617,0.05000000074505806,0.1835000216960907,5.53125
4916,1368.5008665407076,0.013555405661463737,0.05000000074505806,0.18924999237060547,5.575000286102295
4917,1368.7778262263164,0.012340002693235874,0.05000000074505806,0.18299999833106995,5.974999904632568
4918,1369.0175187122077,0.013600400649011135,0.05000000074505806,0.1942499876022339,5.462499618530273
4919,1369.246334276162,0.015919510275125504,0.05000000074505806,0.19750000536441803,5.918749809265137
4920,1369.5181350642815,0.013280030339956284,0.05000000074505806,0.18324999511241913,5.462500095367432
4921,1369.8205637736246,0.016219669952988625,0.05000000074505806,0.18524999916553497,5.59375
4922,1370.1045874198899,0.014836153015494347,0.05000000074505806,0.19224998354911804,5.693749904632568
4923,1370.3397017782554,0.015602054074406624,0.05000000074505806,0.18500001728534698,5.574999809265137
4924,1371.039535921067,0.014324882999062538,0.05000000074505806,0.18450000882148743,5.581249713897705
4925,1371.345375762321,0.013087411411106586,0.05000000074505806,0.18775001168251038,5.562500953674316
4926,1371.5904689244926,0.016175199300050735,0.05000000074505806,0.18199998140335083,5.649999618530273
4927,1371.8747076792642,0.013053696602582932,0.05000000074505806,0.1912499964237213,5.412499904632568
4928,1372.1249875510111,0.01526602916419506,0.05000000074505806,0.1875000149011612,5.78125
4929,1372.3777252919972,0.013625092804431915,0.05000000074505806,0.1757500022649765,5.399999618530273
4930,1372.6484294263646,0.015093915164470673,0.05000000074505806,0.17775002121925354,5.362500190734863
4931,1372.9395046615973,0.016383716836571693,0.05000000074505806,0.20099999010562897,5.800000190734863
4932,1373.1814856259152,0.015488391742110252,0.05000000074505806,0.19625000655651093,6.162499904632568
4933,1373.4845698662102,0.02005530335009098,0.05000000074505806,0.18850000202655792,5.624999523162842
4934,1373.7486224286258,0.014969914220273495,0.05000000074505806,0.17874999344348907,5.38124942779541
4935,1374.0157498773187,0.014468124136328697,0.05000000074505806,0.18800000846385956,5.925000190734863
4936,1374.23939037323,0.01547662541270256,0.05000000074505806,0.19324998557567596,5.662499904632568
4937,1374.4969571484253,0.016205033287405968,0.05000000074505806,0.18549999594688416,5.543749809265137
4938,1374.7427792791277,0.014008020050823689,0.05000000074505806,0.18400000035762787,5.84999942779541
4939,1374.9845212912187,0.014434644021093845,0.05000000074505806,0.1952499896287918,5.549999713897705
4940,1375.3603032464162,0.014665958471596241,0.05000000074505806,0.20374999940395355,6.099999904632568
4941,1375.5856542456895,0.0172925665974617,0.05000000074505806,0.19499999284744263,6.150000095367432
4942,1375.9353774217889,0.014816518872976303,0.05000000074505806,0.19074998795986176,5.787499904632568
4943,1376.2405122891068,0.014592696912586689,0.05000000074505806,0.18700000643730164,5.456250190734863
4944,1376.4697686564177,0.014771416783332825,0.05000000074505806,0.20374999940395355,6.200000286102295
4945,1376.7340582488105,0.016659125685691833,0.05000000074505806,0.19599997997283936,5.94374942779541
4946,1377.0740823671222,0.01779918558895588,0.05000000074505806,0.18150000274181366,5.487499713897705
4947,1377.3073784252629,0.013726603239774704,0.05000000074505806,0.18925000727176666,6.237500190734863
4948,1377.5926589900628,0.014507834799587727,0.05000000074505806,0.19499999284744263,5.574999809265137
4949,1377.8101443033665,0.014363370835781097,0.05000000074505806,0.17475000023841858,5.28125
4950,1378.0257667824626,0.014844896271824837,0.05000000074505806,0.19174998998641968,6.012499809265137
4951,1378.3660041354597,0.015094309113919735,0.05000000074505806,0.1797500103712082,5.418750286102295
4952,1379.096013803035,0.014752182178199291,0.05000000074505806,0.18975000083446503,5.606249809265137
4953,1379.3935480751097,0.014177380129694939,0.05000000074505806,0.1807500123977661,5.587499618530273
4954,1379.6386564765126,0.01629583165049553,0.05000000074505806,0.1927500218153,5.606249809265137
4955,1379.8836863283068,0.014382672496140003,0.05000000074505806,0.18825000524520874,5.6437506675720215
4956,1380.1273486241698,0.01675470545887947,0.05000000074505806,0.18299999833106995,5.499999523162842
4957,1380.3805167991668,0.014782549813389778,0.05000000074505806,0.19875000417232513,5.731249809265137
4958,1380.6242916677147,0.010935095138847828,0.05000000074505806,0.18200001120567322,5.612500190734863
4959,1380.8763494137675,0.014232654124498367,0.05000000074505806,0.17824998497962952,5.274999618530273
4960,1381.1097889421508,0.01697252131998539,0.05000000074505806,0.19550001621246338,5.662499904632568
4961,1381.328246243298,0.014028511010110378,0.05000000074505806,0.1927500218153,5.862500190734863
4962,1381.5612901058048,0.017005469650030136,0.05000000074505806,0.1889999955892563,6.025000095367432
4963,1381.8008714523166,0.01263574231415987,0.05000000074505806,0.18825000524520874,5.474999904632568
4964,1382.049420981668,0.013218101114034653,0.05000000074505806,0.19049999117851257,5.706250190734863
4965,1382.3006740249693,0.014362206682562828,0.05000000074505806,0.19950000941753387,6.050000190734863
4966,1382.599553219974,0.013355780392885208,0.05000000074505806,0.1860000193119049,5.687499523162842
4967,1382.8565345183015,0.01583443582057953,0.05000000074505806,0.18774999678134918,5.618749618530273
4968,1383.0927147427574,0.01547242235392332,0.05000000074505806,0.18800000846385956,5.725000381469727
4969,1383.3468137979507,0.013058009557425976,0.05000000074505806,0.19099999964237213,5.681250095367432
4970,1383.6162967719138,0.014375945553183556,0.05000000074505806,0.1937500238418579,5.775000095367432
4971,1383.8673326754943,0.01804203912615776,0.05000000074505806,0.16825000941753387,5.224999904632568
4972,1384.0970541220158,0.014642816968262196,0.05000000074505806,0.18299999833106995,5.399999618530273
4973,1384.3252540910617,0.013518838211894035,0.05000000074505806,0.1757500022649765,5.162500381469727
4974,1384.5571931926534,0.019121242687106133,0.05000000074505806,0.19224999845027924,5.974999904632568
4975,1384.8025533892214,0.013952150009572506,0.05000000074505806,0.18975000083446503,5.599999904632568
4976,1385.0454305605963,0.017295043915510178,0.05000000074505806,0.1875,5.649999618530273
4977,1385.2883193837479,0.01820206269621849,0.05000000074505806,0.1807500123977661,5.587499618530273
4978,1385.5080348839983,0.017704861238598824,0.05000000074505806,0.19725000858306885,5.700000762939453
4979,1385.7341342708096,0.013835801742970943,0.05000000074505806,0.1784999966621399,5.418749809265137
4980,1385.96197424829,0.013567542657256126,0.05000000074505806,0.19249999523162842,5.962500095367432
4981,1386.1920776786283,0.016145380213856697,0.05000000074505806,0.2017500102519989,5.981249809265137
4982,1386.4390635117888,0.01705314591526985,0.05000000074505806,0.1914999932050705,5.681249618530273
4983,1386.6531109111384,0.016011208295822144,0.05000000074505806,0.18299999833106995,5.474999904632568
4984,1386.8714031502604,0.013470437377691269,0.05000000074505806,0.18024998903274536,5.40625
4985,1387.0977286342531,0.017285428941249847,0.05000000074505806,0.18850000202655792,5.649999618530273
4986,1387.3122504614294,0.01466441061347723,0.05000000074505806,0.17925001680850983,5.674999713897705
4987,1387.537833692506,0.01341506838798523,0.05000000074505806,0.19600000977516174,5.50624942779541
4988,1387.7543901586905,0.014844868332147598,0.05000000074505806,0.179500013589859,5.524999618530273
4989,1387.9852982489392,0.013067016378045082,0.05000000074505806,0.18850000202655792,5.612499713897705
4990,1388.251808822155,0.016050297766923904,0.05000000074505806,0.19700001180171967,5.875
4991,1388.5668919449672,0.015408659353852272,0.05000000074505806,0.1759999841451645,5.356249809265137
4992,1388.8044606866315,0.01638372428715229,0.05000000074505806,0.1915000081062317,5.862499237060547
4993,1389.0363880665973,0.014944619499146938,0.05000000074505806,0.1835000067949295,5.674999713897705
4994,1389.3174281707034,0.014420846477150917,0.05000000074505806,0.19475001096725464,5.637499809265137
4995,1389.6565080229193,0.015263867564499378,0.05000000074505806,0.1782500147819519,5.375
4996,1389.9019236946478,0.01581674814224243,0.05000000074505806,0.19524997472763062,5.662500381469727
4997,1390.1440272210166,0.013605164363980293,0.05000000074505806,0.1965000182390213,5.900000095367432
4998,1390.408269353211,0.014561383984982967,0.05000000074505806,0.18324999511241913,5.637499809265137
4999,1390.6586799630895,0.015071430243551731,0.05000000074505806,0.18000002205371857,5.4375
