iteration,elapsed_seconds,loss,epsilon,mean_turn_reward,mean_episode_return
0,10.22522203810513,0.05523346737027168,0.9996185302734375,0.14239828288555145,4.188889026641846
1,11.332788879983127,0.03929198160767555,0.999237060546875,0.1287904530763626,3.595454454421997
2,14.026352784596384,0.05301859602332115,0.9988555908203125,0.1324237734079361,3.4000003337860107
3,15.430320809595287,0.04212237522006035,0.99847412109375,0.13691407442092896,3.5899996757507324
4,16.322879790328443,0.03126174584031105,0.9980926513671875,0.12099172919988632,3.386956214904785
5,17.32298026792705,0.0344347320497036,0.997711181640625,0.12624585628509521,3.2160000801086426
6,18.915713121183217,0.03939386457204819,0.9973297119140625,0.13447579741477966,3.6624999046325684
7,21.566449550911784,0.029707634821534157,0.9969482421875,0.12417219579219818,3.3523809909820557
8,22.844559518620372,0.03487883508205414,0.9965667724609375,0.12458771467208862,3.0481479167938232
9,25.89267437811941,0.031947843730449677,0.996185302734375,0.12205637991428375,3.316666603088379
10,26.739276327192783,0.030112115666270256,0.9958038330078125,0.13261649012565613,3.5400002002716064
11,27.652770932763815,0.0355570986866951,0.99542236328125,0.12916667759418488,3.2846157550811768
12,29.227443144656718,0.028930500149726868,0.9950408935546875,0.13320611417293549,3.604999542236328
13,31.416464653797448,0.02759190835058689,0.994659423828125,0.13040752708911896,3.5565218925476074
14,33.52347590215504,0.03214883431792259,0.9942779541015625,0.1245669424533844,2.921739339828491
15,34.42493880633265,0.03245358541607857,0.993896484375,0.13482944667339325,3.790476083755493
16,35.288844658993185,0.034706421196460724,0.9935150146484375,0.12599705159664154,3.200000047683716
17,36.354394243098795,0.02401014044880867,0.993133544921875,0.13386327028274536,3.3458330631256104
18,37.57001278735697,0.024847889319062233,0.9927520751953125,0.12849265336990356,3.545454502105713
19,39.067644202150404,0.034360531717538834,0.99237060546875,0.13105924427509308,3.622727155685425
20,40.333510333672166,0.03164251148700714,0.9919891357421875,0.12854787707328796,3.3681821823120117
21,42.24799734912813,0.03063354827463627,0.991607666015625,0.12639594078063965,3.200000047683716
22,43.28151780925691,0.029724907130002975,0.9912261962890625,0.1269516795873642,3.6714284420013428
23,44.14060291554779,0.02988416515290737,0.9908447265625,0.12520064413547516,2.8380954265594482
24,45.551182365976274,0.03155236691236496,0.9904632568359375,0.13554757833480835,3.9047622680664062
25,46.457023499533534,0.034139860421419144,0.990081787109375,0.12597014009952545,3.1571426391601562
26,47.323863038793206,0.034846995025873184,0.9897003173828125,0.12632577121257782,3.4136362075805664
27,48.23131675366312,0.03192822262644768,0.98931884765625,0.12979890406131744,3.1578948497772217
28,49.07724352553487,0.028198035433888435,0.9889373779296875,0.1287054568529129,3.970588207244873
29,49.97989765461534,0.03397791460156441,0.988555908203125,0.12098138779401779,3.115999698638916
30,51.40789896249771,0.035851456224918365,0.9881744384765625,0.13806922733783722,3.715789318084717
31,52.292042292654514,0.03105366788804531,0.98779296875,0.13118970394134521,3.436000108718872
32,53.675845134072006,0.04196764901280403,0.9874114990234375,0.1265895962715149,3.222222328186035
33,54.981958009302616,0.04474890977144241,0.987030029296875,0.1241641417145729,3.070833444595337
34,55.91785367857665,0.031613029539585114,0.9866485595703125,0.12283104658126831,3.041379451751709
35,56.777136858552694,0.03193942457437515,0.98626708984375,0.1380334049463272,3.780951976776123
36,58.146550646051764,0.039691012352705,0.9858856201171875,0.1339041143655777,3.7950000762939453
37,59.01032557152212,0.03300221264362335,0.985504150390625,0.12962962687015533,3.123076915740967
38,59.92475964408368,0.03862926363945007,0.9851226806640625,0.1251838356256485,3.570000171661377
39,60.79512382578105,0.041534021496772766,0.9847412109375,0.1379629671573639,3.6999998092651367
40,61.749272785149515,0.03334940969944,0.9843597412109375,0.12756849825382233,3.536363363265991
41,63.36572677921504,0.03212788328528404,0.983978271484375,0.12826088070869446,3.1521739959716797
42,65.19054610840976,0.040889885276556015,0.9835968017578125,0.13117088377475739,3.4839999675750732
43,66.5271620247513,0.037188079208135605,0.98321533203125,0.12164579331874847,3.333333730697632
44,68.14255504123867,0.03770970553159714,0.9828338623046875,0.1346224695444107,3.6368420124053955
45,69.76479957439005,0.032736245542764664,0.982452392578125,0.13514018058776855,3.5894739627838135
46,70.66566113568842,0.0472453311085701,0.9820709228515625,0.12471545487642288,3.0916664600372314
47,71.89527594018728,0.03862700238823891,0.981689453125,0.1323777437210083,3.499999761581421
48,72.77405117452145,0.04240064695477486,0.9813079833984375,0.1382550299167633,3.495833158493042
49,73.85651097632945,0.04030090570449829,0.980926513671875,0.13670413196086884,3.8842105865478516
50,75.9559612357989,0.04664755240082741,0.9805450439453125,0.12850746512413025,3.423076868057251
51,77.73210363090038,0.04337262734770775,0.98016357421875,0.11976936459541321,3.0173914432525635
52,78.61755559872836,0.04765313118696213,0.9797821044921875,0.1292894184589386,3.4260871410369873
53,80.52960028592497,0.04600365832448006,0.979400634765625,0.12350158393383026,3.5166664123535156
54,82.53468497563154,0.045147400349378586,0.9790191650390625,0.13389544188976288,3.2280001640319824
55,83.88938062172383,0.03366784751415253,0.9786376953125,0.12636815011501312,3.296154022216797
56,84.82523770537227,0.045349061489105225,0.9782562255859375,0.1363934427499771,3.6374998092651367
57,85.72192140389234,0.03899838402867317,0.977874755859375,0.13572853803634644,3.6000001430511475
58,87.16248759347945,0.042933981865644455,0.9774932861328125,0.1318565458059311,3.741666793823242
59,88.63983545824885,0.053857170045375824,0.97711181640625,0.11626794189214706,3.3681814670562744
60,90.44066536705941,0.03965089097619057,0.9767303466796875,0.1291808784008026,3.370833396911621
61,92.29415835998952,0.038245104253292084,0.976348876953125,0.1309565305709839,3.3545448780059814
62,93.15322715230286,0.031777072697877884,0.9759674072265625,0.1259433925151825,3.1961538791656494
63,94.29551442805678,0.04637091979384422,0.9755859375,0.12521009147167206,3.421739101409912
64,95.48386468645185,0.05546052008867264,0.9752044677734375,0.128524050116539,3.2863638401031494
65,97.47631587926298,0.03791029751300812,0.974822998046875,0.12295345216989517,3.0888888835906982
66,98.57872932124883,0.044991377741098404,0.9744415283203125,0.13629892468452454,3.5941176414489746
67,99.52145948261023,0.03749740496277809,0.97406005859375,0.13038869202136993,3.5291664600372314
68,100.53612061776221,0.03721100091934204,0.9736785888671875,0.14196786284446716,3.8849997520446777
69,101.36371415201575,0.0423889197409153,0.973297119140625,0.13024476170539856,3.6210527420043945
70,102.83991514518857,0.04463246092200279,0.9729156494140625,0.12342767417430878,3.141667127609253
71,103.73454001545906,0.04057151824235916,0.9725341796875,0.12025117129087448,3.3458335399627686
72,105.27849068306386,0.034095533192157745,0.9721527099609375,0.1448497623205185,3.7599995136260986
73,106.39630856737494,0.043019648641347885,0.971771240234375,0.13986711204051971,3.549999952316284
74,107.98047974612564,0.042152006179094315,0.9713897705078125,0.1196540966629982,3.392000198364258
75,109.72621431574225,0.0344400554895401,0.97100830078125,0.13076923787593842,3.3359999656677246
76,110.62519776821136,0.0414872020483017,0.9706268310546875,0.12421746551990509,3.2391304969787598
77,112.05081381462514,0.03833089396357536,0.970245361328125,0.13135135173797607,3.2809524536132812
78,113.42832710128278,0.0330495722591877,0.9698638916015625,0.12558528780937195,3.5090906620025635
79,114.3358993716538,0.04019204154610634,0.969482421875,0.12145110219717026,3.0222225189208984
80,115.44570321775973,0.03852609172463417,0.9691009521484375,0.1244262307882309,3.247368574142456
81,116.30084868054837,0.043322645127773285,0.968719482421875,0.12943853437900543,3.3640003204345703
82,117.46797396428883,0.03695773705840111,0.9683380126953125,0.11986063420772552,3.3416664600372314
83,118.36448895279318,0.03530512750148773,0.96795654296875,0.13584227859973907,3.635293960571289
84,119.46809989213943,0.033355340361595154,0.9675750732421875,0.1262068897485733,3.3391306400299072
85,121.08601888269186,0.03406619280576706,0.967193603515625,0.12829861044883728,3.2846150398254395
86,122.7498280890286,0.033596307039260864,0.9668121337890625,0.12707582116127014,3.3299999237060547
87,123.88964404538274,0.028964953497052193,0.9664306640625,0.12898032367229462,3.5789473056793213
88,124.97651099320501,0.035844847559928894,0.9660491943359375,0.1340206116437912,3.5374996662139893
89,125.85664245579392,0.034247905015945435,0.965667724609375,0.12994836270809174,3.433333158493042
90,126.79881517402828,0.027827659621834755,0.9652862548828125,0.12250000238418579,3.376190185546875
91,128.96640495862812,0.034539323300123215,0.96490478515625,0.14264431595802307,3.672727346420288
92,129.8442961042747,0.03690840303897858,0.9645233154296875,0.1249605119228363,3.2409093379974365
93,131.8148514200002,0.03513070568442345,0.964141845703125,0.12253756821155548,3.25600004196167
94,134.28010144177824,0.036054227501153946,0.9637603759765625,0.13034825026988983,3.247825860977173
95,136.06775360926986,0.03566306084394455,0.96337890625,0.1244800016283989,3.450000047683716
96,137.53851149231195,0.02943025715649128,0.9629974365234375,0.12984822690486908,3.347618818283081
97,139.3421024652198,0.032726727426052094,0.962615966796875,0.13848920166492462,3.512500047683716
98,140.86375644709915,0.03153269365429878,0.9622344970703125,0.13127148151397705,3.626086711883545
99,142.3064933354035,0.0359819158911705,0.96185302734375,0.12802013754844666,3.2260870933532715
100,143.32616372499615,0.03162223845720291,0.9614715576171875,0.13679245114326477,3.721052885055542
101,144.2323694843799,0.03377416729927063,0.961090087890625,0.12289347499608994,3.312499761581421
102,145.8443639576435,0.0334341786801815,0.9607086181640625,0.1250000149011612,3.0199999809265137
103,148.48891743831336,0.030487576499581337,0.9603271484375,0.12087377905845642,3.1310346126556396
104,149.81112100556493,0.032569222152233124,0.9599456787109375,0.12152104824781418,3.180000066757202
105,150.9372029127553,0.0282428078353405,0.959564208984375,0.13296499848365784,3.8399994373321533
106,153.02154854591936,0.035694558173418045,0.9591827392578125,0.1276363581418991,3.359091281890869
107,154.41352822817862,0.03235786035656929,0.95880126953125,0.12495867162942886,3.257143020629883
108,156.2243275521323,0.03341745585203171,0.9584197998046875,0.13128599524497986,3.486363410949707
109,157.11658062692732,0.027470897883176804,0.958038330078125,0.11992881447076797,3.3173911571502686
110,158.9457018794492,0.031260691583156586,0.9576568603515625,0.14176706969738007,3.816666603088379
111,159.8412104099989,0.025267355144023895,0.957275390625,0.13418181240558624,3.862499952316284
112,160.75624285452068,0.03200878947973251,0.9568939208984375,0.13781189918518066,3.549999952316284
113,163.25657222047448,0.035001903772354126,0.956512451171875,0.14089347422122955,3.8045454025268555
114,164.09888638928533,0.0316711962223053,0.9561309814453125,0.12204586714506149,3.531818151473999
115,164.962449060753,0.03135564923286438,0.95574951171875,0.1415194422006607,3.4590909481048584
116,166.37035113573074,0.03153417631983757,0.9553680419921875,0.1288524568080902,3.760000228881836
117,168.0330355754122,0.030445758253335953,0.954986572265625,0.12386364489793777,3.0217392444610596
118,169.3078415002674,0.036190975457429886,0.9546051025390625,0.1420704871416092,3.935293674468994
119,170.21034781262279,0.03185995668172836,0.9542236328125,0.13177572190761566,3.6714284420013428
120,171.62805464677513,0.03159225359559059,0.9538421630859375,0.13054101169109344,3.635000228881836
121,172.54619164019823,0.03034284897148609,0.953460693359375,0.13857616484165192,3.40740704536438
122,174.48481980990618,0.027364473789930344,0.9530792236328125,0.14048583805561066,3.8235294818878174
123,175.45067505631596,0.03552655875682831,0.95269775390625,0.13171520829200745,3.6666667461395264
124,176.3296770453453,0.030378084629774094,0.9523162841796875,0.1283993124961853,3.4200000762939453
125,178.12437407393008,0.02680438943207264,0.951934814453125,0.12171874940395355,3.1999995708465576
126,180.38369449041784,0.03055649995803833,0.9515533447265625,0.13189521431922913,3.4461538791656494
127,182.08151438180357,0.03258132562041283,0.951171875,0.13273702561855316,3.433333158493042
128,183.45708375424147,0.03330879285931587,0.9507904052734375,0.13110367953777313,3.4190473556518555
129,184.38899909239262,0.03227541595697403,0.950408935546875,0.1414802074432373,3.625
130,185.2638060869649,0.029842087998986244,0.9500274658203125,0.1267361044883728,3.4166669845581055
131,186.76904737763107,0.028131546452641487,0.94964599609375,0.12956656515598297,3.327272653579712
132,188.26872494071722,0.028412584215402603,0.9492645263671875,0.14427965879440308,3.6782610416412354
133,189.10985270235687,0.03298943117260933,0.948883056640625,0.13363637030124664,3.9599997997283936
134,190.68032011948526,0.031395986676216125,0.9485015869140625,0.14068441092967987,3.442857027053833
135,192.91668426897377,0.03260156512260437,0.9481201171875,0.13613446056842804,3.9529409408569336
136,194.26663543470204,0.0256718248128891,0.9477386474609375,0.1332225799560547,3.5
137,195.146114455536,0.03206615149974823,0.947357177734375,0.13629764318466187,3.866666078567505
138,196.02513366937637,0.029835032299160957,0.9469757080078125,0.12180094420909882,3.0185184478759766
139,196.9430852662772,0.030142715200781822,0.94659423828125,0.13293515145778656,3.508333206176758
140,198.1957959095016,0.02856382168829441,0.9462127685546875,0.13376624882221222,3.5444440841674805
141,199.3227357827127,0.03213511034846306,0.945831298828125,0.14272387325763702,3.809523820877075
142,200.57284358143806,0.031481605023145676,0.9454498291015625,0.12563177943229675,3.461111307144165
143,201.898284252733,0.032546516507864,0.945068359375,0.13250882923603058,3.672726631164551
144,203.21233275625855,0.03080930933356285,0.9446868896484375,0.15297740697860718,3.9166667461395264
145,204.07836139760911,0.027067886665463448,0.944305419921875,0.13086234033107758,3.5142855644226074
146,205.4082694677636,0.03165628761053085,0.9439239501953125,0.12046875059604645,3.2347824573516846
147,206.22747628949583,0.03031207248568535,0.94354248046875,0.1290050745010376,3.2227272987365723
148,207.6806861255318,0.03344365581870079,0.9431610107421875,0.1341216266155243,3.3879997730255127
149,208.5879403296858,0.03298291563987732,0.942779541015625,0.11993465572595596,3.3619046211242676
150,210.1076269093901,0.03328731283545494,0.9423980712890625,0.13412970304489136,3.25
151,211.22155720274895,0.030213261023163795,0.9420166015625,0.13789062201976776,3.8736836910247803
152,213.08097347803414,0.033748138695955276,0.9416351318359375,0.12311557680368423,3.3809523582458496
153,214.63051938917488,0.031156372278928757,0.941253662109375,0.14179106056690216,3.752941131591797
154,215.49256247933954,0.030857093632221222,0.9408721923828125,0.1507014036178589,3.980952262878418
155,216.34686277993023,0.03132902830839157,0.94049072265625,0.1338709592819214,3.831817865371704
156,218.05716123711318,0.030950307846069336,0.9401092529296875,0.12995320558547974,3.2119998931884766
157,220.5143810249865,0.028579069301486015,0.939727783203125,0.12751880288124084,3.355555534362793
158,221.84612470306456,0.0329010896384716,0.9393463134765625,0.13233216106891632,3.509523630142212
159,223.3036814397201,0.03463681787252426,0.93896484375,0.12318840622901917,2.9761905670166016
160,225.1791979977861,0.029663540422916412,0.9385833740234375,0.12752294540405273,3.4357147216796875
161,227.64821751508862,0.032651159912347794,0.938201904296875,0.13144329190254211,3.3619046211242676
162,229.54311113618314,0.031972069293260574,0.9378204345703125,0.13436365127563477,3.6650002002716064
163,230.44500912167132,0.03018318861722946,0.93743896484375,0.13666121661663055,3.519047737121582
164,231.49030299019068,0.02883005701005459,0.9370574951171875,0.12540452182292938,3.4720001220703125
165,232.61022015847266,0.034987132996320724,0.936676025390625,0.13600000739097595,3.4772727489471436
166,234.67004792392254,0.032115887850522995,0.9362945556640625,0.1248355433344841,3.338095188140869
167,236.69558242615312,0.029010217636823654,0.9359130859375,0.13158705830574036,3.453845977783203
168,239.0997792314738,0.030589288100600243,0.9355316162109375,0.1270967721939087,3.377272844314575
169,239.9332900037989,0.03418990224599838,0.935150146484375,0.13256636261940002,3.294736862182617
170,240.92031165212393,0.03332287818193436,0.9347686767578125,0.14989247918128967,3.9150002002716064
171,242.45927208196372,0.03414583578705788,0.93438720703125,0.12794829905033112,3.4160001277923584
172,243.41481870319694,0.029868099838495255,0.9340057373046875,0.13903655111789703,3.4560000896453857
173,244.55512350797653,0.02986237406730652,0.933624267578125,0.13058103621006012,3.3999998569488525
174,245.6361415926367,0.02822301909327507,0.9332427978515625,0.1299029141664505,3.529411792755127
175,247.22927975002676,0.029866596683859825,0.932861328125,0.1301824152469635,3.5099997520446777
176,248.50431047938764,0.03495929762721062,0.9324798583984375,0.13517239689826965,3.6043474674224854
177,250.47496850974858,0.03360940143465996,0.932098388671875,0.1186625137925148,3.0608696937561035
178,251.9380225520581,0.028987333178520203,0.9317169189453125,0.14203454554080963,3.6434783935546875
179,253.43257885612547,0.028585977852344513,0.93133544921875,0.12912456691265106,3.4124996662139893
180,254.73439378198236,0.03045005165040493,0.9309539794921875,0.13663716614246368,3.614285707473755
181,255.60805942676961,0.02895404025912285,0.930572509765625,0.12634560465812683,3.2444443702697754
182,256.56367258168757,0.03061576373875141,0.9301910400390625,0.13049180805683136,3.0999999046325684
183,257.7767920047045,0.03240547329187393,0.9298095703125,0.12910053133964539,3.7722222805023193
184,258.7010694080964,0.02770806849002838,0.9294281005859375,0.1230769231915474,3.117391586303711
185,260.30268407519907,0.030419854447245598,0.929046630859375,0.1332307606935501,3.3785717487335205
186,261.2818708512932,0.033935341984033585,0.9286651611328125,0.1309058517217636,3.700000047683716
187,262.2377277901396,0.03061656840145588,0.92828369140625,0.13247233629226685,3.456521511077881
188,263.22078939154744,0.029183240607380867,0.9279022216796875,0.12704791128635406,3.184615135192871
189,264.1551894498989,0.029112963005900383,0.927520751953125,0.13653483986854553,3.5142858028411865
190,265.23516077455133,0.030195653438568115,0.9271392822265625,0.13082076609134674,3.609090566635132
191,267.3031716635451,0.028862832114100456,0.9267578125,0.13679416477680206,3.5791664123535156
192,269.72357767634094,0.029794998466968536,0.9263763427734375,0.13439251482486725,3.799999237060547
193,270.8253620462492,0.031297896057367325,0.925994873046875,0.1257188618183136,3.424999952316284
194,272.04243131540716,0.03250496834516525,0.9256134033203125,0.1311986744403839,3.303999900817871
195,273.16480362042785,0.03125171735882759,0.92523193359375,0.12768730521202087,3.5249998569488525
196,274.5186832509935,0.028471997007727623,0.9248504638671875,0.1341894119977951,3.314814805984497
197,275.4897948401049,0.03143169730901718,0.924468994140625,0.12754590809345245,3.3958332538604736
198,276.361395470798,0.03169913589954376,0.9240875244140625,0.1276707500219345,3.3249995708465576
199,278.012188218534,0.033806800842285156,0.9237060546875,0.12876032292842865,3.538095474243164
200,278.8525056047365,0.030632179230451584,0.9233245849609375,0.1397959142923355,3.5333333015441895
201,280.7890048157424,0.03157098591327667,0.922943115234375,0.12273450940847397,3.4181814193725586
202,282.118880613707,0.02920403517782688,0.9225616455078125,0.136180117726326,3.293548345565796
203,283.39424347132444,0.02858286164700985,0.92218017578125,0.11773162335157394,3.1136362552642822
204,284.32194444630295,0.028099270537495613,0.9217987060546875,0.1426229476928711,3.403846263885498
205,285.7927113417536,0.031028319150209427,0.921417236328125,0.13127492368221283,3.7904765605926514
206,286.73051691707224,0.033762820065021515,0.9210357666015625,0.13727454841136932,3.8388888835906982
207,287.92416920512915,0.03175362944602966,0.920654296875,0.13317307829856873,3.799999713897705
208,289.39108072035015,0.02776096761226654,0.9202728271484375,0.13475176692008972,3.361538887023926
209,290.64519986044616,0.031148437410593033,0.919891357421875,0.129059836268425,3.441666603088379
210,292.61757872626185,0.028176814317703247,0.9195098876953125,0.14548946917057037,3.9952380657196045
211,295.17105832509696,0.03532404080033302,0.91912841796875,0.12667730450630188,3.118518352508545
212,296.1324493205175,0.02866268903017044,0.9187469482421875,0.1404000073671341,3.75
213,296.9980762116611,0.029284588992595673,0.918365478515625,0.14988663792610168,4.735714435577393
214,298.10893084295094,0.026121091097593307,0.9179840087890625,0.14758063852787018,3.8421051502227783
215,298.97401702031493,0.027294717729091644,0.9176025390625,0.13233743607997894,3.7136361598968506
216,299.9240658134222,0.03367754444479942,0.9172210693359375,0.13260869681835175,3.4647059440612793
217,301.48539501521736,0.030375614762306213,0.916839599609375,0.12703582644462585,3.4040002822875977
218,302.71154863294214,0.03146400302648544,0.9164581298828125,0.14955751597881317,3.8478264808654785
219,304.2545958934352,0.030463533475995064,0.91607666015625,0.14047187566757202,3.7899997234344482
220,306.3729701479897,0.031123189255595207,0.9156951904296875,0.14830340445041656,3.968421220779419
221,307.7648980394006,0.027188323438167572,0.915313720703125,0.1306946575641632,3.5
222,309.33438357245177,0.0261614341288805,0.9149322509765625,0.12077702581882477,3.0681817531585693
223,310.27942244149745,0.029985878616571426,0.91455078125,0.13528335094451904,3.656250476837158
224,311.6744319861755,0.029636912047863007,0.9141693115234375,0.12944000959396362,3.4119997024536133
225,313.0204638503492,0.02632090076804161,0.913787841796875,0.14461538195610046,4.026315689086914
226,314.41894684080034,0.027835600078105927,0.9134063720703125,0.1382550299167633,3.6666667461395264
227,316.0333935022354,0.027782894670963287,0.91302490234375,0.12788161635398865,3.3499999046325684
228,318.0996704697609,0.031203949823975563,0.9126434326171875,0.14057692885398865,3.6526312828063965
229,319.0279883528128,0.028104430064558983,0.912261962890625,0.1333916187286377,3.7117645740509033
230,320.1799169322476,0.03070945292711258,0.9118804931640625,0.13747413456439972,3.809523820877075
231,321.7428717156872,0.03171636909246445,0.9114990234375,0.13067591190338135,3.4782607555389404
232,323.40809788554907,0.030713314190506935,0.9111175537109375,0.1556451916694641,4.21999979019165
233,324.615627983585,0.031460557132959366,0.910736083984375,0.12469982355833054,3.48888897895813
234,326.29155009333044,0.03099382482469082,0.9103546142578125,0.13300000131130219,3.243478298187256
235,328.55362771917135,0.027989467605948448,0.90997314453125,0.12936508655548096,3.694444417953491
236,330.27114448789507,0.03619018942117691,0.9095916748046875,0.14364640414714813,3.989999771118164
237,331.7431217841804,0.02724493481218815,0.909210205078125,0.12512646615505219,3.2590906620025635
238,333.21691904589534,0.03089182823896408,0.9088287353515625,0.1299559473991394,3.3107142448425293
239,334.5677250782028,0.03122924454510212,0.908447265625,0.13084112107753754,3.190476179122925
240,336.01432123221457,0.029124164953827858,0.9080657958984375,0.14489112794399261,4.03181791305542
241,337.7758908132091,0.029119834303855896,0.907684326171875,0.1462572067975998,4.0
242,339.7218740405515,0.029732782393693924,0.9073028564453125,0.13735409080982208,3.778947114944458
243,341.28700237348676,0.030257780104875565,0.90692138671875,0.14421908557415009,4.223529815673828
244,342.18224054109305,0.028181251138448715,0.9065399169921875,0.1290484219789505,3.471428394317627
245,343.0439547719434,0.02905426360666752,0.906158447265625,0.1269170641899109,3.196296453475952
246,344.96738272719085,0.027304768562316895,0.9057769775390625,0.12862129509449005,3.3913047313690186
247,346.03252267837524,0.025550510734319687,0.9053955078125,0.12241888046264648,3.011111259460449
248,347.215804588981,0.031732987612485886,0.9050140380859375,0.12627257406711578,3.339130163192749
249,348.7856874233112,0.028154514729976654,0.904632568359375,0.12269044667482376,3.1120002269744873
250,350.06977587379515,0.02903902716934681,0.9042510986328125,0.14166666567325592,3.934999942779541
251,351.05741057917476,0.028156057000160217,0.90386962890625,0.1269288957118988,3.433333158493042
252,352.77796953730285,0.03028787113726139,0.9034881591796875,0.1367775797843933,3.3961539268493652
253,353.85757620818913,0.028393656015396118,0.903106689453125,0.14419887959957123,3.8181822299957275
254,354.93152276147157,0.0317104272544384,0.9027252197265625,0.13165049254894257,3.5363638401031494
255,355.9208145868033,0.02688629738986492,0.90234375,0.13807106018066406,3.7190475463867188
256,356.81062785349786,0.02414609305560589,0.9019622802734375,0.13746032118797302,3.4826083183288574
257,358.2240092549473,0.03156494349241257,0.901580810546875,0.13784219324588776,3.671428918838501
258,360.3685952620581,0.028154587373137474,0.9011993408203125,0.12911586463451385,3.3692309856414795
259,361.2563899597153,0.027539342641830444,0.90081787109375,0.12446281313896179,3.236363410949707
260,363.05743767041713,0.030204225331544876,0.9004364013671875,0.13409489393234253,3.5374996662139893
261,364.2824794212356,0.02803465910255909,0.900054931640625,0.1301020383834839,3.2923076152801514
262,365.805677941069,0.029636645689606667,0.8996734619140625,0.14126016199588776,3.8466668128967285
263,366.67104086931795,0.028691226616501808,0.8992919921875,0.13424406945705414,3.6772725582122803
264,368.2246302962303,0.02923753298819065,0.8989105224609375,0.1399267464876175,3.914285898208618
265,369.71604161616415,0.030968401581048965,0.898529052734375,0.12628868222236633,3.3416664600372314
266,370.937598740682,0.03306576982140541,0.8981475830078125,0.13611111044883728,3.4590911865234375
267,372.35300907306373,0.032004259526729584,0.89776611328125,0.13171204924583435,4.309091091156006
268,373.4702386725694,0.030287083238363266,0.8973846435546875,0.13964112102985382,3.5240001678466797
269,374.30905175581574,0.029763484373688698,0.897003173828125,0.126527339220047,3.2592594623565674
270,375.2530668005347,0.028198974207043648,0.8966217041015625,0.1374233067035675,3.7599997520446777
271,377.0995410233736,0.03065692074596882,0.896240234375,0.12782324850559235,3.299999952316284
272,378.70865085348487,0.029200328513979912,0.8958587646484375,0.14336133003234863,3.6999995708465576
273,379.86822452861816,0.028157180175185204,0.895477294921875,0.1403149664402008,3.6038460731506348
274,381.8779438622296,0.027203701436519623,0.8950958251953125,0.12192243337631226,3.379166603088379
275,382.7561465492472,0.03120964765548706,0.89471435546875,0.1324104219675064,3.291304111480713
276,384.3485742164776,0.03185410797595978,0.8943328857421875,0.13240589201450348,3.4599997997283936
277,386.6641353145242,0.029401620849967003,0.893951416015625,0.1442125290632248,4.056249618530273
278,387.898292247206,0.028847122564911842,0.8935699462890625,0.12681283056735992,3.4347822666168213
279,388.82414638251066,0.02820683643221855,0.8931884765625,0.1302158236503601,3.614999294281006
280,389.86395973619074,0.027088217437267303,0.8928070068359375,0.12976743280887604,3.3359997272491455
281,391.3275325112045,0.029341818764805794,0.892425537109375,0.12773585319519043,3.404761791229248
282,392.44586241897196,0.02951951138675213,0.8920440673828125,0.13794870674610138,3.5695650577545166
283,393.99377439916134,0.03186908736824989,0.89166259765625,0.13782770931720734,3.5944442749023438
284,395.8766659516841,0.02980283834040165,0.8912811279296875,0.12638147175312042,3.581817865371704
285,397.2734679952264,0.031131546944379807,0.890899658203125,0.12899506092071533,3.5749998092651367
286,399.522584348917,0.030962897464632988,0.8905181884765625,0.13276836276054382,3.582608699798584
287,400.4455531714484,0.03028959408402443,0.89013671875,0.1497153788805008,3.5291664600372314
288,401.95376626122743,0.030930904671549797,0.8897552490234375,0.1194489449262619,3.3523809909820557
289,403.30812061112374,0.027383392676711082,0.889373779296875,0.14742451906204224,3.4772722721099854
290,404.3464475311339,0.035333871841430664,0.8889923095703125,0.13486237823963165,3.933333158493042
291,405.2356955781579,0.02933192439377308,0.88861083984375,0.1347602754831314,3.6150002479553223
292,406.53742415923625,0.03347785025835037,0.8882293701171875,0.138615682721138,3.4000000953674316
293,407.50590326357633,0.03042837418615818,0.887847900390625,0.15565216541290283,5.0357136726379395
294,408.56054757814854,0.030198218300938606,0.8874664306640625,0.1424657702445984,3.6695656776428223
295,409.61693733744323,0.029742268845438957,0.8870849609375,0.1453007608652115,4.247058868408203
296,411.14660732168704,0.027461310848593712,0.8867034912109375,0.12980133295059204,3.3478260040283203
297,412.51661670114845,0.02584119513630867,0.886322021484375,0.12835821509361267,3.3478260040283203
298,413.40339590609074,0.02739601396024227,0.8859405517578125,0.13631756603717804,3.496000289916992
299,414.82645216211677,0.030383318662643433,0.88555908203125,0.13267503678798676,3.4380955696105957
300,415.88387631066144,0.027726024389266968,0.8851776123046875,0.13218954205513,3.36956524848938
301,417.2960113650188,0.033460140228271484,0.884796142578125,0.11953847110271454,3.123076915740967
302,418.3863263670355,0.03030935302376747,0.8844146728515625,0.12161742895841599,3.0217392444610596
303,421.16203102469444,0.029091577976942062,0.884033203125,0.13720929622650146,3.6565213203430176
304,422.9900569682941,0.02866196073591709,0.8836517333984375,0.12935781478881836,3.338461399078369
305,424.4729246357456,0.031012417748570442,0.883270263671875,0.14190872013568878,3.835714817047119
306,425.9024903420359,0.028888355940580368,0.8828887939453125,0.12857142090797424,3.308333396911621
307,426.7504039630294,0.029914265498518944,0.88250732421875,0.13013246655464172,3.4519999027252197
308,428.91419791895896,0.028867600485682487,0.8821258544921875,0.12989214062690735,3.1481480598449707
309,431.1557150296867,0.028228171169757843,0.881744384765625,0.1340983659029007,3.3999998569488525
310,432.05985421314836,0.030379457399249077,0.8813629150390625,0.12671010196208954,3.75217342376709
311,433.11477276775986,0.030946556478738785,0.8809814453125,0.12044444680213928,2.9071428775787354
312,433.9704108694568,0.033920880407094955,0.8805999755859375,0.13798320293426514,3.3999998569488525
313,434.9076320780441,0.028075579553842545,0.880218505859375,0.1368589699268341,3.5607142448425293
314,435.7956853546202,0.02941337414085865,0.8798370361328125,0.14466801285743713,3.9312500953674316
315,436.69171881489456,0.030122311785817146,0.87945556640625,0.14437627792358398,4.178571701049805
316,437.5741877006367,0.02842066064476967,0.8790740966796875,0.12624113261699677,3.8045449256896973
317,438.51046551577747,0.027320511639118195,0.878692626953125,0.1401069611310959,3.4739127159118652
318,439.3544174572453,0.033817753195762634,0.8783111572265625,0.1395939141511917,3.635000228881836
319,440.8023332571611,0.0298247542232275,0.8779296875,0.13479623198509216,3.3359997272491455
320,442.3241416392848,0.0293719545006752,0.8775482177734375,0.14547039568424225,3.887500047683716
321,443.2056268947199,0.029200134798884392,0.877166748046875,0.1321156769990921,3.2739129066467285
322,444.10224766656756,0.02740863896906376,0.8767852783203125,0.12322774529457092,3.3222224712371826
323,445.00817642733455,0.029786722734570503,0.87640380859375,0.12986798584461212,3.258333206176758
324,446.7268430041149,0.028529902920126915,0.8760223388671875,0.13327205181121826,3.700000047683716
325,447.79525752179325,0.03154837712645531,0.875640869140625,0.13008850812911987,3.3285715579986572
326,449.1984181497246,0.027881253510713577,0.8752593994140625,0.1320967674255371,3.4800000190734863
327,451.44160150177777,0.031514257192611694,0.8748779296875,0.12097027152776718,2.9863638877868652
328,452.3583812257275,0.02836800552904606,0.8744964599609375,0.13197025656700134,3.683333396911621
329,453.2561073740944,0.02900359407067299,0.874114990234375,0.13089700043201447,3.3333332538604736
330,454.14488734677434,0.027911750599741936,0.8737335205078125,0.1259433925151825,3.2608695030212402
331,455.8441991750151,0.02548699826002121,0.87335205078125,0.14160585403442383,3.7217390537261963
332,456.8380111726001,0.026186395436525345,0.8729705810546875,0.15260222554206848,3.954545021057129
333,457.743079633452,0.027586374431848526,0.872589111328125,0.1325545310974121,3.3999998569488525
334,459.51795188803226,0.028444455936551094,0.8722076416015625,0.12130897492170334,3.1173911094665527
335,460.43640495929867,0.02990005537867546,0.871826171875,0.14549018442630768,3.8227272033691406
336,461.82125008292496,0.02837803214788437,0.8714447021484375,0.13265307247638702,3.605555534362793
337,463.12969102337956,0.02810392528772354,0.871063232421875,0.13611112534999847,3.357692241668701
338,464.7700652657077,0.031796783208847046,0.8706817626953125,0.13452991843223572,3.547999858856201
339,466.4224298084155,0.025623846799135208,0.87030029296875,0.1288372129201889,3.427999973297119
340,468.5129182357341,0.030858628451824188,0.8699188232421875,0.14500001072883606,3.7347824573516846
341,469.9145119795576,0.025892548263072968,0.869537353515625,0.1397790014743805,3.8842103481292725
342,471.66740367840976,0.025701124221086502,0.8691558837890625,0.1280612349510193,3.41111159324646
343,472.8461796445772,0.02947794832289219,0.8687744140625,0.14810343086719513,3.7199997901916504
344,473.7606845712289,0.027698731049895287,0.8683929443359375,0.13199999928474426,3.7076923847198486
345,474.6593251209706,0.027026114985346794,0.868011474609375,0.14900794625282288,3.582608699798584
346,475.6840476123616,0.029735412448644638,0.8676300048828125,0.15628868341445923,4.417646884918213
347,476.7884908756241,0.027729200199246407,0.86724853515625,0.12836767733097076,3.3500001430511475
348,478.42912418954074,0.03109452873468399,0.8668670654296875,0.13442623615264893,3.75
349,479.9837519796565,0.025518737733364105,0.866485595703125,0.1310015767812729,3.376923084259033
350,481.7736500222236,0.02463911660015583,0.8661041259765625,0.12549619376659393,3.2346153259277344
351,482.7000739853829,0.02997363545000553,0.86572265625,0.13137932121753693,3.2666661739349365
352,484.5996961472556,0.028902892023324966,0.8653411865234375,0.14194174110889435,4.127777576446533
353,485.98845653422177,0.030267706140875816,0.864959716796875,0.14247311651706696,3.5916664600372314
354,487.6146325049922,0.03298836573958397,0.8645782470703125,0.12541602551937103,3.3409087657928467
355,489.3024614835158,0.02787303738296032,0.86419677734375,0.12170088291168213,3.1814815998077393
356,490.8547959616408,0.029317408800125122,0.8638153076171875,0.11762918531894684,3.075000286102295
357,492.5766457905993,0.026930011808872223,0.863433837890625,0.13210701942443848,3.5
358,493.41798139642924,0.028160005807876587,0.8630523681640625,0.1302977055311203,3.169565200805664
359,494.28259125817567,0.025206737220287323,0.8626708984375,0.13604852557182312,3.4125003814697266
360,495.3232684843242,0.027706991881132126,0.8622894287109375,0.1260383427143097,3.5625
361,496.15413434803486,0.028469424694776535,0.861907958984375,0.13167701661586761,3.2250001430511475
362,498.66510197147727,0.026585577055811882,0.8615264892578125,0.12964169681072235,3.433333396911621
363,499.8057395303622,0.026812441647052765,0.86114501953125,0.1315702646970749,3.2166664600372314
364,500.9216637117788,0.028312750160694122,0.8607635498046875,0.1344488263130188,3.773684501647949
365,502.02236478962004,0.02722909301519394,0.860382080078125,0.14402174949645996,4.164705753326416
366,502.913824275136,0.0244168471544981,0.8600006103515625,0.12760330736637115,3.2759997844696045
367,503.8265887759626,0.028056636452674866,0.859619140625,0.14154352247714996,3.4259257316589355
368,504.8784226756543,0.025261247530579567,0.8592376708984375,0.13116197288036346,3.64090895652771
369,505.9954101284966,0.026115935295820236,0.858856201171875,0.13379722833633423,3.3999998569488525
370,507.20939799025655,0.02739350125193596,0.8584747314453125,0.1328767091035843,3.9285714626312256
371,508.5443359464407,0.026068521663546562,0.85809326171875,0.12808988988399506,3.256521701812744
372,509.6453875983134,0.026290344074368477,0.8577117919921875,0.12513089179992676,3.4000000953674316
373,511.38950589857996,0.02723804861307144,0.857330322265625,0.136261984705925,3.461538553237915
374,512.4825356621295,0.027745360508561134,0.8569488525390625,0.14316830039024353,3.815788984298706
375,513.6208298364654,0.023626558482646942,0.8565673828125,0.14591652154922485,3.9318182468414307
376,514.6247423449531,0.02818680927157402,0.8561859130859375,0.13952095806598663,3.933333396911621
377,516.1737177250907,0.02759968489408493,0.855804443359375,0.1306985467672348,3.9000003337860107
378,517.7783370586112,0.027754228562116623,0.8554229736328125,0.1267295628786087,3.133333206176758
379,518.8629742413759,0.02198489010334015,0.85504150390625,0.13536778092384338,3.5879998207092285
380,519.7611392624676,0.02521517686545849,0.8546600341796875,0.1427202969789505,3.674999952316284
381,520.8307559099048,0.027026429772377014,0.854278564453125,0.13287435472011566,3.6956522464752197
382,521.8587580733001,0.025445643812417984,0.8538970947265625,0.14460694789886475,3.694117546081543
383,522.9069944536313,0.02639913372695446,0.853515625,0.13648422062397003,3.567999839782715
384,523.7707614367828,0.02776787057518959,0.8531341552734375,0.14474187791347504,3.778947114944458
385,524.655416184105,0.025250153616070747,0.852752685546875,0.14006678760051727,3.8956520557403564
386,525.7631186246872,0.024632520973682404,0.8523712158203125,0.13694581389427185,3.6454546451568604
387,526.6286214245483,0.029400750994682312,0.85198974609375,0.13255426287651062,3.4954543113708496
388,528.4568489827216,0.028748532757163048,0.8516082763671875,0.1374768167734146,3.395238161087036
389,530.0558510292321,0.025695044547319412,0.851226806640625,0.1364406794309616,3.713043451309204
390,532.5591693064198,0.025033464655280113,0.8508453369140625,0.1330508440732956,3.570833444595337
391,533.8605211274698,0.024950331076979637,0.8504638671875,0.1470019370317459,3.915789842605591
392,535.6658279299736,0.027918260544538498,0.8500823974609375,0.14749456942081451,4.262499809265137
393,537.4004167169333,0.02212226577103138,0.849700927734375,0.1403537094593048,3.7476184368133545
394,538.7239444619045,0.024275127798318863,0.8493194580078125,0.148289754986763,4.083333492279053
395,539.6324135176837,0.02061598189175129,0.84893798828125,0.13585583865642548,3.704347610473633
396,541.6117264227942,0.02423892170190811,0.8485565185546875,0.14205427467823029,3.8473687171936035
397,542.6677708597854,0.023618891835212708,0.848175048828125,0.13061225414276123,3.5736842155456543
398,544.7544219689444,0.026776272803544998,0.8477935791015625,0.12616099417209625,3.2545454502105713
399,545.6522142365575,0.02987861819565296,0.847412109375,0.13504424691200256,3.576190710067749
400,546.5709459055215,0.024467352777719498,0.8470306396484375,0.14224298298358917,4.023809909820557
401,547.4820196609944,0.02507871761918068,0.846649169921875,0.13745979964733124,3.4576921463012695
402,548.4064227798954,0.024558622390031815,0.8462677001953125,0.13684210181236267,3.723529577255249
403,549.4720336226746,0.02380959317088127,0.84588623046875,0.14256121218204498,3.7727270126342773
404,550.4184082187712,0.025253836065530777,0.8455047607421875,0.14067164063453674,3.9380950927734375
405,551.2996553732082,0.026139898225665092,0.845123291015625,0.13504822552204132,3.4863638877868652
406,552.9195328317583,0.025884319096803665,0.8447418212890625,0.13817863166332245,3.723809003829956
407,555.1672506211326,0.0268902275711298,0.8443603515625,0.131158247590065,3.3722219467163086
408,556.082136137411,0.026972707360982895,0.8439788818359375,0.1295546591281891,3.2642858028411865
409,557.0308341933414,0.027587659657001495,0.843597412109375,0.13333334028720856,3.4769227504730225
410,558.085984416306,0.024095455184578896,0.8432159423828125,0.1472061574459076,3.7454543113708496
411,559.0598102062941,0.027354946359992027,0.84283447265625,0.13225224614143372,3.736363172531128
412,560.3941658362746,0.02322075515985489,0.8424530029296875,0.1351819783449173,3.4772727489471436
413,562.1495790062472,0.028853291645646095,0.842071533203125,0.12806451320648193,3.4666669368743896
414,563.6629239358008,0.024658583104610443,0.8416900634765625,0.1269165277481079,3.1700000762939453
415,564.6992223784328,0.023857755586504936,0.84130859375,0.12338072061538696,3.456521511077881
416,566.3724002009258,0.02770949713885784,0.8409271240234375,0.1274452656507492,3.1374998092651367
417,567.6703934930265,0.024802979081869125,0.840545654296875,0.13179488480091095,3.452380895614624
418,568.734868183732,0.026263516396284103,0.8401641845703125,0.14192983508110046,3.665217638015747
419,570.3581731114537,0.026865560561418533,0.83978271484375,0.13190731406211853,3.635000228881836
420,571.6703208861873,0.023716671392321587,0.8394012451171875,0.13605016469955444,3.5250000953674316
421,572.5815747156739,0.024411752820014954,0.839019775390625,0.13333331048488617,3.3074071407318115
422,574.407016065903,0.02828862890601158,0.8386383056640625,0.1316901445388794,3.7909090518951416
423,575.7538524614647,0.026004375889897346,0.8382568359375,0.13873720169067383,3.326087236404419
424,577.2773014567792,0.026160473003983498,0.8378753662109375,0.12594501674175262,3.625
425,579.1966308597475,0.025218162685632706,0.837493896484375,0.13279172778129578,3.1777780055999756
426,580.0712867947295,0.023607179522514343,0.8371124267578125,0.1365724503993988,3.5875003337860107
427,580.9183225426823,0.023819351568818092,0.83673095703125,0.1367003321647644,3.7761905193328857
428,581.8106661420316,0.02571878954768181,0.8363494873046875,0.12545180320739746,3.1321425437927246
429,582.9300779663026,0.026746854186058044,0.835968017578125,0.143968865275383,4.241176605224609
430,584.1698205284774,0.01905868761241436,0.8355865478515625,0.13051947951316833,3.1520001888275146
431,585.7102605868131,0.022275777533650398,0.835205078125,0.13911505043506622,4.0117645263671875
432,587.0214851154014,0.02561420574784279,0.8348236083984375,0.13112245500087738,3.251852035522461
433,588.3502162341028,0.02630597911775112,0.834442138671875,0.1319536417722702,3.686363935470581
434,589.2487153317779,0.026502324268221855,0.8340606689453125,0.12802450358867645,3.355555534362793
435,590.1019172146916,0.028627851977944374,0.83367919921875,0.1371118128299713,3.3499999046325684
436,591.1521296631545,0.0260727908462286,0.8332977294921875,0.14516808092594147,3.8809523582458496
437,592.1545362072065,0.026928577572107315,0.832916259765625,0.15702128410339355,4.3684210777282715
438,593.1081168670207,0.02621961198747158,0.8325347900390625,0.12946860492229462,3.309999942779541
439,594.008945104666,0.023002952337265015,0.8321533203125,0.13512706756591797,3.3333332538604736
440,595.3865408226848,0.02498144656419754,0.8317718505859375,0.13381876051425934,3.5159997940063477
441,596.5753825996071,0.024161364883184433,0.831390380859375,0.14054054021835327,3.7208335399627686
442,597.9278927054256,0.02765963412821293,0.8310089111328125,0.13252337276935577,3.6599998474121094
443,599.1828622007743,0.026075178757309914,0.83062744140625,0.12246257066726685,3.0894734859466553
444,600.0564553951845,0.026110749691724777,0.8302459716796875,0.14466339349746704,3.813636541366577
445,601.9694453403354,0.026180977001786232,0.829864501953125,0.13339382410049438,3.447999954223633
446,603.4037759611383,0.022666404023766518,0.8294830322265625,0.14897197484970093,3.9650001525878906
447,604.4668543022126,0.023182393983006477,0.8291015625,0.131876140832901,3.635000228881836
448,606.1303519327193,0.02788747474551201,0.8287200927734375,0.13107889890670776,3.6608693599700928
449,607.3096232954413,0.02373536117374897,0.828338623046875,0.13300654292106628,3.0880002975463867
450,608.3782070335001,0.025123098865151405,0.8279571533203125,0.1445268839597702,3.9380950927734375
451,609.3701439835131,0.02678588032722473,0.82757568359375,0.14856557548046112,4.122221946716309
452,611.0975527819246,0.025914115831255913,0.8271942138671875,0.1504587084054947,4.25
453,612.5058804554865,0.023561982437968254,0.826812744140625,0.132090762257576,3.6000006198883057
454,613.3641397142783,0.027047455310821533,0.8264312744140625,0.1338735967874527,3.3074076175689697
455,614.665931141004,0.023852387443184853,0.8260498046875,0.13470393419265747,3.4708335399627686
456,616.5807104632258,0.023201875388622284,0.8256683349609375,0.146108940243721,4.062499523162842
457,618.1414783447981,0.023851493373513222,0.825286865234375,0.13794872164726257,3.9285714626312256
458,619.7742084925994,0.026690538972616196,0.8249053955078125,0.13309456408023834,3.2233331203460693
459,620.7845923630521,0.027340957894921303,0.82452392578125,0.1360790729522705,3.454545497894287
460,621.7825734158978,0.024864280596375465,0.8241424560546875,0.1470363289117813,3.799999952316284
461,623.2779918145388,0.025442026555538177,0.823760986328125,0.13982757925987244,3.68571400642395
462,624.8513260604814,0.023073459044098854,0.8233795166015625,0.13294118642807007,3.403846263885498
463,626.1372310342267,0.025256983935832977,0.822998046875,0.13036304712295532,3.386956214904785
464,627.2756677046418,0.025964707136154175,0.8226165771484375,0.14625227451324463,3.8954546451568604
465,628.5679965717718,0.026472432538866997,0.822235107421875,0.14022555947303772,3.7833333015441895
466,629.493936451152,0.023278219625353813,0.8218536376953125,0.14270073175430298,4.258823394775391
467,630.5696202814579,0.030018942430615425,0.82147216796875,0.1393410712480545,3.7272722721099854
468,632.544539465569,0.025408649817109108,0.8210906982421875,0.1303892284631729,3.3399999141693115
469,633.8056979794055,0.022169427946209908,0.820709228515625,0.1291845589876175,3.2517244815826416
470,636.4038668908179,0.02646302618086338,0.8203277587890625,0.1438077688217163,3.57619047164917
471,637.2905494309962,0.023063134402036667,0.8199462890625,0.13702359795570374,3.6826088428497314
472,638.8437942760065,0.024812329560518265,0.8195648193359375,0.14130841195583344,3.882352828979492
473,640.4695062041283,0.030309872701764107,0.819183349609375,0.13771043717861176,3.7190475463867188
474,641.3713169833645,0.024511076509952545,0.8188018798828125,0.14903099834918976,3.7238094806671143
475,642.4025715747848,0.022920552641153336,0.81842041015625,0.14128920435905457,3.9043478965759277
476,644.1740741981193,0.022935323417186737,0.8180389404296875,0.13855421543121338,3.620833396911621
477,645.0461349505931,0.027878789231181145,0.817657470703125,0.13902877271175385,3.6666669845581055
478,646.0210416372865,0.023593513295054436,0.8172760009765625,0.14166666567325592,3.825000047683716
479,648.395559258759,0.02422737143933773,0.81689453125,0.13779661059379578,3.8499999046325684
480,650.7559561766684,0.024946926161646843,0.8165130615234375,0.131552591919899,3.4375
481,652.2943698978052,0.023711035028100014,0.816131591796875,0.12758620083332062,3.383333444595337
482,653.6992939990014,0.027858976274728775,0.8157501220703125,0.13705773651599884,3.6190478801727295
483,655.3413184313104,0.02301284484565258,0.81536865234375,0.1397009938955307,3.440908908843994
484,656.2066805521026,0.02380608581006527,0.8149871826171875,0.13807828724384308,3.8849997520446777
485,657.4757367474958,0.025758203119039536,0.814605712890625,0.12600001692771912,3.3608696460723877
486,658.8636172749102,0.024286167696118355,0.8142242431640625,0.14241379499435425,3.642857074737549
487,660.6816064743325,0.028853289783000946,0.8138427734375,0.14023904502391815,4.19444465637207
488,662.2097816905007,0.024139802902936935,0.8134613037109375,0.1340835988521576,3.372000217437744
489,663.1225012671202,0.025720609351992607,0.813079833984375,0.1340835988521576,3.378261089324951
490,664.0284360386431,0.026080422103405,0.8126983642578125,0.14429064095020294,4.049999713897705
491,666.0909967375919,0.02398521453142166,0.81231689453125,0.1417069435119629,3.351724147796631
492,668.1849929895252,0.021957669407129288,0.8119354248046875,0.13983193039894104,3.834782361984253
493,670.5071597220376,0.02770763263106346,0.811553955078125,0.13067668676376343,3.442307710647583
494,672.3058576695621,0.02486213855445385,0.8111724853515625,0.12279874086380005,3.047999858856201
495,673.1421922976151,0.024046536535024643,0.810791015625,0.1457875519990921,4.011110782623291
496,674.3290750952438,0.025117218494415283,0.8104095458984375,0.14050179719924927,3.4652178287506104
497,675.3284019334242,0.02417587861418724,0.810028076171875,0.13733331859111786,3.786956548690796
498,676.3821886200458,0.02484743483364582,0.8096466064453125,0.14523810148239136,3.990476608276367
499,678.4183482583612,0.02662498690187931,0.80926513671875,0.12881889939308167,3.2703704833984375
500,679.3144280435517,0.027122298255562782,0.8088836669921875,0.13807763159275055,3.784210681915283
501,680.8055649213493,0.026559561491012573,0.808502197265625,0.13027822971343994,3.394444465637207
502,682.3105577602983,0.02390187233686447,0.8081207275390625,0.12936241924762726,3.15925931930542
503,683.4026788799092,0.025631114840507507,0.8077392578125,0.13815580308437347,3.8217389583587646
504,684.2722596284002,0.02653244510293007,0.8073577880859375,0.13359840214252472,3.570000171661377
505,685.1724912533537,0.021688275039196014,0.806976318359375,0.14385665953159332,3.886363983154297
506,686.1454992657527,0.02313920669257641,0.8065948486328125,0.1296825408935547,3.383333444595337
507,687.9442791873589,0.023723136633634567,0.80621337890625,0.13689923286437988,3.304347515106201
508,688.8183010434732,0.0251841489225626,0.8058319091796875,0.13979238271713257,3.69599986076355
509,689.8905204050243,0.026041820645332336,0.805450439453125,0.13902437686920166,3.547619104385376
510,691.436588216573,0.026990626007318497,0.8050689697265625,0.13107438385486603,3.684999942779541
511,692.7569657899439,0.025916846469044685,0.8046875,0.13033033907413483,3.239285945892334
512,694.0715311020613,0.028044747188687325,0.8043060302734375,0.136052206158638,3.529629707336426
513,695.7336142361164,0.02217351458966732,0.803924560546875,0.13038921356201172,3.188000202178955
514,697.3702213615179,0.027100710198283195,0.8035430908203125,0.13359254598617554,3.627999782562256
515,698.7198877045885,0.025785379111766815,0.80316162109375,0.13757576048374176,3.2750000953674316
516,699.8182469336316,0.027792174369096756,0.8027801513671875,0.13924050331115723,3.799999952316284
517,701.2966258293018,0.02570977993309498,0.802398681640625,0.13055555522441864,3.357142925262451
518,702.2215881124139,0.025964688509702682,0.8020172119140625,0.12161290645599365,3.315999984741211
519,703.2691689822823,0.02582162618637085,0.8016357421875,0.1332242339849472,3.5555553436279297
520,704.2032680409029,0.024483509361743927,0.8012542724609375,0.14180888235569,3.5
521,705.2691006446257,0.029141364619135857,0.800872802734375,0.129807710647583,3.4750001430511475
522,706.3588814549148,0.026900412514805794,0.8004913330078125,0.13384616374969482,3.563636064529419
523,707.2529444117099,0.02262677252292633,0.80010986328125,0.12112904340028763,3.010000228881836
524,708.6779308645055,0.02611875720322132,0.7997283935546875,0.125,3.4043478965759277
525,710.3335054917261,0.026246562600135803,0.799346923828125,0.13942952454090118,3.460869550704956
526,712.0708130216226,0.024423066526651382,0.7989654541015625,0.13776978850364685,3.633333206176758
527,713.9846617449075,0.025360463187098503,0.798583984375,0.1471135914325714,4.105262756347656
528,716.3621018184349,0.025782935321331024,0.7982025146484375,0.13108551502227783,3.4640002250671387
529,717.7924384567887,0.023948214948177338,0.797821044921875,0.13761140406131744,3.664705753326416
530,719.6125361919403,0.023485619574785233,0.7974395751953125,0.1289176195859909,3.3692307472229004
531,720.5334301395342,0.03028455376625061,0.79705810546875,0.1423301249742508,3.9882354736328125
532,721.982480911538,0.026432497426867485,0.7966766357421875,0.1519920378923416,4.085713863372803
533,723.3383619058877,0.022627029567956924,0.796295166015625,0.13176099956035614,3.3458335399627686
534,724.2210932364687,0.025589169934391975,0.7959136962890625,0.143349751830101,3.8142857551574707
535,725.0835420833901,0.02510184422135353,0.7955322265625,0.13298968970775604,3.41153883934021
536,726.2974822958931,0.026047678664326668,0.7951507568359375,0.14395228028297424,3.669564962387085
537,727.7835726905614,0.025360850617289543,0.794769287109375,0.13224638998508453,3.8368418216705322
538,728.664389224723,0.021971320733428,0.7943878173828125,0.1409660130739212,3.7727272510528564
539,729.7020579036325,0.02353636920452118,0.79400634765625,0.14953094720840454,3.7173912525177
540,731.2941807089373,0.024285132065415382,0.7936248779296875,0.14095237851142883,3.876190185546875
541,732.5448001511395,0.028582848608493805,0.793243408203125,0.13846154510974884,3.4037036895751953
542,733.4164702259004,0.025563562288880348,0.7928619384765625,0.1351301074028015,3.679999828338623
543,734.2908324217424,0.02351536974310875,0.79248046875,0.14297695457935333,4.214285850524902
544,735.1260239584371,0.023902367800474167,0.7920989990234375,0.14134949445724487,3.684999942779541
545,737.282079658471,0.02931331843137741,0.791717529296875,0.1393728256225586,3.8391306400299072
546,738.5130251003429,0.022683927789330482,0.7913360595703125,0.13487941026687622,3.6173911094665527
547,740.3640940263867,0.02363678626716137,0.79095458984375,0.13870370388031006,3.8105263710021973
548,741.7254900028929,0.026309523731470108,0.7905731201171875,0.13637930154800415,3.5428569316864014
549,743.7969017187133,0.026042358949780464,0.790191650390625,0.12639404833316803,3.5736842155456543
550,745.0174418585375,0.021765628829598427,0.7898101806640625,0.14351852238178253,3.717391014099121
551,746.5679795965552,0.02781778573989868,0.7894287109375,0.13621261715888977,3.605555295944214
552,748.180698399432,0.024285413324832916,0.7890472412109375,0.14768339693546295,3.863636016845703
553,749.0464712390676,0.02513224631547928,0.788665771484375,0.15415821969509125,4.159999847412109
554,750.4467444270849,0.023093480616807938,0.7882843017578125,0.14338622987270355,3.7142856121063232
555,751.5286483112723,0.023775992915034294,0.78790283203125,0.13670212030410767,3.7312498092651367
556,753.7793742511421,0.0230422243475914,0.7875213623046875,0.1448979675769806,3.7160003185272217
557,755.7060662647709,0.023907644674181938,0.787139892578125,0.13825397193431854,3.684000253677368
558,757.0972333196551,0.03065590001642704,0.7867584228515625,0.1358843445777893,3.6181821823120117
559,758.2498403629288,0.02368916943669319,0.786376953125,0.12989377975463867,3.2807693481445312
560,759.0896290242672,0.022847313433885574,0.7859954833984375,0.14340771734714508,4.018749713897705
561,760.8211564216763,0.02719857543706894,0.785614013671875,0.14015746116638184,3.7391300201416016
562,762.072952340357,0.027158401906490326,0.7852325439453125,0.1285928189754486,3.370370388031006
563,763.1570378849283,0.026502270251512527,0.78485107421875,0.1430131047964096,3.6050000190734863
564,764.7859832309186,0.023553971201181412,0.7844696044921875,0.1542743444442749,4.364705562591553
565,765.7839578539133,0.02266412228345871,0.784088134765625,0.1436672955751419,3.9380946159362793
566,766.6664704689756,0.027117520570755005,0.7837066650390625,0.13745704293251038,3.6500003337860107
567,767.572288791649,0.023939814418554306,0.7833251953125,0.1411660760641098,3.6222219467163086
568,768.525037121959,0.021579938009381294,0.7829437255859375,0.12756933271884918,3.3799996376037598
569,770.0153600303456,0.02562415972352028,0.782562255859375,0.14228394627571106,3.5652174949645996
570,771.2295960234478,0.027493325993418694,0.7821807861328125,0.15165287256240845,4.464705944061279
571,772.8320947950706,0.022764213383197784,0.78179931640625,0.13636364042758942,3.700000047683716
572,774.3744576722383,0.024530328810214996,0.7814178466796875,0.14476020634174347,3.7250001430511475
573,775.2139090793207,0.0271620973944664,0.781036376953125,0.13278688490390778,3.43500018119812
574,776.5150401564315,0.026985561475157738,0.7806549072265625,0.14527027308940887,3.7300002574920654
575,777.4140374073759,0.023545006290078163,0.7802734375,0.13678373396396637,3.8363637924194336
576,779.1269784094766,0.02349087968468666,0.7798919677734375,0.1403985470533371,3.878261089324951
577,780.0105848470703,0.023083586245775223,0.779510498046875,0.13539232313632965,3.4772722721099854
578,781.5170617317781,0.024230679497122765,0.7791290283203125,0.13343557715415955,3.632000207901001
579,782.6342530995607,0.02558569423854351,0.77874755859375,0.138364776968956,3.362499952316284
580,783.7060476941988,0.02293003536760807,0.7783660888671875,0.13831283152103424,3.319047451019287
581,784.8020420391113,0.02729812078177929,0.777984619140625,0.14652319252490997,4.108695983886719
582,785.670221645385,0.024353284388780594,0.7776031494140625,0.13867121934890747,3.4624998569488525
583,787.0739375129342,0.02620740607380867,0.7772216796875,0.1359570473432541,3.952380895614624
584,789.2217560149729,0.024080488830804825,0.7768402099609375,0.14726631343364716,3.7739129066467285
585,790.1028061602265,0.02563231624662876,0.776458740234375,0.13418647646903992,3.382352828979492
586,791.3144965032116,0.022644566372036934,0.7760772705078125,0.14703768491744995,4.549999713897705
587,792.9510195991024,0.024409564211964607,0.77569580078125,0.13757862150669098,3.335714340209961
588,793.825901879929,0.02692185901105404,0.7753143310546875,0.13297490775585175,3.379166603088379
589,795.2598192095757,0.023972177878022194,0.774932861328125,0.14638157188892365,3.8904759883880615
590,796.7969750184566,0.026246296241879463,0.7745513916015625,0.13756433129310608,3.8050003051757812
591,798.2837201561779,0.022770561277866364,0.774169921875,0.12857143580913544,3.3499999046325684
592,799.721730157733,0.024297060444951057,0.7737884521484375,0.13421516120433807,3.340909004211426
593,800.6062322016805,0.023512866348028183,0.773406982421875,0.13957969844341278,3.879999876022339
594,801.9515335178003,0.02317175455391407,0.7730255126953125,0.13811880350112915,3.6120002269744873
595,803.0501143224537,0.026056790724396706,0.77264404296875,0.14555159211158752,3.7208330631256104
596,804.3458985816687,0.024101223796606064,0.7722625732421875,0.14066116511821747,3.8130433559417725
597,805.4673193404451,0.02533978968858719,0.771881103515625,0.14251825213432312,3.5590906143188477
598,807.0456800209358,0.025797627866268158,0.7714996337890625,0.1337907463312149,3.534782648086548
599,808.0377708077431,0.025795549154281616,0.7711181640625,0.14964912831783295,3.76111102104187
600,809.5526830200106,0.023623522371053696,0.7707366943359375,0.13944099843502045,3.7083330154418945
601,811.3306753952056,0.02188694104552269,0.770355224609375,0.13391607999801636,3.582608699798584
602,813.2643386209384,0.022508276626467705,0.7699737548828125,0.1441071480512619,3.999999523162842
603,814.1596337603405,0.024915173649787903,0.76959228515625,0.14142335951328278,3.6476192474365234
604,815.5538051696494,0.02485039457678795,0.7692108154296875,0.1353982388973236,3.3535714149475098
605,816.8068635342643,0.0240398608148098,0.768829345703125,0.13625496625900269,3.7857143878936768
606,818.2051273854449,0.022653935477137566,0.7684478759765625,0.1406654417514801,4.427272319793701
607,819.6186286406592,0.024244848638772964,0.76806640625,0.14933554828166962,3.65384578704834
608,820.5253373105079,0.023256171494722366,0.7676849365234375,0.13784217834472656,3.644000291824341
609,821.514457968995,0.020873669534921646,0.767303466796875,0.12991735339164734,3.431999921798706
610,823.0894129890949,0.023224852979183197,0.7669219970703125,0.1484794318675995,3.9478261470794678
611,824.5921776611358,0.027689622715115547,0.76654052734375,0.14739884436130524,3.739999532699585
612,826.141106100753,0.025151629000902176,0.7661590576171875,0.12779662013053894,3.67391300201416
613,827.0379003696144,0.02214556559920311,0.765777587890625,0.13675957918167114,3.8210530281066895
614,828.9784638257697,0.025538939982652664,0.7653961181640625,0.14373795688152313,3.7409088611602783
615,830.8434811681509,0.0234513022005558,0.7650146484375,0.13606010377407074,3.7249999046325684
616,832.7021556459367,0.02247636392712593,0.7646331787109375,0.1289348155260086,3.1857142448425293
617,834.1797242416069,0.02458965964615345,0.764251708984375,0.13463950157165527,3.5999999046325684
618,835.8642095206305,0.023064877837896347,0.7638702392578125,0.13446153700351715,3.2249999046325684
619,837.7011856250465,0.024431904777884483,0.76348876953125,0.13788706064224243,3.8130433559417725
620,839.6220295811072,0.022924717515707016,0.7631072998046875,0.14197292923927307,3.9749999046325684
621,840.503061298281,0.02159571461379528,0.762725830078125,0.14154136180877686,3.7647058963775635
622,841.4427568726242,0.024289777502417564,0.7623443603515625,0.14122138917446136,3.8888888359069824
623,842.4017657116055,0.029983554035425186,0.761962890625,0.13583333790302277,3.7250001430511475
624,843.2736524445936,0.026817597448825836,0.7615814208984375,0.14296875894069672,3.611764907836914
625,844.1659839162603,0.019773200154304504,0.761199951171875,0.1380334049463272,3.8181817531585693
626,845.0101186279207,0.021122347563505173,0.7608184814453125,0.16351647675037384,4.547059059143066
627,846.4418396214023,0.027112096548080444,0.76043701171875,0.1395585685968399,4.139999866485596
628,847.9187072357163,0.023461580276489258,0.7600555419921875,0.13586801290512085,3.2843754291534424
629,849.783910818398,0.02561943605542183,0.759674072265625,0.1343701332807541,3.4111111164093018
630,850.9097935585305,0.023013612255454063,0.7592926025390625,0.13634538650512695,3.8578948974609375
631,852.9474896555766,0.02040615864098072,0.7589111328125,0.142671599984169,3.721052885055542
632,853.7903732359409,0.024213094264268875,0.7585296630859375,0.1403534710407257,3.596296548843384
633,854.8397679366171,0.023517196998000145,0.758148193359375,0.14869888126850128,3.9882354736328125
634,856.0324461469427,0.021422047168016434,0.7577667236328125,0.1349315047264099,3.713043212890625
635,857.1389419510961,0.02483794465661049,0.75738525390625,0.135367751121521,3.5346155166625977
636,858.8567452337593,0.02371862903237343,0.7570037841796875,0.156521737575531,3.7666664123535156
637,860.0122774187475,0.02275792509317398,0.756622314453125,0.14966291189193726,4.599999904632568
638,860.8528381194919,0.022056475281715393,0.7562408447265625,0.14476650953292847,3.799999475479126
639,862.5052526639774,0.022172220051288605,0.755859375,0.15637707710266113,3.9300003051757812
640,863.5815650932491,0.02554137259721756,0.7554779052734375,0.1394524872303009,3.883333206176758
641,864.5570527780801,0.022833898663520813,0.755096435546875,0.1397572159767151,3.5074071884155273
642,865.4247580710799,0.024453435093164444,0.7547149658203125,0.14000000059604645,3.684999942779541
643,866.8776871180162,0.02267669141292572,0.75433349609375,0.1460111290216446,3.6277780532836914
644,868.2581444010139,0.02257254719734192,0.7539520263671875,0.13333334028720856,3.8500001430511475
645,870.1648164177313,0.02368348464369774,0.753570556640625,0.1385454684495926,4.223529815673828
646,871.4168075965717,0.021387368440628052,0.7531890869140625,0.13829787075519562,3.299999713897705
647,872.7053195759654,0.024160612374544144,0.7528076171875,0.14346405863761902,3.6640000343322754
648,873.636361929588,0.025857770815491676,0.7524261474609375,0.1362573206424713,3.6307690143585205
649,875.1152587672696,0.024903379380702972,0.752044677734375,0.13549433648586273,3.474073886871338
650,876.2638975344598,0.023150430992245674,0.7516632080078125,0.13719625771045685,3.669999599456787
651,877.7161151031032,0.029362156987190247,0.75128173828125,0.14155630767345428,3.7380948066711426
652,878.6131068635732,0.02292758598923683,0.7509002685546875,0.1493358612060547,3.7900002002716064
653,880.285266100429,0.02320021390914917,0.750518798828125,0.13631577789783478,3.933333396911621
654,881.5696559213102,0.025560643523931503,0.7501373291015625,0.13299833238124847,3.436000108718872
655,883.2364293364808,0.023100227117538452,0.749755859375,0.137241393327713,3.7272722721099854
656,884.4767388552427,0.021372312679886818,0.7493743896484375,0.14034782350063324,3.5874998569488525
657,885.4779804972932,0.022941293194890022,0.748992919921875,0.1386776864528656,4.0722222328186035
658,886.6840852629393,0.024534063413739204,0.7486114501953125,0.1479930281639099,3.5879998207092285
659,888.0608535381034,0.02536245994269848,0.74822998046875,0.133114755153656,3.4769234657287598
660,889.1033668806776,0.022116653621196747,0.7478485107421875,0.1408858597278595,3.566666603088379
661,890.7767427833751,0.022554555907845497,0.747467041015625,0.13571429252624512,3.5962960720062256
662,892.1603772342205,0.028360407799482346,0.7470855712890625,0.14906054735183716,4.058823585510254
663,893.1022053780034,0.024302560836076736,0.7467041015625,0.13705584406852722,3.6761906147003174
664,893.9661634713411,0.023336032405495644,0.7463226318359375,0.13947367668151855,3.747999906539917
665,894.9878953173757,0.023725291714072227,0.745941162109375,0.13594889640808105,3.5999996662139893
666,895.869599448517,0.025237876921892166,0.7455596923828125,0.14999999105930328,4.094118118286133
667,897.5346792442724,0.028045887127518654,0.74517822265625,0.13821548223495483,3.6842105388641357
668,899.3576845088974,0.02067638747394085,0.7447967529296875,0.1309063881635666,3.3607144355773926
669,900.2444703076035,0.02149587869644165,0.744415283203125,0.14466191828250885,3.9499995708465576
670,901.6276175351813,0.023142345249652863,0.7440338134765625,0.14150269329547882,3.558333158493042
671,902.722370967269,0.024373216554522514,0.74365234375,0.14168225228786469,4.13124942779541
672,904.1021989872679,0.021539920940995216,0.7432708740234375,0.13201820850372314,3.4759998321533203
673,904.9875975707546,0.023171162232756615,0.742889404296875,0.1281399130821228,3.269230842590332
674,906.9710479779169,0.024648454040288925,0.7425079345703125,0.14041095972061157,3.577272891998291
675,908.0503012649715,0.021573418751358986,0.74212646484375,0.13519737124443054,3.5958335399627686
676,909.627599850297,0.0220927931368351,0.7417449951171875,0.1420886069536209,3.576923131942749
677,911.0006728777662,0.02633313648402691,0.741363525390625,0.13049133121967316,3.25600004196167
678,912.02650043834,0.0221245139837265,0.7409820556640625,0.1334410458803177,3.4769227504730225
679,913.2342157727107,0.02492055669426918,0.7406005859375,0.1485089361667633,3.989473819732666
680,914.1185515914112,0.02143065631389618,0.7402191162109375,0.14185185730457306,3.78947377204895
681,916.3610014105216,0.02624773420393467,0.739837646484375,0.14954626560211182,3.976470470428467
682,917.6332570761442,0.02342698909342289,0.7394561767578125,0.14272725582122803,4.066666603088379
683,919.3151283673942,0.023711107671260834,0.73907470703125,0.13711340725421906,3.684000253677368
684,921.3957573436201,0.023154787719249725,0.7386932373046875,0.14934642612934113,3.994737386703491
685,922.2366438759491,0.02356109954416752,0.738311767578125,0.1508650779724121,3.680769205093384
686,924.148173103109,0.02974380925297737,0.7379302978515625,0.13343465328216553,3.7079994678497314
687,925.4587855180725,0.024906089529395103,0.737548828125,0.12919163703918457,3.200000047683716
688,926.4099038355052,0.02575654909014702,0.7371673583984375,0.15213674306869507,3.883333206176758
689,927.8020092248917,0.02822381630539894,0.736785888671875,0.14888475835323334,4.03125
690,929.4213066399097,0.02470576949417591,0.7364044189453125,0.13199405372142792,3.3958332538604736
691,931.0835473742336,0.022153113037347794,0.73602294921875,0.13560977578163147,3.5615386962890625
692,931.9589160270989,0.023882709443569183,0.7356414794921875,0.13790850341320038,3.5839998722076416
693,933.4224617974833,0.0228594858199358,0.735260009765625,0.14131146669387817,3.5833332538604736
694,934.2938428772613,0.022777676582336426,0.7348785400390625,0.1415652185678482,3.8470590114593506
695,935.701667914167,0.02095993049442768,0.7344970703125,0.14609523117542267,4.0272722244262695
696,937.6805690666661,0.024349741637706757,0.7341156005859375,0.15133586525917053,4.125
697,938.7365541355684,0.020893733948469162,0.733734130859375,0.15010309219360352,4.022727012634277
698,940.0288266791031,0.023235946893692017,0.7333526611328125,0.1483870893716812,3.9190478324890137
699,941.1247099870816,0.0217011496424675,0.73297119140625,0.13655537366867065,3.7799999713897705
700,943.0305340168998,0.017850210890173912,0.7325897216796875,0.1262243241071701,3.3217391967773438
701,944.539189000614,0.018859805539250374,0.732208251953125,0.1494094580411911,3.8157894611358643
702,946.0103239780292,0.024041498079895973,0.7318267822265625,0.14478528499603271,4.094117641448975
703,947.0339899035171,0.021130243316292763,0.7314453125,0.13557690382003784,3.687499761581421
704,947.9597817333415,0.02358129434287548,0.7310638427734375,0.13817913830280304,3.3607141971588135
705,948.8485137308016,0.02187509648501873,0.730682373046875,0.13868093490600586,3.654545545578003
706,949.7123121451586,0.018983472138643265,0.7303009033203125,0.14919787645339966,3.954545021057129
707,951.564644834958,0.022741634398698807,0.72991943359375,0.14226804673671722,3.971428632736206
708,952.7718290844932,0.0229001734405756,0.7295379638671875,0.1452690213918686,3.688235282897949
709,953.7658046977594,0.02165360562503338,0.729156494140625,0.13597464561462402,3.4769227504730225
710,955.9432884873822,0.023947475478053093,0.7287750244140625,0.13681592047214508,3.7304346561431885
711,957.2411683239043,0.019932465627789497,0.7283935546875,0.15113437175750732,4.035000324249268
712,958.1076518855989,0.027408352121710777,0.7280120849609375,0.12941177189350128,3.5714285373687744
713,959.0510572018102,0.021713869646191597,0.727630615234375,0.13935264945030212,3.5319998264312744
714,959.9450768055394,0.022871533408761024,0.7272491455078125,0.1410774439573288,3.683333396911621
715,961.4858114672825,0.02356412075459957,0.72686767578125,0.14755243062973022,4.055000305175781
716,963.3320819735527,0.022273514419794083,0.7264862060546875,0.14086797833442688,4.0
717,964.5973329795524,0.02408651076257229,0.726104736328125,0.1349753588438034,3.3956520557403564
718,965.5804035849869,0.021233579143881798,0.7257232666015625,0.15245282649993896,3.7799999713897705
719,966.8827765416354,0.02281917631626129,0.725341796875,0.13783270120620728,3.9136366844177246
720,968.6663237903267,0.024699663743376732,0.7249603271484375,0.1417543888092041,3.8999998569488525
721,970.1877791536972,0.022822432219982147,0.724578857421875,0.1438356190919876,3.618518114089966
722,971.0820723762736,0.02616697922348976,0.7241973876953125,0.15347985923290253,4.074999809265137
723,972.1379740191624,0.02295982837677002,0.72381591796875,0.13333332538604736,3.4869563579559326
724,973.7573705064133,0.026032600551843643,0.7234344482421875,0.1321052610874176,3.515789747238159
725,974.5898254662752,0.023018866777420044,0.723052978515625,0.14729344844818115,3.5333337783813477
726,975.4642559979111,0.023223012685775757,0.7226715087890625,0.13280975818634033,3.6560001373291016
727,977.7463513836265,0.02522672899067402,0.7222900390625,0.14072249829769135,3.6440000534057617
728,978.6301854560152,0.025226598605513573,0.7219085693359375,0.13245613873004913,3.4666669368743896
729,980.0295185064897,0.022507408633828163,0.721527099609375,0.14724263548851013,3.9454545974731445
730,981.0524607831612,0.02252005971968174,0.7211456298828125,0.13756020367145538,3.534782648086548
731,982.5359444683418,0.02304643578827381,0.72076416015625,0.12619048357009888,3.248387098312378
732,983.8012439664453,0.024511685594916344,0.7203826904296875,0.1459566056728363,4.266666889190674
733,985.1995462356135,0.02249854803085327,0.720001220703125,0.13722044229507446,3.8291664123535156
734,986.7421321906149,0.022143157199025154,0.7196197509765625,0.1397014856338501,3.4518518447875977
735,987.6729581570253,0.02411453239619732,0.71923828125,0.1507936418056488,3.888000249862671
736,988.7576872212812,0.02343335933983326,0.7188568115234375,0.13215488195419312,3.545832872390747
737,990.1931554516777,0.026075705885887146,0.718475341796875,0.14488449692726135,3.624000310897827
738,991.3024183232337,0.024102788418531418,0.7180938720703125,0.13333332538604736,3.5904757976531982
739,992.2456203103065,0.024396322667598724,0.71771240234375,0.1422145515680313,3.4347829818725586
740,993.1612920556217,0.022013390436768532,0.7173309326171875,0.14359429478645325,3.995000123977661
741,995.517136130482,0.024302244186401367,0.716949462890625,0.14700374007225037,4.115789413452148
742,996.8943662270904,0.022039731964468956,0.7165679931640625,0.14818839728832245,3.8681817054748535
743,997.9321695929393,0.024642929434776306,0.7161865234375,0.150343656539917,3.768181800842285
744,998.901726516895,0.023210154846310616,0.7158050537109375,0.13445064425468445,4.183333396911621
745,1000.4779154676944,0.021113356575369835,0.715423583984375,0.14404763281345367,3.3499996662139893
746,1001.7664156975225,0.023663295432925224,0.7150421142578125,0.14456722140312195,3.9636361598968506
747,1003.4340502889827,0.021141504868865013,0.71466064453125,0.15609754621982574,4.672727584838867
748,1004.363485311158,0.02173915132880211,0.7142791748046875,0.1328149288892746,3.632000207901001
749,1005.2427036026493,0.0221463143825531,0.713897705078125,0.14570312201976776,3.795651912689209
750,1006.7782208081335,0.027038853615522385,0.7135162353515625,0.14363928139209747,3.8416664600372314
751,1007.692230775021,0.026076503098011017,0.713134765625,0.14175494015216827,3.5370371341705322
752,1009.1629224009812,0.023137617856264114,0.7127532958984375,0.1391003429889679,3.7190470695495605
753,1010.3270280463621,0.02385357767343521,0.712371826171875,0.13654743134975433,3.4571428298950195
754,1011.9903981182724,0.021635254845023155,0.7119903564453125,0.1539805829524994,3.877272844314575
755,1013.4310756772757,0.02334332838654518,0.71160888671875,0.1477045863866806,4.349999904632568
756,1014.9349998068064,0.02186957187950611,0.7112274169921875,0.13620954751968384,3.604761838912964
757,1015.7569159455597,0.0235134344547987,0.710845947265625,0.14023374021053314,3.5782604217529297
758,1017.1181074948981,0.02467547543346882,0.7104644775390625,0.14347825944423676,3.870000123977661
759,1018.067035057582,0.020160850137472153,0.7100830078125,0.1409638375043869,3.5839996337890625
760,1018.9779929025099,0.021456414833664894,0.7097015380859375,0.1624254435300827,4.409999370574951
761,1020.0202943570912,0.02197364531457424,0.709320068359375,0.1354430466890335,3.6120002269744873
762,1020.925508945249,0.02228357642889023,0.7089385986328125,0.14041811227798462,3.5250000953674316
763,1022.4845536854118,0.02179802767932415,0.70855712890625,0.13348983228206635,3.6782608032226562
764,1023.340951282531,0.023964092135429382,0.7081756591796875,0.14256879687309265,3.4826090335845947
765,1024.4210727280006,0.024521607905626297,0.707794189453125,0.14573772251605988,4.149999618530273
766,1025.4704538015649,0.023544136434793472,0.7074127197265625,0.14560143649578094,3.5959999561309814
767,1026.5147483209148,0.02516350708901882,0.70703125,0.15037037432193756,4.261904716491699
768,1027.5663562826812,0.023937469348311424,0.7066497802734375,0.13838709890842438,3.4347825050354004
769,1028.7309934534132,0.021881258115172386,0.706268310546875,0.1366085559129715,3.654545545578003
770,1030.2467124219984,0.021305302157998085,0.7058868408203125,0.143021360039711,3.596153497695923
771,1031.8785297153518,0.02357473410665989,0.70550537109375,0.1393258422613144,3.7666666507720947
772,1033.1729086749256,0.02332356572151184,0.7051239013671875,0.1493554264307022,3.709523916244507
773,1034.6679885033518,0.02298002690076828,0.704742431640625,0.13855421543121338,3.874999761581421
774,1037.0136994337663,0.021781062707304955,0.7043609619140625,0.14963635802268982,3.7545456886291504
775,1038.4330302113667,0.022589856758713722,0.7039794921875,0.13939394056797028,3.7391304969787598
776,1040.6487168939784,0.022141683846712112,0.7035980224609375,0.15123674273490906,3.9000003337860107
777,1041.8979148436338,0.02262120321393013,0.703216552734375,0.1326562464237213,3.3999996185302734
778,1042.9680010071024,0.02253361977636814,0.7028350830078125,0.14632652699947357,4.109999656677246
779,1044.209834688343,0.023149607703089714,0.70245361328125,0.15571428835391998,4.082352638244629
780,1045.911429499276,0.021694712340831757,0.7020721435546875,0.13217246532440186,3.6499998569488525
781,1046.8037589620799,0.01889830082654953,0.701690673828125,0.14417807757854462,3.752631425857544
782,1048.5251975413412,0.023898668587207794,0.7013092041015625,0.15100549161434174,4.100000381469727
783,1049.770317927003,0.025851717218756676,0.700927734375,0.14847972989082336,3.938095808029175
784,1050.9442400634289,0.022649962455034256,0.7005462646484375,0.1419491469860077,4.0722222328186035
785,1052.882223462686,0.021703233942389488,0.700164794921875,0.1645161211490631,4.361111164093018
786,1054.6744720451534,0.02191440761089325,0.6997833251953125,0.1395973116159439,3.726086378097534
787,1056.0056084096432,0.024844098836183548,0.69940185546875,0.14118674397468567,3.8000001907348633
788,1057.072427464649,0.02431628108024597,0.6990203857421875,0.14750462770462036,3.885000228881836
789,1058.5137114152312,0.020360635593533516,0.698638916015625,0.15462633967399597,4.331249713897705
790,1059.8789553157985,0.021780213341116905,0.6982574462890625,0.14261992275714874,3.973684549331665
791,1061.558164814487,0.020224569365382195,0.6978759765625,0.13939394056797028,3.755999803543091
792,1063.112270027399,0.024584298953413963,0.6974945068359375,0.14080561697483063,3.6181817054748535
793,1064.2236994002014,0.026301922276616096,0.697113037109375,0.15240000188350677,4.211111068725586
794,1065.384904237464,0.021356619894504547,0.6967315673828125,0.14779874682426453,3.8416664600372314
795,1066.2900177966803,0.021173905581235886,0.69635009765625,0.15040001273155212,3.6999998092651367
796,1067.4867071062326,0.0252717062830925,0.6959686279296875,0.14893239736557007,4.063636302947998
797,1069.2298191078007,0.025266190990805626,0.695587158203125,0.13940346240997314,3.5703701972961426
798,1070.2867924235761,0.022835010662674904,0.6952056884765625,0.15042302012443542,4.123529434204102
799,1071.516023332253,0.021977396681904793,0.69482421875,0.1433272361755371,3.8000004291534424
800,1073.3811953654513,0.020966025069355965,0.6944427490234375,0.1466055065393448,3.834782361984253
801,1075.2643102733418,0.024985961616039276,0.694061279296875,0.1434163600206375,3.7750000953674316
802,1076.8278204910457,0.025868995115160942,0.6936798095703125,0.14269870519638062,4.095238208770752
803,1078.4976925347,0.02340274676680565,0.69329833984375,0.13667157292366028,3.385714292526245
804,1080.0394404092804,0.02466650679707527,0.6929168701171875,0.14776785671710968,3.6956522464752197
805,1081.3292523194104,0.02079327218234539,0.692535400390625,0.15477941930294037,3.744999647140503
806,1083.1236756816506,0.026722252368927002,0.6921539306640625,0.14965754747390747,4.168181896209717
807,1084.4282949185,0.02403300628066063,0.6917724609375,0.14377160370349884,4.0
808,1086.478384573944,0.02561255358159542,0.6913909912109375,0.15027320384979248,3.7695651054382324
809,1087.9480829564855,0.024917466565966606,0.691009521484375,0.14118705689907074,3.8521738052368164
810,1088.8427651058882,0.020299870520830154,0.6906280517578125,0.1472175419330597,3.6631577014923096
811,1090.834399068728,0.02160646766424179,0.69024658203125,0.15283364057540894,4.136842250823975
812,1091.7988747190684,0.021741224452853203,0.6898651123046875,0.13484087586402893,3.7833330631256104
813,1092.7160774059594,0.02627844549715519,0.689483642578125,0.13410493731498718,3.3961539268493652
814,1093.9643917726353,0.023930495604872704,0.6891021728515625,0.13363637030124664,3.538095474243164
815,1094.843090296723,0.01983039639890194,0.688720703125,0.15662188827991486,4.366666793823242
816,1095.7432431289926,0.02140897326171398,0.6883392333984375,0.15325884521007538,3.987499952316284
817,1097.2323159053922,0.022324107587337494,0.687957763671875,0.13837400078773499,3.7319998741149902
818,1099.1185681968927,0.023552071303129196,0.6875762939453125,0.14688055217266083,3.8874998092651367
819,1100.0716991601512,0.022941289469599724,0.68719482421875,0.14268290996551514,3.863636016845703
820,1100.9469471871853,0.029302487149834633,0.6868133544921875,0.14276205003261566,3.687999963760376
821,1103.0507893580943,0.026021622121334076,0.686431884765625,0.14016000926494598,3.483332872390747
822,1104.451013685204,0.021330492570996284,0.6860504150390625,0.1444646120071411,3.93571400642395
823,1106.1101782480255,0.02070310153067112,0.6856689453125,0.14715127646923065,4.247368812561035
824,1107.0063829654828,0.022596348077058792,0.6852874755859375,0.14075236022472382,3.59259295463562
825,1107.8720251480117,0.024426931515336037,0.684906005859375,0.15703275799751282,4.090476036071777
826,1109.1485501835123,0.023802265524864197,0.6845245361328125,0.1338358372449875,3.7666664123535156
827,1110.0264404043555,0.02066103368997574,0.68414306640625,0.15193797647953033,4.087500095367432
828,1110.9633885286748,0.023014534264802933,0.6837615966796875,0.15674042701721191,4.274999618530273
829,1112.4258909597993,0.020115898922085762,0.683380126953125,0.15027523040771484,4.136363506317139
830,1113.763612838462,0.02371363714337349,0.6829986572265625,0.15296052396297455,3.9833335876464844
831,1115.7491557430476,0.026126394048333168,0.6826171875,0.1417543739080429,3.8173906803131104
832,1117.0267388820648,0.022320469841361046,0.6822357177734375,0.14345550537109375,3.6631581783294678
833,1118.342713041231,0.018883617594838142,0.681854248046875,0.1417054384946823,3.788888931274414
834,1119.2612629393116,0.022896982729434967,0.6814727783203125,0.14524538815021515,3.613636016845703
835,1120.2201208313927,0.025170860812067986,0.68109130859375,0.15246212482452393,4.168420791625977
836,1121.9049228113145,0.02122795209288597,0.6807098388671875,0.145016610622406,4.056521415710449
837,1124.3381916861981,0.0214704480022192,0.680328369140625,0.1475609689950943,3.956521511077881
838,1125.3914261646569,0.021351715549826622,0.6799468994140625,0.13488371670246124,3.3478260040283203
839,1126.47392015066,0.021932067349553108,0.6795654296875,0.15093983709812164,4.374999523162842
840,1127.4579697037116,0.019898423925042152,0.6791839599609375,0.13476262986660004,3.485185384750366
841,1129.212676580064,0.022221796214580536,0.678802490234375,0.1331220418214798,3.3279998302459717
842,1130.1299605825916,0.022060051560401917,0.6784210205078125,0.1441025733947754,4.076470851898193
843,1131.1317697111517,0.025619925931096077,0.67803955078125,0.14268475770950317,3.5206892490386963
844,1132.1416899831966,0.022082848474383354,0.6776580810546875,0.15613126754760742,4.041666507720947
845,1133.2406981755048,0.022116146981716156,0.677276611328125,0.1427203118801117,4.031818389892578
846,1134.8273401120678,0.02171221375465393,0.6768951416015625,0.16041237115859985,4.5714287757873535
847,1136.2744421549141,0.023252222687005997,0.676513671875,0.1393616944551468,3.549999952316284
848,1137.8982771551237,0.02226853184401989,0.6761322021484375,0.14272727072238922,3.857142448425293
849,1139.2777511226013,0.021293964236974716,0.675750732421875,0.13604825735092163,3.5959999561309814
850,1140.551674619317,0.022896436974406242,0.6753692626953125,0.13428571820259094,3.444444417953491
851,1142.2058242633939,0.021376611664891243,0.67498779296875,0.14558058977127075,3.8349995613098145
852,1143.4691898152232,0.022456912323832512,0.6746063232421875,0.14408235251903534,3.74399995803833
853,1145.2668743506074,0.02364439330995083,0.674224853515625,0.14961537718772888,4.090476036071777
854,1146.952669331804,0.022904453799128532,0.6738433837890625,0.14125001430511475,3.6370370388031006
855,1148.8551550284028,0.023421814665198326,0.6734619140625,0.1442776769399643,4.249999523162842
856,1149.7274964293465,0.02104690484702587,0.6730804443359375,0.1389891654253006,3.6999995708465576
857,1150.9916605120525,0.026517454534769058,0.672698974609375,0.13748031854629517,3.5153846740722656
858,1152.1276690317318,0.020008988678455353,0.6723175048828125,0.14653640985488892,3.7708332538604736
859,1153.6663215775043,0.024590590968728065,0.67193603515625,0.1339762806892395,3.3370370864868164
860,1155.6623771544546,0.022926107048988342,0.6715545654296875,0.14232714474201202,3.862499475479126
861,1157.7045466881245,0.024022893980145454,0.671173095703125,0.1360406130552292,3.3222224712371826
862,1158.8804606376216,0.023492077365517616,0.6707916259765625,0.15315790474414825,4.384999752044678
863,1160.0692583695054,0.021840300410985947,0.67041015625,0.14362744987010956,3.733333110809326
864,1161.9275161279365,0.02167525701224804,0.6700286865234375,0.15118110179901123,4.017391204833984
865,1162.9060523957014,0.021212363615632057,0.669647216796875,0.14428822696208954,3.815000057220459
866,1164.4594756830484,0.02065080590546131,0.6692657470703125,0.1334967464208603,3.5269229412078857
867,1165.3037200532854,0.022938022390007973,0.66888427734375,0.14446398615837097,3.8000001907348633
868,1166.2646367652342,0.02171649970114231,0.6685028076171875,0.13236714899539948,3.6565213203430176
869,1169.021094118245,0.022702934220433235,0.668121337890625,0.1580708771944046,4.119999885559082
870,1169.876150961034,0.022085778415203094,0.6677398681640625,0.14246824383735657,3.813636064529419
871,1170.805605684407,0.020719755440950394,0.6673583984375,0.15129533410072327,4.15500020980835
872,1172.707102314569,0.024840466678142548,0.6669769287109375,0.13757960498332977,3.489655017852783
873,1174.368145287037,0.020981257781386375,0.666595458984375,0.15018115937709808,4.158823490142822
874,1175.4308587582782,0.022740688174962997,0.6662139892578125,0.14271356165409088,3.838094711303711
875,1176.6156073352322,0.022046035155653954,0.66583251953125,0.14348486065864563,3.551851987838745
876,1177.984440954402,0.02234857715666294,0.6654510498046875,0.15128205716609955,4.171428680419922
877,1179.573027588427,0.02286338247358799,0.665069580078125,0.13091923296451569,3.3965516090393066
878,1181.0786609584466,0.019899383187294006,0.6646881103515625,0.1449744701385498,3.627272605895996
879,1182.517749994062,0.019594185054302216,0.664306640625,0.14922481775283813,4.029411792755127
880,1183.4103542920202,0.024851782247424126,0.6639251708984375,0.15227723121643066,4.4882354736328125
881,1184.2867222772911,0.0223928801715374,0.663543701171875,0.14467084407806396,3.7833330631256104
882,1185.6656148238108,0.02008132077753544,0.6631622314453125,0.14045678079128265,3.6307692527770996
883,1186.6091319974512,0.019264306873083115,0.66278076171875,0.1511848270893097,3.807692050933838
884,1188.251445981674,0.020943449810147285,0.6623992919921875,0.1426573544740677,3.7208335399627686
885,1189.9132527913898,0.021877145394682884,0.662017822265625,0.14063604176044464,3.711110830307007
886,1192.7824082328007,0.02279035374522209,0.6616363525390625,0.13685153424739838,3.7347826957702637
887,1194.1853338479996,0.0215882807970047,0.6612548828125,0.14166666567325592,3.511538505554199
888,1196.8260608427227,0.01994071528315544,0.6608734130859375,0.15548653900623322,4.246666431427002
889,1199.054537477903,0.0227852500975132,0.660491943359375,0.1356382966041565,4.110000133514404
890,1199.9470011591911,0.019166046753525734,0.6601104736328125,0.14376066625118256,3.6359996795654297
891,1201.4244157662615,0.020601842552423477,0.65972900390625,0.14960938692092896,3.992856979370117
892,1202.8689856501296,0.021714208647608757,0.6593475341796875,0.14338983595371246,3.6625001430511475
893,1203.7494376162067,0.021501043811440468,0.658966064453125,0.1466141641139984,4.012499809265137
894,1204.6279143188149,0.020548589527606964,0.6585845947265625,0.14217926561832428,3.692000150680542
895,1206.1636351831257,0.019494758918881416,0.658203125,0.15199162065982819,4.264705657958984
896,1207.4884951086715,0.023065678775310516,0.6578216552734375,0.1476345658302307,3.942857027053833
897,1209.1780433859676,0.020596908405423164,0.657440185546875,0.14887097477912903,3.839130163192749
898,1210.1484692133963,0.022725526243448257,0.6570587158203125,0.1377643495798111,3.472727060317993
899,1211.5045255543664,0.022432325407862663,0.65667724609375,0.15640074014663696,4.269565105438232
900,1214.2622975381091,0.024921081960201263,0.6562957763671875,0.1401626020669937,3.5370371341705322
901,1216.1357116736472,0.023489369079470634,0.655914306640625,0.14989152550697327,4.141176700592041
902,1217.8394517702982,0.02323390729725361,0.6555328369140625,0.15656778216362,4.699999809265137
903,1219.437676901929,0.02288741059601307,0.6551513671875,0.15960395336151123,4.015000343322754
904,1220.2764563644305,0.020672718062996864,0.6547698974609375,0.1617821902036667,4.623529434204102
905,1221.954926627688,0.02437138557434082,0.654388427734375,0.14201681315898895,3.722727060317993
906,1222.9377153841779,0.023726703599095345,0.6540069580078125,0.14769938588142395,4.1086955070495605
907,1224.3123241458088,0.021956736221909523,0.65362548828125,0.1455882489681244,3.781818151473999
908,1226.025490601547,0.02477979101240635,0.6532440185546875,0.14525938034057617,3.873913049697876
909,1227.6951478645205,0.020819788798689842,0.652862548828125,0.14150579273700714,3.9944446086883545
910,1228.569791564718,0.020813865587115288,0.6524810791015625,0.14321169257164001,3.5208332538604736
911,1229.500970828347,0.022826822474598885,0.652099609375,0.13628318905830383,3.454838752746582
912,1230.606227453798,0.022175054997205734,0.6517181396484375,0.1381344348192215,3.452000141143799
913,1231.6536262370646,0.022913986817002296,0.651336669921875,0.1404290497303009,3.6115381717681885
914,1232.64702846203,0.021864132955670357,0.6509552001953125,0.13948948681354523,3.375
915,1234.006493192166,0.019119177013635635,0.65057373046875,0.13060402870178223,3.4068965911865234
916,1234.921181190759,0.021490786224603653,0.6501922607421875,0.13956229388713837,3.5280001163482666
917,1236.2277157343924,0.023520594462752342,0.649810791015625,0.15228013694286346,3.826923131942749
918,1238.1849929420277,0.02467615343630314,0.6494293212890625,0.14517374336719513,4.031578540802002
919,1239.0605963226408,0.023105837404727936,0.6490478515625,0.1525270789861679,3.827777862548828
920,1240.136070823297,0.020725136622786522,0.6486663818359375,0.15260323882102966,4.395237922668457
921,1241.2413053885102,0.02272794581949711,0.648284912109375,0.15504950284957886,4.049999713897705
922,1242.3025276279077,0.020839208737015724,0.6479034423828125,0.15706320106983185,4.336841583251953
923,1243.421022481285,0.020514601841568947,0.64752197265625,0.14041204750537872,3.642307758331299
924,1244.9874267783016,0.02741169184446335,0.6471405029296875,0.14852942526340485,4.133333683013916
925,1247.201134688221,0.02083970420062542,0.646759033203125,0.1386430859565735,3.7857139110565186
926,1249.1293487967923,0.02381511777639389,0.6463775634765625,0.14227885007858276,3.4571425914764404
927,1250.6479040654376,0.02241305634379387,0.64599609375,0.13338926434516907,3.7166664600372314
928,1251.7306868676096,0.018642975017428398,0.6456146240234375,0.14461536705493927,3.6136362552642822
929,1253.3654871229082,0.020346801728010178,0.645233154296875,0.1556314080953598,3.95652174949646
930,1255.0466725621372,0.021429961547255516,0.6448516845703125,0.14097562432289124,3.9679999351501465
931,1255.9312033141032,0.024779343977570534,0.64447021484375,0.14878471195697784,4.005000114440918
932,1256.818231252022,0.02062012441456318,0.6440887451171875,0.14551281929016113,3.4679999351501465
933,1258.994742423296,0.021854400634765625,0.643707275390625,0.15441176295280457,4.289473533630371
934,1260.126263271086,0.02174815721809864,0.6433258056640625,0.1470881849527359,3.958333730697632
935,1261.1954528037459,0.021589256823062897,0.6429443359375,0.15672728419303894,4.143477916717529
936,1262.2299249190837,0.022004060447216034,0.6425628662109375,0.16190478205680847,4.3947367668151855
937,1263.4150889925659,0.02088654413819313,0.642181396484375,0.15081670880317688,4.070588111877441
938,1265.2282395949587,0.02416231855750084,0.6417999267578125,0.15042445063591003,3.929166793823242
939,1266.3269244013354,0.022730009630322456,0.64141845703125,0.15381355583667755,4.449999809265137
940,1267.375842673704,0.021588779985904694,0.6410369873046875,0.13150469958782196,3.4111108779907227
941,1268.3125085216016,0.02207103744149208,0.640655517578125,0.14700374007225037,3.749999523162842
942,1269.1816543024033,0.025328155606985092,0.6402740478515625,0.1559925079345703,4.558332920074463
943,1271.031843693927,0.020084833726286888,0.639892578125,0.13758064806461334,3.582758903503418
944,1271.9416561182588,0.018282175064086914,0.6395111083984375,0.1419064849615097,3.8913047313690186
945,1273.2273523202166,0.022630000486969948,0.639129638671875,0.1520477682352066,3.9380955696105957
946,1274.2567231897265,0.02107742428779602,0.6387481689453125,0.13990826904773712,3.5260868072509766
947,1276.273696477525,0.020525993779301643,0.63836669921875,0.1482258141040802,3.923999547958374
948,1277.3686452656984,0.020944900810718536,0.6379852294921875,0.14766354858875275,3.8600001335144043
949,1278.9902421263978,0.022412406280636787,0.637603759765625,0.14440560340881348,4.026086807250977
950,1279.8666089177132,0.023455249145627022,0.6372222900390625,0.14810995757579803,3.9476187229156494
951,1280.9107374856248,0.022313600406050682,0.6368408203125,0.14522293210029602,3.6818184852600098
952,1281.9037959491834,0.021768059581518173,0.6364593505859375,0.14338357746601105,3.607692241668701
953,1283.2685683825985,0.0198189839720726,0.636077880859375,0.1503496617078781,3.777777671813965
954,1284.1442532120273,0.022922774776816368,0.6356964111328125,0.13734176754951477,3.9739131927490234
955,1286.0022049099207,0.021984999999403954,0.63531494140625,0.14335443079471588,3.7153844833374023
956,1287.2496345853433,0.021455304697155952,0.6349334716796875,0.15320388972759247,3.9272725582122803
957,1288.3758190097287,0.021202687174081802,0.634552001953125,0.13953489065170288,3.880000352859497
958,1290.5486735962331,0.02224116027355194,0.6341705322265625,0.13910356163978577,3.6800003051757812
959,1291.9225918632,0.021647658199071884,0.6337890625,0.15444444119930267,3.6649997234344482
960,1293.587735434994,0.02273440547287464,0.6334075927734375,0.14390626549720764,4.0217390060424805
961,1294.886425115168,0.0191207118332386,0.633026123046875,0.14253471791744232,4.0
962,1295.9316104361787,0.02026521973311901,0.6326446533203125,0.14497680962085724,3.427586078643799
963,1296.8220500070602,0.021521257236599922,0.63226318359375,0.14281152188777924,3.768181562423706
964,1299.565004334785,0.021426310762763023,0.6318817138671875,0.13748006522655487,3.4629628658294678
965,1301.029583782889,0.021246137097477913,0.631500244140625,0.15771542489528656,4.320000171661377
966,1302.0303048146889,0.02096383273601532,0.6311187744140625,0.1409810185432434,3.812000036239624
967,1303.4979216372594,0.018482256680727005,0.6307373046875,0.13985508680343628,3.4639999866485596
968,1304.3852478312328,0.022057464346289635,0.6303558349609375,0.14404068887233734,3.510344982147217
969,1305.8146091364324,0.018618818372488022,0.629974365234375,0.14956897497177124,4.233333110809326
970,1306.9371389625594,0.020397743210196495,0.6295928955078125,0.14206349849700928,3.6814815998077393
971,1307.8433785857633,0.020240476354956627,0.62921142578125,0.1532028466463089,3.972222328186035
972,1308.707345389761,0.02157694660127163,0.6288299560546875,0.13935019075870514,3.799999952316284
973,1309.5307096987963,0.02315547689795494,0.628448486328125,0.145016610622406,3.878260850906372
974,1310.4605850232765,0.018558664247393608,0.6280670166015625,0.13694915175437927,3.510000228881836
975,1312.0511149745435,0.023549707606434822,0.627685546875,0.14332130551338196,3.940908908843994
976,1313.0974530382082,0.02179304137825966,0.6273040771484375,0.14935064315795898,3.989473819732666
977,1314.0001081600785,0.02027745172381401,0.626922607421875,0.15755032002925873,3.9880001544952393
978,1316.1462846565992,0.019347671419382095,0.6265411376953125,0.1664557009935379,4.837500095367432
979,1318.0613634670153,0.02324608527123928,0.62615966796875,0.1523725688457489,4.080952167510986
980,1318.9324526721612,0.022061659023165703,0.6257781982421875,0.1431528627872467,3.804999828338623
981,1320.0816756356508,0.022176582366228104,0.625396728515625,0.1465195268392563,3.9000000953674316
982,1320.9853958850726,0.018674446269869804,0.6250152587890625,0.14072659611701965,3.7304351329803467
983,1322.3742972156033,0.022162334993481636,0.6246337890625,0.14163635671138763,3.8684210777282715
984,1323.5139146000147,0.02022000029683113,0.6242523193359375,0.13730017840862274,3.9352941513061523
985,1324.6213542912155,0.022688116878271103,0.623870849609375,0.14357797801494598,3.403571605682373
986,1326.1425780234858,0.02126993052661419,0.6234893798828125,0.1411149799823761,3.777272939682007
987,1327.0213774740696,0.02270079404115677,0.62310791015625,0.1471608728170395,3.9954538345336914
988,1327.8825673786923,0.0194101482629776,0.6227264404296875,0.14577040076255798,3.6451613903045654
989,1330.4584660977125,0.021274182945489883,0.622344970703125,0.14003436267375946,3.6714284420013428
990,1332.0424710465595,0.021611930802464485,0.6219635009765625,0.14614035189151764,3.7272727489471436
991,1333.8750718887895,0.02131735533475876,0.62158203125,0.14899452030658722,4.223809719085693
992,1335.17431056872,0.02293737232685089,0.6212005615234375,0.13750000298023224,3.424999952316284
993,1336.052448076196,0.02660641260445118,0.620819091796875,0.1467013955116272,3.6050002574920654
994,1336.9677626993507,0.02400548756122589,0.6204376220703125,0.14957556128501892,3.843477964401245
995,1337.8507266500965,0.021677695214748383,0.62005615234375,0.15881261229515076,4.59999942779541
996,1338.968156014569,0.02353046089410782,0.6196746826171875,0.1523636430501938,4.2227277755737305
997,1340.6797482352704,0.020772604271769524,0.619293212890625,0.15352840721607208,3.8863637447357178
998,1342.2336614020169,0.023312779143452644,0.6189117431640625,0.1504816859960556,3.894117832183838
999,1343.0944176930934,0.0234992615878582,0.6185302734375,0.14972972869873047,4.1777777671813965
1000,1343.9771869964898,0.019123530015349388,0.6181488037109375,0.14767442643642426,3.9839999675750732
1001,1344.925143232569,0.020938757807016373,0.617767333984375,0.1548335999250412,3.911999464035034
1002,1345.7929952172562,0.022915827110409737,0.6173858642578125,0.14216302335262299,3.7153844833374023
1003,1346.7826368091628,0.019834021106362343,0.61700439453125,0.1398613452911377,3.7291667461395264
1004,1347.8340588342398,0.01980469934642315,0.6166229248046875,0.14352332055568695,3.8000001907348633
1005,1349.4262118097395,0.017141003161668777,0.616241455078125,0.15227273106575012,3.8999998569488525
1006,1350.2889482621104,0.02275451086461544,0.6158599853515625,0.14224298298358917,3.9649996757507324
1007,1351.7726660855114,0.02062356285750866,0.615478515625,0.15211787819862366,4.235000133514404
1008,1352.6917825005949,0.019886238500475883,0.6150970458984375,0.14321880042552948,3.830435037612915
1009,1353.7425831593573,0.0183173269033432,0.614715576171875,0.14688026905059814,3.876190662384033
1010,1355.976140527986,0.02263527177274227,0.6143341064453125,0.14761905372142792,3.8047616481781006
1011,1356.8336427472532,0.022734396159648895,0.61395263671875,0.1387888789176941,3.743478298187256
1012,1358.438621996902,0.019957225769758224,0.6135711669921875,0.14532487094402313,3.7950000762939453
1013,1359.6440635062754,0.01948944292962551,0.613189697265625,0.15310734510421753,4.140908718109131
1014,1360.5377719327807,0.0227259062230587,0.6128082275390625,0.17381973564624786,4.636842250823975
1015,1361.4041536934674,0.018505802378058434,0.6124267578125,0.14147910475730896,3.7173912525177
1016,1362.8064844943583,0.020681651309132576,0.6120452880859375,0.14392679929733276,3.7857143878936768
1017,1364.3665900053456,0.02185708098113537,0.611663818359375,0.14314721524715424,3.7142856121063232
1018,1365.740552958101,0.022783100605010986,0.6112823486328125,0.13602586090564728,3.7227272987365723
1019,1367.257279614918,0.020489070564508438,0.61090087890625,0.14496643841266632,3.6000001430511475
1020,1369.0048295427114,0.019223593175411224,0.6105194091796875,0.15309567749500275,3.976470470428467
1021,1370.1781145688146,0.021331747993826866,0.610137939453125,0.14714518189430237,4.060869216918945
1022,1371.5959265884012,0.02246900647878647,0.6097564697265625,0.1465635746717453,3.8809523582458496
1023,1372.882222016342,0.017195897176861763,0.609375,0.14777976274490356,3.8956520557403564
1024,1374.210168916732,0.019352233037352562,0.6089935302734375,0.1459604948759079,3.8125
1025,1375.2735980674624,0.01896400935947895,0.608612060546875,0.14382022619247437,3.590909004211426
1026,1376.1544029051438,0.0225675068795681,0.6082305908203125,0.14384615421295166,3.892000198364258
1027,1378.301848913543,0.02294600009918213,0.60784912109375,0.13338391482830048,3.3241376876831055
1028,1379.2429027184844,0.020106537267565727,0.6074676513671875,0.13849622011184692,3.4083335399627686
1029,1381.3095121821389,0.020840464159846306,0.607086181640625,0.15774907171726227,4.150000095367432
1030,1382.194621425122,0.02083148993551731,0.6067047119140625,0.14977100491523743,3.9137930870056152
1031,1383.2711413186044,0.02263406105339527,0.6063232421875,0.14507772028446198,3.921739101409912
1032,1385.6604006486014,0.02477780170738697,0.6059417724609375,0.15293103456497192,3.859999895095825
1033,1386.5614240029827,0.028799058869481087,0.605560302734375,0.1492277979850769,4.366666316986084
1034,1387.634399120696,0.03089122101664543,0.6051788330078125,0.14793650805950165,3.7862067222595215
1035,1388.7586176823825,0.0199234988540411,0.60479736328125,0.15419581532478333,3.9476191997528076
1036,1389.924978820607,0.022049324586987495,0.6044158935546875,0.13749998807907104,3.7545456886291504
1037,1391.4005852798,0.021799778565764427,0.604034423828125,0.15017423033714294,3.5999999046325684
1038,1392.4901589844376,0.01732959970831871,0.6036529541015625,0.1503676474094391,4.195455074310303
1039,1393.3922627856955,0.021558726206421852,0.603271484375,0.1477079838514328,3.8227274417877197
1040,1394.3110957415774,0.023670056834816933,0.6028900146484375,0.14540983736515045,3.700000047683716
1041,1396.346031025052,0.022763697430491447,0.602508544921875,0.1510903388261795,3.865217447280884
1042,1397.963440336287,0.02125609666109085,0.6021270751953125,0.14968454837799072,3.8045454025268555
1043,1399.1114695910364,0.021551884710788727,0.60174560546875,0.14271186292171478,3.9040000438690186
1044,1400.4875851124525,0.020049015060067177,0.6013641357421875,0.15531496703624725,4.128571510314941
1045,1401.5484514385462,0.0184234119951725,0.600982666015625,0.16393442451953888,4.400000095367432
1046,1402.596526419744,0.02013598568737507,0.6006011962890625,0.14143125712871552,4.161111831665039
1047,1403.78044685442,0.019109029322862625,0.6002197265625,0.15510563552379608,4.2166666984558105
1048,1405.6125953532755,0.02191297523677349,0.5998382568359375,0.14353147149085999,3.75
1049,1406.488796199672,0.022077932953834534,0.599456787109375,0.1429012417793274,3.66428542137146
1050,1408.4217504160479,0.022388629615306854,0.5990753173828125,0.15950095653533936,4.226315498352051
1051,1411.3096072692424,0.021330414339900017,0.59869384765625,0.1511482298374176,4.464285373687744
1052,1413.3731128210202,0.023454517126083374,0.5983123779296875,0.14514705538749695,3.8959994316101074
1053,1414.2638671193272,0.021762890741229057,0.597930908203125,0.15026086568832397,3.857142925262451
1054,1416.1967185419053,0.022251036018133163,0.5975494384765625,0.14854545891284943,4.043478488922119
1055,1417.1204476347193,0.021392419934272766,0.59716796875,0.1600000113248825,4.221052169799805
1056,1418.529737639241,0.020582467317581177,0.5967864990234375,0.14466547966003418,3.942105293273926
1057,1419.5798724219203,0.020256366580724716,0.596405029296875,0.16196078062057495,4.373683929443359
1058,1420.8275109380484,0.021032484248280525,0.5960235595703125,0.1413729041814804,3.904761791229248
1059,1421.769640525803,0.021436607465147972,0.59564208984375,0.14499999582767487,3.776190996170044
1060,1423.2766018863767,0.02221987210214138,0.5952606201171875,0.14097222685813904,3.7391304969787598
1061,1424.46530670207,0.019402146339416504,0.594879150390625,0.15114638209342957,4.119048118591309
1062,1425.8414293332025,0.02153083123266697,0.5944976806640625,0.14540816843509674,3.8999998569488525
1063,1426.8392697516829,0.021530866622924805,0.5941162109375,0.13928014039993286,3.6499998569488525
1064,1428.6025287080556,0.02055712230503559,0.5937347412109375,0.14483334124088287,3.7153842449188232
1065,1429.4789670072496,0.019552970305085182,0.593353271484375,0.14829352498054504,4.131249904632568
1066,1431.0569683462381,0.0208482313901186,0.5929718017578125,0.13358895480632782,3.3592593669891357
1067,1432.319477592595,0.01923961192369461,0.59259033203125,0.1479310393333435,3.833333730697632
1068,1433.1876598289236,0.019762268289923668,0.5922088623046875,0.1481228768825531,3.8999998569488525
1069,1434.8617383698002,0.02127504162490368,0.591827392578125,0.14031565189361572,3.634615421295166
1070,1436.6113741919398,0.020836204290390015,0.5914459228515625,0.1505281776189804,3.8291666507720947
1071,1438.4238654691726,0.02252562902867794,0.591064453125,0.1594306230545044,4.320000171661377
1072,1439.3115531019866,0.02729199267923832,0.5906829833984375,0.15482757985591888,3.8421051502227783
1073,1440.3321055341512,0.01917678490281105,0.590301513671875,0.13877223432064056,3.6653847694396973
1074,1442.0632244450971,0.018462112173438072,0.5899200439453125,0.14935779571533203,4.03636360168457
1075,1444.0091342311352,0.019876275211572647,0.58953857421875,0.15685918927192688,4.231818199157715
1076,1445.881867918186,0.021520273759961128,0.5891571044921875,0.14343121647834778,3.6555557250976562
1077,1447.300868141465,0.021883845329284668,0.588775634765625,0.15444841980934143,4.299999713897705
1078,1448.2039018673822,0.019354477524757385,0.5883941650390625,0.14035874605178833,3.610344648361206
1079,1449.6136416858062,0.019311053678393364,0.5880126953125,0.14048388600349426,3.3999996185302734
1080,1451.3122415589169,0.01724863611161709,0.5876312255859375,0.14517958462238312,4.5625
1081,1452.7638007532805,0.022427113726735115,0.587249755859375,0.14499178528785706,3.6076924800872803
1082,1453.9561958760023,0.021871205419301987,0.5868682861328125,0.14739413559436798,3.8640003204345703
1083,1455.8510461486876,0.022731484845280647,0.58648681640625,0.14642857015132904,4.021052837371826
1084,1457.2404369516298,0.022843407467007637,0.5861053466796875,0.15341296792030334,3.933333158493042
1085,1458.8273801011965,0.022754516452550888,0.585723876953125,0.15339286625385284,4.059999942779541
1086,1459.7881543133408,0.021379487589001656,0.5853424072265625,0.1477198749780655,3.8416669368743896
1087,1461.8931799028069,0.020645154640078545,0.5849609375,0.15048229694366455,3.7730767726898193
1088,1464.115312368609,0.01955057494342327,0.5845794677734375,0.14812836050987244,4.204347610473633
1089,1464.975852268748,0.021595684811472893,0.584197998046875,0.1468118280172348,4.0722222328186035
1090,1466.3798767775297,0.01936037838459015,0.5838165283203125,0.13677965104579926,3.2919998168945312
1091,1468.1049117147923,0.020978426560759544,0.58343505859375,0.14923077821731567,4.03636360168457
1092,1469.380621704273,0.021268490701913834,0.5830535888671875,0.14408428966999054,3.816000461578369
1093,1470.4519119560719,0.022389018908143044,0.582672119140625,0.1456620991230011,3.8230769634246826
1094,1471.52811412327,0.02242046222090721,0.5822906494140625,0.13369712233543396,3.246666669845581
1095,1472.8074768157676,0.02506023831665516,0.5819091796875,0.15577557682991028,4.194118022918701
1096,1473.8496883111075,0.020678119733929634,0.5815277099609375,0.15270507335662842,3.7793099880218506
1097,1475.9502461440861,0.020851410925388336,0.581146240234375,0.14723536372184753,4.015999794006348
1098,1476.8001295002177,0.025270890444517136,0.5807647705078125,0.15218979120254517,4.0176472663879395
1099,1478.562412169762,0.021282095462083817,0.58038330078125,0.1344410926103592,3.4692306518554688
1100,1479.9682028312236,0.022927917540073395,0.5800018310546875,0.14417392015457153,3.7863638401031494
1101,1481.4383375439793,0.022668182849884033,0.579620361328125,0.15189392864704132,4.077272415161133
1102,1483.091042600572,0.023830723017454147,0.5792388916015625,0.15287357568740845,4.3411760330200195
1103,1484.7937341099605,0.018909186124801636,0.578857421875,0.15913371741771698,4.027777671813965
1104,1486.5502097420394,0.0234371330589056,0.5784759521484375,0.15376344323158264,4.277272701263428
1105,1487.3940853122622,0.020016541704535484,0.578094482421875,0.14475873112678528,3.7739131450653076
1106,1488.4233625670895,0.019204482436180115,0.5777130126953125,0.15342237055301666,4.026087284088135
1107,1489.285093685612,0.02210061252117157,0.57733154296875,0.14719100296497345,3.7920000553131104
1108,1490.7247799728066,0.020724359899759293,0.5769500732421875,0.14908789098262787,3.8227272033691406
1109,1491.6095657991245,0.01997193694114685,0.576568603515625,0.13940398395061493,3.7920000553131104
1110,1493.1975600738078,0.021068444475531578,0.5761871337890625,0.16178707778453827,4.621428489685059
1111,1494.0698853842914,0.02284735068678856,0.5758056640625,0.14031998813152313,3.690322160720825
1112,1495.493727883324,0.020899733528494835,0.5754241943359375,0.15341097116470337,4.150000095367432
1113,1497.1127475779504,0.021970903500914574,0.575042724609375,0.15461254119873047,4.109999656677246
1114,1498.514433061704,0.018098559230566025,0.5746612548828125,0.15009523928165436,4.047825813293457
1115,1499.7729670945555,0.022250846028327942,0.57427978515625,0.15176056325435638,4.0
1116,1500.6906130062416,0.018680570647120476,0.5738983154296875,0.14762774109840393,3.929999828338623
1117,1501.5748128537089,0.020673638209700584,0.573516845703125,0.14819495379924774,4.074999809265137
1118,1502.9048911519349,0.02290286496281624,0.5731353759765625,0.1594405621290207,3.9624998569488525
1119,1503.8800640627742,0.019409971311688423,0.57275390625,0.1517421454191208,4.15500020980835
1120,1504.8228147663176,0.021930506452918053,0.5723724365234375,0.14032550156116486,3.9049994945526123
1121,1506.2604750050232,0.02062283270061016,0.571990966796875,0.14139074087142944,3.834782361984253
1122,1507.3523933561519,0.02258426509797573,0.5716094970703125,0.1473933607339859,3.4583330154418945
1123,1509.1544323209673,0.02340703085064888,0.57122802734375,0.14678457379341125,3.7782609462738037
1124,1510.5540037797764,0.020676614716649055,0.5708465576171875,0.1444646269083023,4.190476417541504
1125,1512.7057027639821,0.021959591656923294,0.570465087890625,0.14600001275539398,3.6464285850524902
1126,1514.0392858628184,0.01931169629096985,0.5700836181640625,0.1515151560306549,3.7782607078552246
1127,1514.957038427703,0.022095052525401115,0.5697021484375,0.14278261363506317,4.242856502532959
1128,1516.6791784679517,0.02097298577427864,0.5693206787109375,0.1442338079214096,3.3428573608398438
1129,1517.5934869879857,0.021011143922805786,0.568939208984375,0.14848993718624115,3.999999761581421
1130,1519.538113812916,0.025727296248078346,0.5685577392578125,0.15877552330493927,4.109523773193359
1131,1522.3298157416284,0.02153169736266136,0.56817626953125,0.15233050286769867,4.607142925262451
1132,1523.6145747806877,0.01993258111178875,0.5677947998046875,0.16152304410934448,3.994736909866333
1133,1524.4571217428893,0.018236493691802025,0.567413330078125,0.15034130215644836,4.28181791305542
1134,1525.746436310932,0.02333681285381317,0.5670318603515625,0.14325204491615295,3.8714287281036377
1135,1527.1565290829167,0.020092839375138283,0.566650390625,0.1527910828590393,3.7576920986175537
1136,1528.098302305676,0.018356388434767723,0.5662689208984375,0.14275361597537994,4.027273178100586
1137,1529.5464670350775,0.018580012023448944,0.565887451171875,0.13983605802059174,3.385714292526245
1138,1530.6546090533957,0.01967609114944935,0.5655059814453125,0.16011130809783936,4.27142858505249
1139,1532.0931618819013,0.02041643299162388,0.56512451171875,0.13363498449325562,3.607691764831543
1140,1532.9745060894638,0.02341323532164097,0.5647430419921875,0.14521880447864532,3.669565200805664
1141,1534.3897085199133,0.019862771034240723,0.564361572265625,0.15672726929187775,4.195652008056641
1142,1536.1237490084022,0.02098008617758751,0.5639801025390625,0.16081872582435608,4.289473533630371
1143,1537.756364280358,0.02197965234518051,0.5635986328125,0.15857143700122833,4.017391204833984
1144,1540.33262791764,0.02204105630517006,0.5632171630859375,0.14906367659568787,4.158823490142822
1145,1541.658077496104,0.020673371851444244,0.562835693359375,0.15143312513828278,3.9136362075805664
1146,1542.5894910926,0.017225097864866257,0.5624542236328125,0.1405923217535019,4.013636589050293
1147,1544.5043718023226,0.02055021934211254,0.56207275390625,0.1524561494588852,3.8479995727539062
1148,1546.0726414583623,0.02090907096862793,0.5616912841796875,0.13862816989421844,3.8636367321014404
1149,1547.6824550805613,0.021602312102913857,0.561309814453125,0.15262237191200256,3.688235282897949
1150,1548.5614865124226,0.019648948684334755,0.5609283447265625,0.16746032238006592,4.757894992828369
1151,1549.4483927683905,0.023157112300395966,0.560546875,0.14753198623657227,3.8199996948242188
1152,1550.3206506455317,0.018886510282754898,0.5601654052734375,0.15721739828586578,4.199999809265137
1153,1551.1881468221545,0.01868552900850773,0.559783935546875,0.14408285915851593,3.930769443511963
1154,1553.1096210367978,0.022893209010362625,0.5594024658203125,0.14923077821731567,3.7679998874664307
1155,1554.0682297972962,0.020942874252796173,0.55902099609375,0.13886256515979767,3.5956521034240723
1156,1556.2947701979429,0.018522560596466064,0.5586395263671875,0.14817169308662415,3.863999605178833
1157,1557.1558901555836,0.0231404397636652,0.558258056640625,0.15413793921470642,3.7590911388397217
1158,1558.0023772437125,0.018764249980449677,0.5578765869140625,0.14442700147628784,3.961904525756836
1159,1559.3487157495692,0.02254573255777359,0.5574951171875,0.15121951699256897,3.940000057220459
1160,1560.3397480025887,0.020136794075369835,0.5571136474609375,0.152225524187088,3.5999999046325684
1161,1561.2586886454374,0.020930275321006775,0.556732177734375,0.14659763872623444,3.8499996662139893
1162,1562.675027451478,0.02162703312933445,0.5563507080078125,0.14787232875823975,3.8375003337860107
1163,1563.5361481783912,0.020360523834824562,0.55596923828125,0.15300352871418,3.8842103481292725
1164,1564.901963812299,0.018992556259036064,0.5555877685546875,0.14502370357513428,3.8333332538604736
1165,1566.5763060096651,0.02138066105544567,0.555206298828125,0.1449010670185089,3.7391304969787598
1166,1567.9099504984915,0.02159765362739563,0.5548248291015625,0.14751380681991577,4.210526466369629
1167,1569.8395142974332,0.020065687596797943,0.554443359375,0.16341464221477509,4.204545497894287
1168,1571.407089434564,0.02012253925204277,0.5540618896484375,0.15229682624340057,3.9600000381469727
1169,1572.852718106471,0.018353115767240524,0.553680419921875,0.16274131834506989,4.5833330154418945
1170,1574.2409613858908,0.020491164177656174,0.5532989501953125,0.1478181928396225,4.014285564422607
1171,1575.1100628543645,0.022796807810664177,0.55291748046875,0.14312322437763214,3.7965517044067383
1172,1575.9362598536536,0.020741034299135208,0.5525360107421875,0.14379671216011047,3.557142734527588
1173,1577.4127206932753,0.018737057223916054,0.552154541015625,0.1525000035762787,3.9045450687408447
1174,1579.1027911761776,0.021169133484363556,0.5517730712890625,0.15275229513645172,3.9583332538604736
1175,1580.4250242579728,0.020041758194565773,0.5513916015625,0.14133790135383606,3.7279999256134033
1176,1581.253674142994,0.01968560367822647,0.5510101318359375,0.14254966378211975,3.879166841506958
1177,1582.3008996993303,0.01977318897843361,0.550628662109375,0.1529790610074997,3.5
1178,1583.175059759058,0.018141718581318855,0.5502471923828125,0.1616000086069107,4.554999351501465
1179,1584.027114304714,0.01877482421696186,0.54986572265625,0.15578581392765045,4.434999942779541
1180,1585.0583954043686,0.020885834470391273,0.5494842529296875,0.1566288024187088,4.184210300445557
1181,1586.5571354702115,0.02096579782664776,0.549102783203125,0.13949447870254517,3.4583330154418945
1182,1588.1338487584144,0.018463004380464554,0.5487213134765625,0.14509804546833038,4.21363639831543
1183,1590.5821068435907,0.0245268065482378,0.54833984375,0.14888890087604523,3.592592477798462
1184,1592.1523084565997,0.01792827807366848,0.5479583740234375,0.15243904292583466,4.180952072143555
1185,1593.5401002625003,0.01878238469362259,0.547576904296875,0.15491949021816254,4.4588236808776855
1186,1594.4292280077934,0.021722525358200073,0.5471954345703125,0.15526743233203888,3.8650002479553223
1187,1595.3977423319593,0.018923837691545486,0.54681396484375,0.1538095325231552,4.014814376831055
1188,1596.2670908374712,0.020280079916119576,0.5464324951171875,0.15260586142539978,3.8640003204345703
1189,1597.9040438346565,0.02073950506746769,0.546051025390625,0.13631756603717804,3.784210205078125
1190,1599.956981163472,0.021558845415711403,0.5456695556640625,0.14588937163352966,3.6615383625030518
1191,1601.6336304703727,0.022508233785629272,0.5452880859375,0.14147058129310608,3.5888888835906982
1192,1603.5120739173144,0.02055939845740795,0.5449066162109375,0.15418116748332977,3.9666664600372314
1193,1605.4314581127837,0.02146519534289837,0.544525146484375,0.15664619207382202,4.371428489685059
1194,1607.3067593164742,0.020389115437865257,0.5441436767578125,0.1527027040719986,4.037499904632568
1195,1609.3896053833887,0.020581990480422974,0.54376220703125,0.14290909469127655,3.7833337783813477
1196,1610.9025543769822,0.01892044022679329,0.5433807373046875,0.14034536480903625,3.684000253677368
1197,1611.8193582920358,0.021135373041033745,0.542999267578125,0.14369288086891174,3.8470590114593506
1198,1613.3563951291144,0.02181853912770748,0.5426177978515625,0.14515599608421326,3.7208335399627686
1199,1615.6393919242546,0.016091691330075264,0.542236328125,0.14776358008384705,3.769230365753174
1200,1617.339619600214,0.022005317732691765,0.5418548583984375,0.1490706354379654,4.109090805053711
1201,1618.203191012144,0.02277715876698494,0.541473388671875,0.15741324424743652,4.086363792419434
1202,1619.2018017238006,0.017997538670897484,0.5410919189453125,0.14794951677322388,3.640000343322754
1203,1621.5865234062076,0.02034621126949787,0.54071044921875,0.1491134762763977,4.289473533630371
1204,1623.7068580342457,0.018310997635126114,0.5403289794921875,0.14112424850463867,3.6499998569488525
1205,1625.4909959305078,0.022119099274277687,0.539947509765625,0.1414910852909088,3.8307695388793945
1206,1626.356282682158,0.02116212248802185,0.5395660400390625,0.16739130020141602,4.03000020980835
1207,1627.7471484122798,0.018102973699569702,0.5391845703125,0.13916534185409546,3.679166793823242
1208,1628.6349723879248,0.018455946817994118,0.5388031005859375,0.15420100092887878,3.747619152069092
1209,1630.8294182531536,0.024289298802614212,0.538421630859375,0.14609119296073914,4.295651912689209
1210,1632.21482506115,0.021480975672602654,0.5380401611328125,0.14070351421833038,3.6038460731506348
1211,1633.1143988361582,0.023648448288440704,0.53765869140625,0.14887218177318573,4.244444370269775
1212,1633.9878825461492,0.020764682441949844,0.5372772216796875,0.1436055451631546,3.4555556774139404
1213,1635.5700799059123,0.021706676110625267,0.536895751953125,0.1584586352109909,4.095000267028809
1214,1636.6412086142227,0.01955511048436165,0.5365142822265625,0.13885630667209625,3.711110830307007
1215,1637.7385002765805,0.01956804282963276,0.5361328125,0.15027624368667603,4.057894706726074
1216,1638.6492684679106,0.020289205014705658,0.5357513427734375,0.1516464501619339,3.9499998092651367
1217,1640.3102643741295,0.021944714710116386,0.535369873046875,0.1546325981616974,3.91538405418396
1218,1641.920295841992,0.020191755145788193,0.5349884033203125,0.16018347442150116,4.239999771118164
1219,1642.985215999186,0.01818625070154667,0.53460693359375,0.1508021354675293,4.157142162322998
1220,1644.3762562805787,0.019650757312774658,0.5342254638671875,0.14914676547050476,4.0124993324279785
1221,1645.9584522573277,0.01997755467891693,0.533843994140625,0.1435045450925827,3.7200000286102295
1222,1646.8054218990728,0.018607668578624725,0.5334625244140625,0.14471544325351715,3.7920000553131104
1223,1648.3007445028052,0.01995486207306385,0.5330810546875,0.15487012267112732,3.618518114089966
1224,1649.2465011263266,0.01878301054239273,0.5326995849609375,0.14785374701023102,4.0
1225,1650.8025444885716,0.01984596997499466,0.532318115234375,0.1469491571187973,3.8333332538604736
1226,1652.5860029179603,0.02055581472814083,0.5319366455078125,0.14804087579250336,3.867999792098999
1227,1654.6048775091767,0.01989777386188507,0.53155517578125,0.15129150450229645,4.12000036239624
1228,1655.5649777855724,0.019247813150286674,0.5311737060546875,0.1507246494293213,4.044999599456787
1229,1656.5372217074037,0.021542949602007866,0.530792236328125,0.1470472365617752,4.055000305175781
1230,1658.0858536707237,0.018365468829870224,0.5304107666015625,0.15564922988414764,4.017391204833984
1231,1659.650885650888,0.01943317987024784,0.530029296875,0.14350393414497375,4.019999980926514
1232,1660.7747122012079,0.021572036668658257,0.5296478271484375,0.1608782410621643,4.5411763191223145
1233,1661.9492932306603,0.02006642147898674,0.529266357421875,0.151920348405838,3.9115383625030518
1234,1663.0217396961525,0.019672423601150513,0.5288848876953125,0.14556962251663208,3.6954545974731445
1235,1664.9095340492204,0.01718170754611492,0.52850341796875,0.15747900307178497,4.373912811279297
1236,1665.9262490076944,0.02074151486158371,0.5281219482421875,0.15201465785503387,4.157894611358643
1237,1666.828420794569,0.01873381994664669,0.527740478515625,0.14870624244213104,3.8111112117767334
1238,1668.4340860601515,0.02092941664159298,0.5273590087890625,0.15377777814865112,3.8086960315704346
1239,1669.335401716642,0.018191728740930557,0.5269775390625,0.1345663219690323,3.3531250953674316
1240,1670.467221898958,0.02065885253250599,0.5265960693359375,0.15193277597427368,3.7090911865234375
1241,1671.8055517747998,0.02137802168726921,0.526214599609375,0.150899276137352,4.025000095367432
1242,1673.2702704323456,0.02033235877752304,0.5258331298828125,0.1528233140707016,4.066666603088379
1243,1674.2140460629016,0.02530127577483654,0.52545166015625,0.16514161229133606,4.611764907836914
1244,1675.6464671650901,0.019441092386841774,0.5250701904296875,0.15351350605487823,4.365000247955322
1245,1676.5446523306891,0.020686782896518707,0.524688720703125,0.1530081331729889,3.8500001430511475
1246,1677.4102764502168,0.018689105287194252,0.5243072509765625,0.16393759846687317,4.376470565795898
1247,1678.2841524695978,0.01916990987956524,0.52392578125,0.15215687453746796,4.335294246673584
1248,1679.2699578693137,0.02024267427623272,0.5235443115234375,0.15152129530906677,4.599999904632568
1249,1680.105254009366,0.018898475915193558,0.523162841796875,0.14960877597332,3.799999713897705
1250,1680.9502198519185,0.021461304277181625,0.5227813720703125,0.1454545557498932,3.7653844356536865
1251,1682.5823420891538,0.019340308383107185,0.52239990234375,0.15941782295703888,4.031999588012695
1252,1684.8055247496814,0.020405424758791924,0.5220184326171875,0.1473509967327118,3.9136359691619873
1253,1685.7521476363763,0.019239287823438644,0.521636962890625,0.15504273772239685,4.214999675750732
1254,1686.9377137683332,0.020836662501096725,0.5212554931640625,0.14444445073604584,3.9857141971588135
1255,1688.8627322241664,0.019428405910730362,0.5208740234375,0.1463678479194641,3.460714101791382
1256,1690.6598397549242,0.02357853576540947,0.5204925537109375,0.13966386020183563,3.847618818283081
1257,1691.9629324954003,0.017333151772618294,0.520111083984375,0.1426229476928711,3.8291666507720947
1258,1693.9701853645965,0.017891591414809227,0.5197296142578125,0.1467554122209549,3.6074070930480957
1259,1695.038968615234,0.020223233848810196,0.51934814453125,0.14599303901195526,4.018181324005127
1260,1697.1360782226548,0.019867397844791412,0.5189666748046875,0.1498269885778427,3.905555248260498
1261,1698.4594139382243,0.020775917917490005,0.518585205078125,0.1507299393415451,3.960869073867798
1262,1699.3338582860306,0.018624253571033478,0.5182037353515625,0.15872420370578766,4.613333225250244
1263,1700.3005744060501,0.02269851788878441,0.517822265625,0.1551051139831543,3.9370367527008057
1264,1701.4318981440738,0.018445469439029694,0.5174407958984375,0.15024234354496002,3.9679999351501465
1265,1702.8276500394568,0.018751785159111023,0.517059326171875,0.13753581047058105,3.5851850509643555
1266,1703.927681078203,0.020061643794178963,0.5166778564453125,0.15298621356487274,3.8541667461395264
1267,1705.4973335610703,0.0192978847771883,0.51629638671875,0.13953489065170288,3.636000156402588
1268,1706.540768308565,0.018337516114115715,0.5159149169921875,0.15588822960853577,4.558823585510254
1269,1707.9813722837716,0.018778078258037567,0.515533447265625,0.15930047631263733,4.02400016784668
1270,1708.9980338187888,0.019035298377275467,0.5151519775390625,0.14690402150154114,3.7833335399627686
1271,1710.2042344566435,0.0184099730104208,0.5147705078125,0.14931973814964294,4.0
1272,1711.7244335860014,0.020207438617944717,0.5143890380859375,0.15059222280979156,3.933333158493042
1273,1712.7512790076435,0.018146619200706482,0.514007568359375,0.15602092444896698,3.895238161087036
1274,1713.6721933484077,0.01738451048731804,0.5136260986328125,0.14645062386989594,3.873077154159546
1275,1715.0641073659062,0.021235687658190727,0.51324462890625,0.15017986297607422,3.5950000286102295
1276,1715.9148546373472,0.016164636239409447,0.5128631591796875,0.15410447120666504,4.442105293273926
1277,1717.7410109005868,0.02002040296792984,0.512481689453125,0.14560529589653015,4.025000095367432
1278,1718.714074681513,0.021334510296583176,0.5121002197265625,0.15208333730697632,3.929166555404663
1279,1720.631029275246,0.01957414485514164,0.51171875,0.14444445073604584,3.7217390537261963
1280,1722.0143247116357,0.017762281000614166,0.5113372802734375,0.1553846150636673,4.114285945892334
1281,1722.9736583791673,0.020379988476634026,0.510955810546875,0.1423840969800949,3.808333158493042
1282,1723.9574457695708,0.020138083025813103,0.5105743408203125,0.15025997161865234,4.156521320343018
1283,1725.9351187804714,0.02027854695916176,0.51019287109375,0.15380796790122986,3.695652484893799
1284,1727.2140255579725,0.019945956766605377,0.5098114013671875,0.145454540848732,4.095238208770752
1285,1728.0824480000883,0.01963920332491398,0.509429931640625,0.1639821082353592,4.564285755157471
1286,1728.9803804401308,0.018980709835886955,0.5090484619140625,0.15987055003643036,4.208695888519287
1287,1729.8710611360148,0.01825708895921707,0.5086669921875,0.1504504531621933,4.017391204833984
1288,1731.1163988513872,0.02100401557981968,0.5082855224609375,0.15952381491661072,4.107999801635742
1289,1732.5568999713287,0.02153795398771763,0.507904052734375,0.13834689557552338,3.4833333492279053
1290,1733.6420792732388,0.019078321754932404,0.5075225830078125,0.1405063271522522,3.4833333492279053
1291,1734.590195399709,0.02050325833261013,0.50714111328125,0.16260001063346863,4.729412078857422
1292,1735.939466550015,0.018972164019942284,0.5067596435546875,0.1512773633003235,4.064999580383301
1293,1737.522493481636,0.021003732457756996,0.506378173828125,0.15795846283435822,4.138095378875732
1294,1738.9026384009048,0.021412033587694168,0.5059967041015625,0.1598377227783203,4.884210109710693
1295,1739.9373229173943,0.019321594387292862,0.505615234375,0.16518518328666687,4.263157367706299
1296,1741.436565771699,0.022615652531385422,0.5052337646484375,0.14383116364479065,3.8695647716522217
1297,1742.7522927913815,0.019952932372689247,0.504852294921875,0.1648855060338974,4.025000095367432
1298,1744.9831356294453,0.01874818652868271,0.5044708251953125,0.1600000113248825,4.764705657958984
1299,1746.4003084097058,0.019236993044614792,0.50408935546875,0.15047436952590942,4.052173614501953
1300,1747.4286537850276,0.01863887533545494,0.5037078857421875,0.15692883729934692,4.200000286102295
1301,1748.7090731142089,0.017460890114307404,0.503326416015625,0.15054944157600403,3.9541666507720947
1302,1750.3851794600487,0.0196822676807642,0.5029449462890625,0.15763239562511444,3.9166667461395264
1303,1751.3623442305252,0.01881653256714344,0.5025634765625,0.15957821905612946,4.241666316986084
1304,1752.7536448119208,0.019433237612247467,0.5021820068359375,0.15680931508541107,4.099999904632568
1305,1753.9235648727044,0.01833610236644745,0.501800537109375,0.15858209133148193,4.611111164093018
1306,1755.464045021683,0.018478520214557648,0.5014190673828125,0.13768595457077026,3.815000057220459
1307,1756.677680558525,0.020759571343660355,0.50103759765625,0.1409340649843216,3.4758622646331787
1308,1757.6575550613925,0.01995420828461647,0.5006561279296875,0.14204725623130798,3.5458333492279053
1309,1758.7484425762668,0.019346512854099274,0.500274658203125,0.15365025401115417,3.7920000553131104
1310,1759.8774966774508,0.018833661451935768,0.4998931884765625,0.16229774057865143,4.284000396728516
1311,1760.7532466165721,0.017595531418919563,0.49951171875,0.14666666090488434,3.6818177700042725
1312,1762.6830619107932,0.018828272819519043,0.4991302490234375,0.14877299964427948,3.987499952316284
1313,1763.9942625854164,0.019982293248176575,0.498748779296875,0.14440789818763733,3.8423080444335938
1314,1765.374227215536,0.019804462790489197,0.4983673095703125,0.16195029020309448,4.189474105834961
1315,1766.8142167646438,0.02047412469983101,0.49798583984375,0.13942952454090118,3.700000286102295
1316,1768.0387054495513,0.020268483087420464,0.4976043701171875,0.15056361258029938,3.9719998836517334
1317,1770.083478427492,0.02250983566045761,0.497222900390625,0.14163637161254883,3.8600001335144043
1318,1771.8929470404983,0.019891584292054176,0.4968414306640625,0.15286195278167725,4.069565296173096
1319,1772.9683873048052,0.0210427176207304,0.4964599609375,0.14822934567928314,3.827272891998291
1320,1774.7708723489195,0.019601432606577873,0.4960784912109375,0.1448979526758194,3.85909104347229
1321,1776.2752252751961,0.02142517827451229,0.495697021484375,0.1577380746603012,3.991304397583008
1322,1777.5971324723214,0.01704506017267704,0.4953155517578125,0.15475760400295258,4.1050004959106445
1323,1779.1486204834655,0.018215492367744446,0.49493408203125,0.15225224196910858,3.846153736114502
1324,1780.4596545733511,0.019831838086247444,0.4945526123046875,0.15453019738197327,4.073684215545654
1325,1781.347637544386,0.016076544299721718,0.494171142578125,0.141759991645813,3.7230770587921143
1326,1782.282383132726,0.017635256052017212,0.4937896728515625,0.15056604146957397,4.284210205078125
1327,1783.3071990842,0.01823715679347515,0.493408203125,0.15181976556777954,3.9124996662139893
1328,1785.1603667009622,0.019618816673755646,0.4930267333984375,0.15155993402004242,4.043478012084961
1329,1786.0753513183445,0.019812051206827164,0.492645263671875,0.15662650763988495,4.0545454025268555
1330,1788.2224587509409,0.017093708738684654,0.4922637939453125,0.1684095859527588,4.4588236808776855
1331,1789.5752596473321,0.02113472856581211,0.49188232421875,0.1539923995733261,4.635000228881836
1332,1790.4783359672874,0.019399620592594147,0.4915008544921875,0.158187597990036,3.9476187229156494
1333,1793.1572747826576,0.020461030304431915,0.491119384765625,0.14870259165763855,4.160000324249268
1334,1794.4831027453765,0.01924441009759903,0.4907379150390625,0.1536363661289215,4.0
1335,1795.7522562146187,0.017759932205080986,0.4903564453125,0.14562290906906128,3.8681817054748535
1336,1796.8097830172628,0.021235525608062744,0.4899749755859375,0.1448330581188202,3.6884615421295166
1337,1797.810987913981,0.01907414197921753,0.489593505859375,0.15563634037971497,4.457894802093506
1338,1798.7543860729784,0.02043396607041359,0.4892120361328125,0.14723126590251923,3.65384578704834
1339,1799.6459288671613,0.019107341766357422,0.48883056640625,0.15146805346012115,4.252631664276123
1340,1800.561463165097,0.020064247772097588,0.4884490966796875,0.14838212728500366,3.8481481075286865
1341,1802.3587192343548,0.017256608232855797,0.488067626953125,0.15910851955413818,4.306250095367432
1342,1803.2393214330077,0.01796019822359085,0.4876861572265625,0.14187116920948029,3.5592594146728516
1343,1804.651208911091,0.020169228315353394,0.4873046875,0.15196998417377472,4.044999599456787
1344,1805.5119076790288,0.020884456112980843,0.4869232177734375,0.15843920409679413,4.400000095367432
1345,1806.8993790885434,0.020274383947253227,0.486541748046875,0.1536804437637329,3.9499995708465576
1346,1807.8195053823292,0.01912291906774044,0.4861602783203125,0.15120385587215424,4.266666889190674
1347,1808.8730624001473,0.019128020852804184,0.48577880859375,0.14694590866565704,3.799999952316284
1348,1809.9073641831055,0.019584929570555687,0.4853973388671875,0.14657534658908844,3.9083335399627686
1349,1811.7935368027538,0.01872328296303749,0.485015869140625,0.15526315569877625,3.804166793823242
1350,1812.6488333456218,0.018095405772328377,0.4846343994140625,0.14899452030658722,4.109999656677246
1351,1814.0853933831677,0.019534876570105553,0.4842529296875,0.16196581721305847,4.388235092163086
1352,1815.163444926031,0.01778692752122879,0.4838714599609375,0.15094664692878723,4.069565296173096
1353,1817.0030864002183,0.017940770834684372,0.483489990234375,0.15971337258815765,4.1519999504089355
1354,1817.9658882347867,0.01869567111134529,0.4831085205078125,0.16098901629447937,4.447368144989014
1355,1819.4478321867064,0.021237028762698174,0.48272705078125,0.15066446363925934,4.109523773193359
1356,1820.5143697252497,0.022013045847415924,0.4823455810546875,0.1458684653043747,3.70869517326355
1357,1821.9297921350226,0.0208082664757967,0.481964111328125,0.15479204058647156,4.295238018035889
1358,1823.706147284247,0.021547947078943253,0.4815826416015625,0.1527927815914154,3.795454263687134
1359,1825.0712420390919,0.02046028897166252,0.481201171875,0.14537522196769714,4.039130687713623
1360,1826.2940291976556,0.017021337524056435,0.4808197021484375,0.15099339187145233,3.805555582046509
1361,1828.0902586216107,0.02014497108757496,0.480438232421875,0.15471073985099792,4.034482955932617
1362,1829.4687972757965,0.019688401371240616,0.4800567626953125,0.14801380038261414,3.7857139110565186
1363,1830.5080703636631,0.02104485221207142,0.47967529296875,0.1515202671289444,4.004166603088379
1364,1831.58899795264,0.017547020688652992,0.4792938232421875,0.1461130678653717,3.763157606124878
1365,1832.5030618710443,0.024567872285842896,0.478912353515625,0.15464483201503754,4.4588236808776855
1366,1833.545395085588,0.020136507228016853,0.4785308837890625,0.16043010354042053,4.32381010055542
1367,1835.2054973142222,0.021847397089004517,0.4781494140625,0.1487179398536682,3.81499981880188
1368,1837.12629777845,0.020452363416552544,0.4777679443359375,0.15130113065242767,4.075999736785889
1369,1839.0255423113704,0.020150519907474518,0.477386474609375,0.15161870419979095,4.052380561828613
1370,1840.414350502193,0.02114538662135601,0.4770050048828125,0.14739495515823364,3.6000001430511475
1371,1841.5981146134436,0.01788402535021305,0.47662353515625,0.16771487891674042,4.778947353363037
1372,1842.961772507988,0.019721239805221558,0.4762420654296875,0.14734847843647003,4.338889122009277
1373,1843.9993223920465,0.01958887092769146,0.475860595703125,0.14500845968723297,3.879166603088379
1374,1845.057092138566,0.014598545618355274,0.4754791259765625,0.14782609045505524,3.781818151473999
1375,1846.0563464621082,0.016206445172429085,0.47509765625,0.16247504949569702,4.419999599456787
1376,1847.5474270060658,0.02164554037153721,0.4747161865234375,0.1431961953639984,3.990475654602051
1377,1849.7602799097076,0.01910747028887272,0.474334716796875,0.15310652554035187,3.4346156120300293
1378,1851.2619262626395,0.019963348284363747,0.4739532470703125,0.15746527910232544,4.172727108001709
1379,1852.764502956532,0.0201056320220232,0.47357177734375,0.14709678292274475,4.052173614501953
1380,1854.6392331160605,0.018388358876109123,0.4731903076171875,0.1461409479379654,3.615384578704834
1381,1855.9449270842597,0.020359450951218605,0.472808837890625,0.15843920409679413,4.340909481048584
1382,1856.860771776177,0.019647276028990746,0.4724273681640625,0.1436416059732437,3.5879998207092285
1383,1858.6374151706696,0.016259940341114998,0.4720458984375,0.15067113935947418,3.945833206176758
1384,1859.6904695453122,0.016263602301478386,0.4716644287109375,0.1536964774131775,4.0333333015441895
1385,1860.7187813967466,0.018969876691699028,0.471282958984375,0.15820643305778503,4.184210300445557
1386,1862.1932225115597,0.017707783728837967,0.4709014892578125,0.1540740728378296,4.300000190734863
1387,1863.5544081730768,0.02077583596110344,0.47052001953125,0.1471196562051773,3.6461539268493652
1388,1865.1441895281896,0.019661610946059227,0.4701385498046875,0.14974789321422577,4.107999801635742
1389,1867.2336410954595,0.018405664712190628,0.469757080078125,0.15436893701553345,3.922727346420288
1390,1868.7534874435514,0.017439071089029312,0.4693756103515625,0.13427719473838806,3.566666603088379
1391,1870.0504768770188,0.019046010449528694,0.468994140625,0.15610931813716888,3.854166269302368
1392,1871.5430453903973,0.015811894088983536,0.4686126708984375,0.14491277933120728,3.7038462162017822
1393,1873.2312233950943,0.014968103729188442,0.468231201171875,0.1510981023311615,3.7928569316864014
1394,1874.248963191174,0.01659761369228363,0.4678497314453125,0.15343914926052094,4.112499713897705
1395,1875.3621686836705,0.019273823127150536,0.46746826171875,0.1637623906135559,4.241176605224609
1396,1877.1503334753215,0.01685371808707714,0.4670867919921875,0.17053571343421936,5.117647171020508
1397,1878.0520728398114,0.01755421608686447,0.466705322265625,0.14798760414123535,3.89090895652771
1398,1878.9427685877308,0.019166743382811546,0.4663238525390625,0.14799357950687408,3.9040000438690186
1399,1880.0540413726121,0.017341598868370056,0.4659423828125,0.15646852552890778,4.170000076293945
1400,1880.981483890675,0.017612993717193604,0.4655609130859375,0.14398562908172607,3.6368420124053955
1401,1881.8562570307404,0.020254170522093773,0.465179443359375,0.15071091055870056,4.02400016784668
1402,1883.4116623951122,0.020452359691262245,0.4647979736328125,0.1530357301235199,3.9291670322418213
1403,1885.1370768230408,0.02036583051085472,0.46441650390625,0.16386404633522034,4.340908527374268
1404,1886.8640840649605,0.019642828032374382,0.4640350341796875,0.14366883039474487,3.9560000896453857
1405,1888.7669281093404,0.016797930002212524,0.463653564453125,0.15326087176799774,3.6045453548431396
1406,1890.7361989319324,0.018758265301585197,0.4632720947265625,0.14426808059215546,4.242856979370117
1407,1892.4126738095656,0.015807656571269035,0.462890625,0.15526717901229858,3.8608694076538086
1408,1893.7758063832298,0.017855996266007423,0.4625091552734375,0.14845506846904755,3.7571427822113037
1409,1894.7770677283406,0.018941521644592285,0.462127685546875,0.15128643810749054,4.01200008392334
1410,1895.7237245542929,0.017539003863930702,0.4617462158203125,0.1570747196674347,3.799999952316284
1411,1896.8931134529412,0.019222581759095192,0.46136474609375,0.14794275164604187,4.221052646636963
1412,1898.238240367733,0.020439866930246353,0.4609832763671875,0.15479929745197296,4.195833683013916
1413,1899.2742306664586,0.018286898732185364,0.460601806640625,0.1480737030506134,3.636000156402588
1414,1900.457123647444,0.01844559609889984,0.4602203369140625,0.1421404629945755,3.9434781074523926
1415,1901.3476267699152,0.020239900797605515,0.4598388671875,0.14055375754833221,3.5653843879699707
1416,1903.452390326187,0.01737229898571968,0.4594573974609375,0.1570909172296524,4.733333587646484
1417,1904.589940911159,0.020608488470315933,0.459075927734375,0.14175823330879211,3.4827582836151123
1418,1906.0965170534328,0.018161628395318985,0.4586944580078125,0.15026456117630005,3.884000301361084
1419,1906.9824564736336,0.0180535726249218,0.45831298828125,0.1613309383392334,4.46842098236084
1420,1908.022423488088,0.018396969884634018,0.4579315185546875,0.14634579420089722,3.8359997272491455
1421,1909.208984467201,0.0181396696716547,0.457550048828125,0.15778546035289764,4.054999351501465
1422,1910.0895898034796,0.02108871378004551,0.4571685791015625,0.14561402797698975,3.7814817428588867
1423,1911.4751348523423,0.01758507452905178,0.456787109375,0.14777594804763794,3.8157894611358643
1424,1912.3466412341222,0.018931016325950623,0.4564056396484375,0.15246422588825226,3.6178572177886963
1425,1913.748769024387,0.017750529572367668,0.456024169921875,0.15693162381649017,4.461905002593994
1426,1915.8578748889267,0.01967545598745346,0.4556427001953125,0.15370742976665497,4.142856597900391
1427,1917.8698328509927,0.02023260109126568,0.45526123046875,0.14773958921432495,4.125
1428,1918.799039967358,0.017351839691400528,0.4548797607421875,0.1547297239303589,4.173684120178223
1429,1919.8754818923771,0.017876235768198967,0.454498291015625,0.1604316532611847,4.026923179626465
1430,1921.123625018634,0.0175312589854002,0.4541168212890625,0.16848249733448029,4.356250286102295
1431,1922.6247916929424,0.021455107256770134,0.4537353515625,0.15112902224063873,4.269565582275391
1432,1923.723881217651,0.020262466743588448,0.4533538818359375,0.1477663218975067,3.855999708175659
1433,1924.9196248892695,0.022273607552051544,0.452972412109375,0.15203915536403656,3.867999792098999
1434,1927.1803769795224,0.019080305472016335,0.4525909423828125,0.15693432092666626,4.09999942779541
1435,1929.382145324722,0.021495891734957695,0.45220947265625,0.1509259194135666,4.144444465637207
1436,1931.3043500278145,0.018841946497559547,0.4518280029296875,0.1570909023284912,4.456250190734863
1437,1932.1792042003945,0.016426028683781624,0.451446533203125,0.15860113501548767,4.233333110809326
1438,1933.1155279576778,0.01761973835527897,0.4510650634765625,0.15208333730697632,3.9559998512268066
1439,1934.249840669334,0.020365921780467033,0.45068359375,0.15852372348308563,4.034999847412109
1440,1935.346177848056,0.018438423052430153,0.4503021240234375,0.16022303700447083,4.199999809265137
1441,1936.8419319381937,0.016984960064291954,0.449920654296875,0.1539156585931778,4.139285564422607
1442,1937.736292714253,0.019655859097838402,0.4495391845703125,0.15016722679138184,3.756521701812744
1443,1939.1198160219938,0.02158486098051071,0.44915771484375,0.1484297513961792,3.989999771118164
1444,1940.1116921845824,0.02208082750439644,0.4487762451171875,0.15095239877700806,3.8259260654449463
1445,1941.6386241354048,0.018473995849490166,0.448394775390625,0.17753303050994873,4.86842155456543
1446,1943.469817594625,0.019507091492414474,0.4480133056640625,0.1605893224477768,4.400000095367432
1447,1945.505808613263,0.01520017720758915,0.4476318359375,0.1463533341884613,3.669999599456787
1448,1946.3967742994428,0.01700809970498085,0.4472503662109375,0.1598890870809555,4.389474391937256
1449,1947.3930568071082,0.018407883122563362,0.446868896484375,0.1467532366514206,4.143477916717529
1450,1948.8495679423213,0.018647754564881325,0.4464874267578125,0.15622776746749878,4.004347324371338
1451,1950.3739058505744,0.020758675411343575,0.44610595703125,0.15276291966438293,4.184210300445557
1452,1952.5734257539734,0.020200399681925774,0.4457244873046875,0.15166960656642914,4.034782409667969
1453,1953.7381573542953,0.016468700021505356,0.445343017578125,0.14579440653324127,3.8230767250061035
1454,1954.7224719729275,0.019510507583618164,0.4449615478515625,0.1639794111251831,3.989473819732666
1455,1955.6384745026007,0.018900251016020775,0.444580078125,0.14340490102767944,4.147618770599365
1456,1956.774219127372,0.017288194969296455,0.4441986083984375,0.15964601933956146,4.072000026702881
1457,1957.725894213654,0.01936360076069832,0.443817138671875,0.15178850293159485,3.74074125289917
1458,1958.6074956310913,0.019795741885900497,0.4434356689453125,0.1639925241470337,4.590476036071777
1459,1959.6476052235812,0.01905279979109764,0.44305419921875,0.1511848419904709,3.7791664600372314
1460,1960.5594160510227,0.017550019547343254,0.4426727294921875,0.1574430763721466,4.165217399597168
1461,1961.9017816120759,0.015807928517460823,0.442291259765625,0.14529220759868622,3.859090566635132
1462,1963.6996001554653,0.016887731850147247,0.4419097900390625,0.1522691696882248,3.942307710647583
1463,1964.5403538327664,0.018844183534383774,0.4415283203125,0.15592654049396515,4.023809432983398
1464,1966.40622852277,0.019834980368614197,0.4411468505859375,0.14067226648330688,3.7727272510528564
1465,1967.7642415901646,0.017993923276662827,0.440765380859375,0.15675213932991028,4.0
1466,1968.8683356177062,0.016564063727855682,0.4403839111328125,0.1613718420267105,4.133333206176758
1467,1970.7610446130857,0.01938730850815773,0.44000244140625,0.1531645506620407,4.250000476837158
1468,1972.2105822404847,0.016799751669168472,0.4396209716796875,0.14766354858875275,3.872000217437744
1469,1973.2256221659482,0.01582506112754345,0.439239501953125,0.16041308641433716,4.075000286102295
1470,1975.2951725227758,0.018115209415555,0.4388580322265625,0.16951674222946167,4.4549994468688965
1471,1976.7761458419263,0.01902073249220848,0.4384765625,0.1696537584066391,4.65625
1472,1978.4747674139217,0.01964528113603592,0.4380950927734375,0.1381443440914154,4.121739387512207
1473,1979.2950718896464,0.01882164180278778,0.437713623046875,0.1571969836950302,4.211111068725586
1474,1980.8303393870592,0.018042393028736115,0.4373321533203125,0.14354561269283295,3.4478259086608887
1475,1981.711718174629,0.021477486938238144,0.43695068359375,0.16227677464485168,4.8411760330200195
1476,1983.1778780259192,0.019944285973906517,0.4365692138671875,0.15508021414279938,4.456250190734863
1477,1984.0619198977947,0.018372919410467148,0.436187744140625,0.14982517063617706,3.9583332538604736
1478,1984.9514215290546,0.018001433461904526,0.4358062744140625,0.15490907430648804,4.21999979019165
1479,1986.5423052236438,0.017470605671405792,0.4354248046875,0.14879091084003448,3.6999995708465576
1480,1988.4120802395046,0.019870012998580933,0.4350433349609375,0.1609589010477066,4.0879998207092285
1481,1989.3123813476413,0.019575264304876328,0.434661865234375,0.14439253509044647,3.7461535930633545
1482,1990.7195569258183,0.018343627452850342,0.4342803955078125,0.15389609336853027,3.9347829818725586
1483,1992.3679130487144,0.02094198390841484,0.43389892578125,0.13720566034317017,3.7727272510528564
1484,1994.4546477533877,0.019078154116868973,0.4335174560546875,0.14442698657512665,3.6655173301696777
1485,1995.3557801255956,0.016493963077664375,0.433135986328125,0.1561872959136963,4.052631378173828
1486,1996.520573893562,0.0185885988175869,0.4327545166015625,0.15992648899555206,4.3789472579956055
1487,1997.9449821729213,0.01816367916762829,0.432373046875,0.1540192812681198,3.935999870300293
1488,1998.8472657352686,0.019130097702145576,0.4319915771484375,0.15308640897274017,3.9666666984558105
1489,2000.3997581722215,0.018805338069796562,0.431610107421875,0.15797343850135803,4.119999885559082
1490,2001.5920505272225,0.015279458835721016,0.4312286376953125,0.15691769123077393,4.154999732971191
1491,2002.6539296889678,0.016347503289580345,0.43084716796875,0.16509945690631866,4.42173957824707
1492,2004.9055769499391,0.01883785054087639,0.4304656982421875,0.1558607965707779,4.224999904632568
1493,2006.5673216087744,0.018285896629095078,0.430084228515625,0.15203391015529633,4.03157901763916
1494,2007.4699378004298,0.017597878351807594,0.4297027587890625,0.151404470205307,3.872413396835327
1495,2009.0074167093262,0.021135425195097923,0.4293212890625,0.15641024708747864,3.7206897735595703
1496,2010.4945580605417,0.019983341917395592,0.4289398193359375,0.15947826206684113,4.1761908531188965
1497,2012.1080722184852,0.017523430287837982,0.428558349609375,0.15068285167217255,3.9160001277923584
1498,2013.1611465318128,0.016928022727370262,0.4281768798828125,0.15030674636363983,3.9259259700775146
1499,2014.4642988359556,0.018490342423319817,0.42779541015625,0.15833333134651184,4.395237922668457
1500,2015.4887726334855,0.019072208553552628,0.4274139404296875,0.15341365337371826,4.121428489685059
1501,2016.4011763557792,0.017815671861171722,0.427032470703125,0.15943561494350433,4.279999732971191
1502,2018.6987693570554,0.018216051161289215,0.4266510009765625,0.15356549620628357,4.073077201843262
1503,2020.4414917547256,0.016773847863078117,0.42626953125,0.15465517342090607,4.240000247955322
1504,2021.6856335699558,0.016809007152915,0.4258880615234375,0.14038154482841492,3.6999998092651367
1505,2023.1181228477508,0.016590334475040436,0.425506591796875,0.1571204960346222,3.7964284420013428
1506,2024.7184658972546,0.02036072313785553,0.4251251220703125,0.15780141949653625,4.638461589813232
1507,2025.6410665242001,0.019625157117843628,0.42474365234375,0.15163636207580566,3.945833444595337
1508,2027.193026023917,0.017642324790358543,0.4243621826171875,0.152899831533432,4.299999713897705
1509,2028.6937466766685,0.0175100639462471,0.423980712890625,0.1544262170791626,4.039999485015869
1510,2030.085709888488,0.017026526853442192,0.4235992431640625,0.15602320432662964,3.796428680419922
1511,2031.1957467114553,0.01636127009987831,0.4232177734375,0.15666666626930237,4.178260803222656
1512,2032.1190876904875,0.020133057609200478,0.4228363037109375,0.14969605207443237,3.9600002765655518
1513,2033.5918630072847,0.01618652231991291,0.422454833984375,0.15535975992679596,3.710714101791382
1514,2035.0258039850742,0.016679896041750908,0.4220733642578125,0.15244300663471222,3.92222261428833
1515,2036.6446286821738,0.01902497559785843,0.42169189453125,0.15266363322734833,4.03636360168457
1516,2037.5148748187348,0.016769492998719215,0.4213104248046875,0.14991022646427155,4.145833492279053
1517,2038.95268301107,0.018382305279374123,0.420928955078125,0.16080304980278015,4.089473724365234
1518,2040.5971723431721,0.01976090855896473,0.4205474853515625,0.14619047939777374,4.174999713897705
1519,2042.141607140191,0.01888410560786724,0.420166015625,0.14614170789718628,3.633333444595337
1520,2044.0437629381195,0.015505730174481869,0.4197845458984375,0.1762443482875824,4.6777777671813965
1521,2045.605909996666,0.019263511523604393,0.419403076171875,0.14504200220108032,3.93999981880188
1522,2046.942227593623,0.01777040958404541,0.4190216064453125,0.1476331353187561,3.806896686553955
1523,2048.117560049519,0.01756841316819191,0.41864013671875,0.15281251072883606,3.866666793823242
1524,2049.1030073715374,0.017221543937921524,0.4182586669921875,0.15104897320270538,4.074999809265137
1525,2050.5873598493636,0.01779303513467312,0.417877197265625,0.14704890549182892,3.8960001468658447
1526,2052.022957504727,0.017514962702989578,0.4174957275390625,0.16345085203647614,4.164999961853027
1527,2053.0343356058,0.018833976238965988,0.4171142578125,0.15227963030338287,3.8703701496124268
1528,2054.494238190353,0.01721981167793274,0.4167327880859375,0.15119235217571259,4.095238208770752
1529,2055.5557320211083,0.016712915152311325,0.416351318359375,0.15773196518421173,3.992000102996826
1530,2056.750372410752,0.02131136693060398,0.4159698486328125,0.15967153012752533,4.799999713897705
1531,2057.950718998909,0.018967123702168465,0.41558837890625,0.16867031157016754,4.1541666984558105
1532,2059.0478834472597,0.017571642994880676,0.4152069091796875,0.15026548504829407,4.21363639831543
1533,2059.9502257118,0.01624007523059845,0.414825439453125,0.1503717452287674,4.0
1534,2060.8731841351837,0.019057689234614372,0.4144439697265625,0.1499105542898178,4.090909004211426
1535,2062.5449186060578,0.017197871580719948,0.4140625,0.16634981334209442,4.310000419616699
1536,2063.4318746533245,0.018382960930466652,0.4136810302734375,0.14736025035381317,4.0208330154418945
1537,2064.9471361003816,0.02045188844203949,0.413299560546875,0.146781787276268,3.754166841506958
1538,2066.265032033436,0.019968293607234955,0.4129180908203125,0.15208332240581512,3.958333730697632
1539,2067.4357361206785,0.019846539944410324,0.41253662109375,0.1533426195383072,3.848276138305664
1540,2069.949329873547,0.01877221278846264,0.4121551513671875,0.15925924479961395,3.8999996185302734
1541,2071.282158697024,0.018390413373708725,0.411773681640625,0.15789473056793213,4.229166507720947
1542,2072.165230434388,0.01737545244395733,0.4113922119140625,0.149001806974411,3.7608695030212402
1543,2073.292263964191,0.018111372366547585,0.4110107421875,0.16777779161930084,4.423809051513672
1544,2075.2439612215385,0.016788598150014877,0.4106292724609375,0.1596153974533081,4.531579494476318
1545,2076.8632416306064,0.018482962623238564,0.410247802734375,0.1615523397922516,4.78000020980835
1546,2077.7692432496697,0.020460616797208786,0.4098663330078125,0.14574961364269257,3.876922845840454
1547,2079.159551232122,0.015220600180327892,0.40948486328125,0.15595026314258575,4.004000186920166
1548,2080.6698380652815,0.018160857260227203,0.4091033935546875,0.14525660872459412,3.675999641418457
1549,2082.1494023110718,0.01857355609536171,0.408721923828125,0.1510569304227829,3.612499952316284
1550,2083.090811241418,0.01717100292444229,0.4083404541015625,0.16982758045196533,4.973684310913086
1551,2084.069565044716,0.01844983920454979,0.407958984375,0.16810175776481628,4.766666412353516
1552,2085.4314084379002,0.017811482772231102,0.4075775146484375,0.15275229513645172,3.926666498184204
1553,2086.817745709792,0.01648619957268238,0.407196044921875,0.16596195101737976,4.799999713897705
1554,2089.238273601979,0.01743042841553688,0.4068145751953125,0.16298343241214752,4.481818199157715
1555,2090.0953434566036,0.01905057393014431,0.40643310546875,0.16606785356998444,4.709090709686279
1556,2091.444128870964,0.014570680446922779,0.4060516357421875,0.1506289392709732,4.059999465942383
1557,2093.258132427931,0.020278610289096832,0.405670166015625,0.16038034856319427,3.9791667461395264
1558,2095.1683738045394,0.015646519139409065,0.4052886962890625,0.16227759420871735,4.46818208694458
1559,2096.566049666144,0.019555093720555305,0.4049072265625,0.1422387808561325,3.774073839187622
1560,2097.8809098582715,0.017884742468595505,0.4045257568359375,0.14943639934062958,3.7391300201416016
1561,2100.301837708801,0.020330369472503662,0.404144287109375,0.15912409126758575,4.168181896209717
1562,2102.2293818565086,0.022092947736382484,0.4037628173828125,0.1543046236038208,3.991999864578247
1563,2103.207837695256,0.017788846045732498,0.40338134765625,0.1713472604751587,4.570588111877441
1564,2104.1564094247296,0.01810579188168049,0.4029998779296875,0.15657655894756317,4.252173900604248
1565,2105.015678915195,0.020273838192224503,0.402618408203125,0.15634265542030334,4.310526371002197
1566,2106.1751497816294,0.019278744235634804,0.4022369384765625,0.15099337697029114,3.696000337600708
1567,2107.0529073290527,0.01675131730735302,0.40185546875,0.15536810457706451,3.9846153259277344
1568,2108.360805639997,0.01858912780880928,0.4014739990234375,0.16062991321086884,4.609999656677246
1569,2111.182930619456,0.01862412877380848,0.401092529296875,0.1595890372991562,3.963636636734009
1570,2112.9541083490476,0.016828691586852074,0.4007110595703125,0.14668720960617065,3.84482741355896
1571,2114.7038061134517,0.018990138545632362,0.40032958984375,0.1511666625738144,4.0
1572,2116.2308637797832,0.01707461290061474,0.3999481201171875,0.16181819140911102,4.594117641448975
1573,2117.595787941478,0.016683034598827362,0.399566650390625,0.14178404211997986,3.7791664600372314
1574,2118.6284481529146,0.01858372427523136,0.3991851806640625,0.1548929661512375,3.7720000743865967
1575,2120.051011136733,0.01792965829372406,0.3988037109375,0.1438709795475006,3.991999864578247
1576,2121.6713075106964,0.015945183113217354,0.3984222412109375,0.1539923995733261,3.986956834793091
1577,2122.598393644206,0.018400901928544044,0.398040771484375,0.15310733020305634,4.236842155456543
1578,2123.782208791934,0.016741178929805756,0.3976593017578125,0.15649452805519104,4.044000148773193
1579,2124.653366085142,0.01850472018122673,0.39727783203125,0.1567986011505127,4.184615612030029
1580,2125.6777633829042,0.021261850371956825,0.3968963623046875,0.1406158208847046,3.702857255935669
1581,2126.604990363121,0.015985988080501556,0.396514892578125,0.16034480929374695,4.0722222328186035
1582,2128.249955895357,0.019654085859656334,0.3961334228515625,0.1622222363948822,4.533333778381348
1583,2129.1320250509307,0.01995723322033882,0.395751953125,0.1638759821653366,4.11199951171875
1584,2130.7852175999433,0.020247533917427063,0.3953704833984375,0.14649122953414917,4.081818103790283
1585,2132.382034977898,0.01645745523273945,0.394989013671875,0.16163192689418793,4.149999618530273
1586,2133.7602648641914,0.017489532008767128,0.3946075439453125,0.14254605770111084,3.9800000190734863
1587,2134.6119816629216,0.019038939848542213,0.39422607421875,0.16625259816646576,4.441176414489746
1588,2135.9330550087616,0.018269546329975128,0.3938446044921875,0.16391384601593018,4.287500381469727
1589,2137.115099796094,0.01768241822719574,0.393463134765625,0.15659655630588531,4.305263042449951
1590,2138.5783761152998,0.015288181602954865,0.3930816650390625,0.15295138955116272,4.386363506317139
1591,2139.6412790231407,0.019095715135335922,0.3927001953125,0.16168716549873352,4.005555629730225
1592,2141.9686085022986,0.017634084448218346,0.3923187255859375,0.14465516805648804,4.209090709686279
1593,2143.523194078356,0.018745403736829758,0.391937255859375,0.15459097921848297,3.973684310913086
1594,2144.6365576302633,0.019145561382174492,0.3915557861328125,0.15534482896327972,4.045833110809326
1595,2145.9742839774117,0.018274741247296333,0.39117431640625,0.1474178284406662,3.665384531021118
1596,2147.030865580775,0.016998307779431343,0.3907928466796875,0.1634429544210434,4.540909290313721
1597,2148.1579950144514,0.01781051978468895,0.390411376953125,0.1674373894929886,4.840000629425049
1598,2149.808578668162,0.018090469762682915,0.3900299072265625,0.1517857164144516,3.6000003814697266
1599,2151.3697088444605,0.01825137436389923,0.3896484375,0.1503257304430008,3.911111354827881
1600,2152.69199593924,0.01700638234615326,0.3892669677734375,0.1639278680086136,4.484999656677246
1601,2154.108908666298,0.019586296752095222,0.388885498046875,0.14947210252285004,3.8374998569488525
1602,2155.1342895030975,0.016701240092515945,0.3885040283203125,0.1560150384902954,4.064705848693848
1603,2156.865064001642,0.01601311005651951,0.38812255859375,0.15331123769283295,4.0279998779296875
1604,2158.602347742766,0.01844935119152069,0.3877410888671875,0.15372425317764282,4.012499809265137
1605,2159.444761325605,0.01629401370882988,0.387359619140625,0.14260731637477875,3.954545021057129
1606,2160.424764920026,0.01529503334313631,0.3869781494140625,0.1513472944498062,3.777777671813965
1607,2161.318820124492,0.019621625542640686,0.3865966796875,0.15428569912910461,4.1173906326293945
1608,2162.846176479943,0.017155738547444344,0.3862152099609375,0.14189405739307404,3.591304302215576
1609,2164.2682874649763,0.015406958758831024,0.385833740234375,0.1556379795074463,3.93999981880188
1610,2165.254136615433,0.016603106632828712,0.3854522705078125,0.16013985872268677,4.238888740539551
1611,2166.128200704232,0.01825742796063423,0.38507080078125,0.1604490578174591,4.133333683013916
1612,2166.9688564362004,0.019110091030597687,0.3846893310546875,0.1616487354040146,4.3545451164245605
1613,2168.5719752833247,0.017580382525920868,0.384307861328125,0.1586666703224182,4.142857074737549
1614,2169.7692071255296,0.017030997201800346,0.3839263916015625,0.1633644998073578,4.67058801651001
1615,2170.914574614726,0.01820933073759079,0.383544921875,0.14835478365421295,3.7964284420013428
1616,2171.9704497270286,0.015460023656487465,0.3831634521484375,0.15582191944122314,3.8499996662139893
1617,2173.3833149550483,0.017543930560350418,0.382781982421875,0.15218092501163483,4.25454568862915
1618,2174.65490945708,0.015943048521876335,0.3824005126953125,0.15616942942142487,3.8479998111724854
1619,2175.6480611125007,0.0196207445114851,0.38201904296875,0.15839694440364838,4.505555629730225
1620,2177.2557067871094,0.017658647149801254,0.3816375732421875,0.15451447665691376,4.072726726531982
1621,2178.1526376893744,0.01626214012503624,0.381256103515625,0.165969580411911,4.5444440841674805
1622,2179.2138389237225,0.020154371857643127,0.3808746337890625,0.13684211671352386,3.635483741760254
1623,2180.3247023094445,0.021617496386170387,0.3804931640625,0.16039782762527466,4.131249904632568
1624,2181.526347662322,0.017907164990901947,0.3801116943359375,0.16280588507652283,4.138461112976074
1625,2182.599836608395,0.01754014566540718,0.379730224609375,0.14905661344528198,4.230000019073486
1626,2183.4954202594236,0.017149176448583603,0.3793487548828125,0.15465837717056274,4.047999858856201
1627,2185.058156756684,0.018373046070337296,0.37896728515625,0.16018690168857574,4.066666603088379
1628,2186.2368881972507,0.016548732295632362,0.3785858154296875,0.15670104324817657,3.9583332538604736
1629,2187.6165782306343,0.01716643013060093,0.378204345703125,0.15214626491069794,4.044000148773193
1630,2188.499951275997,0.016040928661823273,0.3778228759765625,0.1435643583536148,3.7772727012634277
1631,2190.4158080667257,0.017986169084906578,0.37744140625,0.1580597162246704,3.8500001430511475
1632,2192.483827249147,0.01813284121453762,0.3770599365234375,0.16532398760318756,4.369999885559082
1633,2193.7045045010746,0.022257519885897636,0.376678466796875,0.1533913016319275,4.239999771118164
1634,2194.905485827476,0.02061546966433525,0.3762969970703125,0.1591985523700714,4.116666316986084
1635,2197.0134104471654,0.016494527459144592,0.37591552734375,0.14973822236061096,4.176190376281738
1636,2199.026078390889,0.01563229039311409,0.3755340576171875,0.1627659648656845,4.206666469573975
1637,2199.937108325772,0.016676466912031174,0.375152587890625,0.16365280747413635,4.547618865966797
1638,2200.850042528473,0.016438785940408707,0.3747711181640625,0.15619657933712006,4.537499904632568
1639,2202.4930294416845,0.018845831975340843,0.3743896484375,0.15512368083000183,4.112499713897705
1640,2204.4876603307202,0.018184777349233627,0.3740081787109375,0.1618487387895584,4.215000152587891
1641,2205.513520929031,0.015111859887838364,0.373626708984375,0.1426810473203659,3.518181562423706
1642,2206.3570938501507,0.019088830798864365,0.3732452392578125,0.1552772969007492,3.8879997730255127
1643,2208.4847471816465,0.018005119636654854,0.37286376953125,0.15880078077316284,4.773684024810791
1644,2209.9051394369453,0.018412787467241287,0.3724822998046875,0.15239785611629486,4.231818199157715
1645,2212.098495156504,0.018734067678451538,0.372100830078125,0.1622980237007141,4.047368049621582
1646,2213.904039384797,0.015097889117896557,0.3717193603515625,0.1598650962114334,4.2347822189331055
1647,2215.613421387039,0.01613174006342888,0.371337890625,0.16720323264598846,4.506250381469727
1648,2216.940720614977,0.015610979869961739,0.3709564208984375,0.16032786667346954,4.330434799194336
1649,2217.8384332405403,0.01655726693570614,0.370574951171875,0.14744186401367188,4.038461685180664
1650,2218.7076004473493,0.0169084332883358,0.3701934814453125,0.15929053723812103,3.872727155685425
1651,2219.6196638680995,0.017703326418995857,0.36981201171875,0.152519091963768,4.119999885559082
1652,2220.7786742988974,0.016653090715408325,0.3694305419921875,0.16604730486869812,4.007407188415527
1653,2222.2831025579944,0.01637583039700985,0.369049072265625,0.16077739000320435,4.444999694824219
1654,2223.708701532334,0.01608213409781456,0.3686676025390625,0.16341879963874817,4.404999732971191
1655,2224.987722184509,0.017324034124612808,0.3682861328125,0.1568259596824646,4.11904764175415
1656,2226.7145317653194,0.017601702362298965,0.3679046630859375,0.16155089437961578,4.111999988555908
1657,2228.310983184725,0.01973595842719078,0.367523193359375,0.16623656451702118,4.583333492279053
1658,2230.629331121221,0.01660822331905365,0.3671417236328125,0.15422140061855316,4.372726917266846
1659,2232.1592488624156,0.01611470803618431,0.36676025390625,0.15721648931503296,4.273684024810791
1660,2234.431151720695,0.01698002591729164,0.3663787841796875,0.1611328125,4.09999942779541
1661,2235.771270208992,0.015414971858263016,0.365997314453125,0.14686566591262817,3.7703704833984375
1662,2236.840013812296,0.016198234632611275,0.3656158447265625,0.16386234760284424,4.315789699554443
1663,2239.8491956042126,0.016620924696326256,0.365234375,0.1471283882856369,3.86956524848938
1664,2240.822689808905,0.01730724424123764,0.3648529052734375,0.15444840490818024,4.295238018035889
1665,2241.752784469165,0.01603223942220211,0.364471435546875,0.16883116960525513,4.738889217376709
1666,2243.5469055389985,0.020262086763978004,0.3640899658203125,0.16024307906627655,3.9954543113708496
1667,2244.4649249836802,0.017926227301359177,0.36370849609375,0.1640973538160324,4.900000095367432
1668,2245.329519951716,0.018419280648231506,0.3633270263671875,0.1679999977350235,4.34375
1669,2246.208610540256,0.01712835766375065,0.362945556640625,0.16491226851940155,4.360000133514404
1670,2247.4228660976514,0.016675030812621117,0.3625640869140625,0.1542533040046692,4.157894611358643
1671,2248.388159786351,0.01592780463397503,0.3621826171875,0.15171340107917786,3.9136362075805664
1672,2249.2579614473507,0.01777653396129608,0.3618011474609375,0.16196215152740479,4.265216827392578
1673,2250.1429588664323,0.019872233271598816,0.361419677734375,0.15812501311302185,4.133333206176758
1674,2251.2617105832323,0.018877211958169937,0.3610382080078125,0.16876091063022614,4.599999904632568
1675,2253.619994861074,0.018422387540340424,0.36065673828125,0.1563088446855545,4.372726917266846
1676,2255.2351358560845,0.014025037176907063,0.3602752685546875,0.15799318253993988,4.036842346191406
1677,2256.234768345952,0.01897476240992546,0.359893798828125,0.14897611737251282,3.971428632736206
1678,2257.789967888966,0.018660670146346092,0.3595123291015625,0.16003112494945526,4.0916666984558105
1679,2258.8703706087545,0.019778752699494362,0.359130859375,0.1515650749206543,4.166666507720947
1680,2259.904079942964,0.014200015924870968,0.3587493896484375,0.15322811901569366,3.8206894397735596
1681,2261.6245544897392,0.01786484383046627,0.358367919921875,0.1522621065378189,3.7407407760620117
1682,2263.231441966258,0.016910571604967117,0.3579864501953125,0.16611722111701965,4.434999942779541
1683,2264.9127855515108,0.01757258176803589,0.35760498046875,0.15342679619789124,4.05384635925293
1684,2265.807551525533,0.019981957972049713,0.3572235107421875,0.16003650426864624,4.057143211364746
1685,2266.7939804047346,0.01830308884382248,0.356842041015625,0.15082266926765442,4.199999809265137
1686,2268.3659803671762,0.01870020106434822,0.3564605712890625,0.14172989130020142,3.450000047683716
1687,2270.213720364496,0.017904767766594887,0.3560791015625,0.15482866764068604,4.011538505554199
1688,2271.0769880516455,0.01932276412844658,0.3556976318359375,0.14659912884235382,3.7406249046325684
1689,2272.2822079742327,0.014430657029151917,0.355316162109375,0.16205787658691406,4.063636302947998
1690,2273.1529138199985,0.01628856733441353,0.3549346923828125,0.1443965584039688,3.8111112117767334
1691,2274.3245797287673,0.01661073789000511,0.35455322265625,0.14940375089645386,3.730769157409668
1692,2276.434274500236,0.015160717070102692,0.3541717529296875,0.16336995363235474,4.490000247955322
1693,2278.0765580367297,0.020147928968071938,0.353790283203125,0.15304486453533173,4.349999904632568
1694,2278.947853761725,0.0156510379165411,0.3534088134765625,0.15081967413425446,3.556410074234009
1695,2279.97852141317,0.017476821318268776,0.35302734375,0.15620435774326324,4.287499904632568
1696,2281.942690967582,0.01568557322025299,0.3526458740234375,0.15954694151878357,4.233333110809326
1697,2282.9885007757694,0.018993118777871132,0.352264404296875,0.1560271680355072,4.055999755859375
1698,2284.682718705386,0.014492830261588097,0.3518829345703125,0.16433961689472198,4.40625
1699,2286.4426214024425,0.019329186528921127,0.35150146484375,0.1579737365245819,4.080952167510986
1700,2289.455491371453,0.01655859686434269,0.3511199951171875,0.1423780471086502,3.7680001258850098
1701,2291.4051926359534,0.017572106793522835,0.350738525390625,0.15072230994701385,3.9846153259277344
1702,2293.4979517422616,0.01445524301379919,0.3503570556640625,0.15899160504341125,4.037499904632568
1703,2295.249885542318,0.015486321412026882,0.3499755859375,0.15096153318881989,4.059999942779541
1704,2297.2902805143967,0.016354437917470932,0.3495941162109375,0.16086141765117645,3.805555582046509
1705,2298.662143702619,0.016614897176623344,0.349212646484375,0.15858210623264313,5.1875
1706,2299.568269683048,0.017395222559571266,0.3488311767578125,0.15034128725528717,3.8499999046325684
1707,2300.485418065451,0.014713983982801437,0.34844970703125,0.14710742235183716,3.5119998455047607
1708,2301.99036849197,0.016084641218185425,0.3480682373046875,0.15102040767669678,4.145454406738281
1709,2303.4442595094442,0.014103710651397705,0.347686767578125,0.15616941452026367,4.016000270843506
1710,2304.322778920643,0.016584234312176704,0.3473052978515625,0.15444444119930267,3.9760003089904785
1711,2305.3010345185176,0.01652996614575386,0.346923828125,0.15874016284942627,4.204000473022461
1712,2306.1415130924433,0.01781260408461094,0.3465423583984375,0.1576298624277115,4.038461685180664
1713,2307.57541381754,0.01498483493924141,0.346160888671875,0.16433963179588318,4.464285850524902
1714,2309.3126131342724,0.016489321365952492,0.3457794189453125,0.15430894494056702,4.195652484893799
1715,2310.218560125679,0.014707072637975216,0.34539794921875,0.15824508666992188,3.9148147106170654
1716,2311.124104944989,0.016883330419659615,0.3450164794921875,0.15133777260780334,4.128571510314941
1717,2313.958050949499,0.016353318467736244,0.344635009765625,0.15730519592761993,4.007407188415527
1718,2315.2871713805944,0.016188429668545723,0.3442535400390625,0.15875795483589172,4.052000045776367
1719,2316.179194544442,0.01712776906788349,0.3438720703125,0.15369369089603424,4.029999732971191
1720,2317.0712817991152,0.01803741231560707,0.3434906005859375,0.15422075986862183,4.1181817054748535
1721,2319.088794630952,0.01607901230454445,0.343109130859375,0.1531347930431366,3.9038455486297607
1722,2320.398612045683,0.016378246247768402,0.3427276611328125,0.15774647891521454,3.995833396911621
1723,2321.3141134474427,0.015581930987536907,0.34234619140625,0.16003897786140442,4.899999618530273
1724,2322.839644103311,0.016834424808621407,0.3419647216796875,0.15440493822097778,3.7814815044403076
1725,2323.9514950839803,0.01607450284063816,0.341583251953125,0.1557750701904297,3.9434783458709717
1726,2325.5233458541334,0.02118510939180851,0.3412017822265625,0.15445543825626373,3.7280001640319824
1727,2326.8113475851715,0.014917777851223946,0.3408203125,0.16761267185211182,4.622726917266846
1728,2328.3609566399828,0.016101226210594177,0.3404388427734375,0.1546204537153244,3.9708330631256104
1729,2329.245434407145,0.018642446026206017,0.340057373046875,0.16931606829166412,4.647825717926025
1730,2330.156678753905,0.01674625091254711,0.3396759033203125,0.14446254074573517,3.8919997215270996
1731,2331.3600088991225,0.015963256359100342,0.33929443359375,0.15638628602027893,3.788888692855835
1732,2332.48139804136,0.01549529004842043,0.3389129638671875,0.1663685142993927,4.408695697784424
1733,2333.352276643738,0.01570042036473751,0.338531494140625,0.16858167946338654,4.469564914703369
1734,2334.257459637709,0.019659407436847687,0.3381500244140625,0.16323530673980713,4.625
1735,2335.31275249552,0.018854543566703796,0.3377685546875,0.15573769807815552,4.2049994468688965
1736,2336.1609048508108,0.01699075661599636,0.3373870849609375,0.16153846681118011,4.1875
1737,2337.1003291271627,0.017119664698839188,0.337005615234375,0.15683691203594208,4.1875
1738,2338.459132326767,0.016644123941659927,0.3366241455078125,0.1607210636138916,4.0333333015441895
1739,2339.9855436813086,0.017475690692663193,0.33624267578125,0.14571866393089294,3.9599997997283936
1740,2340.878054077737,0.01777859404683113,0.3358612060546875,0.15726643800735474,4.212499618530273
1741,2341.9528930559754,0.015009509399533272,0.335479736328125,0.16005873680114746,3.883333206176758
1742,2342.968813961372,0.018430011346936226,0.3350982666015625,0.1540861874818802,3.7833333015441895
1743,2344.3910149931908,0.019442826509475708,0.334716796875,0.16247466206550598,4.694118022918701
1744,2345.32512338832,0.015524636954069138,0.3343353271484375,0.1575121134519577,3.9192304611206055
1745,2346.1783217219636,0.016781210899353027,0.333953857421875,0.1667363941669464,4.992307662963867
1746,2347.729651988484,0.015117649920284748,0.3335723876953125,0.15618480741977692,4.044444561004639
1747,2349.374160037376,0.01857920177280903,0.33319091796875,0.14374999701976776,3.843477964401245
1748,2350.2615927122533,0.018451673910021782,0.3328094482421875,0.16410255432128906,4.223809242248535
1749,2351.625599999912,0.01694183051586151,0.332427978515625,0.1578446924686432,4.144000053405762
1750,2353.724123043008,0.019119981676340103,0.3320465087890625,0.16047243773937225,3.948148488998413
1751,2354.6323626274243,0.015842339023947716,0.3316650390625,0.15311004221439362,4.055999755859375
1752,2355.5468933312222,0.015596126206219196,0.3312835693359375,0.1452859491109848,3.7083332538604736
1753,2356.408102955669,0.018891271203756332,0.330902099609375,0.16178107261657715,4.258823394775391
1754,2357.303118865937,0.017113562673330307,0.3305206298828125,0.1568695604801178,4.300000190734863
1755,2358.17884449102,0.014480401761829853,0.33013916015625,0.1646076738834381,4.1954545974731445
1756,2359.84488947317,0.01722085103392601,0.3297576904296875,0.16747474670410156,4.730000019073486
1757,2360.6714684059843,0.021148130297660828,0.329376220703125,0.16290630400180817,4.033333778381348
1758,2361.557561673224,0.014859738759696484,0.3289947509765625,0.1512647569179535,4.461904048919678
1759,2363.1322250152007,0.016202690079808235,0.32861328125,0.1495639681816101,3.6785714626312256
1760,2364.0267621194944,0.018449019640684128,0.3282318115234375,0.15828679502010345,4.161905288696289
1761,2364.9015731522813,0.016510551795363426,0.327850341796875,0.16331057250499725,4.509090900421143
1762,2365.780700721778,0.014986151829361916,0.3274688720703125,0.15466448664665222,3.9499998092651367
1763,2366.739329853095,0.01693437248468399,0.32708740234375,0.15842296183109283,4.200000286102295
1764,2367.8214597264305,0.015956979244947433,0.3267059326171875,0.15609349310398102,4.083333492279053
1765,2368.877210260369,0.01919270120561123,0.326324462890625,0.15626133978366852,4.061110496520996
1766,2370.749884946272,0.01787904091179371,0.3259429931640625,0.16280275583267212,4.450000286102295
1767,2371.9257429242134,0.016047703102231026,0.3255615234375,0.15896226465702057,4.166666507720947
1768,2374.306693795137,0.017216863110661507,0.3251800537109375,0.16141414642333984,4.3086957931518555
1769,2375.2605531299487,0.01753854565322399,0.324798583984375,0.1561240255832672,3.9692306518554688
1770,2376.5283992057666,0.016850154846906662,0.3244171142578125,0.15000000596046448,3.7649998664855957
1771,2377.799257097766,0.017749661579728127,0.32403564453125,0.14777183532714844,4.6736836433410645
1772,2379.2495120083913,0.01810252107679844,0.3236541748046875,0.15822148323059082,3.9679999351501465
1773,2381.0938363736495,0.01704278588294983,0.323272705078125,0.15181517601013184,3.8879997730255127
1774,2382.921946939081,0.016387084499001503,0.3228912353515625,0.16453780233860016,4.204545497894287
1775,2384.2352587711066,0.01751859113574028,0.322509765625,0.1520867943763733,4.029167175292969
1776,2385.967810424976,0.01802302710711956,0.3221282958984375,0.1678057461977005,4.449999809265137
1777,2386.839148517698,0.015973137691617012,0.321746826171875,0.16237784922122955,4.2920002937316895
1778,2388.8779131229967,0.015475347638130188,0.3213653564453125,0.16276423633098602,4.156521797180176
1779,2390.4029205376282,0.014650248922407627,0.32098388671875,0.15302781760692596,4.235000133514404
1780,2391.4778099199757,0.015353542752563953,0.3206024169921875,0.15728813409805298,3.980769634246826
1781,2392.3662572661415,0.01738162711262703,0.320220947265625,0.1605999916791916,4.394444465637207
1782,2394.0359221072868,0.01676681824028492,0.3198394775390625,0.15776613354682922,4.2190470695495605
1783,2396.1785490019247,0.013679568655788898,0.3194580078125,0.16045750677585602,4.144999980926514
1784,2398.153845401481,0.01679973676800728,0.3190765380859375,0.15805861353874207,4.310000419616699
1785,2399.782447600737,0.015358631499111652,0.318695068359375,0.16447876393795013,4.433333396911621
1786,2400.670522720553,0.01716027222573757,0.3183135986328125,0.14795222878456116,3.9590909481048584
1787,2402.7696372326463,0.013798483647406101,0.31793212890625,0.15606838464736938,4.116666793823242
1788,2403.8067044327036,0.01826011762022972,0.3175506591796875,0.162038654088974,4.261904716491699
1789,2405.143153029494,0.01607980579137802,0.317169189453125,0.158780038356781,4.4380950927734375
1790,2406.318269775249,0.016929510980844498,0.3167877197265625,0.15787728130817413,3.963158130645752
1791,2408.607412919402,0.015562350861728191,0.31640625,0.1456293761730194,4.087500095367432
1792,2410.9959694342688,0.015575092285871506,0.3160247802734375,0.17015808820724487,4.561110973358154
1793,2412.1976134935394,0.016505645588040352,0.315643310546875,0.15403951704502106,4.490476131439209
1794,2413.7821771102026,0.016335027292370796,0.3152618408203125,0.14840254187583923,3.665217638015747
1795,2415.2121663205326,0.014967919327318668,0.31488037109375,0.1581239551305771,4.059999942779541
1796,2416.232938225381,0.017225107178092003,0.3144989013671875,0.15575221180915833,4.095000267028809
1797,2417.133717868477,0.015401080250740051,0.314117431640625,0.16260161995887756,4.539999961853027
1798,2418.061775154434,0.015579860657453537,0.3137359619140625,0.15852372348308563,4.3545451164245605
1799,2418.969937985763,0.015011739917099476,0.3133544921875,0.15958188474178314,4.047999382019043
1800,2419.971918186173,0.016871659085154533,0.3129730224609375,0.14667673408985138,3.8923075199127197
1801,2421.0268685491756,0.018170293420553207,0.312591552734375,0.16148759424686432,4.2079997062683105
1802,2422.130825638771,0.01702987402677536,0.3122100830078125,0.16465362906455994,4.112499713897705
1803,2423.0188769036904,0.01549831498414278,0.31182861328125,0.17076922953128815,4.599999904632568
1804,2424.134050093591,0.016011599451303482,0.3114471435546875,0.1478693187236786,4.0
1805,2425.6699122656137,0.018827583640813828,0.311065673828125,0.15602007508277893,3.8038458824157715
1806,2427.367557341233,0.014602293260395527,0.3106842041015625,0.15586690604686737,4.410526275634766
1807,2428.8974541891366,0.019940324127674103,0.310302734375,0.14821429550647736,3.8000001907348633
1808,2429.789066151716,0.017081281170248985,0.3099212646484375,0.16274863481521606,4.310525894165039
1809,2431.35767118074,0.015116526745259762,0.309539794921875,0.15652866661548615,4.003846168518066
1810,2432.4165386576205,0.017396211624145508,0.3091583251953125,0.15714284777641296,4.395238399505615
1811,2433.442613068968,0.015625417232513428,0.30877685546875,0.16237622499465942,3.8888888359069824
1812,2435.3874146789312,0.01941826194524765,0.3083953857421875,0.15215827524662018,4.213043689727783
1813,2436.5692713567987,0.01818796619772911,0.308013916015625,0.1599999964237213,4.400000095367432
1814,2437.841668904759,0.016807854175567627,0.3076324462890625,0.15589971840381622,3.8892858028411865
1815,2439.539794228971,0.01724042370915413,0.3072509765625,0.16610737144947052,4.1043477058410645
1816,2440.9540287991986,0.01703258417546749,0.3068695068359375,0.16330935060977936,4.264999866485596
1817,2442.8150773094967,0.01704024150967598,0.306488037109375,0.16632302105426788,4.439129829406738
1818,2443.7126093683764,0.019430365413427353,0.3061065673828125,0.16604094207286835,4.670588493347168
1819,2445.5783142317086,0.01829213835299015,0.30572509765625,0.16028881072998047,4.104000091552734
1820,2446.51510895323,0.017276832833886147,0.3053436279296875,0.16108375787734985,4.329999923706055
1821,2448.069873289205,0.019609900191426277,0.304962158203125,0.15275080502033234,4.011538505554199
1822,2448.9394959174097,0.015587715432047844,0.3045806884765625,0.15738318860530853,4.057142734527588
1823,2450.02536131721,0.016268635168671608,0.30419921875,0.1638016551733017,4.247826099395752
1824,2451.664216191508,0.017955709248781204,0.3038177490234375,0.15623901784420013,4.336842060089111
1825,2452.5681501906365,0.014540002681314945,0.303436279296875,0.1552000194787979,4.0
1826,2453.4449751256034,0.014162421226501465,0.3030548095703125,0.1551971435546875,4.121738910675049
1827,2455.447639641352,0.01583711802959442,0.30267333984375,0.18286384642124176,4.778947353363037
1828,2456.865058689378,0.014894334599375725,0.3022918701171875,0.17460036277770996,4.71363639831543
1829,2458.6863183584064,0.01526155136525631,0.301910400390625,0.16135458648204803,4.853333473205566
1830,2460.5363213503733,0.015787845477461815,0.3015289306640625,0.1683918833732605,4.399999618530273
1831,2461.9859917992726,0.016779407858848572,0.3011474609375,0.15809524059295654,4.327272891998291
1832,2464.2471953453496,0.014886588789522648,0.3007659912109375,0.1613074243068695,4.5
1833,2466.1221472620964,0.01619112119078636,0.300384521484375,0.15299402177333832,3.9407405853271484
1834,2467.4093429455534,0.021165136247873306,0.3000030517578125,0.15485797822475433,3.8851850032806396
1835,2469.359720294364,0.0151384137570858,0.29962158203125,0.15766870975494385,3.8444442749023438
1836,2470.55984367989,0.016863416880369186,0.2992401123046875,0.1621568650007248,4.60588264465332
1837,2471.9555492429063,0.016419442370533943,0.298858642578125,0.14629323780536652,3.9900002479553223
1838,2472.8832311322913,0.014836757443845272,0.2984771728515625,0.15511181950569153,3.9624998569488525
1839,2474.325823762454,0.01682022027671337,0.298095703125,0.15510836243629456,3.8214285373687744
1840,2476.141946288757,0.01578407920897007,0.2977142333984375,0.17059962451457977,4.761110782623291
1841,2477.1679324135184,0.016690494492650032,0.297332763671875,0.1674215942621231,4.445833206176758
1842,2478.1169776655734,0.014504699967801571,0.2969512939453125,0.16548506915569305,4.849999904632568
1843,2479.00909468811,0.015577547252178192,0.29656982421875,0.15816326439380646,3.896428346633911
1844,2479.8946535857394,0.016921086236834526,0.2961883544921875,0.15942277014255524,4.399999618530273
1845,2480.9747593095526,0.015132970176637173,0.295806884765625,0.1620861142873764,4.123076915740967
1846,2482.5985447466373,0.01727304421365261,0.2954254150390625,0.15234656631946564,3.99047589302063
1847,2484.0724387867376,0.015605590306222439,0.2950439453125,0.16632655262947083,4.563157558441162
1848,2485.4532868415117,0.01677451655268669,0.2946624755859375,0.17216891050338745,4.636842250823975
1849,2486.5145853552967,0.017751546576619148,0.294281005859375,0.1609523743391037,4.404761791229248
1850,2487.4691064814106,0.019068030640482903,0.2938995361328125,0.1692759394645691,4.757894992828369
1851,2488.950689898804,0.017610864713788033,0.29351806640625,0.15153062343597412,4.116666316986084
1852,2489.846213033423,0.01767742820084095,0.2931365966796875,0.1658959537744522,4.0730767250061035
1853,2491.1579488059506,0.015485287643969059,0.292755126953125,0.15804067254066467,4.119999885559082
1854,2492.985954204574,0.016261214390397072,0.2923736572265625,0.16819854080677032,4.622726917266846
1855,2493.841408208944,0.016120828688144684,0.2919921875,0.16673347353935242,4.588888168334961
1856,2494.693666259758,0.017478125169873238,0.2916107177734375,0.16281834244728088,4.3047614097595215
1857,2497.204123692587,0.020063774660229683,0.291229248046875,0.16502462327480316,4.534999847412109
1858,2498.1996298329905,0.013906791806221008,0.2908477783203125,0.15609756112098694,4.0904765129089355
1859,2499.1414049919695,0.01714298129081726,0.29046630859375,0.1558348387479782,4.233333110809326
1860,2500.1836921889335,0.014883069321513176,0.2900848388671875,0.1571204960346222,4.0360002517700195
1861,2501.0256900815293,0.01660682074725628,0.289703369140625,0.1624521017074585,4.359090805053711
1862,2502.1081886980683,0.018395153805613518,0.2893218994140625,0.15090312063694,4.068420886993408
1863,2503.443169117905,0.017020510509610176,0.2889404296875,0.14616475999355316,3.614285707473755
1864,2505.1834905501455,0.017277302220463753,0.2885589599609375,0.164067804813385,4.133333206176758
1865,2506.97013456095,0.015378403477370739,0.288177490234375,0.1532905250787735,3.9826083183288574
1866,2508.350399912335,0.015806663781404495,0.2877960205078125,0.16395562887191772,4.552631378173828
1867,2509.5538673829287,0.016362661495804787,0.28741455078125,0.1608695685863495,4.185184955596924
1868,2511.0980448536575,0.01415296085178852,0.2870330810546875,0.1610526442527771,4.133333206176758
1869,2513.158986175433,0.01650068536400795,0.286651611328125,0.1468421071767807,4.034999847412109
1870,2514.07479716558,0.01539679616689682,0.2862701416015625,0.1541009396314621,4.107999801635742
1871,2514.9772705873474,0.014682646840810776,0.285888671875,0.15886737406253815,3.8428573608398438
1872,2517.8507170872763,0.016532866284251213,0.2855072021484375,0.16888490319252014,4.624999523162842
1873,2519.368045091629,0.015013991855084896,0.285125732421875,0.15377642214298248,3.855555534362793
1874,2520.8545584054664,0.018474675714969635,0.2847442626953125,0.14773869514465332,4.161904335021973
1875,2523.4246833361685,0.014414705336093903,0.28436279296875,0.15552367269992828,3.74814772605896
1876,2524.2970988564193,0.01411878876388073,0.2839813232421875,0.15566502511501312,4.018518447875977
1877,2525.7142192134634,0.013194226659834385,0.283599853515625,0.16342756152153015,4.265216827392578
1878,2526.739435586147,0.014477438293397427,0.2832183837890625,0.157469242811203,4.15238094329834
1879,2527.727380448021,0.016609014943242073,0.2828369140625,0.15697279572486877,4.057143211364746
1880,2529.432620404288,0.01790679432451725,0.2824554443359375,0.16860902309417725,4.558823108673096
1881,2530.978592296131,0.017769625410437584,0.282073974609375,0.16479402780532837,4.910525798797607
1882,2531.833065119572,0.013593870215117931,0.2816925048828125,0.158793106675148,4.13913106918335
1883,2533.2477631559595,0.015609397552907467,0.28131103515625,0.17602457106113434,4.559999942779541
1884,2534.073043101467,0.01661323755979538,0.2809295654296875,0.1588946431875229,4.27142858505249
1885,2534.9622464217246,0.01793011836707592,0.280548095703125,0.16388888657093048,4.191999912261963
1886,2536.3493718393147,0.017175287008285522,0.2801666259765625,0.15555556118488312,4.063636302947998
1887,2537.5731335477903,0.01478510070592165,0.27978515625,0.15049341320991516,4.016666889190674
1888,2538.616916168481,0.0137327890843153,0.2794036865234375,0.1565454602241516,4.25
1889,2539.758032455109,0.015784956514835358,0.279022216796875,0.1661202311515808,4.400000095367432
1890,2540.700630599633,0.017574304714798927,0.2786407470703125,0.1711110919713974,4.485713958740234
1891,2542.6685134945437,0.01599394530057907,0.27825927734375,0.16990654170513153,4.500000476837158
1892,2544.3662883602083,0.0148875517770648,0.2778778076171875,0.16679033637046814,4.599999904632568
1893,2545.8412339910865,0.016689468175172806,0.277496337890625,0.15510490536689758,3.931999921798706
1894,2547.1945175351575,0.0138403894379735,0.2771148681640625,0.15025551617145538,3.7208335399627686
1895,2548.377858525142,0.0149232754483819,0.2767333984375,0.16744638979434967,4.666666030883789
1896,2549.219291104935,0.015069497749209404,0.2763519287109375,0.16063348948955536,4.139999866485596
1897,2550.1437759092078,0.016659434884786606,0.275970458984375,0.1773737370967865,4.375
1898,2551.506511285901,0.0149586983025074,0.2755889892578125,0.16382575035095215,4.711111068725586
1899,2552.6244473131374,0.016542021185159683,0.27520751953125,0.1498447209596634,4.03636360168457
1900,2553.5922356136143,0.0181785449385643,0.2748260498046875,0.16140682995319366,4.217391014099121
1901,2554.5077663641423,0.01416744478046894,0.274444580078125,0.15796388685703278,4.099999904632568
1902,2556.228110311553,0.015361161902546883,0.2740631103515625,0.16126541793346405,4.167999744415283
1903,2557.0888359174132,0.01857185922563076,0.273681640625,0.1504504531621933,4.003703594207764
1904,2559.298702230677,0.01961577869951725,0.2733001708984375,0.16532567143440247,4.066666603088379
1905,2561.5325823714957,0.016099654138088226,0.272918701171875,0.17978723347187042,5.181249618530273
1906,2562.9168788418174,0.01726011373102665,0.2725372314453125,0.1706477552652359,4.633333206176758
1907,2563.9384940024465,0.014892621897161007,0.27215576171875,0.17983195185661316,5.0411763191223145
1908,2564.889962328598,0.01738997921347618,0.2717742919921875,0.1568840593099594,4.311110973358154
1909,2566.8657089816406,0.017143292352557182,0.271392822265625,0.1622670739889145,4.308333396911621
1910,2567.717416585423,0.01650335267186165,0.2710113525390625,0.15680672228336334,4.217391490936279
1911,2568.6017469754443,0.013740336522459984,0.2706298828125,0.15598087012767792,4.011538505554199
1912,2569.527062231675,0.016576001420617104,0.2702484130859375,0.15788529813289642,3.972727060317993
1913,2571.011032107286,0.014349834993481636,0.269866943359375,0.16803120076656342,4.789999961853027
1914,2572.6332504888996,0.01536685973405838,0.2694854736328125,0.1575000137090683,3.870370388031006
1915,2573.5143014984205,0.018467456102371216,0.26910400390625,0.15831701457500458,4.380000114440918
1916,2574.4746613856405,0.01458741445094347,0.2687225341796875,0.16140350699424744,4.306250095367432
1917,2576.2814718019217,0.014981269836425781,0.268341064453125,0.16192051768302917,4.259090900421143
1918,2577.1776038277894,0.014671269804239273,0.2679595947265625,0.16048526763916016,4.5409088134765625
1919,2578.0386025924236,0.017057260498404503,0.267578125,0.16882067918777466,4.2960004806518555
1920,2578.867510087788,0.016226867213845253,0.2671966552734375,0.16694490611553192,4.192592620849609
1921,2580.950405145064,0.014962073415517807,0.266815185546875,0.17789854109287262,4.836363792419434
1922,2582.572716583498,0.01226544938981533,0.2664337158203125,0.1635400801897049,4.204347610473633
1923,2584.8603847976774,0.01563248224556446,0.26605224609375,0.15195368230342865,3.8714282512664795
1924,2585.6981305433437,0.014583942480385303,0.2656707763671875,0.15394125878810883,3.8291664123535156
1925,2587.9455470424145,0.014394700527191162,0.265289306640625,0.1599033772945404,4.186363697052002
1926,2589.386024646461,0.01656082272529602,0.2649078369140625,0.15741626918315887,3.942307949066162
1927,2590.258987721987,0.015596210956573486,0.2645263671875,0.14882627129554749,4.056000232696533
1928,2591.1270679682493,0.012727940455079079,0.2641448974609375,0.16840079426765442,4.436842441558838
1929,2591.9956399453804,0.014729823917150497,0.263763427734375,0.15163204073905945,3.684615135192871
1930,2592.8736163508147,0.016093125566840172,0.2633819580078125,0.15876922011375427,4.174999713897705
1931,2594.4891791502014,0.014619899913668633,0.26300048828125,0.15984252095222473,4.199999809265137
1932,2596.325814639218,0.0148188890889287,0.2626190185546875,0.16039074957370758,4.359999656677246
1933,2597.240470853634,0.01540128979831934,0.262237548828125,0.1533026099205017,3.933333158493042
1934,2598.610219822265,0.017392657697200775,0.2618560791015625,0.1641891896724701,4.413043022155762
1935,2599.6581930536777,0.015690289437770844,0.261474609375,0.16660745441913605,4.44444465637207
1936,2600.547397127375,0.016191720962524414,0.2610931396484375,0.16266664862632751,4.144000053405762
1937,2601.414144217968,0.01670074090361595,0.260711669921875,0.154066264629364,4.211999893188477
1938,2603.8840372841805,0.015654584392905235,0.2603302001953125,0.15739549696445465,3.7250001430511475
1939,2605.5402253689244,0.01695362664759159,0.25994873046875,0.15535713732242584,4.269565105438232
1940,2607.205646375194,0.014517453499138355,0.2595672607421875,0.15295815467834473,3.944444417953491
1941,2608.2855743337423,0.016060953959822655,0.259185791015625,0.14920127391815186,3.892592430114746
1942,2609.196322893724,0.017190903425216675,0.2588043212890625,0.16232740879058838,4.513333797454834
1943,2610.7383070802316,0.019171226769685745,0.2584228515625,0.16578449308872223,4.3684210777282715
1944,2612.0908386623487,0.015398021787405014,0.2580413818359375,0.1630161702632904,4.343478202819824
1945,2613.1372356265783,0.013923803344368935,0.257659912109375,0.16468331217765808,4.568420886993408
1946,2614.2220002058893,0.017667045816779137,0.2572784423828125,0.16539129614830017,4.449999809265137
1947,2615.076165541075,0.014522839337587357,0.25689697265625,0.16296295821666718,4.261110782623291
1948,2616.9211531346664,0.0159198846668005,0.2565155029296875,0.1525936722755432,3.9407405853271484
1949,2617.7625598665327,0.014428948052227497,0.256134033203125,0.1613747775554657,4.119231224060059
1950,2618.8837114023045,0.017680682241916656,0.2557525634765625,0.15822148323059082,4.364999771118164
1951,2620.3895715335384,0.015203448012471199,0.25537109375,0.16453608870506287,4.199999809265137
1952,2622.307813445106,0.017294127494096756,0.2549896240234375,0.16661185026168823,4.304166316986084
1953,2623.469052195549,0.016324322670698166,0.254608154296875,0.16678966581821442,4.509090423583984
1954,2625.3729211268947,0.016208337619900703,0.2542266845703125,0.15256409347057343,4.072000026702881
1955,2626.825067778118,0.014669903554022312,0.25384521484375,0.17059960961341858,4.3299994468688965
1956,2628.022048230283,0.01593973860144615,0.2534637451171875,0.16024954617023468,4.919999122619629
1957,2629.9389713043347,0.01460293773561716,0.253082275390625,0.16339287161827087,4.285184860229492
1958,2631.1876703863963,0.01627766527235508,0.2527008056640625,0.16079135239124298,4.363157749176025
1959,2632.041245162487,0.016172155737876892,0.2523193359375,0.1594594568014145,4.105882167816162
1960,2633.8568387981504,0.015546200796961784,0.2519378662109375,0.15709459781646729,4.107142448425293
1961,2635.095812154934,0.0149086844176054,0.251556396484375,0.16339623928070068,4.3789472579956055
1962,2636.7470201849937,0.014714661054313183,0.2511749267578125,0.1718052625656128,4.7833333015441895
1963,2638.0066304896027,0.015009971335530281,0.25079345703125,0.15420562028884888,3.953845977783203
1964,2638.8986842427403,0.01559447217732668,0.2504119873046875,0.15472312271595,4.199999809265137
1965,2640.2374865245074,0.01666511408984661,0.250030517578125,0.16412076354026794,4.059091091156006
1966,2641.560428949073,0.014483102597296238,0.2496490478515625,0.16986817121505737,4.677778244018555
1967,2642.6948605347425,0.01661056838929653,0.249267578125,0.15719425678253174,4.552380561828613
1968,2644.4251589290798,0.01491192914545536,0.2488861083984375,0.1575389802455902,4.028571605682373
1969,2645.632209119387,0.0159214586019516,0.248504638671875,0.1524169147014618,3.8892855644226074
1970,2646.492867303081,0.01565428636968136,0.2481231689453125,0.16871166229248047,4.3470587730407715
1971,2648.815007536672,0.01606251299381256,0.24774169921875,0.16553784906864166,5.081250190734863
1972,2649.791525152512,0.017482005059719086,0.2473602294921875,0.16208897531032562,4.204545497894287
1973,2651.136935180053,0.014379991218447685,0.246978759765625,0.1668885201215744,4.449999809265137
1974,2652.298472257331,0.017249125987291336,0.2465972900390625,0.15818504989147186,4.25
1975,2653.8687333464622,0.017280351370573044,0.2462158203125,0.16284780204296112,4.257894992828369
1976,2655.4877813169733,0.01609395630657673,0.2458343505859375,0.14926829934120178,4.083333492279053
1977,2656.813741519116,0.0158386193215847,0.245452880859375,0.16886121034622192,4.199999809265137
1978,2658.2407943923026,0.01346944086253643,0.2450714111328125,0.15949612855911255,4.431818008422852
1979,2659.111450823024,0.016046857461333275,0.24468994140625,0.15804195404052734,4.204999923706055
1980,2660.1015171147883,0.013447022996842861,0.2443084716796875,0.15833333134651184,4.381249904632568
1981,2660.9955941634253,0.015904501080513,0.243927001953125,0.16164875030517578,4.063636302947998
1982,2662.2160066943616,0.0157236997038126,0.2435455322265625,0.18216557800769806,5.155555725097656
1983,2663.1309949681163,0.016264338046312332,0.2431640625,0.15594150125980377,4.523529529571533
1984,2663.994064525701,0.014335148967802525,0.2427825927734375,0.16129033267498016,4.386363506317139
1985,2666.0058271782473,0.01700724847614765,0.242401123046875,0.15034843981266022,3.7777771949768066
1986,2667.7404671479017,0.016504719853401184,0.2420196533203125,0.18108107149600983,5.1785712242126465
1987,2668.634645749815,0.015598791651427746,0.24163818359375,0.16209150850772858,4.3480000495910645
1988,2669.4691367177293,0.01861569844186306,0.2412567138671875,0.16238360106945038,4.188889503479004
1989,2671.3918266603723,0.014726969413459301,0.240875244140625,0.16076157987117767,4.380000114440918
1990,2672.256503573619,0.0138709656894207,0.2404937744140625,0.16748681664466858,4.312000274658203
1991,2673.147139412351,0.01537315919995308,0.2401123046875,0.17281192541122437,5.005262851715088
1992,2674.2335215965286,0.01606609672307968,0.2397308349609375,0.15803858637809753,3.9208335876464844
1993,2675.1614895081148,0.015438482165336609,0.239349365234375,0.15670731663703918,4.015384674072266
1994,2676.141905016266,0.017413686960935593,0.2389678955078125,0.15833333134651184,4.354545593261719
1995,2676.9889037394896,0.013768983073532581,0.23858642578125,0.15888001024723053,3.992307424545288
1996,2679.1295622447506,0.013692592270672321,0.2382049560546875,0.17421382665634155,4.805263519287109
1997,2680.0099584450945,0.016356702893972397,0.237823486328125,0.15364962816238403,4.005555629730225
1998,2680.90365185868,0.015509548597037792,0.2374420166015625,0.15831874310970306,4.133333206176758
1999,2682.911495967768,0.014918175525963306,0.237060546875,0.15016555786132812,4.214285850524902
2000,2684.6120300563052,0.01513881329447031,0.2366790771484375,0.15184049308300018,3.932000160217285
2001,2686.192109604366,0.014006716199219227,0.236297607421875,0.16049382090568542,4.141666889190674
2002,2687.090842613019,0.01509805303066969,0.2359161376953125,0.1483464390039444,3.83461594581604
2003,2688.085080829449,0.014664930291473866,0.23553466796875,0.16112053394317627,4.185713768005371
2004,2689.128866086714,0.01379238348454237,0.2351531982421875,0.17871485650539398,4.615789413452148
2005,2690.058851440437,0.0174460057169199,0.234771728515625,0.15906736254692078,4.4347825050354
2006,2691.7049756441265,0.016095362603664398,0.2343902587890625,0.1634768694639206,4.223999500274658
2007,2692.90714696981,0.015139354392886162,0.2340087890625,0.15918698906898499,3.882352828979492
2008,2693.7806100863963,0.015788733959197998,0.2336273193359375,0.1628289669752121,4.164000034332275
2009,2695.1983548859134,0.018504049628973007,0.233245849609375,0.15468749403953552,4.2079997062683105
2010,2696.3075152812526,0.016308914870023727,0.2328643798828125,0.16775362193584442,4.256521224975586
2011,2697.4148217532784,0.019120123237371445,0.23248291015625,0.1599634438753128,4.460869312286377
2012,2698.347428282723,0.01664619892835617,0.2321014404296875,0.16032257676124573,3.904761552810669
2013,2699.448191788979,0.017705459147691727,0.231719970703125,0.15739130973815918,4.230434894561768
2014,2700.890844285488,0.01528724655508995,0.2313385009765625,0.1617347002029419,4.185713768005371
2015,2702.238355574198,0.01586850918829441,0.23095703125,0.15936952829360962,4.133333206176758
2016,2705.475720331073,0.016101423650979996,0.2305755615234375,0.16493506729602814,4.489473342895508
2017,2707.6568445554003,0.01773747429251671,0.230194091796875,0.16116666793823242,4.099999904632568
2018,2708.5847143204883,0.02014114335179329,0.2298126220703125,0.14948804676532745,4.3954548835754395
2019,2709.4909627866,0.015385468490421772,0.22943115234375,0.16861701011657715,4.266666889190674
2020,2711.0308323716745,0.014350654557347298,0.2290496826171875,0.16294415295124054,4.123076438903809
2021,2711.8981402087957,0.013648075982928276,0.228668212890625,0.15776698291301727,4.372727394104004
2022,2712.8289582487196,0.01370216254144907,0.2282867431640625,0.15092307329177856,3.8333330154418945
2023,2714.8314354931936,0.015957631170749664,0.2279052734375,0.15015479922294617,4.065384387969971
2024,2716.657495679334,0.01585880108177662,0.2275238037109375,0.15042302012443542,3.9333336353302
2025,2717.6650351006538,0.017842112109065056,0.227142333984375,0.1551053673028946,4.077272891998291
2026,2719.0731841372326,0.01493585854768753,0.2267608642578125,0.16398242115974426,4.049999713897705
2027,2719.9608911275864,0.015423907898366451,0.22637939453125,0.1523141711950302,3.7413790225982666
2028,2720.9405960785225,0.016677072271704674,0.2259979248046875,0.15397973358631134,3.8107144832611084
2029,2722.5851789889857,0.01753781922161579,0.225616455078125,0.1640625,4.53636360168457
2030,2723.5207418501377,0.01631103828549385,0.2252349853515625,0.16504503786563873,4.433333396911621
2031,2725.0374981025234,0.01662612520158291,0.224853515625,0.15697278082370758,3.991999864578247
2032,2727.2298824489117,0.017274802550673485,0.2244720458984375,0.1766968071460724,4.994444370269775
2033,2728.100093357265,0.01410615909844637,0.224090576171875,0.15604901313781738,4.073077201843262
2034,2729.591208874248,0.015539253130555153,0.2237091064453125,0.16840389370918274,4.423529148101807
2035,2730.4809886896983,0.016930989921092987,0.22332763671875,0.16373831033706665,4.40000057220459
2036,2731.5598169872537,0.018681086599826813,0.2229461669921875,0.16931217908859253,4.0879998207092285
2037,2732.4456696249545,0.016912413761019707,0.222564697265625,0.16206322610378265,4.483333110809326
2038,2733.53034985438,0.014154491014778614,0.2221832275390625,0.15555556118488312,4.107999801635742
2039,2734.5581289110705,0.01604197360575199,0.2218017578125,0.1566610485315323,3.8999998569488525
2040,2736.1225652331486,0.016831332817673683,0.2214202880859375,0.16809816658496857,4.610526084899902
2041,2737.0028001423925,0.01515230629593134,0.221038818359375,0.17610616981983185,5.1800007820129395
2042,2738.125889465213,0.018697060644626617,0.2206573486328125,0.179647758603096,5.138888835906982
2043,2740.0302402563393,0.018596244975924492,0.22027587890625,0.16342592239379883,3.8999998569488525
2044,2741.692920637317,0.016334298998117447,0.2198944091796875,0.15335413813591003,4.271999359130859
2045,2743.541927916929,0.01636393368244171,0.219512939453125,0.15772496163845062,4.1519999504089355
2046,2745.02224608697,0.018671920523047447,0.2191314697265625,0.16047793626785278,4.259999752044678
2047,2745.979699552059,0.014264454133808613,0.21875,0.16144578158855438,4.045454025268555
2048,2746.863906454295,0.01569337584078312,0.2183685302734375,0.16243654489517212,4.742856979370117
2049,2748.409835138358,0.014883243478834629,0.217987060546875,0.16020408272743225,3.812499761581421
2050,2750.0296984482557,0.015935255214571953,0.2176055908203125,0.17243461310863495,4.923529624938965
2051,2751.112453421578,0.015534031204879284,0.21722412109375,0.16061121225357056,4.308332920074463
2052,2752.1998435724527,0.018748866394162178,0.2168426513671875,0.16365385055541992,4.452381134033203
2053,2753.5946119902655,0.015678923577070236,0.216461181640625,0.1572379320859909,4.291666507720947
2054,2754.58866496291,0.01661291904747486,0.2160797119140625,0.1554577499628067,3.6857142448425293
2055,2756.423767561093,0.013466911390423775,0.2156982421875,0.16112056374549866,4.654999732971191
2056,2757.710911076516,0.019116107374429703,0.2153167724609375,0.16377079486846924,4.300000190734863
2057,2759.5304840169847,0.014954411424696445,0.214935302734375,0.17093691229820251,4.421739101409912
2058,2761.0992036685348,0.016728905960917473,0.2145538330078125,0.16573913395404816,4.423809051513672
2059,2762.2520179804415,0.018651185557246208,0.21417236328125,0.17132076621055603,4.699999809265137
2060,2764.334652860649,0.016523290425539017,0.2137908935546875,0.15741029381752014,4.096296310424805
2061,2765.24082977511,0.017932504415512085,0.213409423828125,0.16138148307800293,4.154999732971191
2062,2766.1113851452246,0.0141165591776371,0.2130279541015625,0.14724771678447723,3.942856550216675
2063,2767.5530262850225,0.015904797241091728,0.212646484375,0.16448447108268738,4.2272725105285645
2064,2768.9938774481416,0.0176638662815094,0.2122650146484375,0.16356073319911957,4.28000020980835
2065,2769.8529633693397,0.016742441803216934,0.211883544921875,0.17563024163246155,4.717647075653076
2066,2770.764104535803,0.014394139871001244,0.2115020751953125,0.1566137671470642,4.335000038146973
2067,2771.96576529555,0.014743022620677948,0.21112060546875,0.16460676491260529,4.2190470695495605
2068,2772.8801037557423,0.01736847683787346,0.2107391357421875,0.16118882596492767,4.319999694824219
2069,2773.6890442296863,0.014436893165111542,0.210357666015625,0.17312613129615784,4.75238037109375
2070,2775.106438291259,0.017472531646490097,0.2099761962890625,0.1684410572052002,4.40500020980835
2071,2776.222748070024,0.015986228361725807,0.2095947265625,0.1556818038225174,4.127999782562256
2072,2777.3855811059475,0.015620192512869835,0.2092132568359375,0.16482888162136078,4.690476417541504
2073,2778.7151197837666,0.015243856236338615,0.208831787109375,0.161809042096138,4.126316070556641
2074,2780.337036599405,0.014158491045236588,0.2084503173828125,0.15806451439857483,4.224999904632568
2075,2782.5470693102106,0.01558762602508068,0.20806884765625,0.16380788385868073,4.013043403625488
2076,2783.440725681372,0.015397679060697556,0.2076873779296875,0.17576852440834045,4.863636493682861
2077,2784.542482073419,0.01638207398355007,0.207305908203125,0.16387958824634552,4.361905097961426
2078,2786.1592272920534,0.01541636511683464,0.2069244384765625,0.16114754974842072,3.926086664199829
2079,2787.059317917563,0.014937913976609707,0.20654296875,0.15437787771224976,4.199999809265137
2080,2789.002496384084,0.016752181574702263,0.2061614990234375,0.16379018127918243,4.314285755157471
2081,2790.43123430945,0.014111547730863094,0.205780029296875,0.166843980550766,4.196000576019287
2082,2791.353106766008,0.014282171614468098,0.2053985595703125,0.16573770344257355,4.452380180358887
2083,2793.4373909328133,0.016596132889389992,0.20501708984375,0.16484516859054565,4.671428680419922
2084,2794.805371657945,0.016264552250504494,0.2046356201171875,0.17921847105026245,4.409090995788574
2085,2795.8712031506,0.013811882585287094,0.204254150390625,0.16556017100811005,4.96875
2086,2796.7094249930233,0.012802339158952236,0.2038726806640625,0.16294416785240173,4.216000080108643
2087,2798.3061497202143,0.014536743983626366,0.2034912109375,0.16707316040992737,4.57619047164917
2088,2799.460642417893,0.016137558966875076,0.2031097412109375,0.15728813409805298,3.8045456409454346
2089,2801.485104372725,0.01525124628096819,0.202728271484375,0.16237622499465942,4.471428394317627
2090,2802.5442224517465,0.015721581876277924,0.2023468017578125,0.16152414679527283,4.324999809265137
2091,2804.314903497696,0.01444708276540041,0.20196533203125,0.16859813034534454,4.690475940704346
2092,2806.278626335785,0.015202103182673454,0.2015838623046875,0.16430921852588654,4.2791666984558105
2093,2807.8377849189565,0.015295345336198807,0.201202392578125,0.16085468232631683,4.195999622344971
2094,2808.7302074264735,0.014381252229213715,0.2008209228515625,0.17508038878440857,4.415999889373779
2095,2810.5683429045603,0.014469757676124573,0.200439453125,0.16917148232460022,4.909090518951416
2096,2811.8809414329007,0.013720294460654259,0.2000579833984375,0.15226860344409943,4.380000114440918
2097,2813.450016150251,0.014828522689640522,0.199676513671875,0.1674342155456543,4.164000034332275
2098,2814.306332328357,0.0176091231405735,0.1992950439453125,0.16916994750499725,4.785714149475098
2099,2815.1790070775896,0.01819995790719986,0.19891357421875,0.16521738469600677,4.173912525177002
2100,2816.7792613003403,0.01314910314977169,0.1985321044921875,0.16221122443675995,4.49545431137085
2101,2818.0573736205697,0.013919029384851456,0.198150634765625,0.150438591837883,3.6607143878936768
2102,2818.9374874709174,0.016229702159762383,0.1977691650390625,0.1671544760465622,4.408332824707031
2103,2820.6261065155268,0.014549637213349342,0.1973876953125,0.16243980824947357,4.299999713897705
2104,2821.5347377005965,0.017016470432281494,0.1970062255859375,0.16229204833507538,4.056521892547607
2105,2822.42950269673,0.01577640138566494,0.196624755859375,0.1727440059185028,5.026315689086914
2106,2823.3361832266673,0.01398157887160778,0.1962432861328125,0.15795455873012543,3.9827585220336914
2107,2824.377562290989,0.013208907097578049,0.19586181640625,0.16876006126403809,4.4120001792907715
2108,2826.386115869507,0.01600225642323494,0.1954803466796875,0.16308492422103882,4.047825813293457
2109,2827.2992987176403,0.01344391517341137,0.195098876953125,0.17048542201519012,4.666666507720947
2110,2828.6807435322553,0.014250081032514572,0.1947174072265625,0.16752293705940247,4.380000114440918
2111,2830.5224934211,0.018070489168167114,0.1943359375,0.15618892014026642,4.2833333015441895
2112,2832.402740300633,0.01654846966266632,0.1939544677734375,0.15166112780570984,3.9760003089904785
2113,2833.4754468444735,0.01476143579930067,0.193572998046875,0.16134870052337646,4.15238094329834
2114,2834.5940041979775,0.014986463822424412,0.1931915283203125,0.1749056577682495,4.761904716491699
2115,2835.434587401338,0.01459206361323595,0.19281005859375,0.1560821533203125,3.974074125289917
2116,2836.3104146122932,0.014344839379191399,0.1924285888671875,0.18888889253139496,4.98421049118042
2117,2837.844162614085,0.018390202894806862,0.192047119140625,0.1538211554288864,4.200000286102295
2118,2840.0398158673197,0.015046847052872181,0.1916656494140625,0.16838234663009644,4.618749618530273
2119,2841.5929190041497,0.014277209527790546,0.1912841796875,0.17543520033359528,5.000000476837158
2120,2843.051646786742,0.013261960819363594,0.1909027099609375,0.15851064026355743,4.115384578704834
2121,2843.974606459029,0.016419054940342903,0.190521240234375,0.16153845191001892,4.068000316619873
2122,2845.3713714862242,0.014423882588744164,0.1901397705078125,0.1562841534614563,4.342105388641357
2123,2846.603474459611,0.018018115311861038,0.18975830078125,0.15638473629951477,4.127999782562256
2124,2848.5040593575686,0.01563730649650097,0.1893768310546875,0.15578584372997284,4.299999713897705
2125,2849.8367008771747,0.01577335223555565,0.188995361328125,0.16187399625778198,4.177273273468018
2126,2850.740420313552,0.01435947883874178,0.1886138916015625,0.14999999105930328,3.76296329498291
2127,2852.089900690131,0.014223495498299599,0.188232421875,0.1599999964237213,4.0789475440979
2128,2853.202451360412,0.013586624525487423,0.1878509521484375,0.16872790455818176,4.251999855041504
2129,2854.258401964791,0.015583401545882225,0.187469482421875,0.16222596168518066,4.531818389892578
2130,2855.5837025186047,0.013954179361462593,0.1870880126953125,0.1667259782552719,4.416666507720947
2131,2856.463010381907,0.013104956597089767,0.18670654296875,0.16807430982589722,4.223809242248535
2132,2858.2165533630177,0.012919003143906593,0.1863250732421875,0.14835821092128754,4.003703594207764
2133,2859.9664731593803,0.015033315867185593,0.185943603515625,0.15569043159484863,3.862499952316284
2134,2860.8879939066246,0.017064819112420082,0.1855621337890625,0.1708928495645523,4.0545454025268555
2135,2862.441779683344,0.01678314432501793,0.1851806640625,0.16389891505241394,4.780952453613281
2136,2863.8879708060995,0.015520596876740456,0.1847991943359375,0.15292035043239594,3.9347825050354004
2137,2866.3300341293216,0.016922174021601677,0.184417724609375,0.1666080802679062,4.628571510314941
2138,2868.0587047543377,0.015376171097159386,0.1840362548828125,0.17462122440338135,4.460000038146973
2139,2869.753090104088,0.015668539330363274,0.18365478515625,0.16842104494571686,4.461904525756836
2140,2871.940323881805,0.015553844161331654,0.1832733154296875,0.17397540807724,4.941176414489746
2141,2873.186972678639,0.013198173604905605,0.182891845703125,0.17583775520324707,4.686956405639648
2142,2874.057995919138,0.013968506827950478,0.1825103759765625,0.15181642770767212,4.0444440841674805
2143,2875.4537196140736,0.015779195353388786,0.18212890625,0.164094477891922,4.415384292602539
2144,2876.3764375187457,0.015813199803233147,0.1817474365234375,0.15580357611179352,4.037036895751953
2145,2878.091377755627,0.013390196487307549,0.181365966796875,0.16972318291664124,4.399999618530273
2146,2879.80277146399,0.014471922069787979,0.1809844970703125,0.16688525676727295,4.103846073150635
2147,2881.590344826691,0.01613001525402069,0.18060302734375,0.16425926983356476,4.449999809265137
2148,2883.103511640802,0.01595640555024147,0.1802215576171875,0.15255197882652283,4.211764812469482
2149,2884.214704366401,0.016078554093837738,0.179840087890625,0.15315614640712738,4.113043308258057
2150,2885.7647632835433,0.015235747210681438,0.1794586181640625,0.1705782413482666,4.377272605895996
2151,2887.50158091262,0.01448520552366972,0.1790771484375,0.1663602888584137,4.557894706726074
2152,2888.848460151814,0.018458016216754913,0.1786956787109375,0.16839079558849335,4.65238094329834
2153,2889.9809496300295,0.013399781659245491,0.178314208984375,0.17065636813640594,4.527272701263428
2154,2891.1346226660535,0.01531414408236742,0.1779327392578125,0.16411960124969482,4.333333492279053
2155,2892.137909871526,0.017362229526042938,0.17755126953125,0.15460218489170074,4.123076915740967
2156,2893.311423911713,0.0190828125923872,0.1771697998046875,0.15825603902339935,4.079166889190674
2157,2894.762522961013,0.015670809894800186,0.176788330078125,0.1609523892402649,4.171999931335449
2158,2896.342345107347,0.01720644161105156,0.1764068603515625,0.16012558341026306,4.026923179626465
2159,2897.873320224695,0.017595890909433365,0.176025390625,0.16679388284683228,4.838888645172119
2160,2899.7105525657535,0.014836394228041172,0.1756439208984375,0.16704121232032776,4.099999904632568
2161,2901.152789538726,0.014548863284289837,0.175262451171875,0.1706390380859375,4.714285850524902
2162,2902.788803888485,0.017239844426512718,0.1748809814453125,0.15221238136291504,4.1307692527771
2163,2903.6736119911075,0.013954924419522285,0.17449951171875,0.16898396611213684,4.0730767250061035
2164,2905.1452829502523,0.016315234825015068,0.1741180419921875,0.15430578589439392,4.354545593261719
2165,2906.6540805073455,0.015195485204458237,0.173736572265625,0.1665620058774948,4.195652008056641
2166,2907.734668293968,0.015606720000505447,0.1733551025390625,0.17879925668239594,4.699999809265137
2167,2908.9002617672086,0.015103091485798359,0.1729736328125,0.16642726957798004,4.489473342895508
2168,2909.7721927231178,0.015416138805449009,0.1725921630859375,0.15707692503929138,4.084615230560303
2169,2910.666373586282,0.015292138792574406,0.172210693359375,0.16250000894069672,4.320833206176758
2170,2912.49985032063,0.01491228025406599,0.1718292236328125,0.16325877606868744,4.288000106811523
2171,2915.1335829002783,0.015174021944403648,0.17144775390625,0.17372550070285797,4.568420886993408
2172,2917.190849326551,0.014708339236676693,0.1710662841796875,0.16654929518699646,4.488889217376709
2173,2918.5788517445326,0.016681432723999023,0.170684814453125,0.16567718982696533,4.638095378875732
2174,2919.674496798776,0.013729690574109554,0.1703033447265625,0.1643449366092682,4.259090900421143
2175,2921.0316029619426,0.011242558248341084,0.169921875,0.17719008028507233,4.656521797180176
2176,2922.6819864232093,0.013449686579406261,0.1695404052734375,0.1681184619665146,4.609523773193359
2177,2924.0864117015153,0.014866143465042114,0.169158935546875,0.16490384936332703,4.195999622344971
2178,2925.694182424806,0.013741507194936275,0.1687774658203125,0.16781818866729736,4.357142448425293
2179,2927.1971105095,0.014423149637877941,0.16839599609375,0.1691068857908249,4.631818771362305
2180,2930.058975365944,0.01767171174287796,0.1680145263671875,0.15333333611488342,3.757143020629883
2181,2931.689500791952,0.01362170372158289,0.167633056640625,0.1579967737197876,4.191999912261963
2182,2933.083347422071,0.014706983231008053,0.1672515869140625,0.15514019131660461,3.9125001430511475
2183,2934.4568275921047,0.015390004962682724,0.1668701171875,0.15697674453258514,4.119999885559082
2184,2935.533874416724,0.015314313583076,0.1664886474609375,0.17314288020133972,4.427272319793701
2185,2936.648404915817,0.015298854559659958,0.166107177734375,0.16934865713119507,4.8125
2186,2937.8701672255993,0.014184720814228058,0.1657257080078125,0.16467660665512085,4.299999713897705
2187,2939.1274009766057,0.015051072463393211,0.16534423828125,0.1688888967037201,4.504348278045654
2188,2940.2321722479537,0.013586265034973621,0.1649627685546875,0.1619582623243332,4.261904239654541
2189,2941.8750002784654,0.01585078053176403,0.164581298828125,0.16268174350261688,4.155555248260498
2190,2942.76245189365,0.014150697737932205,0.1641998291015625,0.16732852160930634,4.411764144897461
2191,2943.679394702427,0.014258142560720444,0.163818359375,0.16105769574642181,4.325000286102295
2192,2944.8304151818156,0.014517734758555889,0.1634368896484375,0.17543520033359528,4.6449995040893555
2193,2945.75244061742,0.01363850012421608,0.163055419921875,0.17201493680477142,4.673684120178223
2194,2947.1262546004727,0.013897638767957687,0.1626739501953125,0.1706106960773468,4.77142858505249
2195,2948.550525470637,0.014839529991149902,0.16229248046875,0.16307692229747772,4.333333492279053
2196,2949.7342788623646,0.014830555766820908,0.1619110107421875,0.15725307166576385,3.924999952316284
2197,2951.269093159586,0.013943626545369625,0.161529541015625,0.15127389132976532,3.9461538791656494
2198,2952.553051624447,0.012880058027803898,0.1611480712890625,0.16749554872512817,4.26086950302124
2199,2953.8032870097086,0.017795825377106667,0.1607666015625,0.16289196908473969,4.414999961853027
2200,2954.905939587392,0.015796564519405365,0.1603851318359375,0.15485893189907074,4.014285564422607
2201,2955.945770575665,0.01634032092988491,0.160003662109375,0.17131783068180084,4.404545307159424
2202,2957.0479539455846,0.013774213381111622,0.1596221923828125,0.15657050907611847,4.168000221252441
2203,2958.3112961184233,0.01593926176428795,0.15924072265625,0.16324786841869354,4.416666507720947
2204,2960.1940185343847,0.01577082648873329,0.1588592529296875,0.17225225269794464,4.842857360839844
2205,2961.3722576526925,0.013624547980725765,0.158477783203125,0.16638655960559845,3.9588232040405273
2206,2962.5647314423695,0.015192951075732708,0.1580963134765625,0.16492660343647003,4.3142852783203125
2207,2964.091542216949,0.013505183160305023,0.15771484375,0.16426056623458862,4.513636589050293
2208,2965.578235751018,0.013956642709672451,0.1573333740234375,0.1562032848596573,3.945833206176758
2209,2966.4691891698167,0.01444975845515728,0.156951904296875,0.16049586236476898,4.461904525756836
2210,2968.6545375837013,0.014866676181554794,0.1565704345703125,0.16918031871318817,4.226922988891602
2211,2969.5579647105187,0.012671159580349922,0.15618896484375,0.16884328424930573,4.53181791305542
2212,2970.9246203033254,0.015989085659384727,0.1558074951171875,0.16048632562160492,4.153846263885498
2213,2971.9873806182295,0.016230270266532898,0.155426025390625,0.16305916011333466,4.031034469604492
2214,2973.0072470093146,0.015268519520759583,0.1550445556640625,0.16838236153125763,4.313332557678223
2215,2974.127496828325,0.01518761646002531,0.1546630859375,0.1613013595342636,4.549999713897705
2216,2975.1653762524948,0.01587151549756527,0.1542816162109375,0.16833333671092987,4.172727584838867
2217,2976.9546995824203,0.01642554998397827,0.153900146484375,0.15862619876861572,4.508333206176758
2218,2977.8802428133786,0.018077922984957695,0.1535186767578125,0.17009525001049042,4.365217685699463
2219,2978.745320232585,0.014631902799010277,0.15313720703125,0.171875,4.485000133514404
2220,2980.6337230810896,0.018121963366866112,0.1527557373046875,0.1552315652370453,4.3217387199401855
2221,2982.165212849155,0.01587938703596592,0.152374267578125,0.17057761549949646,4.647058486938477
2222,2983.5061060320586,0.015422413125634193,0.1519927978515625,0.15656566619873047,4.200000286102295
2223,2984.594906616956,0.012470194138586521,0.151611328125,0.16549912095069885,4.004348278045654
2224,2985.5513843670487,0.016003772616386414,0.1512298583984375,0.1720292568206787,4.877777576446533
2225,2987.795271755196,0.014750959351658821,0.150848388671875,0.16266892850399017,4.41304349899292
2226,2989.175849254243,0.014262957498431206,0.1504669189453125,0.16693943738937378,4.247999668121338
2227,2990.0527418544516,0.014648771844804287,0.15008544921875,0.15649820864200592,4.161904811859131
2228,2990.984980016947,0.013624288141727448,0.1497039794921875,0.1618117243051529,4.464999675750732
2229,2992.96895055566,0.013483605347573757,0.149322509765625,0.15621018409729004,4.129166603088379
2230,2994.278789882548,0.012922749854624271,0.1489410400390625,0.17117835581302643,4.089999675750732
2231,2995.225204920396,0.016141802072525024,0.1485595703125,0.1650897115468979,4.363999843597412
2232,2996.280178545974,0.01490508671849966,0.1481781005859375,0.16945339739322662,4.092592716217041
2233,2998.1003307169303,0.013673536479473114,0.147796630859375,0.17301037907600403,4.82608699798584
2234,2999.0235070129856,0.014633579179644585,0.1474151611328125,0.16072072088718414,4.3125
2235,3000.129500137642,0.014447658322751522,0.14703369140625,0.17177699506282806,4.541176795959473
2236,3001.2077303584665,0.013173629529774189,0.1466522216796875,0.1703987717628479,4.353846073150635
2237,3002.1985962409526,0.015079211443662643,0.146270751953125,0.16673552989959717,4.413636207580566
2238,3003.476357180625,0.013681944459676743,0.1458892822265625,0.168826624751091,4.376470565795898
2239,3004.539124961011,0.015439780429005623,0.1455078125,0.16540445387363434,4.608695983886719
2240,3005.387440745719,0.012101736851036549,0.1451263427734375,0.15964053571224213,4.0423078536987305
2241,3006.529732001014,0.014202927239239216,0.144744873046875,0.15749560296535492,4.3176469802856445
2242,3008.7050136560574,0.01348478440195322,0.1443634033203125,0.16342343389987946,4.1913042068481445
2243,3010.5725838737562,0.014429543167352676,0.14398193359375,0.1670370101928711,4.499999523162842
2244,3011.570396285504,0.014773355796933174,0.1436004638671875,0.17221134901046753,4.755556106567383
2245,3012.629587098956,0.014772496186196804,0.143218994140625,0.1630363017320633,4.223809242248535
2246,3014.446338989772,0.014368714764714241,0.1428375244140625,0.15773913264274597,4.0545454025268555
2247,3015.988104302436,0.015499676577746868,0.1424560546875,0.16703295707702637,4.814285755157471
2248,3017.3476996626705,0.015644695609807968,0.1420745849609375,0.17245841026306152,4.323809623718262
2249,3018.681163412519,0.014663230627775192,0.141693115234375,0.17478260397911072,4.660869598388672
2250,3020.2771902941167,0.01539837196469307,0.1413116455078125,0.16084034740924835,4.385714530944824
2251,3022.0364488819614,0.015587366186082363,0.14093017578125,0.15514469146728516,3.926086664199829
2252,3024.086450154893,0.014921934343874454,0.1405487060546875,0.15716417133808136,4.057692527770996
2253,3025.3747029397637,0.017038412392139435,0.140167236328125,0.1635252982378006,4.150000095367432
2254,3026.8669446576387,0.014337128028273582,0.1397857666015625,0.1758730262517929,4.460869312286377
2255,3028.4075304251164,0.016944414004683495,0.139404296875,0.16800765693187714,4.700000286102295
2256,3029.820904802531,0.01501502376049757,0.1390228271484375,0.16512739658355713,4.463636875152588
2257,3031.3014224916697,0.01658468134701252,0.138641357421875,0.17887066304683685,4.504348278045654
2258,3032.9422701001167,0.014983702450990677,0.1382598876953125,0.16936758160591125,4.636363983154297
2259,3033.8667272627354,0.013576103374361992,0.13787841796875,0.17668592929840088,4.900000095367432
2260,3035.1957989716902,0.013853399083018303,0.1374969482421875,0.17246653139591217,4.650000095367432
2261,3036.9581184787676,0.01590419001877308,0.137115478515625,0.17174658179283142,5.044444561004639
2262,3038.6868483219296,0.014640559442341328,0.1367340087890625,0.16815918684005737,4.252173900604248
2263,3040.2762828180566,0.01362146157771349,0.1363525390625,0.16158631443977356,4.237930774688721
2264,3041.0836623525247,0.01443459652364254,0.1359710693359375,0.17121711373329163,4.263636589050293
2265,3041.976809365675,0.012688048183918,0.135589599609375,0.1668076068162918,4.755555629730225
2266,3043.0433260370046,0.014026262797415257,0.1352081298828125,0.17251773178577423,4.631818771362305
2267,3043.898852185346,0.013302850537002087,0.13482666015625,0.1609555184841156,4.48095178604126
2268,3045.2465351074934,0.016921130940318108,0.1344451904296875,0.16121111810207367,4.065217018127441
2269,3046.1138048740104,0.014983967877924442,0.134063720703125,0.16442140936851501,4.373912811279297
2270,3047.206282850355,0.012696681544184685,0.1336822509765625,0.15967214107513428,4.1519999504089355
2271,3048.1196941025555,0.014445563778281212,0.13330078125,0.15870966017246246,4.32777738571167
2272,3049.45184499491,0.012838524766266346,0.1329193115234375,0.1670752912759781,4.262500286102295
2273,3050.9380280440673,0.013918161392211914,0.132537841796875,0.1599402129650116,4.122221946716309
2274,3051.791487025097,0.014996160753071308,0.1321563720703125,0.16923077404499054,4.495237827301025
2275,3052.9558656094596,0.015447941608726978,0.13177490234375,0.16535009443759918,4.49130392074585
2276,3053.902919024229,0.016109837219119072,0.1313934326171875,0.17042799293994904,4.53636360168457
2277,3055.2234048182145,0.01551871094852686,0.131011962890625,0.1773710399866104,4.688235282897949
2278,3056.0713887205347,0.012914116494357586,0.1306304931640625,0.1651063710451126,4.124999523162842
2279,3057.4870239477605,0.01606622524559498,0.1302490234375,0.15610170364379883,4.213043212890625
2280,3059.5626838263124,0.014267873018980026,0.1298675537109375,0.16772907972335815,4.6533331871032715
2281,3060.7136562801898,0.013441271148622036,0.129486083984375,0.17695099115371704,4.563636302947998
2282,3062.414431368001,0.013650940731167793,0.1291046142578125,0.16403508186340332,4.308332920074463
2283,3063.474763066508,0.016232814639806747,0.12872314453125,0.17375479638576508,5.242857456207275
2284,3065.700053679757,0.013797464780509472,0.1283416748046875,0.1673610955476761,4.17391300201416
2285,3066.9876699429005,0.015302195213735104,0.127960205078125,0.1586601287126541,4.631817817687988
2286,3068.4173502391204,0.014558946713805199,0.1275787353515625,0.16716419160366058,4.125
2287,3069.7601311001927,0.01486046239733696,0.127197265625,0.16341879963874817,4.211538314819336
2288,3071.9176821326837,0.011584507301449776,0.1268157958984375,0.1692599505186081,4.824999809265137
2289,3074.230833431706,0.016325656324625015,0.126434326171875,0.16211603581905365,4.140909194946289
2290,3076.9298284640536,0.015120887197554111,0.1260528564453125,0.16212624311447144,4.358333110809326
2291,3078.872531192377,0.013849347829818726,0.12567138671875,0.18107637763023376,4.747058868408203
2292,3080.168807259761,0.014256510883569717,0.1252899169921875,0.15698325634002686,3.9482758045196533
2293,3081.1280028382316,0.01605784147977829,0.12490880489349365,0.15281803905963898,4.232000350952148
2294,3083.0439108507708,0.01321758795529604,0.12452882528305054,0.16557377576828003,4.066666603088379
2295,3084.452171909623,0.015966517850756645,0.12414884567260742,0.17382198572158813,4.716666221618652
2296,3085.504731074907,0.013691006228327751,0.1237688660621643,0.16771522164344788,4.151851654052734
2297,3087.2266785940155,0.01521102711558342,0.12338888645172119,0.16538460552692413,4.664999961853027
2298,3088.5943046873435,0.01492871344089508,0.12300890684127808,0.1713767945766449,4.266666412353516
2299,3089.4543657647446,0.015926379710435867,0.12262892723083496,0.15349999070167542,4.214285850524902
2300,3090.4590117381886,0.013298419304192066,0.12224894762039185,0.17413479089736938,4.452174186706543
2301,3091.7674070456997,0.01498706080019474,0.12186896800994873,0.17672254145145416,4.595000267028809
2302,3092.889973889105,0.021175898611545563,0.12148898839950562,0.16813820600509644,4.875
2303,3093.8225930472836,0.012289927341043949,0.1211090087890625,0.16153846681118011,4.349999904632568
2304,3094.690962851979,0.015347822569310665,0.12072902917861938,0.15943396091461182,4.139999866485596
2305,3095.7687347745523,0.015169686637818813,0.12034904956817627,0.16709062457084656,4.335999965667725
2306,3096.6357358368114,0.013904632069170475,0.11996906995773315,0.1578446924686432,4.126923084259033
2307,3097.676148992032,0.016173304989933968,0.11958909034729004,0.15609103441238403,3.7699999809265137
2308,3099.0802474720404,0.013672836124897003,0.11920911073684692,0.17640449106693268,4.4294114112854
2309,3100.0355744957924,0.014971951954066753,0.11882913112640381,0.16060607135295868,4.434782981872559
2310,3101.9682766301557,0.013992995955049992,0.1184491515159607,0.15996704995632172,4.200000286102295
2311,3103.0075556980446,0.014688102528452873,0.11806917190551758,0.17806121706962585,4.822727203369141
2312,3104.9492328977212,0.01410734374076128,0.11768919229507446,0.1639575958251953,4.138461112976074
2313,3106.170362615958,0.012925602495670319,0.11730921268463135,0.17764705419540405,4.84375
2314,3107.0338233504444,0.014456085860729218,0.11692923307418823,0.1704331487417221,4.440000057220459
2315,3108.4660665104166,0.015033171512186527,0.11654925346374512,0.15473857522010803,4.239130973815918
2316,3109.6800270797685,0.015847686678171158,0.116169273853302,0.1597561091184616,4.3807692527771
2317,3110.5786764593795,0.012825855985283852,0.11578929424285889,0.17466667294502258,4.170000076293945
2318,3111.940058832057,0.014203623868525028,0.11540931463241577,0.17705778777599335,4.878260612487793
2319,3113.1167736481875,0.014312057755887508,0.11502933502197266,0.15895523130893707,4.295652389526367
2320,3116.2113963477314,0.014066744595766068,0.11464935541152954,0.16725404560565948,3.932142496109009
2321,3117.0237642982975,0.01379371713846922,0.11426937580108643,0.15850557386875153,4.228000164031982
2322,3118.5374214695767,0.014711377210915089,0.11388939619064331,0.15445256233215332,4.045833110809326
2323,3119.9867174420506,0.014995123259723186,0.1135094165802002,0.16323751211166382,3.9925920963287354
2324,3120.87013802398,0.018472008407115936,0.11312943696975708,0.1669158935546875,4.460869312286377
2325,3122.963602106087,0.01363968476653099,0.11274945735931396,0.1664406806230545,4.516666889190674
2326,3124.277652972378,0.013642660342156887,0.11236947774887085,0.16117647290229797,4.099999904632568
2327,3125.8044053083286,0.012419342063367367,0.11198949813842773,0.15863250195980072,4.361904621124268
2328,3126.9962454857305,0.01473967730998993,0.11160951852798462,0.16409334540367126,4.295651912689209
2329,3128.4043418867514,0.015610313974320889,0.1112295389175415,0.1815415769815445,4.804762363433838
2330,3129.257749005221,0.0149173429235816,0.11084955930709839,0.1622222363948822,4.216666221618652
2331,3131.5243812315166,0.01610996015369892,0.11046957969665527,0.15451328456401825,4.45263147354126
2332,3132.686329215765,0.013511397875845432,0.11008960008621216,0.16448171436786652,4.147618770599365
2333,3133.6249159360304,0.01346772350370884,0.10970962047576904,0.15518340468406677,4.107692241668701
2334,3135.2303764950484,0.014611094258725643,0.10932964086532593,0.16185852885246277,3.9413788318634033
2335,3136.5158345885575,0.014502261765301228,0.10894966125488281,0.16831859946250916,4.384000301361084
2336,3137.944373242557,0.016285499557852745,0.1085696816444397,0.16016806662082672,4.333333492279053
2337,3139.0513854743913,0.015762366354465485,0.10818970203399658,0.17078125476837158,4.235999584197998
2338,3140.525328715332,0.012740625068545341,0.10780972242355347,0.15284553170204163,4.179999828338623
2339,3142.0363484900445,0.01429718267172575,0.10742974281311035,0.16783832013607025,4.300000190734863
2340,3143.7796501861885,0.014052881859242916,0.10704976320266724,0.18283711373806,4.772222518920898
2341,3145.29880890809,0.0156636331230402,0.10666978359222412,0.15000000596046448,3.9357142448425293
2342,3146.1388043211773,0.015633676201105118,0.106289803981781,0.16459733247756958,4.182608604431152
2343,3147.0287757534534,0.013141673058271408,0.10590982437133789,0.1787593960762024,4.668181896209717
2344,3148.073480118066,0.014309697784483433,0.10552984476089478,0.1648818999528885,4.3919997215271
2345,3149.1191903483123,0.01428967248648405,0.10514986515045166,0.16093023121356964,4.280769348144531
2346,3150.003063146025,0.016819903627038002,0.10476988554000854,0.15716396272182465,3.7879998683929443
2347,3150.8962900443003,0.014294527471065521,0.10438990592956543,0.1649152636528015,4.304166316986084
2348,3152.704435069114,0.0145725654438138,0.10400992631912231,0.16478103399276733,4.6294121742248535
2349,3153.950449827127,0.013635220937430859,0.1036299467086792,0.16906186938285828,4.589473724365234
2350,3154.9923620419577,0.01469194795936346,0.10324996709823608,0.17865383625030518,4.884210586547852
2351,3156.0797632467,0.014750251546502113,0.10286998748779297,0.1520569771528244,4.023076057434082
2352,3156.9336527995765,0.016813624650239944,0.10249000787734985,0.16620689630508423,4.363157749176025
2353,3159.040957919322,0.013537432067096233,0.10211002826690674,0.1727440059185028,4.704761505126953
2354,3159.8906180216,0.01805821806192398,0.10173004865646362,0.16835664212703705,4.266666412353516
2355,3160.763631720096,0.013210956007242203,0.10135006904602051,0.15167681872844696,4.038461685180664
2356,3163.0580007759854,0.012593324296176434,0.10097008943557739,0.16422627866268158,4.108695983886719
2357,3163.9368758974597,0.01274392195045948,0.10059010982513428,0.18300969898700714,4.543999671936035
2358,3165.032996367663,0.01277227234095335,0.10021013021469116,0.16345453262329102,4.686363220214844
2359,3165.939578332007,0.012900157831609249,0.09983015060424805,0.17196720838546753,4.460000038146973
2360,3167.8953745691106,0.015508823096752167,0.09945017099380493,0.16058281064033508,4.183333396911621
2361,3169.1734095355496,0.012853891588747501,0.09907019138336182,0.1615963876247406,3.9678571224212646
2362,3170.379408066161,0.01518330443650484,0.0986902117729187,0.1787036955356598,5.529999732971191
2363,3171.2149749519303,0.014909029006958008,0.09831023216247559,0.16538460552692413,4.490909099578857
2364,3173.319481063634,0.013999426737427711,0.09793025255203247,0.17125985026359558,4.6888885498046875
2365,3174.61150715407,0.01593826338648796,0.09755027294158936,0.18394795060157776,5.284210681915283
2366,3176.02917765826,0.01496076863259077,0.09717029333114624,0.17135678231716156,4.368182182312012
2367,3178.6025956235826,0.014523747377097607,0.09679031372070312,0.1703517585992813,4.533332824707031
2368,3179.4775290079415,0.014734862372279167,0.09641033411026001,0.16455480456352234,4.418181896209717
2369,3181.2186632594094,0.013433121144771576,0.0960303544998169,0.17362071573734283,4.6045451164245605
2370,3182.0980552304536,0.011865857057273388,0.09565037488937378,0.17428570985794067,4.550000190734863
2371,3183.050154668279,0.015306036919355392,0.09527039527893066,0.16829709708690643,4.547825813293457
2372,3183.977429833263,0.013332150876522064,0.09489041566848755,0.16875000298023224,4.390476226806641
2373,3186.1518225194886,0.015918344259262085,0.09451043605804443,0.1734299659729004,4.355555534362793
2374,3187.3646646635607,0.014005281031131744,0.09413045644760132,0.16775107383728027,4.337037086486816
2375,3188.2591197295114,0.013836308382451534,0.0937504768371582,0.1721561998128891,4.2652177810668945
2376,3189.1327535221353,0.013408124446868896,0.09337049722671509,0.1664406657218933,4.63124942779541
2377,3190.890575643629,0.012686152942478657,0.09299051761627197,0.16649304330348969,4.4666666984558105
2378,3191.864966418594,0.012727882713079453,0.09261053800582886,0.17115044593811035,4.280769348144531
2379,3193.573961206712,0.014573599211871624,0.09223055839538574,0.16436170041561127,4.642857551574707
2380,3195.3142911624163,0.017173519358038902,0.09185057878494263,0.16050420701503754,4.140909194946289
2381,3196.9180113030598,0.01306204404681921,0.09147059917449951,0.1677669733762741,4.737499713897705
2382,3198.1467062374577,0.014906860888004303,0.0910906195640564,0.1716129034757614,4.3125
2383,3200.0056158946827,0.017312387004494667,0.09071063995361328,0.160623237490654,3.993103504180908
2384,3200.8704295614734,0.015357309952378273,0.09033066034317017,0.16147799789905548,4.420000076293945
2385,3202.190655690618,0.014738473109900951,0.08995068073272705,0.17204301059246063,4.346153736114502
2386,3203.870767807588,0.014913284219801426,0.08957070112228394,0.1695581078529358,4.284615516662598
2387,3205.1253389874473,0.013127398677170277,0.08919072151184082,0.17761504650115967,5.023077011108398
2388,3206.723413423635,0.013663423247635365,0.0888107419013977,0.168239563703537,4.779999732971191
2389,3208.0104614337906,0.014569632709026337,0.08843076229095459,0.173728808760643,4.141666889190674
2390,3209.5230201799423,0.013097926042973995,0.08805078268051147,0.16098807752132416,4.387500286102295
2391,3211.321733308956,0.012716266326606274,0.08767080307006836,0.17530862987041473,4.733333110809326
2392,3212.8925707619637,0.01475465390831232,0.08729082345962524,0.16721013188362122,4.776190280914307
2393,3213.7639160314575,0.014517209492623806,0.08691084384918213,0.1719658225774765,4.4285712242126465
2394,3214.646729985252,0.0129960086196661,0.08653086423873901,0.16070853173732758,4.184615612030029
2395,3215.7428390365094,0.013788366690278053,0.0861508846282959,0.17306844890117645,4.942856788635254
2396,3216.608599415049,0.016088252887129784,0.08577090501785278,0.17807970941066742,4.842104911804199
2397,3217.611397511326,0.017040325328707695,0.08539092540740967,0.1759842336177826,4.872221946716309
2398,3218.465757554397,0.013757134787738323,0.08501094579696655,0.1663476973772049,4.695652008056641
2399,3220.1372434832156,0.012594777159392834,0.08463096618652344,0.1736280471086502,4.222580432891846
2400,3222.5437604030594,0.014372267760336399,0.08425098657608032,0.1708674132823944,4.399999618530273
2401,3223.3894529584795,0.015025694854557514,0.08387100696563721,0.16458334028720856,4.7083330154418945
2402,3225.6137782800943,0.015045780688524246,0.08349102735519409,0.1672212928533554,4.2833333015441895
2403,3226.4312074286863,0.013415269553661346,0.08311104774475098,0.1563165932893753,4.149999618530273
2404,3228.671733107418,0.014217251911759377,0.08273106813430786,0.17012521624565125,4.287499904632568
2405,3229.9590993281454,0.01364666037261486,0.08235108852386475,0.1715547740459442,4.65217399597168
2406,3231.4752239845693,0.014374054968357086,0.08197110891342163,0.1682737171649933,3.926316022872925
2407,3232.8447743663564,0.015973376110196114,0.08159112930297852,0.17142857611179352,4.612500190734863
2408,3233.7478153388947,0.014167148619890213,0.0812111496925354,0.16747181117534637,4.346153736114502
2409,3235.1197801111266,0.014150665141642094,0.08083117008209229,0.16971832513809204,4.550000190734863
2410,3236.0400791699067,0.014586322009563446,0.08045119047164917,0.17059828341007233,4.669565200805664
2411,3237.9227648628876,0.012241835705935955,0.08007121086120605,0.15909090638160706,4.1576924324035645
2412,3239.554957397282,0.013440566137433052,0.07969123125076294,0.16840335726737976,4.466666221618652
2413,3241.390460966155,0.012635326944291592,0.07931125164031982,0.16446280479431152,3.9178566932678223
2414,3242.2747958116233,0.012492346577346325,0.07893127202987671,0.17070376873016357,4.411111354827881
2415,3244.10904826317,0.011979816481471062,0.0785512924194336,0.1719934195280075,4.415999889373779
2416,3245.6111245267093,0.013744235970079899,0.07817131280899048,0.16843971610069275,4.5
2417,3247.7415248621255,0.013162458315491676,0.07779133319854736,0.1708904206752777,4.289473533630371
2418,3248.6230224072933,0.013492166996002197,0.07741135358810425,0.16610942780971527,4.572221755981445
2419,3250.190047414042,0.012134205549955368,0.07703137397766113,0.19383984804153442,4.726086616516113
2420,3251.1141107762232,0.013331130146980286,0.07665139436721802,0.1723591536283493,4.713043689727783
2421,3252.2270496711135,0.013791349716484547,0.0762714147567749,0.16284246742725372,4.626087188720703
2422,3253.663994776085,0.017189206555485725,0.07589143514633179,0.17222219705581665,4.214285373687744
2423,3254.6474508279935,0.015429125167429447,0.07551145553588867,0.1710280328989029,4.575000286102295
2424,3255.756948230788,0.014786518178880215,0.07513147592544556,0.1749110370874405,4.585714817047119
2425,3257.157435164787,0.013352709822356701,0.07475149631500244,0.16184614598751068,4.351724147796631
2426,3258.8700533770025,0.014309301041066647,0.07437151670455933,0.16285240650177002,4.24545431137085
2427,3260.1318733999506,0.012906013987958431,0.07399153709411621,0.17617328464984894,4.71363639831543
2428,3262.092964792624,0.012225240468978882,0.0736115574836731,0.17094972729682922,4.49130392074585
2429,3263.825215175748,0.011699437163770199,0.07323157787322998,0.17175044119358063,4.47619104385376
2430,3264.6806923616678,0.014481719583272934,0.07285159826278687,0.1736549288034439,4.60588264465332
2431,3266.2893682736903,0.012821955606341362,0.07247161865234375,0.16734060645103455,4.67391300201416
2432,3267.368582791649,0.013845832087099552,0.07209163904190063,0.16855670511722565,4.311999797821045
2433,3268.521936974488,0.012807140126824379,0.07171165943145752,0.16294898092746735,4.75
2434,3270.0044457484037,0.01401492953300476,0.0713316798210144,0.15633802115917206,4.0759992599487305
2435,3270.9575395463035,0.013046752661466599,0.07095170021057129,0.17259037494659424,4.410526275634766
2436,3271.8325914749876,0.014366036280989647,0.07057172060012817,0.1725490242242813,4.351999759674072
2437,3272.6997200716287,0.013737432658672333,0.07019174098968506,0.17428059875965118,4.447825908660889
2438,3274.6376897972077,0.01339557021856308,0.06981176137924194,0.16557659208774567,4.4041666984558105
2439,3275.8636213690042,0.014538832940161228,0.06943178176879883,0.17480619251728058,4.941176414489746
2440,3276.894189673476,0.013266043737530708,0.06905180215835571,0.16366611421108246,4.179999828338623
2441,3277.9914993224666,0.01515726838260889,0.0686718225479126,0.1661042869091034,4.23703670501709
2442,3278.9282543910667,0.012129832990467548,0.06829184293746948,0.167793869972229,4.3949995040893555
2443,3279.8673040037975,0.013773884624242783,0.06791186332702637,0.17415185272693634,4.371999740600586
2444,3281.3866851022467,0.014378909021615982,0.06753188371658325,0.17110726237297058,4.625000476837158
2445,3282.193792719394,0.014604384079575539,0.06715190410614014,0.15614035725593567,4.391666889190674
2446,3283.2128834147006,0.013279334641993046,0.06677192449569702,0.16429674625396729,3.960714340209961
2447,3284.0785547420382,0.013968792743980885,0.0663919448852539,0.17100495100021362,4.314285755157471
2448,3284.965945349075,0.014429998584091663,0.06601196527481079,0.16463224589824677,4.18148136138916
2449,3286.52811949607,0.013555236160755157,0.06563198566436768,0.1697123497724533,4.604166507720947
2450,3288.0129006505013,0.013793337158858776,0.06525200605392456,0.17182320356369019,4.560869216918945
2451,3289.610087240115,0.014941508881747723,0.06487202644348145,0.16333332657814026,4.568421363830566
2452,3290.8471504170448,0.014804710634052753,0.06449204683303833,0.16723603010177612,4.207692623138428
2453,3292.2326107257977,0.013103348203003407,0.06411206722259521,0.17961539328098297,4.984614849090576
2454,3293.467486292124,0.013554605655372143,0.0637320876121521,0.17389769852161407,4.836363315582275
2455,3294.9973121769726,0.012937389314174652,0.06335210800170898,0.15417347848415375,3.9166667461395264
2456,3296.3437131475657,0.013049096800386906,0.06297212839126587,0.16248108446598053,4.199999809265137
2457,3297.9511214960366,0.015331453643739223,0.06259214878082275,0.16521035134792328,4.287499904632568
2458,3298.819600704126,0.01303824968636036,0.06221216917037964,0.1695142388343811,4.488461017608643
2459,3300.328808883205,0.015260346233844757,0.06183218955993652,0.18757762014865875,5.027777194976807
2460,3301.4788533793762,0.014407055452466011,0.06145220994949341,0.17123807966709137,4.6052632331848145
2461,3303.01186156366,0.01355553139001131,0.06107223033905029,0.1623140424489975,4.404999732971191
2462,3304.933824075386,0.013020542450249195,0.06069225072860718,0.16914497315883636,4.359999656677246
2463,3306.904637050815,0.015199505724012852,0.06031227111816406,0.16654275357723236,4.510000228881836
2464,3307.747183012776,0.01574709080159664,0.05993229150772095,0.1607201248407364,4.304000377655029
2465,3308.611143693328,0.01445253100246191,0.05955231189727783,0.1777777522802353,4.513636112213135
2466,3310.5011930316687,0.014517324045300484,0.05917233228683472,0.1986013948917389,5.730769157409668
2467,3311.621064240113,0.014873014762997627,0.0587923526763916,0.16807016730308533,4.514285564422607
2468,3314.0901347277686,0.012633420526981354,0.058412373065948486,0.1660347580909729,4.478260040283203
2469,3315.092227009125,0.01490799430757761,0.05803239345550537,0.16791445016860962,4.574999809265137
2470,3315.966061282903,0.01252731028944254,0.057652413845062256,0.16945813596248627,4.215999603271484
2471,3317.8137182015926,0.015327888540923595,0.05727243423461914,0.17156308889389038,4.673912525177002
2472,3319.238148019649,0.014744622632861137,0.056892454624176025,0.1687888205051422,4.2208333015441895
2473,3320.206923195161,0.01488704513758421,0.05651247501373291,0.16865672171115875,4.337500095367432
2474,3321.270066028461,0.013767165131866932,0.056132495403289795,0.1667180210351944,4.308332920074463
2475,3322.773184322752,0.013875914737582207,0.05575251579284668,0.16928571462631226,4.5789475440979
2476,3323.9201426887885,0.014491553418338299,0.055372536182403564,0.14110319316387177,3.9666664600372314
2477,3325.409049722366,0.011602135375142097,0.05499255657196045,0.16914191842079163,4.111999988555908
2478,3326.898628848605,0.015609154477715492,0.054612576961517334,0.17192374169826508,4.682608604431152
2479,3328.7040429655463,0.014720099046826363,0.05423259735107422,0.16381460428237915,4.323529243469238
2480,3330.160594872199,0.01306556910276413,0.053852617740631104,0.15937499701976776,4.391666412353516
2481,3331.997035623528,0.012791536748409271,0.05347263813018799,0.16905537247657776,4.24545431137085
2482,3333.221797838807,0.013984416611492634,0.05309265851974487,0.17000001668930054,4.468000411987305
2483,3334.656068288721,0.013263135217130184,0.05271267890930176,0.1830769181251526,5.052631378173828
2484,3335.706229248084,0.014215989969670773,0.05233269929885864,0.16845019161701202,4.626315593719482
2485,3337.4772435901687,0.013074131682515144,0.05195271968841553,0.1666666716337204,4.3416666984558105
2486,3338.3267076164484,0.01261045690625906,0.05157274007797241,0.1778181791305542,4.543478488922119
2487,3339.3698900481686,0.013388685882091522,0.0511927604675293,0.18498985469341278,5.466667175292969
2488,3340.9734268970788,0.013388628140091896,0.05081278085708618,0.16307470202445984,4.315384387969971
2489,3341.9266849327832,0.013741416856646538,0.050432801246643066,0.16165412962436676,4.028124809265137
2490,3343.328901306726,0.015147502534091473,0.05005282163619995,0.17495183646678925,4.873683929443359
2491,3345.045972974971,0.013280953280627728,0.05000000074505806,0.17965449392795563,4.739999771118164
2492,3346.280342137441,0.012719836086034775,0.05000000074505806,0.1686411052942276,4.469564914703369
2493,3347.2750585284084,0.013446498662233353,0.05000000074505806,0.16330799460411072,4.899999618530273
2494,3348.287613729015,0.012758181430399418,0.05000000074505806,0.15830720961093903,4.003845691680908
2495,3349.824735701084,0.014790299348533154,0.05000000074505806,0.1767195761203766,4.461904525756836
2496,3351.3096201894805,0.013627151027321815,0.05000000074505806,0.16804635524749756,4.380951881408691
2497,3352.1858571553603,0.012579046189785004,0.05000000074505806,0.17001795768737793,4.699999809265137
2498,3353.142288170755,0.013229692354798317,0.05000000074505806,0.17811448872089386,4.666666507720947
2499,3354.8938715979457,0.011975476518273354,0.05000000074505806,0.1629570722579956,4.278260707855225
2500,3355.7841194346547,0.01272607035934925,0.05000000074505806,0.16124260425567627,4.060714244842529
2501,3356.673115707934,0.014087347313761711,0.05000000074505806,0.16604360938072205,4.066666126251221
2502,3358.2717295829207,0.01278036367148161,0.05000000074505806,0.16606822609901428,4.622726917266846
2503,3359.2207798575982,0.015512505546212196,0.05000000074505806,0.17444634437561035,4.675000190734863
2504,3360.146488012746,0.014414764940738678,0.05000000074505806,0.16430768370628357,4.087500095367432
2505,3361.02246847935,0.013326344080269337,0.05000000074505806,0.15956005454063416,4.399999618530273
2506,3362.420584950596,0.013186504133045673,0.05000000074505806,0.16122806072235107,4.254167079925537
2507,3363.772110980004,0.012917913496494293,0.05000000074505806,0.17236614227294922,4.4782609939575195
2508,3365.1222142679617,0.012146267108619213,0.05000000074505806,0.17085514962673187,4.6086955070495605
2509,3365.9312185356393,0.015073749236762524,0.05000000074505806,0.16256077587604523,4.129629135131836
2510,3366.768141764216,0.01174197718501091,0.05000000074505806,0.1778884381055832,4.859999656677246
2511,3367.8035593898967,0.014658368192613125,0.05000000074505806,0.1635531187057495,4.311110496520996
2512,3369.541159471497,0.013208300806581974,0.05000000074505806,0.16777777671813965,4.481818675994873
2513,3370.356631043367,0.01378714106976986,0.05000000074505806,0.1812865436077118,5.394443511962891
2514,3371.7730501033366,0.013374033384025097,0.05000000074505806,0.1730891913175583,4.392592430114746
2515,3372.907900827937,0.012504681944847107,0.05000000074505806,0.17742538452148438,4.650000095367432
2516,3374.5114607531577,0.01428954303264618,0.05000000074505806,0.16507938504219055,4.26296329498291
2517,3375.762262240052,0.01615861803293228,0.05000000074505806,0.16419294476509094,4.405882835388184
2518,3376.658783319406,0.013925844803452492,0.05000000074505806,0.16360542178153992,4.5217390060424805
2519,3377.9534933529794,0.015791667625308037,0.05000000074505806,0.17652495205402374,4.4476189613342285
2520,3378.9830586267635,0.01210863422602415,0.05000000074505806,0.17741934955120087,4.961904525756836
2521,3379.874713859521,0.012774142436683178,0.05000000074505806,0.1668393909931183,4.5
2522,3381.41471917741,0.01339660957455635,0.05000000074505806,0.17129337787628174,4.349999904632568
2523,3383.233821122907,0.014146275818347931,0.05000000074505806,0.1626562476158142,4.154999732971191
2524,3384.8174001947045,0.015336454845964909,0.05000000074505806,0.18279999494552612,4.87333345413208
2525,3387.126831734553,0.013205168768763542,0.05000000074505806,0.17001862823963165,4.7909088134765625
2526,3388.173894443549,0.01342097669839859,0.05000000074505806,0.17443729937076569,4.311538219451904
2527,3389.333785626106,0.015087171457707882,0.05000000074505806,0.16360294818878174,4.631817817687988
2528,3391.1256545251235,0.012425028719007969,0.05000000074505806,0.16565349698066711,4.315384387969971
2529,3392.502510339953,0.013585838489234447,0.05000000074505806,0.17884939908981323,4.536841869354248
2530,3394.4679397912696,0.012928374111652374,0.05000000074505806,0.1807539463043213,5.161110877990723
2531,3395.441457800567,0.014947501942515373,0.05000000074505806,0.17586205899715424,4.836363315582275
2532,3396.350184264593,0.01576836034655571,0.05000000074505806,0.18118081986904144,4.605000019073486
2533,3397.622198586352,0.0140257952734828,0.05000000074505806,0.16966912150382996,4.863157749176025
2534,3398.5291756885126,0.013590228743851185,0.05000000074505806,0.16599327325820923,4.223809242248535
2535,3399.383998042904,0.012980321422219276,0.05000000074505806,0.16576729714870453,4.2708330154418945
2536,3400.2532879011706,0.014014785178005695,0.05000000074505806,0.1665048599243164,4.400000095367432
2537,3401.5906193852425,0.013749772682785988,0.05000000074505806,0.16541598737239838,4.0749993324279785
2538,3403.1979593029246,0.01274402067065239,0.05000000074505806,0.17218045890331268,4.941176414489746
2539,3404.1001177895814,0.013284407556056976,0.05000000074505806,0.1618238091468811,4.292307376861572
2540,3405.5738862352446,0.01286399457603693,0.05000000074505806,0.16515150666236877,4.264706134796143
2541,3406.8163120755926,0.013845152221620083,0.05000000074505806,0.16654133796691895,4.468181133270264
2542,3407.7234909096733,0.015589771792292595,0.05000000074505806,0.18392524123191833,5.0227274894714355
2543,3409.3276952831075,0.013300602324306965,0.05000000074505806,0.1729411780834198,4.431818008422852
2544,3410.9641683101654,0.014348898082971573,0.05000000074505806,0.174716979265213,4.933333396911621
2545,3411.8077852241695,0.014135327190160751,0.05000000074505806,0.16956520080566406,4.429166793823242
2546,3413.3142139054835,0.013700067065656185,0.05000000074505806,0.17374517023563385,4.789473533630371
2547,3414.671532084234,0.013280482031404972,0.05000000074505806,0.16794423758983612,4.39411735534668
2548,3415.7859917990863,0.015024064108729362,0.05000000074505806,0.17623573541641235,4.69523811340332
2549,3417.4404112510383,0.011932190507650375,0.05000000074505806,0.1756363809108734,4.889999866485596
2550,3418.3891563406214,0.011842478066682816,0.05000000074505806,0.15856905281543732,4.211999893188477
2551,3419.940861023031,0.01226363517343998,0.05000000074505806,0.16634981334209442,4.380000114440918
2552,3420.9950852310285,0.013211818411946297,0.05000000074505806,0.1794392615556717,5.258823394775391
2553,3422.074124816805,0.01356528140604496,0.05000000074505806,0.16442140936851501,4.2055559158325195
2554,3423.715349847451,0.012798275798559189,0.05000000074505806,0.17459748685359955,4.666666507720947
2555,3424.5531049547717,0.013966379687190056,0.05000000074505806,0.17700649797916412,4.784999370574951
2556,3425.4450622666627,0.016011513769626617,0.05000000074505806,0.1768946349620819,5.017646789550781
2557,3427.7298027509823,0.013996683061122894,0.05000000074505806,0.16295024752616882,4.300000190734863
2558,3428.621159675531,0.01513937022536993,0.05000000074505806,0.18346938490867615,5.099999904632568
2559,3429.5062731523067,0.0137419942766428,0.05000000074505806,0.174658864736557,4.87999963760376
2560,3430.390087639913,0.013721823692321777,0.05000000074505806,0.18591302633285522,4.762499809265137
2561,3431.611433632672,0.012074886821210384,0.05000000074505806,0.17093749344348907,4.6519999504089355
2562,3432.473611967638,0.014856220223009586,0.05000000074505806,0.16213922202587128,4.2833333015441895
2563,3433.4107098896056,0.012869407422840595,0.05000000074505806,0.1689542531967163,4.2846150398254395
2564,3434.4790017735213,0.014674678444862366,0.05000000074505806,0.16278262436389923,4.357142925262451
2565,3435.4463100275025,0.013334780000150204,0.05000000074505806,0.17394790053367615,4.799999713897705
2566,3436.4935429710895,0.012570084072649479,0.05000000074505806,0.18839998543262482,5.188889503479004
2567,3437.652005958371,0.01444251462817192,0.05000000074505806,0.17233332991600037,4.737499713897705
2568,3438.526233140379,0.01347480807453394,0.05000000074505806,0.16159053146839142,4.354166507720947
2569,3439.6411189567298,0.014075769111514091,0.05000000074505806,0.16169629991054535,3.9233334064483643
2570,3441.2198612904176,0.013728716410696507,0.05000000074505806,0.15750370919704437,3.971428394317627
2571,3442.11420992855,0.01568588800728321,0.05000000074505806,0.16103896498680115,4.270833492279053
2572,3443.697353293188,0.012658338993787766,0.05000000074505806,0.17159467935562134,4.387499809265137
2573,3444.6651414651424,0.012815979309380054,0.05000000074505806,0.17277675867080688,4.670000076293945
2574,3446.080205040984,0.013375735841691494,0.05000000074505806,0.17547528445720673,5.208332538604736
2575,3446.954815468751,0.01349622942507267,0.05000000074505806,0.17883816361427307,4.819047927856445
2576,3447.853286619298,0.015081346966326237,0.05000000074505806,0.16830871999263763,4.669564723968506
2577,3449.125900980085,0.012567064724862576,0.05000000074505806,0.16930533945560455,4.3956522941589355
2578,3450.077637529932,0.012701405212283134,0.05000000074505806,0.17020933330059052,4.261538505554199
2579,3450.9414713997394,0.015165470540523529,0.05000000074505806,0.18007591366767883,5.009999752044678
2580,3452.3500820416957,0.014706012792885303,0.05000000074505806,0.17023169994354248,4.717647075653076
2581,3453.3405130719766,0.013021650724112988,0.05000000074505806,0.17267441749572754,4.505000114440918
2582,3454.2710400959477,0.01299724169075489,0.05000000074505806,0.1643449366092682,4.34761905670166
2583,3455.412153045647,0.013191266916692257,0.05000000074505806,0.16205883026123047,4.014814376831055
2584,3456.579535635188,0.012645160779356956,0.05000000074505806,0.1715044230222702,4.495832920074463
2585,3458.209343707189,0.012783920392394066,0.05000000074505806,0.1740540713071823,4.863636493682861
2586,3459.1652876306325,0.0129245575517416,0.05000000074505806,0.1684640347957611,4.243478298187256
2587,3460.813369509764,0.013715152628719807,0.05000000074505806,0.1605965495109558,4.271999835968018
2588,3462.8516881829128,0.013446641154587269,0.05000000074505806,0.16698473691940308,4.352381229400635
2589,3464.1808283952996,0.014015883207321167,0.05000000074505806,0.17031539976596832,4.688889026641846
2590,3465.057440000586,0.013461822643876076,0.05000000074505806,0.16651651263237,4.2079997062683105
2591,3467.3020743839443,0.015375279821455479,0.05000000074505806,0.16907377541065216,4.404166221618652
2592,3468.632690921426,0.012597840279340744,0.05000000074505806,0.16286982595920563,4.142857551574707
2593,3469.738226699643,0.014426800422370434,0.05000000074505806,0.17449909448623657,4.778947353363037
2594,3471.326037088409,0.013084485195577145,0.05000000074505806,0.160033717751503,4.081481456756592
2595,3472.8184219272807,0.012975911609828472,0.05000000074505806,0.17631132900714874,4.738888263702393
2596,3473.7286499105394,0.013351812027394772,0.05000000074505806,0.1650170534849167,4.192307472229004
2597,3475.3136389292777,0.014879885129630566,0.05000000074505806,0.16677367687225342,4.480000019073486
2598,3476.5658220183104,0.013198255561292171,0.05000000074505806,0.16562500596046448,4.466666221618652
2599,3477.4953081421554,0.011515245772898197,0.05000000074505806,0.16936509311199188,4.409090995788574
2600,3478.415494935587,0.013585382141172886,0.05000000074505806,0.16647173464298248,4.5
2601,3479.5135256480426,0.013453367166221142,0.05000000074505806,0.1788187474012375,4.75
2602,3480.9798483885825,0.015016630291938782,0.05000000074505806,0.16711409389972687,4.547825813293457
2603,3481.9989156089723,0.01528833992779255,0.05000000074505806,0.16676922142505646,4.311538219451904
2604,3483.076027788222,0.012149635702371597,0.05000000074505806,0.16298601031303406,4.186956882476807
2605,3483.938897943124,0.012689657509326935,0.05000000074505806,0.1647239476442337,4.029629230499268
2606,3485.7892694734037,0.013560210354626179,0.05000000074505806,0.1733788549900055,4.552000045776367
2607,3486.6650713654235,0.01247379183769226,0.05000000074505806,0.16633987426757812,4.737500190734863
2608,3487.9436341067776,0.011629615910351276,0.05000000074505806,0.16447760164737701,4.221428871154785
2609,3489.266660009511,0.014519665390253067,0.05000000074505806,0.16446278989315033,4.1043477058410645
2610,3490.2128192884848,0.011933430097997189,0.05000000074505806,0.17432676255702972,4.722727298736572
2611,3491.097807289101,0.014172189868986607,0.05000000074505806,0.17492014169692993,4.381481170654297
2612,3492.4459281731397,0.012836613692343235,0.05000000074505806,0.17568057775497437,4.485713958740234
2613,3493.3495299676433,0.013904656283557415,0.05000000074505806,0.16947194933891296,4.508333683013916
2614,3495.1989184552804,0.012843172997236252,0.05000000074505806,0.15887096524238586,4.279166221618652
2615,3496.865993272513,0.012799321673810482,0.05000000074505806,0.17155635356903076,4.219999313354492
2616,3498.196974573657,0.012703717686235905,0.05000000074505806,0.15989109873771667,4.386363506317139
2617,3500.226864028722,0.01321882288902998,0.05000000074505806,0.1668131947517395,4.881249904632568
2618,3501.0857006805018,0.014650619588792324,0.05000000074505806,0.16270360350608826,4.186956882476807
2619,3502.271676951088,0.012085117399692535,0.05000000074505806,0.16606852412223816,4.463157653808594
2620,3503.3912331806496,0.01367434673011303,0.05000000074505806,0.15874800086021423,3.9407405853271484
2621,3504.2881643678993,0.014919701032340527,0.05000000074505806,0.16588234901428223,4.545454502105713
2622,3505.1672095805407,0.014493555761873722,0.05000000074505806,0.184615358710289,5.242857456207275
2623,3506.146957928315,0.01393657736480236,0.05000000074505806,0.16956521570682526,4.372726917266846
2624,3507.0480521554127,0.013408534228801727,0.05000000074505806,0.17116788029670715,4.8545451164245605
2625,3509.1008984446526,0.01336713321506977,0.05000000074505806,0.17999997735023499,4.503999710083008
2626,3510.077921201475,0.013462617993354797,0.05000000074505806,0.16805556416511536,4.717391490936279
2627,3511.0808208184317,0.01491276454180479,0.05000000074505806,0.1734299659729004,4.28181791305542
2628,3512.1897427104414,0.015444410964846611,0.05000000074505806,0.17457625269889832,4.504545211791992
2629,3513.1062283813953,0.014283504337072372,0.05000000074505806,0.1599009931087494,4.4666666984558105
2630,3514.425203395076,0.013290337286889553,0.05000000074505806,0.17133106291294098,4.095000267028809
2631,3515.9768329560757,0.012592840008437634,0.05000000074505806,0.16231003403663635,4.474999904632568
2632,3518.8412462417036,0.012700040824711323,0.05000000074505806,0.16639344394207,4.066666603088379
2633,3520.5498662283644,0.01226888969540596,0.05000000074505806,0.1708860695362091,4.591304302215576
2634,3522.1761395270005,0.011771062389016151,0.05000000074505806,0.17775629460811615,4.712500095367432
2635,3523.9290762273595,0.015160293318331242,0.05000000074505806,0.1680140644311905,4.699999809265137
2636,3526.326590573415,0.011742949485778809,0.05000000074505806,0.15682820975780487,4.10370397567749
2637,3527.33532371372,0.012971116229891777,0.05000000074505806,0.16842925548553467,4.15925931930542
2638,3528.4379526320845,0.01334228366613388,0.05000000074505806,0.17412936687469482,4.786956787109375
2639,3529.3393423389643,0.013004031032323837,0.05000000074505806,0.17082630097866058,4.2739129066467285
2640,3530.589626684785,0.012150864116847515,0.05000000074505806,0.17203007638454437,4.461538314819336
2641,3532.016390385106,0.011696024797856808,0.05000000074505806,0.18373830616474152,4.547618865966797
2642,3533.141400778666,0.013718598522245884,0.05000000074505806,0.17813050746917725,5.0
2643,3534.085231729783,0.011996365152299404,0.05000000074505806,0.17243149876594543,4.494736671447754
2644,3535.7488211700693,0.013646217063069344,0.05000000074505806,0.17559634149074554,4.809090614318848
2645,3536.891420776956,0.013151341117918491,0.05000000074505806,0.1648985892534256,4.328000068664551
2646,3539.114368468523,0.01303081400692463,0.05000000074505806,0.17441131174564362,4.563999652862549
2647,3540.782325216569,0.013253298588097095,0.05000000074505806,0.17090032994747162,4.3851847648620605
2648,3541.6672601969913,0.013827426359057426,0.05000000074505806,0.1686888337135315,4.6666669845581055
2649,3542.576299573295,0.013236530125141144,0.05000000074505806,0.16754385828971863,4.315789699554443
2650,3543.47168587707,0.015480905771255493,0.05000000074505806,0.165640190243721,4.525000095367432
2651,3544.867867401801,0.014494073577225208,0.05000000074505806,0.17433461546897888,4.900000095367432
2652,3546.461726293899,0.014389634132385254,0.05000000074505806,0.16955074667930603,4.452381134033203
2653,3547.7621520590037,0.014374095015227795,0.05000000074505806,0.15309201180934906,3.9444446563720703
2654,3548.618254415691,0.013550921343266964,0.05000000074505806,0.16949152946472168,4.2076921463012695
2655,3550.176341077313,0.013190987519919872,0.05000000074505806,0.17754384875297546,4.8045454025268555
2656,3552.154491619207,0.013812446035444736,0.05000000074505806,0.16781790554523468,4.224999904632568
2657,3553.412418309599,0.012800800614058971,0.05000000074505806,0.17132867872714996,4.331578731536865
2658,3554.3167007416487,0.013763128779828548,0.05000000074505806,0.16456952691078186,4.504347801208496
2659,3555.39637957979,0.01387083251029253,0.05000000074505806,0.16033898293972015,4.30476188659668
2660,3556.317704242654,0.013547983020544052,0.05000000074505806,0.18225805461406708,4.669564723968506
2661,3557.8463403843343,0.011769697070121765,0.05000000074505806,0.18303249776363373,4.831578731536865
2662,3559.2856031572446,0.013445265591144562,0.05000000074505806,0.1617554873228073,4.34999942779541
2663,3560.859730749391,0.01205512322485447,0.05000000074505806,0.17348243296146393,4.485713958740234
2664,3562.7061083614826,0.012630253098905087,0.05000000074505806,0.16291390359401703,4.099999904632568
2665,3563.605935888365,0.014542919583618641,0.05000000074505806,0.17414383590221405,4.833333492279053
2666,3564.966646650806,0.012098533101379871,0.05000000074505806,0.16424870491027832,4.234782695770264
2667,3566.314234959893,0.012055590748786926,0.05000000074505806,0.16875001788139343,4.343999862670898
2668,3567.2467961069196,0.014032294042408466,0.05000000074505806,0.17621952295303345,4.509999752044678
2669,3568.2029122551903,0.011082875542342663,0.05000000074505806,0.1725233644247055,5.0117645263671875
2670,3569.2503696149215,0.013005702756345272,0.05000000074505806,0.15217392146587372,3.8439998626708984
2671,3571.0023431023583,0.012595999985933304,0.05000000074505806,0.17900171875953674,4.627273082733154
2672,3573.217996663414,0.014032499864697456,0.05000000074505806,0.16613924503326416,4.2814812660217285
2673,3575.150937207043,0.012286394834518433,0.05000000074505806,0.17285428941249847,5.142857551574707
2674,3576.025241829455,0.012983446009457111,0.05000000074505806,0.16439874470233917,4.296428680419922
2675,3577.0290613854304,0.011710931546986103,0.05000000074505806,0.1582496464252472,3.9499998092651367
2676,3578.926318794489,0.012338025495409966,0.05000000074505806,0.1547618955373764,3.992856979370117
2677,3581.1384244449437,0.013122616335749626,0.05000000074505806,0.17683880031108856,4.243478298187256
2678,3582.1480945544317,0.016046134755015373,0.05000000074505806,0.1609034389257431,4.549999713897705
2679,3583.253905005753,0.013180273585021496,0.05000000074505806,0.17020931839942932,4.3045454025268555
2680,3584.9230516646057,0.012269279919564724,0.05000000074505806,0.1684465855360031,4.203333377838135
2681,3585.7967910980806,0.012647371739149094,0.05000000074505806,0.16449612379074097,4.221739292144775
2682,3586.651263813488,0.013442020863294601,0.05000000074505806,0.1620401293039322,4.259090900421143
2683,3588.146435920149,0.011286502704024315,0.05000000074505806,0.1913832128047943,5.1294121742248535
2684,3589.6378604508936,0.012838865630328655,0.05000000074505806,0.16410748660564423,4.947368144989014
2685,3591.768183217384,0.012390651740133762,0.05000000074505806,0.16879431903362274,4.388888835906982
2686,3593.1779001541436,0.013477948494255543,0.05000000074505806,0.1817658245563507,4.831818103790283
2687,3594.233834967017,0.013245509006083012,0.05000000074505806,0.17820300161838531,4.724999904632568
2688,3596.664682305418,0.013596650213003159,0.05000000074505806,0.16102483868598938,4.1777777671813965
2689,3598.0302461693063,0.013009650632739067,0.05000000074505806,0.1670454740524292,4.265217304229736
2690,3599.423953072168,0.011810187250375748,0.05000000074505806,0.17018425464630127,4.371999740600586
2691,3600.288509890437,0.012992797419428825,0.05000000074505806,0.16618962585926056,4.557894229888916
2692,3601.2076360145584,0.013439149595797062,0.05000000074505806,0.1649230718612671,4.1785712242126465
2693,3602.5678761191666,0.011810189113020897,0.05000000074505806,0.1772811859846115,4.742856979370117
2694,3604.0992046985775,0.013316799886524677,0.05000000074505806,0.17345133423805237,4.629411220550537
2695,3606.3985248804092,0.01412803865969181,0.05000000074505806,0.16543209552764893,4.3038458824157715
2696,3608.8102436587214,0.013405312784016132,0.05000000074505806,0.17108626663684845,4.274074077606201
2697,3609.6432525599375,0.012732678093016148,0.05000000074505806,0.1756143569946289,4.863157749176025
2698,3610.845721825026,0.016534673050045967,0.05000000074505806,0.17269374430179596,4.609090805053711
2699,3612.23415182624,0.014610398560762405,0.05000000074505806,0.17106598615646362,4.65500020980835
2700,3613.127958578989,0.011193164624273777,0.05000000074505806,0.1620401293039322,4.180768966674805
2701,3614.7648465055972,0.014536483213305473,0.05000000074505806,0.17015986144542694,4.820000171661377
2702,3615.7257520593703,0.01208202913403511,0.05000000074505806,0.15867896378040314,4.003226280212402
2703,3617.86204816401,0.013492925092577934,0.05000000074505806,0.17076921463012695,4.27222204208374
2704,3619.1894884621724,0.014512985944747925,0.05000000074505806,0.1744932383298874,4.691666603088379
2705,3620.3339601103216,0.012577198445796967,0.05000000074505806,0.17108626663684845,4.505263328552246
2706,3621.2226999225095,0.014259850606322289,0.05000000074505806,0.16635945439338684,4.185184955596924
2707,3622.1269807992503,0.01278951670974493,0.05000000074505806,0.16795773804187775,4.583333492279053
2708,3623.037602053024,0.012010340578854084,0.05000000074505806,0.17879998683929443,4.924999713897705
2709,3623.917545836419,0.013943281956017017,0.05000000074505806,0.16348950564861298,4.395238399505615
2710,3625.3893507272005,0.01228412240743637,0.05000000074505806,0.17127159237861633,3.9750001430511475
2711,3626.2775021949783,0.012059674598276615,0.05000000074505806,0.17195123434066772,4.859999656677246
2712,3627.6089592082426,0.012253977358341217,0.05000000074505806,0.16187767684459686,4.122221946716309
2713,3628.498454281129,0.013695763424038887,0.05000000074505806,0.1657407283782959,4.292593002319336
2714,3630.4462397219613,0.012912856414914131,0.05000000074505806,0.17010490596294403,4.4285712242126465
2715,3631.85124365706,0.013379503041505814,0.05000000074505806,0.17174656689167023,4.747058868408203
2716,3632.918208173476,0.011746852658689022,0.05000000074505806,0.16524063050746918,4.500000476837158
2717,3634.7160524474457,0.012152832001447678,0.05000000074505806,0.18283899128437042,4.761904716491699
2718,3635.800604272634,0.013211136683821678,0.05000000074505806,0.18004073202610016,5.053332805633545
2719,3636.6898751305416,0.012689435854554176,0.05000000074505806,0.17182865738868713,4.634782314300537
2720,3637.6220547435805,0.011839854530990124,0.05000000074505806,0.17626015841960907,4.567999839782715
2721,3638.9415361564606,0.013133197091519833,0.05000000074505806,0.1639718860387802,4.471428871154785
2722,3639.814301003702,0.015326525084674358,0.05000000074505806,0.18457448482513428,4.40000057220459
2723,3641.2606680877507,0.011865159496665001,0.05000000074505806,0.17304831743240356,5.188235282897949
2724,3642.4583277590573,0.01137198694050312,0.05000000074505806,0.175704225897789,4.638094902038574
2725,3644.1909494465217,0.01406543143093586,0.05000000074505806,0.17897272109985352,4.679999828338623
2726,3645.492126892321,0.011745222844183445,0.05000000074505806,0.1696808636188507,4.43181848526001
2727,3646.5402839379385,0.012658094987273216,0.05000000074505806,0.17850637435913086,4.966666221618652
2728,3647.900345406495,0.014198259450495243,0.05000000074505806,0.1787593960762024,4.599999904632568
2729,3649.2340846117586,0.012857199646532536,0.05000000074505806,0.17451819777488708,4.931578636169434
2730,3651.260906922631,0.01366033498197794,0.05000000074505806,0.16744637489318848,4.746666431427002
2731,3652.8341837320477,0.012952667661011219,0.05000000074505806,0.17481619119644165,4.6086955070495605
2732,3654.1440525185317,0.013431780971586704,0.05000000074505806,0.1737881600856781,4.730000019073486
2733,3655.0017175488174,0.012836879119277,0.05000000074505806,0.1765957474708557,4.927777290344238
2734,3655.8958646915853,0.013901806436479092,0.05000000074505806,0.1621212214231491,4.340909004211426
2735,3656.912664568983,0.013021987862884998,0.05000000074505806,0.17216891050338745,4.238095283508301
2736,3658.2099831188098,0.013875599950551987,0.05000000074505806,0.16800697147846222,4.599999904632568
2737,3659.8399996683,0.012518186122179031,0.05000000074505806,0.16599665582180023,4.109090805053711
2738,3660.7151343841106,0.013800353743135929,0.05000000074505806,0.17436400055885315,4.654545307159424
2739,3661.8469347031787,0.013975854963064194,0.05000000074505806,0.17870968580245972,5.335713863372803
2740,3663.408237556927,0.012319279834628105,0.05000000074505806,0.1650519222021103,4.681818008422852
2741,3664.2652380075306,0.012917007319629192,0.05000000074505806,0.17257525026798248,4.349999904632568
2742,3665.3185197897255,0.013989030383527279,0.05000000074505806,0.17924900352954865,4.978947162628174
2743,3666.343835084699,0.01277601346373558,0.05000000074505806,0.1684887409210205,4.634999752044678
2744,3667.3855123072863,0.012265869416296482,0.05000000074505806,0.17877191305160522,4.5333333015441895
2745,3668.2705833828077,0.0136230094358325,0.05000000074505806,0.1736944019794464,4.5333333015441895
2746,3670.177674339153,0.012253726832568645,0.05000000074505806,0.17089678347110748,4.316667079925537
2747,3671.2940691821277,0.011106081306934357,0.05000000074505806,0.1819838285446167,5.299999713897705
2748,3672.211324641481,0.013924755156040192,0.05000000074505806,0.17229965329170227,4.75
2749,3673.1262768879533,0.014510571956634521,0.05000000074505806,0.17018868029117584,4.481817245483398
2750,3674.3977700555697,0.013033617287874222,0.05000000074505806,0.1654028594493866,4.388000011444092
2751,3676.3700768863782,0.013869580812752247,0.05000000074505806,0.16427379846572876,4.1150007247924805
2752,3677.834756573662,0.013775193132460117,0.05000000074505806,0.16948853433132172,4.914285182952881
2753,3678.721301788464,0.013160991482436657,0.05000000074505806,0.1789168119430542,5.018749713897705
2754,3680.4710788177326,0.011801270768046379,0.05000000074505806,0.1753520965576172,4.595652103424072
2755,3681.3484411016107,0.012078649364411831,0.05000000074505806,0.1683391034603119,4.479166507720947
2756,3682.252157477662,0.012302435003221035,0.05000000074505806,0.16973179578781128,4.489473819732666
2757,3683.477196948603,0.01161742303520441,0.05000000074505806,0.17795413732528687,4.789999961853027
2758,3684.386444582604,0.011373020708560944,0.05000000074505806,0.16281835734844208,4.395454406738281
2759,3685.7449215734378,0.0127718485891819,0.05000000074505806,0.17210625112056732,4.680952072143555
2760,3687.1294391388074,0.01122087612748146,0.05000000074505806,0.16823160648345947,4.566666603088379
2761,3688.0270334053785,0.012256007641553879,0.05000000074505806,0.16562500596046448,4.117241382598877
2762,3689.259006482549,0.01285960990935564,0.05000000074505806,0.1578800529241562,4.088888645172119
2763,3690.130975534208,0.013548998162150383,0.05000000074505806,0.18301226198673248,4.357691764831543
2764,3691.021630225703,0.012981653213500977,0.05000000074505806,0.17326529324054718,4.905555725097656
2765,3693.1071572890505,0.013906215317547321,0.05000000074505806,0.17027464509010315,4.468181610107422
2766,3695.2566247032955,0.012594315223395824,0.05000000074505806,0.16420455276966095,4.472222328186035
2767,3696.1490949643776,0.014685936272144318,0.05000000074505806,0.1778571605682373,4.138461589813232
2768,3697.6166639132425,0.012356363236904144,0.05000000074505806,0.16261538863182068,4.4639997482299805
2769,3698.478871914558,0.013358528725802898,0.05000000074505806,0.160115584731102,4.251999855041504
2770,3699.3477976899594,0.011714284308254719,0.05000000074505806,0.18037578463554382,5.133333206176758
2771,3700.40159738902,0.011988965794444084,0.05000000074505806,0.17097792029380798,4.320833206176758
2772,3702.335796231404,0.013249710202217102,0.05000000074505806,0.17675159871578217,4.5239996910095215
2773,3703.206197142601,0.012182851321995258,0.05000000074505806,0.15749235451221466,4.040740489959717
2774,3704.2539694132283,0.012165853753685951,0.05000000074505806,0.16418685019016266,4.419047832489014
2775,3705.5164524307474,0.012422380968928337,0.05000000074505806,0.1726597249507904,4.208333492279053
2776,3707.5943961776793,0.012476084753870964,0.05000000074505806,0.1706896722316742,4.845000267028809
2777,3708.4902619104832,0.012946992181241512,0.05000000074505806,0.16750001907348633,4.538888931274414
2778,3709.6390832411125,0.016257017850875854,0.05000000074505806,0.17109929025173187,4.730434894561768
2779,3710.538044749759,0.011587998829782009,0.05000000074505806,0.1782742589712143,4.455555438995361
2780,3712.246576819569,0.014095750637352467,0.05000000074505806,0.17793242633342743,4.416666507720947
2781,3713.508650701493,0.011896156705915928,0.05000000074505806,0.18456220626831055,5.678570747375488
2782,3714.666079007089,0.012900437228381634,0.05000000074505806,0.1640545278787613,4.4347825050354
2783,3715.736202031374,0.01110827550292015,0.05000000074505806,0.16599689424037933,4.125
2784,3716.7915794495493,0.013033483177423477,0.05000000074505806,0.1617283970117569,4.244000434875488
2785,3717.7223049914464,0.013459808193147182,0.05000000074505806,0.16406571865081787,4.300000190734863
2786,3718.771282395348,0.014714483171701431,0.05000000074505806,0.16932204365730286,4.715789794921875
2787,3719.692881608382,0.01288169901818037,0.05000000074505806,0.17747163772583008,4.5239996910095215
2788,3720.7704240670428,0.013668105006217957,0.05000000074505806,0.16896550357341766,4.749999046325684
2789,3722.4427150590345,0.013509951531887054,0.05000000074505806,0.1692189872264862,4.164285659790039
2790,3723.7223806586117,0.012200646102428436,0.05000000074505806,0.16577287018299103,4.3545451164245605
2791,3724.748379038647,0.012518699280917645,0.05000000074505806,0.16264089941978455,4.395651817321777
2792,3725.5956516247243,0.011554175056517124,0.05000000074505806,0.1713532656431198,4.334615230560303
2793,3726.5884330179542,0.01334099005907774,0.05000000074505806,0.1653333306312561,4.189473628997803
2794,3727.823905074969,0.014938130043447018,0.05000000074505806,0.1736408770084381,4.4178571701049805
2795,3729.042336608283,0.013775735162198544,0.05000000074505806,0.1639575958251953,4.584210395812988
2796,3729.9597047874704,0.015354921109974384,0.05000000074505806,0.16828885674476624,4.295651912689209
2797,3730.861739085987,0.012302250601351261,0.05000000074505806,0.17238937318325043,4.499999523162842
2798,3731.8448502700776,0.011916827410459518,0.05000000074505806,0.1670180708169937,4.231999397277832
2799,3732.7670030109584,0.011450021527707577,0.05000000074505806,0.1668333262205124,4.626087188720703
2800,3734.377174163237,0.012111378833651543,0.05000000074505806,0.16712750494480133,4.251852035522461
2801,3736.1946159554645,0.013399912044405937,0.05000000074505806,0.16536584496498108,4.17307710647583
2802,3737.1700681196526,0.01084275171160698,0.05000000074505806,0.17799144983291626,5.346153736114502
2803,3738.5551902884617,0.012705817818641663,0.05000000074505806,0.18128439784049988,4.747826099395752
2804,3739.656403119676,0.013306667096912861,0.05000000074505806,0.17010676860809326,4.449999809265137
2805,3740.7019891487435,0.011602507904171944,0.05000000074505806,0.17767174541950226,4.618182182312012
2806,3742.37014679797,0.012246484868228436,0.05000000074505806,0.17249999940395355,4.75
2807,3744.087215923704,0.012895677238702774,0.05000000074505806,0.15748503804206848,4.042307376861572
2808,3744.919032905251,0.013869970105588436,0.05000000074505806,0.1623639166355133,4.0625
2809,3746.3516024397686,0.012638621032238007,0.05000000074505806,0.15817610919475555,4.1678571701049805
2810,3747.2316452171654,0.012232091277837753,0.05000000074505806,0.16599690914154053,4.180768966674805
2811,3748.6783304288983,0.014587064273655415,0.05000000074505806,0.16625194251537323,4.34782600402832
2812,3749.9491283781826,0.013043259270489216,0.05000000074505806,0.17443478107452393,4.440000057220459
2813,3750.8189931930974,0.014407343231141567,0.05000000074505806,0.17195767164230347,4.726086616516113
2814,3752.4228211771697,0.012650171294808388,0.05000000074505806,0.16999998688697815,4.31481409072876
2815,3753.7386961216107,0.012316820211708546,0.05000000074505806,0.16394230723381042,4.48799991607666
2816,3754.9418435506523,0.012841527350246906,0.05000000074505806,0.16949430108070374,4.211999893188477
2817,3756.950766960159,0.013583756051957607,0.05000000074505806,0.16784566640853882,4.153571128845215
2818,3757.7939763022587,0.012858434580266476,0.05000000074505806,0.1815475970506668,5.1999993324279785
2819,3758.673659456894,0.014402692206203938,0.05000000074505806,0.18291263282299042,5.05555534362793
2820,3759.569317574613,0.013185383751988411,0.05000000074505806,0.1616588532924652,4.291304111480713
2821,3760.4406913667917,0.014520516619086266,0.05000000074505806,0.16158537566661835,4.154545307159424
2822,3761.8336681956425,0.012632036581635475,0.05000000074505806,0.17491288483142853,4.608333110809326
2823,3762.7181782815605,0.013125416822731495,0.05000000074505806,0.14951613545417786,3.98846173286438
2824,3763.7547385105863,0.011933179572224617,0.05000000074505806,0.17524752020835876,4.261538505554199
2825,3764.651343137957,0.012466272339224815,0.05000000074505806,0.16605959832668304,4.391665935516357
2826,3765.521401478909,0.011196501553058624,0.05000000074505806,0.16389413177967072,4.5
2827,3766.544020442292,0.012726806104183197,0.05000000074505806,0.1793680191040039,4.673684597015381
2828,3768.011502580717,0.012238569557666779,0.05000000074505806,0.16402985155582428,4.365517616271973
2829,3769.2863019555807,0.01206125970929861,0.05000000074505806,0.16794872283935547,4.519999980926514
2830,3770.6129244808108,0.013376741670072079,0.05000000074505806,0.17683522403240204,4.504545211791992
2831,3772.0676876632497,0.012285036966204643,0.05000000074505806,0.17445141077041626,4.370370388031006
2832,3774.5324364462867,0.011293857358396053,0.05000000074505806,0.1653781533241272,4.321052551269531
2833,3776.5863148905337,0.011661497876048088,0.05000000074505806,0.16611570119857788,4.539129734039307
2834,3778.038905370049,0.011737396009266376,0.05000000074505806,0.16303972899913788,4.382608413696289
2835,3778.928122399375,0.013606928288936615,0.05000000074505806,0.15750394761562347,4.034782409667969
2836,3780.9689407031983,0.011582190170884132,0.05000000074505806,0.1678362637758255,4.13870906829834
2837,3782.5306339543313,0.01422905083745718,0.05000000074505806,0.16288286447525024,4.455000400543213
2838,3783.7269819984213,0.012896675616502762,0.05000000074505806,0.16843034327030182,4.657894134521484
2839,3785.2361534973606,0.013010946102440357,0.05000000074505806,0.16585016250610352,4.199999809265137
2840,3786.108807362616,0.012941316701471806,0.05000000074505806,0.1766599863767624,4.892307281494141
2841,3787.755411987193,0.01295620296150446,0.05000000074505806,0.17119856178760529,4.482608318328857
2842,3788.9871757319197,0.01197254192084074,0.05000000074505806,0.1619335412979126,4.395999908447266
2843,3790.912177162245,0.013235163874924183,0.05000000074505806,0.19090910255908966,4.634782314300537
2844,3792.593919170089,0.012353932484984398,0.05000000074505806,0.16013985872268677,4.093749523162842
2845,3794.5781018314883,0.013741322793066502,0.05000000074505806,0.18498942255973816,4.975000381469727
2846,3795.9056971687824,0.011552568525075912,0.05000000074505806,0.1666131615638733,4.612499713897705
2847,3796.872865371406,0.014766992069780827,0.05000000074505806,0.17050093412399292,4.27142858505249
2848,3797.8183951517567,0.012672100216150284,0.05000000074505806,0.18028675019741058,5.0523810386657715
2849,3800.2188317077234,0.0138319106772542,0.05000000074505806,0.16721311211585999,4.252173900604248
2850,3802.6225231755525,0.013539092615246773,0.05000000074505806,0.17813687026500702,5.050000190734863
2851,3803.8667739462107,0.014123831875622272,0.05000000074505806,0.16671553254127502,4.089285373687744
2852,3805.4098440036178,0.011752591468393803,0.05000000074505806,0.1733766347169876,4.472726821899414
2853,3806.6347692590207,0.011414097622036934,0.05000000074505806,0.170613095164299,4.655555248260498
2854,3807.952127762139,0.013416809029877186,0.05000000074505806,0.17697367072105408,5.052940845489502
2855,3808.902635107748,0.01138413418084383,0.05000000074505806,0.1658904105424881,4.273333549499512
2856,3809.762284629047,0.014727361500263214,0.05000000074505806,0.17462435364723206,4.326315402984619
2857,3810.926336348988,0.01372856367379427,0.05000000074505806,0.1569277048110962,4.085713863372803
2858,3812.0250674122944,0.0130357276648283,0.05000000074505806,0.16768190264701843,4.443478107452393
2859,3813.4802950406447,0.011844192631542683,0.05000000074505806,0.1654028445482254,4.2296295166015625
2860,3814.9287891024724,0.013201932422816753,0.05000000074505806,0.17252396047115326,4.360000133514404
2861,3816.6326866075397,0.013052190653979778,0.05000000074505806,0.17249071598052979,4.626086235046387
2862,3818.236052003689,0.01535948459059,0.05000000074505806,0.17049744725227356,4.331579208374023
2863,3819.1221779752523,0.011364870704710484,0.05000000074505806,0.16888217628002167,4.256522178649902
2864,3820.03083066456,0.013338136486709118,0.05000000074505806,0.16131259500980377,4.626086711883545
2865,3821.4207045463845,0.011640992946922779,0.05000000074505806,0.17588424682617188,4.3045454025268555
2866,3823.020049540326,0.013041314668953419,0.05000000074505806,0.16497372090816498,4.307692527770996
2867,3824.222065488808,0.012245574034750462,0.05000000074505806,0.18000000715255737,4.888234615325928
2868,3825.0781567571685,0.009672429412603378,0.05000000074505806,0.1621716171503067,4.565000057220459
2869,3826.0130989989266,0.012913313694298267,0.05000000074505806,0.17312702536582947,4.395999908447266
2870,3827.88642990496,0.011754746548831463,0.05000000074505806,0.16939890384674072,4.476190567016602
2871,3828.8450977252796,0.011385614983737469,0.05000000074505806,0.16178570687770844,4.425000190734863
2872,3830.3571144780144,0.011849729344248772,0.05000000074505806,0.17714285850524902,4.6454548835754395
2873,3832.1510182535276,0.013741937465965748,0.05000000074505806,0.16502176225185394,4.285184860229492
2874,3833.866728560999,0.011318047530949116,0.05000000074505806,0.17075037956237793,4.191999912261963
2875,3835.5023121330887,0.012957039289176464,0.05000000074505806,0.16916222870349884,4.552174091339111
2876,3836.470938295126,0.013931690715253353,0.05000000074505806,0.16987381875514984,4.411999702453613
2877,3837.4554322073236,0.014351814053952694,0.05000000074505806,0.1760399341583252,4.636842250823975
2878,3838.8026475282386,0.013883274048566818,0.05000000074505806,0.1771276593208313,4.669565200805664
2879,3839.867688663304,0.010280925780534744,0.05000000074505806,0.177734375,4.862500190734863
2880,3843.069847038947,0.01166643388569355,0.05000000074505806,0.16391436755657196,4.3423075675964355
2881,3844.5592172183096,0.012182680889964104,0.05000000074505806,0.17153701186180115,4.468181610107422
2882,3846.105432657525,0.013181238435208797,0.05000000074505806,0.16520075500011444,4.514286041259766
2883,3847.1570362420753,0.011989625170826912,0.05000000074505806,0.17106227576732635,4.675000190734863
2884,3848.8813395183533,0.012906416319310665,0.05000000074505806,0.17237763106822968,4.442105293273926
2885,3849.7844350570813,0.01251785084605217,0.05000000074505806,0.16120129823684692,4.099999904632568
2886,3851.511245892383,0.012422474101185799,0.05000000074505806,0.1684952825307846,4.252000331878662
2887,3852.9605750851333,0.011083918623626232,0.05000000074505806,0.1704467236995697,4.613043308258057
2888,3854.754683839157,0.012407585047185421,0.05000000074505806,0.15757009387016296,4.5
2889,3856.1377945365384,0.013248114846646786,0.05000000074505806,0.17023411393165588,4.391666889190674
2890,3857.107123767957,0.012916089035570621,0.05000000074505806,0.16447368264198303,4.291304111480713
2891,3858.438467170112,0.01379825733602047,0.05000000074505806,0.17605894804000854,4.657894611358643
2892,3859.490249224007,0.011684384196996689,0.05000000074505806,0.17358489334583282,4.542856693267822
2893,3860.3363536559045,0.013135785236954689,0.05000000074505806,0.1765652894973755,4.815000534057617
2894,3861.306398574263,0.012301456183195114,0.05000000074505806,0.16829653084278107,4.25
2895,3862.1940533090383,0.013840400613844395,0.05000000074505806,0.16501976549625397,4.783332824707031
2896,3863.5549735669047,0.014170565642416477,0.05000000074505806,0.1667768508195877,4.399999618530273
2897,3865.052563798614,0.014121223241090775,0.05000000074505806,0.16978298127651215,4.495238304138184
2898,3866.512707025744,0.014144939370453358,0.05000000074505806,0.16091954708099365,3.9240000247955322
2899,3867.4143909215927,0.013022300787270069,0.05000000074505806,0.1726967990398407,4.409090995788574
2900,3868.308232841082,0.012532678432762623,0.05000000074505806,0.16374269127845764,4.495454788208008
2901,3869.295691997744,0.01295886468142271,0.05000000074505806,0.16550523042678833,4.4347825050354
2902,3870.9044047575444,0.010444852523505688,0.05000000074505806,0.17047308385372162,4.343999862670898
2903,3871.8965938370675,0.014245280995965004,0.05000000074505806,0.16220614314079285,4.389999866485596
2904,3872.8325723307207,0.011526031419634819,0.05000000074505806,0.165946826338768,4.8125
2905,3874.4370870636776,0.011807562783360481,0.05000000074505806,0.16672898828983307,4.476190090179443
2906,3875.3223630040884,0.013450728729367256,0.05000000074505806,0.17945736646652222,4.379166603088379
2907,3876.258988573216,0.011752831749618053,0.05000000074505806,0.1773519217967987,4.75454568862915
2908,3877.646908124909,0.0143521623685956,0.05000000074505806,0.18346938490867615,4.949999809265137
2909,3878.848142756149,0.015349268913269043,0.05000000074505806,0.1712837815284729,4.6583333015441895
2910,3880.368711446412,0.014998375438153744,0.05000000074505806,0.17739726603031158,4.426315784454346
2911,3881.4707916202024,0.011358418501913548,0.05000000074505806,0.17174603044986725,4.826086521148682
2912,3882.5409226799384,0.011345228180289268,0.05000000074505806,0.16815286874771118,4.085713863372803
2913,3883.4118708940223,0.012682382017374039,0.05000000074505806,0.16867469251155853,4.657894611358643
2914,3884.408328831196,0.011604676954448223,0.05000000074505806,0.16561461985111237,4.286363124847412
2915,3886.520127129741,0.012105898931622505,0.05000000074505806,0.1662030667066574,4.254838466644287
2916,3887.4567302167416,0.012681984342634678,0.05000000074505806,0.168606698513031,4.363636493682861
2917,3888.874672737904,0.012721937149763107,0.05000000074505806,0.1690431535243988,4.6761908531188965
2918,3889.7475622473285,0.013560379855334759,0.05000000074505806,0.16485713422298431,4.041379928588867
2919,3891.6379614407197,0.012914936058223248,0.05000000074505806,0.1786077916622162,4.685713768005371
2920,3892.9722313722596,0.01076077576726675,0.05000000074505806,0.16153846681118011,4.3230767250061035
2921,3894.10281450022,0.013100352138280869,0.05000000074505806,0.1861719936132431,4.96999979019165
2922,3895.2046047952026,0.014644700102508068,0.05000000074505806,0.17188049852848053,4.331579208374023
2923,3896.7431488242,0.012801128439605236,0.05000000074505806,0.15848739445209503,4.452173709869385
2924,3898.5115141915157,0.012511233799159527,0.05000000074505806,0.1599033921957016,4.244000434875488
2925,3900.2590529667214,0.01082834042608738,0.05000000074505806,0.17674419283866882,4.376190185546875
2926,3901.9270646236837,0.01106586679816246,0.05000000074505806,0.16568046808242798,4.317391395568848
2927,3902.971289852634,0.012125195004045963,0.05000000074505806,0.16721580922603607,4.174074172973633
2928,3903.865819118917,0.01257381308823824,0.05000000074505806,0.16489532589912415,4.362499713897705
2929,3904.7546047028154,0.011349381878972054,0.05000000074505806,0.16976352035999298,4.516666889190674
2930,3905.8602713700384,0.012303524650633335,0.05000000074505806,0.17478260397911072,4.554166316986084
2931,3906.70446086023,0.011843251064419746,0.05000000074505806,0.1690518856048584,4.75
2932,3908.1080447975546,0.011171276681125164,0.05000000074505806,0.17064392566680908,4.638888835906982
2933,3909.195758441463,0.013885061256587505,0.05000000074505806,0.1857999861240387,5.115789413452148
2934,3910.215086837299,0.01184910349547863,0.05000000074505806,0.17116788029670715,4.699999809265137
2935,3911.6479825004935,0.012927966192364693,0.05000000074505806,0.1704866588115692,4.174999713897705
2936,3912.970916695893,0.010963702574372292,0.05000000074505806,0.18141025304794312,5.300000190734863
2937,3914.3207597825676,0.011950463987886906,0.05000000074505806,0.16679106652736664,5.0
2938,3915.7889588847756,0.012439753860235214,0.05000000074505806,0.16961805522441864,4.323999404907227
2939,3916.775504015386,0.012489239685237408,0.05000000074505806,0.164675772190094,4.640909194946289
2940,3918.35647664126,0.013550065457820892,0.05000000074505806,0.16995516419410706,3.9103446006774902
2941,3920.502977498807,0.014192607253789902,0.05000000074505806,0.16235490143299103,4.308000087738037
2942,3921.876424860209,0.013141029514372349,0.05000000074505806,0.17966102063655853,4.877272129058838
2943,3923.1665797270834,0.013062975369393826,0.05000000074505806,0.1719798594713211,4.519999980926514
2944,3924.2653451636434,0.013383971527218819,0.05000000074505806,0.17315541207790375,4.4079999923706055
2945,3926.027693508193,0.011658097617328167,0.05000000074505806,0.17417101562023163,4.661905288696289
2946,3927.7116997623816,0.013262615539133549,0.05000000074505806,0.17431974411010742,4.704166412353516
2947,3929.4441566467285,0.011697470210492611,0.05000000074505806,0.16353322565555573,4.342856407165527
2948,3930.6069681262597,0.013868558220565319,0.05000000074505806,0.15528219938278198,3.848484992980957
2949,3932.659298889339,0.011513006873428822,0.05000000074505806,0.1768774688243866,5.111764907836914
2950,3935.7776033869013,0.013093827292323112,0.05000000074505806,0.1702095866203308,4.162499904632568
2951,3937.0820337552577,0.010450897738337517,0.05000000074505806,0.1630934327840805,4.203846454620361
2952,3938.3179250322282,0.012249954044818878,0.05000000074505806,0.16377295553684235,4.211111068725586
2953,3939.8629180500284,0.012339274398982525,0.05000000074505806,0.17833037674427032,4.931578636169434
2954,3940.969757535495,0.013093086890876293,0.05000000074505806,0.16440176963806152,4.330769062042236
2955,3942.080861845985,0.0123483557254076,0.05000000074505806,0.1653379648923874,4.179999828338623
2956,3943.396273531951,0.01206157635897398,0.05000000074505806,0.1647416353225708,4.231034278869629
2957,3945.041388585232,0.012484355829656124,0.05000000074505806,0.16836364567279816,4.705262660980225
2958,3945.9504328723997,0.011350004933774471,0.05000000074505806,0.17177699506282806,4.3041672706604
2959,3947.014671289362,0.014858328737318516,0.05000000074505806,0.16471543908119202,4.339999675750732
2960,3948.010401093401,0.013109216466546059,0.05000000074505806,0.16676877439022064,4.152173042297363
2961,3948.8748619090766,0.013620405457913876,0.05000000074505806,0.1593862920999527,4.288235187530518
2962,3949.7740240320563,0.01231424231082201,0.05000000074505806,0.17111913859844208,4.734783172607422
2963,3950.63986045029,0.011429558508098125,0.05000000074505806,0.174506276845932,4.15217399597168
2964,3951.5011672461405,0.012195222079753876,0.05000000074505806,0.17068344354629517,4.914999961853027
2965,3952.8494287356734,0.013408827595412731,0.05000000074505806,0.15996704995632172,4.123076915740967
2966,3954.3437102707103,0.012795757502317429,0.05000000074505806,0.17094597220420837,4.638888359069824
2967,3955.2094046398997,0.012283009476959705,0.05000000074505806,0.16271185874938965,4.460869312286377
2968,3956.0874290773645,0.012657337822020054,0.05000000074505806,0.1712396740913391,4.340000152587891
2969,3957.259587481618,0.012713370844721794,0.05000000074505806,0.17306272685527802,4.684999942779541
2970,3958.325498305261,0.012453942559659481,0.05000000074505806,0.15409252047538757,4.130000114440918
2971,3960.3128803242,0.014106262475252151,0.05000000074505806,0.17065420746803284,4.661904335021973
2972,3961.778790961951,0.010988212190568447,0.05000000074505806,0.1659606546163559,4.403846263885498
2973,3963.393700457178,0.015423108823597431,0.05000000074505806,0.16139456629753113,4.257894992828369
2974,3964.7990065319464,0.012216899544000626,0.05000000074505806,0.16551725566387177,4.481818199157715
2975,3965.7451564976946,0.012528680264949799,0.05000000074505806,0.16003109514713287,4.028571128845215
2976,3966.6286103203893,0.011370223015546799,0.05000000074505806,0.16961327195167542,4.5176472663879395
2977,3967.670407173224,0.014863596297800541,0.05000000074505806,0.17209301888942719,4.555000305175781
2978,3968.783659858629,0.012480932287871838,0.05000000074505806,0.16809268295764923,4.6434783935546875
2979,3970.8121993653476,0.012082898989319801,0.05000000074505806,0.1709323525428772,4.599999904632568
2980,3972.204319914803,0.012012853287160397,0.05000000074505806,0.17330826818943024,4.699999809265137
2981,3973.1811941713095,0.013453821651637554,0.05000000074505806,0.16838233172893524,4.852941036224365
2982,3974.0757750133052,0.010807853192090988,0.05000000074505806,0.1770547777414322,4.608333110809326
2983,3975.731880778447,0.012466831132769585,0.05000000074505806,0.17732341587543488,4.6043477058410645
2984,3978.323561633937,0.012592636048793793,0.05000000074505806,0.16480685770511627,4.281481742858887
2985,3979.4036849066615,0.012536413036286831,0.05000000074505806,0.1531609147787094,3.6518521308898926
2986,3980.8208547150716,0.011029446497559547,0.05000000074505806,0.16393160820007324,4.3958330154418945
2987,3982.4818450743333,0.014031952247023582,0.05000000074505806,0.16072605550289154,4.270833492279053
2988,3983.4146561240777,0.011903531849384308,0.05000000074505806,0.17069537937641144,4.0176472663879395
2989,3984.3226867122576,0.012911730445921421,0.05000000074505806,0.17520833015441895,5.038094997406006
2990,3985.198869823478,0.014911522157490253,0.05000000074505806,0.17102472484111786,4.804999828338623
2991,3986.619434889406,0.011411977000534534,0.05000000074505806,0.173404261469841,4.327272415161133
2992,3987.5148580959067,0.012469734996557236,0.05000000074505806,0.16414763033390045,4.543478012084961
2993,3989.1881174277514,0.011947959661483765,0.05000000074505806,0.17642980813980103,4.509523868560791
2994,3990.957031269558,0.014525936916470528,0.05000000074505806,0.17135921120643616,4.577272415161133
2995,3992.2625110959634,0.014877610839903355,0.05000000074505806,0.16006389260292053,4.2708330154418945
2996,3994.265349490568,0.013295978307723999,0.05000000074505806,0.18601132929325104,4.680952548980713
2997,3996.2215551231056,0.011531169526278973,0.05000000074505806,0.16398027539253235,4.423809051513672
2998,3997.5254055187106,0.012895842082798481,0.05000000074505806,0.1624137908220291,4.350000381469727
2999,3998.6221863133833,0.012549313716590405,0.05000000074505806,0.1690598428249359,4.460869312286377
3000,3999.5383725808933,0.014109357260167599,0.05000000074505806,0.16269955039024353,4.085714340209961
3001,4001.345367877744,0.01115748006850481,0.05000000074505806,0.16434936225414276,4.315789699554443
3002,4003.0770089235157,0.011708451434969902,0.05000000074505806,0.17750000953674316,4.499999523162842
3003,4004.9776042466983,0.011128266341984272,0.05000000074505806,0.17615383863449097,5.287500381469727
3004,4006.2034541051835,0.012237322516739368,0.05000000074505806,0.1735483705997467,4.313043594360352
3005,4008.01395297423,0.01173336710780859,0.05000000074505806,0.17703703045845032,4.76086950302124
3006,4008.9503739336506,0.012850725091993809,0.05000000074505806,0.20082475244998932,5.162500381469727
3007,4009.814061705023,0.012592630460858345,0.05000000074505806,0.1680532544851303,4.608333110809326
3008,4011.5489898910746,0.012136693112552166,0.05000000074505806,0.1750859171152115,4.7727274894714355
3009,4013.029255758971,0.0128713920712471,0.05000000074505806,0.16059114038944244,4.240909099578857
3010,4014.6538022542372,0.013734708540141582,0.05000000074505806,0.17491227388381958,4.004761695861816
3011,4016.456688414328,0.012351452372968197,0.05000000074505806,0.17971014976501465,5.744444370269775
3012,4017.4948117109016,0.011837789788842201,0.05000000074505806,0.15720337629318237,3.7903225421905518
3013,4018.356120929122,0.0124628571793437,0.05000000074505806,0.16772574186325073,4.4039998054504395
3014,4019.809292986989,0.011435776017606258,0.05000000074505806,0.17157533764839172,4.556521415710449
3015,4021.3021948393434,0.011408419348299503,0.05000000074505806,0.1676703542470932,4.311538219451904
3016,4023.155152667314,0.012905667535960674,0.05000000074505806,0.16602787375450134,4.336841583251953
3017,4024.7891974877566,0.014439459890127182,0.05000000074505806,0.1754448413848877,4.631579399108887
3018,4026.3803413957357,0.012714207172393799,0.05000000074505806,0.17409837245941162,4.495999813079834
3019,4028.246739482507,0.012826318852603436,0.05000000074505806,0.17460870742797852,4.944999694824219
3020,4029.199753158726,0.01448572427034378,0.05000000074505806,0.17268040776252747,4.704347610473633
3021,4030.2840398726985,0.012397957034409046,0.05000000074505806,0.17508473992347717,4.345454692840576
3022,4031.8113600239158,0.014282282441854477,0.05000000074505806,0.1548905074596405,4.02222204208374
3023,4033.1510799666867,0.011412662453949451,0.05000000074505806,0.1776014119386673,4.585713863372803
3024,4034.4728122390807,0.013124254532158375,0.05000000074505806,0.1719101220369339,4.794736862182617
3025,4036.2728621400893,0.012161060236394405,0.05000000074505806,0.17520391941070557,4.5
3026,4037.528854609467,0.013809680938720703,0.05000000074505806,0.17073170840740204,4.740909099578857
3027,4038.8735476071015,0.012894278392195702,0.05000000074505806,0.16973058879375458,4.296153545379639
3028,4039.96764838323,0.011671872809529305,0.05000000074505806,0.16741742193698883,4.355556011199951
3029,4041.078223601915,0.013551759533584118,0.05000000074505806,0.17256200313568115,4.436363220214844
3030,4043.2463176129386,0.013976863585412502,0.05000000074505806,0.16033057868480682,4.3428568840026855
3031,4045.0638878475875,0.014355327934026718,0.05000000074505806,0.17217235267162323,4.554166793823242
3032,4046.0024284292012,0.011290272697806358,0.05000000074505806,0.16012659668922424,4.3041672706604
3033,4047.609874133952,0.012998790480196476,0.05000000074505806,0.17011070251464844,4.54736852645874
3034,4049.0169787649065,0.009670195169746876,0.05000000074505806,0.17142857611179352,4.296296119689941
3035,4049.8843579171225,0.01316842157393694,0.05000000074505806,0.16830122470855713,4.42380952835083
3036,4052.328577616252,0.013404999859631062,0.05000000074505806,0.16958677768707275,4.558823585510254
3037,4053.693379068747,0.011086463928222656,0.05000000074505806,0.16961130499839783,4.339999675750732
3038,4055.3425837215036,0.010868888348340988,0.05000000074505806,0.16944970190525055,4.904999732971191
3039,4056.3922779262066,0.012120801024138927,0.05000000074505806,0.17805756628513336,4.450000286102295
3040,4058.042248209007,0.012782737612724304,0.05000000074505806,0.15819935500621796,4.387500286102295
3041,4059.8204626850784,0.013509364798665047,0.05000000074505806,0.16872908174991608,4.168420791625977
3042,4061.754306986928,0.014835014939308167,0.05000000074505806,0.16468697786331177,4.652174472808838
3043,4063.5798650858924,0.01336708851158619,0.05000000074505806,0.17202270030975342,4.25454568862915
3044,4064.4858196787536,0.012455441989004612,0.05000000074505806,0.18593448400497437,4.938095569610596
3045,4065.5729235159233,0.014891336672008038,0.05000000074505806,0.19115647673606873,5.612500190734863
3046,4066.955673984252,0.012453051283955574,0.05000000074505806,0.16803455352783203,5.009090900421143
3047,4068.3703474365175,0.013062435202300549,0.05000000074505806,0.17082683742046356,4.459259510040283
3048,4069.8730097105727,0.010858261957764626,0.05000000074505806,0.17675675451755524,4.404762268066406
3049,4070.716606822796,0.012937024235725403,0.05000000074505806,0.1734766811132431,4.739130973815918
3050,4071.8210908696055,0.013195382431149483,0.05000000074505806,0.17209739983081818,4.919999599456787
3051,4073.407646608539,0.012691136449575424,0.05000000074505806,0.16249999403953552,4.18148136138916
3052,4074.7451964579523,0.013067217543721199,0.05000000074505806,0.18042327463626862,4.745454788208008
3053,4075.9405398396775,0.011856157332658768,0.05000000074505806,0.16986970603466034,4.535999774932861
3054,4077.5004328256473,0.010298801586031914,0.05000000074505806,0.16472545266151428,4.523809432983398
3055,4079.5555084543303,0.012936696410179138,0.05000000074505806,0.15859492123126984,3.9559998512268066
3056,4080.570432689972,0.012560551054775715,0.05000000074505806,0.1755101978778839,4.442857265472412
3057,4082.016808256507,0.011595251969993114,0.05000000074505806,0.17063196003437042,4.742856502532959
3058,4083.8404050134122,0.013898666016757488,0.05000000074505806,0.16884920001029968,4.599999904632568
3059,4084.687099744566,0.012782505713403225,0.05000000074505806,0.18131211400032043,4.742857456207275
3060,4085.887183691375,0.012556757777929306,0.05000000074505806,0.17662835121154785,5.409090518951416
3061,4087.1510361600667,0.012311498634517193,0.05000000074505806,0.16774193942546844,4.609523773193359
3062,4088.2505159480497,0.012356983497738838,0.05000000074505806,0.181227445602417,4.8086957931518555
3063,4089.6550678648055,0.013362422585487366,0.05000000074505806,0.15560537576675415,4.2076921463012695
3064,4090.569614230655,0.012857968918979168,0.05000000074505806,0.1679549217224121,4.149999618530273
3065,4091.387680706568,0.011984165757894516,0.05000000074505806,0.16701571643352509,4.443478107452393
3066,4092.4655469907448,0.01224270835518837,0.05000000074505806,0.17592592537403107,4.247999668121338
3067,4094.030500529334,0.01335952989757061,0.05000000074505806,0.16331268846988678,4.365217685699463
3068,4096.207832293585,0.012454252690076828,0.05000000074505806,0.16957329213619232,4.469565391540527
3069,4097.202908277512,0.015216424129903316,0.05000000074505806,0.1672986000776291,4.32692289352417
3070,4098.341268143617,0.014240716584026814,0.05000000074505806,0.1651291698217392,4.429999828338623
3071,4099.91197246965,0.011282951571047306,0.05000000074505806,0.16445881128311157,4.320833206176758
3072,4101.30842405837,0.01296617928892374,0.05000000074505806,0.16868853569030762,4.278260707855225
3073,4102.725024366751,0.010559497401118279,0.05000000074505806,0.16185738146305084,4.447826385498047
3074,4103.656402172521,0.01189569104462862,0.05000000074505806,0.16806568205356598,3.940000057220459
3075,4104.568789710291,0.011211005039513111,0.05000000074505806,0.17473867535591125,5.010526657104492
3076,4106.361174077727,0.012888172641396523,0.05000000074505806,0.17130731046199799,4.631818771362305
3077,4107.369603315368,0.012701462022960186,0.05000000074505806,0.17014680802822113,4.1785712242126465
3078,4108.286692515016,0.012736937962472439,0.05000000074505806,0.17538461089134216,4.900000095367432
3079,4109.576802512631,0.013899796642363071,0.05000000074505806,0.1651574671268463,4.676190376281738
3080,4110.832492174581,0.011434062384068966,0.05000000074505806,0.18174906075000763,4.729412078857422
3081,4111.746370174922,0.014244642108678818,0.05000000074505806,0.1680430918931961,4.784210681915283
3082,4113.923736175522,0.012255443260073662,0.05000000074505806,0.17253519594669342,4.599999904632568
3083,4115.258609917946,0.01275222934782505,0.05000000074505806,0.17572464048862457,4.459090709686279
3084,4116.252030388452,0.013192002661526203,0.05000000074505806,0.17590360343456268,4.759091377258301
3085,4117.142323672771,0.012529858388006687,0.05000000074505806,0.16152669489383698,4.129629611968994
3086,4118.386602028273,0.013030854053795338,0.05000000074505806,0.17951582372188568,4.824999809265137
3087,4119.384827175178,0.012734354473650455,0.05000000074505806,0.169308602809906,4.5625
3088,4120.46749333851,0.013532306998968124,0.05000000074505806,0.16300885379314423,4.303999900817871
3089,4121.376451543532,0.012450478039681911,0.05000000074505806,0.16420289874076843,4.062963008880615
3090,4122.756902675144,0.01575053110718727,0.05000000074505806,0.16430819034576416,4.426086902618408
3091,4123.977787497453,0.014023208059370518,0.05000000074505806,0.1650582253932953,4.211999893188477
3092,4124.9481543675065,0.013182091526687145,0.05000000074505806,0.16935484111309052,4.230769157409668
3093,4127.375269322656,0.013944554142653942,0.05000000074505806,0.1730232685804367,4.4639997482299805
3094,4128.707771084271,0.013288182206451893,0.05000000074505806,0.17816901206970215,4.594444274902344
3095,4129.598104275763,0.014950677752494812,0.05000000074505806,0.1736418604850769,4.831818103790283
3096,4130.467897884548,0.0119177820160985,0.05000000074505806,0.1763245016336441,4.630434989929199
3097,4131.560032204725,0.012107957154512405,0.05000000074505806,0.16823160648345947,4.249999523162842
3098,4132.43850134965,0.01242685504257679,0.05000000074505806,0.16115444898605347,4.319230079650879
3099,4134.2091548079625,0.01355443149805069,0.05000000074505806,0.15729349851608276,4.400000095367432
3100,4135.1564414976165,0.012191861867904663,0.05000000074505806,0.15594854950904846,3.8483872413635254
3101,4136.227322384715,0.012592600658535957,0.05000000074505806,0.17255812883377075,4.34999942779541
3102,4137.287443814799,0.012382060289382935,0.05000000074505806,0.16497279703617096,4.382352828979492
3103,4138.5664998674765,0.013272385112941265,0.05000000074505806,0.17129337787628174,4.351999759674072
3104,4140.074326372705,0.011431354098021984,0.05000000074505806,0.17340825498104095,4.644999980926514
3105,4141.375841408968,0.011452238075435162,0.05000000074505806,0.16797153651714325,4.773684501647949
3106,4142.498974449933,0.014866884797811508,0.05000000074505806,0.1799301952123642,4.904545783996582
3107,4143.51130362507,0.013580894097685814,0.05000000074505806,0.17446428537368774,4.319999694824219
3108,4144.3893607109785,0.012691046111285686,0.05000000074505806,0.17012089490890503,5.234999656677246
3109,4145.826038324274,0.013871977105736732,0.05000000074505806,0.17425744235515594,4.255556106567383
3110,4146.881315677427,0.014312868006527424,0.05000000074505806,0.17058822512626648,4.530434608459473
3111,4147.859259608202,0.011809433810412884,0.05000000074505806,0.17699114978313446,4.889473915100098
3112,4149.417366944253,0.012803081423044205,0.05000000074505806,0.17142857611179352,4.074999809265137
3113,4150.276327743195,0.011827351525425911,0.05000000074505806,0.17558592557907104,5.076470375061035
3114,4151.5624690223485,0.012252170592546463,0.05000000074505806,0.16802218556404114,4.700000286102295
3115,4152.482115933672,0.013282611966133118,0.05000000074505806,0.1764705926179886,4.454999923706055
3116,4154.348461446352,0.011578534729778767,0.05000000074505806,0.16835664212703705,4.813636302947998
3117,4156.314074500464,0.011547122150659561,0.05000000074505806,0.18406708538532257,4.833333492279053
3118,4157.177065891214,0.011526910588145256,0.05000000074505806,0.1689530611038208,4.773684024810791
3119,4158.074560429901,0.012764829210937023,0.05000000074505806,0.179207906126976,4.877777576446533
3120,4159.305914073251,0.012805167585611343,0.05000000074505806,0.17020872235298157,4.56315803527832
3121,4160.408847628161,0.0134022431448102,0.05000000074505806,0.16883116960525513,4.811110973358154
3122,4161.861895645969,0.012488149106502533,0.05000000074505806,0.16546311974525452,4.495651721954346
3123,4163.562139634043,0.012799900956451893,0.05000000074505806,0.17685039341449738,4.288888454437256
3124,4164.432103065774,0.011973993852734566,0.05000000074505806,0.16322241723537445,4.554999828338623
3125,4165.262930606492,0.013170456513762474,0.05000000074505806,0.17101450264453888,4.476189613342285
3126,4166.62114237342,0.012912623584270477,0.05000000074505806,0.17080152034759521,4.655555248260498
3127,4168.0962804676965,0.011764618568122387,0.05000000074505806,0.16910198330879211,4.313792705535889
3128,4169.002825099975,0.012834696099162102,0.05000000074505806,0.1639372855424881,4.342105388641357
3129,4169.842631221749,0.012425703927874565,0.05000000074505806,0.17340205609798431,5.025000095367432
3130,4170.711619997397,0.01113944686949253,0.05000000074505806,0.17415383458137512,4.449999809265137
3131,4172.2635874589905,0.013207477517426014,0.05000000074505806,0.16877897083759308,4.17142915725708
3132,4173.120875641704,0.01364405918866396,0.05000000074505806,0.16643717885017395,4.639999866485596
3133,4174.552434553392,0.01178679894655943,0.05000000074505806,0.16842104494571686,4.315384864807129
3134,4176.603939224035,0.011860034428536892,0.05000000074505806,0.1667218655347824,4.449999809265137
3135,4177.80318419449,0.014548338018357754,0.05000000074505806,0.18183453381061554,4.641666412353516
3136,4179.650214434601,0.012569254264235497,0.05000000074505806,0.16761904954910278,4.5
3137,4181.135360136628,0.01126113347709179,0.05000000074505806,0.15913620591163635,4.34499979019165
3138,4182.330253317021,0.01295642089098692,0.05000000074505806,0.16153845191001892,4.0333333015441895
3139,4183.32256356813,0.0135154128074646,0.05000000074505806,0.16990655660629272,4.773684978485107
3140,4185.300610435195,0.012626593001186848,0.05000000074505806,0.17286184430122375,4.5
3141,4186.352488270961,0.012629501521587372,0.05000000074505806,0.17037735879421234,4.4882354736328125
3142,4187.494240093976,0.011195198632776737,0.05000000074505806,0.18499025702476501,4.881817817687988
3143,4189.191270667128,0.012336074374616146,0.05000000074505806,0.17093689739704132,4.747367858886719
3144,4190.357342488132,0.011369104497134686,0.05000000074505806,0.17499998211860657,4.361111164093018
3145,4192.713599324226,0.011308055371046066,0.05000000074505806,0.1699187010526657,4.876189708709717
3146,4193.762775495648,0.011429456062614918,0.05000000074505806,0.17257240414619446,4.763636112213135
3147,4195.446318691596,0.011142476461827755,0.05000000074505806,0.15897858142852783,4.13599967956543
3148,4196.967600722797,0.011401605792343616,0.05000000074505806,0.15828874707221985,4.199999809265137
3149,4198.017470156774,0.011085646227002144,0.05000000074505806,0.1682310551404953,4.3545451164245605
3150,4199.996530142613,0.011231848038733006,0.05000000074505806,0.1817813664674759,4.877777099609375
3151,4200.997520121746,0.012903887778520584,0.05000000074505806,0.1681058406829834,4.324999809265137
3152,4201.853455800563,0.012250048108398914,0.05000000074505806,0.17234043776988983,4.442856788635254
3153,4202.756913399324,0.012159496545791626,0.05000000074505806,0.17882134020328522,4.910525798797607
3154,4203.640309137292,0.012982727028429508,0.05000000074505806,0.16103896498680115,4.3565216064453125
3155,4205.121993149631,0.013024438172578812,0.05000000074505806,0.1684512495994568,4.700000286102295
3156,4206.133381856605,0.012659619562327862,0.05000000074505806,0.16707882285118103,4.254545211791992
3157,4208.002270303667,0.011499229818582535,0.05000000074505806,0.15955370664596558,3.9259259700775146
3158,4208.894868382253,0.013036886230111122,0.05000000074505806,0.1551724076271057,3.988461494445801
3159,4209.902526336722,0.012193705886602402,0.05000000074505806,0.1729559749364853,4.345832824707031
3160,4211.443096324801,0.011946074664592743,0.05000000074505806,0.16873978078365326,4.3038458824157715
3161,4212.646784055047,0.012366370297968388,0.05000000074505806,0.16800731420516968,4.56818151473999
3162,4213.567323715426,0.012533283792436123,0.05000000074505806,0.16901615262031555,4.270370006561279
3163,4215.194800906815,0.012181810103356838,0.05000000074505806,0.16492410004138947,4.318181991577148
3164,4216.382002577186,0.013844800181686878,0.05000000074505806,0.1686985194683075,4.380000114440918
3165,4217.344945143908,0.012749508023262024,0.05000000074505806,0.17301036417484283,4.390476226806641
3166,4218.745624677278,0.01330470573157072,0.05000000074505806,0.17101165652275085,5.0
3167,4220.415605897084,0.01116083562374115,0.05000000074505806,0.16634921729564667,4.192307472229004
3168,4222.183395713568,0.011531539261341095,0.05000000074505806,0.1588333398103714,4.369565010070801
3169,4223.239100340754,0.012769553810358047,0.05000000074505806,0.1739424616098404,4.331817626953125
3170,4224.721089961007,0.010826357640326023,0.05000000074505806,0.1728455275297165,4.599999904632568
3171,4225.806517790072,0.012044025585055351,0.05000000074505806,0.1670120805501938,4.366666316986084
3172,4226.7474002521485,0.011563838459551334,0.05000000074505806,0.16786324977874756,4.313636302947998
3173,4228.320691158064,0.012799156829714775,0.05000000074505806,0.16834264993667603,4.475000381469727
3174,4229.2022077078,0.013863539323210716,0.05000000074505806,0.1716049462556839,4.590908527374268
3175,4230.487722625956,0.011226999573409557,0.05000000074505806,0.16919772326946259,4.349999904632568
3176,4231.8580616870895,0.010589521378278732,0.05000000074505806,0.16049766540527344,4.10370397567749
3177,4233.186203880236,0.012756261974573135,0.05000000074505806,0.16941392421722412,4.515000343322754
3178,4234.08660203591,0.010571787133812904,0.05000000074505806,0.16427455842494965,4.390476226806641
3179,4234.989662154578,0.012762172147631645,0.05000000074505806,0.16373831033706665,4.4476189613342285
3180,4237.157424296252,0.012240990996360779,0.05000000074505806,0.1718110293149948,4.1148152351379395
3181,4238.478727702051,0.011369303800165653,0.05000000074505806,0.16614310443401337,4.990476131439209
3182,4240.105148723349,0.013135189190506935,0.05000000074505806,0.16576863825321198,4.223076820373535
3183,4241.352533093654,0.014030025340616703,0.05000000074505806,0.16986754536628723,4.34761905670166
3184,4242.261418899521,0.009933575056493282,0.05000000074505806,0.17142857611179352,4.390000343322754
3185,4244.803958170116,0.01161470077931881,0.05000000074505806,0.16853034496307373,4.292307376861572
3186,4246.2581195849925,0.011327306739985943,0.05000000074505806,0.17108435928821564,4.495238304138184
3187,4247.337808310054,0.013022102415561676,0.05000000074505806,0.17989033460617065,4.622221946716309
3188,4249.711623116396,0.012135570868849754,0.05000000074505806,0.17043651640415192,5.021052837371826
3189,4251.232186435722,0.011773515492677689,0.05000000074505806,0.16948853433132172,4.5619049072265625
3190,4252.312644387595,0.013479262590408325,0.05000000074505806,0.17504426836967468,4.560869216918945
3191,4253.393718965352,0.011649017222225666,0.05000000074505806,0.1704198569059372,4.800000190734863
3192,4255.65135781467,0.011191722936928272,0.05000000074505806,0.16345258057117462,4.2192301750183105
3193,4256.770329620689,0.011727903969585896,0.05000000074505806,0.17363184690475464,4.520000457763672
3194,4257.686893552542,0.013412285596132278,0.05000000074505806,0.16311952471733093,3.999999761581421
3195,4260.440542280674,0.01168848853558302,0.05000000074505806,0.16616161167621613,4.350000381469727
3196,4261.755137997679,0.01141052320599556,0.05000000074505806,0.16167192161083221,4.1782612800598145
3197,4263.363901249133,0.010783909820020199,0.05000000074505806,0.1781783550977707,5.10588264465332
3198,4264.515335843898,0.013467155396938324,0.05000000074505806,0.16468797624111176,4.299999713897705
3199,4265.42836552579,0.012827472761273384,0.05000000074505806,0.17662082612514496,4.400000095367432
3200,4266.306412215345,0.011774015612900257,0.05000000074505806,0.18264758586883545,4.730434417724609
3201,4267.640195582062,0.0136729646474123,0.05000000074505806,0.17229729890823364,4.9157891273498535
3202,4269.020448578522,0.011462179012596607,0.05000000074505806,0.170990988612175,4.247826099395752
3203,4270.172631700523,0.012746001593768597,0.05000000074505806,0.16906584799289703,4.427999496459961
3204,4271.764353916049,0.01546985749155283,0.05000000074505806,0.1551673859357834,3.9925923347473145
3205,4273.823257898912,0.013673085719347,0.05000000074505806,0.17878788709640503,4.658332824707031
3206,4275.233130989596,0.011715308763086796,0.05000000074505806,0.17887066304683685,4.755000114440918
3207,4277.2495347857475,0.013305922038853168,0.05000000074505806,0.17628318071365356,4.9812493324279785
3208,4279.032019064762,0.012148003093898296,0.05000000074505806,0.16557863354682922,4.1483869552612305
3209,4279.9458138933405,0.014249368570744991,0.05000000074505806,0.17479164898395538,4.78125
3210,4281.038547791541,0.010454260744154453,0.05000000074505806,0.16454389691352844,4.333332538604736
3211,4282.180963538587,0.010688580572605133,0.05000000074505806,0.1668841689825058,4.439130783081055
3212,4283.087665104307,0.011187116615474224,0.05000000074505806,0.1704917997121811,4.613043785095215
3213,4284.5146365612745,0.011748919263482094,0.05000000074505806,0.1679389327764511,4.044444561004639
3214,4286.050713534467,0.011870800517499447,0.05000000074505806,0.16261829435825348,4.445454120635986
3215,4287.634108221158,0.010837279260158539,0.05000000074505806,0.163313627243042,4.048148155212402
3216,4288.547579968348,0.011463137343525887,0.05000000074505806,0.1672932356595993,4.495237827301025
3217,4290.221268009394,0.01158074289560318,0.05000000074505806,0.1739344298839569,4.429999828338623
3218,4291.2125120656565,0.011716216802597046,0.05000000074505806,0.16747210919857025,4.416666507720947
3219,4292.070458085276,0.010985150933265686,0.05000000074505806,0.15993379056453705,4.505000591278076
3220,4292.93583520595,0.01050679013133049,0.05000000074505806,0.16244131326675415,3.9962961673736572
3221,4293.801342184655,0.01318760123103857,0.05000000074505806,0.17100977897644043,4.460000038146973
3222,4295.251635607332,0.01198957022279501,0.05000000074505806,0.17101167142391205,4.837500095367432
3223,4296.523429583758,0.01189619954675436,0.05000000074505806,0.17536230385303497,4.492857456207275
3224,4297.850984343328,0.010535791516304016,0.05000000074505806,0.18395523726940155,4.956249713897705
3225,4301.299845096655,0.012398981489241123,0.05000000074505806,0.1735042780637741,4.585714340209961
3226,4302.567278590053,0.012343290261924267,0.05000000074505806,0.1586148738861084,4.184615135192871
3227,4303.47416687943,0.01358862780034542,0.05000000074505806,0.1735714226961136,4.880951881408691
3228,4305.76135589648,0.01304665394127369,0.05000000074505806,0.17607912421226501,4.573333740234375
3229,4307.587354200892,0.01208569761365652,0.05000000074505806,0.17196720838546753,4.415999889373779
3230,4308.612611646764,0.011487775482237339,0.05000000074505806,0.17522603273391724,4.6181817054748535
3231,4310.0744425226,0.011907529085874557,0.05000000074505806,0.16291792690753937,4.396153450012207
3232,4311.302900628187,0.013008766807615757,0.05000000074505806,0.16445782780647278,4.02222204208374
3233,4312.427742048167,0.010694019496440887,0.05000000074505806,0.16210375726222992,4.253571510314941
3234,4314.117031401955,0.012448669411242008,0.05000000074505806,0.16525284945964813,4.060869216918945
3235,4315.005458575673,0.010590841993689537,0.05000000074505806,0.1567612737417221,4.2727274894714355
3236,4316.426401413977,0.01189828384667635,0.05000000074505806,0.17175698280334473,4.260000228881836
3237,4318.116430298425,0.012272855266928673,0.05000000074505806,0.1616055965423584,4.414999961853027
3238,4319.34924774617,0.011347734369337559,0.05000000074505806,0.17261028289794922,4.513043403625488
3239,4320.231510085054,0.011650742031633854,0.05000000074505806,0.1571633368730545,3.8999996185302734
3240,4321.7231551054865,0.013396882452070713,0.05000000074505806,0.17045454680919647,4.494443893432617
3241,4323.522800350562,0.013991371728479862,0.05000000074505806,0.1767558455467224,4.644000053405762
3242,4325.287550806068,0.012671858072280884,0.05000000074505806,0.1693086177110672,4.404545307159424
3243,4326.147169654258,0.0118936812505126,0.05000000074505806,0.17483220994472504,4.599999904632568
3244,4327.657501614653,0.012836448848247528,0.05000000074505806,0.16956521570682526,4.392307281494141
3245,4328.882227009162,0.011951248161494732,0.05000000074505806,0.17859922349452972,4.944444179534912
3246,4329.966621737927,0.01218546275049448,0.05000000074505806,0.1657777726650238,4.259259223937988
3247,4332.568239274435,0.01158066000789404,0.05000000074505806,0.17693760991096497,4.623809337615967
3248,4333.937914767303,0.013652012683451176,0.05000000074505806,0.16676875948905945,4.523809432983398
3249,4335.56051515881,0.012839204631745815,0.05000000074505806,0.1655234545469284,4.429999351501465
3250,4336.921340871602,0.013161923736333847,0.05000000074505806,0.1629999876022339,4.02222204208374
3251,4338.493639620021,0.012014997191727161,0.05000000074505806,0.17145489156246185,4.5291666984558105
3252,4339.332829479128,0.010963103733956814,0.05000000074505806,0.17065972089767456,4.368000030517578
3253,4340.275061481632,0.010961100459098816,0.05000000074505806,0.16809916496276855,4.634999752044678
3254,4341.1367862802,0.01547983754426241,0.05000000074505806,0.1704673022031784,4.574999809265137
3255,4342.006255608983,0.011649558320641518,0.05000000074505806,0.17487438023090363,4.461905002593994
3256,4343.806399392895,0.012652854435145855,0.05000000074505806,0.16208113729953766,4.552173614501953
3257,4344.866591361351,0.011871266178786755,0.05000000074505806,0.16363637149333954,4.058332920074463
3258,4346.055699284188,0.014758478850126266,0.05000000074505806,0.16540361940860748,4.251851558685303
3259,4347.041272729635,0.012320318259298801,0.05000000074505806,0.177385151386261,4.68181848526001
3260,4348.624879836105,0.011681622825562954,0.05000000074505806,0.16882716119289398,4.273913383483887
3261,4350.170566576533,0.012293871492147446,0.05000000074505806,0.17028751969337463,4.218518257141113
3262,4351.210886628367,0.013842765241861343,0.05000000074505806,0.1756957322359085,4.824999809265137
3263,4352.147401873022,0.011988569051027298,0.05000000074505806,0.1715220808982849,4.659999847412109
3264,4353.375336625613,0.010402626357972622,0.05000000074505806,0.17261697351932526,4.395238399505615
3265,4354.341516098939,0.013603574596345425,0.05000000074505806,0.16815920174121857,4.360000133514404
3266,4355.745424167253,0.012637712992727757,0.05000000074505806,0.16492410004138947,4.213043689727783
3267,4356.965215034783,0.011922457255423069,0.05000000074505806,0.1754237413406372,5.078947067260742
3268,4358.472556035034,0.01257410366088152,0.05000000074505806,0.15993884205818176,3.9478261470794678
3269,4359.815684523433,0.012644540518522263,0.05000000074505806,0.16471602022647858,4.395999908447266
3270,4361.561068305746,0.01232700701802969,0.05000000074505806,0.16175971925258636,4.295238018035889
3271,4362.801111488603,0.011951141059398651,0.05000000074505806,0.17014682292938232,4.547825813293457
3272,4363.839564789087,0.010824982076883316,0.05000000074505806,0.16785162687301636,3.9758620262145996
3273,4364.952477762476,0.011979558505117893,0.05000000074505806,0.17773912847042084,5.005262851715088
3274,4366.477022591978,0.014450080692768097,0.05000000074505806,0.1756521761417389,4.590476036071777
3275,4367.335161050782,0.013627679087221622,0.05000000074505806,0.1673043668270111,4.5272722244262695
3276,4368.30087598972,0.011295545846223831,0.05000000074505806,0.1746293157339096,4.6434783935546875
3277,4369.806743497029,0.011451279744505882,0.05000000074505806,0.17743590474128723,4.499999046325684
3278,4370.857688719407,0.012585369870066643,0.05000000074505806,0.16206896305084229,4.365385055541992
3279,4372.634582520463,0.010414200834929943,0.05000000074505806,0.1693023145198822,4.128571033477783
3280,4373.511295354925,0.011697152629494667,0.05000000074505806,0.1793357878923416,4.916666507720947
3281,4374.615129068494,0.011691601946949959,0.05000000074505806,0.17267175018787384,4.270370006561279
3282,4375.676205010153,0.015114239417016506,0.05000000074505806,0.15478990972042084,4.25454568862915
3283,4377.31029147096,0.010511406697332859,0.05000000074505806,0.170719176530838,4.390476226806641
3284,4378.190403481014,0.013536292128264904,0.05000000074505806,0.16111110150814056,4.208333492279053
3285,4379.081248622388,0.010644382797181606,0.05000000074505806,0.1666666716337204,4.185184955596924
3286,4379.908336964436,0.010559667833149433,0.05000000074505806,0.16431033611297607,4.433333396911621
3287,4381.299490248784,0.013058224692940712,0.05000000074505806,0.1620253324508667,4.133333206176758
3288,4382.5322944177315,0.011109943501651287,0.05000000074505806,0.17023256421089172,4.9357147216796875
3289,4383.945334358141,0.012161724269390106,0.05000000074505806,0.17549407482147217,4.981249809265137
3290,4385.132918553427,0.011943282559514046,0.05000000074505806,0.16569200158119202,4.719047546386719
3291,4385.977050544694,0.010957480408251286,0.05000000074505806,0.17376238107681274,4.3125
3292,4388.17132684961,0.011483464390039444,0.05000000074505806,0.16295680403709412,4.340000152587891
3293,4389.560927553102,0.013394542969763279,0.05000000074505806,0.16253869235515594,4.016666889190674
3294,4390.586692362092,0.010687482543289661,0.05000000074505806,0.1679513156414032,4.926665782928467
3295,4391.861578382552,0.01339650060981512,0.05000000074505806,0.16286173462867737,4.131817817687988
3296,4392.755403175019,0.012439499609172344,0.05000000074505806,0.16875000298023224,4.504348278045654
3297,4393.61146400962,0.012840754352509975,0.05000000074505806,0.15620093047618866,4.006896495819092
3298,4394.530316495337,0.012082739733159542,0.05000000074505806,0.20194384455680847,5.455554962158203
3299,4396.06078004837,0.012523679994046688,0.05000000074505806,0.1729310303926468,4.600000381469727
3300,4397.358182787895,0.012999066151678562,0.05000000074505806,0.1659536510705948,4.635294437408447
3301,4398.459413871169,0.01295481063425541,0.05000000074505806,0.1672535091638565,4.469565391540527
3302,4399.375089414418,0.012042921036481857,0.05000000074505806,0.17338843643665314,4.280769348144531
3303,4400.575566350482,0.011689347214996815,0.05000000074505806,0.17480315268039703,4.508333206176758
3304,4402.260128782131,0.013870969414710999,0.05000000074505806,0.16892656683921814,4.47777795791626
3305,4404.253527629189,0.013624859973788261,0.05000000074505806,0.17281712591648102,4.826086521148682
3306,4405.153097484261,0.012869775295257568,0.05000000074505806,0.16344937682151794,4.021739482879639
3307,4406.81103483215,0.011146358214318752,0.05000000074505806,0.16562500596046448,4.4160003662109375
3308,4408.8384153377265,0.012031902559101582,0.05000000074505806,0.16472603380680084,4.275000095367432
3309,4410.279293214902,0.012009555473923683,0.05000000074505806,0.16797275841236115,4.357142925262451
3310,4411.333695777692,0.011389254592359066,0.05000000074505806,0.17113043367862701,4.609523296356201
3311,4412.949651790783,0.01511048711836338,0.05000000074505806,0.1678260862827301,4.480952262878418
3312,4414.660186851397,0.011852200143039227,0.05000000074505806,0.18682505190372467,5.212500095367432
3313,4415.878208355978,0.010827597230672836,0.05000000074505806,0.1761363446712494,4.765216827392578
3314,4416.792221344076,0.010650075040757656,0.05000000074505806,0.1662408858537674,4.468181610107422
3315,4418.31893615704,0.012592261657118797,0.05000000074505806,0.171478271484375,4.485713958740234
3316,4419.25535861589,0.011211366392672062,0.05000000074505806,0.1717902272939682,4.46999979019165
3317,4420.822307568975,0.014034210704267025,0.05000000074505806,0.171203151345253,4.913332939147949
3318,4422.604517680593,0.012834296561777592,0.05000000074505806,0.1695578247308731,4.534782886505127
3319,4423.46242064517,0.012869138270616531,0.05000000074505806,0.16438357532024384,4.28636360168457
3320,4424.851102821529,0.012901009060442448,0.05000000074505806,0.16633664071559906,4.695000171661377
3321,4426.659137167968,0.013928177766501904,0.05000000074505806,0.17962004244327545,4.661904811859131
3322,4428.7779420726,0.01184657122939825,0.05000000074505806,0.16887417435646057,4.415999889373779
3323,4430.288887575269,0.012400533072650433,0.05000000074505806,0.16310517489910126,4.172727584838867
3324,4432.030789072625,0.011093211360275745,0.05000000074505806,0.17500001192092896,4.490476131439209
3325,4432.9631618745625,0.010601713322103024,0.05000000074505806,0.17058824002742767,4.9277777671813965
3326,4433.895737311803,0.011358707211911678,0.05000000074505806,0.1767045557498932,4.604761600494385
3327,4434.942948009819,0.012721924111247063,0.05000000074505806,0.17047451436519623,4.857142448425293
3328,4436.054420036264,0.013015886768698692,0.05000000074505806,0.1695876121520996,4.422726631164551
3329,4438.507371409796,0.012233330868184566,0.05000000074505806,0.1655290126800537,4.260000228881836
3330,4439.9421970024705,0.011545054614543915,0.05000000074505806,0.1721843034029007,4.585000038146973
3331,4441.317487834021,0.009410742670297623,0.05000000074505806,0.16650082170963287,4.375999927520752
3332,4442.409826811403,0.013524414040148258,0.05000000074505806,0.16660232841968536,4.6888885498046875
3333,4444.665185781196,0.011154706589877605,0.05000000074505806,0.17427007853984833,4.42222261428833
3334,4445.506969654001,0.011535633355379105,0.05000000074505806,0.17378336191177368,4.624999523162842
3335,4446.374076044187,0.011606170795857906,0.05000000074505806,0.170723095536232,4.691303730010986
3336,4447.192515204661,0.01121983490884304,0.05000000074505806,0.16066667437553406,4.208000183105469
3337,4448.1050578979775,0.011023690924048424,0.05000000074505806,0.16676925122737885,4.296153545379639
3338,4449.165142847225,0.012895203195512295,0.05000000074505806,0.16637010872364044,4.549999713897705
3339,4450.02640395239,0.01081915944814682,0.05000000074505806,0.1599656343460083,4.21999979019165
3340,4451.708859373815,0.011279446072876453,0.05000000074505806,0.17590577900409698,4.478947639465332
3341,4453.610247175209,0.012933044694364071,0.05000000074505806,0.16731077432632446,4.277777194976807
3342,4455.640005338006,0.012584315612912178,0.05000000074505806,0.1637982279062271,4.222222328186035
3343,4457.044322377071,0.012649021111428738,0.05000000074505806,0.17424751818180084,4.657142639160156
3344,4459.011698909104,0.012066050432622433,0.05000000074505806,0.16621416807174683,4.195652008056641
3345,4460.180600545369,0.011167038232088089,0.05000000074505806,0.17504949867725372,4.427272319793701
3346,4461.660900511779,0.011677196249365807,0.05000000074505806,0.16218353807926178,4.621738910675049
3347,4464.639462813735,0.01194006484001875,0.05000000074505806,0.18062826991081238,4.554166316986084
3348,4465.512729540467,0.013589917682111263,0.05000000074505806,0.17721021175384521,4.678947448730469
3349,4466.76188802626,0.012819680385291576,0.05000000074505806,0.16745762526988983,4.487499713897705
3350,4467.6138849323615,0.0126624945551157,0.05000000074505806,0.17404718697071075,4.529411792755127
3351,4468.853074207902,0.010538404807448387,0.05000000074505806,0.1701754331588745,4.61904764175415
3352,4469.710644460283,0.010408571921288967,0.05000000074505806,0.1689530611038208,4.4708333015441895
3353,4470.602437304333,0.01447309460490942,0.05000000074505806,0.16801947355270386,4.565217018127441
3354,4471.534326615743,0.013682182878255844,0.05000000074505806,0.1596091240644455,3.872000217437744
3355,4472.507495644502,0.010936404578387737,0.05000000074505806,0.168205127120018,4.621738910675049
3356,4473.706521587446,0.011666731908917427,0.05000000074505806,0.1598726063966751,4.104000091552734
3357,4475.300842293538,0.013463220559060574,0.05000000074505806,0.1711696833372116,4.4772725105285645
3358,4476.729565550573,0.011763686314225197,0.05000000074505806,0.16337385773658752,4.114285469055176
3359,4478.049460771494,0.01403285562992096,0.05000000074505806,0.17485493421554565,4.799999237060547
3360,4479.489250136539,0.012188296765089035,0.05000000074505806,0.1682758629322052,4.373683929443359
3361,4480.76979263965,0.013832197524607182,0.05000000074505806,0.15771906077861786,4.17307710647583
3362,4481.726740077138,0.011017965152859688,0.05000000074505806,0.16698414087295532,4.1888885498046875
3363,4483.415136540309,0.013331525027751923,0.05000000074505806,0.1612565517425537,4.3125
3364,4484.3376034470275,0.012988911010324955,0.05000000074505806,0.16569578647613525,4.311999797821045
3365,4485.222213117406,0.01211467944085598,0.05000000074505806,0.1733676940202713,4.256521701812744
3366,4486.7333332123235,0.011061996221542358,0.05000000074505806,0.17908497154712677,5.228571891784668
3367,4487.952468548901,0.012526961043477058,0.05000000074505806,0.1790861040353775,5.199999809265137
3368,4489.526322033256,0.011924190446734428,0.05000000074505806,0.16588234901428223,4.231999397277832
3369,4492.137368969619,0.01393620204180479,0.05000000074505806,0.16150568425655365,4.063999652862549
3370,4493.993966212496,0.01149964239448309,0.05000000074505806,0.18283018469810486,4.900000095367432
3371,4495.7349737538025,0.011922290548682213,0.05000000074505806,0.17785467207431793,4.623809337615967
3372,4496.777572964318,0.012378379702568054,0.05000000074505806,0.1706484705209732,4.322727680206299
3373,4498.192997555248,0.013055413961410522,0.05000000074505806,0.17372263967990875,4.731818675994873
3374,4499.736082007177,0.011057638563215733,0.05000000074505806,0.16065292060375214,4.28181791305542
3375,4500.658925356343,0.011852206662297249,0.05000000074505806,0.16785138845443726,4.469565391540527
3376,4501.500144409947,0.012756825424730778,0.05000000074505806,0.17612457275390625,4.390909194946289
3377,4503.034064617008,0.013288204558193684,0.05000000074505806,0.1644144207239151,4.46363639831543
3378,4504.275847995654,0.011361522600054741,0.05000000074505806,0.15544554591178894,4.242307662963867
3379,4505.438423994929,0.012004630640149117,0.05000000074505806,0.17719927430152893,4.21999979019165
3380,4506.329380986281,0.012563527561724186,0.05000000074505806,0.1676691770553589,5.224999904632568
3381,4507.2098223930225,0.011971825733780861,0.05000000074505806,0.16815067827701569,4.349999904632568
3382,4508.093359271064,0.012476221658289433,0.05000000074505806,0.16851851344108582,4.134782314300537
3383,4509.6110798977315,0.011910957284271717,0.05000000074505806,0.1661921590566635,4.5545454025268555
3384,4511.511832543649,0.013037190772593021,0.05000000074505806,0.1695488691329956,4.490476131439209
3385,4513.521016043611,0.011974443681538105,0.05000000074505806,0.17695237696170807,4.833333492279053
3386,4515.581633161753,0.011374303139746189,0.05000000074505806,0.1647515445947647,4.433333396911621
3387,4516.853811292909,0.01269102655351162,0.05000000074505806,0.17745454609394073,4.476190567016602
3388,4518.247232221998,0.012613343074917793,0.05000000074505806,0.17077702283859253,4.512499809265137
3389,4519.141333118081,0.012476814910769463,0.05000000074505806,0.1622084081172943,4.146153926849365
3390,4520.014930813573,0.014698512852191925,0.05000000074505806,0.16287626326084137,3.9647059440612793
3391,4521.382323448546,0.013218617998063564,0.05000000074505806,0.17736943066120148,4.747619152069092
3392,4522.655400623567,0.01186426542699337,0.05000000074505806,0.168661966919899,4.831818103790283
3393,4524.991428340785,0.012814563699066639,0.05000000074505806,0.17856000363826752,4.575999736785889
3394,4527.064232764766,0.012002158910036087,0.05000000074505806,0.16508972644805908,4.041666507720947
3395,4528.019611602649,0.01301930844783783,0.05000000074505806,0.17138102650642395,4.47692346572876
3396,4529.365128251724,0.010241327807307243,0.05000000074505806,0.16915252804756165,4.557895183563232
3397,4530.792934642173,0.010114310309290886,0.05000000074505806,0.16488096117973328,4.117857456207275
3398,4532.621956337243,0.014954319223761559,0.05000000074505806,0.1816176474094391,4.755000114440918
3399,4534.610164820217,0.012863107025623322,0.05000000074505806,0.17422224581241608,5.064705848693848
3400,4536.657209076919,0.012314126826822758,0.05000000074505806,0.18367767333984375,5.28125
3401,4537.5141639802605,0.014369168318808079,0.05000000074505806,0.17540717124938965,4.717391014099121
3402,4538.589436725713,0.010211852379143238,0.05000000074505806,0.16043168306350708,4.0333333015441895
3403,4540.32638027519,0.013515413738787174,0.05000000074505806,0.19024856388568878,5.1999993324279785
3404,4541.223083415069,0.012318073771893978,0.05000000074505806,0.16634304821491241,4.6541666984558105
3405,4542.550835892558,0.01234389003366232,0.05000000074505806,0.1627831757068634,4.160869598388672
3406,4544.685540525243,0.013516806066036224,0.05000000074505806,0.16677317023277283,4.265384674072266
3407,4546.206771680154,0.014515597373247147,0.05000000074505806,0.16994328796863556,4.440000057220459
3408,4547.698496643454,0.012321881018579006,0.05000000074505806,0.17509157955646515,4.699999809265137
3409,4548.805177694187,0.012708988972008228,0.05000000074505806,0.17560553550720215,4.819047927856445
3410,4550.179879869334,0.010813851840794086,0.05000000074505806,0.15421511232852936,4.039285182952881
3411,4551.270723449998,0.01105523481965065,0.05000000074505806,0.172770693898201,4.340909004211426
3412,4552.155461953953,0.01246857549995184,0.05000000074505806,0.17104852199554443,4.3428568840026855
3413,4553.04558448866,0.011919516138732433,0.05000000074505806,0.17500001192092896,4.863636016845703
3414,4553.978030916303,0.013037195429205894,0.05000000074505806,0.18353909254074097,4.931249618530273
3415,4554.8585596662015,0.013030246831476688,0.05000000074505806,0.1659606546163559,4.15925931930542
3416,4555.727852553129,0.013282104395329952,0.05000000074505806,0.18595890700817108,5.109090805053711
3417,4556.623488008976,0.01427155826240778,0.05000000074505806,0.16706588864326477,4.166666507720947
3418,4558.315327008255,0.01263116579502821,0.05000000074505806,0.1672268956899643,4.491999626159668
3419,4560.865381428972,0.012738878838717937,0.05000000074505806,0.1770833432674408,4.468181610107422
3420,4561.784821018577,0.012236890383064747,0.05000000074505806,0.16339145600795746,4.5199995040893555
3421,4563.335781359114,0.01190861500799656,0.05000000074505806,0.1623886078596115,4.217391014099121
3422,4565.223758614622,0.011591210030019283,0.05000000074505806,0.1770758032798767,4.4347825050354
3423,4566.134176732972,0.010322613641619682,0.05000000074505806,0.16934865713119507,5.035000324249268
3424,4567.022223876789,0.01110631413757801,0.05000000074505806,0.1761421263217926,4.523809432983398
3425,4568.0797949284315,0.012727265246212482,0.05000000074505806,0.16649214923381805,4.387499809265137
3426,4569.323476460762,0.011774319224059582,0.05000000074505806,0.16875000298023224,5.0333333015441895
3427,4571.282402974553,0.0105386171489954,0.05000000074505806,0.17243243753910065,4.200000286102295
3428,4572.7110666092485,0.015298503451049328,0.05000000074505806,0.16761904954910278,4.462963104248047
3429,4573.530395898968,0.013675421476364136,0.05000000074505806,0.16585366427898407,4.215788841247559
3430,4576.075240580365,0.012704783119261265,0.05000000074505806,0.17129184305667877,4.350000381469727
3431,4578.346493748948,0.012434945441782475,0.05000000074505806,0.16011644899845123,4.346153736114502
3432,4579.971980021335,0.013117036782205105,0.05000000074505806,0.16965407133102417,4.214815139770508
3433,4580.836549154483,0.01234972570091486,0.05000000074505806,0.17259615659713745,4.69523811340332
3434,4582.826222415082,0.01273010391741991,0.05000000074505806,0.16783113777637482,4.086206912994385
3435,4583.881895969622,0.012536118738353252,0.05000000074505806,0.1707231104373932,4.371999740600586
3436,4585.273495466448,0.011418619193136692,0.05000000074505806,0.1725388467311859,4.588235378265381
3437,4586.83334673848,0.014490640722215176,0.05000000074505806,0.17950089275836945,4.6913042068481445
3438,4588.813286506571,0.011286977678537369,0.05000000074505806,0.1685245782136917,4.4454545974731445
3439,4590.550781567581,0.01357645820826292,0.05000000074505806,0.17961905896663666,4.831818103790283
3440,4591.59268896468,0.012114191427826881,0.05000000074505806,0.17938931286334991,4.720000267028809
3441,4592.9649258591235,0.011998501606285572,0.05000000074505806,0.17216309905052185,4.576190948486328
3442,4594.299010883085,0.01137416623532772,0.05000000074505806,0.17974911630153656,4.842857837677002
3443,4595.571988559328,0.012316380627453327,0.05000000074505806,0.1728842854499817,4.704761505126953
3444,4596.429122348316,0.012944796122610569,0.05000000074505806,0.16865941882133484,4.768421173095703
3445,4597.85346609354,0.012508056126534939,0.05000000074505806,0.16825886070728302,4.420000076293945
3446,4599.954034724273,0.012708565220236778,0.05000000074505806,0.16677264869213104,4.170833110809326
3447,4601.902585642412,0.01264391653239727,0.05000000074505806,0.1642276495695114,4.368182182312012
3448,4603.590786478482,0.010511703789234161,0.05000000074505806,0.16764706373214722,4.092592716217041
3449,4604.4978209305555,0.012011514976620674,0.05000000074505806,0.17171531915664673,4.961904525756836
3450,4605.930210468359,0.012096541002392769,0.05000000074505806,0.17749468982219696,4.7833333015441895
3451,4608.023290281184,0.013341008685529232,0.05000000074505806,0.16622136533260345,4.546667098999023
3452,4609.423692470416,0.015291787683963776,0.05000000074505806,0.1719934195280075,4.795651435852051
3453,4610.30789170973,0.012373779900372028,0.05000000074505806,0.18084034323692322,4.5
3454,4611.674916166812,0.011186687275767326,0.05000000074505806,0.1638535112142563,4.554166316986084
3455,4614.450330954976,0.013571596704423428,0.05000000074505806,0.16786296665668488,4.236000061035156
3456,4616.154373153113,0.01365731842815876,0.05000000074505806,0.1679365038871765,4.171428680419922
3457,4617.04005047027,0.013725962489843369,0.05000000074505806,0.1744801551103592,4.673684120178223
3458,4618.5319743305445,0.01048998162150383,0.05000000074505806,0.1664484590291977,4.4583330154418945
3459,4619.6324249617755,0.013197807595133781,0.05000000074505806,0.17171716690063477,4.488889217376709
3460,4620.881780405529,0.011662199161946774,0.05000000074505806,0.17627450823783875,4.640909194946289
3461,4622.530575046316,0.012285646051168442,0.05000000074505806,0.16111110150814056,4.97999906539917
3462,4624.011148747057,0.012574199587106705,0.05000000074505806,0.16402752697467804,4.427272319793701
3463,4624.97917404864,0.011321742087602615,0.05000000074505806,0.18382100760936737,4.7791666984558105
3464,4625.864952638745,0.012700068764388561,0.05000000074505806,0.16735295951366425,4.264285564422607
3465,4626.912633564323,0.010699203237891197,0.05000000074505806,0.17652671039104462,4.568749904632568
3466,4628.489026774652,0.011566601693630219,0.05000000074505806,0.16636528074741364,4.624999523162842
3467,4630.443239239976,0.011102424934506416,0.05000000074505806,0.16468797624111176,4.215999603271484
3468,4631.372882326134,0.012507832609117031,0.05000000074505806,0.16285265982151031,4.214285850524902
3469,4632.984900701791,0.012284397147595882,0.05000000074505806,0.18063873052597046,5.044999599456787
3470,4634.814398104325,0.012421960011124611,0.05000000074505806,0.17243698239326477,4.479166507720947
3471,4638.418072625995,0.01245754212141037,0.05000000074505806,0.17982757091522217,4.638888835906982
3472,4639.333217011765,0.010245563462376595,0.05000000074505806,0.1626644730567932,4.590476036071777
3473,4640.73037890438,0.014630180783569813,0.05000000074505806,0.1761437952518463,4.296153545379639
3474,4643.254698925652,0.012636634521186352,0.05000000074505806,0.17810651659965515,4.547825813293457
3475,4644.181693074293,0.012623930349946022,0.05000000074505806,0.1610492765903473,4.192592620849609
3476,4645.921477248892,0.011502033099532127,0.05000000074505806,0.17027492821216583,4.434782981872559
3477,4646.776173122227,0.013173284009099007,0.05000000074505806,0.1643233746290207,4.208695411682129
3478,4648.239739665762,0.013804398477077484,0.05000000074505806,0.17109635472297668,4.450000286102295
3479,4650.096570967697,0.012648317962884903,0.05000000074505806,0.16746988892555237,4.6052632331848145
3480,4651.642064706422,0.012396539561450481,0.05000000074505806,0.17816901206970215,4.577272415161133
3481,4652.9289570860565,0.013899590820074081,0.05000000074505806,0.171474888920784,4.488000392913818
3482,4654.431974830106,0.010940337553620338,0.05000000074505806,0.18214936554431915,4.768421173095703
3483,4655.364391636103,0.01101834699511528,0.05000000074505806,0.1571885049343109,4.531999588012695
3484,4656.958466064185,0.012049887329339981,0.05000000074505806,0.16650325059890747,4.313636302947998
3485,4657.835445854813,0.012817298993468285,0.05000000074505806,0.17148078978061676,4.387499809265137
3486,4658.907276004553,0.013124901801347733,0.05000000074505806,0.17070063948631287,4.309090614318848
3487,4659.805797138251,0.01177728921175003,0.05000000074505806,0.1765567660331726,4.6782612800598145
3488,4661.610063501634,0.010946587659418583,0.05000000074505806,0.1680515855550766,4.096428394317627
3489,4663.783738305792,0.015076285228133202,0.05000000074505806,0.1552959382534027,4.1148152351379395
3490,4664.717450324446,0.01583370380103588,0.05000000074505806,0.1666666716337204,4.568421363830566
3491,4666.123704792,0.012485147453844547,0.05000000074505806,0.1706390231847763,4.450000286102295
3492,4667.0061724912375,0.010759655386209488,0.05000000074505806,0.17848101258277893,4.705262660980225
3493,4667.938932848163,0.013728851452469826,0.05000000074505806,0.1684466004371643,4.491999626159668
3494,4668.84678921476,0.012550405226647854,0.05000000074505806,0.17410561442375183,4.349999904632568
3495,4669.775491287932,0.011757558211684227,0.05000000074505806,0.17043189704418182,4.726086616516113
3496,4670.605859731324,0.011652828194200993,0.05000000074505806,0.17009708285331726,4.300000190734863
3497,4671.469555701129,0.011975055560469627,0.05000000074505806,0.17194657027721405,5.016666412353516
3498,4672.643282948062,0.01240196917206049,0.05000000074505806,0.1824999898672104,4.369565010070801
3499,4673.708990195766,0.011847035959362984,0.05000000074505806,0.16255813837051392,5.453333377838135
3500,4674.609215285629,0.016112713143229485,0.05000000074505806,0.17298658192157745,4.408696174621582
3501,4675.488881320693,0.013106371276080608,0.05000000074505806,0.16646617650985718,4.256521701812744
3502,4676.887935576029,0.011964200995862484,0.05000000074505806,0.1680232435464859,4.285714149475098
3503,4677.970472678542,0.011736752465367317,0.05000000074505806,0.17571702599525452,4.8428568840026855
3504,4679.558018214069,0.010838319547474384,0.05000000074505806,0.18789063394069672,4.968420505523682
3505,4680.460364349186,0.010718273930251598,0.05000000074505806,0.17085427045822144,4.504762172698975
3506,4682.381411747076,0.013353654183447361,0.05000000074505806,0.17473867535591125,4.799999713897705
3507,4683.246920350008,0.01212296076118946,0.05000000074505806,0.17442244291305542,4.630434513092041
3508,4684.674050109461,0.012073212303221226,0.05000000074505806,0.18283261358737946,4.952380657196045
3509,4686.035608537495,0.010721158236265182,0.05000000074505806,0.1714031845331192,4.659090995788574
3510,4686.945608212613,0.012408532202243805,0.05000000074505806,0.1688888818025589,4.664285182952881
3511,4687.8330844044685,0.012184204533696175,0.05000000074505806,0.17239584028720856,4.65217399597168
3512,4688.725981960073,0.014027457684278488,0.05000000074505806,0.16720719635486603,4.275000095367432
3513,4689.603862484917,0.01107986643910408,0.05000000074505806,0.15553772449493408,4.21999979019165
3514,4691.039072602987,0.013188648037612438,0.05000000074505806,0.16656488180160522,4.165384769439697
3515,4692.4847142016515,0.010690117254853249,0.05000000074505806,0.17391304671764374,4.449999809265137
3516,4693.588119501248,0.01428197417408228,0.05000000074505806,0.1732964962720871,4.866666316986084
3517,4694.7694287113845,0.011549470014870167,0.05000000074505806,0.1710280328989029,4.352174282073975
3518,4696.573198775761,0.010913481004536152,0.05000000074505806,0.17784808576107025,4.833333492279053
3519,4698.044610051438,0.01214523334056139,0.05000000074505806,0.17838765680789948,4.657142639160156
3520,4699.259581874125,0.013609188608825207,0.05000000074505806,0.17693692445755005,5.004761695861816
3521,4700.698555316776,0.010757429525256157,0.05000000074505806,0.16012366116046906,4.144443988800049
3522,4702.1744155064225,0.0108468784019351,0.05000000074505806,0.16340641677379608,4.182608604431152
3523,4703.372566111386,0.011942544020712376,0.05000000074505806,0.17008547484874725,4.60588264465332
3524,4705.511167042889,0.012800262309610844,0.05000000074505806,0.1888372153043747,5.205263137817383
3525,4706.622929354198,0.010887996293604374,0.05000000074505806,0.1690298616886139,4.633333683013916
3526,4707.9716535629705,0.01161271147429943,0.05000000074505806,0.1701517552137375,4.5
3527,4709.435055285692,0.011473285034298897,0.05000000074505806,0.16913945972919464,4.292592525482178
3528,4710.380245874636,0.014541536569595337,0.05000000074505806,0.1690036952495575,4.6434783935546875
3529,4711.318265799433,0.014142537489533424,0.05000000074505806,0.17140740156173706,4.369231224060059
3530,4712.694467289373,0.012359977699816227,0.05000000074505806,0.16387958824634552,4.1434783935546875
3531,4713.805043665692,0.014836860820651054,0.05000000074505806,0.17869718372821808,4.590476036071777
3532,4714.681072765961,0.013428671285510063,0.05000000074505806,0.1644781231880188,4.65217399597168
3533,4716.036234281026,0.011632553301751614,0.05000000074505806,0.1695086658000946,4.170370101928711
3534,4716.977993937209,0.011897705495357513,0.05000000074505806,0.16788552701473236,4.144000053405762
3535,4718.976032035425,0.01078621856868267,0.05000000074505806,0.16711635887622833,4.617391586303711
3536,4721.0658776191995,0.011912725865840912,0.05000000074505806,0.1691693216562271,4.267999649047852
3537,4723.110378139652,0.011707950383424759,0.05000000074505806,0.1553824245929718,3.8740742206573486
3538,4724.101938453503,0.01144185196608305,0.05000000074505806,0.1804932802915573,4.77647066116333
3539,4725.039733322337,0.01282729022204876,0.05000000074505806,0.18276642262935638,5.356250286102295
3540,4726.621157651767,0.011308358050882816,0.05000000074505806,0.17741230130195618,5.125
3541,4728.1771940542385,0.012305980548262596,0.05000000074505806,0.16774192452430725,4.611111164093018
3542,4729.862163322046,0.010510060004889965,0.05000000074505806,0.17264150083065033,4.960000038146973
3543,4731.394607901573,0.011603121645748615,0.05000000074505806,0.17871971428394318,4.5117645263671875
3544,4732.965989726596,0.010744385421276093,0.05000000074505806,0.1732727289199829,4.627273082733154
3545,4734.8819952290505,0.011904544197022915,0.05000000074505806,0.17043012380599976,4.84761905670166
3546,4736.20731972158,0.01161214429885149,0.05000000074505806,0.1726967990398407,4.241666316986084
3547,4737.727334453724,0.01116164494305849,0.05000000074505806,0.17403315007686615,4.776190280914307
3548,4738.990333082154,0.012037194333970547,0.05000000074505806,0.17491227388381958,4.744999885559082
3549,4740.843464113772,0.010825703851878643,0.05000000074505806,0.1668539196252823,4.755556106567383
3550,4742.126374694519,0.012364132329821587,0.05000000074505806,0.1825147420167923,4.510000228881836
3551,4743.11938821245,0.012625564821064472,0.05000000074505806,0.16494344174861908,4.570833206176758
3552,4745.493504721671,0.011953522451221943,0.05000000074505806,0.16978654265403748,4.664999485015869
3553,4746.794932872988,0.01093234308063984,0.05000000074505806,0.16407284140586853,4.184615612030029
3554,4748.528230918571,0.011281030252575874,0.05000000074505806,0.17035970091819763,4.414814472198486
3555,4749.921630043536,0.011386431753635406,0.05000000074505806,0.16189657151699066,4.327272415161133
3556,4751.224568426609,0.012919338420033455,0.05000000074505806,0.1831238865852356,4.652941703796387
3557,4752.418855294585,0.011552995070815086,0.05000000074505806,0.16411659121513367,4.621739387512207
3558,4753.885829344392,0.011661054566502571,0.05000000074505806,0.17373356223106384,4.757142543792725
3559,4755.278902352788,0.010431879200041294,0.05000000074505806,0.16216641664505005,4.15384578704834
3560,4756.157681298442,0.012939088977873325,0.05000000074505806,0.18541666865348816,4.6888885498046875
3561,4757.777340400964,0.013062512502074242,0.05000000074505806,0.1716945767402649,4.719047546386719
3562,4758.789704327472,0.010574624873697758,0.05000000074505806,0.1615254133939743,4.400000095367432
3563,4759.833998342976,0.012866032309830189,0.05000000074505806,0.17334464192390442,4.445833206176758
3564,4762.173137047328,0.012815129943192005,0.05000000074505806,0.18419960141181946,5.133333206176758
3565,4763.150875347666,0.010825500823557377,0.05000000074505806,0.17420434951782227,4.704999923706055
3566,4764.5982464896515,0.01139675173908472,0.05000000074505806,0.16408094763755798,4.320000171661377
3567,4765.84971824009,0.01085671130567789,0.05000000074505806,0.16123418509960175,4.1045451164245605
3568,4767.327705300413,0.013594191521406174,0.05000000074505806,0.15904437005519867,4.41304349899292
3569,4770.170402992517,0.012537217698991299,0.05000000074505806,0.18099413812160492,4.320689678192139
3570,4771.395420084707,0.0119187505915761,0.05000000074505806,0.1810169517993927,4.799999237060547
3571,4772.228957619518,0.01141271274536848,0.05000000074505806,0.17629796266555786,5.243749618530273
3572,4773.647469805554,0.012560847215354443,0.05000000074505806,0.166774183511734,4.186363697052002
3573,4775.214728512801,0.012220473028719425,0.05000000074505806,0.16814158856868744,4.599999904632568
3574,4776.069489098154,0.011718123219907284,0.05000000074505806,0.16018100082874298,4.164000034332275
3575,4777.861644903198,0.012162583880126476,0.05000000074505806,0.16828858852386475,4.257692337036133
3576,4778.759281435981,0.011824915185570717,0.05000000074505806,0.17161501944065094,4.525000095367432
3577,4780.166758850217,0.01069710124284029,0.05000000074505806,0.16380596160888672,4.299999237060547
3578,4781.076681553386,0.01339710596948862,0.05000000074505806,0.17820513248443604,4.789473533630371
3579,4781.990177619271,0.011834388598799706,0.05000000074505806,0.17855671048164368,5.676922798156738
3580,4783.898174079135,0.009653601795434952,0.05000000074505806,0.17237935960292816,4.427999973297119
3581,4784.8262833002955,0.011471391655504704,0.05000000074505806,0.18244576454162598,4.9095234870910645
3582,4785.681522491388,0.010116949677467346,0.05000000074505806,0.1794392317533493,4.829999923706055
3583,4786.919565652497,0.011220005340874195,0.05000000074505806,0.16957929730415344,4.3578948974609375
3584,4788.5518585555255,0.012470538727939129,0.05000000074505806,0.17414721846580505,4.933332920074463
3585,4789.439907177351,0.0098334401845932,0.05000000074505806,0.17642980813980103,4.465384483337402
3586,4790.321600636467,0.01564650423824787,0.05000000074505806,0.17622259259223938,4.509523868560791
3587,4791.984924145974,0.01096563320606947,0.05000000074505806,0.16573643684387207,4.303999900817871
3588,4793.797968442552,0.011013658717274666,0.05000000074505806,0.16661539673805237,4.418518543243408
3589,4794.678493304178,0.014782697893679142,0.05000000074505806,0.16443203389644623,4.364999294281006
3590,4795.883600817062,0.011593759059906006,0.05000000074505806,0.15542522072792053,4.0615386962890625
3591,4796.707304896787,0.01359214074909687,0.05000000074505806,0.1733333319425583,4.390476226806641
3592,4798.662818367593,0.013231177814304829,0.05000000074505806,0.1598305106163025,4.247999668121338
3593,4800.018589202315,0.011544793844223022,0.05000000074505806,0.1778745800256729,4.5809526443481445
3594,4801.436329285614,0.010814808309078217,0.05000000074505806,0.16809211671352386,4.743750095367432
3595,4803.099967863411,0.011810299940407276,0.05000000074505806,0.1801781803369522,4.710525989532471
3596,4804.387839898467,0.01090332306921482,0.05000000074505806,0.16172106564044952,4.382142543792725
3597,4805.431201679632,0.01139709074050188,0.05000000074505806,0.17043618857860565,4.295833110809326
3598,4806.474579802714,0.010211117565631866,0.05000000074505806,0.17001545429229736,4.349999904632568
3599,4807.560527152382,0.010872342623770237,0.05000000074505806,0.16028708219528198,4.215384483337402
3600,4808.5148038659245,0.012094340287148952,0.05000000074505806,0.16738836467266083,4.079999923706055
3601,4809.877052496187,0.012264841236174107,0.05000000074505806,0.16581708192825317,4.150000095367432
3602,4811.790148518048,0.012353246100246906,0.05000000074505806,0.1744932383298874,4.519047737121582
3603,4812.740919443779,0.01235621515661478,0.05000000074505806,0.1791127473115921,4.72499942779541
3604,4814.654295845889,0.013390053063631058,0.05000000074505806,0.17092198133468628,4.750000476837158
3605,4815.510407011025,0.012121711857616901,0.05000000074505806,0.16613924503326416,4.351999282836914
3606,4816.780347281136,0.01183291431516409,0.05000000074505806,0.17823834717273712,4.595238208770752
3607,4818.191229979508,0.01285340916365385,0.05000000074505806,0.1722402572631836,4.627999782562256
3608,4819.2241526143625,0.011368982493877411,0.05000000074505806,0.1734265834093094,4.5652174949646
3609,4820.117924598977,0.010481434874236584,0.05000000074505806,0.16471493244171143,3.950000047683716
3610,4821.157302756794,0.012324810959398746,0.05000000074505806,0.1719551384449005,4.5291666984558105
3611,4823.264607673511,0.012166116386651993,0.05000000074505806,0.16411855816841125,4.242307662963867
3612,4824.351733757183,0.014276344329118729,0.05000000074505806,0.16411857306957245,4.32608699798584
3613,4825.700180894695,0.01280179526656866,0.05000000074505806,0.16203439235687256,4.046428203582764
3614,4826.670770440251,0.012411708012223244,0.05000000074505806,0.16415710747241974,4.396000385284424
3615,4828.488572384231,0.011366439051926136,0.05000000074505806,0.1708609163761139,4.357143402099609
3616,4829.708180198446,0.011289411224424839,0.05000000074505806,0.1704292595386505,4.182143211364746
3617,4830.987251915038,0.013593032024800777,0.05000000074505806,0.1725388765335083,4.595652103424072
3618,4833.1671115309,0.013547096401453018,0.05000000074505806,0.16128499805927277,4.259090900421143
3619,4835.279595373198,0.012153608724474907,0.05000000074505806,0.16655682027339935,4.65238094329834
3620,4836.535939096473,0.013397958129644394,0.05000000074505806,0.1820976436138153,4.595000267028809
3621,4837.781741818413,0.012329716235399246,0.05000000074505806,0.1841818243265152,4.805000305175781
3622,4838.642965185456,0.013756765983998775,0.05000000074505806,0.1679447740316391,4.5360002517700195
3623,4839.961019773968,0.014717812649905682,0.05000000074505806,0.1667238473892212,4.460000038146973
3624,4841.849226155318,0.011895976960659027,0.05000000074505806,0.17896749079227448,4.809091091156006
3625,4843.286584322341,0.011695870198309422,0.05000000074505806,0.18586277961730957,5.400000095367432
3626,4844.790551170707,0.010945704765617847,0.05000000074505806,0.17588424682617188,4.449999809265137
3627,4845.676354527473,0.011217709630727768,0.05000000074505806,0.16433119773864746,4.312000274658203
3628,4846.7149292025715,0.010733393020927906,0.05000000074505806,0.17902915179729462,4.755000114440918
3629,4848.292500085197,0.012425899505615234,0.05000000074505806,0.17840135097503662,4.994737148284912
3630,4849.950432142243,0.011982271447777748,0.05000000074505806,0.16236558556556702,4.204347133636475
3631,4850.974035547115,0.010796381160616875,0.05000000074505806,0.17613844573497772,4.973684310913086
3632,4853.430669486523,0.012279821559786797,0.05000000074505806,0.15591397881507874,3.855172634124756
3633,4854.56244008895,0.012693042866885662,0.05000000074505806,0.17697595059871674,4.717391490936279
3634,4855.510044271126,0.011133954860270023,0.05000000074505806,0.16461296379566193,4.265216827392578
3635,4857.047905832529,0.012477455660700798,0.05000000074505806,0.16236044466495514,4.159091472625732
3636,4858.455960875377,0.014116453938186169,0.05000000074505806,0.17322969436645508,4.545833110809326
3637,4859.6902907332405,0.013473531231284142,0.05000000074505806,0.1700884997844696,4.639999866485596
3638,4860.721882542595,0.012910811230540276,0.05000000074505806,0.1694078892469406,4.495999813079834
3639,4861.616427054629,0.011605655774474144,0.05000000074505806,0.16618357598781586,4.235999584197998
3640,4862.5288045071065,0.013479895889759064,0.05000000074505806,0.162460058927536,3.9791667461395264
3641,4864.274894229136,0.013695948757231236,0.05000000074505806,0.15401339530944824,4.164999961853027
3642,4865.947903558612,0.011732098646461964,0.05000000074505806,0.1733558177947998,4.4079999923706055
3643,4867.311784401536,0.014002641662955284,0.05000000074505806,0.16627714037895203,4.32608699798584
3644,4868.516281539574,0.011611316353082657,0.05000000074505806,0.1737881451845169,4.6761908531188965
3645,4869.419512817636,0.011807378381490707,0.05000000074505806,0.16566602885723114,4.485713958740234
3646,4870.440364499576,0.014204361476004124,0.05000000074505806,0.19128629565238953,5.0411763191223145
3647,4871.435816739686,0.01251771580427885,0.05000000074505806,0.16676831245422363,4.6761908531188965
3648,4872.5271196765825,0.010622423142194748,0.05000000074505806,0.17324955761432648,4.317391395568848
3649,4874.110217136331,0.012731988914310932,0.05000000074505806,0.1619819700717926,4.709523677825928
3650,4875.370937896892,0.013499693013727665,0.05000000074505806,0.17271295189857483,4.384614944458008
3651,4876.258110675961,0.01156701147556305,0.05000000074505806,0.17367489635944366,4.370833396911621
3652,4877.698829540983,0.011634605936706066,0.05000000074505806,0.17673468589782715,5.053332805633545
3653,4878.7054673293605,0.015130075626075268,0.05000000074505806,0.182651087641716,5.061110973358154
3654,4880.082234965637,0.012460681609809399,0.05000000074505806,0.1683937907218933,4.491666793823242
3655,4880.929819593206,0.012341386638581753,0.05000000074505806,0.17499999701976776,4.816666603088379
3656,4883.010325741023,0.01174098439514637,0.05000000074505806,0.17728085815906525,4.6449995040893555
3657,4883.8614293355495,0.011987545527517796,0.05000000074505806,0.18454012274742126,5.715384483337402
3658,4884.795254085213,0.012541252188384533,0.05000000074505806,0.16470587253570557,4.253846168518066
3659,4885.708528687246,0.011752481572329998,0.05000000074505806,0.16525284945964813,4.433333396911621
3660,4887.344745421782,0.013922045938670635,0.05000000074505806,0.16689655184745789,4.295833110809326
3661,4888.5959109812975,0.01003231294453144,0.05000000074505806,0.15304486453533173,4.049999713897705
3662,4889.493823052384,0.012265020981431007,0.05000000074505806,0.16722053289413452,4.166666507720947
3663,4890.521345381625,0.011474788188934326,0.05000000074505806,0.1649390310049057,4.300000190734863
3664,4891.491268532351,0.012378553859889507,0.05000000074505806,0.16744548082351685,4.239999771118164
3665,4892.411709970795,0.01310895849019289,0.05000000074505806,0.16489943861961365,4.3480000495910645
3666,4893.309644935653,0.013868068344891071,0.05000000074505806,0.17533718049526215,4.926666736602783
3667,4895.100543808192,0.01176388282328844,0.05000000074505806,0.17558592557907104,4.684210300445557
3668,4896.593788944185,0.012158251367509365,0.05000000074505806,0.16853377223014832,4.507999897003174
3669,4897.918966713361,0.010351351462304592,0.05000000074505806,0.1927194893360138,5.399999618530273
3670,4898.9368299450725,0.012864734046161175,0.05000000074505806,0.1858736127614975,5.211764335632324
3671,4900.086503291503,0.013523943722248077,0.05000000074505806,0.1594744175672531,3.997058629989624
3672,4901.510469133966,0.012436775490641594,0.05000000074505806,0.16317568719387054,4.345454692840576
3673,4902.597700939514,0.010154849849641323,0.05000000074505806,0.16603054106235504,4.364705562591553
3674,4904.8536780085415,0.010196357034146786,0.05000000074505806,0.17265468835830688,4.880000114440918
3675,4906.258289145306,0.013265246525406837,0.05000000074505806,0.1770220547914505,4.510526180267334
3676,4908.521530685015,0.011827030219137669,0.05000000074505806,0.16775862872600555,4.708695888519287
3677,4909.514404320158,0.012242194265127182,0.05000000074505806,0.16772045195102692,4.371999740600586
3678,4910.428444627672,0.013515741564333439,0.05000000074505806,0.18043477833271027,4.887499809265137
3679,4912.278834918514,0.011313932947814465,0.05000000074505806,0.16797274351119995,4.595238208770752
3680,4913.651236973703,0.011785653419792652,0.05000000074505806,0.17108012735843658,4.550000190734863
3681,4915.288186126389,0.010720028541982174,0.05000000074505806,0.18891170620918274,5.109523773193359
3682,4916.316673648544,0.011326323263347149,0.05000000074505806,0.16645963490009308,4.373912811279297
3683,4918.490981104784,0.010554169304668903,0.05000000074505806,0.16978193819522858,4.360000133514404
3684,4919.563100009225,0.011782918125391006,0.05000000074505806,0.16812297701835632,4.338461399078369
3685,4920.954108236358,0.012006884440779686,0.05000000074505806,0.1670886129140854,4.195454120635986
3686,4922.88002889324,0.012528377585113049,0.05000000074505806,0.17048904299736023,4.664999485015869
3687,4924.6031849952415,0.013072320260107517,0.05000000074505806,0.16394558548927307,4.400000095367432
3688,4925.451181510463,0.012681886553764343,0.05000000074505806,0.16484640538692474,4.41304349899292
3689,4926.832828966901,0.012388767674565315,0.05000000074505806,0.16957327723503113,4.44444465637207
3690,4927.9827040033415,0.012733368203043938,0.05000000074505806,0.17593687772750854,4.75238037109375
3691,4930.545052584261,0.012603439390659332,0.05000000074505806,0.1744791716337204,4.528571605682373
3692,4932.589948968962,0.011833623982965946,0.05000000074505806,0.17045453190803528,4.999999523162842
3693,4933.610177636147,0.011338121257722378,0.05000000074505806,0.16515396535396576,4.173684597015381
3694,4934.929615960456,0.011858271434903145,0.05000000074505806,0.17959927022457123,4.687499523162842
3695,4936.85248738993,0.011904851533472538,0.05000000074505806,0.16688312590122223,4.433333396911621
3696,4938.739350356162,0.011417262256145477,0.05000000074505806,0.17805343866348267,4.73913049697876
3697,4939.826825968921,0.012132450938224792,0.05000000074505806,0.16828420758247375,4.544999599456787
3698,4941.0313928490505,0.014140648767352104,0.05000000074505806,0.1695142388343811,4.4476189613342285
3699,4942.144850516692,0.012218519113957882,0.05000000074505806,0.16522489488124847,4.275999546051025
3700,4943.03343277704,0.009573000483214855,0.05000000074505806,0.16577181220054626,4.424999713897705
3701,4943.955220354721,0.011769980192184448,0.05000000074505806,0.17841142416000366,4.842857360839844
3702,4944.803717057221,0.013440389186143875,0.05000000074505806,0.17477954924106598,4.6529412269592285
3703,4946.7400764059275,0.012556158937513828,0.05000000074505806,0.161683589220047,4.288888931274414
3704,4947.600000442937,0.010634698905050755,0.05000000074505806,0.16420863568782806,4.183333873748779
3705,4949.178059792146,0.013098455965518951,0.05000000074505806,0.16714800894260406,4.490476131439209
3706,4950.699512359686,0.010694663040339947,0.05000000074505806,0.1766071319580078,4.570588111877441
3707,4952.718521879986,0.014345004223287106,0.05000000074505806,0.1653480976819992,4.470000267028809
3708,4955.190402051434,0.011418231762945652,0.05000000074505806,0.17322970926761627,4.739999771118164
3709,4956.862422645092,0.012119732797145844,0.05000000074505806,0.1730886846780777,4.192592620849609
3710,4957.802229212597,0.011317129246890545,0.05000000074505806,0.17025411128997803,4.399999618530273
3711,4959.933488338254,0.01332748681306839,0.05000000074505806,0.1765996515750885,4.754545211791992
3712,4961.871758888476,0.010762466117739677,0.05000000074505806,0.16036586463451385,4.1777777671813965
3713,4963.188385414891,0.013060384429991245,0.05000000074505806,0.17247192561626434,4.578260898590088
3714,4964.118438096717,0.013570361770689487,0.05000000074505806,0.17185741662979126,4.824999809265137
3715,4965.71446281299,0.012141597457230091,0.05000000074505806,0.16676782071590424,4.280769348144531
3716,4967.074072638527,0.013833165168762207,0.05000000074505806,0.16901196539402008,4.34074068069458
3717,4968.111102118157,0.012373015284538269,0.05000000074505806,0.16260869801044464,4.259259223937988
3718,4969.803370214067,0.01143100019544363,0.05000000074505806,0.16249999403953552,4.324999809265137
3719,4970.715104107745,0.012646562419831753,0.05000000074505806,0.16859081387519836,4.445000171661377
3720,4971.576407528482,0.012285945005714893,0.05000000074505806,0.1754717081785202,4.3238091468811035
3721,4972.591637928039,0.011817103251814842,0.05000000074505806,0.17989692091941833,4.745833396911621
3722,4974.712278381921,0.011052691377699375,0.05000000074505806,0.16818182170391083,4.574999809265137
3723,4975.652099345811,0.013072080910205841,0.05000000074505806,0.1687374711036682,4.852941036224365
3724,4977.588496929966,0.013013169169425964,0.05000000074505806,0.17863397300243378,4.57619047164917
3725,4979.818029546179,0.012428021989762783,0.05000000074505806,0.17151395976543427,4.816667079925537
3726,4980.712281726301,0.014579521492123604,0.05000000074505806,0.1742115020751953,4.726315498352051
3727,4982.999966231175,0.010543091222643852,0.05000000074505806,0.1667187660932541,4.440908908843994
3728,4984.1339341867715,0.011094275861978531,0.05000000074505806,0.1765432357788086,4.599999904632568
3729,4985.004869148135,0.011674746870994568,0.05000000074505806,0.17192374169826508,4.5409088134765625
3730,4985.873810992576,0.012543288059532642,0.05000000074505806,0.1702127605676651,4.295999526977539
3731,4987.428170044906,0.012658483348786831,0.05000000074505806,0.16742555797100067,4.368000030517578
3732,4989.3516231346875,0.011195803061127663,0.05000000074505806,0.17711712419986725,4.657142639160156
3733,4990.3184565119445,0.011257857084274292,0.05000000074505806,0.17093023657798767,5.164285182952881
3734,4992.813536349684,0.0114143630489707,0.05000000074505806,0.16461537778377533,4.2079997062683105
3735,4994.08113003429,0.011414358392357826,0.05000000074505806,0.17175573110580444,4.509090900421143
3736,4995.464396660216,0.012353593483567238,0.05000000074505806,0.17371325194835663,4.5833330154418945
3737,4996.4025720069185,0.013654808513820171,0.05000000074505806,0.17023809254169464,4.790476322174072
3738,4997.287916233763,0.011448299512267113,0.05000000074505806,0.15746033191680908,4.146153926849365
3739,4998.208072914742,0.014145271852612495,0.05000000074505806,0.16886502504348755,4.32692289352417
3740,4999.159210612066,0.011791005730628967,0.05000000074505806,0.15997043251991272,3.999999761581421
3741,5000.248022864573,0.011426164768636227,0.05000000074505806,0.1717625856399536,4.4277777671813965
3742,5001.130900382996,0.012616095133125782,0.05000000074505806,0.17315790057182312,4.672727584838867
3743,5002.051804441959,0.01225934736430645,0.05000000074505806,0.16013628244400024,4.3480000495910645
3744,5003.6892195902765,0.012365203350782394,0.05000000074505806,0.17326563596725464,4.266666412353516
3745,5005.312663465738,0.011711408384144306,0.05000000074505806,0.1785198599100113,4.995238304138184
3746,5006.217025209218,0.01224814634770155,0.05000000074505806,0.17218182981014252,4.5083327293396
3747,5007.279775789939,0.014975003898143768,0.05000000074505806,0.16801540553569794,4.288888931274414
3748,5008.320962708443,0.012456935830414295,0.05000000074505806,0.16858552396297455,4.538095474243164
3749,5009.4718361785635,0.012367499992251396,0.05000000074505806,0.1689591258764267,4.779999732971191
3750,5010.565113092773,0.01144481636583805,0.05000000074505806,0.1637084037065506,4.130768775939941
3751,5011.579753760248,0.013185415416955948,0.05000000074505806,0.17293104529380798,4.625
3752,5013.117986066267,0.012180984020233154,0.05000000074505806,0.1710280328989029,4.399999618530273
3753,5014.493629091419,0.01213926263153553,0.05000000074505806,0.1631355881690979,4.646666526794434
3754,5016.03428487014,0.011722010560333729,0.05000000074505806,0.17025089263916016,4.899999618530273
3755,5017.362542655319,0.011189917102456093,0.05000000074505806,0.1688581258058548,4.331999778747559
3756,5018.214931081049,0.013093533925712109,0.05000000074505806,0.17463310062885284,4.899999618530273
3757,5019.431771994568,0.013588677160441875,0.05000000074505806,0.16909091174602509,4.517390727996826
3758,5020.478209184483,0.010542708449065685,0.05000000074505806,0.1619195193052292,4.266666412353516
3759,5022.009106075391,0.012353128753602505,0.05000000074505806,0.16978652775287628,4.371999740600586
3760,5023.547656052746,0.011006621643900871,0.05000000074505806,0.17232142388820648,4.395238399505615
3761,5024.470502272248,0.012419257313013077,0.05000000074505806,0.1733095943927765,4.699999809265137
3762,5025.8996948311105,0.012788312509655952,0.05000000074505806,0.17177243530750275,4.936363697052002
3763,5027.206904379651,0.011754238046705723,0.05000000074505806,0.16934581100940704,4.699999809265137
3764,5028.119404118508,0.010591346770524979,0.05000000074505806,0.1668863445520401,4.4083333015441895
3765,5030.535872119479,0.011760164983570576,0.05000000074505806,0.17038168013095856,4.388461589813232
3766,5032.395050452091,0.011623114347457886,0.05000000074505806,0.17131783068180084,4.296296119689941
3767,5033.522416726686,0.011627879925072193,0.05000000074505806,0.1690671145915985,4.269230842590332
3768,5035.045669100247,0.013145972043275833,0.05000000074505806,0.17861385643482208,5.069230079650879
3769,5035.931532537565,0.010913953185081482,0.05000000074505806,0.16956523060798645,4.569565296173096
3770,5037.27222891245,0.01209644228219986,0.05000000074505806,0.16864274442195892,4.363999843597412
3771,5039.298372263089,0.011168627999722958,0.05000000074505806,0.17392121255397797,4.726315498352051
3772,5041.114629025571,0.012158929370343685,0.05000000074505806,0.17898088693618774,4.922222137451172
3773,5041.992933806032,0.010332219302654266,0.05000000074505806,0.1657935231924057,4.3520002365112305
3774,5043.232020060532,0.011894159950315952,0.05000000074505806,0.16248038411140442,4.523809432983398
3775,5045.8512420272455,0.012286433018743992,0.05000000074505806,0.17076921463012695,4.312499523162842
3776,5046.7220038007945,0.011538886465132236,0.05000000074505806,0.16672630608081818,4.595454692840576
3777,5049.028213398531,0.011024139821529388,0.05000000074505806,0.1564924269914627,4.1052632331848145
3778,5050.195002513938,0.011709647253155708,0.05000000074505806,0.17659999430179596,4.873333930969238
3779,5053.71606965363,0.014155313372612,0.05000000074505806,0.16520211100578308,4.481818199157715
3780,5055.055695197545,0.01020085345953703,0.05000000074505806,0.17035087943077087,4.630000114440918
3781,5056.444357870147,0.011592164635658264,0.05000000074505806,0.17288675904273987,4.339130401611328
3782,5057.340899094939,0.013283093459904194,0.05000000074505806,0.17177033424377441,4.439999580383301
3783,5058.891213749535,0.0109980758279562,0.05000000074505806,0.1633385270833969,4.165384769439697
3784,5059.852930685505,0.012636370025575161,0.05000000074505806,0.16126543283462524,4.188889026641846
3785,5060.771500097588,0.012633870355784893,0.05000000074505806,0.16624203324317932,4.260000228881836
3786,5063.002765541896,0.014382188208401203,0.05000000074505806,0.15963149070739746,4.199999809265137
3787,5064.938838694245,0.012887689284980297,0.05000000074505806,0.1728956401348114,4.61904764175415
3788,5065.817442792468,0.013519428670406342,0.05000000074505806,0.17591623961925507,4.455999851226807
3789,5066.701581234112,0.01105907466262579,0.05000000074505806,0.1704917997121811,4.74545431137085
3790,5067.588291557506,0.011823825538158417,0.05000000074505806,0.16874998807907104,4.894999980926514
3791,5068.50166009739,0.013122128322720528,0.05000000074505806,0.17271184921264648,4.539130687713623
3792,5069.378574364819,0.011816116981208324,0.05000000074505806,0.16328904032707214,4.204347610473633
3793,5070.249845992774,0.011804163455963135,0.05000000074505806,0.1774074137210846,4.749999523162842
3794,5071.706268549897,0.014519686810672283,0.05000000074505806,0.1739344298839569,4.477272987365723
3795,5073.055492986925,0.013977020978927612,0.05000000074505806,0.1610204130411148,4.737500190734863
3796,5073.899762816727,0.012457541190087795,0.05000000074505806,0.17174310982227325,4.6449995040893555
3797,5074.790028984658,0.009998919442296028,0.05000000074505806,0.16935484111309052,4.713042736053467
3798,5075.823372649029,0.012181456200778484,0.05000000074505806,0.18709678947925568,4.918749809265137
3799,5077.223825166002,0.010746004991233349,0.05000000074505806,0.16533996164798737,4.504166603088379
3800,5078.173747839406,0.012070633471012115,0.05000000074505806,0.17936842143535614,4.8647050857543945
3801,5079.565940128639,0.011354582384228706,0.05000000074505806,0.1678747832775116,4.71999979019165
3802,5080.444506515749,0.012070519849658012,0.05000000074505806,0.18146789073944092,4.5958333015441895
3803,5081.831947103143,0.01138145662844181,0.05000000074505806,0.16932006180286407,4.399999618530273
3804,5083.238654047251,0.010829984210431576,0.05000000074505806,0.16957296431064606,4.621738910675049
3805,5084.494488417171,0.011948900297284126,0.05000000074505806,0.15952813625335693,4.100000381469727
3806,5086.068177559413,0.010486161336302757,0.05000000074505806,0.17320260405540466,4.686363220214844
3807,5087.3688699239865,0.012916918843984604,0.05000000074505806,0.17412200570106506,4.483333587646484
3808,5088.884891007096,0.011467114090919495,0.05000000074505806,0.16194267570972443,4.361904621124268
3809,5090.332524256781,0.011623102240264416,0.05000000074505806,0.16463878750801086,4.309523582458496
3810,5091.26470541209,0.010653341189026833,0.05000000074505806,0.1822134405374527,4.844444274902344
3811,5092.235153868794,0.011513367295265198,0.05000000074505806,0.1653716266155243,4.587499618530273
3812,5093.634928679094,0.015297269448637962,0.05000000074505806,0.1729411631822586,4.616666793823242
3813,5094.543758442625,0.009474901482462883,0.05000000074505806,0.17058824002742767,4.504762172698975
3814,5096.524763117544,0.010706246830523014,0.05000000074505806,0.16440676152706146,4.484210968017578
3815,5097.48272026144,0.01246158592402935,0.05000000074505806,0.16608084738254547,4.380000114440918
3816,5098.882113080472,0.0111409742385149,0.05000000074505806,0.17680412530899048,4.694999694824219
3817,5101.18057820946,0.011633841320872307,0.05000000074505806,0.1711229830980301,4.445833683013916
3818,5102.463262790814,0.01374969631433487,0.05000000074505806,0.16914191842079163,4.5333333015441895
3819,5103.992490570061,0.012655098922550678,0.05000000074505806,0.16671469807624817,4.239285469055176
3820,5105.579709348269,0.012212075293064117,0.05000000074505806,0.1673501580953598,4.191666126251221
3821,5106.753522016108,0.012488322332501411,0.05000000074505806,0.16833579540252686,4.376923084259033
3822,5107.61788031552,0.012548306956887245,0.05000000074505806,0.1623867005109787,3.952173948287964
3823,5108.737242406234,0.011744124814867973,0.05000000074505806,0.16508227586746216,4.566666603088379
3824,5110.206372404471,0.011899372562766075,0.05000000074505806,0.16533924639225006,4.0962958335876465
3825,5111.110626783222,0.013748093508183956,0.05000000074505806,0.16302081942558289,4.509523868560791
3826,5113.964405229315,0.013185767456889153,0.05000000074505806,0.17312614619731903,4.408695697784424
3827,5115.862340546213,0.013612179085612297,0.05000000074505806,0.1662522256374359,4.362499713897705
3828,5117.09157536272,0.013140548020601273,0.05000000074505806,0.17006689310073853,4.24545431137085
3829,5118.023662713356,0.01330175157636404,0.05000000074505806,0.16589698195457458,4.422221660614014
3830,5119.14441521652,0.010888367891311646,0.05000000074505806,0.1627749502658844,4.369565010070801
3831,5120.085880138911,0.013029632158577442,0.05000000074505806,0.16619718074798584,4.550000190734863
3832,5121.145249963738,0.01093844324350357,0.05000000074505806,0.16323024034500122,4.413043022155762
3833,5122.278259904124,0.012491791509091854,0.05000000074505806,0.17341576516628265,4.315384864807129
3834,5124.212909544818,0.012930512428283691,0.05000000074505806,0.16988727450370789,4.369565010070801
3835,5125.116101351567,0.012557260692119598,0.05000000074505806,0.17732657492160797,4.542856693267822
3836,5125.993403850123,0.012496856041252613,0.05000000074505806,0.1662900149822235,4.499999523162842
3837,5127.034059996717,0.013066379353404045,0.05000000074505806,0.16459856927394867,4.755555152893066
3838,5128.613995490596,0.012254057452082634,0.05000000074505806,0.17446042597293854,4.236363410949707
3839,5129.52261558827,0.01197719108313322,0.05000000074505806,0.16501650214195251,4.413043022155762
3840,5130.611242501065,0.013224341906607151,0.05000000074505806,0.1657492220401764,4.4576921463012695
3841,5132.209401742555,0.012114384211599827,0.05000000074505806,0.1715053915977478,4.369999885559082
3842,5134.605799200945,0.013091147877275944,0.05000000074505806,0.17034992575645447,4.726315498352051
3843,5135.464648975991,0.012512924149632454,0.05000000074505806,0.17266187071800232,4.449999809265137
3844,5136.445406055078,0.013577718287706375,0.05000000074505806,0.17715232074260712,4.621738910675049
3845,5137.5078043453395,0.011679969727993011,0.05000000074505806,0.16806723177433014,4.4760003089904785
3846,5138.909266830422,0.013470256701111794,0.05000000074505806,0.16436250507831573,4.179166793823242
3847,5139.834605938755,0.011463182047009468,0.05000000074505806,0.16944000124931335,4.300000190734863
3848,5141.6257593836635,0.011757000349462032,0.05000000074505806,0.16307418048381805,4.619999885559082
3849,5142.626148658805,0.011912014335393906,0.05000000074505806,0.17374999821186066,4.1875
3850,5143.809890524484,0.011627724394202232,0.05000000074505806,0.16586828231811523,4.585714340209961
3851,5145.055598082952,0.011473665945231915,0.05000000074505806,0.17438524961471558,4.75
3852,5146.752417233773,0.011752509512007236,0.05000000074505806,0.16184669733047485,4.221739292144775
3853,5147.652158233337,0.01105310209095478,0.05000000074505806,0.16728971898555756,4.335999488830566
3854,5148.592675100081,0.01158224232494831,0.05000000074505806,0.1744149774312973,4.179166316986084
3855,5149.459248195402,0.01208227314054966,0.05000000074505806,0.15729646384716034,4.230769157409668
3856,5150.351132843643,0.013196200132369995,0.05000000074505806,0.17938144505023956,4.894444465637207
3857,5151.605862041004,0.01338624581694603,0.05000000074505806,0.17792640626430511,4.690476417541504
3858,5153.243225541897,0.010789970867335796,0.05000000074505806,0.16815181076526642,4.481818675994873
3859,5154.200216664933,0.012180758640170097,0.05000000074505806,0.1610197275876999,4.347999095916748
3860,5155.148686996661,0.011801735498011112,0.05000000074505806,0.18551859259605408,4.627273082733154
3861,5156.3785048676655,0.014057614840567112,0.05000000074505806,0.16952382028102875,4.409090995788574
3862,5157.94636334572,0.011001396924257278,0.05000000074505806,0.17345133423805237,4.545833110809326
3863,5158.79080815427,0.010651308111846447,0.05000000074505806,0.16697588562965393,4.519999980926514
3864,5160.810063222423,0.012090839445590973,0.05000000074505806,0.1859060376882553,5.733333587646484
3865,5163.322063522413,0.013352196663618088,0.05000000074505806,0.16167832911014557,4.015625
3866,5165.251171116717,0.011520588770508766,0.05000000074505806,0.17656825482845306,4.806249618530273
3867,5166.766203521751,0.01263152714818716,0.05000000074505806,0.17394033074378967,4.625000476837158
3868,5167.98531962093,0.011106051504611969,0.05000000074505806,0.17695391178131104,4.7347822189331055
3869,5169.325160031207,0.013063925318419933,0.05000000074505806,0.1588059663772583,4.126923084259033
3870,5170.849977504462,0.012649774551391602,0.05000000074505806,0.17221395671367645,4.199999809265137
3871,5173.094028783031,0.012534613721072674,0.05000000074505806,0.16693070530891418,4.874999046325684
3872,5175.023431289941,0.01438690721988678,0.05000000074505806,0.17109374701976776,4.116000175476074
3873,5175.871091403998,0.013295009732246399,0.05000000074505806,0.1581221967935562,4.062963485717773
3874,5176.845252591185,0.010159064084291458,0.05000000074505806,0.17527879774570465,4.715789318084717
3875,5177.911866307259,0.01338841114193201,0.05000000074505806,0.17053407430648804,4.705262660980225
3876,5178.885335433297,0.011225102469325066,0.05000000074505806,0.16715210676193237,4.28636360168457
3877,5180.23751611542,0.012355852872133255,0.05000000074505806,0.16892306506633759,4.31851863861084
3878,5181.295311477967,0.013851632364094257,0.05000000074505806,0.1727903038263321,4.5291666984558105
3879,5182.382228001021,0.011964092962443829,0.05000000074505806,0.17429077625274658,4.715000152587891
3880,5183.670224087313,0.011354479007422924,0.05000000074505806,0.1739932894706726,4.504167079925537
3881,5184.550471648574,0.013356262817978859,0.05000000074505806,0.162602961063385,4.31363582611084
3882,5185.423852201551,0.012119721621274948,0.05000000074505806,0.17512519657611847,4.504761695861816
3883,5187.997896616347,0.01127820834517479,0.05000000074505806,0.16375739872455597,4.133333206176758
3884,5188.923573557287,0.01141548901796341,0.05000000074505806,0.17719297111034393,4.695000648498535
3885,5190.137663925067,0.013716927729547024,0.05000000074505806,0.16984666883945465,4.668181896209717
3886,5191.0402354914695,0.01352436188608408,0.05000000074505806,0.16910994052886963,4.320000171661377
3887,5191.9144115410745,0.012326143682003021,0.05000000074505806,0.16989436745643616,4.513636112213135
3888,5193.428868229501,0.011827213689684868,0.05000000074505806,0.15328000485897064,4.0807695388793945
3889,5194.319744792767,0.0118332514539361,0.05000000074505806,0.17556819319725037,4.876189708709717
3890,5195.832594295964,0.012119374237954617,0.05000000074505806,0.16238242387771606,3.8958332538604736
3891,5197.207930688746,0.012077759951353073,0.05000000074505806,0.17869822680950165,5.241176605224609
3892,5198.654860660434,0.011255904100835323,0.05000000074505806,0.1745166927576065,4.839999675750732
3893,5199.5639534574,0.011869161389768124,0.05000000074505806,0.17024457454681396,4.1724138259887695
3894,5200.480772510171,0.012445871718227863,0.05000000074505806,0.17594501376152039,4.427272319793701
3895,5201.991733766161,0.012188602238893509,0.05000000074505806,0.17517481744289398,4.695833206176758
3896,5203.857133162208,0.01171126589179039,0.05000000074505806,0.18054546415805817,4.695652008056641
3897,5204.725561204366,0.013176528736948967,0.05000000074505806,0.17573966085910797,4.635714530944824
3898,5205.698802208528,0.014157094992697239,0.05000000074505806,0.17222221195697784,5.184210300445557
3899,5206.638205738738,0.012454932555556297,0.05000000074505806,0.17403316497802734,4.640000343322754
3900,5207.522218892351,0.013478624634444714,0.05000000074505806,0.17178130149841309,4.75454568862915
3901,5208.609860356897,0.01127163041383028,0.05000000074505806,0.1706293672323227,4.4375
3902,5209.496513030492,0.012868120335042477,0.05000000074505806,0.1610429435968399,4.153846263885498
3903,5211.31518140994,0.011687906458973885,0.05000000074505806,0.16923075914382935,4.171428680419922
3904,5212.346100556664,0.013006817549467087,0.05000000074505806,0.16561461985111237,4.050000190734863
3905,5213.720355930738,0.012600071728229523,0.05000000074505806,0.15606555342674255,4.292592525482178
3906,5215.005400416441,0.012374763377010822,0.05000000074505806,0.16677631437778473,4.528571128845215
3907,5217.72690734826,0.012019725516438484,0.05000000074505806,0.18006931245326996,4.446428298950195
3908,5219.07782839518,0.011264956556260586,0.05000000074505806,0.1738888919353485,4.870587348937988
3909,5220.526857181452,0.011563473381102085,0.05000000074505806,0.16319219768047333,4.4708333015441895
3910,5221.396058388986,0.010660230182111263,0.05000000074505806,0.1714518666267395,4.331999778747559
3911,5222.342025352642,0.01065991073846817,0.05000000074505806,0.17418301105499268,4.373076915740967
3912,5223.294082980603,0.01067065168172121,0.05000000074505806,0.16461296379566193,4.481818199157715
3913,5224.120826588012,0.012104981578886509,0.05000000074505806,0.1712837666273117,4.4375
3914,5225.123467077501,0.010677277110517025,0.05000000074505806,0.16492539644241333,4.509999752044678
3915,5225.998614989221,0.012607689946889877,0.05000000074505806,0.1683918833732605,4.674999713897705
3916,5227.045167355798,0.010985380969941616,0.05000000074505806,0.16920290887355804,4.377273082733154
3917,5228.154531718232,0.012990186922252178,0.05000000074505806,0.16727575659751892,4.28000020980835
3918,5229.293592068367,0.01026303879916668,0.05000000074505806,0.1646481156349182,4.34782600402832
3919,5230.875113336369,0.011574205942451954,0.05000000074505806,0.17509225010871887,4.852381229400635
3920,5231.779303917661,0.012729034759104252,0.05000000074505806,0.17091932892799377,4.525000095367432
3921,5232.713445290923,0.012215819209814072,0.05000000074505806,0.16938774287700653,4.71999979019165
3922,5233.6637269072235,0.012286288663744926,0.05000000074505806,0.16606605052947998,4.057142734527588
3923,5234.778333104216,0.010408539324998856,0.05000000074505806,0.1585889458656311,4.559999942779541
3924,5235.787947484292,0.014070280827581882,0.05000000074505806,0.1816135197877884,4.27142858505249
3925,5237.938939969987,0.015294100157916546,0.05000000074505806,0.18076923489570618,5.116666316986084
3926,5238.786275468767,0.013128903694450855,0.05000000074505806,0.18008297681808472,5.125
3927,5240.182784046046,0.012518426403403282,0.05000000074505806,0.1840142011642456,4.981818199157715
3928,5241.032102216966,0.010326930321753025,0.05000000074505806,0.16682171821594238,4.299999713897705
3929,5241.971657687798,0.012342571280896664,0.05000000074505806,0.16977928578853607,4.295238494873047
3930,5243.082156443968,0.010511986911296844,0.05000000074505806,0.17357800900936127,4.8176469802856445
3931,5244.270407623611,0.011999932117760181,0.05000000074505806,0.1651952564716339,4.473913192749023
3932,5245.281747528352,0.012467488646507263,0.05000000074505806,0.17050692439079285,4.279310703277588
3933,5246.705862914212,0.012895711697638035,0.05000000074505806,0.16120527684688568,4.40476131439209
3934,5248.90699023474,0.012991869822144508,0.05000000074505806,0.17858587205410004,4.739999771118164
3935,5250.198491541669,0.011179942637681961,0.05000000074505806,0.17397505044937134,4.790909290313721
3936,5252.347558462992,0.013818638399243355,0.05000000074505806,0.15806938707828522,4.126923084259033
3937,5253.87865403574,0.014215636998414993,0.05000000074505806,0.17010870575904846,4.127777576446533
3938,5254.821672066115,0.013522302731871605,0.05000000074505806,0.16982457041740417,4.650000095367432
3939,5256.32299986016,0.011275393888354301,0.05000000074505806,0.17815276980400085,4.8681817054748535
3940,5258.242276794277,0.010650651529431343,0.05000000074505806,0.15775862336158752,4.300000190734863
3941,5259.113904408179,0.010723953135311604,0.05000000074505806,0.16872036457061768,4.2079997062683105
3942,5260.587359629571,0.012783993035554886,0.05000000074505806,0.17269441485404968,4.768421173095703
3943,5261.445958524942,0.011622495017945766,0.05000000074505806,0.1695488691329956,4.490476131439209
3944,5262.361185559072,0.011869354173541069,0.05000000074505806,0.1721617430448532,4.461905479431152
3945,5264.08422539942,0.013044014573097229,0.05000000074505806,0.1603773534297943,4.378260612487793
3946,5265.407874871045,0.012029355391860008,0.05000000074505806,0.16897232830524445,4.317391395568848
3947,5266.333771400154,0.012413972057402134,0.05000000074505806,0.17299412190914154,4.835000038146973
3948,5267.848249384202,0.01136438176035881,0.05000000074505806,0.17785844206809998,4.623809337615967
3949,5269.892086209729,0.014166248962283134,0.05000000074505806,0.16985559463500977,4.67222261428833
3950,5271.206589897163,0.013535944744944572,0.05000000074505806,0.18047946691513062,4.5652174949646
3951,5272.108938190155,0.012489649467170238,0.05000000074505806,0.173380047082901,4.699999809265137
3952,5273.183184584603,0.012284360826015472,0.05000000074505806,0.15887999534606934,4.204545497894287
3953,5275.359905864112,0.012133270502090454,0.05000000074505806,0.16965945065021515,4.248000144958496
3954,5276.26639833767,0.011387175880372524,0.05000000074505806,0.17225705087184906,4.387500286102295
3955,5277.201581709087,0.01213875412940979,0.05000000074505806,0.16742557287216187,4.718181610107422
3956,5278.967873614281,0.011344832368195057,0.05000000074505806,0.1649370938539505,4.148148059844971
3957,5279.999378049746,0.013929801993072033,0.05000000074505806,0.16813817620277405,4.641176223754883
3958,5281.058276198804,0.010630650445818901,0.05000000074505806,0.17184114456176758,4.722222328186035
3959,5281.984267448075,0.011283998377621174,0.05000000074505806,0.17264653742313385,4.656521797180176
3960,5282.9580231187865,0.012562236748635769,0.05000000074505806,0.1696787178516388,4.563157558441162
3961,5284.976995662786,0.011629252694547176,0.05000000074505806,0.17437277734279633,4.6045451164245605
3962,5286.020293348469,0.01191518921405077,0.05000000074505806,0.1743718534708023,4.722727298736572
3963,5287.556187253445,0.013287199661135674,0.05000000074505806,0.180402934551239,4.695000648498535
3964,5288.401929975487,0.011417869478464127,0.05000000074505806,0.1682656854391098,4.844444274902344
3965,5289.365164306015,0.011629476211965084,0.05000000074505806,0.17160940170288086,4.610526084899902
3966,5291.244224790484,0.012373510748147964,0.05000000074505806,0.16704729199409485,4.200000286102295
3967,5293.303330389783,0.013481426984071732,0.05000000074505806,0.17197579145431519,4.6315789222717285
3968,5295.012224010192,0.014213253743946552,0.05000000074505806,0.16655738651752472,4.643477916717529
3969,5296.828904286027,0.011236091144382954,0.05000000074505806,0.1755101978778839,4.415384292602539
3970,5298.222316995263,0.011423921212553978,0.05000000074505806,0.17511963844299316,4.550000190734863
3971,5299.542927632108,0.01228236872702837,0.05000000074505806,0.16083085536956787,3.9000000953674316
3972,5301.092637382448,0.011750701814889908,0.05000000074505806,0.17052631080150604,4.782352924346924
3973,5302.1773490626365,0.013683004304766655,0.05000000074505806,0.17345574498176575,4.368000030517578
3974,5303.900128239766,0.011455581523478031,0.05000000074505806,0.17655956745147705,4.747368335723877
3975,5304.849340336397,0.013748988509178162,0.05000000074505806,0.16286231577396393,4.780951976776123
3976,5306.922899107449,0.011063344776630402,0.05000000074505806,0.16311727464199066,3.999999761581421
3977,5307.838105338626,0.012597700580954552,0.05000000074505806,0.16736474633216858,4.59999942779541
3978,5309.274793871678,0.011698889546096325,0.05000000074505806,0.16985073685646057,4.244444370269775
3979,5311.824450762942,0.011528627015650272,0.05000000074505806,0.15555554628372192,4.133333683013916
3980,5312.701442093588,0.01306706853210926,0.05000000074505806,0.16622890532016754,4.509523868560791
3981,5313.8756556855515,0.012329699471592903,0.05000000074505806,0.1574498564004898,3.9479994773864746
3982,5316.025202572346,0.012209768407046795,0.05000000074505806,0.17824497818946838,4.499999523162842
3983,5316.874007979408,0.012159019708633423,0.05000000074505806,0.1585448533296585,4.494999885559082
3984,5317.798215650953,0.013082213699817657,0.05000000074505806,0.16447573900222778,4.052173614501953
3985,5318.871120844036,0.01163346879184246,0.05000000074505806,0.163285031914711,4.291999340057373
3986,5321.006334104575,0.01334421243518591,0.05000000074505806,0.1653791069984436,4.188889026641846
3987,5323.24927835539,0.01196527760475874,0.05000000074505806,0.16753670573234558,4.099999904632568
3988,5324.596180830151,0.011114572174847126,0.05000000074505806,0.1812095195055008,4.970000267028809
3989,5325.481955258176,0.014256488531827927,0.05000000074505806,0.16397413611412048,4.295652389526367
3990,5327.349089303054,0.012087387032806873,0.05000000074505806,0.17691081762313843,4.65500020980835
3991,5328.817681656219,0.011574557982385159,0.05000000074505806,0.18770836293697357,4.8545451164245605
3992,5329.742004347034,0.014939592219889164,0.05000000074505806,0.1630323827266693,4.569565296173096
3993,5331.581198156811,0.013031672686338425,0.05000000074505806,0.18135283887386322,4.521052360534668
3994,5332.583132640459,0.013321400620043278,0.05000000074505806,0.17831578850746155,5.573333263397217
3995,5333.45118105039,0.010871660895645618,0.05000000074505806,0.17054906487464905,4.47599983215332
3996,5334.961508368142,0.01115228608250618,0.05000000074505806,0.16312400996685028,4.390000343322754
3997,5336.073647815734,0.014190979301929474,0.05000000074505806,0.15705521404743195,3.889655113220215
3998,5336.982397338375,0.01265384815633297,0.05000000074505806,0.17486236989498138,4.694736480712891
3999,5338.616778356023,0.015500706620514393,0.05000000074505806,0.17503827810287476,4.360869407653809
4000,5339.995456077158,0.013797085732221603,0.05000000074505806,0.15901875495910645,4.274074077606201
4001,5341.552586644888,0.011262822896242142,0.05000000074505806,0.16890756785869598,4.258620738983154
4002,5343.404066408984,0.013099346309900284,0.05000000074505806,0.18173599243164062,5.21999979019165
4003,5345.2481583813205,0.011006456799805164,0.05000000074505806,0.15930598974227905,4.016666889190674
4004,5346.599121101201,0.011555850505828857,0.05000000074505806,0.16003619134426117,4.52105188369751
4005,5349.284123024903,0.012258105911314487,0.05000000074505806,0.1619863063097,4.057692527770996
4006,5351.2199767204,0.0106652257964015,0.05000000074505806,0.17528089880943298,4.939999580383301
4007,5352.201699837111,0.012153910472989082,0.05000000074505806,0.16799363493919373,4.342307090759277
4008,5353.706164934672,0.009792475961148739,0.05000000074505806,0.1727869063615799,4.404347896575928
4009,5355.632423873991,0.010995264165103436,0.05000000074505806,0.1602076143026352,4.260869979858398
4010,5357.2142355032265,0.013161813840270042,0.05000000074505806,0.17378278076648712,4.784210681915283
4011,5359.193370744586,0.012883524410426617,0.05000000074505806,0.17540687322616577,4.616666793823242
4012,5361.299565274268,0.012517373077571392,0.05000000074505806,0.17458471655845642,4.330435276031494
4013,5362.194801207632,0.011635961011052132,0.05000000074505806,0.1622331738471985,4.709523677825928
4014,5364.94679527916,0.012893001548945904,0.05000000074505806,0.15882353484630585,3.9785711765289307
4015,5365.839143771678,0.012005867436528206,0.05000000074505806,0.17404325306415558,4.660869598388672
4016,5366.995864352211,0.01175021007657051,0.05000000074505806,0.17936508357524872,4.933333396911621
4017,5369.837735993788,0.010979797691106796,0.05000000074505806,0.16991303861141205,4.523529052734375
4018,5371.463270598091,0.012588612735271454,0.05000000074505806,0.16262458264827728,4.295652389526367
4019,5372.9544270318,0.01011184137314558,0.05000000074505806,0.1694078892469406,4.376190662384033
4020,5373.9849294452,0.010998724959790707,0.05000000074505806,0.1686311662197113,4.731818199157715
4021,5375.026511743665,0.01208200678229332,0.05000000074505806,0.1639498472213745,4.288000106811523
4022,5376.8621362783015,0.01006718073040247,0.05000000074505806,0.16279761493206024,3.989285945892334
4023,5379.624575247057,0.011966991238296032,0.05000000074505806,0.17692306637763977,4.6449995040893555
4024,5380.496653902344,0.011307748034596443,0.05000000074505806,0.17977100610733032,4.800000190734863
4025,5382.734543727711,0.011797131039202213,0.05000000074505806,0.17147594690322876,4.710000038146973
4026,5384.628103573807,0.012947123497724533,0.05000000074505806,0.1637755185365677,4.354166030883789
4027,5386.3124271556735,0.011445283889770508,0.05000000074505806,0.1628289520740509,4.21999979019165
4028,5387.249225975946,0.01185029186308384,0.05000000074505806,0.16210190951824188,4.328000068664551
4029,5389.243834241293,0.011842463165521622,0.05000000074505806,0.18430334329605103,5.143750190734863
4030,5390.624241705984,0.00989680178463459,0.05000000074505806,0.16428570449352264,4.311538219451904
4031,5391.53031091392,0.012925034388899803,0.05000000074505806,0.16778425872325897,4.225000381469727
4032,5392.419149595313,0.01204537320882082,0.05000000074505806,0.17438596487045288,4.458333492279053
4033,5394.652035119012,0.012988561764359474,0.05000000074505806,0.17029914259910583,4.6315789222717285
4034,5396.123178554699,0.011790256015956402,0.05000000074505806,0.17104852199554443,4.647618770599365
4035,5397.708016416989,0.011698568239808083,0.05000000074505806,0.16916804015636444,4.211538314819336
4036,5398.688194130547,0.013538011349737644,0.05000000074505806,0.18091744184494019,4.740909099578857
4037,5400.435071053915,0.012784869410097599,0.05000000074505806,0.17151515185832977,4.764705657958984
4038,5402.730225840583,0.012199168093502522,0.05000000074505806,0.17664092779159546,5.168749809265137
4039,5403.6691374741495,0.01292214822024107,0.05000000074505806,0.17071056365966797,4.795652389526367
4040,5404.690540938638,0.016827503219246864,0.05000000074505806,0.17938145995140076,4.476190090179443
4041,5405.752460097894,0.015632374212145805,0.05000000074505806,0.1752525120973587,4.5279998779296875
4042,5407.205335881561,0.010445904918015003,0.05000000074505806,0.16991305351257324,4.695237636566162
4043,5408.5722889546305,0.011947240680456161,0.05000000074505806,0.18022507429122925,4.449999809265137
4044,5410.338721551001,0.012289938516914845,0.05000000074505806,0.18207736313343048,5.171428203582764
4045,5411.243962048553,0.013337207958102226,0.05000000074505806,0.16286230087280273,4.424999713897705
4046,5412.147882284597,0.012234991416335106,0.05000000074505806,0.17566542327404022,4.542105197906494
4047,5413.070185540244,0.012671688571572304,0.05000000074505806,0.1641891896724701,4.6421051025390625
4048,5415.146736684255,0.014778747223317623,0.05000000074505806,0.16832299530506134,4.288461685180664
4049,5416.030684888363,0.012804367579519749,0.05000000074505806,0.1720670610666275,4.884210109710693
4050,5417.111260026693,0.013876842334866524,0.05000000074505806,0.16102485358715057,4.070370197296143
4051,5418.34201376047,0.013282408006489277,0.05000000074505806,0.1712280660867691,4.424999713897705
4052,5419.86642785836,0.011321294121444225,0.05000000074505806,0.16903914511203766,4.591304779052734
4053,5420.772603878751,0.013313299976289272,0.05000000074505806,0.17990542948246002,5.412499904632568
4054,5422.461306096055,0.010919352993369102,0.05000000074505806,0.17312391102313995,4.838095188140869
4055,5423.784598545171,0.01019349880516529,0.05000000074505806,0.16890034079551697,4.407999515533447
4056,5425.447025078349,0.011541429907083511,0.05000000074505806,0.17288461327552795,4.842857360839844
4057,5426.576525846496,0.013976716436445713,0.05000000074505806,0.18052631616592407,4.585714340209961
4058,5428.184131179005,0.014563147909939289,0.05000000074505806,0.186099573969841,5.299999237060547
4059,5429.575470763259,0.00976300984621048,0.05000000074505806,0.17940594255924225,4.966666221618652
4060,5431.266954439692,0.013749457895755768,0.05000000074505806,0.17363344132900238,4.696000099182129
4061,5432.451462764293,0.01243400014936924,0.05000000074505806,0.17342008650302887,4.7909088134765625
4062,5433.400964902714,0.01127670519053936,0.05000000074505806,0.1676703542470932,4.4476189613342285
4063,5435.182381186634,0.01208345964550972,0.05000000074505806,0.1737213432788849,4.395833492279053
4064,5436.901881392114,0.012807105667889118,0.05000000074505806,0.1701219528913498,4.325925827026367
4065,5438.637383881956,0.010515385307371616,0.05000000074505806,0.16696752607822418,4.150000095367432
4066,5440.239126171917,0.012060719542205334,0.05000000074505806,0.1659284383058548,4.622727394104004
4067,5441.0938774487,0.013022121973335743,0.05000000074505806,0.1766233742237091,4.462499618530273
4068,5442.769816597924,0.012548446655273438,0.05000000074505806,0.17690762877464294,4.964999198913574
4069,5444.4381309542805,0.012340538203716278,0.05000000074505806,0.16944442689418793,4.941666603088379
4070,5445.377160524018,0.011821189895272255,0.05000000074505806,0.18425926566123962,4.756521701812744
4071,5447.027826250531,0.011821898631751537,0.05000000074505806,0.16013985872268677,4.504347324371338
4072,5448.188885726035,0.01139048021286726,0.05000000074505806,0.1699422001838684,4.590476036071777
4073,5449.05935815163,0.012984671629965305,0.05000000074505806,0.1796371042728424,4.671428680419922
4074,5450.101824228652,0.014027952216565609,0.05000000074505806,0.16780301928520203,5.3125
4075,5451.739181384444,0.009936423972249031,0.05000000074505806,0.16830065846443176,4.216000080108643
4076,5453.349272229709,0.012242026627063751,0.05000000074505806,0.17486338317394257,4.813636302947998
4077,5455.36506472528,0.012237276881933212,0.05000000074505806,0.16533997654914856,4.239130973815918
4078,5456.419235655107,0.012944772839546204,0.05000000074505806,0.16830600798130035,4.460869789123535
4079,5457.296263337135,0.01156451366841793,0.05000000074505806,0.1734061986207962,4.470588207244873
4080,5458.173966218717,0.00954300258308649,0.05000000074505806,0.17403651773929596,5.082353115081787
4081,5459.912914485671,0.01108995359390974,0.05000000074505806,0.16991452872753143,4.373913288116455
4082,5461.349028611556,0.01126418448984623,0.05000000074505806,0.16805779933929443,4.4269232749938965
4083,5462.451927695423,0.011190341785550117,0.05000000074505806,0.16340290009975433,4.34761905670166
4084,5465.783711441793,0.012647336348891258,0.05000000074505806,0.17733561992645264,4.507999897003174
4085,5466.685742596164,0.012964275665581226,0.05000000074505806,0.16792762279510498,4.375999927520752
4086,5468.483908648603,0.012844424694776535,0.05000000074505806,0.1660565584897995,4.340909004211426
4087,5469.754068029113,0.011517802253365517,0.05000000074505806,0.1677577793598175,4.4039998054504395
4088,5470.592876854353,0.01179934199899435,0.05000000074505806,0.1658075600862503,4.529999732971191
4089,5472.450475527905,0.014509745873510838,0.05000000074505806,0.17109091579914093,4.558823585510254
4090,5474.107468208298,0.012930547818541527,0.05000000074505806,0.17058824002742767,4.441666603088379
4091,5475.847160043195,0.012952505610883236,0.05000000074505806,0.1750503033399582,4.763158321380615
4092,5477.669224115089,0.012841596268117428,0.05000000074505806,0.17419354617595673,4.391666412353516
4093,5479.46715015173,0.011985179036855698,0.05000000074505806,0.1658671498298645,4.665217399597168
4094,5480.685419688933,0.010800620540976524,0.05000000074505806,0.17411068081855774,4.933333396911621
4095,5481.539744175971,0.011520754545927048,0.05000000074505806,0.16459016501903534,4.323999404907227
4096,5482.621266065165,0.013081282377243042,0.05000000074505806,0.1655476987361908,4.411764144897461
4097,5483.879872372374,0.011135231703519821,0.05000000074505806,0.1715909093618393,4.599999904632568
4098,5485.316879008897,0.011420651338994503,0.05000000074505806,0.1867469847202301,5.104999542236328
4099,5486.91434213426,0.01081776525825262,0.05000000074505806,0.1733333170413971,4.490476608276367
4100,5489.478991716169,0.01298267487436533,0.05000000074505806,0.1617283970117569,4.4549994468688965
4101,5490.546909677796,0.013821450062096119,0.05000000074505806,0.16284246742725372,4.168181896209717
4102,5491.4293281314895,0.010509036481380463,0.05000000074505806,0.15690235793590546,4.436363697052002
4103,5492.318660441786,0.012644808739423752,0.05000000074505806,0.15836012363433838,3.927999496459961
4104,5494.33674459625,0.01168701983988285,0.05000000074505806,0.17770420014858246,4.937500476837158
4105,5495.3782863477245,0.01034559030085802,0.05000000074505806,0.17934782803058624,5.094444751739502
4106,5497.130736255087,0.012489299289882183,0.05000000074505806,0.16338513791561127,4.539130687713623
4107,5498.101618118584,0.011583013460040092,0.05000000074505806,0.17165492475032806,4.390476226806641
4108,5499.124945318326,0.01185000129044056,0.05000000074505806,0.16386139392852783,4.311538219451904
4109,5499.951793635264,0.011964375153183937,0.05000000074505806,0.16808117926120758,4.563157558441162
4110,5500.914759370498,0.01166978757828474,0.05000000074505806,0.1667279303073883,4.644444465637207
4111,5502.99755765032,0.009441421367228031,0.05000000074505806,0.17119857668876648,4.4190473556518555
4112,5503.916704142466,0.011609716340899467,0.05000000074505806,0.17041800916194916,4.604166507720947
4113,5505.297052159905,0.011914449743926525,0.05000000074505806,0.1773512363433838,4.868420600891113
4114,5506.7654219307005,0.011172414757311344,0.05000000074505806,0.16595743596553802,4.153846263885498
4115,5509.151534882374,0.012183800339698792,0.05000000074505806,0.16954396665096283,4.375
4116,5510.046890969388,0.012721766717731953,0.05000000074505806,0.1612277776002884,4.169999599456787
4117,5511.467129516415,0.012121018953621387,0.05000000074505806,0.17785713076591492,4.686956882476807
4118,5513.051946585067,0.01338683720678091,0.05000000074505806,0.161387637257576,4.286206245422363
4119,5513.890020511113,0.011494947597384453,0.05000000074505806,0.1757078915834427,4.285714149475098
4120,5515.214831565507,0.01306938286870718,0.05000000074505806,0.16748251020908356,4.5333333015441895
4121,5516.082743243314,0.01103378739207983,0.05000000074505806,0.17373418807983398,4.3115386962890625
4122,5517.7900576340035,0.011207696981728077,0.05000000074505806,0.17179055511951447,4.628571510314941
4123,5518.877023008652,0.01283284742385149,0.05000000074505806,0.1610749065876007,4.205263137817383
4124,5519.737182568759,0.01365632563829422,0.05000000074505806,0.1735343188047409,4.355999946594238
4125,5520.682955478318,0.010248892940580845,0.05000000074505806,0.1569841355085373,4.320000171661377
4126,5522.183435066603,0.011718285270035267,0.05000000074505806,0.171452134847641,4.774999618530273
4127,5523.872433695011,0.013331377878785133,0.05000000074505806,0.1580372303724289,4.171999931335449
4128,5524.833488639444,0.01088259182870388,0.05000000074505806,0.18027210235595703,4.474999904632568
4129,5526.193677131087,0.011754171922802925,0.05000000074505806,0.16535764932632446,4.231034278869629
4130,5527.906370184384,0.012333783321082592,0.05000000074505806,0.1703258901834488,4.392000198364258
4131,5529.8857202949,0.01223851554095745,0.05000000074505806,0.16285714507102966,4.1526312828063965
4132,5531.66667300649,0.013795055449008942,0.05000000074505806,0.17539823055267334,4.349999904632568
4133,5532.586687243544,0.009997976012527943,0.05000000074505806,0.16583186388015747,4.789999961853027
4134,5534.164350638166,0.010406654328107834,0.05000000074505806,0.16059546172618866,4.329166889190674
4135,5535.7249409863725,0.009001570753753185,0.05000000074505806,0.17920605838298798,4.826315402984619
4136,5537.4710099557415,0.012770367786288261,0.05000000074505806,0.17397260665893555,4.7190470695495605
4137,5538.3659562543035,0.011608251370489597,0.05000000074505806,0.16383332014083862,4.268421173095703
4138,5539.352046764456,0.010443666018545628,0.05000000074505806,0.16288135945796967,4.382607936859131
4139,5540.78253747616,0.01161363534629345,0.05000000074505806,0.16938051581382751,4.5176472663879395
4140,5541.649456994608,0.012016207911074162,0.05000000074505806,0.1692184954881668,4.244443893432617
4141,5542.5464621149,0.010211844928562641,0.05000000074505806,0.15679611265659332,4.3565216064453125
4142,5543.478732282296,0.010709248483181,0.05000000074505806,0.16992592811584473,4.0423078536987305
4143,5545.145952858962,0.012170390225946903,0.05000000074505806,0.15717093646526337,4.426086902618408
4144,5546.418871392496,0.013072970323264599,0.05000000074505806,0.17519232630729675,4.583333492279053
4145,5548.036749231629,0.012656673789024353,0.05000000074505806,0.16420765221118927,4.138709545135498
4146,5549.251906847581,0.012447777204215527,0.05000000074505806,0.1673946976661682,4.291666507720947
4147,5550.950988190249,0.012561295181512833,0.05000000074505806,0.1786324679851532,4.599999904632568
4148,5552.110340483487,0.013008413836359978,0.05000000074505806,0.17331241071224213,4.373912811279297
4149,5553.171677729115,0.01100346352905035,0.05000000074505806,0.16553255915641785,4.244443893432617
4150,5554.319633801468,0.01325706485658884,0.05000000074505806,0.16452647745609283,4.230769157409668
4151,5555.556512630545,0.012212441302835941,0.05000000074505806,0.17687861621379852,4.777777671813965
4152,5557.063059503213,0.013192825950682163,0.05000000074505806,0.16439791023731232,4.726667404174805
4153,5558.725553936325,0.01179132703691721,0.05000000074505806,0.17866894602775574,4.6913042068481445
4154,5559.644532821141,0.013423359021544456,0.05000000074505806,0.17315435409545898,4.384615898132324
4155,5560.840468869545,0.011809158138930798,0.05000000074505806,0.1784893274307251,4.724999904632568
4156,5561.739512944594,0.01090933009982109,0.05000000074505806,0.16928446292877197,4.4666666984558105
4157,5563.70565108303,0.0129803866147995,0.05000000074505806,0.1715315282344818,4.654545307159424
4158,5565.082478782162,0.010218472220003605,0.05000000074505806,0.16761133074760437,4.599999904632568
4159,5566.668039071374,0.010860373266041279,0.05000000074505806,0.17516449093818665,4.431818008422852
4160,5569.076938749291,0.0116416672244668,0.05000000074505806,0.17902913689613342,4.794736862182617
4161,5570.526231875643,0.013259357772767544,0.05000000074505806,0.17472527921199799,5.009523868560791
4162,5571.9763215221465,0.013963034376502037,0.05000000074505806,0.18141263723373413,4.827272415161133
4163,5573.683947145008,0.00950473640114069,0.05000000074505806,0.16323530673980713,4.115999221801758
4164,5575.326316176914,0.010698028840124607,0.05000000074505806,0.17099645733833313,4.124999523162842
4165,5576.207297629677,0.011517411097884178,0.05000000074505806,0.16006600856781006,4.430768966674805
4166,5577.330963457935,0.010267417877912521,0.05000000074505806,0.18059702217578888,4.768421173095703
4167,5579.428968473338,0.01088347565382719,0.05000000074505806,0.17326891422271729,4.741666316986084
4168,5581.438439064659,0.010939805768430233,0.05000000074505806,0.16760562360286713,4.361904144287109
4169,5582.30850846041,0.009698716923594475,0.05000000074505806,0.17377623915672302,4.530435085296631
4170,5583.298997784033,0.010836702771484852,0.05000000074505806,0.17414051294326782,4.073913097381592
4171,5584.183395930566,0.011231276206672192,0.05000000074505806,0.1697632074356079,5.07777738571167
4172,5585.080832988955,0.012674658559262753,0.05000000074505806,0.17648951709270477,4.559999465942383
4173,5586.005311525427,0.01090370211750269,0.05000000074505806,0.175502747297287,4.543478488922119
4174,5587.758439139463,0.01169179193675518,0.05000000074505806,0.16381579637527466,4.590476036071777
4175,5588.913542342372,0.010568475350737572,0.05000000074505806,0.17174281179904938,4.223999500274658
4176,5590.095892960206,0.011532926931977272,0.05000000074505806,0.16329526901245117,4.357142925262451
4177,5592.067677387036,0.01299340557307005,0.05000000074505806,0.16285714507102966,4.162963390350342
4178,5594.801678406075,0.0122156273573637,0.05000000074505806,0.1666666567325592,4.283999919891357
4179,5595.7028018618,0.014571921899914742,0.05000000074505806,0.16420722007751465,4.269230365753174
4180,5596.786585156806,0.012549608014523983,0.05000000074505806,0.16685184836387634,4.294444561004639
4181,5597.765363030136,0.010569845326244831,0.05000000074505806,0.1733221560716629,4.438095569610596
4182,5599.204934568144,0.011812902987003326,0.05000000074505806,0.16453781723976135,4.599999904632568
4183,5600.839753976092,0.011613295413553715,0.05000000074505806,0.1652960479259491,4.234615325927734
4184,5603.390424795449,0.012725739739835262,0.05000000074505806,0.16766665875911713,4.450000286102295
4185,5604.711026713252,0.012904400937259197,0.05000000074505806,0.16366279125213623,4.103999614715576
4186,5606.444725406356,0.010841266252100468,0.05000000074505806,0.16394317150115967,4.190476417541504
4187,5607.319749571383,0.011969494633376598,0.05000000074505806,0.16736842691898346,4.560869216918945
4188,5608.278625308536,0.011541353538632393,0.05000000074505806,0.17807182669639587,4.966666221618652
4189,5610.244994805194,0.010613808408379555,0.05000000074505806,0.16246537864208221,4.013333320617676
4190,5611.636119141243,0.011263258755207062,0.05000000074505806,0.17593584954738617,4.595652103424072
4191,5613.324313397519,0.01285515632480383,0.05000000074505806,0.16943973302841187,4.472727298736572
4192,5614.5453281626105,0.011826394125819206,0.05000000074505806,0.17153283953666687,4.861904621124268
4193,5615.543801883236,0.013274984434247017,0.05000000074505806,0.16451077163219452,4.180768966674805
4194,5617.063312650658,0.011191154830157757,0.05000000074505806,0.17706237733364105,4.84666633605957
4195,5618.024090109393,0.010632083751261234,0.05000000074505806,0.16795097291469574,4.613043785095215
4196,5621.00634363573,0.01411987654864788,0.05000000074505806,0.17918969690799713,4.662500381469727
4197,5622.136108882725,0.012637111358344555,0.05000000074505806,0.16906584799289703,4.519230842590332
4198,5623.0992841646075,0.015032833442091942,0.05000000074505806,0.16363637149333954,4.146153926849365
4199,5624.167574329302,0.012714694254100323,0.05000000074505806,0.1608247458934784,4.709523677825928
4200,5625.91908557713,0.010965244844555855,0.05000000074505806,0.1695999950170517,3.942857265472412
4201,5626.784116667695,0.010967177338898182,0.05000000074505806,0.16999998688697815,4.420000076293945
4202,5628.247232337482,0.013079292140901089,0.05000000074505806,0.1615733802318573,4.2079997062683105
4203,5630.696490460075,0.010955410078167915,0.05000000074505806,0.1687999963760376,4.3458333015441895
4204,5632.405024250038,0.012835745699703693,0.05000000074505806,0.167288139462471,4.222221851348877
4205,5633.798950561322,0.01339009590446949,0.05000000074505806,0.17642726004123688,5.0199995040893555
4206,5635.780664452352,0.012048433534801006,0.05000000074505806,0.1649501770734787,4.204347610473633
4207,5637.172334217466,0.012420819140970707,0.05000000074505806,0.17481619119644165,4.747368335723877
4208,5638.875332189724,0.010390051640570164,0.05000000074505806,0.1813008040189743,4.889473915100098
4209,5639.723639784381,0.01474527083337307,0.05000000074505806,0.18682008981704712,5.600000381469727
4210,5640.638329820707,0.012819682247936726,0.05000000074505806,0.1750870943069458,4.616666793823242
4211,5642.424702348188,0.012207732535898685,0.05000000074505806,0.17671231925487518,4.799999237060547
4212,5643.887310196646,0.01295327115803957,0.05000000074505806,0.17555111646652222,4.988888263702393
4213,5644.990502486937,0.014649502001702785,0.05000000074505806,0.1792134791612625,4.742105007171631
4214,5646.501477393322,0.012555944733321667,0.05000000074505806,0.1694239228963852,4.373076915740967
4215,5648.352820137516,0.011120534501969814,0.05000000074505806,0.17036496102809906,4.189285755157471
4216,5649.419914897531,0.012935517355799675,0.05000000074505806,0.17449170351028442,4.894736289978027
4217,5651.189622010104,0.011780056171119213,0.05000000074505806,0.16094031929969788,4.524999618530273
4218,5652.55949624069,0.013292704708874226,0.05000000074505806,0.16727270185947418,4.273077011108398
4219,5653.509600382298,0.011686719954013824,0.05000000074505806,0.1650470346212387,4.372726917266846
4220,5654.411995916627,0.011303545907139778,0.05000000074505806,0.16129517555236816,4.142857074737549
4221,5655.433588534594,0.013205375522375107,0.05000000074505806,0.1668977439403534,4.242856979370117
4222,5656.956378686242,0.012847966514527798,0.05000000074505806,0.17897838354110718,4.694736480712891
4223,5658.53855447378,0.013294616714119911,0.05000000074505806,0.1737878918647766,4.392307758331299
4224,5659.506945374422,0.010700949467718601,0.05000000074505806,0.16987061500549316,4.547826290130615
4225,5660.999659572728,0.012177406810224056,0.05000000074505806,0.17989227175712585,4.671428203582764
4226,5663.217901390977,0.01016657892614603,0.05000000074505806,0.1670433133840561,4.888235569000244
4227,5664.102543727495,0.012328701093792915,0.05000000074505806,0.16319115459918976,4.1521735191345215
4228,5664.99265553616,0.01141054555773735,0.05000000074505806,0.16472601890563965,4.359090805053711
4229,5665.914777552709,0.011579512618482113,0.05000000074505806,0.17620815336704254,4.677272319793701
4230,5667.513562459499,0.013685198500752449,0.05000000074505806,0.184749037027359,5.100000381469727
4231,5668.408571836539,0.011136574670672417,0.05000000074505806,0.16019263863563538,4.2846150398254395
4232,5669.319287973456,0.01089875865727663,0.05000000074505806,0.1700342446565628,4.554999828338623
4233,5670.222491125576,0.010920795612037182,0.05000000074505806,0.17034482955932617,4.557142734527588
4234,5671.575044709258,0.012807839550077915,0.05000000074505806,0.16631942987442017,4.439130783081055
4235,5672.607419456355,0.01226554624736309,0.05000000074505806,0.1633387804031372,4.226086616516113
4236,5673.463996419683,0.012259328737854958,0.05000000074505806,0.17989690601825714,4.50869607925415
4237,5675.392082263716,0.012284302152693272,0.05000000074505806,0.17657935619354248,4.36296272277832
4238,5676.324292845093,0.012794974260032177,0.05000000074505806,0.16301368176937103,4.694999694824219
4239,5677.174516568892,0.012705469503998756,0.05000000074505806,0.16606557369232178,4.529999732971191
4240,5678.139153899625,0.011912848800420761,0.05000000074505806,0.16404494643211365,4.095999717712402
4241,5679.150988920592,0.01414196752011776,0.05000000074505806,0.15833333134651184,4.107999801635742
4242,5680.1294278185815,0.013316262513399124,0.05000000074505806,0.1745762825012207,4.717391490936279
4243,5681.194831182249,0.013001649640500546,0.05000000074505806,0.17552083730697632,4.3681817054748535
4244,5682.776534504257,0.010133318603038788,0.05000000074505806,0.16490066051483154,4.404000282287598
4245,5683.7005225671455,0.01235042791813612,0.05000000074505806,0.17632509768009186,4.863636016845703
4246,5684.60366864223,0.012254462577402592,0.05000000074505806,0.16290077567100525,4.133333683013916
4247,5685.515942549333,0.0148618184030056,0.05000000074505806,0.16498471796512604,4.268181324005127
4248,5686.4071228429675,0.011242381297051907,0.05000000074505806,0.16494345664978027,4.156521797180176
4249,5687.385367002338,0.012674273923039436,0.05000000074505806,0.16660870611667633,4.173076629638672
4250,5689.398496366106,0.01251029409468174,0.05000000074505806,0.1687391996383667,4.805263519287109
4251,5691.075584877282,0.010874258354306221,0.05000000074505806,0.16808149218559265,4.25600004196167
4252,5691.991537283175,0.01368057169020176,0.05000000074505806,0.16735751926898956,4.569565296173096
4253,5693.566827279516,0.012033463455736637,0.05000000074505806,0.17295491695404053,4.504166603088379
4254,5694.809513535351,0.011261538602411747,0.05000000074505806,0.16396550834178925,4.361111164093018
4255,5696.3839289350435,0.010590462014079094,0.05000000074505806,0.16502545773983002,4.175999641418457
4256,5697.843112660572,0.011407106183469296,0.05000000074505806,0.18243801593780518,4.84999942779541
4257,5699.374894046225,0.01148162316530943,0.05000000074505806,0.17361854016780853,5.050000190734863
4258,5700.320013501681,0.01219520065933466,0.05000000074505806,0.16822107136249542,4.660869598388672
4259,5701.205424385145,0.011255375109612942,0.05000000074505806,0.1730886846780777,4.400000095367432
4260,5703.181454060599,0.011905613355338573,0.05000000074505806,0.16746167838573456,4.286956310272217
4261,5704.337945363484,0.011741939932107925,0.05000000074505806,0.1675257682800293,4.615789413452148
4262,5705.307499672286,0.011786453425884247,0.05000000074505806,0.1659235805273056,4.251851558685303
4263,5706.606056788005,0.013342549093067646,0.05000000074505806,0.17003154754638672,4.4571428298950195
4264,5707.533232568763,0.013740516267716885,0.05000000074505806,0.16827067732810974,4.314814567565918
4265,5708.462192076258,0.01166131254285574,0.05000000074505806,0.1581239551305771,3.945833206176758
4266,5709.820542827249,0.009817682206630707,0.05000000074505806,0.1700342446565628,4.6526312828063965
4267,5711.235973989591,0.01156568992882967,0.05000000074505806,0.1704273521900177,4.3319993019104
4268,5712.098718629219,0.011133547872304916,0.05000000074505806,0.16762588918209076,4.613043308258057
4269,5712.987513083033,0.011350387707352638,0.05000000074505806,0.17336861789226532,4.789473533630371
4270,5714.085596428253,0.011288185603916645,0.05000000074505806,0.16928702592849731,4.15238094329834
4271,5715.17542681843,0.009930391795933247,0.05000000074505806,0.18118081986904144,5.194736957550049
4272,5716.025325611234,0.012688668444752693,0.05000000074505806,0.16387435793876648,4.514999866485596
4273,5717.385681159794,0.01118546538054943,0.05000000074505806,0.17534483969211578,4.504167079925537
4274,5719.0044545074925,0.01054092962294817,0.05000000074505806,0.16384366154670715,4.391666889190674
4275,5721.874568508938,0.011145752854645252,0.05000000074505806,0.17744757235050201,4.480000019073486
4276,5723.599070628174,0.010244683362543583,0.05000000074505806,0.168588787317276,4.252380847930908
4277,5725.25047043059,0.01171045657247305,0.05000000074505806,0.15843071043491364,4.242307662963867
4278,5726.136793850921,0.013294708915054798,0.05000000074505806,0.18264152109622955,4.961904525756836
4279,5728.087080295198,0.010728363879024982,0.05000000074505806,0.16672185063362122,4.400000095367432
4280,5729.805589301512,0.012175285257399082,0.05000000074505806,0.16082148253917694,4.225925445556641
4281,5731.4342794884,0.012191176414489746,0.05000000074505806,0.17257525026798248,4.294736862182617
4282,5732.285193312913,0.010598486289381981,0.05000000074505806,0.16807818412780762,4.512500286102295
4283,5734.640800304711,0.012518854811787605,0.05000000074505806,0.16720721125602722,4.663636207580566
4284,5736.30920186732,0.013475789688527584,0.05000000074505806,0.17266187071800232,4.666666507720947
4285,5737.273634241894,0.011236762627959251,0.05000000074505806,0.19007781147956848,5.023809909820557
4286,5738.973771341145,0.012843695469200611,0.05000000074505806,0.15604200959205627,4.375
4287,5739.994488279335,0.011384900659322739,0.05000000074505806,0.16726383566856384,4.266666889190674
4288,5741.088064786978,0.010817885398864746,0.05000000074505806,0.16643479466438293,4.540909290313721
4289,5742.114413917065,0.009722340852022171,0.05000000074505806,0.18116503953933716,4.657894611358643
4290,5743.251874485984,0.012740504927933216,0.05000000074505806,0.170517235994339,4.799999713897705
4291,5744.630807149224,0.011121133342385292,0.05000000074505806,0.1681073009967804,4.124999523162842
4292,5745.661676232703,0.012155413627624512,0.05000000074505806,0.1871165782213211,5.294117450714111
4293,5746.5351110761985,0.01350877620279789,0.05000000074505806,0.15303266048431396,3.924999952316284
4294,5747.433409605175,0.01175110973417759,0.05000000074505806,0.15540336072444916,4.059091091156006
4295,5748.577876908705,0.014318248257040977,0.05000000074505806,0.1743421107530594,4.435999870300293
4296,5750.192967690527,0.012133359909057617,0.05000000074505806,0.169004887342453,4.545833110809326
4297,5752.462904814631,0.010938995517790318,0.05000000074505806,0.16640985012054443,4.077272891998291
4298,5753.356713691726,0.011024000123143196,0.05000000074505806,0.16654546558856964,4.960000038146973
4299,5754.403077240102,0.010766836814582348,0.05000000074505806,0.1823909431695938,4.366666316986084
4300,5755.475228389725,0.010817239992320538,0.05000000074505806,0.16398027539253235,4.390908718109131
4301,5756.33523003757,0.0119367940351367,0.05000000074505806,0.1803508847951889,4.400000095367432
4302,5757.748226860538,0.012374852783977985,0.05000000074505806,0.16615384817123413,4.923809051513672
4303,5758.854513774626,0.010224400088191032,0.05000000074505806,0.17157359421253204,4.242856979370117
4304,5759.743991639465,0.012772242538630962,0.05000000074505806,0.1598055213689804,4.492000102996826
4305,5760.690393927507,0.013720258139073849,0.05000000074505806,0.16496123373508453,4.25
4306,5762.530144202523,0.012359253130853176,0.05000000074505806,0.1740802675485611,4.129166603088379
4307,5764.28427973669,0.012583320029079914,0.05000000074505806,0.16178107261657715,4.6894731521606445
4308,5766.084674146026,0.013042937964200974,0.05000000074505806,0.17702701687812805,4.622221946716309
4309,5766.965282677673,0.011520414613187313,0.05000000074505806,0.1635914295911789,4.381817817687988
4310,5768.509684909135,0.01188602764159441,0.05000000074505806,0.18134555220603943,4.544827461242676
4311,5770.396480639465,0.011783972382545471,0.05000000074505806,0.1753271073102951,4.85263204574585
4312,5771.2479263059795,0.014520718716084957,0.05000000074505806,0.17211703956127167,4.485713958740234
4313,5772.129541533999,0.014103704132139683,0.05000000074505806,0.17059677839279175,4.348147869110107
4314,5773.505571017973,0.011820727027952671,0.05000000074505806,0.16998490691184998,4.504347801208496
4315,5774.5997924814,0.011028892360627651,0.05000000074505806,0.15853293240070343,3.8899998664855957
4316,5775.771168296225,0.011660178191959858,0.05000000074505806,0.17099447548389435,4.276922702789307
4317,5777.28184454795,0.011016147211194038,0.05000000074505806,0.15310560166835785,3.8366665840148926
4318,5779.162452966906,0.012897012755274773,0.05000000074505806,0.16567164659500122,4.436363697052002
4319,5780.065006275661,0.010540537536144257,0.05000000074505806,0.16555361449718475,4.56363582611084
4320,5781.711231005378,0.011102374643087387,0.05000000074505806,0.16508422791957855,4.009523868560791
4321,5783.509180903435,0.012138924561440945,0.05000000074505806,0.17245081067085266,4.5958333015441895
4322,5784.435700650327,0.013670070096850395,0.05000000074505806,0.16699999570846558,4.109090805053711
4323,5785.4807832520455,0.01048574410378933,0.05000000074505806,0.16283662617206573,4.681818008422852
4324,5786.574165686965,0.009795897640287876,0.05000000074505806,0.16958679258823395,4.186363220214844
4325,5787.98709593527,0.011672355234622955,0.05000000074505806,0.17854250967502594,4.721052646636963
4326,5789.34280746337,0.010402999818325043,0.05000000074505806,0.16533128917217255,4.4666666984558105
4327,5790.868184478022,0.012347757816314697,0.05000000074505806,0.16835443675518036,4.280769348144531
4328,5791.758328386582,0.013511117547750473,0.05000000074505806,0.16473430395126343,4.2846150398254395
4329,5793.567963562906,0.012271719053387642,0.05000000074505806,0.1574963629245758,4.21875
4330,5794.932367971167,0.010029342025518417,0.05000000074505806,0.16367042064666748,4.184000015258789
4331,5796.006043577567,0.011267543770372868,0.05000000074505806,0.17996357381343842,4.699999809265137
4332,5797.684051224962,0.01185715664178133,0.05000000074505806,0.17559999227523804,4.610526084899902
4333,5798.580935503356,0.011457647196948528,0.05000000074505806,0.1671118438243866,4.650000095367432
4334,5799.46351929754,0.011485148221254349,0.05000000074505806,0.16293707489967346,4.204347610473633
4335,5800.980009935796,0.010443470440804958,0.05000000074505806,0.17916667461395264,4.861904144287109
4336,5802.9302867101505,0.012396176345646381,0.05000000074505806,0.1903296709060669,4.943749904632568
4337,5803.887218989432,0.012899648398160934,0.05000000074505806,0.17509959638118744,5.1736836433410645
4338,5805.356476066634,0.011882259510457516,0.05000000074505806,0.1652892380952835,4.352381229400635
4339,5806.460879832506,0.011024769395589828,0.05000000074505806,0.16936619579792023,4.491666316986084
4340,5807.594625752419,0.010491348803043365,0.05000000074505806,0.1709090918302536,4.248147487640381
4341,5809.453184172511,0.010760799050331116,0.05000000074505806,0.15527558326721191,3.8826088905334473
4342,5811.633443553932,0.011610154062509537,0.05000000074505806,0.1537555307149887,3.9370367527008057
4343,5813.268701987341,0.0123045165091753,0.05000000074505806,0.1756802499294281,4.629166126251221
4344,5814.327708171681,0.012662106193602085,0.05000000074505806,0.16839464008808136,4.284211158752441
4345,5816.155503375456,0.01311753410845995,0.05000000074505806,0.16007006168365479,4.190475940704346
4346,5817.020331968553,0.012671545147895813,0.05000000074505806,0.15718476474285126,4.242307662963867
4347,5817.965067115612,0.012088625691831112,0.05000000074505806,0.1875494122505188,5.111111164093018
4348,5819.009641362354,0.013694810681045055,0.05000000074505806,0.17374582588672638,4.579166412353516
4349,5819.870925560594,0.011763645336031914,0.05000000074505806,0.16712962090969086,4.23703670501709
4350,5821.576912442222,0.011102267540991306,0.05000000074505806,0.18189509212970734,4.382608890533447
4351,5822.645344876684,0.01249733753502369,0.05000000074505806,0.17575187981128693,4.813636779785156
4352,5824.063521490432,0.011819934472441673,0.05000000074505806,0.18172268569469452,5.114285469055176
4353,5825.772147400305,0.01342457439750433,0.05000000074505806,0.1580701768398285,4.199999809265137
4354,5827.529449172318,0.010628094896674156,0.05000000074505806,0.16257576644420624,4.6789469718933105
4355,5828.448846205138,0.012796323746442795,0.05000000074505806,0.16489361226558685,4.081481456756592
4356,5830.562969060615,0.010767797008156776,0.05000000074505806,0.17555555701255798,4.659090518951416
4357,5832.300062998198,0.011856649070978165,0.05000000074505806,0.17781956493854523,4.819047451019287
4358,5833.172215521336,0.01139997597783804,0.05000000074505806,0.17297762632369995,4.755000114440918
4359,5834.354878576472,0.010972224175930023,0.05000000074505806,0.18023033440113068,4.74666690826416
4360,5835.61328641139,0.011490195989608765,0.05000000074505806,0.1656862497329712,4.71818208694458
4361,5837.036731743254,0.011658869683742523,0.05000000074505806,0.16703999042510986,4.261538505554199
4362,5838.510359471664,0.012628115713596344,0.05000000074505806,0.16269350051879883,4.15925931930542
4363,5839.3915980821475,0.012767987325787544,0.05000000074505806,0.17347609996795654,4.308332920074463
4364,5840.420095760375,0.01094855461269617,0.05000000074505806,0.15806986391544342,4.137500286102295
4365,5841.750250833109,0.011066125705838203,0.05000000074505806,0.16983546316623688,4.563636302947998
4366,5842.814035143703,0.010381380096077919,0.05000000074505806,0.15996678173542023,4.176190376281738
4367,5844.498275808059,0.011304812505841255,0.05000000074505806,0.16755792498588562,4.569999694824219
4368,5845.415133792907,0.011294962838292122,0.05000000074505806,0.1747148334980011,4.731578826904297
4369,5846.333519510925,0.011853616684675217,0.05000000074505806,0.17681993544101715,4.731818199157715
4370,5847.4127257000655,0.012092354707419872,0.05000000074505806,0.1749565154314041,4.660869598388672
4371,5849.236771401949,0.010248982347548008,0.05000000074505806,0.1698080152273178,4.757894515991211
4372,5851.06043246761,0.013470940291881561,0.05000000074505806,0.16235677897930145,4.0
4373,5852.717636575922,0.011251499876379967,0.05000000074505806,0.16033615171909332,4.281481742858887
4374,5853.590598381124,0.010066693648695946,0.05000000074505806,0.16030405461788177,4.085714340209961
4375,5854.982026955113,0.01167124230414629,0.05000000074505806,0.17877629399299622,4.754545211791992
4376,5855.866375518031,0.012128527276217937,0.05000000074505806,0.1665523201227188,4.5217390060424805
4377,5857.219551551156,0.01064789853990078,0.05000000074505806,0.17234401404857635,4.545454978942871
4378,5858.640266592614,0.012540712021291256,0.05000000074505806,0.16672568023204803,4.588235378265381
4379,5859.960169207305,0.011823907494544983,0.05000000074505806,0.17482270300388336,4.509090900421143
4380,5861.270388452336,0.012642877176404,0.05000000074505806,0.16691285371780396,4.246428489685059
4381,5862.859530962072,0.013942331075668335,0.05000000074505806,0.16832298040390015,4.3423075675964355
4382,5863.9062695186585,0.013402764685451984,0.05000000074505806,0.17203389108181,4.242307662963867
4383,5865.291023760103,0.010360992513597012,0.05000000074505806,0.16308943927288055,4.454165935516357
4384,5866.164695851505,0.011689347214996815,0.05000000074505806,0.1679660975933075,4.242105007171631
4385,5868.003126179799,0.01071789301931858,0.05000000074505806,0.17226624488830566,4.510714530944824
4386,5869.080963045359,0.010442687198519707,0.05000000074505806,0.18077635765075684,4.7071428298950195
4387,5871.058501351625,0.012076646089553833,0.05000000074505806,0.16389378905296326,4.603846073150635
4388,5872.976558360271,0.010713635012507439,0.05000000074505806,0.17487268149852753,4.427272319793701
4389,5874.279899788089,0.012670936994254589,0.05000000074505806,0.16298933327198029,4.652631759643555
4390,5875.817069222219,0.011122509837150574,0.05000000074505806,0.17749005556106567,4.636842250823975
4391,5877.48796664644,0.010231072083115578,0.05000000074505806,0.1773037612438202,4.666666507720947
4392,5879.802116809413,0.012993762269616127,0.05000000074505806,0.16380470991134644,4.71363639831543
4393,5881.6337939566,0.012532143853604794,0.05000000074505806,0.1843683123588562,4.641176700592041
4394,5882.854730199091,0.009561602026224136,0.05000000074505806,0.1672862321138382,4.71999979019165
4395,5883.780509131961,0.011333894915878773,0.05000000074505806,0.17734242975711823,4.786956310272217
4396,5885.403802914545,0.012172521091997623,0.05000000074505806,0.17343483865261078,4.486363887786865
4397,5886.710297387093,0.010354910977184772,0.05000000074505806,0.17290909588336945,4.5
4398,5887.660655068234,0.01218517404049635,0.05000000074505806,0.157507985830307,4.435000419616699
4399,5889.010449620895,0.010701483115553856,0.05000000074505806,0.16266027092933655,4.299999713897705
4400,5889.9752694461495,0.011438466608524323,0.05000000074505806,0.17918089032173157,4.343478202819824
4401,5891.328368298709,0.012442647479474545,0.05000000074505806,0.1650455892086029,4.315999984741211
4402,5892.265649029054,0.011563479900360107,0.05000000074505806,0.17287522554397583,4.304347991943359
4403,5893.431318729185,0.010556445457041264,0.05000000074505806,0.17053231596946716,4.757142066955566
4404,5894.697958748788,0.012598538771271706,0.05000000074505806,0.17580071091651917,4.547618865966797
4405,5895.725290635601,0.011352921836078167,0.05000000074505806,0.15153373777866364,4.135714530944824
4406,5897.819171675481,0.010330199263989925,0.05000000074505806,0.1667173206806183,4.1479997634887695
4407,5899.296667072922,0.010806496255099773,0.05000000074505806,0.17284554243087769,4.449999809265137
4408,5901.395249969326,0.011234155856072903,0.05000000074505806,0.17758318781852722,4.95263147354126
4409,5902.926062491722,0.011616243980824947,0.05000000074505806,0.16844512522220612,4.187499523162842
4410,5903.768503683619,0.011544458568096161,0.05000000074505806,0.1699218600988388,4.640909194946289
4411,5904.646193523891,0.011547213420271873,0.05000000074505806,0.16877827048301697,4.811764240264893
4412,5905.505378052592,0.013372820802032948,0.05000000074505806,0.16894736886024475,4.595454216003418
4413,5906.559032190591,0.01247164886444807,0.05000000074505806,0.18070796132087708,4.710000038146973
4414,5907.684618213214,0.010570242069661617,0.05000000074505806,0.16531604528427124,4.689999580383301
4415,5908.805383763276,0.014375528320670128,0.05000000074505806,0.17085513472557068,4.21363639831543
4416,5909.694521440193,0.010065782815217972,0.05000000074505806,0.17079302668571472,4.464999675750732
4417,5911.067839762196,0.011266875080764294,0.05000000074505806,0.18157391250133514,4.931818008422852
4418,5912.048944064416,0.010268731974065304,0.05000000074505806,0.18518517911434174,5.358823299407959
4419,5913.154030254111,0.013489688746631145,0.05000000074505806,0.16904276609420776,4.559999942779541
4420,5914.0015056030825,0.010563523508608341,0.05000000074505806,0.17523105442523956,4.8199992179870605
4421,5915.277729927562,0.011520272120833397,0.05000000074505806,0.1587570607662201,4.01724100112915
4422,5916.669469394721,0.012456781230866909,0.05000000074505806,0.1786423921585083,4.554544925689697
4423,5918.817798481323,0.011086242273449898,0.05000000074505806,0.17059890925884247,4.623808860778809
4424,5920.14007470943,0.010787216015160084,0.05000000074505806,0.1668284833431244,4.5849995613098145
4425,5921.88946441561,0.012458044104278088,0.05000000074505806,0.16054750978946686,4.007407188415527
4426,5923.255850896239,0.012787465937435627,0.05000000074505806,0.17368420958518982,4.631817817687988
4427,5924.162261161022,0.011321927420794964,0.05000000074505806,0.16466431319713593,4.3956522941589355
4428,5925.562468928285,0.011073239147663116,0.05000000074505806,0.16353322565555573,4.25
4429,5927.491535823792,0.010348334908485413,0.05000000074505806,0.1744791865348816,4.386363506317139
4430,5928.75703646522,0.01271886844187975,0.05000000074505806,0.17099645733833313,5.063157558441162
4431,5929.8035231959075,0.010827925056219101,0.05000000074505806,0.16875000298023224,4.107407093048096
4432,5930.95235644374,0.011642887257039547,0.05000000074505806,0.1823529452085495,5.234999656677246
4433,5933.839342982508,0.010674204677343369,0.05000000074505806,0.1609523892402649,3.983333110809326
4434,5935.8880008701235,0.010522845201194286,0.05000000074505806,0.1775510162115097,4.418518543243408
4435,5936.777452351525,0.011399836279451847,0.05000000074505806,0.16625387966632843,4.357692241668701
4436,5937.6220270441845,0.01087807584553957,0.05000000074505806,0.16523364186286926,4.476470470428467
4437,5938.6859012804925,0.011701681651175022,0.05000000074505806,0.17129962146282196,4.559999942779541
4438,5940.369662201032,0.010367604903876781,0.05000000074505806,0.18247191607952118,4.962499618530273
4439,5941.196603533812,0.01344540435820818,0.05000000074505806,0.17101450264453888,4.885715007781982
4440,5942.240317852236,0.016421927139163017,0.05000000074505806,0.17271268367767334,4.269999980926514
4441,5943.757637937553,0.011997140944004059,0.05000000074505806,0.15823626518249512,4.569565296173096
4442,5944.762786142528,0.013149783946573734,0.05000000074505806,0.17456141114234924,4.244000434875488
4443,5946.382153727114,0.009695330634713173,0.05000000074505806,0.1606365293264389,3.9624998569488525
4444,5947.662651509978,0.012209093198180199,0.05000000074505806,0.1623467653989792,4.709523677825928
4445,5948.514599942602,0.011115659028291702,0.05000000074505806,0.17475570738315582,4.415999889373779
4446,5949.312719074078,0.01142872590571642,0.05000000074505806,0.16334518790245056,4.309090614318848
4447,5950.618033870123,0.010592243634164333,0.05000000074505806,0.17172996699810028,5.349999904632568
4448,5951.973438893445,0.010926539078354836,0.05000000074505806,0.1694200485944748,4.4083333015441895
4449,5954.2275190819055,0.011817398481070995,0.05000000074505806,0.16828858852386475,4.113636493682861
4450,5955.28147189226,0.011248634196817875,0.05000000074505806,0.1637820601463318,4.555999755859375
4451,5956.6719107674435,0.01171906292438507,0.05000000074505806,0.1663893461227417,4.456521511077881
4452,5958.706323033199,0.011746270582079887,0.05000000074505806,0.17329435050487518,4.3249993324279785
4453,5960.638940509409,0.010590707883238792,0.05000000074505806,0.17203062772750854,5.0789475440979
4454,5961.504453087226,0.01136299129575491,0.05000000074505806,0.1591452956199646,4.1826090812683105
4455,5963.721328091808,0.011035403236746788,0.05000000074505806,0.16529744863510132,4.08965539932251
4456,5964.603403729387,0.009518345817923546,0.05000000074505806,0.17025722563266754,4.52400016784668
4457,5966.0131300846115,0.010747898370027542,0.05000000074505806,0.17327432334423065,4.208695411682129
4458,5967.007043388672,0.010729453526437283,0.05000000074505806,0.1678936630487442,4.858823299407959
4459,5968.352131737396,0.010672446340322495,0.05000000074505806,0.16910198330879211,4.215384483337402
4460,5969.404814792797,0.012261591851711273,0.05000000074505806,0.16422338783740997,4.412499904632568
4461,5970.290646846406,0.011599965393543243,0.05000000074505806,0.1803782433271408,5.299999237060547
4462,5971.643167513423,0.013428824953734875,0.05000000074505806,0.16309523582458496,4.747368335723877
4463,5972.695063678548,0.012973079457879066,0.05000000074505806,0.16287128627300262,4.259999752044678
4464,5973.649952360429,0.010698552243411541,0.05000000074505806,0.17161765694618225,4.062068939208984
4465,5974.800539985299,0.011783245019614697,0.05000000074505806,0.16496600210666656,4.495651721954346
4466,5975.638903941028,0.01182046439498663,0.05000000074505806,0.16876155138015747,4.489999771118164
4467,5977.013248946518,0.010051210410892963,0.05000000074505806,0.1804642230272293,4.789473533630371
4468,5978.678621334024,0.013471079058945179,0.05000000074505806,0.16901174187660217,4.50869607925415
4469,5980.553913877346,0.012358559295535088,0.05000000074505806,0.1633223593235016,4.3956522941589355
4470,5981.658435981721,0.012162785977125168,0.05000000074505806,0.1563451737165451,4.018181800842285
4471,5982.995496520773,0.011170394718647003,0.05000000074505806,0.16985446214675903,4.9157891273498535
4472,5984.410265669227,0.013657888397574425,0.05000000074505806,0.17059801518917084,4.154544830322266
4473,5985.36805533804,0.012870261445641518,0.05000000074505806,0.16540361940860748,4.495237827301025
4474,5986.371314418502,0.012665282934904099,0.05000000074505806,0.16837748885154724,4.199999809265137
4475,5987.3319786330685,0.012293902225792408,0.05000000074505806,0.1651567965745926,4.343478202819824
4476,5988.684081950225,0.012521736323833466,0.05000000074505806,0.18976035714149475,5.046666622161865
4477,5990.271527173929,0.011301442049443722,0.05000000074505806,0.18291263282299042,5.356249809265137
4478,5991.529705892317,0.012111597694456577,0.05000000074505806,0.16021178662776947,4.538461685180664
4479,5992.593820503913,0.011670563369989395,0.05000000074505806,0.1862403005361557,4.363636493682861
4480,5993.574820956215,0.012219071388244629,0.05000000074505806,0.1749090701341629,4.873683929443359
4481,5994.854341534898,0.012235608883202076,0.05000000074505806,0.1772540956735611,5.0842108726501465
4482,5996.299242508598,0.01117622945457697,0.05000000074505806,0.15632185339927673,4.290909290313721
4483,5998.226819985546,0.009826191700994968,0.05000000074505806,0.1886323243379593,4.6789469718933105
4484,5999.5776395611465,0.012371373362839222,0.05000000074505806,0.1585208922624588,4.311538219451904
4485,6001.691464385949,0.01231137104332447,0.05000000074505806,0.1648881435394287,4.329166412353516
4486,6002.601946990006,0.013913378119468689,0.05000000074505806,0.16296295821666718,4.147826194763184
4487,6004.158320801333,0.01203654520213604,0.05000000074505806,0.1793680191040039,4.44444465637207
4488,6006.263895615004,0.011319177225232124,0.05000000074505806,0.16570916771888733,4.778260707855225
4489,6007.174072460271,0.011094297282397747,0.05000000074505806,0.17457306385040283,4.454544544219971
4490,6008.167697749101,0.010591982863843441,0.05000000074505806,0.16308186948299408,4.508333206176758
4491,6009.047488728538,0.01227632723748684,0.05000000074505806,0.1793442666530609,4.404545307159424
4492,6010.0759105701,0.011170330457389355,0.05000000074505806,0.17047102749347687,4.8947367668151855
4493,6011.0853391792625,0.01065206527709961,0.05000000074505806,0.17464567720890045,4.5199995040893555
4494,6012.960432714783,0.012228389270603657,0.05000000074505806,0.17292992770671844,4.323999881744385
4495,6013.970003430732,0.013190138153731823,0.05000000074505806,0.16804635524749756,4.617391586303711
4496,6015.372394985519,0.010955036617815495,0.05000000074505806,0.16746987402439117,4.392307758331299
4497,6016.400229241699,0.010676559992134571,0.05000000074505806,0.17796900868415833,4.352173328399658
4498,6018.32995459903,0.011265185661613941,0.05000000074505806,0.16912750899791718,4.680000305175781
4499,6019.237971226685,0.011439592577517033,0.05000000074505806,0.16537101566791534,4.5652174949646
4500,6020.726931343786,0.013136009685695171,0.05000000074505806,0.17291666567325592,4.244999885559082
4501,6021.937029042281,0.011053782887756824,0.05000000074505806,0.16604359447956085,4.230769157409668
4502,6023.654404422268,0.012307843193411827,0.05000000074505806,0.16111111640930176,4.200000286102295
4503,6026.087272196077,0.012178443372249603,0.05000000074505806,0.1595419943332672,4.134615421295166
4504,6027.6732552303,0.014153986237943172,0.05000000074505806,0.16486041247844696,4.340000152587891
4505,6029.289089574479,0.011148259975016117,0.05000000074505806,0.16837945580482483,4.647618770599365
4506,6030.176951300353,0.011605015024542809,0.05000000074505806,0.18674033880233765,5.174999713897705
4507,6032.068305179477,0.012808676809072495,0.05000000074505806,0.17840291559696198,4.738094806671143
4508,6033.357087135315,0.01257531438022852,0.05000000074505806,0.18081632256507874,5.02500057220459
4509,6034.803107138723,0.012402459047734737,0.05000000074505806,0.18057690560817719,4.904545307159424
4510,6035.6286430759355,0.011857986450195312,0.05000000074505806,0.1839708536863327,4.639999866485596
4511,6036.575401164591,0.013037431053817272,0.05000000074505806,0.16892854869365692,4.799999713897705
4512,6038.137090105563,0.01262942049652338,0.05000000074505806,0.16325503587722778,4.508695602416992
4513,6039.002543502487,0.01097509078681469,0.05000000074505806,0.1775086522102356,4.612499713897705
4514,6040.538089250214,0.013070676475763321,0.05000000074505806,0.16282247006893158,4.118518352508545
4515,6041.412210095674,0.012261684983968735,0.05000000074505806,0.1771325021982193,4.442105293273926
4516,6042.33385219425,0.011109497398138046,0.05000000074505806,0.1738317906856537,4.539999961853027
4517,6045.50686187949,0.014672080054879189,0.05000000074505806,0.17111487686634064,4.390476226806641
4518,6047.434343657456,0.01160088274627924,0.05000000074505806,0.16169871389865875,4.480000019073486
4519,6048.5550255207345,0.012464613653719425,0.05000000074505806,0.18515463173389435,4.9666666984558105
4520,6050.530370139517,0.010856570675969124,0.05000000074505806,0.17019867897033691,4.504347801208496
4521,6051.662803161889,0.010720138438045979,0.05000000074505806,0.1605890542268753,3.9461541175842285
4522,6052.5378377391025,0.011721380054950714,0.05000000074505806,0.1704152375459671,4.638095378875732
4523,6054.280813795514,0.012997797690331936,0.05000000074505806,0.16585735976696014,4.02142858505249
4524,6056.233630016446,0.011692832224071026,0.05000000074505806,0.15724234282970428,4.118518829345703
4525,6057.523235051893,0.011864038184285164,0.05000000074505806,0.16815921664237976,4.332000255584717
4526,6058.40624138061,0.011712045408785343,0.05000000074505806,0.16799308359622955,4.304762363433838
4527,6059.813987277448,0.01454862765967846,0.05000000074505806,0.18080808222293854,4.653846263885498
4528,6061.436787567101,0.01039991993457079,0.05000000074505806,0.1835443079471588,5.400000095367432
4529,6063.326604965143,0.01112287025898695,0.05000000074505806,0.17247863113880157,4.368181228637695
4530,6064.804345678538,0.010275392793118954,0.05000000074505806,0.17549021542072296,4.736842632293701
4531,6065.658395562321,0.010271182283759117,0.05000000074505806,0.18690229952335358,5.294736385345459
4532,6066.51975063514,0.00967505481094122,0.05000000074505806,0.18599998950958252,5.072221755981445
4533,6067.52989869751,0.01224825531244278,0.05000000074505806,0.17058824002742767,4.7649993896484375
4534,6068.557943961583,0.01204667892307043,0.05000000074505806,0.17947827279567719,4.53181791305542
4535,6069.466210822575,0.011658811010420322,0.05000000074505806,0.16544240713119507,4.547825813293457
4536,6070.359316343442,0.010719274170696735,0.05000000074505806,0.16381260752677917,4.086956024169922
4537,6071.489032239653,0.012891079299151897,0.05000000074505806,0.16903552412986755,4.537500381469727
4538,6072.535049240105,0.010794339701533318,0.05000000074505806,0.1715930998325348,4.72857141494751
4539,6073.4642901830375,0.011645261198282242,0.05000000074505806,0.1811133176088333,4.992307186126709
4540,6074.698054666631,0.0164080411195755,0.05000000074505806,0.17640066146850586,4.810000419616699
4541,6075.582611391321,0.01262522954493761,0.05000000074505806,0.16303318738937378,4.238461494445801
4542,6076.598432018422,0.011458816938102245,0.05000000074505806,0.1756613552570343,4.669564723968506
4543,6077.879860390909,0.010500248521566391,0.05000000074505806,0.16340994834899902,4.330434322357178
4544,6078.743382252753,0.013142811134457588,0.05000000074505806,0.16632479429244995,4.484999656677246
4545,6079.610817858018,0.010697755962610245,0.05000000074505806,0.17781570553779602,4.710000038146973
4546,6080.6611710600555,0.012875637970864773,0.05000000074505806,0.16191861033439636,4.050000190734863
4547,6081.527823422104,0.012691173702478409,0.05000000074505806,0.17284893989562988,4.557142734527588
4548,6083.196390838362,0.01085635181516409,0.05000000074505806,0.1702290177345276,5.089473724365234
4549,6084.0764090502635,0.00979312602430582,0.05000000074505806,0.1659420281648636,4.290476322174072
4550,6085.50813788455,0.010585350915789604,0.05000000074505806,0.16363635659217834,4.630434989929199
4551,6087.252547984943,0.011418761685490608,0.05000000074505806,0.17477798461914062,4.710525989532471
4552,6088.538031425327,0.012315587140619755,0.05000000074505806,0.1748582124710083,4.619999885559082
4553,6090.405567904934,0.011976025998592377,0.05000000074505806,0.179930180311203,4.447826385498047
4554,6091.296898667701,0.012422376312315464,0.05000000074505806,0.1766488403081894,4.899999618530273
4555,6092.314571900293,0.01108495332300663,0.05000000074505806,0.1766972541809082,4.71999979019165
4556,6093.221627972089,0.012290935963392258,0.05000000074505806,0.168552428483963,4.5
4557,6094.596352186985,0.014081441797316074,0.05000000074505806,0.17443180084228516,4.75
4558,6096.445649316534,0.012615048326551914,0.05000000074505806,0.1602739840745926,4.056521415710449
4559,6097.91572273802,0.01121208444237709,0.05000000074505806,0.17681895196437836,4.531999588012695
4560,6098.835072489455,0.011965392157435417,0.05000000074505806,0.167154461145401,4.076190948486328
4561,6099.695980950259,0.012823888100683689,0.05000000074505806,0.16287624835968018,4.757894515991211
4562,6101.395377568901,0.012001456692814827,0.05000000074505806,0.17700788378715515,4.284615516662598
4563,6103.49649458006,0.011080827564001083,0.05000000074505806,0.17768239974975586,4.752381324768066
4564,6104.950326175429,0.012418912723660469,0.05000000074505806,0.1607266515493393,4.517391204833984
4565,6106.526451902464,0.012673109769821167,0.05000000074505806,0.18282827734947205,4.690476417541504
4566,6107.774266721681,0.012257564812898636,0.05000000074505806,0.1577548086643219,4.084000110626221
4567,6109.2376706702635,0.01175372488796711,0.05000000074505806,0.16717033088207245,4.135714054107666
4568,6110.451204568148,0.01355193741619587,0.05000000074505806,0.1586102843284607,4.007143020629883
4569,6111.91493773181,0.012641039676964283,0.05000000074505806,0.17539063096046448,4.800000190734863
4570,6113.328280153684,0.011734052561223507,0.05000000074505806,0.17079484462738037,4.752381324768066
4571,6114.194323391654,0.01261347346007824,0.05000000074505806,0.16334913671016693,4.134782314300537
4572,6115.699469866231,0.012603409588336945,0.05000000074505806,0.18729838728904724,4.65500020980835
4573,6117.189309974201,0.013609824702143669,0.05000000074505806,0.17453311383724213,5.055555820465088
4574,6118.477266127244,0.011309640482068062,0.05000000074505806,0.15460123121738434,3.972414016723633
4575,6119.552477680147,0.01194764394313097,0.05000000074505806,0.164218470454216,4.666666030883789
4576,6121.434574583545,0.012183301150798798,0.05000000074505806,0.1804800033569336,4.335999965667725
4577,6123.470074621029,0.01175761315971613,0.05000000074505806,0.16277696192264557,4.2185187339782715
4578,6124.856679974124,0.010488397441804409,0.05000000074505806,0.17334409058094025,4.550000190734863
4579,6126.00799342338,0.014641261659562588,0.05000000074505806,0.17092591524124146,4.699999809265137
4580,6128.1202033590525,0.010821349918842316,0.05000000074505806,0.16791044175624847,4.414999961853027
4581,6129.01180903241,0.011074655689299107,0.05000000074505806,0.1764705926179886,4.906667232513428
4582,6129.884522405453,0.012396685779094696,0.05000000074505806,0.17142857611179352,4.747826099395752
4583,6131.366278520785,0.009907965548336506,0.05000000074505806,0.1658582091331482,4.32608699798584
4584,6132.259979642928,0.011183970607817173,0.05000000074505806,0.1659359335899353,4.3047614097595215
4585,6133.142716314644,0.01294618472456932,0.05000000074505806,0.16700336337089539,4.543478488922119
4586,6134.043146284297,0.01406089961528778,0.05000000074505806,0.171632319688797,4.208695411682129
4587,6134.962387259118,0.011766204610466957,0.05000000074505806,0.1733333319425583,4.526087284088135
4588,6137.425515729003,0.011487933807075024,0.05000000074505806,0.15953177213668823,4.355999946594238
4589,6138.823475399986,0.010303077287971973,0.05000000074505806,0.17932404577732086,4.780951499938965
4590,6140.380018350668,0.012450877577066422,0.05000000074505806,0.1784132719039917,4.741176128387451
4591,6141.868030563928,0.01312741357833147,0.05000000074505806,0.17359735071659088,4.583333492279053
4592,6142.785781180486,0.013328038156032562,0.05000000074505806,0.16804511845111847,4.563157558441162
4593,6143.79441210255,0.01185181550681591,0.05000000074505806,0.17538759112358093,5.126666069030762
4594,6145.481404473074,0.013018954545259476,0.05000000074505806,0.16859649121761322,4.295999526977539
4595,6146.398669929244,0.012703918851912022,0.05000000074505806,0.17083331942558289,4.590908527374268
4596,6147.2948862835765,0.010580144822597504,0.05000000074505806,0.17091631889343262,4.742105484008789
4597,6148.176292943768,0.01206882018595934,0.05000000074505806,0.16917292773723602,4.372726917266846
4598,6149.691917739809,0.013697799295186996,0.05000000074505806,0.16844920814037323,4.315999984741211
4599,6150.60115631111,0.012882139533758163,0.05000000074505806,0.16944444179534912,4.395237445831299
4600,6151.918225462548,0.011524495668709278,0.05000000074505806,0.17442749440670013,4.704348087310791
4601,6153.0399361616,0.010954032652080059,0.05000000074505806,0.17765089869499207,4.704166889190674
4602,6154.535302523524,0.011608811095356941,0.05000000074505806,0.17012988030910492,4.471428871154785
4603,6155.795405190438,0.010127951391041279,0.05000000074505806,0.16301146149635315,4.25217342376709
4604,6157.322486709803,0.010997306555509567,0.05000000074505806,0.17825312912464142,4.590476036071777
4605,6158.243598883972,0.012252637185156345,0.05000000074505806,0.16707316040992737,4.563636302947998
4606,6159.133293914609,0.012243252247571945,0.05000000074505806,0.1630067527294159,4.095832824707031
4607,6160.80137737561,0.011761389672756195,0.05000000074505806,0.16951218247413635,4.777778148651123
4608,6162.413475682028,0.013044978491961956,0.05000000074505806,0.17032785713672638,4.160869598388672
4609,6163.31986089889,0.011692853644490242,0.05000000074505806,0.1640980839729309,4.768181324005127
4610,6164.417534826323,0.010392718948423862,0.05000000074505806,0.17356687784194946,4.453846454620361
4611,6165.533427215181,0.011510739102959633,0.05000000074505806,0.18537075817584991,4.763157844543457
4612,6167.921865262091,0.01144037488847971,0.05000000074505806,0.17870035767555237,4.922727108001709
4613,6168.98447164055,0.01108479592949152,0.05000000074505806,0.17916665971279144,4.9210524559021
4614,6170.531735862605,0.011949884705245495,0.05000000074505806,0.17872340977191925,4.983333110809326
4615,6172.40906350594,0.014896685257554054,0.05000000074505806,0.1744954138994217,4.745454788208008
4616,6173.374412247911,0.013101191259920597,0.05000000074505806,0.1678861826658249,4.594736576080322
4617,6174.978365636431,0.012213747017085552,0.05000000074505806,0.17854250967502594,4.890000343322754
4618,6176.087057907134,0.011034268885850906,0.05000000074505806,0.1779116541147232,5.0149993896484375
4619,6177.154461472295,0.012188022024929523,0.05000000074505806,0.16352584958076477,4.234782695770264
4620,6178.260604853742,0.01155864167958498,0.05000000074505806,0.17721518874168396,4.433333396911621
4621,6180.506871603429,0.011623932048678398,0.05000000074505806,0.18319150805473328,5.428570747375488
4622,6181.60194197949,0.011776312254369259,0.05000000074505806,0.16509275138378143,4.857142925262451
4623,6182.850335024297,0.010168325155973434,0.05000000074505806,0.16515624523162842,4.018518447875977
4624,6183.789973854087,0.011409908533096313,0.05000000074505806,0.16821427643299103,4.204545497894287
4625,6184.68593397364,0.01313765998929739,0.05000000074505806,0.1668393611907959,4.669564723968506
4626,6186.299766876735,0.010504140518605709,0.05000000074505806,0.15763995051383972,4.103703498840332
4627,6187.266531119123,0.010456926189363003,0.05000000074505806,0.1724540889263153,4.232000350952148
4628,6188.17816637177,0.014297015964984894,0.05000000074505806,0.17337527871131897,4.819999694824219
4629,6189.727812525816,0.010735409334301949,0.05000000074505806,0.17403845489025116,4.883333206176758
4630,6191.087623200379,0.010920108295977116,0.05000000074505806,0.17142857611179352,4.461538314819336
4631,6191.956053629518,0.011430938728153706,0.05000000074505806,0.17576301097869873,4.950000286102295
4632,6193.062117560767,0.011012286879122257,0.05000000074505806,0.17731398344039917,4.395999908447266
4633,6194.049380754121,0.01244981586933136,0.05000000074505806,0.1685767024755478,4.709090709686279
4634,6195.139154626057,0.011693053878843784,0.05000000074505806,0.17546530067920685,4.717647552490234
4635,6196.223888630979,0.011394217610359192,0.05000000074505806,0.16573426127433777,4.221428394317627
4636,6197.946174276993,0.013777810148894787,0.05000000074505806,0.16256684064865112,4.217391014099121
4637,6200.1951127797365,0.010539986193180084,0.05000000074505806,0.1713322103023529,4.784210205078125
4638,6202.766451437958,0.011624954640865326,0.05000000074505806,0.17385397851467133,4.368000030517578
4639,6203.654287797399,0.010588940232992172,0.05000000074505806,0.1653333455324173,4.53636360168457
4640,6205.035787317902,0.010614261031150818,0.05000000074505806,0.1704947054386139,4.5
4641,6206.632754927501,0.013481114991009235,0.05000000074505806,0.17140290141105652,4.564705848693848
4642,6207.522180045024,0.011694023385643959,0.05000000074505806,0.15657050907611847,4.239285469055176
4643,6208.350729275495,0.01186305657029152,0.05000000074505806,0.16813354194164276,4.160869598388672
4644,6209.146574940532,0.010848889127373695,0.05000000074505806,0.17352943122386932,4.3807692527771
4645,6209.927494262345,0.011280949227511883,0.05000000074505806,0.1619318127632141,4.670588493347168
4646,6210.9097909023985,0.012430930510163307,0.05000000074505806,0.17279279232025146,4.6571431159973145
4647,6211.733099224977,0.010590705089271069,0.05000000074505806,0.16975943744182587,4.395000457763672
4648,6212.508809070103,0.012862672097980976,0.05000000074505806,0.1644757241010666,4.258620262145996
4649,6213.327622408979,0.012597844004631042,0.05000000074505806,0.17289157211780548,4.718749523162842
4650,6214.12846192345,0.011166219599545002,0.05000000074505806,0.16919104754924774,4.324000358581543
4651,6214.89865694195,0.010415034368634224,0.05000000074505806,0.17437604069709778,4.576470851898193
4652,6215.677063444629,0.011759019456803799,0.05000000074505806,0.16135986149311066,4.608333110809326
4653,6216.475054533221,0.011197041720151901,0.05000000074505806,0.16571427881717682,4.273913383483887
4654,6217.364905226976,0.011843700893223286,0.05000000074505806,0.16574500501155853,4.300000190734863
4655,6218.171856228262,0.010824490338563919,0.05000000074505806,0.167719304561615,4.418181896209717
4656,6219.047419539653,0.013670409098267555,0.05000000074505806,0.16428570449352264,4.494117259979248
4657,6220.18707849551,0.011877757497131824,0.05000000074505806,0.17275802791118622,4.324999809265137
4658,6221.08450220339,0.011836813762784004,0.05000000074505806,0.15910446643829346,4.117241382598877
4659,6221.979415266775,0.009613540954887867,0.05000000074505806,0.17973484098911285,4.7090911865234375
4660,6223.371590062976,0.011043384671211243,0.05000000074505806,0.17838899791240692,4.9499993324279785
4661,6225.999913853593,0.011643531732261181,0.05000000074505806,0.1716027855873108,4.405881404876709
4662,6227.223455245607,0.012317433021962643,0.05000000074505806,0.15481366217136383,4.191999912261963
4663,6228.226504653692,0.011509884148836136,0.05000000074505806,0.17185840010643005,4.427272796630859
4664,6229.190473075956,0.011997856199741364,0.05000000074505806,0.16254295408725739,4.622726917266846
4665,6231.936999918893,0.009961116127669811,0.05000000074505806,0.18036697804927826,4.420000076293945
4666,6232.870556929149,0.013655738905072212,0.05000000074505806,0.17474576830863953,4.491666793823242
4667,6234.007031073794,0.012273512780666351,0.05000000074505806,0.17389637231826782,4.689473628997803
4668,6235.619280443527,0.011636359617114067,0.05000000074505806,0.17508772015571594,5.176922798156738
4669,6237.044855524786,0.011795795522630215,0.05000000074505806,0.1700565069913864,4.4041666984558105
4670,6238.005747349933,0.010332796722650528,0.05000000074505806,0.16597938537597656,4.766666412353516
4671,6238.987403688021,0.01292677316814661,0.05000000074505806,0.17842188477516174,4.3807692527771
4672,6240.364247225225,0.011341754347085953,0.05000000074505806,0.16672326624393463,4.585713863372803
4673,6241.213266628794,0.011753860861063004,0.05000000074505806,0.1578696370124817,3.986956834793091
4674,6243.415579983965,0.010619946755468845,0.05000000074505806,0.16394315659999847,4.3913044929504395
4675,6244.776202627458,0.012225969694554806,0.05000000074505806,0.16976378858089447,4.423999786376953
4676,6246.759402430616,0.012918173335492611,0.05000000074505806,0.17599278688430786,4.479166507720947
4677,6247.861447799951,0.012582494877278805,0.05000000074505806,0.1602584719657898,4.393333435058594
4678,6248.848812550306,0.01308313850313425,0.05000000074505806,0.16655519604682922,4.211999893188477
4679,6249.714564878494,0.01136036030948162,0.05000000074505806,0.17183999717235565,4.280769348144531
4680,6251.653889375739,0.011947838589549065,0.05000000074505806,0.164333313703537,4.237037181854248
4681,6253.754538604058,0.013622763566672802,0.05000000074505806,0.17703984677791595,4.885000228881836
4682,6254.663924760185,0.012645363807678223,0.05000000074505806,0.1639871448278427,4.3038458824157715
4683,6255.496453197673,0.010637727566063404,0.05000000074505806,0.17568133771419525,4.915384769439697
4684,6256.535776323639,0.013259503990411758,0.05000000074505806,0.18531468510627747,4.861904144287109
4685,6258.256127282977,0.013315877877175808,0.05000000074505806,0.17536765336990356,4.819047451019287
4686,6260.5137539496645,0.012963904067873955,0.05000000074505806,0.1832129955291748,4.9666666984558105
4687,6261.9456329727545,0.010898717679083347,0.05000000074505806,0.15886525809764862,4.508695602416992
4688,6263.652200564742,0.010342069901525974,0.05000000074505806,0.17667268216609955,4.558823585510254
4689,6264.550665684976,0.011156558990478516,0.05000000074505806,0.16180449724197388,4.012499809265137
4690,6265.601476922631,0.011108757928013802,0.05000000074505806,0.1668141633272171,4.1678571701049805
4691,6267.060527450405,0.011335793882608414,0.05000000074505806,0.17202924191951752,4.640909194946289
4692,6267.9671589601785,0.011509481817483902,0.05000000074505806,0.17326389253139496,4.571428298950195
4693,6268.859113518149,0.013209763914346695,0.05000000074505806,0.16723601520061493,4.355556011199951
4694,6269.756007392891,0.011680458672344685,0.05000000074505806,0.16602452099323273,4.338095664978027
4695,6270.646567464806,0.01242933887988329,0.05000000074505806,0.17499999701976776,4.868182182312012
4696,6272.2633417304605,0.010517798364162445,0.05000000074505806,0.17254574596881866,4.191666603088379
4697,6273.32682286296,0.011172926984727383,0.05000000074505806,0.16850394010543823,4.8600006103515625
4698,6274.965670007281,0.01122060976922512,0.05000000074505806,0.16678965091705322,4.380951881408691
4699,6276.248091015965,0.011890394613146782,0.05000000074505806,0.18469566106796265,4.843478202819824
4700,6277.290419204161,0.012064516544342041,0.05000000074505806,0.17512275278568268,4.611110687255859
4701,6278.162274970673,0.012802970595657825,0.05000000074505806,0.1661129593849182,4.485713958740234
4702,6280.400265591219,0.011458409018814564,0.05000000074505806,0.1654028445482254,4.185184955596924
4703,6281.261302580126,0.011885615065693855,0.05000000074505806,0.17508360743522644,4.596296310424805
4704,6282.159023116343,0.011511173099279404,0.05000000074505806,0.16588234901428223,4.661904335021973
4705,6283.9182802494615,0.011370595544576645,0.05000000074505806,0.1915999948978424,4.900000095367432
4706,6284.7693352280185,0.01037023589015007,0.05000000074505806,0.16867032647132874,4.6999993324279785
4707,6285.650501932949,0.011881358921527863,0.05000000074505806,0.16996586322784424,4.390000343322754
4708,6286.527004051022,0.012974589131772518,0.05000000074505806,0.17319223284721375,4.7049994468688965
4709,6288.2582593346015,0.01101501751691103,0.05000000074505806,0.15697330236434937,3.964285373687744
4710,6289.165203013457,0.011885248124599457,0.05000000074505806,0.17374783754348755,4.5347819328308105
4711,6290.007606482133,0.011493097990751266,0.05000000074505806,0.17585137486457825,4.447825908660889
4712,6291.765251188539,0.014789433218538761,0.05000000074505806,0.16337116062641144,4.360000133514404
4713,6293.011504307389,0.01239072997123003,0.05000000074505806,0.16941578686237335,4.395999908447266
4714,6295.266606617719,0.012860733084380627,0.05000000074505806,0.18110236525535583,5.024999618530273
4715,6296.561791105196,0.012605576775968075,0.05000000074505806,0.1703936904668808,4.57777738571167
4716,6298.765327483416,0.014187279157340527,0.05000000074505806,0.1744386851787567,4.8705878257751465
4717,6300.049384380691,0.012159490026533604,0.05000000074505806,0.17360404133796692,4.561904430389404
4718,6301.313848960213,0.010885553434491158,0.05000000074505806,0.17748691141605377,4.435999870300293
4719,6303.829398812726,0.011368876323103905,0.05000000074505806,0.17460595071315765,4.704347610473633
4720,6305.705308725126,0.012663496658205986,0.05000000074505806,0.17927755415439606,4.674999713897705
4721,6306.593995598145,0.012433287687599659,0.05000000074505806,0.1612069010734558,4.369999885559082
4722,6307.510775412433,0.01216808333992958,0.05000000074505806,0.1599999964237213,4.08695650100708
4723,6309.3717662822455,0.014374441467225552,0.05000000074505806,0.16144245862960815,4.107407093048096
4724,6310.679437587038,0.011870009824633598,0.05000000074505806,0.15635792911052704,3.9642860889434814
4725,6311.91679818742,0.011428304947912693,0.05000000074505806,0.16691286861896515,4.261538505554199
4726,6312.9830947853625,0.011210520751774311,0.05000000074505806,0.16855670511722565,4.420000076293945
4727,6313.972003539093,0.010880914516746998,0.05000000074505806,0.17725753784179688,4.400000095367432
4728,6314.829495663755,0.009706199169158936,0.05000000074505806,0.16714975237846375,4.535999774932861
4729,6316.406793140806,0.011887515895068645,0.05000000074505806,0.1754545420408249,4.663636207580566
4730,6318.152057963423,0.011343595571815968,0.05000000074505806,0.1696610152721405,4.5291666984558105
4731,6319.020655757748,0.013070964254438877,0.05000000074505806,0.17025089263916016,4.277777671813965
4732,6319.908884140663,0.010941836051642895,0.05000000074505806,0.16863711178302765,4.170833110809326
4733,6321.033775426447,0.012560182251036167,0.05000000074505806,0.17508961260318756,4.827272415161133
4734,6321.906764188781,0.012580703012645245,0.05000000074505806,0.1744897961616516,5.136842250823975
4735,6322.760791918263,0.012587438337504864,0.05000000074505806,0.16957983374595642,4.331818103790283
4736,6324.333638924174,0.011328034102916718,0.05000000074505806,0.16965515911579132,4.509523868560791
4737,6325.314587097615,0.011122023686766624,0.05000000074505806,0.1793043613433838,4.568420886993408
4738,6326.254384249449,0.01274535059928894,0.05000000074505806,0.1535836160182953,4.349999904632568
4739,6328.397903222591,0.011334019713103771,0.05000000074505806,0.16841186583042145,4.417391300201416
4740,6329.26213205792,0.012585771270096302,0.05000000074505806,0.1640980839729309,4.400000095367432
4741,6330.255242172629,0.011459616012871265,0.05000000074505806,0.17809522151947021,4.736841678619385
4742,6331.238624466583,0.011206422932446003,0.05000000074505806,0.1573294699192047,4.144444942474365
4743,6332.594917225651,0.012613927945494652,0.05000000074505806,0.17712177336215973,4.4476189613342285
4744,6334.18884571176,0.011026820167899132,0.05000000074505806,0.1731107085943222,4.731817722320557
4745,6335.517623192631,0.01324453391134739,0.05000000074505806,0.17035648226737976,4.505000114440918
4746,6336.408529947512,0.012334831058979034,0.05000000074505806,0.17152900993824005,4.8125
4747,6337.3401111913845,0.011128031648695469,0.05000000074505806,0.17996661365032196,4.5879998207092285
4748,6338.319827510044,0.010931458324193954,0.05000000074505806,0.162372887134552,4.6086955070495605
4749,6339.701809895225,0.01136676874011755,0.05000000074505806,0.17231328785419464,4.488234996795654
4750,6341.5122528057545,0.010957632213830948,0.05000000074505806,0.16619275510311127,4.34782600402832
4751,6342.619152447209,0.011895409785211086,0.05000000074505806,0.16880570352077484,4.267999649047852
4752,6344.702950128354,0.011901065707206726,0.05000000074505806,0.18729166686534882,5.215788841247559
4753,6346.657255589962,0.01078465674072504,0.05000000074505806,0.18893805146217346,5.600000381469727
4754,6348.181968875229,0.011881699785590172,0.05000000074505806,0.16855241358280182,4.491999626159668
4755,6349.8495174264535,0.011161924339830875,0.05000000074505806,0.18355640769004822,5.023529529571533
4756,6351.246309811249,0.01348947361111641,0.05000000074505806,0.1634848564863205,4.314815044403076
4757,6352.195781549439,0.012968207709491253,0.05000000074505806,0.16707882285118103,4.234615325927734
4758,6353.076850116253,0.01143595390021801,0.05000000074505806,0.17746242880821228,4.540909290313721
4759,6354.051622377709,0.011858223006129265,0.05000000074505806,0.17149999737739563,4.513043403625488
4760,6354.922251075506,0.01100900862365961,0.05000000074505806,0.1651245653629303,4.686363697052002
4761,6356.504260159098,0.011743074283003807,0.05000000074505806,0.17693522572517395,4.340909004211426
4762,6358.134376514703,0.011738038621842861,0.05000000074505806,0.16346801817417145,4.30384635925293
4763,6359.7182508111,0.012718665413558483,0.05000000074505806,0.1813664734363556,5.13124942779541
4764,6361.10472681094,0.01260214764624834,0.05000000074505806,0.17682240903377533,4.584210395812988
4765,6362.623770643957,0.012489738874137402,0.05000000074505806,0.17378471791744232,4.869999885559082
4766,6363.7367347357795,0.013188670389354229,0.05000000074505806,0.15610508620738983,4.064285755157471
4767,6365.164064423181,0.012941495515406132,0.05000000074505806,0.17431190609931946,4.689473628997803
4768,6366.265861256979,0.011933698318898678,0.05000000074505806,0.16537754237651825,4.472726821899414
4769,6367.167230894789,0.010028557851910591,0.05000000074505806,0.15775077044963837,3.999999761581421
4770,6368.774168767035,0.011683679185807705,0.05000000074505806,0.16590909659862518,4.284210681915283
4771,6369.958582652733,0.01083808857947588,0.05000000074505806,0.16038647294044495,4.452173709869385
4772,6371.156018317677,0.011634294874966145,0.05000000074505806,0.16859376430511475,4.057692527770996
4773,6372.942968970165,0.011638048104941845,0.05000000074505806,0.1656794399023056,4.259091377258301
4774,6374.21741882246,0.012292357161641121,0.05000000074505806,0.1680743247270584,4.503999710083008
4775,6376.235208177939,0.012030518613755703,0.05000000074505806,0.17564934492111206,4.694117546081543
4776,6377.274463043548,0.010580931790173054,0.05000000074505806,0.16518649458885193,4.200000286102295
4777,6378.839110034518,0.011398110538721085,0.05000000074505806,0.18157896399497986,5.127778053283691
4778,6379.678181166761,0.013008292764425278,0.05000000074505806,0.1729493886232376,4.508333206176758
4779,6381.674358426593,0.01364289689809084,0.05000000074505806,0.17572815716266632,4.691666126251221
4780,6382.941303068772,0.011975306086242199,0.05000000074505806,0.16706283390522003,4.281818389892578
4781,6384.123696424998,0.012938303872942924,0.05000000074505806,0.16576728224754333,4.4583330154418945
4782,6385.817680360749,0.010879435576498508,0.05000000074505806,0.1697368621826172,4.485714435577393
4783,6388.822917911224,0.011298978701233864,0.05000000074505806,0.1722986251115799,4.384999752044678
4784,6390.592891481705,0.011825935915112495,0.05000000074505806,0.1809426248073578,5.070000171661377
4785,6392.445538027212,0.012408935464918613,0.05000000074505806,0.1690058410167694,4.925000190734863
4786,6393.262580042705,0.011486070230603218,0.05000000074505806,0.1668350249528885,4.469565391540527
4787,6394.570082024671,0.011849467642605305,0.05000000074505806,0.17047618329524994,4.52500057220459
4788,6396.382610774599,0.011355836875736713,0.05000000074505806,0.16596385836601257,4.343999862670898
4789,6397.277731372975,0.014455216936767101,0.05000000074505806,0.17030717432498932,4.326923370361328
4790,6398.447572761215,0.012445361353456974,0.05000000074505806,0.16185064613819122,4.300000190734863
4791,6399.406017187983,0.013066939078271389,0.05000000074505806,0.17129185795783997,4.256521701812744
4792,6400.653008161113,0.011451724916696548,0.05000000074505806,0.17756099998950958,4.7208333015441895
4793,6401.549079499207,0.011725597083568573,0.05000000074505806,0.1763157844543457,4.40500020980835
4794,6403.249043469317,0.014143191277980804,0.05000000074505806,0.17015984654426575,4.784210205078125
4795,6404.62539476715,0.012710505165159702,0.05000000074505806,0.1784200519323349,5.247368812561035
4796,6405.825977822766,0.012316706590354443,0.05000000074505806,0.17209301888942719,4.203125
4797,6407.3346605133265,0.012685301713645458,0.05000000074505806,0.16747182607650757,4.3478264808654785
4798,6408.538578947075,0.011702477000653744,0.05000000074505806,0.16112956404685974,4.314999580383301
4799,6410.081272658892,0.011387183330953121,0.05000000074505806,0.16217532753944397,3.9679999351501465
4800,6411.8604767452925,0.010966697707772255,0.05000000074505806,0.17205387353897095,4.621738433837891
4801,6413.7093604542315,0.011436296626925468,0.05000000074505806,0.17743787169456482,4.773684024810791
4802,6414.921534428373,0.01164535153657198,0.05000000074505806,0.172200009226799,4.922222137451172
4803,6416.416873640381,0.01196704339236021,0.05000000074505806,0.1685628592967987,4.404000282287598
4804,6417.696119919419,0.011806358583271503,0.05000000074505806,0.1666666716337204,4.126086711883545
4805,6418.900613342412,0.012118504382669926,0.05000000074505806,0.17920999228954315,4.799999713897705
4806,6419.7906150221825,0.011057520285248756,0.05000000074505806,0.18020135164260864,4.756521224975586
4807,6421.474986925721,0.01132275816053152,0.05000000074505806,0.15736925601959229,4.308000087738037
4808,6422.919813493267,0.01297155674546957,0.05000000074505806,0.1575074940919876,4.003571510314941
4809,6423.807786431164,0.009785089641809464,0.05000000074505806,0.1758878529071808,4.611764907836914
4810,6424.6905206227675,0.010976731777191162,0.05000000074505806,0.17810077965259552,4.585000038146973
4811,6425.536847854033,0.01052483357489109,0.05000000074505806,0.1694888323545456,4.686956882476807
4812,6426.55088339746,0.012384072877466679,0.05000000074505806,0.17450271546840668,4.5904765129089355
4813,6427.676885765046,0.011214211583137512,0.05000000074505806,0.18070174753665924,5.0523810386657715
4814,6428.604253652506,0.012633973732590675,0.05000000074505806,0.15734663605690002,3.8366663455963135
4815,6430.254183537327,0.010636011138558388,0.05000000074505806,0.17554743587970734,4.442856788635254
4816,6431.191509419121,0.013090278021991253,0.05000000074505806,0.1769685000181198,5.215789318084717
4817,6432.23632854037,0.010768847540020943,0.05000000074505806,0.16147799789905548,3.909090518951416
4818,6433.126848923042,0.012157618068158627,0.05000000074505806,0.16962964832782745,4.718181610107422
4819,6434.483241590671,0.01085289940237999,0.05000000074505806,0.1709233820438385,4.533333778381348
4820,6435.629772568122,0.010993464849889278,0.05000000074505806,0.1775137186050415,5.02380895614624
4821,6437.711049461737,0.011250119656324387,0.05000000074505806,0.16688001155853271,4.278260707855225
4822,6439.6688678395,0.011600919999182224,0.05000000074505806,0.17462438344955444,4.3473687171936035
4823,6440.959828800522,0.01098122913390398,0.05000000074505806,0.1733333319425583,4.6913042068481445
4824,6442.207690693438,0.012804020196199417,0.05000000074505806,0.1665615290403366,4.483999729156494
4825,6443.439464397728,0.013607364147901535,0.05000000074505806,0.17473840713500977,4.325925827026367
4826,6444.593619008549,0.011458668857812881,0.05000000074505806,0.1647951602935791,3.9724137783050537
4827,6446.089079159312,0.013673163950443268,0.05000000074505806,0.16730770468711853,4.341667175292969
4828,6446.948519282043,0.010599073953926563,0.05000000074505806,0.1817028969526291,4.8086957931518555
4829,6448.000495341606,0.012523500248789787,0.05000000074505806,0.1630161702632904,4.855555534362793
4830,6449.7923616552725,0.013279173523187637,0.05000000074505806,0.17572155594825745,4.299999237060547
4831,6450.926432367414,0.01030558068305254,0.05000000074505806,0.1730097085237503,4.819046974182129
4832,6452.200933736749,0.012041938491165638,0.05000000074505806,0.17078854143619537,4.525000095367432
4833,6453.114139585756,0.01030052825808525,0.05000000074505806,0.17085346579551697,4.447368144989014
4834,6454.540687146597,0.011447957716882229,0.05000000074505806,0.1719202846288681,4.59999942779541
4835,6455.544608379714,0.01081817876547575,0.05000000074505806,0.1701996922492981,4.437499523162842
4836,6457.564813354984,0.01132978405803442,0.05000000074505806,0.1675925850868225,4.307407379150391
4837,6459.050273532048,0.013110223226249218,0.05000000074505806,0.17891037464141846,4.42307710647583
4838,6460.270794018172,0.010021191090345383,0.05000000074505806,0.17424748837947845,4.704347610473633
4839,6461.19252126012,0.0108167864382267,0.05000000074505806,0.16705107688903809,4.354546070098877
4840,6462.069793825038,0.010682125575840473,0.05000000074505806,0.16579405963420868,4.361904621124268
4841,6463.426192463376,0.010976829566061497,0.05000000074505806,0.16622138023376465,4.638888359069824
4842,6464.8454344449565,0.0104698296636343,0.05000000074505806,0.17617392539978027,4.809999465942383
4843,6466.923180794343,0.01216938067227602,0.05000000074505806,0.17423422634601593,4.322727680206299
4844,6468.424389926717,0.01241783332079649,0.05000000074505806,0.16334520280361176,4.672727108001709
4845,6469.502270867117,0.011207763105630875,0.05000000074505806,0.1610872596502304,4.1913042068481445
4846,6471.041750637814,0.011793769896030426,0.05000000074505806,0.17177419364452362,4.106451034545898
4847,6472.134162588976,0.01131294947117567,0.05000000074505806,0.18745246529579163,5.122222423553467
4848,6473.394816922955,0.009692803025245667,0.05000000074505806,0.16490940749645233,4.324999809265137
4849,6475.723389243707,0.012652155943214893,0.05000000074505806,0.16874153912067413,4.222580909729004
4850,6477.144754161127,0.009780043736100197,0.05000000074505806,0.16894902288913727,4.37666654586792
4851,6479.652964554727,0.012522338889539242,0.05000000074505806,0.18292254209518433,4.9285712242126465
4852,6481.266927170567,0.013874994590878487,0.05000000074505806,0.17304347455501556,4.413332939147949
4853,6482.147945463657,0.012048409320414066,0.05000000074505806,0.17136076092720032,4.404545307159424
4854,6484.1101486086845,0.01142878457903862,0.05000000074505806,0.16982758045196533,4.436363697052002
4855,6484.951667947695,0.009251563809812069,0.05000000074505806,0.17195573449134827,4.5652174949646
4856,6486.636188662611,0.011954071931540966,0.05000000074505806,0.1733333170413971,4.5333333015441895
4857,6488.110377470031,0.012370048090815544,0.05000000074505806,0.17326007783412933,4.647618770599365
4858,6489.661332611926,0.012249055318534374,0.05000000074505806,0.17877551913261414,4.928570747375488
4859,6491.805004748516,0.012990622781217098,0.05000000074505806,0.1764378547668457,4.7272725105285645
4860,6493.667236787267,0.010859168134629726,0.05000000074505806,0.17084641754627228,4.577272415161133
4861,6495.515193008818,0.012452027760446072,0.05000000074505806,0.17079482972621918,4.441667079925537
4862,6497.18703757599,0.011067641898989677,0.05000000074505806,0.1723618060350418,4.5291666984558105
4863,6499.080749766901,0.011099278926849365,0.05000000074505806,0.1777566522359848,4.729412078857422
4864,6499.9990146989,0.011136635206639767,0.05000000074505806,0.16332237422466278,4.6823530197143555
4865,6501.616938878782,0.012222136370837688,0.05000000074505806,0.1742592602968216,4.411538124084473
4866,6503.3813723977655,0.011925367638468742,0.05000000074505806,0.17279696464538574,4.883333206176758
4867,6504.584616252221,0.012597690336406231,0.05000000074505806,0.1681666523218155,4.375999927520752
4868,6505.470798429102,0.013049622997641563,0.05000000074505806,0.17424242198467255,4.731578826904297
4869,6506.348016102798,0.014624953269958496,0.05000000074505806,0.16489532589912415,4.519047260284424
4870,6507.238408656791,0.011351142078638077,0.05000000074505806,0.16621004045009613,4.1541666984558105
4871,6509.467267077416,0.010044903494417667,0.05000000074505806,0.16363635659217834,4.244827747344971
4872,6510.329440968111,0.011975420638918877,0.05000000074505806,0.18326449394226074,4.689473628997803
4873,6511.252980524674,0.010409270413219929,0.05000000074505806,0.16794425249099731,4.525000095367432
4874,6512.417210822925,0.013826239854097366,0.05000000074505806,0.17413248121738434,4.465217113494873
4875,6513.271097833291,0.011778406798839569,0.05000000074505806,0.17142856121063232,4.738095283508301
4876,6514.323004653677,0.01195585448294878,0.05000000074505806,0.16792453825473785,4.266666412353516
4877,6515.146148527972,0.01627679355442524,0.05000000074505806,0.17084871232509613,4.749999523162842
4878,6516.064820791595,0.012070626951754093,0.05000000074505806,0.1706436425447464,4.304347991943359
4879,6517.345660960302,0.01447588112205267,0.05000000074505806,0.16474954783916473,4.529411315917969
4880,6518.706218021922,0.013670159503817558,0.05000000074505806,0.1654970794916153,4.184615135192871
4881,6519.552681938745,0.011825201101601124,0.05000000074505806,0.16650718450546265,4.192592620849609
4882,6520.470198690891,0.011596168391406536,0.05000000074505806,0.16899999976158142,4.383333206176758
4883,6521.335790337995,0.012347887270152569,0.05000000074505806,0.16116352379322052,4.2153849601745605
4884,6522.305986188352,0.012585397809743881,0.05000000074505806,0.16282051801681519,4.376470565795898
4885,6523.792998011224,0.013042313978075981,0.05000000074505806,0.17147240042686462,4.436000347137451
4886,6525.005257968791,0.013790520839393139,0.05000000074505806,0.1669207364320755,4.128571510314941
4887,6526.482292808592,0.01231444627046585,0.05000000074505806,0.15374800562858582,4.181818008422852
4888,6528.216787014157,0.010995971970260143,0.05000000074505806,0.1752830147743225,4.590908527374268
4889,6529.711462717503,0.013198427855968475,0.05000000074505806,0.17397768795490265,4.784210681915283
4890,6531.524874213152,0.01346631720662117,0.05000000074505806,0.16355140507221222,4.588235378265381
4891,6532.433099693619,0.014427587389945984,0.05000000074505806,0.17269937694072723,4.289654731750488
4892,6533.362406020984,0.012852641753852367,0.05000000074505806,0.17586836218833923,4.552380561828613
4893,6535.888609323651,0.011018185876309872,0.05000000074505806,0.1787644773721695,5.135293960571289
4894,6538.028623302467,0.01141371764242649,0.05000000074505806,0.16359713673591614,4.244443893432617
4895,6539.213923060335,0.011601698584854603,0.05000000074505806,0.16808509826660156,4.330769062042236
4896,6540.34534446802,0.01240689679980278,0.05000000074505806,0.17191781103610992,4.664999961853027
4897,6541.93736872077,0.011297320947051048,0.05000000074505806,0.1653641313314438,4.379166603088379
4898,6543.908190721646,0.011584443971514702,0.05000000074505806,0.17867924273014069,4.715384483337402
4899,6545.245498794131,0.013341017998754978,0.05000000074505806,0.1708185076713562,4.511999607086182
4900,6546.1605538530275,0.011428382247686386,0.05000000074505806,0.1623239368200302,4.769999980926514
4901,6547.549128528684,0.01411709189414978,0.05000000074505806,0.16884616017341614,4.319047927856445
4902,6548.551976658404,0.013505072332918644,0.05000000074505806,0.16541598737239838,4.490000247955322
4903,6549.776122939773,0.013235559687018394,0.05000000074505806,0.16648250818252563,4.443478584289551
4904,6551.5824886141345,0.01115199364721775,0.05000000074505806,0.16661608219146729,4.068000316619873
4905,6552.863453134894,0.011662027798593044,0.05000000074505806,0.1722441166639328,4.829411029815674
4906,6553.915988886729,0.01102817989885807,0.05000000074505806,0.1721428483724594,4.549999713897705
4907,6555.062557830475,0.011536932550370693,0.05000000074505806,0.1808743178844452,4.988889217376709
4908,6555.941740530543,0.010094047524034977,0.05000000074505806,0.17185069620609283,4.542105197906494
4909,6557.334411455318,0.01346798799932003,0.05000000074505806,0.16619719564914703,4.253846168518066
4910,6558.439127431251,0.011684518307447433,0.05000000074505806,0.16672693192958832,4.504347801208496
4911,6559.906064319424,0.01160979550331831,0.05000000074505806,0.1698729544878006,4.482608318328857
4912,6561.624182142317,0.013715841807425022,0.05000000074505806,0.1625615656375885,4.387499809265137
4913,6562.928109494969,0.01116039790213108,0.05000000074505806,0.172648087143898,4.664999961853027
4914,6565.445858591236,0.01079465914517641,0.05000000074505806,0.16585032641887665,4.075861930847168
4915,6567.200051396154,0.010838842950761318,0.05000000074505806,0.1675986647605896,4.3478264808654785
4916,6568.519777270034,0.01022673025727272,0.05000000074505806,0.17096774280071259,4.480952739715576
4917,6569.393501139246,0.013061090372502804,0.05000000074505806,0.1648312509059906,4.5217390060424805
4918,6570.7744359802455,0.012644879519939423,0.05000000074505806,0.18141448497772217,4.676190376281738
4919,6572.349047525786,0.009866343811154366,0.05000000074505806,0.16196013987064362,4.193103790283203
4920,6573.3059607334435,0.013860872946679592,0.05000000074505806,0.1887912154197693,5.500000476837158
4921,6574.210044136271,0.011725110933184624,0.05000000074505806,0.1675041913986206,4.479166507720947
4922,6575.312829464674,0.01061664056032896,0.05000000074505806,0.17723293602466583,4.442857265472412
4923,6576.21722187195,0.01162897702306509,0.05000000074505806,0.1722591370344162,4.73913049697876
4924,6577.730302119628,0.010956963524222374,0.05000000074505806,0.1693708598613739,4.395999908447266
4925,6578.881418918259,0.014376755803823471,0.05000000074505806,0.1799614578485489,4.809999942779541
4926,6580.965987369418,0.013104584068059921,0.05000000074505806,0.17078039050102234,5.146667003631592
4927,6583.115222387016,0.010327335447072983,0.05000000074505806,0.1741379350423813,4.472727298736572
4928,6584.661724861711,0.01177999284118414,0.05000000074505806,0.17331136763095856,4.666666507720947
4929,6586.295622621663,0.011811415664851665,0.05000000074505806,0.17024922370910645,4.1999993324279785
4930,6588.361529006623,0.011684490367770195,0.05000000074505806,0.1667173206806183,4.579166412353516
4931,6590.0455518784,0.011718298308551311,0.05000000074505806,0.16110238432884216,3.982142686843872
4932,6591.547291299328,0.011120949871838093,0.05000000074505806,0.16737215220928192,4.28000020980835
4933,6592.434927914292,0.01085574273020029,0.05000000074505806,0.17624999582767487,4.909090995788574
4934,6593.346161023714,0.010599428787827492,0.05000000074505806,0.1750870943069458,4.623528957366943
4935,6594.379023655318,0.011883629485964775,0.05000000074505806,0.16929294168949127,4.668420791625977
4936,6595.97555135563,0.011743472889065742,0.05000000074505806,0.1663220077753067,4.296551704406738
4937,6596.83938124869,0.01230784971266985,0.05000000074505806,0.16453126072883606,4.0291666984558105
4938,6597.960317385383,0.013454796746373177,0.05000000074505806,0.16645266115665436,4.2272725105285645
4939,6598.891494354233,0.008835939690470695,0.05000000074505806,0.16707131266593933,4.100000381469727
4940,6599.968248429708,0.011447044089436531,0.05000000074505806,0.1749536395072937,4.899999618530273
4941,6601.180782281794,0.011921131983399391,0.05000000074505806,0.17056144773960114,4.3956522941589355
4942,6602.222589366138,0.011781095527112484,0.05000000074505806,0.16241830587387085,4.030769348144531
4943,6603.301773874089,0.011422885581851006,0.05000000074505806,0.17307694256305695,4.778260707855225
4944,6605.215860887431,0.010627263225615025,0.05000000074505806,0.16621620953083038,4.037499904632568
4945,6608.167509894818,0.01049352902919054,0.05000000074505806,0.16930502653121948,4.499999523162842
4946,6609.060062078759,0.011494121514260769,0.05000000074505806,0.17923076450824738,4.659090518951416
4947,6610.692350130528,0.011810475029051304,0.05000000074505806,0.17022472620010376,5.011110782623291
4948,6612.011208423413,0.010469581000506878,0.05000000074505806,0.18305084109306335,4.863157749176025
4949,6613.5688403965905,0.012017437256872654,0.05000000074505806,0.1788260042667389,4.826315402984619
4950,6615.950037921779,0.011143513955175877,0.05000000074505806,0.16289062798023224,4.659999847412109
4951,6617.980219498277,0.010442042723298073,0.05000000074505806,0.17649999260902405,4.673913478851318
4952,6619.842501532286,0.012477545067667961,0.05000000074505806,0.17334669828414917,4.626315593719482
4953,6620.710977295414,0.013594057410955429,0.05000000074505806,0.16869159042835236,4.243477821350098
4954,6621.665258063003,0.011608495377004147,0.05000000074505806,0.17948275804519653,4.917646408081055
4955,6623.195050848648,0.012277414090931416,0.05000000074505806,0.16479337215423584,4.299999713897705
4956,6624.092120178044,0.012035273015499115,0.05000000074505806,0.17967915534973145,4.857894420623779
4957,6625.4741654880345,0.012123883701860905,0.05000000074505806,0.16538462042808533,4.361538887023926
4958,6626.830445437692,0.010099107399582863,0.05000000074505806,0.1750929355621338,4.869999885559082
4959,6628.347995785065,0.01076691783964634,0.05000000074505806,0.16481775045394897,4.399999618530273
4960,6630.059294604696,0.01316184364259243,0.05000000074505806,0.17482878267765045,4.358620643615723
4961,6631.2352201724425,0.010171408765017986,0.05000000074505806,0.16764706373214722,4.409090995788574
4962,6632.249470142648,0.01095487643033266,0.05000000074505806,0.16894075274467468,4.319047451019287
4963,6634.252043919638,0.011455507017672062,0.05000000074505806,0.16847635805606842,4.387500286102295
4964,6636.493783229962,0.012030208483338356,0.05000000074505806,0.18557503819465637,5.506250381469727
4965,6637.991252694279,0.01237438153475523,0.05000000074505806,0.16650082170963287,4.269564628601074
4966,6639.425523439422,0.012938876636326313,0.05000000074505806,0.16597110033035278,4.5652174949646
4967,6640.365623941645,0.0096339276060462,0.05000000074505806,0.16449812054634094,4.390476226806641
4968,6641.802400792018,0.011848647147417068,0.05000000074505806,0.17315949499607086,4.431818008422852
4969,6643.433289464563,0.012269353494048119,0.05000000074505806,0.1677871197462082,4.203125
4970,6645.059766901657,0.010696503333747387,0.05000000074505806,0.16797275841236115,4.461905479431152
4971,6646.285236284137,0.01069246418774128,0.05000000074505806,0.17793242633342743,4.635000228881836
4972,6648.934834674001,0.011403891257941723,0.05000000074505806,0.16971831023693085,4.539999961853027
4973,6649.891165695153,0.0106342863291502,0.05000000074505806,0.16650165617465973,4.441666126251221
4974,6650.935545112006,0.011804776266217232,0.05000000074505806,0.1687888205051422,4.159259796142578
4975,6652.002225838602,0.011778186075389385,0.05000000074505806,0.1701570749282837,4.556521892547607
4976,6653.385298152454,0.011675135232508183,0.05000000074505806,0.1652650684118271,4.555000305175781
4977,6654.8273311899975,0.010838051326572895,0.05000000074505806,0.17104071378707886,4.440908908843994
4978,6657.510476096533,0.01003272645175457,0.05000000074505806,0.16612902283668518,4.349999904632568
4979,6658.800636716187,0.012809325940907001,0.05000000074505806,0.1778181940317154,4.654999732971191
4980,6660.725189285353,0.011109099723398685,0.05000000074505806,0.1664983183145523,4.565217018127441
4981,6661.648657538928,0.01049796212464571,0.05000000074505806,0.1718909591436386,4.366666793823242
4982,6663.0926481680945,0.010745210573077202,0.05000000074505806,0.173760324716568,4.676470756530762
4983,6664.466420005076,0.011592970229685307,0.05000000074505806,0.171350359916687,4.586363315582275
4984,6665.399626247585,0.011915582232177258,0.05000000074505806,0.16334912180900574,4.526087284088135
4985,6667.067182532512,0.01349145732820034,0.05000000074505806,0.16816207766532898,4.217857360839844
4986,6669.465301657096,0.010577147826552391,0.05000000074505806,0.1642187535762787,4.12000036239624
4987,6670.353385990486,0.011937461793422699,0.05000000074505806,0.17595992982387543,4.419047832489014
4988,6671.269030854106,0.010566663928329945,0.05000000074505806,0.17417103052139282,4.679166316986084
4989,6672.336640095338,0.012680248357355595,0.05000000074505806,0.18486055731773376,4.831578731536865
4990,6674.3489459054545,0.011563140898942947,0.05000000074505806,0.17427293956279755,5.223076343536377
4991,6675.240582128055,0.010300152003765106,0.05000000074505806,0.18066783249378204,4.942857265472412
4992,6676.463353284635,0.010929248295724392,0.05000000074505806,0.16112852096557617,4.338461875915527
4993,6677.564805967733,0.01209705974906683,0.05000000074505806,0.16151314973831177,4.0346150398254395
4994,6679.033367110416,0.013182765804231167,0.05000000074505806,0.18622128665447235,5.186666488647461
4995,6680.013713012449,0.011508144438266754,0.05000000074505806,0.15638767182826996,4.2190470695495605
4996,6681.592128461227,0.013342802412807941,0.05000000074505806,0.16217532753944397,3.989285707473755
4997,6683.223830315284,0.012239683419466019,0.05000000074505806,0.17018741369247437,4.578260898590088
4998,6684.412828922272,0.013079041615128517,0.05000000074505806,0.16518405079841614,4.116666793823242
4999,6685.299792001955,0.01016213558614254,0.05000000074505806,0.16677524149417877,4.400000095367432
