iteration,loss,epsilon,mean_turn_reward,mean_episode_return
0,0.07781840115785599,0.999701976776123,0.1169014722108841,2.8031861782073975
1,0.058798499405384064,0.9994039535522461,0.11688149720430374,2.8020832538604736
2,0.048688869923353195,0.9991059303283691,0.11606715619564056,2.7901623249053955
3,0.04126986488699913,0.9988079071044922,0.11646682769060135,2.8008577823638916
4,0.039834797382354736,0.9985098838806152,0.11778077483177185,2.8175246715545654
5,0.03991102799773216,0.9982118606567383,0.11564749479293823,2.7795140743255615
6,0.04420875757932663,0.9979138374328613,0.11659671366214752,2.792647123336792
7,0.04293055459856987,0.9976158142089844,0.1175459623336792,2.8277781009674072
8,0.035461701452732086,0.9973177909851074,0.11679157614707947,2.804044246673584
9,0.03573113679885864,0.9970197677612305,0.11773580312728882,2.825735330581665
10,0.03244514390826225,0.9967217445373535,0.11592725664377213,2.7813658714294434
11,0.030939627438783646,0.9964237213134766,0.11591227352619171,2.780146837234497
12,0.0368146151304245,0.9961256980895996,0.11728617548942566,2.8182597160339355
13,0.02972640097141266,0.9958276748657227,0.11642686277627945,2.7969908714294434
14,0.029952730983495712,0.9955296516418457,0.11607714742422104,2.779411792755127
15,0.03521040081977844,0.9952316284179688,0.11695143580436707,2.8092591762542725
16,0.03749622404575348,0.9949336051940918,0.1170763447880745,2.808210849761963
17,0.0382179394364357,0.9946355819702148,0.1177607998251915,2.8296568393707275
18,0.03155725449323654,0.9943375587463379,0.11576239764690399,2.7761576175689697
19,0.0341983325779438,0.9940395355224609,0.11657673120498657,2.8020832538604736
20,0.03275514766573906,0.993741512298584,0.11824540793895721,2.8339459896087646
21,0.030440550297498703,0.993443489074707,0.11695143580436707,2.8061342239379883
22,0.02976970002055168,0.9931454658508301,0.11704137921333313,2.805392026901245
23,0.030241092666983604,0.9928474426269531,0.11681654304265976,2.8099536895751953
24,0.039730481803417206,0.9925494194030762,0.11697641760110855,2.8031861782073975
25,0.0297958143055439,0.9922513961791992,0.11744604259729385,2.81323504447937
26,0.03597760573029518,0.9919533729553223,0.11662669479846954,2.8074076175689697
27,0.03967133164405823,0.9916553497314453,0.1166217029094696,2.796323537826538
28,0.039366163313388824,0.9913573265075684,0.11696642637252808,2.810171604156494
29,0.03672800213098526,0.9910593032836914,0.11732614785432816,2.821296215057373
30,0.0334918238222599,0.9907612800598145,0.11840527504682541,2.8357841968536377
31,0.03790251910686493,0.9904632568359375,0.11654675006866455,2.7988429069519043
32,0.035232365131378174,0.9901652336120605,0.11700140684843063,2.805759906768799
33,0.038789521902799606,0.9898672103881836,0.11646183580160141,2.793259859085083
34,0.03708510845899582,0.9895691871643066,0.11759592592716217,2.823842763900757
35,0.03758595511317253,0.9892711639404297,0.1168215423822403,2.8080880641937256
36,0.03002261556684971,0.9889731407165527,0.11713629215955734,2.8067402839660645
37,0.03894011676311493,0.9886751174926758,0.11580735445022583,2.7826390266418457
38,0.037614136934280396,0.9883770942687988,0.11610213667154312,2.785294532775879
39,0.03609304130077362,0.9880790710449219,0.11722621321678162,2.813310384750366
40,0.03788048401474953,0.9877810478210449,0.116032175719738,2.7808825969696045
41,0.04464522376656532,0.987483024597168,0.11736110597848892,2.81727933883667
42,0.03620056062936783,0.987185001373291,0.11785571277141571,2.8280093669891357
43,0.04204666242003441,0.9868869781494141,0.1165817379951477,2.797916889190674
44,0.04307834804058075,0.9865889549255371,0.11714128404855728,2.8169119358062744
45,0.04810502752661705,0.9862909317016602,0.11724120378494263,2.8023147583007812
46,0.03924594819545746,0.9859929084777832,0.11788070946931839,2.837010145187378
47,0.03896109014749527,0.9856948852539062,0.11729616671800613,2.8164350986480713
48,0.03442377224564552,0.9853968620300293,0.11818545311689377,2.8327205181121826
49,0.04552508890628815,0.9850988388061523,0.11724121868610382,2.8181374073028564
50,0.042548444122076035,0.9848008155822754,0.11675659567117691,2.801157236099243
51,0.045080844312906265,0.9845027923583984,0.11767086386680603,2.8187501430511475
52,0.04270850494503975,0.9842047691345215,0.11667665094137192,2.805882453918457
53,0.04200363531708717,0.9839067459106445,0.11677657067775726,2.8031249046325684
54,0.040599044412374496,0.9836087226867676,0.11773581802845001,2.8273284435272217
55,0.0443664975464344,0.9833106994628906,0.11672161519527435,2.8012731075286865
56,0.04439488425850868,0.9830126762390137,0.11802058666944504,2.8276963233947754
57,0.05016768351197243,0.9827146530151367,0.11583233624696732,2.7808823585510254
58,0.04599413648247719,0.9824166297912598,0.11643685400485992,2.796875
59,0.04800400510430336,0.9821186065673828,0.11751098185777664,2.819117546081543
60,0.046355120837688446,0.9818205833435059,0.1167016327381134,2.8072307109832764
61,0.04445808380842209,0.9815225601196289,0.11659673601388931,2.797569513320923
62,0.04380590096116066,0.981224536895752,0.11697141081094742,2.8014705181121826
63,0.046794645488262177,0.980926513671875,0.11666667461395264,2.803703546524048
64,0.044258587062358856,0.980628490447998,0.11812550574541092,2.831127643585205
65,0.05082101747393608,0.9803304672241211,0.11674658954143524,2.8007352352142334
66,0.05040521174669266,0.9800324440002441,0.11759592592716217,2.823611259460449
67,0.053105611354112625,0.9797344207763672,0.11588729172945023,2.7870097160339355
68,0.04159301891922951,0.9794363975524902,0.11711131781339645,2.8062498569488525
69,0.05633219704031944,0.9791383743286133,0.11841027438640594,2.8393518924713135
70,0.04110437631607056,0.9788403511047363,0.11702637374401093,2.808946132659912
71,0.049496300518512726,0.9785423278808594,0.11777577549219131,2.8287036418914795
72,0.0478242002427578,0.9782443046569824,0.11716127395629883,2.8079655170440674
73,0.0475320965051651,0.9779462814331055,0.11700139194726944,2.8068625926971436
74,0.04570108279585838,0.9776482582092285,0.11714628338813782,2.8119213581085205
75,0.048104703426361084,0.9773502349853516,0.11864009499549866,2.8537988662719727
76,0.05034349486231804,0.9770522117614746,0.11664168536663055,2.803431510925293
77,0.046557702124118805,0.9767541885375977,0.11700639128684998,2.8032407760620117
78,0.03711036220192909,0.9764561653137207,0.11769584566354752,2.8242647647857666
79,0.05226116627454758,0.9761581420898438,0.11614208668470383,2.788888692855835
80,0.045585181564092636,0.9758601188659668,0.11712130904197693,2.80294132232666
81,0.044040702283382416,0.9755620956420898,0.11816047877073288,2.84375
82,0.047797791659832,0.9752640724182129,0.11731615662574768,2.8112268447875977
83,0.04579491540789604,0.9749660491943359,0.11848021298646927,2.850245237350464
84,0.04615369439125061,0.974668025970459,0.11995403468608856,2.8776962757110596
85,0.04633647948503494,0.974370002746582,0.11785071343183517,2.833101987838745
86,0.04120534285902977,0.9740719795227051,0.1178007647395134,2.823896884918213
87,0.04847802221775055,0.9737739562988281,0.11688150465488434,2.805208206176758
88,0.04110371693968773,0.9734759330749512,0.11771083623170853,2.8259804248809814
89,0.045440588146448135,0.9731779098510742,0.1165667474269867,2.792034387588501
90,0.04974283277988434,0.9728798866271973,0.11915966123342514,2.858564853668213
91,0.045108161866664886,0.9725818634033203,0.11728118360042572,2.8259806632995605
92,0.040740832686424255,0.9722838401794434,0.11702138185501099,2.8055145740509033
93,0.045530520379543304,0.9719858169555664,0.11879496276378632,2.8462963104248047
94,0.04545426368713379,0.9716877937316895,0.11771583557128906,2.828798770904541
95,0.042927443981170654,0.9713897705078125,0.1175059974193573,2.816319227218628
96,0.0432899072766304,0.9710917472839355,0.1180155947804451,2.8272058963775635
97,0.044232193380594254,0.9707937240600586,0.11672662943601608,2.7988972663879395
98,0.040549080818891525,0.9704957008361816,0.11720623821020126,2.817824125289917
99,0.047855548560619354,0.9701976776123047,0.11654176563024521,2.7966911792755127
100,0.05135457590222359,0.9698996543884277,0.11819043010473251,2.838480234146118
101,0.04317397251725197,0.9696016311645508,0.1178007572889328,2.8245372772216797
102,0.039996735751628876,0.9693036079406738,0.11723122745752335,2.823284387588501
103,0.04244114086031914,0.9690055847167969,0.11819543689489365,2.830092430114746
104,0.042716752737760544,0.9687075614929199,0.11742106825113297,2.8145835399627686
105,0.04508626461029053,0.968409538269043,0.11980914324522018,2.8704655170440674
106,0.03958309441804886,0.968111515045166,0.11700638383626938,2.815162181854248
107,0.042415931820869446,0.9678134918212891,0.11709632724523544,2.8098037242889404
108,0.04461638256907463,0.9675154685974121,0.1184452474117279,2.8435049057006836
109,0.04036862403154373,0.9672174453735352,0.11727118492126465,2.8192126750946045
110,0.04501980170607567,0.9669194221496582,0.11829037964344025,2.840686321258545
111,0.04281313717365265,0.9666213989257812,0.11842026561498642,2.838078737258911
112,0.04008793830871582,0.9663233757019043,0.11695143580436707,2.799877405166626
113,0.04365364834666252,0.9660253524780273,0.11758093535900116,2.8259804248809814
114,0.04158790409564972,0.9657273292541504,0.11737110465765,2.8157405853271484
115,0.04756581038236618,0.9654293060302734,0.11778577417135239,2.8289215564727783
116,0.041731685400009155,0.9651312828063965,0.1189548447728157,2.854043960571289
117,0.03964262083172798,0.9648332595825195,0.11806054413318634,2.8306713104248047
118,0.03925717622041702,0.9645352363586426,0.1194494366645813,2.8698532581329346
119,0.04139341041445732,0.9642372131347656,0.12043865025043488,2.8920140266418457
120,0.04232509061694145,0.9639391899108887,0.11947441846132278,2.8664214611053467
121,0.03775341436266899,0.9636411666870117,0.11884991824626923,2.84914231300354
122,0.04327418655157089,0.9633431434631348,0.1178407222032547,2.834606647491455
123,0.04336066171526909,0.9630451202392578,0.11762090772390366,2.8188724517822266
124,0.044353730976581573,0.9627470970153809,0.11832534521818161,2.8446078300476074
125,0.0378061905503273,0.9624490737915039,0.1191147044301033,2.855903148651123
126,0.03583040460944176,0.962151050567627,0.11925459653139114,2.8667895793914795
127,0.03862875699996948,0.96185302734375,0.11828538030385971,2.8348379135131836
128,0.04347362369298935,0.961555004119873,0.1191546767950058,2.8555147647857666
129,0.04117148742079735,0.9612569808959961,0.1176009252667427,2.8333332538604736
130,0.041469983756542206,0.9609589576721191,0.11672162264585495,2.7962963581085205
131,0.041438642889261246,0.9606609344482422,0.11810553073883057,2.839951276779175
132,0.03982243314385414,0.9603629112243652,0.11876998841762543,2.847916603088379
133,0.04380233213305473,0.9600648880004883,0.11859013885259628,2.8438658714294434
134,0.04047828167676926,0.9597668647766113,0.11942945420742035,2.8712007999420166
135,0.042950939387083054,0.9594688415527344,0.11896482855081558,2.8501157760620117
136,0.03639109060168266,0.9591708183288574,0.11896981298923492,2.852818489074707
137,0.037477314472198486,0.9588727951049805,0.11810551583766937,2.834559202194214
138,0.0419558547437191,0.9585747718811035,0.11818046867847443,2.8393521308898926
139,0.04119837284088135,0.9582767486572266,0.11921462416648865,2.855759620666504
140,0.039732418954372406,0.9579787254333496,0.11893484741449356,2.864705801010132
141,0.03608442842960358,0.9576807022094727,0.11938449740409851,2.8561341762542725
142,0.047476980835199356,0.9573826789855957,0.11859513819217682,2.8450982570648193
143,0.03431783989071846,0.9570846557617188,0.11727118492126465,2.8206019401550293
144,0.040512748062610626,0.9567866325378418,0.11858512461185455,2.83897066116333
145,0.0403117910027504,0.9564886093139648,0.11763588339090347,2.83357834815979
146,0.03945291042327881,0.9561905860900879,0.1190747320652008,2.8512730598449707
147,0.04199136421084404,0.9558925628662109,0.11892487108707428,2.857475757598877
148,0.0360473096370697,0.955594539642334,0.11832533776760101,2.836519718170166
149,0.03788910433650017,0.955296516418457,0.11751599609851837,2.8230326175689697
150,0.04204726591706276,0.9549984931945801,0.11787070333957672,2.825735330581665
151,0.040819503366947174,0.9547004699707031,0.11879995465278625,2.8545138835906982
152,0.04139226675033569,0.9544024467468262,0.11803057789802551,2.82745099067688
153,0.03776589035987854,0.9541044235229492,0.1186051145195961,2.8381125926971436
154,0.03997461870312691,0.9538064002990723,0.11740608513355255,2.829282522201538
155,0.038491129875183105,0.9535083770751953,0.11822542548179626,2.8332109451293945
156,0.0362263023853302,0.9532103538513184,0.11795562505722046,2.841789484024048
157,0.03808693215250969,0.9529123306274414,0.11875998228788376,2.8435184955596924
158,0.0391358882188797,0.9526143074035645,0.11906475573778152,2.8638482093811035
159,0.03893626853823662,0.9523162841796875,0.11923960596323013,2.857407569885254
160,0.038241978734731674,0.9520182609558105,0.11941945552825928,2.86348032951355
161,0.040203265845775604,0.9517202377319336,0.11826038360595703,2.837132453918457
162,0.03762451931834221,0.9514222145080566,0.11779076606035233,2.828935146331787
163,0.03572046384215355,0.9511241912841797,0.11950938403606415,2.873161792755127
164,0.03533877804875374,0.9508261680603027,0.11948440223932266,2.8649511337280273
165,0.037458695471286774,0.9505281448364258,0.11787069588899612,2.8318283557891846
166,0.04111510142683983,0.9502301216125488,0.11820545047521591,2.8403189182281494
167,0.0404449887573719,0.9499320983886719,0.11926957219839096,2.857407569885254
168,0.040504686534404755,0.9496340751647949,0.11940947920084,2.857720375061035
169,0.0382404699921608,0.949336051940918,0.11759592592716217,2.8295345306396484
170,0.039361368864774704,0.949038028717041,0.11829537898302078,2.8386571407318115
171,0.03880302980542183,0.9487400054931641,0.11996902525424957,2.8878676891326904
172,0.03524653986096382,0.9484419822692871,0.11963928490877151,2.868995189666748
173,0.04330303519964218,0.9481439590454102,0.11954435706138611,2.8675923347473145
174,0.03702021390199661,0.9478459358215332,0.1196243092417717,2.8632352352142334
175,0.042596109211444855,0.9475479125976562,0.11824041604995728,2.8432867527008057
176,0.03956085070967674,0.9472498893737793,0.11961431801319122,2.8638479709625244
177,0.03506805747747421,0.9469518661499023,0.11871502548456192,2.853431224822998
178,0.039265505969524384,0.9466538429260254,0.11887489259243011,2.8553240299224854
179,0.03524119779467583,0.9463558197021484,0.11854016780853271,2.836642026901245
180,0.03697090223431587,0.9460577964782715,0.11810051649808884,2.849142074584961
181,0.03985442593693733,0.9457597732543945,0.11944443732500076,2.855902671813965
182,0.03761960566043854,0.9454617500305176,0.11785072833299637,2.83284330368042
183,0.03987455368041992,0.9451637268066406,0.1181504875421524,2.8356480598449707
184,0.03905879333615303,0.9448657035827637,0.12010891735553741,2.876715660095215
185,0.03516465425491333,0.9445676803588867,0.11945943534374237,2.866788864135742
186,0.03681011125445366,0.9442696571350098,0.11764588207006454,2.8302083015441895
187,0.03937671706080437,0.9439716339111328,0.11930455267429352,2.866544008255005
188,0.03455253690481186,0.9436736106872559,0.11914967745542526,2.853799343109131
189,0.036987751722335815,0.9433755874633789,0.11828536540269852,2.8408565521240234
190,0.038263361901044846,0.943077564239502,0.1184302568435669,2.841789484024048
191,0.037488050758838654,0.942779541015625,0.11896482855081558,2.8576388359069824
192,0.041751205921173096,0.942481517791748,0.11915966123342514,2.85318660736084
193,0.03703279793262482,0.9421834945678711,0.11953438073396683,2.8675243854522705
194,0.038193028420209885,0.9418854713439941,0.12045862525701523,2.8969905376434326
195,0.04044637456536293,0.9415874481201172,0.11940947920084,2.862867832183838
196,0.039192572236061096,0.9412894248962402,0.11854016780853271,2.8493874073028564
197,0.04093427583575249,0.9409914016723633,0.11845523864030838,2.8442132472991943
198,0.035446785390377045,0.9406933784484863,0.11960431933403015,2.868872880935669
199,0.03724310174584389,0.9403953552246094,0.12080835551023483,2.8981480598449707
200,0.039073068648576736,0.9400973320007324,0.11847521364688873,2.8386027812957764
201,0.04241184890270233,0.9397993087768555,0.11799062043428421,2.834926128387451
202,0.03448602929711342,0.9395012855529785,0.11887489259243011,2.8519678115844727
203,0.03816700354218483,0.9392032623291016,0.1184052899479866,2.84448504447937
204,0.03480113297700882,0.9389052391052246,0.12006893754005432,2.8812499046325684
205,0.030638068914413452,0.9386072158813477,0.1185251772403717,2.8446760177612305
206,0.03572165593504906,0.9383091926574707,0.11900480836629868,2.857598066329956
207,0.03766484558582306,0.9380111694335938,0.11826539784669876,2.8378469944000244
208,0.035334713757038116,0.9377131462097168,0.11888489872217178,2.849755048751831
209,0.03942941129207611,0.9374151229858398,0.11941947042942047,2.862255096435547
210,0.035651251673698425,0.9371170997619629,0.11847522854804993,2.8496530055999756
211,0.03278259560465813,0.9368190765380859,0.11901479959487915,2.860539197921753
212,0.036829277873039246,0.936521053314209,0.11762090772390366,2.8241422176361084
213,0.03489058464765549,0.936223030090332,0.12042365968227386,2.886342763900757
214,0.03583969920873642,0.9359250068664551,0.1182304173707962,2.837745189666748
215,0.037124644964933395,0.9356269836425781,0.12103816866874695,2.9006943702697754
216,0.03419835865497589,0.9353289604187012,0.12052858620882034,2.8964459896087646
217,0.04099690541625023,0.9350309371948242,0.11929956823587418,2.8598036766052246
218,0.033797405660152435,0.9347329139709473,0.11990907788276672,2.8762731552124023
219,0.03345489129424095,0.9344348907470703,0.11853517591953278,2.847916841506958
220,0.038560714572668076,0.9341368675231934,0.11891985684633255,2.8519606590270996
221,0.03441395238041878,0.9338388442993164,0.11857513338327408,2.8444442749023438
222,0.03507954627275467,0.9335408210754395,0.12006396055221558,2.886396884918213
223,0.03516427055001259,0.9332427978515625,0.11859012395143509,2.8443288803100586
224,0.03661985322833061,0.9329447746276855,0.11804056167602539,2.829901933670044
225,0.03761979192495346,0.9326467514038086,0.11813050508499146,2.837254762649536
226,0.038337185978889465,0.9323487281799316,0.12006894499063492,2.880671262741089
227,0.03302871063351631,0.9320507049560547,0.11946942657232285,2.86348032951355
228,0.037449970841407776,0.9317526817321777,0.11975918710231781,2.8784313201904297
229,0.03988904133439064,0.9314546585083008,0.11904976516962051,2.8587963581085205
230,0.03338032215833664,0.9311566352844238,0.11922463029623032,2.8638479709625244
231,0.03249525651335716,0.9308586120605469,0.1205635592341423,2.888657569885254
232,0.03532608225941658,0.9305605888366699,0.11905975639820099,2.8571081161499023
233,0.036473825573921204,0.930262565612793,0.11887989938259125,2.852083206176758
234,0.03523428365588188,0.929964542388916,0.11849519610404968,2.8451387882232666
235,0.03259747847914696,0.9296665191650391,0.11930955946445465,2.8613970279693604
236,0.032202716916799545,0.9293684959411621,0.11927957832813263,2.873039484024048
237,0.03510389104485512,0.9290704727172852,0.11990907788276672,2.8714122772216797
238,0.04091256484389305,0.9287724494934082,0.12004397064447403,2.8806374073028564
239,0.03336871415376663,0.9284744262695312,0.11954937130212784,2.868171453475952
240,0.03201472386717796,0.9281764030456543,0.1194494441151619,2.8670341968536377
241,0.03624758496880531,0.9278783798217773,0.11875000596046448,2.849754810333252
242,0.03723696619272232,0.9275803565979004,0.11893484741449356,2.8526620864868164
243,0.036291152238845825,0.9272823333740234,0.11933453381061554,2.8699753284454346
244,0.036218468099832535,0.9269843101501465,0.11996402591466904,2.8727941513061523
245,0.036835890263319016,0.9266862869262695,0.11926958709955215,2.8682873249053955
246,0.0349266491830349,0.9263882637023926,0.11927458643913269,2.853431463241577
247,0.038818299770355225,0.9260902404785156,0.1203487291932106,2.892939805984497
248,0.034794606268405914,0.9257922172546387,0.1201738715171814,2.8813724517822266
249,0.04001488909125328,0.9254941940307617,0.11953936517238617,2.8675243854522705
250,0.03420017659664154,0.9251961708068848,0.12003897875547409,2.885301113128662
251,0.03759710490703583,0.9248981475830078,0.11935951560735703,2.8626224994659424
252,0.03610866516828537,0.9246001243591309,0.11991406977176666,2.873897075653076
253,0.03368575870990753,0.9243021011352539,0.11996902525424957,2.8828701972961426
254,0.03811541572213173,0.924004077911377,0.11859512329101562,2.847303867340088
255,0.033958517014980316,0.9237060546875,0.11935951560735703,2.864699125289917
256,0.03607194498181343,0.923408031463623,0.1208982765674591,2.893137216567993
257,0.03291991353034973,0.9231100082397461,0.11958432197570801,2.877328395843506
258,0.03331180289387703,0.9228119850158691,0.11837029457092285,2.840740919113159
259,0.0370476059615612,0.9225139617919922,0.11800559610128403,2.83357834815979
260,0.032661259174346924,0.9222159385681152,0.11940448731184006,2.8692402839660645
261,0.03241145238280296,0.9219179153442383,0.12045363336801529,2.8855326175689697
262,0.036367665976285934,0.9216198921203613,0.11966926604509354,2.876838207244873
263,0.0373818539083004,0.9213218688964844,0.1188599169254303,2.850694179534912
264,0.03232017159461975,0.9210238456726074,0.11800559610128403,2.829289197921753
265,0.03799571841955185,0.9207258224487305,0.12134792655706406,2.907475471496582
266,0.03467864170670509,0.9204277992248535,0.11972921341657639,2.8790509700775146
267,0.0328843928873539,0.9201297760009766,0.12019884586334229,2.8849265575408936
268,0.03858059644699097,0.9198317527770996,0.12079336494207382,2.8938727378845215
269,0.03219735994935036,0.9195337295532227,0.11860011518001556,2.8581018447875977
270,0.0328814834356308,0.9192357063293457,0.11900978535413742,2.8501224517822266
271,0.03385959938168526,0.9189376831054688,0.11973422020673752,2.875462770462036
272,0.03537006676197052,0.9186396598815918,0.11951439827680588,2.868382453918457
273,0.03927987441420555,0.9183416366577148,0.12023381888866425,2.882720708847046
274,0.036529745906591415,0.9180436134338379,0.1192346066236496,2.8642361164093018
275,0.033429816365242004,0.9177455902099609,0.1195043995976448,2.871936321258545
276,0.03188611939549446,0.917447566986084,0.11998899281024933,2.876715898513794
277,0.03218628466129303,0.917149543762207,0.11973920464515686,2.8672454357147217
278,0.03505440428853035,0.9168515205383301,0.11876498907804489,2.85392165184021
279,0.03350298851728439,0.9165534973144531,0.12006894499063492,2.8839123249053955
280,0.03320492058992386,0.9162554740905762,0.12048860639333725,2.890195846557617
281,0.03387663513422012,0.9159574508666992,0.12122301757335663,2.9013476371765137
282,0.03549288585782051,0.9156594276428223,0.12071841210126877,2.9053239822387695
283,0.03495439887046814,0.9153614044189453,0.11945943534374237,2.8670341968536377
284,0.03587959334254265,0.9150633811950684,0.12074839323759079,2.9003679752349854
285,0.030549049377441406,0.9147653579711914,0.1198391243815422,2.8740742206573486
286,0.03579643741250038,0.9144673347473145,0.12008392810821533,2.887500047683716
287,0.03670063987374306,0.9141693115234375,0.11946944147348404,2.8637731075286865
288,0.03110140562057495,0.9138712882995605,0.12087829411029816,2.9006125926971436
289,0.03126731514930725,0.9135732650756836,0.12030375748872757,2.883455991744995
290,0.02985137328505516,0.9132752418518066,0.11934951692819595,2.8687498569488525
291,0.033777445554733276,0.9129772186279297,0.12027379125356674,2.8855392932891846
292,0.036387357860803604,0.9126791954040527,0.11973422020673752,2.8672797679901123
293,0.033121995627880096,0.9123811721801758,0.11972422897815704,2.8778934478759766
294,0.03949255496263504,0.9120831489562988,0.11910471320152283,2.863112688064575
295,0.03137994557619095,0.9117851257324219,0.12032873928546906,2.8863422870635986
296,0.03267815336585045,0.9114871025085449,0.11974921077489853,2.8759803771972656
297,0.034717172384262085,0.911189079284668,0.12118803709745407,2.9017155170440674
298,0.03248041123151779,0.910891056060791,0.11944444477558136,2.869328498840332
299,0.032915666699409485,0.9105930328369141,0.12014389038085938,2.8855392932891846
300,0.03768129646778107,0.9102950096130371,0.12212729454040527,2.929656982421875
301,0.03912375122308731,0.9099969863891602,0.12087829411029816,2.9015047550201416
302,0.03084760531783104,0.9096989631652832,0.12065346539020538,2.899510145187378
303,0.03447771444916725,0.9094009399414062,0.12010891735553741,2.881366014480591
304,0.03663482517004013,0.9091029167175293,0.1203736960887909,2.8892157077789307
305,0.03271937370300293,0.9088048934936523,0.12090327590703964,2.904289484024048
306,0.03159518912434578,0.9085068702697754,0.11953938007354736,2.8649306297302246
307,0.036871738731861115,0.9082088470458984,0.11995403468608856,2.8818628787994385
308,0.028316279873251915,0.9079108238220215,0.121352918446064,2.9148285388946533
309,0.03801816701889038,0.9076128005981445,0.12119803577661514,2.9037036895751953
310,0.03424485772848129,0.9073147773742676,0.12073340266942978,2.900857925415039
311,0.030735773965716362,0.9070167541503906,0.12118306010961533,2.9067132472991943
312,0.03288370370864868,0.9067187309265137,0.12185251712799072,2.919975519180298
313,0.031175727024674416,0.9064207077026367,0.12086831033229828,2.8991425037384033
314,0.0318899005651474,0.9061226844787598,0.12051358819007874,2.896296262741089
315,0.02983539178967476,0.9058246612548828,0.12151778489351273,2.9234068393707275
316,0.032888177782297134,0.9055266380310059,0.11848520487546921,2.84375
317,0.03128143772482872,0.9052286148071289,0.12285172194242477,2.936805486679077
318,0.029051486402750015,0.904930591583252,0.1218225508928299,2.9283087253570557
319,0.03154761344194412,0.904632568359375,0.11982913315296173,2.87800931930542
320,0.031389329582452774,0.904334545135498,0.12246204167604446,2.94301438331604
321,0.03401808813214302,0.9040365219116211,0.12150279432535172,2.9095590114593506
322,0.033341940492391586,0.9037384986877441,0.12149279564619064,2.9156248569488525
323,0.03496304899454117,0.9034404754638672,0.1208433285355568,2.9040441513061523
324,0.03182043880224228,0.9031424522399902,0.12016386538743973,2.889338493347168
325,0.027467362582683563,0.9028444290161133,0.12105314433574677,2.8995370864868164
326,0.034847699105739594,0.9025464057922363,0.12047861516475677,2.888112783432007
327,0.03339674696326256,0.9022483825683594,0.12007895112037659,2.885300874710083
328,0.03450009599328041,0.9019503593444824,0.12073341757059097,2.8962011337280273
329,0.03265635669231415,0.9016523361206055,0.12117306888103485,2.9096810817718506
330,0.035774532705545425,0.9013543128967285,0.12053357809782028,2.8938660621643066
331,0.03140775114297867,0.9010562896728516,0.12155774980783463,2.9174020290374756
332,0.03189358860254288,0.9007582664489746,0.12058854103088379,2.8938727378845215
333,0.03248485177755356,0.9004602432250977,0.12058354914188385,2.8918979167938232
334,0.032681070268154144,0.9001622200012207,0.11917965859174728,2.867769718170166
335,0.0355546735227108,0.8998641967773438,0.12188249826431274,2.918402671813965
336,0.033859677612781525,0.8995661735534668,0.12065348029136658,2.8964459896087646
337,0.03482162952423096,0.8992681503295898,0.12184252589941025,2.917646884918213
338,0.03177191689610481,0.8989701271057129,0.12220223993062973,2.9384260177612305
339,0.03199592977762222,0.8986721038818359,0.1210581585764885,2.899509906768799
340,0.03424163535237312,0.898374080657959,0.12040367722511292,2.8982841968536377
341,0.03263716399669647,0.898076057434082,0.12083332240581512,2.8920140266418457
342,0.03357517719268799,0.8977780342102051,0.12142785638570786,2.9210784435272217
343,0.030581293627619743,0.8974800109863281,0.12150780111551285,2.9140045642852783
344,0.03279599919915199,0.8971819877624512,0.1211380735039711,2.903186321258545
345,0.0330551415681839,0.8968839645385742,0.12019384652376175,2.8855390548706055
346,0.0292675718665123,0.8965859413146973,0.12014387547969818,2.8881940841674805
347,0.02963980659842491,0.8962879180908203,0.12210730463266373,2.93272066116333
348,0.03106144443154335,0.8959898948669434,0.12090329080820084,2.9034314155578613
349,0.03488725796341896,0.8956918716430664,0.12279675900936127,2.9434025287628174
350,0.03625543415546417,0.8953938484191895,0.12076839059591293,2.8987743854522705
351,0.034799784421920776,0.8950958251953125,0.12154275923967361,2.913888692855835
352,0.03139275312423706,0.8947978019714355,0.12049860507249832,2.891298770904541
353,0.03510531783103943,0.8944997787475586,0.12246204167604446,2.93676495552063
354,0.03209763765335083,0.8942017555236816,0.12044864892959595,2.894907236099243
355,0.02947847917675972,0.8939037322998047,0.12167266756296158,2.916544198989868
356,0.03195718675851822,0.8936057090759277,0.1214328482747078,2.9169116020202637
357,0.034479767084121704,0.8933076858520508,0.12086330354213715,2.903472423553467
358,0.034996312111616135,0.8930096626281738,0.12094824016094208,2.892892360687256
359,0.03838134557008743,0.8927116394042969,0.12078338116407394,2.9068288803100586
360,0.03550223261117935,0.8924136161804199,0.12168765068054199,2.9178922176361084
361,0.033753663301467896,0.892115592956543,0.1221323013305664,2.9324753284454346
362,0.02893756702542305,0.891817569732666,0.12110311537981033,2.907754421234131
363,0.028033656999468803,0.8915195465087891,0.1217426061630249,2.9221813678741455
364,0.03290442377328873,0.8912215232849121,0.12211231142282486,2.9299023151397705
365,0.03509743884205818,0.8909235000610352,0.1227467954158783,2.9409725666046143
366,0.03056545928120613,0.8906254768371582,0.12141786515712738,2.9204657077789307
367,0.0333501473069191,0.8903274536132812,0.12157774716615677,2.9171297550201416
368,0.030888304114341736,0.8900294303894043,0.11981915682554245,2.8746323585510254
369,0.03263486549258232,0.8897314071655273,0.12143285572528839,2.909191370010376
370,0.029321281239390373,0.8894333839416504,0.12287169694900513,2.949768304824829
371,0.03381004557013512,0.8891353607177734,0.1197442039847374,2.8765931129455566
372,0.03451560065150261,0.8888373374938965,0.12154775857925415,2.9209558963775635
373,0.03136346489191055,0.8885393142700195,0.12045864015817642,2.882870674133301
374,0.03305833414196968,0.8882412910461426,0.12069845199584961,2.894852876663208
375,0.0375741571187973,0.8879432678222656,0.12157274037599564,2.9240739345550537
376,0.03314404562115669,0.8876452445983887,0.12141785770654678,2.908700942993164
377,0.032870203256607056,0.8873472213745117,0.121352918446064,2.91580867767334
378,0.030936507508158684,0.8870491981506348,0.12086330354213715,2.8995373249053955
379,0.03122038207948208,0.8867511749267578,0.12251698970794678,2.942769765853882
380,0.03092144802212715,0.8864531517028809,0.12191246449947357,2.9204654693603516
381,0.031490426510572433,0.8861551284790039,0.12130296975374222,2.9179396629333496
382,0.034570708870887756,0.885857105255127,0.12164768576622009,2.9221811294555664
383,0.029635325074195862,0.88555908203125,0.12184252589941025,2.9221065044403076
384,0.02797975018620491,0.885261058807373,0.12019884586334229,2.881495237350464
385,0.03043530322611332,0.8849630355834961,0.12128297984600067,2.910539150238037
386,0.03283588960766792,0.8846650123596191,0.12028377503156662,2.886805534362793
387,0.030377212911844254,0.8843669891357422,0.12090327590703964,2.895956039428711
388,0.028024472296237946,0.8840689659118652,0.12156274914741516,2.9276959896087646
389,0.0313589982688427,0.8837709426879883,0.1206834614276886,2.8966434001922607
390,0.02963194064795971,0.8834729194641113,0.12472522258758545,2.9943628311157227
391,0.03307776898145676,0.8831748962402344,0.12177758663892746,2.922685146331787
392,0.031104357913136482,0.8828768730163574,0.12279676645994186,2.947916269302368
393,0.02892015315592289,0.8825788497924805,0.12256194651126862,2.9377450942993164
394,0.034449052065610886,0.8822808265686035,0.12227717787027359,2.9375
395,0.03212174028158188,0.8819828033447266,0.12201238423585892,2.9289214611053467
396,0.03155875578522682,0.8816847801208496,0.12198740988969803,2.925980567932129
397,0.03255443274974823,0.8813867568969727,0.1226269006729126,2.945138931274414
398,0.02993471547961235,0.8810887336730957,0.12137790024280548,2.91102933883667
399,0.028246156871318817,0.8807907104492188,0.1214878186583519,2.916551113128662
400,0.03171083331108093,0.8804926872253418,0.122706837952137,2.9334557056427
401,0.030797787010669708,0.8801946640014648,0.12128797918558121,2.9216911792755127
402,0.02863653376698494,0.8798966407775879,0.12212729454040527,2.927199125289917
403,0.032558754086494446,0.8795986175537109,0.12187250703573227,2.9306371212005615
404,0.03201838582754135,0.879300594329834,0.12111310660839081,2.898406982421875
405,0.03073432296514511,0.879002571105957,0.1205085888504982,2.902430534362793
406,0.0361834280192852,0.8787045478820801,0.12255195528268814,2.9400737285614014
407,0.03951429948210716,0.8784065246582031,0.12224221229553223,2.9324071407318115
408,0.027753224596381187,0.8781085014343262,0.12214228510856628,2.933333158493042
409,0.031119415536522865,0.8778104782104492,0.12123802304267883,2.9138479232788086
410,0.031212111935019493,0.8775124549865723,0.12259691953659058,2.933333158493042
411,0.03522738814353943,0.8772144317626953,0.12232213467359543,2.9371323585510254
412,0.03471525385975838,0.8769164085388184,0.12108812481164932,2.9078431129455566
413,0.03603409230709076,0.8766183853149414,0.12231715768575668,2.9304397106170654
414,0.03144846856594086,0.8763203620910645,0.12206234782934189,2.9348039627075195
415,0.030370526015758514,0.8760223388671875,0.12135791778564453,2.91226863861084
416,0.028574518859386444,0.8757243156433105,0.12133293598890305,2.914461135864258
417,0.0315939299762249,0.8754262924194336,0.1230415552854538,2.9508581161499023
418,0.029970921576023102,0.8751282691955566,0.12050359696149826,2.890625
419,0.026174170896410942,0.8748302459716797,0.12184251844882965,2.9312500953674316
420,0.02964266948401928,0.8745322227478027,0.12175259739160538,2.9150733947753906
421,0.031366318464279175,0.8742341995239258,0.12229215353727341,2.9335649013519287
422,0.0351453460752964,0.8739361763000488,0.12139789015054703,2.910538911819458
423,0.03021036460995674,0.8736381530761719,0.1226269006729126,2.948611259460449
424,0.03312881290912628,0.8733401298522949,0.12342625856399536,2.966421365737915
425,0.030907118692994118,0.873042106628418,0.12184252589941025,2.914583206176758
426,0.027368780225515366,0.872744083404541,0.12306655198335648,2.956597328186035
427,0.03541770577430725,0.8724460601806641,0.12147781997919083,2.912745237350464
428,0.033877793699502945,0.8721480369567871,0.12262190878391266,2.95306396484375
429,0.02918676659464836,0.8718500137329102,0.12280675023794174,2.943171501159668
430,0.03731332719326019,0.8715519905090332,0.12106315046548843,2.8997552394866943
431,0.033866316080093384,0.8712539672851562,0.12335631996393204,2.9628474712371826
432,0.031237296760082245,0.8709559440612793,0.12380596250295639,2.968137264251709
433,0.034013595432043076,0.8706579208374023,0.12337630242109299,2.966176748275757
434,0.02977919951081276,0.8703598976135254,0.12244205176830292,2.9361112117767334
435,0.031016943976283073,0.8700618743896484,0.12201739102602005,2.9330883026123047
436,0.034863751381635666,0.8697638511657715,0.12252698093652725,2.932107925415039
437,0.03336286544799805,0.8694658279418945,0.12099819630384445,2.9086806774139404
438,0.030658908188343048,0.8691678047180176,0.12366605550050735,2.969975233078003
439,0.03130340948700905,0.8688697814941406,0.12236709892749786,2.9373841285705566
440,0.03061594069004059,0.8685717582702637,0.12277179211378098,2.941176414489746
441,0.029853960499167442,0.8682737350463867,0.12309151887893677,2.962132453918457
442,0.027886953204870224,0.8679757118225098,0.12370103597640991,2.9666669368743896
443,0.03067639470100403,0.8676776885986328,0.12157274037599564,2.91164231300354
444,0.029270410537719727,0.8673796653747559,0.12342625856399536,2.9636030197143555
445,0.026576846837997437,0.8670816421508789,0.12093324959278107,2.904050827026367
446,0.029320668429136276,0.866783618927002,0.121702641248703,2.927205801010132
447,0.03013642504811287,0.866485595703125,0.1229366585612297,2.946990489959717
448,0.029227154329419136,0.866187572479248,0.12213727831840515,2.931985378265381
449,0.028680212795734406,0.8658895492553711,0.1224520355463028,2.9388482570648193
450,0.026218760758638382,0.8655915260314941,0.12296663224697113,2.95011568069458
451,0.03222859650850296,0.8652935028076172,0.12307653576135635,2.94840669631958
452,0.02977408841252327,0.8649954795837402,0.12230714410543442,2.94227933883667
453,0.030069753527641296,0.8646974563598633,0.12260691821575165,2.9399304389953613
454,0.02951916679739952,0.8643994331359863,0.12307153642177582,2.9558823108673096
455,0.03317403793334961,0.8641014099121094,0.12149279564619064,2.9160878658294678
456,0.028700778260827065,0.8638033866882324,0.12203236669301987,2.9281864166259766
457,0.02912905439734459,0.8635053634643555,0.12169763445854187,2.923651933670044
458,0.03155684843659401,0.8632073402404785,0.12123800814151764,2.9071760177612305
459,0.028127696365118027,0.8629093170166016,0.12224719673395157,2.9317402839660645
460,0.02754008024930954,0.8626112937927246,0.12337132543325424,2.9583332538604736
461,0.028740443289279938,0.8623132705688477,0.1229216679930687,2.95011568069458
462,0.033277105540037155,0.8620152473449707,0.12205235660076141,2.935661792755127
463,0.03164560720324516,0.8617172241210938,0.12389589101076126,2.9712960720062256
464,0.030371515080332756,0.8614192008972168,0.12369603663682938,2.9678919315338135
465,0.029330484569072723,0.8611211776733398,0.12362111359834671,2.962622880935669
466,0.027898075059056282,0.8608231544494629,0.12420064955949783,2.985184907913208
467,0.03150847181677818,0.8605251312255859,0.123056560754776,2.9577205181121826
468,0.028589947149157524,0.860227108001709,0.12211231887340546,2.9174020290374756
469,0.029316607862710953,0.859929084777832,0.12443044781684875,2.9934024810791016
470,0.03165255859494209,0.8596310615539551,0.12273181974887848,2.950122594833374
471,0.032517097890377045,0.8593330383300781,0.12381094694137573,2.9662036895751953
472,0.029911953955888748,0.8590350151062012,0.12377098202705383,2.970097780227661
473,0.03151007741689682,0.8587369918823242,0.1233912780880928,2.9655635356903076
474,0.027405738830566406,0.8584389686584473,0.12382595241069794,2.9651620388031006
475,0.02994472347199917,0.8581409454345703,0.1237809807062149,2.962132453918457
476,0.032206907868385315,0.8578429222106934,0.12246204167604446,2.947181463241577
477,0.030433394014835358,0.8575448989868164,0.12282174080610275,2.9520833492279053
478,0.027313651517033577,0.8572468757629395,0.12263689935207367,2.942401647567749
479,0.03208547830581665,0.8569488525390625,0.12239208817481995,2.9379632472991943
480,0.02876545488834381,0.8566508293151855,0.1237809807062149,2.9628679752349854
481,0.032849445939064026,0.8563528060913086,0.12336629629135132,2.9731619358062744
482,0.030414272099733353,0.8560547828674316,0.12377098202705383,2.961111068725586
483,0.03021611087024212,0.8557567596435547,0.12205235660076141,2.9300243854522705
484,0.029710257425904274,0.8554587364196777,0.1222521960735321,2.9346814155578613
485,0.02919068932533264,0.8551607131958008,0.12345124036073685,2.96608829498291
486,0.030869804322719574,0.8548626899719238,0.12305154651403427,2.953676700592041
487,0.029359636828303337,0.8545646667480469,0.12415067851543427,2.977546453475952
488,0.02671349048614502,0.8542666435241699,0.12473522126674652,2.9877450466156006
489,0.030685899779200554,0.853968620300293,0.12373600900173187,2.972916603088379
490,0.029600443318486214,0.853670597076416,0.1244504377245903,2.9880785942077637
491,0.03183852136135101,0.8533725738525391,0.12281674891710281,2.944117784500122
492,0.03395778685808182,0.8530745506286621,0.12226220220327377,2.941789150238037
493,0.033838462084531784,0.8527765274047852,0.12393586337566376,2.9708333015441895
494,0.02578534558415413,0.8524785041809082,0.12346621602773666,2.9700982570648193
495,0.031299933791160583,0.8521804809570312,0.12285672873258591,2.9422454833984375
496,0.029379356652498245,0.8518824577331543,0.1243305429816246,2.979534387588501
497,0.03518161177635193,0.8515844345092773,0.12288668751716614,2.951225519180298
498,0.029200734570622444,0.8512864112854004,0.12232712656259537,2.937962770462036
499,0.03158343955874443,0.8509883880615234,0.12194246053695679,2.9332103729248047
500,0.030917510390281677,0.8506903648376465,0.1245303824543953,2.980882167816162
501,0.0284487996250391,0.8503923416137695,0.12340626865625381,2.9633102416992188
502,0.025340503081679344,0.8500943183898926,0.12444545328617096,2.989706039428711
503,0.02943972311913967,0.8497962951660156,0.12334632873535156,2.958796501159668
504,0.03069860115647316,0.8494982719421387,0.12421062588691711,2.9817399978637695
505,0.031298767775297165,0.8492002487182617,0.12385091930627823,2.9674017429351807
506,0.03034009039402008,0.8489022254943848,0.12290167808532715,2.954282522201538
507,0.03209884092211723,0.8486042022705078,0.12370103597640991,2.9725492000579834
508,0.03187866881489754,0.8483061790466309,0.12239208817481995,2.940073251724243
509,0.032937899231910706,0.8480081558227539,0.12447044253349304,2.9853010177612305
510,0.03231529891490936,0.847710132598877,0.12369105219841003,2.96262264251709
511,0.028748488053679466,0.847412109375,0.1225869432091713,2.9437501430511475
512,0.03235704451799393,0.847114086151123,0.12464029341936111,2.9914214611053467
513,0.03214258328080177,0.8468160629272461,0.12403576821088791,2.9756128787994385
514,0.03138422220945358,0.8465180397033691,0.1247851699590683,2.9937498569488525
515,0.03333835303783417,0.8462200164794922,0.12458033859729767,2.990318775177002
516,0.03173743933439255,0.8459219932556152,0.12443544715642929,2.9808826446533203
517,0.03273499757051468,0.8456239700317383,0.1247451975941658,2.9990742206573486
518,0.029501352459192276,0.8453259468078613,0.12263689935207367,2.9390931129455566
519,0.03380919247865677,0.8450279235839844,0.12345124036073685,2.9680557250976562
520,0.030771035701036453,0.8447299003601074,0.12298162281513214,2.9504902362823486
521,0.033721208572387695,0.8444318771362305,0.12327637523412704,2.9601714611053467
522,0.03048858605325222,0.8441338539123535,0.12332134693861008,2.956944465637207
523,0.029565859586000443,0.8438358306884766,0.12383594363927841,2.9805147647857666
524,0.030194301158189774,0.8435378074645996,0.125014990568161,2.994117498397827
525,0.0279295202344656,0.8432397842407227,0.12359611690044403,2.9663193225860596
526,0.027680356055498123,0.8429417610168457,0.123296357691288,2.958456039428711
527,0.02995321713387966,0.8426437377929688,0.12354616820812225,2.966435194015503
528,0.03124982677400112,0.8423457145690918,0.12326639145612717,2.9637253284454346
529,0.027071787044405937,0.8420476913452148,0.12315148115158081,2.951470136642456
530,0.02973005175590515,0.8417496681213379,0.12296663224697113,2.948495388031006
531,0.029874155297875404,0.8414516448974609,0.1248251423239708,2.9900736808776855
532,0.02957841567695141,0.841153621673584,0.1241157129406929,2.9810049533843994
533,0.0307428278028965,0.840855598449707,0.1228417307138443,2.957407236099243
534,0.032314300537109375,0.8405575752258301,0.1219973936676979,2.929656982421875
535,0.03218996524810791,0.8402595520019531,0.12425559014081955,2.9765045642852783
536,0.034495145082473755,0.8399615287780762,0.12372101843357086,2.9713237285614014
537,0.0291155856102705,0.8396635055541992,0.12395083904266357,2.9659316539764404
538,0.03218821436166763,0.8393654823303223,0.12340126931667328,2.9650464057922363
539,0.027722936123609543,0.8390674591064453,0.12346123158931732,2.968137502670288
540,0.02812642976641655,0.8387694358825684,0.12371602654457092,2.9666666984558105
541,0.030155295506119728,0.8384714126586914,0.12314647436141968,2.95914363861084
542,0.030339881777763367,0.8381733894348145,0.12399579584598541,2.9745097160339355
543,0.029332883656024933,0.8378753662109375,0.1248251423239708,2.9940969944000244
544,0.032984521239995956,0.8375773429870605,0.12522980570793152,3.009681463241577
545,0.030616451054811478,0.8372793197631836,0.12358114123344421,2.954901933670044
546,0.033784687519073486,0.8369812965393066,0.12358612567186356,2.97326397895813
547,0.02867250144481659,0.8366832733154297,0.1228267252445221,2.944852590560913
548,0.03405269607901573,0.8363852500915527,0.123056560754776,2.9504902362823486
549,0.03194335103034973,0.8360872268676758,0.12424559891223907,2.9886577129364014
550,0.029739974066615105,0.8357892036437988,0.12378596514463425,2.968259811401367
551,0.026791200041770935,0.8354911804199219,0.12479016929864883,2.9942128658294678
552,0.026255479082465172,0.8351931571960449,0.12307653576135635,2.9582107067108154
553,0.03140383958816528,0.834895133972168,0.12432553619146347,2.974632740020752
554,0.028260473161935806,0.834597110748291,0.12426058948040009,2.985532522201538
555,0.03203456476330757,0.8342990875244141,0.12327637523412704,2.957230567932129
556,0.0293123722076416,0.8340010643005371,0.12312648445367813,2.9623773097991943
557,0.030080413445830345,0.8337030410766602,0.12553957104682922,3.0012731552124023
558,0.030592259019613266,0.8334050178527832,0.12356115132570267,2.9694855213165283
559,0.030151935294270515,0.8331069946289062,0.12426558881998062,2.98287034034729
560,0.028562134131789207,0.8328089714050293,0.12357113510370255,2.9653189182281494
561,0.030804719775915146,0.8325109481811523,0.12323641031980515,2.9600491523742676
562,0.027224963530898094,0.8322129249572754,0.12567946314811707,3.0097224712371826
563,0.03093172237277031,0.8319149017333984,0.1232164278626442,2.950735330581665
564,0.027810636907815933,0.8316168785095215,0.12222722172737122,2.9359071254730225
565,0.02957264706492424,0.8313188552856445,0.12487509846687317,2.999189853668213
566,0.026728186756372452,0.8310208320617676,0.12269184738397598,2.9473040103912354
567,0.02998320199549198,0.8307228088378906,0.12328138202428818,2.958448886871338
568,0.03236624225974083,0.8304247856140137,0.12579436600208282,3.0208332538604736
569,0.029776807874441147,0.8301267623901367,0.12558454275131226,3.01495099067688
570,0.028597742319107056,0.8298287391662598,0.12491507083177567,2.9959490299224854
571,0.0309198759496212,0.8295307159423828,0.12379597127437592,2.975980281829834
572,0.03518800437450409,0.8292326927185059,0.12502998113632202,2.989215612411499
573,0.032843418419361115,0.8289346694946289,0.12204236537218094,2.93900465965271
574,0.029244372621178627,0.828636646270752,0.12559951841831207,3.0105390548706055
575,0.032968852669000626,0.828338623046875,0.12338130176067352,2.9648149013519287
576,0.03150903061032295,0.828040599822998,0.12486010789871216,2.9974262714385986
577,0.030953718349337578,0.8277425765991211,0.12498502433300018,2.9941179752349854
578,0.029062902554869652,0.8274445533752441,0.12197241932153702,2.9300928115844727
579,0.03270050138235092,0.8271465301513672,0.12323641031980515,2.96262264251709
580,0.02952781319618225,0.8268485069274902,0.12383594363927841,2.972426414489746
581,0.029459921643137932,0.8265504837036133,0.12285172194242477,2.9475693702697754
582,0.029586046934127808,0.8262524604797363,0.12424062192440033,2.979044198989868
583,0.02840065211057663,0.8259544372558594,0.12464527785778046,2.994328737258911
584,0.028146233409643173,0.8256564140319824,0.1247052550315857,2.9905638694763184
585,0.03137631714344025,0.8253583908081055,0.1250399649143219,3.0033087730407715
586,0.03392666578292847,0.8250603675842285,0.1227618008852005,2.9498841762542725
587,0.028804238885641098,0.8247623443603516,0.12462031096220016,2.9865195751190186
588,0.02895434759557247,0.8244643211364746,0.12463030219078064,2.988602876663208
589,0.031189315021038055,0.8241662979125977,0.1228816881775856,2.952662229537964
590,0.029381919652223587,0.8238682746887207,0.12391086667776108,2.979534387588501
591,0.029268627986311913,0.8235702514648438,0.12427058815956116,2.979745388031006
592,0.029624328017234802,0.8232722282409668,0.12547463178634644,3.007230281829834
593,0.03102569468319416,0.8229742050170898,0.12559950351715088,3.021569013595581
594,0.0300661139190197,0.8226761817932129,0.12429555505514145,2.97986102104187
595,0.027132708579301834,0.8223781585693359,0.12441547214984894,2.987499713897705
596,0.02970905229449272,0.822080135345459,0.12484011799097061,2.991666793823242
597,0.030775003135204315,0.821782112121582,0.12543964385986328,3.011805534362793
598,0.02595798671245575,0.8214840888977051,0.125094935297966,3.0056374073028564
599,0.02824546955525875,0.8211860656738281,0.12577438354492188,3.01712965965271
600,0.031063193455338478,0.8208880424499512,0.12420562654733658,2.9811275005340576
601,0.03190853074193001,0.8205900192260742,0.1254146695137024,3.011397123336792
602,0.0322527214884758,0.8202919960021973,0.12470024079084396,2.9918978214263916
603,0.027302587404847145,0.8199939727783203,0.12545962631702423,3.008333444595337
604,0.03260445594787598,0.8196959495544434,0.12497501820325851,2.99926495552063
605,0.026559457182884216,0.8193979263305664,0.12448541074991226,2.992013931274414
606,0.028417613357305527,0.8190999031066895,0.12607914209365845,3.019240379333496
607,0.029825611039996147,0.8188018798828125,0.12382593750953674,2.9780092239379883
608,0.02817995473742485,0.8185038566589355,0.12409571558237076,2.975367784500122
609,0.030985385179519653,0.8182058334350586,0.12462029606103897,2.990318536758423
610,0.03144107013940811,0.8179078102111816,0.12196742743253708,2.9346065521240234
611,0.028641892597079277,0.8176097869873047,0.12553957104682922,3.001715660095215
612,0.029825787991285324,0.8173117637634277,0.1264488399028778,3.037867546081543
613,0.030664479359984398,0.8170137405395508,0.1222122311592102,2.9410877227783203
614,0.027104781940579414,0.8167157173156738,0.12427058070898056,2.989706039428711
615,0.029161231592297554,0.8164176940917969,0.12421563267707825,2.9754629135131836
616,0.03151385486125946,0.8161196708679199,0.12588928639888763,3.0202205181121826
617,0.027157234027981758,0.815821647644043,0.12763787806034088,3.0633578300476074
618,0.0318586528301239,0.815523624420166,0.12456034868955612,2.993171453475952
619,0.02974880114197731,0.8152256011962891,0.12565447390079498,3.012500047683716
620,0.032636258751153946,0.8149275779724121,0.12485512346029282,2.9965686798095703
621,0.02891968935728073,0.8146295547485352,0.12342125922441483,2.9670138359069824
622,0.0272127166390419,0.8143315315246582,0.12481015175580978,2.989705801010132
623,0.032340556383132935,0.8140335083007812,0.12534473836421967,3.0123841762542725
624,0.030094999819993973,0.8137354850769043,0.1239958107471466,2.980269432067871
625,0.02928304113447666,0.8134374618530273,0.12705835700035095,3.0332109928131104
626,0.029133493080735207,0.8131394386291504,0.1254696249961853,3.022569417953491
627,0.030090756714344025,0.8128414154052734,0.12391088157892227,2.9685049057006836
628,0.029241859912872314,0.8125433921813965,0.12425059825181961,2.989215612411499
629,0.03424394875764847,0.8122453689575195,0.12467527389526367,2.987847328186035
630,0.02890777960419655,0.8119473457336426,0.12520983815193176,3.008333444595337
631,0.0293344184756279,0.8116493225097656,0.12434054166078568,2.983680486679077
632,0.027675120159983635,0.8113512992858887,0.12451539188623428,2.983210802078247
633,0.029903661459684372,0.8110532760620117,0.1258593052625656,3.0262255668640137
634,0.026806635782122612,0.8107552528381348,0.12354616820812225,2.964583396911621
635,0.027282441034913063,0.8104572296142578,0.12636391818523407,3.0299017429351807
636,0.02779575064778328,0.8101592063903809,0.1250249743461609,2.995710849761963
637,0.026955779641866684,0.8098611831665039,0.12468025088310242,2.9997682571411133
638,0.028313325718045235,0.809563159942627,0.12491507083177567,3.0088233947753906
639,0.025718901306390762,0.80926513671875,0.12468526512384415,2.984722375869751
640,0.029472971335053444,0.808967113494873,0.12598422169685364,3.0224266052246094
641,0.030507447198033333,0.8086690902709961,0.12538470327854156,3.007720708847046
642,0.028575656935572624,0.8083710670471191,0.12518484890460968,3.0037038326263428
643,0.02764604054391384,0.8080730438232422,0.12483014166355133,3.011397361755371
644,0.032585177570581436,0.8077750205993652,0.12552958726882935,3.001837968826294
645,0.0274572242051363,0.8074769973754883,0.12452037632465363,2.986227035522461
646,0.025883987545967102,0.8071789741516113,0.12601420283317566,3.030637502670288
647,0.02799535170197487,0.8068809509277344,0.12506495416164398,2.998379707336426
648,0.02829388529062271,0.8065829277038574,0.12535971403121948,3.0022058486938477
649,0.030036380514502525,0.8062849044799805,0.12442047148942947,2.9922797679901123
650,0.032374776899814606,0.8059868812561035,0.12524479627609253,3.008680582046509
651,0.029290061444044113,0.8056888580322266,0.12544465065002441,3.0034313201904297
652,0.02910488098859787,0.8053908348083496,0.12614409625530243,3.034313678741455
653,0.02895822934806347,0.8050928115844727,0.12582933902740479,3.0115740299224854
654,0.032742761075496674,0.8047947883605957,0.12444543838500977,2.9968135356903076
655,0.031398553401231766,0.8044967651367188,0.12437549978494644,2.981597423553467
656,0.024426544085144997,0.8041987419128418,0.12465027719736099,2.981862783432007
657,0.028445720672607422,0.8039007186889648,0.12661370635032654,3.037867546081543
658,0.029339388012886047,0.8036026954650879,0.12457533925771713,2.998032808303833
659,0.0275166854262352,0.8033046722412109,0.12514488399028778,3.006005048751831
660,0.027428938075900078,0.803006649017334,0.12536971271038055,3.011397123336792
661,0.027748476713895798,0.802708625793457,0.12679356336593628,3.038078784942627
662,0.02712514065206051,0.8024106025695801,0.12467025965452194,3.004901885986328
663,0.026878722012043,0.8021125793457031,0.12438049912452698,2.9751157760620117
664,0.029300987720489502,0.8018145561218262,0.12512989342212677,3.004657030105591
665,0.02910354733467102,0.8015165328979492,0.12628395855426788,3.0225491523742676
666,0.029163705185055733,0.8012185096740723,0.12535472214221954,3.0131945610046387
667,0.030366040766239166,0.8009204864501953,0.12591426074504852,3.022916555404663
668,0.02938721887767315,0.8006224632263184,0.12600919604301453,3.0316176414489746
669,0.030382219702005386,0.8003244400024414,0.12486012279987335,2.990046501159668
670,0.029240436851978302,0.8000264167785645,0.12546463310718536,3.0165441036224365
671,0.028418898582458496,0.7997283935546875,0.12447541952133179,2.9848382472991943
672,0.030489560216665268,0.7994303703308105,0.12443546205759048,2.987990379333496
673,0.027556944638490677,0.7991323471069336,0.12447042018175125,2.9810049533843994
674,0.02670164406299591,0.7988343238830566,0.12464529275894165,2.9957172870635986
675,0.027702264487743378,0.7985363006591797,0.12521983683109283,2.9991421699523926
676,0.030480198562145233,0.7982382774353027,0.12615907192230225,3.029902219772339
677,0.029373852536082268,0.7979402542114258,0.12494003772735596,3.0016205310821533
678,0.03010665625333786,0.7976422309875488,0.1248800978064537,2.992156982421875
679,0.030054399743676186,0.7973442077636719,0.1260841190814972,3.03125
680,0.032331690192222595,0.7970461845397949,0.12552958726882935,3.0079658031463623
681,0.02956502139568329,0.796748161315918,0.1250249743461609,2.999509811401367
682,0.02985106036067009,0.796450138092041,0.12559950351715088,3.0185184478759766
683,0.02612810768187046,0.7961521148681641,0.1248651072382927,3.000490188598633
684,0.0256846584379673,0.7958540916442871,0.1268235445022583,3.032597780227661
685,0.02742718905210495,0.7955560684204102,0.12531475722789764,3.021296262741089
686,0.02764471247792244,0.7952580451965332,0.12665368616580963,3.0339460372924805
687,0.025950025767087936,0.7949600219726562,0.12413570284843445,2.981250047683716
688,0.028267093002796173,0.7946619987487793,0.12656375765800476,3.0484066009521484
689,0.02999219298362732,0.7943639755249023,0.12430556118488312,2.9707109928131104
690,0.028784601017832756,0.7940659523010254,0.12598919868469238,3.025115728378296
691,0.027597520500421524,0.7937679290771484,0.12530475854873657,3.002328634262085
692,0.02643357589840889,0.7934699058532715,0.12519484758377075,3.0057597160339355
693,0.027989031746983528,0.7931718826293945,0.1262340247631073,3.028587818145752
694,0.02865452505648136,0.7928738594055176,0.12713828682899475,3.052205801010132
695,0.02604811266064644,0.7925758361816406,0.12489010393619537,3.00150465965271
696,0.026748880743980408,0.7922778129577637,0.12471521645784378,2.996445894241333
697,0.02947687730193138,0.7919797897338867,0.12703837454319,3.0350492000579834
698,0.026225820183753967,0.7916817665100098,0.1250799298286438,3.0138888359069824
699,0.029392490163445473,0.7913837432861328,0.12688349187374115,3.0352942943573
700,0.027346424758434296,0.7910857200622559,0.12573941051959991,3.029289484024048
701,0.02691015973687172,0.7907876968383789,0.1251598745584488,2.9998841285705566
702,0.02703750506043434,0.790489673614502,0.12696343660354614,3.0537991523742676
703,0.027268901467323303,0.790191650390625,0.1274380385875702,3.0535876750946045
704,0.028688667342066765,0.789893627166748,0.12493006139993668,2.9974262714385986
705,0.027194499969482422,0.7895956039428711,0.1261141151189804,3.0248775482177734
706,0.025869209319353104,0.7892975807189941,0.12580935657024384,3.0216434001922607
707,0.03173455595970154,0.7889995574951172,0.12630395591259003,3.023406982421875
708,0.0274574626237154,0.7887015342712402,0.12578937411308289,3.020465612411499
709,0.028904695063829422,0.7884035110473633,0.12475019693374634,3.003009080886841
710,0.028960229828953743,0.7881054878234863,0.12646883726119995,3.034926414489746
711,0.026968255639076233,0.7878074645996094,0.12571942806243896,3.0162038803100586
712,0.025523055344820023,0.7875094413757324,0.12590427696704865,3.0188724994659424
713,0.02698720619082451,0.7872114181518555,0.12329135835170746,2.9654412269592285
714,0.02705952897667885,0.7869133949279785,0.12586930394172668,3.014930486679077
715,0.029156262055039406,0.7866153717041016,0.1268385350704193,3.039583444595337
716,0.02993038296699524,0.7863173484802246,0.12535472214221954,3.0121326446533203
717,0.0270193163305521,0.7860193252563477,0.12535971403121948,3.0123844146728516
718,0.026844721287488937,0.7857213020324707,0.12569944560527802,3.01495099067688
719,0.024832405149936676,0.7854232788085938,0.1256444901227951,3.016319513320923
720,0.03011183999478817,0.7851252555847168,0.12614908814430237,3.027083396911621
721,0.02807283028960228,0.7848272323608398,0.1255245804786682,3.0129902362823486
722,0.03032800368964672,0.7845292091369629,0.12519484758377075,3.0054399967193604
723,0.02945837937295437,0.7842311859130859,0.12817247211933136,3.06727933883667
724,0.025882771238684654,0.783933162689209,0.12532475590705872,3.0117647647857666
725,0.027901751920580864,0.783635139465332,0.12751299142837524,3.059028148651123
726,0.026408985257148743,0.7833371162414551,0.12607413530349731,3.033578634262085
727,0.027862096205353737,0.7830390930175781,0.1260341852903366,3.0226852893829346
728,0.024443244561553,0.7827410697937012,0.12717825174331665,3.0507352352142334
729,0.025890886783599854,0.7824430465698242,0.12608912587165833,3.0243871212005615
730,0.02742178924381733,0.7821450233459473,0.1260841339826584,3.0298612117767334
731,0.02495752088725567,0.7818470001220703,0.12606915831565857,3.0235297679901123
732,0.026202309876680374,0.7815489768981934,0.1272132247686386,3.056985378265381
733,0.028975320979952812,0.7812509536743164,0.12570442259311676,3.012847423553467
734,0.02779027260839939,0.7809529304504395,0.12792767584323883,3.069239854812622
735,0.025905761867761612,0.7806549072265625,0.12504495680332184,3.006944417953491
736,0.02633802965283394,0.7803568840026855,0.12656375765800476,3.0381128787994385
737,0.026542626321315765,0.7800588607788086,0.12634892761707306,3.0267159938812256
738,0.028241749852895737,0.7797608375549316,0.1281374990940094,3.074652671813965
739,0.025969315320253372,0.7794628143310547,0.1267835646867752,3.0471813678741455
740,0.027748992666602135,0.7791647911071777,0.12688349187374115,3.040196180343628
741,0.027110006660223007,0.7788667678833008,0.1265137940645218,3.044560194015503
742,0.028370024636387825,0.7785687446594238,0.1285771280527115,3.081740140914917
743,0.027738496661186218,0.7782707214355469,0.12807753682136536,3.0741899013519287
744,0.02570793405175209,0.7779726982116699,0.1267286092042923,3.0453431606292725
745,0.026855966076254845,0.777674674987793,0.12865206599235535,3.0819852352142334
746,0.025655783712863922,0.777376651763916,0.12717826664447784,3.04953670501709
747,0.027118245139718056,0.7770786285400391,0.12621404230594635,3.032965898513794
748,0.023908786475658417,0.7767806053161621,0.12756794691085815,3.0560052394866943
749,0.027565883472561836,0.7764825820922852,0.12657874822616577,3.0481481552124023
750,0.026021653786301613,0.7761845588684082,0.12602916359901428,3.013970375061035
751,0.026224086061120033,0.7758865356445312,0.12630896270275116,3.0383102893829346
752,0.025717701762914658,0.7755885124206543,0.1264488250017166,3.037132740020752
753,0.02738221548497677,0.7752904891967773,0.12716327607631683,3.0477941036224365
754,0.025224076583981514,0.7749924659729004,0.1279776245355606,3.0723378658294678
755,0.027835361659526825,0.7746944427490234,0.12756794691085815,3.0617644786834717
756,0.02905968204140663,0.7743964195251465,0.126273974776268,3.033578395843506
757,0.02798072248697281,0.7740983963012695,0.12705335021018982,3.036921262741089
758,0.025813667103648186,0.7738003730773926,0.12563949823379517,3.029412031173706
759,0.02855122834444046,0.7735023498535156,0.12545962631702423,3.0074071884155273
760,0.023234233260154724,0.7732043266296387,0.12603916227817535,3.02647066116333
761,0.025966346263885498,0.7729063034057617,0.12689349055290222,3.0359065532684326
762,0.025025999173521996,0.7726082801818848,0.12624900043010712,3.037731647491455
763,0.027690988034009933,0.7723102569580078,0.12675859034061432,3.0387256145477295
764,0.024594752117991447,0.7720122337341309,0.12726318836212158,3.0470588207244873
765,0.024312108755111694,0.7717142105102539,0.12694844603538513,3.05983829498291
766,0.023971691727638245,0.771416187286377,0.12785270810127258,3.0665442943573
767,0.02324565127491951,0.7711181640625,0.12681853771209717,3.043055534362793
768,0.029162194579839706,0.770820140838623,0.12641386687755585,3.033088207244873
769,0.027038320899009705,0.7705221176147461,0.12625400722026825,3.0313727855682373
770,0.025595374405384064,0.7702240943908691,0.12556953728199005,3.013425827026367
771,0.026779217645525932,0.7699260711669922,0.12832234799861908,3.0724263191223145
772,0.026519762352108955,0.7696280479431152,0.12605415284633636,3.030637264251709
773,0.02662551961839199,0.7693300247192383,0.12710832059383392,3.048032522201538
774,0.024478616192936897,0.7690320014953613,0.12654876708984375,3.0359065532684326
775,0.02741888538002968,0.7687339782714844,0.12814249098300934,3.080324172973633
776,0.02478388510644436,0.7684359550476074,0.12789767980575562,3.0602943897247314
777,0.02718655951321125,0.7681379318237305,0.12638390064239502,3.04142165184021
778,0.026520296931266785,0.7678399085998535,0.12876199185848236,3.0883102416992188
779,0.026984985917806625,0.7675418853759766,0.12677857279777527,3.03737735748291
780,0.023693755269050598,0.7672438621520996,0.12710332870483398,3.0579657554626465
781,0.025286708027124405,0.7669458389282227,0.12831735610961914,3.0771992206573486
782,0.02642824500799179,0.7666478157043457,0.12798760831356049,3.07193660736084
783,0.02339247614145279,0.7663497924804688,0.1272781640291214,3.055555582046509
784,0.025636445730924606,0.7660517692565918,0.12807254493236542,3.0710787773132324
785,0.025529783219099045,0.7657537460327148,0.12703336775302887,3.051102876663208
786,0.028914470225572586,0.7654557228088379,0.12748299539089203,3.0570602416992188
787,0.025591501966118813,0.7651576995849609,0.12901179492473602,3.094975471496582
788,0.024326009675860405,0.764859676361084,0.12593424320220947,3.026592969894409
789,0.025583479553461075,0.764561653137207,0.12780776619911194,3.0615739822387695
790,0.02502068318426609,0.7642636299133301,0.12720322608947754,3.0665442943573
791,0.02722572535276413,0.7639656066894531,0.1283523142337799,3.072453737258911
792,0.02438168041408062,0.7636675834655762,0.1284172683954239,3.0857841968536377
793,0.024681923910975456,0.7633695602416992,0.12669864296913147,3.039828062057495
794,0.024221224710345268,0.7630715370178223,0.12717826664447784,3.0462963581085205
795,0.025631243363022804,0.7627735137939453,0.12889190018177032,3.098039150238037
796,0.0250119399279356,0.7624754905700684,0.12748801708221436,3.0590689182281494
797,0.026109492406249046,0.7621774673461914,0.12920163571834564,3.0923609733581543
798,0.025551309809088707,0.7618794441223145,0.12767286598682404,3.0723040103912354
799,0.025282565504312515,0.7615814208984375,0.1269684135913849,3.047685146331787
800,0.024619262665510178,0.7612833976745605,0.12871702015399933,3.0887255668640137
801,0.02536287158727646,0.7609853744506836,0.1276678740978241,3.0628676414489746
802,0.02420593611896038,0.7606873512268066,0.1282174289226532,3.073611259460449
803,0.025656310841441154,0.7603893280029297,0.12719325721263885,3.0537991523742676
804,0.0236038938164711,0.7600913047790527,0.12760792672634125,3.0682597160339355
805,0.023576999083161354,0.7597932815551758,0.12725819647312164,3.055671453475952
806,0.02637295424938202,0.7594952583312988,0.12787270545959473,3.0591909885406494
807,0.023777423426508904,0.7591972351074219,0.127023383975029,3.0557870864868164
808,0.026608796790242195,0.7588992118835449,0.12802757322788239,3.072181463241577
809,0.027697622776031494,0.758601188659668,0.12671862542629242,3.043259620666504
810,0.023079222068190575,0.758303165435791,0.12758293747901917,3.059143304824829
811,0.025207869708538055,0.7580051422119141,0.12814247608184814,3.0802695751190186
812,0.027490656822919846,0.7577071189880371,0.12701837718486786,3.04142165184021
813,0.0242373775690794,0.7574090957641602,0.12810251116752625,3.073611259460449
814,0.025418439880013466,0.7571110725402832,0.1289268583059311,3.091176748275757
815,0.02660408616065979,0.7568130493164062,0.12660372257232666,3.0465281009674072
816,0.026734396815299988,0.7565150260925293,0.12796762585639954,3.075000047683716
817,0.02632184885442257,0.7562170028686523,0.12857213616371155,3.073774814605713
818,0.025132933631539345,0.7559189796447754,0.12895183265209198,3.0993058681488037
819,0.023947635665535927,0.7556209564208984,0.1284172683954239,3.086397171020508
820,0.024433722719550133,0.7553229331970215,0.12728318572044373,3.0531861782073975
821,0.025440877303481102,0.7550249099731445,0.12819746136665344,3.0737268924713135
822,0.02682320587337017,0.7547268867492676,0.12892186641693115,3.094975471496582
823,0.02763066068291664,0.7544288635253906,0.12742306292057037,3.0611109733581543
824,0.02381422184407711,0.7541308403015137,0.12818746268749237,3.079166889190674
825,0.025574227795004845,0.7538328170776367,0.12764789164066315,3.0707106590270996
826,0.02473611570894718,0.7535347938537598,0.12913168966770172,3.087615966796875
827,0.023131627589464188,0.7532367706298828,0.1279776245355606,3.0718138217926025
828,0.02474440261721611,0.7529387474060059,0.12557452917099,3.0214459896087646
829,0.025575384497642517,0.7526407241821289,0.12857714295387268,3.0726852416992188
830,0.023601477965712547,0.752342700958252,0.12709832191467285,3.0560052394866943
831,0.024994319304823875,0.752044677734375,0.12799760699272156,3.071296453475952
832,0.022960897535085678,0.751746654510498,0.1274929940700531,3.0584561824798584
833,0.027015987783670425,0.7514486312866211,0.1285921335220337,3.0813724994659424
834,0.026372678577899933,0.7511506080627441,0.12865208089351654,3.09074068069458
835,0.026275716722011566,0.7508525848388672,0.1280175745487213,3.0753676891326904
836,0.0261355172842741,0.7505545616149902,0.127118319272995,3.0495100021362305
837,0.02604445070028305,0.7502565383911133,0.12793265283107758,3.071990489959717
838,0.026158742606639862,0.7499585151672363,0.12864208221435547,3.0911762714385986
839,0.023868756368756294,0.7496604919433594,0.12872202694416046,3.084259271621704
840,0.025257164612412453,0.7493624687194824,0.1285121887922287,3.0898282527923584
841,0.02571950852870941,0.7490644454956055,0.1286870539188385,3.0833332538604736
842,0.02219509333372116,0.7487664222717285,0.12733812630176544,3.0543980598449707
843,0.02484840713441372,0.7484683990478516,0.1271033138036728,3.055759906768799
844,0.024877702817320824,0.7481703758239746,0.12659871578216553,3.0376224517822266
845,0.026403261348605156,0.7478723526000977,0.1280975341796875,3.068171501159668
846,0.025088468566536903,0.7475743293762207,0.12832733988761902,3.085906744003296
847,0.023894142359495163,0.7472763061523438,0.12734313309192657,3.0543980598449707
848,0.026240022853016853,0.7469782829284668,0.12728817760944366,3.0579657554626465
849,0.023215964436531067,0.7466802597045898,0.1278677135705948,3.065441131591797
850,0.024984709918498993,0.7463822364807129,0.12891685962677002,3.093055486679077
851,0.0241420678794384,0.7460842132568359,0.12872202694416046,3.086029291152954
852,0.025728914886713028,0.745786190032959,0.12883692979812622,3.0953428745269775
853,0.02345173805952072,0.745488166809082,0.12779776751995087,3.066782236099243
854,0.025188352912664413,0.7451901435852051,0.12807753682136536,3.0713231563568115
855,0.027530856430530548,0.7448921203613281,0.12813249230384827,3.078935146331787
856,0.02639032155275345,0.7445940971374512,0.12798261642456055,3.069117546081543
857,0.024979721754789352,0.7442960739135742,0.12706834077835083,3.0604164600372314
858,0.023718977347016335,0.7439980506896973,0.12838728725910187,3.07361102104187
859,0.023888416588306427,0.7437000274658203,0.12937650084495544,3.095465660095215
860,0.023614052683115005,0.7434020042419434,0.12823741137981415,3.084191083908081
861,0.022327285259962082,0.7431039810180664,0.12785272300243378,3.0700228214263916
862,0.026262806728482246,0.7428059577941895,0.1282424032688141,3.0849266052246094
863,0.024400094524025917,0.7425079345703125,0.1288069635629654,3.0854170322418213
864,0.025547422468662262,0.7422099113464355,0.12748801708221436,3.065441370010376
865,0.026245884597301483,0.7419118881225586,0.12672361731529236,3.029411792755127
866,0.025013044476509094,0.7416138648986816,0.12905177474021912,3.099421262741089
867,0.02383071556687355,0.7413158416748047,0.127707839012146,3.0659313201904297
868,0.023574654012918472,0.7410178184509277,0.12838728725910187,3.078186273574829
869,0.022548841312527657,0.7407197952270508,0.1272931545972824,3.0599536895751953
870,0.025298113003373146,0.7404217720031738,0.12822242081165314,3.0818631649017334
871,0.021992327645421028,0.7401237487792969,0.12814249098300934,3.070833444595337
872,0.023854747414588928,0.7398257255554199,0.128966823220253,3.0933825969696045
873,0.02363206259906292,0.739527702331543,0.1287819892168045,3.095587968826294
874,0.023448998108506203,0.739229679107666,0.12765288352966309,3.0612268447875977
875,0.023613736033439636,0.7389316558837891,0.13028575479984283,3.125612735748291
876,0.024248557165265083,0.7386336326599121,0.12799260020256042,3.071568489074707
877,0.02377649024128914,0.7383356094360352,0.12781275808811188,3.0687499046325684
878,0.024989651516079903,0.7380375862121582,0.1284172683954239,3.0785536766052246
879,0.02307850494980812,0.7377395629882812,0.12937650084495544,3.1096067428588867
880,0.023830434307456017,0.7374415397644043,0.129061758518219,3.095465660095215
881,0.024607356637716293,0.7371435165405273,0.12775778770446777,3.072671413421631
882,0.02275373600423336,0.7368454933166504,0.12679357826709747,3.0398149490356445
883,0.024648481979966164,0.7365474700927734,0.12947142124176025,3.11348032951355
884,0.024290062487125397,0.7362494468688965,0.12739309668540955,3.057598114013672
885,0.023258168250322342,0.7359514236450195,0.13052059710025787,3.1271989345550537
886,0.023670820519328117,0.7356534004211426,0.1290617436170578,3.0988972187042236
887,0.028776463121175766,0.7353553771972656,0.12885192036628723,3.0890047550201416
888,0.022730834782123566,0.7350573539733887,0.12870702147483826,3.083456039428711
889,0.022779641672968864,0.7347593307495117,0.12875200808048248,3.0995097160339355
890,0.02234742045402527,0.7344613075256348,0.1291017234325409,3.0930559635162354
891,0.024874063208699226,0.7341632843017578,0.1286470890045166,3.086642026901245
892,0.02472846582531929,0.7338652610778809,0.12846222519874573,3.0887255668640137
893,0.023542514070868492,0.7335672378540039,0.13015088438987732,3.115509033203125
894,0.024573663249611855,0.733269214630127,0.12869206070899963,3.085906744003296
895,0.023380344733595848,0.73297119140625,0.12854216992855072,3.0913195610046387
896,0.022635452449321747,0.732673168182373,0.12813249230384827,3.075122356414795
897,0.02701411582529545,0.7323751449584961,0.128312349319458,3.0851714611053467
898,0.024713721126317978,0.7320771217346191,0.1295963078737259,3.103703737258911
899,0.02158830687403679,0.7317790985107422,0.1295163929462433,3.112255334854126
900,0.02349567413330078,0.7314810752868652,0.13037072122097015,3.118259906768799
901,0.023201866075396538,0.7311830520629883,0.12879197299480438,3.0939815044403076
902,0.02379690855741501,0.7308850288391113,0.12916666269302368,3.1011033058166504
903,0.025115523487329483,0.7305870056152344,0.1285671442747116,3.089583158493042
904,0.02257663570344448,0.7302889823913574,0.1277627795934677,3.0675246715545654
905,0.023494573310017586,0.7299909591674805,0.12859712541103363,3.083578586578369
906,0.02251593954861164,0.7296929359436035,0.12894684076309204,3.0951387882232666
907,0.025926493108272552,0.7293949127197266,0.12871702015399933,3.0892155170440674
908,0.02283679135143757,0.7290968894958496,0.1302558034658432,3.1240196228027344
909,0.025108667090535164,0.7287988662719727,0.13049061596393585,3.1327545642852783
910,0.020644988864660263,0.7285008430480957,0.12942644953727722,3.1094367504119873
911,0.025071604177355766,0.7282028198242188,0.13104015588760376,3.1409718990325928
912,0.023861408233642578,0.7279047966003418,0.12937650084495544,3.0982844829559326
913,0.02177535928785801,0.7276067733764648,0.12918664515018463,3.116053819656372
914,0.02390272170305252,0.7273087501525879,0.13067544996738434,3.1312501430511475
915,0.02244768850505352,0.7270107269287109,0.12991607189178467,3.1126224994659424
916,0.022884394973516464,0.726712703704834,0.12877197563648224,3.095465660095215
917,0.02587694302201271,0.726414680480957,0.12762291729450226,3.054166793823242
918,0.024092350155115128,0.7261166572570801,0.1292116492986679,3.1012256145477295
919,0.022203832864761353,0.7258186340332031,0.1291017234325409,3.104513645172119
920,0.025693945586681366,0.7255206108093262,0.1291816681623459,3.104656934738159
921,0.02536492794752121,0.7252225875854492,0.1301209032535553,3.111887216567993
922,0.021563056856393814,0.7249245643615723,0.12890687584877014,3.102083206176758
923,0.023363325744867325,0.7246265411376953,0.12940149009227753,3.1055147647857666
924,0.02427663467824459,0.7243285179138184,0.12835730612277985,3.078798770904541
925,0.02419772557914257,0.7240304946899414,0.12862710654735565,3.0855326652526855
926,0.02344776876270771,0.7237324714660645,0.12942646443843842,3.104534387588501
927,0.023636383935809135,0.7234344482421875,0.12878698110580444,3.0951387882232666
928,0.025975007563829422,0.7231364250183105,0.129666268825531,3.1132354736328125
929,0.023330312222242355,0.7228384017944336,0.12963129580020905,3.1053922176361084
930,0.02338249795138836,0.7225403785705566,0.12840227782726288,3.086111307144165
931,0.025372130796313286,0.7222423553466797,0.1277877539396286,3.0644609928131104
932,0.02017023228108883,0.7219443321228027,0.12815746665000916,3.0808823108673096
933,0.026155773550271988,0.7216463088989258,0.12876199185848236,3.088310480117798
934,0.025103459134697914,0.7213482856750488,0.13031573593616486,3.11960768699646
935,0.02366013638675213,0.7210502624511719,0.12877197563648224,3.0984954833984375
936,0.024194443598389626,0.7207522392272949,0.1280825138092041,3.0742647647857666
937,0.028088316321372986,0.720454216003418,0.1296912431716919,3.108701229095459
938,0.022240402176976204,0.720156192779541,0.12826737761497498,3.0803239345550537
939,0.02506713569164276,0.7198581695556641,0.1298661082983017,3.1246323585510254
940,0.0228738896548748,0.7195601463317871,0.12928156554698944,3.0977942943573
941,0.023410754278302193,0.7192621231079102,0.12830735743045807,3.0775463581085205
942,0.027412690222263336,0.7189640998840332,0.12929655611515045,3.100367784500122
943,0.029318714514374733,0.7186660766601562,0.13074040412902832,3.141319513320923
944,0.02242523804306984,0.7183680534362793,0.1296263039112091,3.105759859085083
945,0.02460036799311638,0.7180700302124023,0.12941646575927734,3.110661745071411
946,0.02449433133006096,0.7177720069885254,0.12991108000278473,3.1175928115844727
947,0.02246502786874771,0.7174739837646484,0.1296262890100479,3.116053819656372
948,0.027559004724025726,0.7171759605407715,0.12959632277488708,3.107597827911377
949,0.021719466894865036,0.7168779373168945,0.12990106642246246,3.1130783557891846
950,0.024786194786429405,0.7165799140930176,0.13046063482761383,3.126715898513794
951,0.022826630622148514,0.7162818908691406,0.13041067123413086,3.136342763900757
952,0.023732561618089676,0.7159838676452637,0.13109011948108673,3.143749952316284
953,0.02438453771173954,0.7156858444213867,0.12962129712104797,3.111029624938965
954,0.02136671170592308,0.7153878211975098,0.1294764280319214,3.1071760654449463
955,0.024099940434098244,0.7150897979736328,0.1291966438293457,3.0986523628234863
956,0.02640179730951786,0.7147917747497559,0.1299460381269455,3.1223039627075195
957,0.022851120680570602,0.7144937515258789,0.12941646575927734,3.1041667461395264
958,0.023203924298286438,0.714195728302002,0.1308852881193161,3.1427695751190186
959,0.023525957018136978,0.713897705078125,0.12971122562885284,3.1159722805023193
960,0.02244565077126026,0.713599681854248,0.1288619190454483,3.094362735748291
961,0.01975993812084198,0.7133016586303711,0.13014589250087738,3.126838207244873
962,0.024229692295193672,0.7130036354064941,0.12871702015399933,3.0858795642852783
963,0.020904604345560074,0.7127056121826172,0.12946143746376038,3.104043960571289
964,0.023127516731619835,0.7124075889587402,0.13120004534721375,3.15147066116333
965,0.023222666233778,0.7121095657348633,0.12940147519111633,3.100578546524048
966,0.023718636482954025,0.7118115425109863,0.1301458775997162,3.14068603515625
967,0.022088507190346718,0.7115135192871094,0.1298111528158188,3.104861259460449
968,0.026079848408699036,0.7112154960632324,0.13126498460769653,3.1475489139556885
969,0.022578701376914978,0.7109174728393555,0.1323091685771942,3.1770832538604736
970,0.02174166403710842,0.7106194496154785,0.1287020444869995,3.0913195610046387
971,0.025548208504915237,0.7103214263916016,0.1295163780450821,3.105147123336792
972,0.024183209985494614,0.7100234031677246,0.13078035414218903,3.1398284435272217
973,0.022394981235265732,0.7097253799438477,0.1295163780450821,3.1133105754852295
974,0.025222256779670715,0.7094273567199707,0.1292915791273117,3.0963237285614014
975,0.02325030043721199,0.7091293334960938,0.13042566180229187,3.134953498840332
976,0.02212708815932274,0.7088313102722168,0.13008593022823334,3.1180148124694824
977,0.021476387977600098,0.7085332870483398,0.12924160063266754,3.1036765575408936
978,0.02486410178244114,0.7082352638244629,0.12882693111896515,3.0939810276031494
979,0.024623453617095947,0.7079372406005859,0.13017086684703827,3.122058868408203
980,0.02075270190834999,0.707639217376709,0.13108015060424805,3.1464459896087646
981,0.023110495880246162,0.707341194152832,0.13030575215816498,3.1236112117767334
982,0.02110418491065502,0.7070431709289551,0.130255788564682,3.13651967048645
983,0.02281254529953003,0.7067451477050781,0.12997601926326752,3.115856647491455
984,0.02224629931151867,0.7064471244812012,0.13125500082969666,3.1504900455474854
985,0.025003401562571526,0.7061491012573242,0.1304955929517746,3.13455867767334
986,0.02301887795329094,0.7058510780334473,0.1284572333097458,3.083911657333374
987,0.022297663614153862,0.7055530548095703,0.13054555654525757,3.1372549533843994
988,0.025535907596349716,0.7052550315856934,0.1300809383392334,3.1139705181121826
989,0.025815503671765327,0.7049570083618164,0.13031573593616486,3.128472328186035
990,0.0221983902156353,0.7046589851379395,0.1319994032382965,3.1642158031463623
991,0.02181646227836609,0.7043609619140625,0.13046061992645264,3.136342763900757
992,0.025295209139585495,0.7040629386901855,0.13114508986473083,3.1470587253570557
993,0.0233064703643322,0.7037649154663086,0.12962129712104797,3.115318775177002
994,0.022868528962135315,0.7034668922424316,0.13033072650432587,3.12199068069458
995,0.02229335531592369,0.7031688690185547,0.12976118922233582,3.1150736808776855
996,0.023042520508170128,0.7028708457946777,0.1312999576330185,3.1509807109832764
997,0.02369345910847187,0.7025728225708008,0.13228917121887207,3.1716432571411133
998,0.018626833334565163,0.7022747993469238,0.12921662628650665,3.1044116020202637
999,0.02144620008766651,0.7019767761230469,0.12991108000278473,3.118171215057373
1000,0.02421431802213192,0.7016787528991699,0.12940147519111633,3.108945846557617
1001,0.02548605389893055,0.701380729675293,0.13058553636074066,3.1283090114593506
1002,0.023386280983686447,0.701082706451416,0.13013088703155518,3.1260416507720947
1003,0.023417498916387558,0.7007846832275391,0.1292515993118286,3.113480567932129
1004,0.021939951926469803,0.7004866600036621,0.1313798874616623,3.1338233947753906
1005,0.02320106327533722,0.7001886367797852,0.12996602058410645,3.129976987838745
1006,0.02225111424922943,0.6998906135559082,0.13053056597709656,3.127941131591797
1007,0.023358207195997238,0.6995925903320312,0.1319294571876526,3.165740728378296
1008,0.021714920178055763,0.6992945671081543,0.13033072650432587,3.129289150238037
1009,0.02328689768910408,0.6989965438842773,0.13010592758655548,3.1162989139556885
1010,0.023421650752425194,0.6986985206604004,0.1325739473104477,3.184375286102295
1011,0.023159325122833252,0.6984004974365234,0.1294914186000824,3.1041667461395264
1012,0.02191043831408024,0.6981024742126465,0.12971623241901398,3.1144607067108154
1013,0.021431677043437958,0.6978044509887695,0.13016586005687714,3.1225695610046387
1014,0.020132720470428467,0.6975064277648926,0.1309002786874771,3.1452202796936035
1015,0.02310643158853054,0.6972084045410156,0.13110511004924774,3.1458332538604736
1016,0.022726770490407944,0.6969103813171387,0.13197940587997437,3.1747546195983887
1017,0.02462303265929222,0.6966123580932617,0.1308303326368332,3.1265928745269775
1018,0.024936899542808533,0.6963143348693848,0.1307104229927063,3.1418981552124023
1019,0.022333309054374695,0.6960163116455078,0.1302008330821991,3.1240196228027344
1020,0.023282203823328018,0.6957182884216309,0.13077038526535034,3.1393377780914307
1021,0.02306920662522316,0.6954202651977539,0.13018085062503815,3.122222423553467
1022,0.022241588681936264,0.695122241973877,0.13077040016651154,3.1378676891326904
1023,0.023528428748250008,0.69482421875,0.13095523416996002,3.1472225189208984
1024,0.022617844864726067,0.694526195526123,0.1299060881137848,3.1192400455474854
1025,0.023100776597857475,0.6942281723022461,0.131704643368721,3.156250238418579
1026,0.02192339301109314,0.6939301490783691,0.13136990368366241,3.1510419845581055
1027,0.02106005698442459,0.6936321258544922,0.13032573461532593,3.1281864643096924
1028,0.022412175312638283,0.6933341026306152,0.13072042167186737,3.138113021850586
1029,0.027893077582120895,0.6930360794067383,0.1309252679347992,3.13912034034729
1030,0.02354515716433525,0.6927380561828613,0.13079535961151123,3.1397058963775635
1031,0.023493241518735886,0.6924400329589844,0.1291416883468628,3.1061341762542725
1032,0.021917840465903282,0.6921420097351074,0.13052557408809662,3.134559154510498
1033,0.02392755262553692,0.6918439865112305,0.13078036904335022,3.1350488662719727
1034,0.022315939888358116,0.6915459632873535,0.1297461986541748,3.1141204833984375
1035,0.022853245958685875,0.6912479400634766,0.12965127825737,3.1218135356903076
1036,0.02048328146338463,0.6909499168395996,0.12970124185085297,3.102205991744995
1037,0.023526092991232872,0.6906518936157227,0.13118505477905273,3.1438655853271484
1038,0.02379785291850567,0.6903538703918457,0.13140487670898438,3.169975519180298
1039,0.022739138454198837,0.6900558471679688,0.13161970674991608,3.1488428115844727
1040,0.023813599720597267,0.6897578239440918,0.1307653784751892,3.1379902362823486
1041,0.023522980511188507,0.6894598007202148,0.13139986991882324,3.1588237285614014
1042,0.020765669643878937,0.6891617774963379,0.1307903677225113,3.1336803436279297
1043,0.021625857800245285,0.6888637542724609,0.13075540959835052,3.137009859085083
1044,0.02022174932062626,0.688565731048584,0.13250400125980377,3.1775734424591064
1045,0.024021198973059654,0.688267707824707,0.13007594645023346,3.1236112117767334
1046,0.02557409182190895,0.6879696846008301,0.13132494688034058,3.1506125926971436
1047,0.023181544616818428,0.6876716613769531,0.13102518022060394,3.1498842239379883
1048,0.022502342239022255,0.6873736381530762,0.1309802234172821,3.146690845489502
1049,0.02131739631295204,0.6870756149291992,0.1298661082983017,3.1149511337280273
1050,0.022786758840084076,0.6867775917053223,0.13170462846755981,3.1545140743255615
1051,0.02299562096595764,0.6864795684814453,0.13037070631980896,3.1426470279693604
1052,0.022870449349284172,0.6861815452575684,0.1302807778120041,3.1024508476257324
1053,0.02343609929084778,0.6858835220336914,0.13052557408809662,3.1388890743255615
1054,0.022581323981285095,0.6855854988098145,0.13068045675754547,3.1366422176361084
1055,0.020259354263544083,0.6852874755859375,0.13010092079639435,3.1300923824310303
1056,0.02347191981971264,0.6849894523620605,0.13035571575164795,3.1313722133636475
1057,0.022008618339896202,0.6846914291381836,0.1308702975511551,3.1487743854522705
1058,0.024251971393823624,0.6843934059143066,0.13181954622268677,3.1511576175689697
1059,0.022180773317813873,0.6840953826904297,0.1316896378993988,3.1626224517822266
1060,0.022875512018799782,0.6837973594665527,0.13105016946792603,3.1397058963775635
1061,0.02282542735338211,0.6834993362426758,0.13126498460769653,3.156712770462036
1062,0.022557929158210754,0.6832013130187988,0.13038568198680878,3.120710849761963
1063,0.024574577808380127,0.6829032897949219,0.1312999576330185,3.157060384750366
1064,0.02170635014772415,0.6826052665710449,0.1325989067554474,3.175489902496338
1065,0.022931119427084923,0.682307243347168,0.1313149482011795,3.1655635833740234
1066,0.022924814373254776,0.682009220123291,0.13157972693443298,3.151736259460449
1067,0.02169610746204853,0.6817111968994141,0.1304306536912918,3.1263482570648193
1068,0.0208097156137228,0.6814131736755371,0.1322142332792282,3.174387216567993
1069,0.02675720304250717,0.6811151504516602,0.13098521530628204,3.1454861164093018
1070,0.02549869567155838,0.6808171272277832,0.13169464468955994,3.1655638217926025
1071,0.023391850292682648,0.6805191040039062,0.13142485916614532,3.150578737258911
1072,0.021439924836158752,0.6802210807800293,0.13278377056121826,3.186274528503418
1073,0.024662936106324196,0.6799230575561523,0.13168466091156006,3.155024528503418
1074,0.02247915416955948,0.6796250343322754,0.13146483898162842,3.161921501159668
1075,0.021618381142616272,0.6793270111083984,0.13054056465625763,3.1324756145477295
1076,0.020903371274471283,0.6790289878845215,0.1315547525882721,3.16164231300354
1077,0.023109860718250275,0.6787309646606445,0.13018086552619934,3.116203784942627
1078,0.023689109832048416,0.6784329414367676,0.13120003044605255,3.159926414489746
1079,0.02283528633415699,0.6781349182128906,0.13107514381408691,3.1402781009674072
1080,0.025096110999584198,0.6778368949890137,0.13072042167186737,3.144975185394287
1081,0.023930739611387253,0.6775388717651367,0.13230416178703308,3.1642158031463623
1082,0.023008272051811218,0.6772408485412598,0.1312599927186966,3.155787229537964
1083,0.02251184731721878,0.6769428253173828,0.13136491179466248,3.151348114013672
1084,0.022985247895121574,0.6766448020935059,0.13153475522994995,3.1486520767211914
1085,0.02239963598549366,0.6763467788696289,0.1313548982143402,3.1541666984558105
1086,0.020878547802567482,0.676048755645752,0.13183452188968658,3.170098066329956
1087,0.023940473794937134,0.675750732421875,0.13178956508636475,3.1624999046325684
1088,0.024188503623008728,0.675452709197998,0.13166967034339905,3.1594364643096924
1089,0.02122160978615284,0.6751546859741211,0.1326688677072525,3.1878676414489746
1090,0.022286592051386833,0.6748566627502441,0.13207435607910156,3.1660878658294678
1091,0.023121381178498268,0.6745586395263672,0.13142485916614532,3.1618874073028564
1092,0.02081967331469059,0.6742606163024902,0.13157474994659424,3.1583333015441895
1093,0.019831055775284767,0.6739625930786133,0.13152478635311127,3.1469907760620117
1094,0.021417051553726196,0.6736645698547363,0.12999600172042847,3.122180938720703
1095,0.021680474281311035,0.6733665466308594,0.13113509118556976,3.147338390350342
1096,0.023441553115844727,0.6730685234069824,0.13357815146446228,3.212745189666748
1097,0.0232455562800169,0.6727705001831055,0.13103017210960388,3.1317405700683594
1098,0.020898990333080292,0.6724724769592285,0.13136491179466248,3.1621530055999756
1099,0.019902750849723816,0.6721744537353516,0.13078537583351135,3.1384806632995605
1100,0.023310203105211258,0.6718764305114746,0.13095523416996002,3.139338493347168
1101,0.021919338032603264,0.6715784072875977,0.1323191523551941,3.17638897895813
1102,0.020410899072885513,0.6712803840637207,0.1325489729642868,3.1751224994659424
1103,0.021194646134972572,0.6709823608398438,0.1314348578453064,3.159722328186035
1104,0.02117197960615158,0.6706843376159668,0.13287869095802307,3.19227933883667
1105,0.024502016603946686,0.6703863143920898,0.13193444907665253,3.1686272621154785
1106,0.02146105095744133,0.6700882911682129,0.1313549131155014,3.1461806297302246
1107,0.023286089301109314,0.6697902679443359,0.13070543110370636,3.136396884918213
1108,0.020899005234241486,0.669492244720459,0.13060052692890167,3.134558916091919
1109,0.02234860137104988,0.669194221496582,0.13116507232189178,3.1469905376434326
1110,0.019297493621706963,0.6688961982727051,0.1317446082830429,3.157597780227661
1111,0.023902790620923042,0.6685981750488281,0.1310451477766037,3.1526620388031006
1112,0.021415676921606064,0.6683001518249512,0.1319444477558136,3.1607844829559326
1113,0.023483114317059517,0.6680021286010742,0.13182953000068665,3.1738972663879395
1114,0.02462095208466053,0.6677041053771973,0.13180455565452576,3.1564815044403076
1115,0.02199903503060341,0.6674060821533203,0.1323191374540329,3.1721813678741455
1116,0.022817352786660194,0.6671080589294434,0.13138988614082336,3.155024528503418
1117,0.024231577292084694,0.6668100357055664,0.13109011948108673,3.1461803913116455
1118,0.023500613868236542,0.6665120124816895,0.13221922516822815,3.1655638217926025
1119,0.022293005138635635,0.6662139892578125,0.13167966902256012,3.1732637882232666
1120,0.02158167213201523,0.6659159660339355,0.1327488124370575,3.1835782527923584
1121,0.02172759175300598,0.6656179428100586,0.13028576970100403,3.1242644786834717
1122,0.022871285676956177,0.6653199195861816,0.13229916989803314,3.1755785942077637
1123,0.02310221455991268,0.6650218963623047,0.13092026114463806,3.138848066329956
1124,0.02290121093392372,0.6647238731384277,0.13114508986473083,3.157353162765503
1125,0.021147379651665688,0.6644258499145508,0.1331634819507599,3.1918981075286865
1126,0.02312968671321869,0.6641278266906738,0.132963627576828,3.1852941513061523
1127,0.023267818614840508,0.6638298034667969,0.13252398371696472,3.185532569885254
1128,0.026464950293302536,0.6635317802429199,0.13082534074783325,3.1366422176361084
1129,0.02606794983148575,0.663233757019043,0.13074040412902832,3.1281864643096924
1130,0.02217111736536026,0.662935733795166,0.13173462450504303,3.1709487438201904
1131,0.023198259994387627,0.6626377105712891,0.13138487935066223,3.150857925415039
1132,0.02319217473268509,0.6623396873474121,0.13105514645576477,3.1463234424591064
1133,0.02104514092206955,0.6620416641235352,0.13234911859035492,3.1739583015441895
1134,0.02422163635492325,0.6617436408996582,0.1330036073923111,3.1968135833740234
1135,0.022484051063656807,0.6614456176757812,0.13365806639194489,3.2068283557891846
1136,0.0205827746540308,0.6611475944519043,0.1328687071800232,3.1908090114593506
1137,0.02226553112268448,0.6608495712280273,0.13381296396255493,3.202573299407959
1138,0.022633854299783707,0.6605515480041504,0.13358312845230103,3.2124998569488525
1139,0.023525647819042206,0.6602535247802734,0.13187448680400848,3.1595590114593506
1140,0.024130262434482574,0.6599555015563965,0.13103017210960388,3.145956039428711
1141,0.023204822093248367,0.6596574783325195,0.1327338069677353,3.189699172973633
1142,0.0220298171043396,0.6593594551086426,0.1320643424987793,3.1685051918029785
1143,0.02133150026202202,0.6590614318847656,0.13247402012348175,3.178819417953491
1144,0.021929915994405746,0.6587634086608887,0.13314847648143768,3.192892074584961
1145,0.02174210734665394,0.6584653854370117,0.13128496706485748,3.1569855213165283
1146,0.020780781283974648,0.6581673622131348,0.13273382186889648,3.1793980598449707
1147,0.021032148972153664,0.6578693389892578,0.13142485916614532,3.158700942993164
1148,0.023873228579759598,0.6575713157653809,0.13212929666042328,3.161519765853882
1149,0.02166176214814186,0.6572732925415039,0.13284872472286224,3.188310146331787
1150,0.021985815837979317,0.656975269317627,0.13201437890529633,3.177328586578369
1151,0.021880945190787315,0.65667724609375,0.1329786330461502,3.18865704536438
1152,0.02150755561888218,0.656379222869873,0.13119004666805267,3.1498775482177734
1153,0.021417999640107155,0.6560811996459961,0.13149981200695038,3.1577208042144775
1154,0.02487427182495594,0.6557831764221191,0.13206934928894043,3.166898012161255
1155,0.023137491196393967,0.6554851531982422,0.1341276913881302,3.2165441513061523
1156,0.02243560552597046,0.6551871299743652,0.13378296792507172,3.213848114013672
1157,0.021478954702615738,0.6548891067504883,0.13168466091156006,3.1563658714294434
1158,0.024773726239800453,0.6545910835266113,0.13127997517585754,3.1513476371765137
1159,0.0232478529214859,0.6542930603027344,0.13205933570861816,3.173379421234131
1160,0.021579649299383163,0.6539950370788574,0.13149979710578918,3.1618871688842773
1161,0.023211613297462463,0.6536970138549805,0.1319994032382965,3.163480281829834
1162,0.02352193370461464,0.6533989906311035,0.13270384073257446,3.179513931274414
1163,0.02185152843594551,0.6531009674072266,0.13307854533195496,3.200122594833374
1164,0.021380186080932617,0.6528029441833496,0.13264387845993042,3.182598114013672
1165,0.022901613265275955,0.6525049209594727,0.13240908086299896,3.17488431930542
1166,0.02359830215573311,0.6522068977355957,0.13140487670898438,3.1546568870544434
1167,0.023715494200587273,0.6519088745117188,0.13241906464099884,3.1781249046325684
1168,0.02088095061480999,0.6516108512878418,0.1315697431564331,3.162745237350464
1169,0.022427067160606384,0.6513128280639648,0.13164468109607697,3.1536762714385986
1170,0.023294594138860703,0.6510148048400879,0.1322242170572281,3.173495292663574
1171,0.02225406840443611,0.6507167816162109,0.1328687071800232,3.186397075653076
1172,0.022302746772766113,0.650418758392334,0.13262389600276947,3.1795341968536377
1173,0.023502647876739502,0.650120735168457,0.13368305563926697,3.2141201496124268
1174,0.02289789915084839,0.6498227119445801,0.1317446082830429,3.1638481616973877
1175,0.020654503256082535,0.6495246887207031,0.1326138973236084,3.1793980598449707
1176,0.022557668387889862,0.6492266654968262,0.13236910104751587,3.1741418838500977
1177,0.025699865072965622,0.6489286422729492,0.1324290633201599,3.187009811401367
1178,0.022373246029019356,0.6486306190490723,0.1332184225320816,3.190972328186035
1179,0.022076493129134178,0.6483325958251953,0.133043572306633,3.1925244331359863
1180,0.02227158099412918,0.6480345726013184,0.13343824446201324,3.2015931606292725
1181,0.02592940628528595,0.6477365493774414,0.13165965676307678,3.1591434478759766
1182,0.02467997744679451,0.6474385261535645,0.132374107837677,3.182230234146118
1183,0.021892400458455086,0.6471405029296875,0.13407273590564728,3.2148146629333496
1184,0.022457409650087357,0.6468424797058105,0.13305355608463287,3.1888482570648193
1185,0.021696463227272034,0.6465444564819336,0.13280875980854034,3.1900737285614014
1186,0.022573398426175117,0.6462464332580566,0.13270384073257446,3.1831018924713135
1187,0.02011241391301155,0.6459484100341797,0.13288868963718414,3.1901960372924805
1188,0.02159903384745121,0.6456503868103027,0.13199441134929657,3.1704654693603516
1189,0.02184252068400383,0.6453523635864258,0.13030076026916504,3.1244215965270996
1190,0.02330813556909561,0.6450543403625488,0.13197942078113556,3.1751227378845215
1191,0.021032672375440598,0.6447563171386719,0.13177958130836487,3.160879373550415
1192,0.023305686190724373,0.6444582939147949,0.1332833617925644,3.2004902362823486
1193,0.024021489545702934,0.644160270690918,0.13293863832950592,3.188847780227661
1194,0.02173531800508499,0.643862247467041,0.1331384778022766,3.1918981075286865
1195,0.021139822900295258,0.6435642242431641,0.13430756330490112,3.2300243377685547
1196,0.021714387461543083,0.6432662010192871,0.13205435872077942,3.162254810333252
1197,0.022060133516788483,0.6429681777954102,0.1314748227596283,3.15625
1198,0.02284572459757328,0.6426701545715332,0.1327487975358963,3.1883578300476074
1199,0.021369634196162224,0.6423721313476562,0.13291867077350616,3.192129611968994
1200,0.02166181430220604,0.6420741081237793,0.13352817296981812,3.2088236808776855
1201,0.023854508996009827,0.6417760848999023,0.134332537651062,3.2243871688842773
1202,0.019570928066968918,0.6414780616760254,0.13384294509887695,3.203125
1203,0.022389020770788193,0.6411800384521484,0.13299860060214996,3.1966912746429443
1204,0.021923644468188286,0.6408820152282715,0.13260892033576965,3.17598032951355
1205,0.02196427620947361,0.6405839920043945,0.13334833085536957,3.19976806640625
1206,0.02105271816253662,0.6402859687805176,0.13357815146446228,3.215073585510254
1207,0.02102898247539997,0.6399879455566406,0.1325589418411255,3.180324077606201
1208,0.022010475397109985,0.6396899223327637,0.13448239862918854,3.227696180343628
1209,0.02159888856112957,0.6393918991088867,0.13477718830108643,3.237377405166626
1210,0.022328121587634087,0.6390938758850098,0.13357314467430115,3.2010419368743896
1211,0.02222181111574173,0.6387958526611328,0.13373301923274994,3.2129900455474854
1212,0.021274587139487267,0.6384978294372559,0.1332434117794037,3.192157030105591
1213,0.02046227641403675,0.6381998062133789,0.1349070817232132,3.238194227218628
1214,0.022030331194400787,0.637901782989502,0.13373301923274994,3.212867498397827
1215,0.021887492388486862,0.637603759765625,0.1326438933610916,3.18483829498291
1216,0.022518325597047806,0.637305736541748,0.13444744050502777,3.225245237350464
1217,0.021630778908729553,0.6370077133178711,0.13356314599514008,3.199510097503662
1218,0.021693626418709755,0.6367096900939941,0.13311351835727692,3.199305772781372
1219,0.022291073575615883,0.6364116668701172,0.1328137367963791,3.1840686798095703
1220,0.021471243351697922,0.6361136436462402,0.13279874622821808,3.1897056102752686
1221,0.02377908304333687,0.6358156204223633,0.13474221527576447,3.231250047683716
1222,0.019236993044614792,0.6355175971984863,0.13182951509952545,3.165931224822998
1223,0.02119479514658451,0.6352195739746094,0.132883682847023,3.19201397895813
1224,0.022846197709441185,0.6349215507507324,0.13228417932987213,3.1751224994659424
1225,0.02235763520002365,0.6346235275268555,0.13221922516822815,3.180392026901245
1226,0.02223905362188816,0.6343255043029785,0.13403776288032532,3.203935146331787
1227,0.022476622834801674,0.6340274810791016,0.13203436136245728,3.1729164123535156
1228,0.024243419989943504,0.6337294578552246,0.13238409161567688,3.1762256622314453
1229,0.02212262712419033,0.6334314346313477,0.13287369906902313,3.186805486679077
1230,0.023463914170861244,0.6331334114074707,0.13432253897190094,3.2251226902008057
1231,0.02130822092294693,0.6328353881835938,0.13457733392715454,3.2307870388031006
1232,0.024639301002025604,0.6325373649597168,0.13314849138259888,3.1980392932891846
1233,0.020857231691479683,0.6322393417358398,0.13236910104751587,3.1830883026123047
1234,0.020829005166888237,0.6319413185119629,0.13270384073257446,3.1751158237457275
1235,0.022262336686253548,0.6316432952880859,0.1347871720790863,3.231372594833374
1236,0.023108191788196564,0.631345272064209,0.13139988481998444,3.1569855213165283
1237,0.022292794659733772,0.631047248840332,0.13362310826778412,3.204629421234131
1238,0.02213575504720211,0.6307492256164551,0.1341426968574524,3.2200982570648193
1239,0.02172410488128662,0.6304512023925781,0.13365307450294495,3.2106478214263916
1240,0.021465139463543892,0.6301531791687012,0.13297362625598907,3.1943628787994385
1241,0.02239908277988434,0.6298551559448242,0.1341826617717743,3.206127405166626
1242,0.021579567342996597,0.6295571327209473,0.13273382186889648,3.193286657333374
1243,0.020678946748375893,0.6292591094970703,0.13264887034893036,3.187500238418579
1244,0.02236029878258705,0.6289610862731934,0.13334831595420837,3.2003676891326904
1245,0.02221238985657692,0.6286630630493164,0.1339128613471985,3.209259510040283
1246,0.022555889561772346,0.6283650398254395,0.13440747559070587,3.2274508476257324
1247,0.021532172337174416,0.6280670166015625,0.132978618144989,3.1945602893829346
1248,0.01990174874663353,0.6277689933776855,0.1320793479681015,3.163970708847046
1249,0.0227309912443161,0.6274709701538086,0.1336730718612671,3.2231619358062744
1250,0.023769859224557877,0.6271729469299316,0.13193944096565247,3.1622681617736816
1251,0.022503100335597992,0.6268749237060547,0.13317343592643738,3.1889705657958984
1252,0.020233213901519775,0.6265769004821777,0.1340627521276474,3.2189950942993164
1253,0.02424691990017891,0.6262788772583008,0.13385792076587677,3.2143518924713135
1254,0.022041331976652145,0.6259808540344238,0.1341976374387741,3.212254762649536
1255,0.019809704273939133,0.6256828308105469,0.1320793479681015,3.1792821884155273
1256,0.023039110004901886,0.6253848075866699,0.13310351967811584,3.1877450942993164
1257,0.020292360335588455,0.625086784362793,0.13374799489974976,3.2177696228027344
1258,0.02053513564169407,0.624788761138916,0.13329336047172546,3.197453737258911
1259,0.01995081640779972,0.6244907379150391,0.13407273590564728,3.214583396911621
1260,0.023571744561195374,0.6241927146911621,0.13410770893096924,3.226593017578125
1261,0.02291238307952881,0.6238946914672852,0.1326838582754135,3.179861068725586
1262,0.023093396797776222,0.6235966682434082,0.13424260914325714,3.222304105758667
1263,0.020817376673221588,0.6232986450195312,0.13428255915641785,3.2239582538604736
1264,0.022080514580011368,0.6230006217956543,0.1328687071800232,3.1942405700683594
1265,0.01901084929704666,0.6227025985717773,0.13320843875408173,3.1909313201904297
1266,0.0234195739030838,0.6224045753479004,0.1341177076101303,3.21574068069458
1267,0.01967647857964039,0.6221065521240234,0.132374107837677,3.176715612411499
1268,0.02061961032450199,0.6218085289001465,0.13228419423103333,3.180882453918457
1269,0.0201864130795002,0.6215105056762695,0.1359012871980667,3.2532410621643066
1270,0.022282123565673828,0.6212124824523926,0.1343575268983841,3.2196080684661865
1271,0.020018428564071655,0.6209144592285156,0.1332983523607254,3.206944227218628
1272,0.024427315220236778,0.6206164360046387,0.13388288021087646,3.216299057006836
1273,0.01971595548093319,0.6203184127807617,0.1341426819562912,3.217647075653076
1274,0.02211400307714939,0.6200203895568848,0.13548660278320312,3.2486112117767334
1275,0.021088983863592148,0.6197223663330078,0.1350419670343399,3.2459561824798584
1276,0.021879635751247406,0.6194243431091309,0.13324840366840363,3.1925244331359863
1277,0.023050449788570404,0.6191263198852539,0.13371305167675018,3.211111545562744
1278,0.02102353796362877,0.618828296661377,0.13285870850086212,3.18137264251709
1279,0.021619601175189018,0.6185302734375,0.1322392076253891,3.1809024810791016
1280,0.021433210000395775,0.618232250213623,0.1336081326007843,3.207843065261841
1281,0.021129101514816284,0.6179342269897461,0.13369804620742798,3.206005096435547
1282,0.022175462916493416,0.6176362037658691,0.13395284116268158,3.214467763900757
1283,0.02079593949019909,0.6173381805419922,0.13438250124454498,3.2263479232788086
1284,0.021746542304754257,0.6170401573181152,0.13315346837043762,3.196568489074707
1285,0.02146991156041622,0.6167421340942383,0.1335381716489792,3.202314615249634
1286,0.025594176724553108,0.6164441108703613,0.13454735279083252,3.2334558963775635
1287,0.021829573437571526,0.6161460876464844,0.1341027170419693,3.216897964477539
1288,0.0201175045222044,0.6158480644226074,0.13438250124454498,3.227573871612549
1289,0.021707290783524513,0.6155500411987305,0.13451237976551056,3.225490093231201
1290,0.020773593336343765,0.6152520179748535,0.13462229073047638,3.2329859733581543
1291,0.020351339131593704,0.6149539947509766,0.1341027319431305,3.2165441513061523
1292,0.020275132730603218,0.6146559715270996,0.13510192930698395,3.24387264251709
1293,0.021750759333372116,0.6143579483032227,0.13484711945056915,3.2334487438201904
1294,0.02167896181344986,0.6140599250793457,0.13405776023864746,3.22352933883667
1295,0.02322344481945038,0.6137619018554688,0.13538669049739838,3.243865728378296
1296,0.021992677822709084,0.6134638786315918,0.13419264554977417,3.2245099544525146
1297,0.022208968177437782,0.6131658554077148,0.13337330520153046,3.20245099067688
1298,0.021182965487241745,0.6128678321838379,0.13330334424972534,3.1935184001922607
1299,0.025303907692432404,0.6125698089599609,0.13650579750537872,3.263847827911377
1300,0.020098799839615822,0.612271785736084,0.13348820805549622,3.2160539627075195
1301,0.021580664440989494,0.611973762512207,0.1356714516878128,3.250694513320923
1302,0.020323216915130615,0.6116757392883301,0.13370802998542786,3.210416555404663
1303,0.021104656159877777,0.6113777160644531,0.1342775821685791,3.2269673347473145
1304,0.02100110799074173,0.6110796928405762,0.13523182272911072,3.2442400455474854
1305,0.021149858832359314,0.6107816696166992,0.13483212888240814,3.2345588207244873
1306,0.02172211930155754,0.6104836463928223,0.13437749445438385,3.222916603088379
1307,0.023807622492313385,0.6101856231689453,0.13406774401664734,3.222181797027588
1308,0.022167101502418518,0.6098875999450684,0.13425259292125702,3.2267158031463623
1309,0.020205652341246605,0.6095895767211914,0.1347871720790863,3.227546453475952
1310,0.020487597212195396,0.6092915534973145,0.13620103895664215,3.2754902839660645
1311,0.022078830748796463,0.6089935302734375,0.1351369023323059,3.2407407760620117
1312,0.02222800999879837,0.6086955070495605,0.13529177010059357,3.2497549057006836
1313,0.02096870169043541,0.6083974838256836,0.13325341045856476,3.1950979232788086
1314,0.022793496027588844,0.6080994606018066,0.13340827822685242,3.202430486679077
1315,0.020836977288126945,0.6078014373779297,0.13534672558307648,3.244607925415039
1316,0.02254938706755638,0.6075034141540527,0.134412482380867,3.225980281829834
1317,0.02210235968232155,0.6072053909301758,0.13408273458480835,3.226736307144165
1318,0.02176835387945175,0.6069073677062988,0.1339978128671646,3.211519718170166
1319,0.020944971591234207,0.6066093444824219,0.1351468861103058,3.2425928115844727
1320,0.02169804833829403,0.6063113212585449,0.1349470317363739,3.232598066329956
1321,0.02110874466598034,0.606013298034668,0.13318845629692078,3.1960785388946533
1322,0.02012079395353794,0.605715274810791,0.13472221791744232,3.2407405376434326
1323,0.019988756626844406,0.6054172515869141,0.13437749445438385,3.2197301387786865
1324,0.02216363698244095,0.6051192283630371,0.13229916989803314,3.180147171020508
1325,0.020648686215281487,0.6048212051391602,0.13491706550121307,3.232870101928711
1326,0.023365870118141174,0.6045231819152832,0.13602618873119354,3.256617784500122
1327,0.01974995993077755,0.6042251586914062,0.13481715321540833,3.245833396911621
1328,0.021632390096783638,0.6039271354675293,0.13590626418590546,3.256740093231201
1329,0.02323681116104126,0.6036291122436523,0.134237602353096,3.2214462757110596
1330,0.02118987776339054,0.6033310890197754,0.13569144904613495,3.2590274810791016
1331,0.02004942111670971,0.6030330657958984,0.1350819319486618,3.2376224994659424
1332,0.020808294415473938,0.6027350425720215,0.13421262800693512,3.2256128787994385
1333,0.020136207342147827,0.6024370193481445,0.13446243107318878,3.223611354827881
1334,0.02236761525273323,0.6021389961242676,0.13251398503780365,3.1770832538604736
1335,0.022738000378012657,0.6018409729003906,0.13566645979881287,3.2627313137054443
1336,0.021265730261802673,0.6015429496765137,0.1342376172542572,3.2203431129455566
1337,0.02134246751666069,0.6012449264526367,0.13499200344085693,3.237499952316284
1338,0.022156527265906334,0.6009469032287598,0.13560152053833008,3.2574076652526855
1339,0.021533586084842682,0.6006488800048828,0.13474220037460327,3.231985330581665
1340,0.02146819420158863,0.6003508567810059,0.13215427100658417,3.1794118881225586
1341,0.0188580509275198,0.6000528335571289,0.1345323771238327,3.222106695175171
1342,0.020419077947735786,0.599754810333252,0.13492706418037415,3.2340686321258545
1343,0.02301548235118389,0.599456787109375,0.1327488124370575,3.191319465637207
1344,0.020386099815368652,0.599158763885498,0.13348819315433502,3.2017157077789307
1345,0.02114677242934704,0.5988607406616211,0.1340227872133255,3.213235378265381
1346,0.021274570375680923,0.5985627174377441,0.1349620223045349,3.242013692855835
1347,0.020626641809940338,0.5982646942138672,0.13459733128547668,3.229043960571289
1348,0.023689880967140198,0.5979666709899902,0.13451237976551056,3.237377405166626
1349,0.021342415362596512,0.5976686477661133,0.13513688743114471,3.233333110809326
1350,0.01988382637500763,0.5973706245422363,0.13361310958862305,3.210906744003296
1351,0.02061506174504757,0.5970726013183594,0.13348320126533508,3.203125238418579
1352,0.022614315152168274,0.5967745780944824,0.13446243107318878,3.2237746715545654
1353,0.018747977912425995,0.5964765548706055,0.13543663918972015,3.253554105758667
1354,0.021316710859537125,0.5961785316467285,0.13549160957336426,3.2520833015441895
1355,0.019155435264110565,0.5958805084228516,0.1340477615594864,3.2171568870544434
1356,0.01922016777098179,0.5955824851989746,0.13628096878528595,3.264338254928589
1357,0.02125239372253418,0.5952844619750977,0.1339828222990036,3.2155094146728516
1358,0.018509406596422195,0.5949864387512207,0.1352567821741104,3.250490427017212
1359,0.021258879452943802,0.5946884155273438,0.13442246615886688,3.2292821407318115
1360,0.022180406376719475,0.5943903923034668,0.13523679971694946,3.250612735748291
1361,0.02575002610683441,0.5940923690795898,0.13387291133403778,3.2112746238708496
1362,0.022258147597312927,0.5937943458557129,0.1332184225320816,3.193866014480591
1363,0.01992722973227501,0.5934963226318359,0.13515187799930573,3.2376227378845215
1364,0.02007044106721878,0.593198299407959,0.13624601066112518,3.2768380641937256
1365,0.02132154256105423,0.592900276184082,0.1358063519001007,3.257638931274414
1366,0.021515831351280212,0.5926022529602051,0.13580136001110077,3.256740093231201
1367,0.0224929116666317,0.5923042297363281,0.13686050474643707,3.288078784942627
1368,0.02065466158092022,0.5920062065124512,0.13431254029273987,3.2291667461395264
1369,0.022884508594870567,0.5917081832885742,0.1341976523399353,3.216421365737915
1370,0.02179684489965439,0.5914101600646973,0.1348671019077301,3.2340281009674072
1371,0.022166982293128967,0.5911121368408203,0.13378795981407166,3.220465660095215
1372,0.02085306867957115,0.5908141136169434,0.13663069903850555,3.2682600021362305
1373,0.024059828370809555,0.5905160903930664,0.13530674576759338,3.2460649013519287
1374,0.02231670543551445,0.5902180671691895,0.13602617383003235,3.2707109451293945
1375,0.020754121243953705,0.5899200439453125,0.13430754840373993,3.222106695175171
1376,0.021949704736471176,0.5896220207214355,0.13419264554977417,3.2262253761291504
1377,0.019769269973039627,0.5893239974975586,0.13510191440582275,3.234804153442383
1378,0.020953701809048653,0.5890259742736816,0.13534672558307648,3.247337579727173
1379,0.020762551575899124,0.5887279510498047,0.13316845893859863,3.1966912746429443
1380,0.020475052297115326,0.5884299278259277,0.1351468712091446,3.246936321258545
1381,0.02330603450536728,0.5881319046020508,0.13336330652236938,3.1972219944000244
1382,0.01883421652019024,0.5878338813781738,0.13371804356575012,3.202695846557617
1383,0.021157830953598022,0.5875358581542969,0.13569144904613495,3.2640044689178467
1384,0.01997510716319084,0.5872378349304199,0.13424262404441833,3.220710515975952
1385,0.024411067366600037,0.586939811706543,0.13512688875198364,3.2399511337280273
1386,0.02018284797668457,0.586641788482666,0.13534173369407654,3.2510416507720947
1387,0.021062947809696198,0.5863437652587891,0.13447242975234985,3.233823537826538
1388,0.019450724124908447,0.5860457420349121,0.13594624400138855,3.2492644786834717
1389,0.020627185702323914,0.5857477188110352,0.13394784927368164,3.221412181854248
1390,0.02114345133304596,0.5854496955871582,0.13558654487133026,3.2552692890167236
1391,0.02227133885025978,0.5851516723632812,0.13430756330490112,3.2246530055999756
1392,0.02114008739590645,0.5848536491394043,0.13446243107318878,3.2273285388946533
1393,0.019121456891298294,0.5845556259155273,0.13557155430316925,3.2550246715545654
1394,0.020275840535759926,0.5842576026916504,0.13612611591815948,3.258449077606201
1395,0.021200284361839294,0.5839595794677734,0.133633092045784,3.2111520767211914
1396,0.020054079592227936,0.5836615562438965,0.1354416459798813,3.2477943897247314
1397,0.02090507000684738,0.5833635330200195,0.13487711548805237,3.2394673824310303
1398,0.02146066725254059,0.5830655097961426,0.13515187799930573,3.2417893409729004
1399,0.019388359040021896,0.5827674865722656,0.13525179028511047,3.25
1400,0.021019164472818375,0.5824694633483887,0.13485711812973022,3.2285540103912354
1401,0.02148725837469101,0.5821714401245117,0.13394784927368164,3.2231619358062744
1402,0.021725352853536606,0.5818734169006348,0.13540667295455933,3.24849534034729
1403,0.018780358135700226,0.5815753936767578,0.13533174991607666,3.242892026901245
1404,0.019539441913366318,0.5812773704528809,0.13563647866249084,3.256004810333252
1405,0.020767971873283386,0.5809793472290039,0.13590127229690552,3.261342763900757
1406,0.021157313138246536,0.580681324005127,0.13542667031288147,3.2448530197143555
1407,0.021045640110969543,0.58038330078125,0.1347471922636032,3.243518352508545
1408,0.022155724465847015,0.580085277557373,0.13613107800483704,3.2653186321258545
1409,0.022644437849521637,0.5797872543334961,0.13613109290599823,3.2700979709625244
1410,0.02078799530863762,0.5794892311096191,0.13425759971141815,3.223726987838745
1411,0.01952962391078472,0.5791912078857422,0.13473720848560333,3.236151933670044
1412,0.02149086259305477,0.5788931846618652,0.13574640452861786,3.252941131591797
1413,0.018757598474621773,0.5785951614379883,0.13373300433158875,3.2086806297302246
1414,0.01949138008058071,0.5782971382141113,0.13559652864933014,3.2540442943573
1415,0.020697999745607376,0.5779991149902344,0.13560153543949127,3.2582173347473145
1416,0.022575702518224716,0.5777010917663574,0.1356165111064911,3.2564947605133057
1417,0.018719445914030075,0.5774030685424805,0.13621102273464203,3.261887550354004
1418,0.02290227636694908,0.5771050453186035,0.13582634925842285,3.2596065998077393
1419,0.02295471914112568,0.5768070220947266,0.13635091483592987,3.287132501602173
1420,0.02173648588359356,0.5765089988708496,0.13642585277557373,3.2580883502960205
1421,0.019568871706724167,0.5762109756469727,0.13445743918418884,3.2380785942077637
1422,0.02153114415705204,0.5759129524230957,0.13513188064098358,3.241544246673584
1423,0.02155921794474125,0.5756149291992188,0.13492704927921295,3.2376155853271484
1424,0.022735178470611572,0.5753169059753418,0.1366756707429886,3.2816174030303955
1425,0.02087506465613842,0.5750188827514648,0.136355921626091,3.271691083908081
1426,0.02129456214606762,0.5747208595275879,0.13651078939437866,3.2753474712371826
1427,0.02136298269033432,0.5744228363037109,0.13486212491989136,3.2412989139556885
1428,0.022482436150312424,0.574124813079834,0.13833433389663696,3.308823585510254
1429,0.022269804030656815,0.573826789855957,0.13448241353034973,3.234375
1430,0.02039123699069023,0.5735287666320801,0.13513188064098358,3.2405638694763184
1431,0.020388329401612282,0.5732307434082031,0.1364108771085739,3.2773149013519287
1432,0.0212240070104599,0.5729327201843262,0.13607613742351532,3.269362688064575
1433,0.019966429099440575,0.5726346969604492,0.13837431371212006,3.309558629989624
1434,0.021806471049785614,0.5723366737365723,0.13634093105793,3.278703451156616
1435,0.018291909247636795,0.5720386505126953,0.136355921626091,3.272426128387451
1436,0.023167090490460396,0.5717406272888184,0.13594624400138855,3.250490427017212
1437,0.022664377465844154,0.5714426040649414,0.13605614006519318,3.2788195610046387
1438,0.018711980432271957,0.5711445808410645,0.1359112709760666,3.267524242401123
1439,0.021601103246212006,0.5708465576171875,0.13617107272148132,3.2627317905426025
1440,0.019221263006329536,0.5705485343933105,0.1366506814956665,3.28063702583313
1441,0.019336212426424026,0.5702505111694336,0.1339428424835205,3.216176748275757
1442,0.021206384524703026,0.5699524879455566,0.1351468861103058,3.241319417953491
1443,0.020372554659843445,0.5696544647216797,0.1352567970752716,3.2486517429351807
1444,0.020020222291350365,0.5693564414978027,0.13558153808116913,3.2474262714385986
1445,0.02258511260151863,0.5690584182739258,0.13554157316684723,3.254629611968994
1446,0.020440606400370598,0.5687603950500488,0.13712529838085175,3.294363021850586
1447,0.020759232342243195,0.5684623718261719,0.13634592294692993,3.2711806297302246
1448,0.022343460470438004,0.5681643486022949,0.13658073544502258,3.275245189666748
1449,0.02046809531748295,0.567866325378418,0.1364358514547348,3.275367498397827
1450,0.019706489518284798,0.567568302154541,0.13468223810195923,3.2353007793426514
1451,0.020061513409018517,0.5672702789306641,0.1358063519001007,3.2634804248809814
1452,0.019058512523770332,0.5669722557067871,0.1343575119972229,3.218137264251709
1453,0.023180993273854256,0.5666742324829102,0.13752998411655426,3.299537420272827
1454,0.018845729529857635,0.5663762092590332,0.1365707367658615,3.279534101486206
1455,0.021018140017986298,0.5660781860351562,0.13717526197433472,3.2913191318511963
1456,0.019871192052960396,0.5657801628112793,0.13526678085327148,3.2395832538604736
1457,0.022809453308582306,0.5654821395874023,0.13561150431632996,3.2593138217926025
1458,0.0213775672018528,0.5651841163635254,0.13527679443359375,3.247800827026367
1459,0.022280771285295486,0.5648860931396484,0.134987011551857,3.243995189666748
1460,0.022710654884576797,0.5645880699157715,0.13721022009849548,3.287867546081543
1461,0.02264353260397911,0.5642900466918945,0.13690048456192017,3.28125
1462,0.022460538893938065,0.5639920234680176,0.13449740409851074,3.236764430999756
1463,0.018913552165031433,0.5636940002441406,0.13676558434963226,3.2781248092651367
1464,0.018467938527464867,0.5633959770202637,0.13578137755393982,3.2587010860443115
1465,0.019085384905338287,0.5630979537963867,0.13737009465694427,3.298161745071411
1466,0.021337255835533142,0.5627999305725098,0.13656075298786163,3.277777671813965
1467,0.021946316584944725,0.5625019073486328,0.13580136001110077,3.2587008476257324
1468,0.021519165486097336,0.5622038841247559,0.13704536855220795,3.28125
1469,0.02150217816233635,0.5619058609008789,0.13714028894901276,3.2964117527008057
1470,0.021028494462370872,0.561607837677002,0.1347871869802475,3.2322306632995605
1471,0.021252192556858063,0.561309814453125,0.13644585013389587,3.2771990299224854
1472,0.01854206994175911,0.561011791229248,0.136945441365242,3.282230854034424
1473,0.02372172102332115,0.5607137680053711,0.13475219905376434,3.2417895793914795
1474,0.020676247775554657,0.5604157447814941,0.13586631417274475,3.2559030055999756
1475,0.02143988572061062,0.5601177215576172,0.13684053719043732,3.2859065532684326
1476,0.021251143887639046,0.5598196983337402,0.13696043193340302,3.284926652908325
1477,0.02026357129216194,0.5595216751098633,0.13468223810195923,3.230902671813965
1478,0.01935425028204918,0.5592236518859863,0.13609613478183746,3.2685046195983887
1479,0.020886750891804695,0.5589256286621094,0.1352018415927887,3.2490739822387695
1480,0.019219569861888885,0.5586276054382324,0.1367705911397934,3.275244951248169
1481,0.020779984071850777,0.5583295822143555,0.13687551021575928,3.290196180343628
1482,0.021886223927140236,0.5580315589904785,0.13546162843704224,3.25150465965271
1483,0.02158605307340622,0.5577335357666016,0.13491705060005188,3.238970994949341
1484,0.020968325436115265,0.5574355125427246,0.13694044947624207,3.282965660095215
1485,0.021530020982027054,0.5571374893188477,0.13619104027748108,3.268749952316284
1486,0.02125735953450203,0.5568394660949707,0.13760492205619812,3.308823585510254
1487,0.019512418657541275,0.5565414428710938,0.13730016350746155,3.293865919113159
1488,0.021034948527812958,0.5562434196472168,0.1356314867734909,3.249877691268921
1489,0.02145395241677761,0.5559453964233398,0.13460232317447662,3.23370099067688
1490,0.02193172089755535,0.5556473731994629,0.13653577864170074,3.2775464057922363
1491,0.01825760491192341,0.5553493499755859,0.13841426372528076,3.3284316062927246
1492,0.018603168427944183,0.555051326751709,0.1365157812833786,3.263970375061035
1493,0.018987787887454033,0.554753303527832,0.13555656373500824,3.259490966796875
1494,0.020426925271749496,0.5544552803039551,0.13548161089420319,3.2605392932891846
1495,0.022263335064053535,0.5541572570800781,0.13694044947624207,3.278240919113159
1496,0.021084778010845184,0.5538592338562012,0.1368255317211151,3.281740427017212
1497,0.023492425680160522,0.5535612106323242,0.13807454705238342,3.3099262714385986
1498,0.019416753202676773,0.5532631874084473,0.1366756707429886,3.285069465637207
1499,0.02120242454111576,0.5529651641845703,0.1376948356628418,3.2976715564727783
1500,0.021945124492049217,0.5526671409606934,0.13513189554214478,3.2430148124694824
1501,0.020204979926347733,0.5523691177368164,0.1373201310634613,3.294097423553467
1502,0.021696876734495163,0.5520710945129395,0.13691546022891998,3.28737735748291
1503,0.019381459802389145,0.5517730712890625,0.13705036044120789,3.2967591285705566
1504,0.018789440393447876,0.5514750480651855,0.13452737033367157,3.2281861305236816
1505,0.019917737692594528,0.5511770248413086,0.13666068017482758,3.274142026901245
1506,0.020226292312145233,0.5508790016174316,0.13655076920986176,3.281712770462036
1507,0.02161187306046486,0.5505809783935547,0.13763490319252014,3.3026959896087646
1508,0.019879847764968872,0.5502829551696777,0.13677558302879333,3.283088207244873
1509,0.02262423187494278,0.5499849319458008,0.13625597953796387,3.2658565044403076
1510,0.021147919818758965,0.5496869087219238,0.136930450797081,3.2977941036224365
1511,0.0191783644258976,0.5493888854980469,0.13802458345890045,3.306365728378296
1512,0.02080598473548889,0.5490908622741699,0.1360761523246765,3.260416269302368
1513,0.018406936898827553,0.548792839050293,0.13662071526050568,3.2856619358062744
1514,0.017943991348147392,0.548494815826416,0.13865409791469574,3.3215277194976807
1515,0.02183852717280388,0.5481967926025391,0.13798460364341736,3.3082103729248047
1516,0.02042299136519432,0.5478987693786621,0.13780975341796875,3.3125
1517,0.019474823027849197,0.5476007461547852,0.1365307718515396,3.2760417461395264
1518,0.021808216348290443,0.5473027229309082,0.13682053983211517,3.284313678741455
1519,0.01955247111618519,0.5470046997070312,0.13574141263961792,3.261458158493042
1520,0.021062906831502914,0.5467066764831543,0.13841427862644196,3.3248772621154785
1521,0.019217532128095627,0.5464086532592773,0.1373751014471054,3.2948529720306396
1522,0.020237302407622337,0.5461106300354004,0.13779476284980774,3.299999952316284
1523,0.019109614193439484,0.5458126068115234,0.1364758163690567,3.278186321258545
1524,0.019440878182649612,0.5455145835876465,0.1376948356628418,3.301593065261841
1525,0.020726477727293968,0.5452165603637695,0.1373601108789444,3.3001158237457275
1526,0.02109050750732422,0.5449185371398926,0.13735511898994446,3.296813726425171
1527,0.021551568061113358,0.5446205139160156,0.13699540495872498,3.2909727096557617
1528,0.020375948399305344,0.5443224906921387,0.13764989376068115,3.2988970279693604
1529,0.02161068469285965,0.5440244674682617,0.13727517426013947,3.300612449645996
1530,0.01885112188756466,0.5437264442443848,0.13644084334373474,3.2741897106170654
1531,0.01969921961426735,0.5434284210205078,0.13700538873672485,3.282475233078003
1532,0.019306985661387444,0.5431303977966309,0.13818944990634918,3.312377691268921
1533,0.021848466247320175,0.5428323745727539,0.13637590408325195,3.275810480117798
1534,0.023549247533082962,0.542534351348877,0.13850419223308563,3.323529005050659
1535,0.020654721185564995,0.542236328125,0.13736510276794434,3.3054397106170654
1536,0.017373792827129364,0.541938304901123,0.1369704306125641,3.281250238418579
1537,0.0218035988509655,0.5416402816772461,0.13758490979671478,3.3055148124694824
1538,0.020494617521762848,0.5413422584533691,0.13672062754631042,3.279282569885254
1539,0.021352186799049377,0.5410442352294922,0.13728517293930054,3.299999713897705
1540,0.022921763360500336,0.5407462120056152,0.1380995213985443,3.314338207244873
1541,0.022524867206811905,0.5404481887817383,0.13801459968090057,3.3077547550201416
1542,0.02401558682322502,0.5401501655578613,0.13665567338466644,3.2784314155578613
1543,0.022810131311416626,0.5398521423339844,0.13748501241207123,3.304861068725586
1544,0.020340025424957275,0.5395541191101074,0.13757994771003723,3.3045341968536377
1545,0.02285655029118061,0.5392560958862305,0.1388489305973053,3.3261027336120605
1546,0.022635215893387794,0.5389580726623535,0.1359912008047104,3.2673611640930176
1547,0.02267422340810299,0.5386600494384766,0.13652577996253967,3.2654411792755127
1548,0.01990475319325924,0.5383620262145996,0.1385941356420517,3.334803819656372
1549,0.020800866186618805,0.5380640029907227,0.13676558434963226,3.2821757793426514
1550,0.018475022166967392,0.5377659797668457,0.13571643829345703,3.2550246715545654
1551,0.01986006088554859,0.5374679565429688,0.13760991394519806,3.3089122772216797
1552,0.02118753083050251,0.5371699333190918,0.13606615364551544,3.2653186321258545
1553,0.0204988494515419,0.5368719100952148,0.13553157448768616,3.2473037242889404
1554,0.01816408708691597,0.5365738868713379,0.14000798761844635,3.359722375869751
1555,0.018916111439466476,0.5362758636474609,0.13802959024906158,3.3171565532684326
1556,0.01887640915811062,0.535977840423584,0.1393984854221344,3.3493871688842773
1557,0.01967000961303711,0.535679817199707,0.13807955384254456,3.3070602416992188
1558,0.02219882234930992,0.5353817939758301,0.13683053851127625,3.2865192890167236
1559,0.019042639061808586,0.5350837707519531,0.1365157812833786,3.276273012161255
1560,0.01833607256412506,0.5347857475280762,0.13723020255565643,3.305147171020508
1561,0.021935101598501205,0.5344877243041992,0.13715527951717377,3.2791664600372314
1562,0.022573992609977722,0.5341897010803223,0.13749001920223236,3.3001160621643066
1563,0.016140157356858253,0.5338916778564453,0.13786470890045166,3.3074755668640137
1564,0.02077680081129074,0.5335936546325684,0.13832435011863708,3.316789150238037
1565,0.02129223197698593,0.5332956314086914,0.13686051964759827,3.283796548843384
1566,0.020603876560926437,0.5329976081848145,0.13758492469787598,3.304779291152954
1567,0.02195102348923683,0.5326995849609375,0.13782474398612976,3.3112268447875977
1568,0.017769332975149155,0.5324015617370605,0.1345573514699936,3.2346813678741455
1569,0.019503120332956314,0.5321035385131836,0.13626599311828613,3.273529291152954
1570,0.019875507801771164,0.5318055152893066,0.13797961175441742,3.2969906330108643
1571,0.02019207738339901,0.5315074920654297,0.13652077317237854,3.2778189182281494
1572,0.019480019807815552,0.5312094688415527,0.13672061264514923,3.2825982570648193
1573,0.021989958360791206,0.5309114456176758,0.13714028894901276,3.2967591285705566
1574,0.018222741782665253,0.5306134223937988,0.13658572733402252,3.284435987472534
1575,0.020150313153862953,0.5303153991699219,0.13771483302116394,3.2940969467163086
1576,0.020882757380604744,0.5300173759460449,0.13799959421157837,3.3087007999420166
1577,0.018831612542271614,0.529719352722168,0.13738009333610535,3.295220375061035
1578,0.021091697737574577,0.529421329498291,0.1364108771085739,3.2715280055999756
1579,0.019272828474640846,0.5291233062744141,0.13882394134998322,3.340686321258545
1580,0.020084351301193237,0.5288252830505371,0.1365957111120224,3.275857925415039
1581,0.019610384479165077,0.5285272598266602,0.13848921656608582,3.3162035942077637
1582,0.018522849306464195,0.5282292366027832,0.13783973455429077,3.3194851875305176
1583,0.019520675763487816,0.5279312133789062,0.13615109026432037,3.2673609256744385
1584,0.019765211269259453,0.5276331901550293,0.13685552775859833,3.286151885986328
1585,0.02000071294605732,0.5273351669311523,0.13712529838085175,3.2953431606292725
1586,0.020750027149915695,0.5270371437072754,0.13810449838638306,3.305324077606201
1587,0.019448593258857727,0.5267391204833984,0.13647082448005676,3.272303819656372
1588,0.022927599027752876,0.5264410972595215,0.13752499222755432,3.301715612411499
1589,0.019340014085173607,0.5261430740356445,0.13831934332847595,3.3168981075286865
1590,0.018757237121462822,0.5258450508117676,0.13727018237113953,3.299264907836914
1591,0.01883622631430626,0.5255470275878906,0.13724520802497864,3.29537034034729
1592,0.019437795504927635,0.5252490043640137,0.13846421241760254,3.321568727493286
1593,0.019366653636097908,0.5249509811401367,0.13815447688102722,3.314460515975952
1594,0.020636677742004395,0.5246529579162598,0.13895383477210999,3.330439805984497
1595,0.019338693469762802,0.5243549346923828,0.13778477907180786,3.3091909885406494
1596,0.020164981484413147,0.5240569114685059,0.13820943236351013,3.3147058486938477
1597,0.020742451772093773,0.5237588882446289,0.14058253169059753,3.373147964477539
1598,0.019354892894625664,0.523460865020752,0.13688048720359802,3.28737735748291
1599,0.020451698452234268,0.523162841796875,0.13833433389663696,3.3223378658294678
1600,0.023624446243047714,0.522864818572998,0.1377497911453247,3.308210849761963
1601,0.02136659249663353,0.5225667953491211,0.1373601257801056,3.2965686321258545
1602,0.021886758506298065,0.5222687721252441,0.1364208608865738,3.270949125289917
1603,0.02050669863820076,0.5219707489013672,0.1382194310426712,3.3162992000579834
1604,0.020119544118642807,0.5216727256774902,0.13703538477420807,3.2834556102752686
1605,0.020686183124780655,0.5213747024536133,0.13686050474643707,3.2828705310821533
1606,0.020961588248610497,0.5210766792297363,0.13772982358932495,3.306617498397827
1607,0.020760847255587578,0.5207786560058594,0.13739508390426636,3.307176113128662
1608,0.020526887848973274,0.5204806327819824,0.13890887796878815,3.332352876663208
1609,0.021444298326969147,0.5201826095581055,0.13722023367881775,3.2893383502960205
1610,0.019634775817394257,0.5198845863342285,0.13879895210266113,3.3332173824310303
1611,0.021423790603876114,0.5195865631103516,0.13836929202079773,3.3207106590270996
1612,0.019918490201234818,0.5192885398864746,0.1376698762178421,3.295833110809326
1613,0.022062567993998528,0.5189905166625977,0.13909372687339783,3.341782569885254
1614,0.02159133367240429,0.5186924934387207,0.13775481283664703,3.3126227855682373
1615,0.01969580538570881,0.5183944702148438,0.13974320888519287,3.352083444595337
1616,0.019948124885559082,0.5180964469909668,0.14008793234825134,3.364950656890869
1617,0.020721178501844406,0.5177984237670898,0.13736510276794434,3.30098032951355
1618,0.01995033398270607,0.5175004005432129,0.13844923675060272,3.314352035522461
1619,0.01885726861655712,0.5172023773193359,0.13802458345890045,3.312009811401367
1620,0.02266848087310791,0.516904354095459,0.13775978982448578,3.309926748275757
1621,0.021288713440299034,0.516606330871582,0.1385791301727295,3.310647964477539
1622,0.02094915322959423,0.5163083076477051,0.1384992003440857,3.3362746238708496
1623,0.02198953554034233,0.5160102844238281,0.13725018501281738,3.2971065044403076
1624,0.020421244204044342,0.5157122611999512,0.13844925165176392,3.3296568393707275
1625,0.021986085921525955,0.5154142379760742,0.1360761523246765,3.265195846557617
1626,0.02036338299512863,0.5151162147521973,0.139638289809227,3.342939853668213
1627,0.021249406039714813,0.5148181915283203,0.13960331678390503,3.3441176414489746
1628,0.019643766805529594,0.5145201683044434,0.13729515671730042,3.294607400894165
1629,0.02116590552031994,0.5142221450805664,0.1394384503364563,3.3491899967193604
1630,0.02020242065191269,0.5139241218566895,0.13832934200763702,3.3164217472076416
1631,0.021750688552856445,0.5136260986328125,0.13886891305446625,3.3390045166015625
1632,0.01863514818251133,0.5133280754089355,0.13775980472564697,3.3044116497039795
1633,0.020376449450850487,0.5130300521850586,0.13692046701908112,3.2888479232788086
1634,0.019230008125305176,0.5127320289611816,0.13909371197223663,3.332291841506958
1635,0.021687757223844528,0.5124340057373047,0.13848920166492462,3.324387311935425
1636,0.023352548480033875,0.5121359825134277,0.13891886174678802,3.3327205181121826
1637,0.01981004886329174,0.5118379592895508,0.13847921788692474,3.3225696086883545
1638,0.018984466791152954,0.5115399360656738,0.13886891305446625,3.3325979709625244
1639,0.02044292911887169,0.5112419128417969,0.13828936219215393,3.324768543243408
1640,0.018285445868968964,0.5109438896179199,0.13811950385570526,3.3164215087890625
1641,0.019721534103155136,0.510645866394043,0.13838428258895874,3.3183820247650146
1642,0.01797441951930523,0.510347843170166,0.13765987753868103,3.30138897895813
1643,0.018384629860520363,0.5100498199462891,0.1374400407075882,3.2982842922210693
1644,0.021883247420191765,0.5097517967224121,0.13774481415748596,3.309558629989624
1645,0.022346585988998413,0.5094537734985352,0.13827437162399292,3.3157408237457275
1646,0.017441276460886,0.5091557502746582,0.1380445659160614,3.3147058486938477
1647,0.01999456062912941,0.5088577270507812,0.13850918412208557,3.325462579727173
1648,0.020429082214832306,0.5085597038269043,0.13794463872909546,3.3122546672821045
1649,0.01842143014073372,0.5082616806030273,0.13795462250709534,3.30637264251709
1650,0.020090138539671898,0.5079636573791504,0.1380445659160614,3.3130786418914795
1651,0.018445881083607674,0.5076656341552734,0.1402827650308609,3.3699755668640137
1652,0.020290903747081757,0.5073676109313965,0.13652078807353973,3.270465612411499
1653,0.02354598045349121,0.5070695877075195,0.1372152417898178,3.292592763900757
1654,0.017260896041989326,0.5067715644836426,0.1382444053888321,3.3247549533843994
1655,0.02084765024483204,0.5064735412597656,0.1379796266555786,3.312152624130249
1656,0.020327584818005562,0.5061755180358887,0.13890886306762695,3.338970422744751
1657,0.020230529829859734,0.5058774948120117,0.13897882401943207,3.334681510925293
1658,0.0198292788118124,0.5055794715881348,0.13932354748249054,3.3371524810791016
1659,0.021519498899579048,0.5052814483642578,0.13815948367118835,3.312009811401367
1660,0.0190266203135252,0.5049834251403809,0.13788968324661255,3.3087007999420166
1661,0.02029717154800892,0.5046854019165039,0.13924360275268555,3.341550827026367
1662,0.02013346552848816,0.504387378692627,0.13878396153450012,3.3381125926971436
1663,0.01756523735821247,0.50408935546875,0.1391986459493637,3.339120388031006
1664,0.018892740830779076,0.503791332244873,0.13787469267845154,3.310784101486206
1665,0.02040698193013668,0.5034933090209961,0.13986310362815857,3.3542892932891846
1666,0.020699147135019302,0.5031952857971191,0.1373051404953003,3.2974536418914795
1667,0.020042330026626587,0.5028972625732422,0.13999801874160767,3.357598066329956
1668,0.02109714411199093,0.5025992393493652,0.13806456327438354,3.3117644786834717
1669,0.021378278732299805,0.5023012161254883,0.13903877139091492,3.331597328186035
1670,0.017741097137331963,0.5020031929016113,0.13756494224071503,3.3116421699523926
1671,0.019450508058071136,0.5017051696777344,0.13950340449810028,3.346412181854248
1672,0.018946800380945206,0.5014071464538574,0.13918864727020264,3.3435046672821045
1673,0.022171929478645325,0.5011091232299805,0.1360461711883545,3.2713234424591064
1674,0.019449686631560326,0.5008111000061035,0.1380845457315445,3.300231456756592
1675,0.02188248001039028,0.5005130767822266,0.13865907490253448,3.3360297679901123
1676,0.021468454971909523,0.5002150535583496,0.1400429755449295,3.3587005138397217
1677,0.019765101373195648,0.4998755156993866,0.13793964684009552,3.3062498569488525
1678,0.02155189961194992,0.49942848086357117,0.13800959289073944,3.31727933883667
1679,0.018863141536712646,0.49898144602775574,0.13969823718070984,3.351388931274414
1680,0.021522298455238342,0.4985344111919403,0.13903376460075378,3.3404412269592285
1681,0.02031610906124115,0.4980873763561249,0.14102716743946075,3.38443660736084
1682,0.018189186230301857,0.49764034152030945,0.14050759375095367,3.364351987838745
1683,0.02079404890537262,0.497193306684494,0.13707533478736877,3.2916669845581055
1684,0.020449301227927208,0.4967462718486786,0.13913868367671967,3.330636978149414
1685,0.021227501332759857,0.49629923701286316,0.13891386985778809,3.3386571407318115
1686,0.020782919600605965,0.49585220217704773,0.14037270843982697,3.3639705181121826
1687,0.022198425605893135,0.4954051673412323,0.1391836553812027,3.350926160812378
1688,0.022187119349837303,0.49495813250541687,0.1392086297273636,3.347916841506958
1689,0.019150149077177048,0.49451109766960144,0.13814948499202728,3.310784101486206
1690,0.01899120584130287,0.494064062833786,0.13969825208187103,3.346874952316284
1691,0.018239356577396393,0.4936170279979706,0.1408473253250122,3.384681224822998
1692,0.02200935408473015,0.49316999316215515,0.14083731174468994,3.3638479709625244
1693,0.021612005308270454,0.4927229583263397,0.13811451196670532,3.327662229537964
1694,0.019530396908521652,0.4922759234905243,0.1382194310426712,3.3204658031463623
1695,0.021500572562217712,0.49182888865470886,0.1385791301727295,3.3267362117767334
1696,0.01849573664367199,0.49138185381889343,0.1379646211862564,3.3090686798095703
1697,0.021031217649579048,0.490934818983078,0.13768984377384186,3.316666603088379
1698,0.021193116903305054,0.4904877841472626,0.14066745340824127,3.3615739345550537
1699,0.018221832811832428,0.49004074931144714,0.14054256677627563,3.3747549057006836
1700,0.019178669899702072,0.4895937144756317,0.13893386721611023,3.33284330368042
1701,0.018488319590687752,0.4891466796398163,0.13802959024906158,3.3146989345550537
1702,0.019896922633051872,0.48869964480400085,0.1387290060520172,3.3338234424591064
1703,0.01763494871556759,0.4882526099681854,0.14098221063613892,3.37951397895813
1704,0.01826494187116623,0.48780557513237,0.1392386108636856,3.341912031173706
1705,0.022380441427230835,0.48735854029655457,0.13929855823516846,3.351102590560913
1706,0.02069843001663685,0.48691150546073914,0.13988807797431946,3.351273536682129
1707,0.019130120053887367,0.4864644706249237,0.13936351239681244,3.340808629989624
1708,0.01868138462305069,0.4860174357891083,0.1418365240097046,3.4017159938812256
1709,0.017746809870004654,0.48557040095329285,0.1402577906847,3.3672451972961426
1710,0.01952843926846981,0.4851233661174774,0.13907374441623688,3.331005096435547
1711,0.019951574504375458,0.484676331281662,0.13841426372528076,3.3321757316589355
1712,0.01744695194065571,0.48422929644584656,0.1396682858467102,3.362255096435547
1713,0.019607415422797203,0.48378226161003113,0.14082233607769012,3.3765928745269775
1714,0.02065635286271572,0.4833352267742157,0.13895884156227112,3.32662034034729
1715,0.018775656819343567,0.48288819193840027,0.13797961175441742,3.3127450942993164
1716,0.018975263461470604,0.48244115710258484,0.14227117598056793,3.4161763191223145
1717,0.02080906182527542,0.4819941222667694,0.13909372687339783,3.3343751430511475
1718,0.022515911608934402,0.481547087430954,0.1381394863128662,3.319240093231201
1719,0.020063083618879318,0.48110005259513855,0.1405925303697586,3.3739583492279053
1720,0.017916273325681686,0.4806530177593231,0.13930855691432953,3.345588207244873
1721,0.01993083581328392,0.4802059829235077,0.14152179658412933,3.3993873596191406
1722,0.020894665271043777,0.47975894808769226,0.13946843147277832,3.339467763900757
1723,0.016697395592927933,0.47931191325187683,0.14185650646686554,3.403186321258545
1724,0.020677069202065468,0.4788648784160614,0.13915866613388062,3.3444855213165283
1725,0.0202250424772501,0.47841784358024597,0.1394134759902954,3.3458330631256104
1726,0.019604263827204704,0.47797080874443054,0.14005795121192932,3.365441083908081
1727,0.018960613757371902,0.4775237739086151,0.13783973455429077,3.307985544204712
1728,0.02330867201089859,0.4770767390727997,0.1404426544904709,3.3621323108673096
1729,0.020006142556667328,0.47662970423698425,0.1411420851945877,3.3991425037384033
1730,0.02022930420935154,0.4761826694011688,0.1409672349691391,3.3793981075286865
1731,0.01832307130098343,0.4757356345653534,0.1394634246826172,3.346323251724243
1732,0.01951589807868004,0.47528859972953796,0.14109711349010468,3.3772058486938477
1733,0.018811075016856194,0.47484156489372253,0.13710032403469086,3.297222375869751
1734,0.01853553205728531,0.4743945300579071,0.13913868367671967,3.3411762714385986
1735,0.020481670275330544,0.4739474952220917,0.13999299705028534,3.3636577129364014
1736,0.022101204842329025,0.47350046038627625,0.13946843147277832,3.346691370010376
1737,0.020477017387747765,0.4730534255504608,0.14016787707805634,3.367892026901245
1738,0.018885413184762,0.4726063907146454,0.13908374309539795,3.3353006839752197
1739,0.01839187555015087,0.47215935587882996,0.14008793234825134,3.351593017578125
1740,0.01926383562386036,0.4717123210430145,0.1404026746749878,3.375122308731079
1741,0.019731611013412476,0.4712652862071991,0.1394384354352951,3.3451387882232666
1742,0.02060854621231556,0.47081825137138367,0.14012789726257324,3.366788864135742
1743,0.019071245566010475,0.47037121653556824,0.14118705689907074,3.391087770462036
1744,0.01854095794260502,0.4699241816997528,0.13886891305446625,3.331740379333496
1745,0.021617529913783073,0.4694771468639374,0.14072242379188538,3.3796565532684326
1746,0.021578995510935783,0.46903011202812195,0.14094224572181702,3.3793981075286865
1747,0.018158677965402603,0.4685830771923065,0.14138689637184143,3.3892157077789307
1748,0.018284669145941734,0.4681360423564911,0.14098721742630005,3.3769609928131104
1749,0.018701894208788872,0.46768900752067566,0.13995304703712463,3.3710646629333496
1750,0.019347820430994034,0.46724197268486023,0.1388888955116272,3.3321077823638916
1751,0.019166072830557823,0.4667949378490448,0.13948841392993927,3.349073886871338
1752,0.01998998038470745,0.46634790301322937,0.1408073455095291,3.3784310817718506
1753,0.019157027825713158,0.46590086817741394,0.141596719622612,3.3910536766052246
1754,0.02174702100455761,0.4654538333415985,0.1402677744626999,3.3763890266418457
1755,0.02020930126309395,0.4650067985057831,0.14077237248420715,3.368504762649536
1756,0.0183987058699131,0.46455976366996765,0.14057253301143646,3.372549057006836
1757,0.01906690187752247,0.4641127288341522,0.14037269353866577,3.368865728378296
1758,0.02051216922700405,0.4636656939983368,0.13969825208187103,3.356863021850586
1759,0.01965852826833725,0.46321865916252136,0.1413019597530365,3.395949125289917
1760,0.01914869248867035,0.46277162432670593,0.140927255153656,3.379289150238037
1761,0.018959734588861465,0.4623245894908905,0.14022782444953918,3.3716914653778076
1762,0.017096998170018196,0.4618775546550751,0.14000798761844635,3.3554396629333496
1763,0.020391017198562622,0.46143051981925964,0.13957834243774414,3.351470708847046
1764,0.018988337367773056,0.4609834849834442,0.1413968950510025,3.385293960571289
1765,0.020275253802537918,0.4605364501476288,0.1422412097454071,3.414930582046509
1766,0.02062954381108284,0.46008941531181335,0.1409672349691391,3.3795344829559326
1767,0.0186145156621933,0.4596423804759979,0.1406974345445633,3.386110544204712
1768,0.017860490828752518,0.4591953456401825,0.14003296196460724,3.3656861782073975
1769,0.01865905337035656,0.45874831080436707,0.1392086297273636,3.3338234424591064
1770,0.020099788904190063,0.45830127596855164,0.14000798761844635,3.3604166507720947
1771,0.02111082524061203,0.4578542411327362,0.13960330188274384,3.343137264251709
1772,0.018076077103614807,0.4574072062969208,0.13893386721611023,3.343627691268921
1773,0.02151523530483246,0.45696017146110535,0.1406724601984024,3.372685194015503
1774,0.019963636994361877,0.4565131366252899,0.14235112071037292,3.4154415130615234
1775,0.01916559599339962,0.4560661017894745,0.1412869691848755,3.3938655853271484
1776,0.018370212987065315,0.45561906695365906,0.14115206897258759,3.390195846557617
1777,0.018505193293094635,0.45517203211784363,0.14056755602359772,3.379657030105591
1778,0.0170289259403944,0.4547249972820282,0.14159172773361206,3.386458158493042
1779,0.019050516188144684,0.45427796244621277,0.14057254791259766,3.375490427017212
1780,0.018963398411870003,0.45383092761039734,0.14169664680957794,3.392401933670044
1781,0.019243894144892693,0.4533838927745819,0.1408323347568512,3.3865740299224854
1782,0.01848469488322735,0.4529368579387665,0.14105716347694397,3.3835785388946533
1783,0.023122752085328102,0.45248982310295105,0.1407524049282074,3.3828704357147217
1784,0.0173978079110384,0.4520427882671356,0.14197641611099243,3.4155638217926025
1785,0.01831957697868347,0.4515957534313202,0.14057253301143646,3.3693628311157227
1786,0.018688898533582687,0.45114871859550476,0.14162668585777283,3.3895833492279053
1787,0.01771225966513157,0.45070168375968933,0.13995304703712463,3.3578431606292725
1788,0.02013426274061203,0.4502546489238739,0.14026778936386108,3.3681371212005615
1789,0.020064974203705788,0.44980761408805847,0.14053256809711456,3.3736112117767334
1790,0.019332198426127434,0.44936057925224304,0.14139188826084137,3.397181510925293
1791,0.01837308518588543,0.4489135444164276,0.14108212292194366,3.3862271308898926
1792,0.020322714000940323,0.4484665095806122,0.14117705821990967,3.383823871612549
1793,0.02007993683218956,0.44801947474479675,0.139543354511261,3.3541667461395264
1794,0.017307132482528687,0.4475724399089813,0.14093725383281708,3.3769679069519043
1795,0.019730856642127037,0.4471254050731659,0.14176158607006073,3.4041666984558105
1796,0.01885213889181614,0.44667837023735046,0.1427757740020752,3.420220375061035
1797,0.02106059342622757,0.44623133540153503,0.13968826830387115,3.3637728691101074
1798,0.01796276867389679,0.4457843005657196,0.14232614636421204,3.420097827911377
1799,0.01984327659010887,0.4453372657299042,0.14151179790496826,3.39212965965271
1800,0.02277199923992157,0.44489023089408875,0.1414618343114853,3.401348114013672
1801,0.01925218291580677,0.4444431960582733,0.14253097772598267,3.4095590114593506
1802,0.020579665899276733,0.4439961612224579,0.1418115347623825,3.4094905853271484
1803,0.01765488088130951,0.44354912638664246,0.1407124251127243,3.3715686798095703
1804,0.01891692914068699,0.443102091550827,0.14338527619838715,3.442401647567749
1805,0.021024566143751144,0.4426550567150116,0.14114707708358765,3.3862268924713135
1806,0.018595345318317413,0.44220802187919617,0.14146184921264648,3.3926470279693604
1807,0.019743718206882477,0.44176098704338074,0.14046263694763184,3.3793981075286865
1808,0.01711590774357319,0.4413139522075653,0.1419714391231537,3.411642074584961
1809,0.018595736473798752,0.4408669173717499,0.14066247642040253,3.3759801387786865
1810,0.022048939019441605,0.44041988253593445,0.1419464349746704,3.3987269401550293
1811,0.017826545983552933,0.439972847700119,0.14188149571418762,3.408823251724243
1812,0.019577091559767723,0.4395258128643036,0.14276079833507538,3.4240195751190186
1813,0.018602721393108368,0.43907877802848816,0.14274579286575317,3.4219908714294434
1814,0.018127836287021637,0.43863174319267273,0.14179155230522156,3.400735378265381
1815,0.019391346722841263,0.4381847083568573,0.14033272862434387,3.376852035522461
1816,0.018207740038633347,0.43773767352104187,0.141706645488739,3.394362449645996
1817,0.020341143012046814,0.43729063868522644,0.14128197729587555,3.3981618881225586
1818,0.018944934010505676,0.436843603849411,0.14095723628997803,3.3824076652526855
1819,0.01954302191734314,0.4363965690135956,0.14085230231285095,3.376715660095215
1820,0.01938408985733986,0.43594953417778015,0.14242106676101685,3.4144606590270996
1821,0.016670819371938705,0.4355024993419647,0.1419064700603485,3.4101850986480713
1822,0.018128056079149246,0.4350554645061493,0.14187149703502655,3.4055142402648926
1823,0.018955189734697342,0.43460842967033386,0.14308054745197296,3.43483829498291
1824,0.02055668644607067,0.43416139483451843,0.1414768397808075,3.398038864135742
1825,0.019563108682632446,0.433714359998703,0.14160670340061188,3.3975489139556885
1826,0.018305141478776932,0.4332673251628876,0.14101719856262207,3.3817129135131836
1827,0.019516421481966972,0.43282029032707214,0.14086231589317322,3.3765931129455566
1828,0.017606105655431747,0.4323732554912567,0.14279577136039734,3.430759906768799
1829,0.01911928504705429,0.4319262206554413,0.1423760950565338,3.413078546524048
1830,0.017971783876419067,0.43147918581962585,0.14055755734443665,3.381617546081543
1831,0.019885657355189323,0.4310321509838104,0.14072242379188538,3.3753468990325928
1832,0.018079329282045364,0.430585116147995,0.1406324952840805,3.3795344829559326
1833,0.020191675052046776,0.43013808131217957,0.1427358090877533,3.4210784435272217
1834,0.01906997710466385,0.42969104647636414,0.14309053122997284,3.4270832538604736
1835,0.01766987144947052,0.4292440116405487,0.1404576301574707,3.3638479709625244
1836,0.018066076561808586,0.4287969768047333,0.14046263694763184,3.3781864643096924
1837,0.02070923149585724,0.42834994196891785,0.14247101545333862,3.4140045642852783
1838,0.019561273977160454,0.4279029071331024,0.14114706218242645,3.401592969894409
1839,0.01860314980149269,0.427455872297287,0.14192646741867065,3.402082920074463
1840,0.017331957817077637,0.42700883746147156,0.14139187335968018,3.3915441036224365
1841,0.017816804349422455,0.42656180262565613,0.1418115496635437,3.4113969802856445
1842,0.01784391701221466,0.4261147677898407,0.1431105136871338,3.4238429069519043
1843,0.017058134078979492,0.42566773295402527,0.142441064119339,3.4208335876464844
1844,0.01993509754538536,0.42522069811820984,0.14183653891086578,3.4028189182281494
1845,0.019720636308193207,0.4247736632823944,0.14259092509746552,3.4239580631256104
1846,0.017215143889188766,0.424326628446579,0.14260591566562653,3.4203431606292725
1847,0.019594553858041763,0.42387959361076355,0.14156675338745117,3.4010417461395264
1848,0.02042526751756668,0.4234325587749481,0.1428307294845581,3.4294118881225586
1849,0.01871606707572937,0.4229855239391327,0.14363010227680206,3.4504899978637695
1850,0.017036765813827515,0.42253848910331726,0.14159172773361206,3.3928239345550537
1851,0.017759371548891068,0.42209145426750183,0.143540158867836,3.441789150238037
1852,0.01856197416782379,0.4216444194316864,0.14503395557403564,3.48026967048645
1853,0.02140904776751995,0.42119738459587097,0.14330534636974335,3.4384260177612305
1854,0.019547121599316597,0.42075034976005554,0.14343026280403137,3.4457106590270996
1855,0.02161278761923313,0.4203033149242401,0.14166666567325592,3.4057867527008057
1856,0.01816333644092083,0.4198562800884247,0.14178158342838287,3.4072303771972656
1857,0.020341679453849792,0.41940924525260925,0.14344024658203125,3.443382501602173
1858,0.016453642398118973,0.4189622104167938,0.14312048256397247,3.4236111640930176
1859,0.017310112714767456,0.4185151755809784,0.14315049350261688,3.44705867767334
1860,0.017405662685632706,0.41806814074516296,0.1439148634672165,3.4419116973876953
1861,0.020816883072257042,0.41762110590934753,0.14197641611099243,3.403472423553467
1862,0.018703395500779152,0.4171740710735321,0.14351019263267517,3.448284149169922
1863,0.02100520394742489,0.4167270362377167,0.1418665051460266,3.413888692855835
1864,0.019926339387893677,0.41628000140190125,0.14082235097885132,3.381495237350464
1865,0.019765688106417656,0.4158329665660858,0.14360511302947998,3.4406864643096924
1866,0.018351305276155472,0.4153859317302704,0.14246603846549988,3.4231481552124023
1867,0.016566606238484383,0.41493889689445496,0.1427258402109146,3.421201229095459
1868,0.020493214949965477,0.4144918620586395,0.14238609373569489,3.4126226902008057
1869,0.020466865971684456,0.4140448272228241,0.14259092509746552,3.426851511001587
1870,0.020140497013926506,0.41359779238700867,0.14223621785640717,3.412254810333252
1871,0.019190313294529915,0.41315075755119324,0.1422661989927292,3.4190969467163086
1872,0.020908471196889877,0.4127037227153778,0.14066746830940247,3.370955467224121
1873,0.019470643252134323,0.4122566878795624,0.14137689769268036,3.3932597637176514
1874,0.01857737824320793,0.41180965304374695,0.14339527487754822,3.4434030055999756
1875,0.019267383962869644,0.4113626182079315,0.14288069307804108,3.428553581237793
1876,0.017773617058992386,0.4109155833721161,0.1442795693874359,3.463357925415039
1877,0.018509654328227043,0.41046854853630066,0.14311550557613373,3.436689615249634
1878,0.01912076398730278,0.41002151370048523,0.14401978254318237,3.45379900932312
1879,0.020514674484729767,0.4095744788646698,0.14122700691223145,3.3928239345550537
1880,0.018582789227366447,0.40912744402885437,0.1427907645702362,3.422916889190674
1881,0.018264349550008774,0.40868040919303894,0.14253097772598267,3.422426700592041
1882,0.020891636610031128,0.4082333743572235,0.14284071326255798,3.428819179534912
1883,0.01907128468155861,0.4077863395214081,0.142855703830719,3.4215686321258545
1884,0.01968754455447197,0.40733930468559265,0.14196643233299255,3.405024528503418
1885,0.02067801170051098,0.4068922698497772,0.1429906189441681,3.433680534362793
1886,0.02017713338136673,0.4064452350139618,0.14386491477489471,3.456617832183838
1887,0.01883544772863388,0.40599820017814636,0.1413569152355194,3.398263692855835
1888,0.018571672961115837,0.40555116534233093,0.14067746698856354,3.36960768699646
1889,0.019815437495708466,0.4051041305065155,0.14269085228443146,3.4312498569488525
1890,0.017026936635375023,0.4046570956707001,0.14282573759555817,3.422685384750366
1891,0.01948717050254345,0.40421006083488464,0.14269085228443146,3.4257352352142334
1892,0.02138303406536579,0.4037630259990692,0.14199639856815338,3.4022057056427
1893,0.019191736355423927,0.4033159911632538,0.14448441565036774,3.4678237438201904
1894,0.01861639693379402,0.40286895632743835,0.14210131764411926,3.415318489074707
1895,0.019423723220825195,0.4024219214916229,0.1430705338716507,3.434722423553467
1896,0.01722969114780426,0.4019748866558075,0.14236609637737274,3.419607400894165
1897,0.019619308412075043,0.40152785181999207,0.14257095754146576,3.412254571914673
1898,0.017541006207466125,0.40108081698417664,0.14229616522789001,3.4196760654449463
1899,0.019653141498565674,0.4006337821483612,0.14287069439888,3.42720627784729
1900,0.01954035274684429,0.4001867473125458,0.14395982027053833,3.456862449645996
1901,0.018591634929180145,0.39973971247673035,0.14280074834823608,3.4317128658294678
1902,0.018410533666610718,0.3992926776409149,0.14125199615955353,3.383333206176758
1903,0.01943274401128292,0.3988456428050995,0.1441047042608261,3.460763931274414
1904,0.018451504409313202,0.39839860796928406,0.14482414722442627,3.4794116020202637
1905,0.017516853287816048,0.39795157313346863,0.1420113742351532,3.411029577255249
1906,0.020197730511426926,0.3975045382976532,0.1441846489906311,3.4495370388031006
1907,0.01756851002573967,0.39705750346183777,0.1415567547082901,3.402205467224121
1908,0.019469281658530235,0.39661046862602234,0.14358511567115784,3.4329659938812256
1909,0.018968582153320312,0.3961634337902069,0.14387987554073334,3.4575231075286865
1910,0.020233847200870514,0.3957163989543915,0.142950639128685,3.4340689182281494
1911,0.018860487267374992,0.39526936411857605,0.14398980140686035,3.458333730697632
1912,0.01760115660727024,0.3948223292827606,0.1418365240097046,3.4061272144317627
1913,0.0205896757543087,0.3943752944469452,0.14317046105861664,3.4419119358062744
1914,0.019871380180120468,0.39392825961112976,0.14316047728061676,3.428471803665161
1915,0.019503815099596977,0.39348122477531433,0.1431404948234558,3.435661792755127
1916,0.01796628162264824,0.3930341899394989,0.14353018999099731,3.432842969894409
1917,0.01697821542620659,0.39258715510368347,0.14366507530212402,3.4537036418914795
1918,0.01986987516283989,0.39214012026786804,0.14491406083106995,3.477818489074707
1919,0.01867550052702427,0.3916930854320526,0.14295563101768494,3.436342239379883
1920,0.017932996153831482,0.3912460505962372,0.1430855393409729,3.437377691268921
1921,0.018316281959414482,0.39079901576042175,0.14457935094833374,3.45318603515625
1922,0.017996376380324364,0.3903519809246063,0.14454437792301178,3.479513645172119
1923,0.017366068437695503,0.3899049460887909,0.14419464766979218,3.4611523151397705
1924,0.017804168164730072,0.38945791125297546,0.1441696584224701,3.4546568393707275
1925,0.02148536965250969,0.38901087641716003,0.14195643365383148,3.413078784942627
1926,0.01884596236050129,0.3885638415813446,0.1437550187110901,3.4529411792755127
1927,0.018466943874955177,0.3881168067455292,0.14289569854736328,3.4296298027038574
1928,0.018816109746694565,0.38766977190971375,0.14449439942836761,3.464092969894409
1929,0.01838577166199684,0.3872227370738983,0.14335031807422638,3.446568489074707
1930,0.020896289497613907,0.3867757022380829,0.14333033561706543,3.4342589378356934
1931,0.01916935294866562,0.38632866740226746,0.14423461258411407,3.4583332538604736
1932,0.019989684224128723,0.385881632566452,0.14393985271453857,3.4533088207244873
1933,0.019126642495393753,0.3854345977306366,0.14497902989387512,3.4781248569488525
1934,0.01879209280014038,0.38498756289482117,0.14434951543807983,3.4689950942993164
1935,0.019025493413209915,0.38454052805900574,0.1424010843038559,3.4236111640930176
1936,0.02026437595486641,0.3840934932231903,0.14356015622615814,3.4509801864624023
1937,0.020515432581305504,0.3836464583873749,0.14393486082553864,3.453063726425171
1938,0.01825958862900734,0.38319942355155945,0.14327538013458252,3.4332172870635986
1939,0.02099168300628662,0.382752388715744,0.14419963955879211,3.459068775177002
1940,0.02132601849734783,0.3823053538799286,0.1441846489906311,3.4643383026123047
1941,0.021003609523177147,0.38185831904411316,0.1433803141117096,3.4334490299224854
1942,0.01847739890217781,0.38141128420829773,0.14333033561706543,3.447916269302368
1943,0.019397541880607605,0.3809642493724823,0.14151179790496826,3.398611307144165
1944,0.020233750343322754,0.38051721453666687,0.1439848095178604,3.4594364166259766
1945,0.018010403960943222,0.38007017970085144,0.14498400688171387,3.4799020290374756
1946,0.017942538484930992,0.379623144865036,0.14495402574539185,3.46759295463562
1947,0.01633846014738083,0.3791761100292206,0.14454436302185059,3.4752447605133057
1948,0.018019426614046097,0.37872907519340515,0.1443994641304016,3.4535536766052246
1949,0.019226567819714546,0.3782820403575897,0.14262588322162628,3.4324071407318115
1950,0.01965348795056343,0.3778350055217743,0.1433952897787094,3.4373772144317627
1951,0.017310334369540215,0.37738797068595886,0.1450289785861969,3.4883100986480713
1952,0.018757078796625137,0.37694093585014343,0.14482414722442627,3.477083444595337
1953,0.017945244908332825,0.376493901014328,0.14301559329032898,3.425490379333496
1954,0.01720721274614334,0.3760468661785126,0.14389488101005554,3.454976797103882
1955,0.018056176602840424,0.37559983134269714,0.1450439691543579,3.4805145263671875
1956,0.016482213512063026,0.3751527965068817,0.14574341475963593,3.498897075653076
1957,0.017411407083272934,0.3747057616710663,0.14402978122234344,3.4597222805023193
1958,0.019481346011161804,0.37425872683525085,0.14536871016025543,3.4977941513061523
1959,0.02462303638458252,0.3738116919994354,0.14597320556640625,3.4956018924713135
1960,0.01915805973112583,0.37336465716362,0.14446942508220673,3.473038911819458
1961,0.017531247809529305,0.37291762232780457,0.14351019263267517,3.4383578300476074
1962,0.01954037696123123,0.37247058749198914,0.14436450600624084,3.4631946086883545
1963,0.017433302477002144,0.3720235526561737,0.14394985139369965,3.456862449645996
1964,0.01936306618154049,0.3715765178203583,0.14687751233577728,3.512744903564453
1965,0.02110014483332634,0.37112948298454285,0.14457932114601135,3.4745371341705322
1966,0.01616327092051506,0.3706824481487274,0.14377997815608978,3.458333730697632
1967,0.017529521137475967,0.370235413312912,0.1443994790315628,3.465277671813965
1968,0.018595349043607712,0.36978837847709656,0.14568345248699188,3.4959561824798584
1969,0.01757402904331684,0.36934134364128113,0.14233611524105072,3.424877405166626
1970,0.01742320880293846,0.3688943088054657,0.14487411081790924,3.4643518924713135
1971,0.019357863813638687,0.36844727396965027,0.1444394439458847,3.4539215564727783
1972,0.016618885099887848,0.36800023913383484,0.1435951143503189,3.4522058963775635
1973,0.022864842787384987,0.3675532042980194,0.14368005096912384,3.45011568069458
1974,0.017176780849695206,0.367106169462204,0.14466926455497742,3.480269432067871
1975,0.019349323585629463,0.36665913462638855,0.14586329460144043,3.5005786418914795
1976,0.01810627430677414,0.3662120997905731,0.1451089084148407,3.4865193367004395
1977,0.02002708613872528,0.3657650649547577,0.14456932246685028,3.4763481616973877
1978,0.019321903586387634,0.36531803011894226,0.14582335948944092,3.489351987838745
1979,0.01736876368522644,0.36487099528312683,0.1440497636795044,3.4568631649017334
1980,0.019876375794410706,0.3644239604473114,0.14578337967395782,3.487377166748047
1981,0.01836862601339817,0.36397692561149597,0.1447492092847824,3.483217477798462
1982,0.01686764508485794,0.36352989077568054,0.1458083540201187,3.4893386363983154
1983,0.020033296197652817,0.3630828559398651,0.14268584549427032,3.4378468990325928
1984,0.018836714327335358,0.3626358211040497,0.14572341740131378,3.4949753284454346
1985,0.018355464562773705,0.36218878626823425,0.14558352530002594,3.4997549057006836
1986,0.0167238749563694,0.3617417514324188,0.1434352695941925,3.44050931930542
1987,0.020614301785826683,0.3612947165966034,0.1466926485300064,3.5188727378845215
1988,0.02051876112818718,0.36084768176078796,0.14416466653347015,3.4589457511901855
1989,0.018854331225156784,0.36040064692497253,0.1442645937204361,3.460763931274414
1990,0.018704261630773544,0.3599536120891571,0.1438499242067337,3.44840669631958
1991,0.016818968579173088,0.3595065772533417,0.14389987289905548,3.4636576175689697
1992,0.01834532618522644,0.35905954241752625,0.14403976500034332,3.458087921142578
1993,0.01718655228614807,0.3586125075817108,0.14507395029067993,3.473651885986328
1994,0.019116465002298355,0.3581654727458954,0.14346522092819214,3.4490740299224854
1995,0.0179430041462183,0.35771843791007996,0.14564348757266998,3.4985294342041016
1996,0.01920805126428604,0.3572714030742645,0.14724218845367432,3.525857925415039
1997,0.018163803964853287,0.3568243682384491,0.14479416608810425,3.4743053913116455
1998,0.019382355734705925,0.35637733340263367,0.14462429285049438,3.470465660095215
1999,0.01961779035627842,0.35593029856681824,0.14329537749290466,3.449305534362793
2000,0.0221002995967865,0.3554832637310028,0.14516885578632355,3.4859068393707275
2001,0.017370909452438354,0.3550362288951874,0.14376498758792877,3.452573537826538
2002,0.019399479031562805,0.35458919405937195,0.14487409591674805,3.465277671813965
2003,0.01756170578300953,0.3541421592235565,0.14462429285049438,3.475857973098755
2004,0.020809084177017212,0.3536951243877411,0.14392487704753876,3.454779624938965
2005,0.018418191000819206,0.35324808955192566,0.143635094165802,3.4467594623565674
2006,0.01926197111606598,0.35280105471611023,0.14573340117931366,3.501102924346924
2007,0.01811271905899048,0.3523540198802948,0.14386990666389465,3.4540510177612305
2008,0.017226919531822205,0.35190698504447937,0.14533373713493347,3.49056339263916
2009,0.01966170407831669,0.35145995020866394,0.14458432793617249,3.471200704574585
2010,0.01763789728283882,0.3510129153728485,0.14715726673603058,3.518749952316284
2011,0.019812896847724915,0.3505658805370331,0.14539369940757751,3.485661506652832
2012,0.020567161962389946,0.35011884570121765,0.1453637033700943,3.4817402362823486
2013,0.016918985173106194,0.3496718108654022,0.14416466653347015,3.468287229537964
2014,0.019312400370836258,0.3492247760295868,0.1459532380104065,3.502450942993164
2015,0.019162682816386223,0.34877774119377136,0.14534373581409454,3.4994213581085205
2016,0.020952627062797546,0.34833070635795593,0.14504896104335785,3.475980281829834
2017,0.017638839781284332,0.3478836715221405,0.146262988448143,3.5091912746429443
2018,0.019205287098884583,0.3474366366863251,0.14762189984321594,3.5459492206573486
2019,0.016952646896243095,0.34698960185050964,0.14554856717586517,3.48909330368042
2020,0.018365193158388138,0.3465425670146942,0.14525379240512848,3.485416889190674
2021,0.017722520977258682,0.3460955321788788,0.14617806673049927,3.5050923824310303
2022,0.017413688823580742,0.34564849734306335,0.1459932029247284,3.498897075653076
2023,0.018252216279506683,0.3452014625072479,0.14593325555324554,3.515277624130249
2024,0.018145954236388206,0.3447544276714325,0.14436951279640198,3.4642155170440674
2025,0.01625003293156624,0.34430739283561707,0.14539867639541626,3.4960782527923584
2026,0.016039850190281868,0.34386035799980164,0.14397981762886047,3.4471065998077393
2027,0.018031161278486252,0.3434133231639862,0.14601320028305054,3.4997549057006836
2028,0.017885277047753334,0.3429662883281708,0.14608313143253326,3.507474899291992
2029,0.01820841059088707,0.34251925349235535,0.14419963955879211,3.4662036895751953
2030,0.019450044259428978,0.3420722186565399,0.14402976632118225,3.451347827911377
2031,0.020565887913107872,0.3416251838207245,0.14523878693580627,3.4929397106170654
2032,0.015990713611245155,0.34117814898490906,0.14580334722995758,3.498161792755127
2033,0.020002789795398712,0.34073111414909363,0.1435401737689972,3.448162078857422
2034,0.017493965104222298,0.3402840793132782,0.1474020779132843,3.5268518924713135
2035,0.01702043041586876,0.33983704447746277,0.14587830007076263,3.506617784500122
2036,0.016841184347867966,0.33939000964164734,0.14622801542282104,3.501838445663452
2037,0.016483448445796967,0.3389429748058319,0.1450289785861969,3.4769673347473145
2038,0.019776025786995888,0.3384959399700165,0.14450938999652863,3.4764702320098877
2039,0.017807140946388245,0.33804890513420105,0.1444794088602066,3.4731478691101074
2040,0.02190999500453472,0.3376018702983856,0.14606314897537231,3.5050246715545654
2041,0.016443336382508278,0.3371548354625702,0.14451439678668976,3.4665443897247314
2042,0.01848405785858631,0.33670780062675476,0.14708732068538666,3.526041269302368
2043,0.016980748623609543,0.33626076579093933,0.1449490338563919,3.4786765575408936
2044,0.01830349862575531,0.3358137309551239,0.14435452222824097,3.4644603729248047
2045,0.016819166019558907,0.33536669611930847,0.14556854963302612,3.4929399490356445
2046,0.018656082451343536,0.33491966128349304,0.14464427530765533,3.468259811401367
2047,0.01895437017083168,0.3344726264476776,0.14798161387443542,3.5567128658294678
2048,0.017052995041012764,0.3340255916118622,0.14480914175510406,3.4737746715545654
2049,0.018943021073937416,0.33357855677604675,0.1465028077363968,3.513112783432007
2050,0.017993580549955368,0.3331315219402313,0.14607813954353333,3.509143352508545
2051,0.018237968906760216,0.3326844871044159,0.14545364677906036,3.4901959896087646
2052,0.020157108083367348,0.33223745226860046,0.14694744348526,3.5164217948913574
2053,0.017774758860468864,0.33179041743278503,0.14638787508010864,3.5159718990325928
2054,0.019307458773255348,0.3313433825969696,0.1454186588525772,3.490931510925293
2055,0.018637217581272125,0.3308963477611542,0.14671261608600616,3.5276622772216797
2056,0.018110185861587524,0.33044931292533875,0.14524878561496735,3.483210563659668
2057,0.018838729709386826,0.3300022780895233,0.14618803560733795,3.5250000953674316
2058,0.01647966168820858,0.3295552432537079,0.14637790620326996,3.496528148651123
2059,0.018531451001763344,0.32910820841789246,0.14558354020118713,3.489828586578369
2060,0.016392119228839874,0.328661173582077,0.1458882838487625,3.5056376457214355
2061,0.016131998971104622,0.3282141387462616,0.1462080329656601,3.5062499046325684
2062,0.01779612898826599,0.32776710391044617,0.1458982676267624,3.502328395843506
2063,0.016752904281020164,0.32732006907463074,0.14637789130210876,3.51712965965271
2064,0.018516184762120247,0.3268730342388153,0.14631295204162598,3.514460802078247
2065,0.019140837714076042,0.3264259994029999,0.1460081934928894,3.502941370010376
2066,0.01659097522497177,0.32597896456718445,0.14515386521816254,3.4783565998077393
2067,0.018485713750123978,0.325531929731369,0.1461031287908554,3.506739854812622
2068,0.017256321385502815,0.3250848948955536,0.14452439546585083,3.469852924346924
2069,0.017205534502863884,0.32463786005973816,0.14642785489559174,3.5075230598449707
2070,0.018037449568510056,0.32419082522392273,0.14664269983768463,3.5279412269592285
2071,0.02032003365457058,0.3237437903881073,0.14656776189804077,3.518287420272827
2072,0.017549380660057068,0.32329675555229187,0.14729218184947968,3.539215326309204
2073,0.01772099919617176,0.32284972071647644,0.14669263362884521,3.5214459896087646
2074,0.019635872915387154,0.322402685880661,0.14677757024765015,3.5113422870635986
2075,0.020119521766901016,0.3219556510448456,0.14689747989177704,3.5328428745269775
2076,0.01942107267677784,0.32150861620903015,0.1467975676059723,3.521568536758423
2077,0.018106261268258095,0.3210615813732147,0.14721223711967468,3.528587818145752
2078,0.01938757672905922,0.3206145465373993,0.14474420249462128,3.4785540103912354
2079,0.018424758687615395,0.32016751170158386,0.14738710224628448,3.536921501159668
2080,0.01692870445549488,0.31972047686576843,0.14681755006313324,3.5242650508880615
2081,0.017736099660396576,0.319273442029953,0.14635790884494781,3.517401933670044
2082,0.019387155771255493,0.3188264071941376,0.1468375325202942,3.5153934955596924
2083,0.021210603415966034,0.31837937235832214,0.14526377618312836,3.4840686321258545
2084,0.016986729577183723,0.3179323375225067,0.14578337967395782,3.4992644786834717
2085,0.017673354595899582,0.3174853026866913,0.14566347002983093,3.496875047683716
2086,0.01906038634479046,0.31703826785087585,0.14488908648490906,3.476593017578125
2087,0.017118124291300774,0.3165912330150604,0.14655275642871857,3.520949125289917
2088,0.016540825366973877,0.316144198179245,0.14594824612140656,3.505882501602173
2089,0.016925394535064697,0.31569716334342957,0.1467176079750061,3.5220587253570557
2090,0.01834818162024021,0.31525012850761414,0.14492906630039215,3.471759080886841
2091,0.019243326038122177,0.3148030936717987,0.14663270115852356,3.5212011337280273
2092,0.018494583666324615,0.3143560588359833,0.14695245027542114,3.518505096435547
2093,0.018686477094888687,0.31390902400016785,0.14689747989177704,3.5326385498046875
2094,0.01687581092119217,0.3134619891643524,0.1440647542476654,3.4558823108673096
2095,0.020775947719812393,0.313014954328537,0.14921563863754272,3.5820600986480713
2096,0.016604188829660416,0.31256791949272156,0.14637291431427002,3.517401933670044
2097,0.01611843705177307,0.31212088465690613,0.14554354548454285,3.501225471496582
2098,0.017706850543618202,0.3116738498210907,0.1474020928144455,3.520486354827881
2099,0.017217500135302544,0.31122681498527527,0.1465827375650406,3.5185046195983887
2100,0.01694401539862156,0.31077978014945984,0.14769186079502106,3.5453431606292725
2101,0.01956190913915634,0.3103327453136444,0.14717724919319153,3.5298609733581543
2102,0.02026919089257717,0.309885710477829,0.14685750007629395,3.5242648124694824
2103,0.016916200518608093,0.30943867564201355,0.1457933783531189,3.505323886871338
2104,0.018956253305077553,0.3089916408061981,0.14723719656467438,3.5376224517822266
2105,0.01649104803800583,0.3085446059703827,0.1471322923898697,3.533088207244873
2106,0.016542240977287292,0.30809757113456726,0.14756695926189423,3.533449172973633
2107,0.017851686105132103,0.30765053629875183,0.14778678119182587,3.5458335876464844
2108,0.01897994615137577,0.3072035014629364,0.14648282527923584,3.5158090591430664
2109,0.018076635897159576,0.30675646662712097,0.1469724327325821,3.522221803665161
2110,0.019182594493031502,0.30630943179130554,0.14672262966632843,3.5218138694763184
2111,0.015856191515922546,0.3058623969554901,0.14708232879638672,3.537731409072876
2112,0.019393786787986755,0.3054153621196747,0.14739708602428436,3.544362783432007
2113,0.018404699862003326,0.30496832728385925,0.14821644127368927,3.555269718170166
2114,0.01667732559144497,0.3045212924480438,0.14943045377731323,3.5782406330108643
2115,0.018665475770831108,0.3040742576122284,0.14864607155323029,3.560171127319336
2116,0.019302666187286377,0.30362722277641296,0.14708232879638672,3.533700942993164
2117,0.018046118319034576,0.30318018794059753,0.14777177572250366,3.548727035522461
2118,0.017182080075144768,0.3027331531047821,0.14682753384113312,3.5286762714385986
2119,0.017081812024116516,0.3022861182689667,0.14696241915225983,3.5261569023132324
2120,0.017630234360694885,0.30183908343315125,0.14744704961776733,3.548038959503174
2121,0.015843624249100685,0.3013920485973358,0.14556854963302612,3.4846816062927246
2122,0.017325257882475853,0.3009450137615204,0.14640788733959198,3.5054397583007812
2123,0.017105236649513245,0.30049797892570496,0.14853617548942566,3.5645833015441895
2124,0.016165295615792274,0.3000509440898895,0.14723221957683563,3.5352942943573
2125,0.01701907441020012,0.2996039092540741,0.1467026323080063,3.52523136138916
2126,0.015617462806403637,0.29915687441825867,0.1476718634366989,3.55159330368042
2127,0.016413122415542603,0.29870983958244324,0.14677757024765015,3.5195603370666504
2128,0.01890619844198227,0.2982628047466278,0.14888589084148407,3.574019432067871
2129,0.01912917196750641,0.2978157699108124,0.1474170684814453,3.5339460372924805
2130,0.017570659518241882,0.29736873507499695,0.14596323668956757,3.503819704055786
2131,0.016930796205997467,0.2969217002391815,0.14803656935691833,3.554656744003296
2132,0.01957418955862522,0.2964746654033661,0.14805155992507935,3.54693603515625
2133,0.01775403879582882,0.29602763056755066,0.1480465680360794,3.553703784942627
2134,0.016766857355833054,0.29558059573173523,0.14627297222614288,3.506004810333252
2135,0.018803419545292854,0.2951335608959198,0.1472521871328354,3.546064615249634
2136,0.015521476045250893,0.29468652606010437,0.14834631979465485,3.565073251724243
2137,0.016828710213303566,0.29423949122428894,0.14688248932361603,3.5196077823638916
2138,0.016241032630205154,0.2937924563884735,0.14746204018592834,3.532754421234131
2139,0.01941942423582077,0.2933454215526581,0.14784172177314758,3.54142165184021
2140,0.01746584288775921,0.29289838671684265,0.14819642901420593,3.569730520248413
2141,0.021160703152418137,0.2924513518810272,0.14746703207492828,3.5348379611968994
2142,0.018079465255141258,0.2920043170452118,0.14645282924175262,3.5220584869384766
2143,0.016953570768237114,0.29155728220939636,0.14747703075408936,3.538426160812378
2144,0.01615675538778305,0.29111024737358093,0.1472272276878357,3.5411765575408936
2145,0.01689312420785427,0.2906632125377655,0.15066446363925934,3.599754810333252
2146,0.016323624178767204,0.2902161777019501,0.14759692549705505,3.54571795463562
2147,0.019268371164798737,0.28976914286613464,0.1477368175983429,3.544975519180298
2148,0.018854958936572075,0.2893221080303192,0.14668764173984528,3.521568536758423
2149,0.0182336512953043,0.2888750731945038,0.14834631979465485,3.5574076175689697
2150,0.016643118113279343,0.28842803835868835,0.14670264720916748,3.5296568870544434
2151,0.015798132866621017,0.2879810035228729,0.14747703075408936,3.5383102893829346
2152,0.01770017109811306,0.2875339686870575,0.14624299108982086,3.516911506652832
2153,0.018376126885414124,0.28708693385124207,0.14719225466251373,3.529902458190918
2154,0.01789110153913498,0.28663989901542664,0.1485561579465866,3.5528931617736816
2155,0.01930736005306244,0.2861928641796112,0.1470673531293869,3.5286762714385986
2156,0.017050771042704582,0.2857458293437958,0.14876098930835724,3.578554153442383
2157,0.018642406910657883,0.28529879450798035,0.1477767676115036,3.536574125289917
2158,0.01656603440642357,0.2848517596721649,0.1473071575164795,3.545098304748535
2159,0.018795348703861237,0.2844047248363495,0.1471472829580307,3.5325229167938232
2160,0.019277863204479218,0.28395769000053406,0.14704234898090363,3.5371320247650146
2161,0.020084887742996216,0.28351065516471863,0.15018483996391296,3.5959558486938477
2162,0.01733536459505558,0.2830636203289032,0.1472821831703186,3.536226987838745
2163,0.018274473026394844,0.28261658549308777,0.149575337767601,3.5773284435272217
2164,0.01920684054493904,0.28216955065727234,0.1480865329504013,3.565563440322876
2165,0.015652485191822052,0.2817225158214569,0.14700739085674286,3.519906997680664
2166,0.016453398391604424,0.2812754809856415,0.1457933783531189,3.5074753761291504
2167,0.01819343864917755,0.28082844614982605,0.148461252450943,3.5645833015441895
2168,0.017713379114866257,0.2803814113140106,0.14771680533885956,3.5491418838500977
2169,0.01562582701444626,0.2799343764781952,0.1477118283510208,3.537990093231201
2170,0.016290003433823586,0.27948734164237976,0.14928556978702545,3.5840275287628174
2171,0.016682351008057594,0.27904030680656433,0.14980517327785492,3.58357834815979
2172,0.01899798773229122,0.2785932719707489,0.14746204018592834,3.5436272621154785
2173,0.018749607726931572,0.27814623713493347,0.14777179062366486,3.543402671813965
2174,0.01674611121416092,0.27769920229911804,0.1477917581796646,3.5628674030303955
2175,0.01694912277162075,0.2772521674633026,0.1466776579618454,3.517476797103882
2176,0.016824636608362198,0.2768051326274872,0.1474820077419281,3.5453431606292725
2177,0.01814563386142254,0.27635809779167175,0.14874601364135742,3.5580883026123047
2178,0.017716122791171074,0.2759110629558563,0.14814648032188416,3.5550928115844727
2179,0.01651768758893013,0.2754640281200409,0.14840129017829895,3.566666603088379
2180,0.016682244837284088,0.27501699328422546,0.14802157878875732,3.544975519180298
2181,0.01753692887723446,0.27456995844841003,0.14751699566841125,3.5424764156341553
2182,0.017363646999001503,0.2741229236125946,0.14766685664653778,3.548283815383911
2183,0.016608059406280518,0.2736758887767792,0.14845123887062073,3.565277576446533
2184,0.016134127974510193,0.27322885394096375,0.14938049018383026,3.586519718170166
2185,0.01838122494518757,0.2727818191051483,0.14800159633159637,3.5477938652038574
2186,0.019365770742297173,0.2723347842693329,0.14889588952064514,3.5685181617736816
2187,0.015895994380116463,0.27188774943351746,0.14978016912937164,3.599264621734619
2188,0.015820449218153954,0.271440714597702,0.14947541058063507,3.5849266052246094
2189,0.019074974581599236,0.2709936797618866,0.14878098666667938,3.57662034034729
2190,0.017554771155118942,0.27054664492607117,0.14819642901420593,3.5508577823638916
2191,0.016938507556915283,0.27009961009025574,0.14806655049324036,3.5599536895751953
2192,0.016459554433822632,0.2696525752544403,0.1499900072813034,3.601470708847046
2193,0.01930786669254303,0.2692055404186249,0.1492106169462204,3.574387311935425
2194,0.016823530197143555,0.26875850558280945,0.14840129017829895,3.564814805984497
2195,0.01544276438653469,0.268311470746994,0.14851120114326477,3.5573527812957764
2196,0.01731117069721222,0.2678644359111786,0.1468924880027771,3.533578634262085
2197,0.017278145998716354,0.26741740107536316,0.148780956864357,3.5668981075286865
2198,0.01855328679084778,0.26697036623954773,0.14715228974819183,3.5404412746429443
2199,0.018940528854727745,0.2665233314037323,0.14782673120498657,3.543750047683716
2200,0.01543672289699316,0.26607629656791687,0.14752197265625,3.5419116020202637
2201,0.018219707533717155,0.26562926173210144,0.14712730050086975,3.5261027812957764
2202,0.01793479546904564,0.265182226896286,0.1486610621213913,3.5660879611968994
2203,0.016289828345179558,0.2647351920604706,0.14914067089557648,3.57818603515625
2204,0.017620854079723358,0.26428815722465515,0.1490757316350937,3.567523956298828
2205,0.01759287528693676,0.2638411223888397,0.14737708866596222,3.544097423553467
2206,0.017734302207827568,0.2633940875530243,0.14741206169128418,3.5376226902008057
2207,0.0185408852994442,0.26294705271720886,0.14959034323692322,3.5981481075286865
2208,0.016741160303354263,0.26250001788139343,0.14793165028095245,3.5519607067108154
2209,0.01596224121749401,0.262052983045578,0.14730213582515717,3.528921365737915
2210,0.01824698969721794,0.2616059482097626,0.14943043887615204,3.585069417953491
2211,0.016638776287436485,0.26115891337394714,0.14692246913909912,3.5292890071868896
2212,0.01665140874683857,0.2607118785381317,0.149640291929245,3.58357834815979
2213,0.014715079218149185,0.2602648437023163,0.14845123887062073,3.5619215965270996
2214,0.01779603213071823,0.25981780886650085,0.14882592856884003,3.5723040103912354
2215,0.015607398934662342,0.2593707740306854,0.14869104325771332,3.577314615249634
2216,0.016563575714826584,0.25892373919487,0.14703238010406494,3.526960849761963
2217,0.01697930134832859,0.25847670435905457,0.14907574653625488,3.581617832183838
2218,0.016941703855991364,0.25802966952323914,0.14825639128684998,3.551041603088379
2219,0.018092667683959007,0.2575826346874237,0.1498951017856598,3.5927696228027344
2220,0.018562301993370056,0.2571355998516083,0.15000000596046448,3.6036767959594727
2221,0.016739053651690483,0.25668856501579285,0.14849619567394257,3.56365704536438
2222,0.01721949689090252,0.2562415301799774,0.1510491669178009,3.6236517429351807
2223,0.015073148533701897,0.255794495344162,0.14805155992507935,3.56400465965271
2224,0.01900169812142849,0.25534746050834656,0.14934054017066956,3.582965612411499
2225,0.01764596812427044,0.25490042567253113,0.14794664084911346,3.5567402839660645
2226,0.016541237011551857,0.2544533908367157,0.14869605004787445,3.559375047683716
2227,0.016718773171305656,0.25400635600090027,0.15138889849185944,3.6337010860443115
2228,0.016796132549643517,0.25355932116508484,0.14870603382587433,3.5681374073028564
2229,0.016700947657227516,0.2531122863292694,0.14838629961013794,3.555555582046509
2230,0.01717211864888668,0.252665251493454,0.14955535531044006,3.604779005050659
2231,0.017212171107530594,0.25221821665763855,0.1479915976524353,3.550694465637207
2232,0.01724269427359104,0.2517711818218231,0.14908073842525482,3.579411506652832
2233,0.017945419996976852,0.2513241469860077,0.14926056563854218,3.5838234424591064
2234,0.017411546781659126,0.25087711215019226,0.14927057921886444,3.573148012161255
2235,0.016636624932289124,0.25043007731437683,0.1486760526895523,3.5747547149658203
2236,0.017953947186470032,0.24998587369918823,0.1489708125591278,3.5704658031463623
2237,0.017895635217428207,0.24961334466934204,0.15054956078529358,3.6106479167938232
2238,0.019097458571195602,0.24924081563949585,0.15204834938049316,3.6446077823638916
2239,0.01862061582505703,0.24886828660964966,0.14822141826152802,3.569675922393799
2240,0.017711395397782326,0.24849575757980347,0.1483812928199768,3.5639705657958984
2241,0.0170136708766222,0.24812322854995728,0.14852118492126465,3.553676128387451
2242,0.015883442014455795,0.24775069952011108,0.14787669479846954,3.5559027194976807
2243,0.016314074397087097,0.2473781704902649,0.14672261476516724,3.5117645263671875
2244,0.017365876585245132,0.2470056414604187,0.15055955946445465,3.6079657077789307
2245,0.018697496503591537,0.2466331124305725,0.14952537417411804,3.594212770462036
2246,0.016466759145259857,0.24626058340072632,0.15011990070343018,3.602696418762207
2247,0.018208257853984833,0.24588805437088013,0.14960531890392303,3.5996530055999756
2248,0.01712511107325554,0.24551552534103394,0.14909574389457703,3.5887255668640137
2249,0.016583126038312912,0.24514299631118774,0.148780956864357,3.566054105758667
2250,0.01709270477294922,0.24477046728134155,0.14770682156085968,3.5383102893829346
2251,0.018502527847886086,0.24439793825149536,0.15097922086715698,3.618504762649536
2252,0.018168864771723747,0.24402540922164917,0.14909571409225464,3.5752453804016113
2253,0.01594502478837967,0.24365288019180298,0.14847123622894287,3.567361354827881
2254,0.015232264995574951,0.2432803511619568,0.151009202003479,3.6248772144317627
2255,0.01743989624083042,0.2429078221321106,0.14874599874019623,3.577777624130249
2256,0.0161438025534153,0.2425352931022644,0.14843125641345978,3.570465326309204
2257,0.017698774114251137,0.2421627640724182,0.15023981034755707,3.606494903564453
2258,0.01786746084690094,0.24179023504257202,0.15137389302253723,3.6122684478759766
2259,0.016674837097525597,0.24141770601272583,0.15171362459659576,3.645220994949341
2260,0.01676842011511326,0.24104517698287964,0.14890088140964508,3.575122594833374
2261,0.016561059281229973,0.24067264795303345,0.14822141826152802,3.560995578765869
2262,0.017735876142978668,0.24030011892318726,0.15094923973083496,3.6275737285614014
2263,0.01720973290503025,0.23992758989334106,0.14888089895248413,3.5733792781829834
2264,0.01757963001728058,0.23955506086349487,0.14833134412765503,3.5609068870544434
2265,0.017328159883618355,0.23918253183364868,0.1486360877752304,3.567157030105591
2266,0.017947856336832047,0.2388100028038025,0.15123403072357178,3.625
2267,0.01446952298283577,0.2384374737739563,0.151583731174469,3.638235092163086
2268,0.01836419105529785,0.2380649447441101,0.14876098930835724,3.567769765853882
2269,0.017847202718257904,0.23769241571426392,0.1486610770225525,3.5657405853271484
2270,0.018204614520072937,0.23731988668441772,0.15000000596046448,3.602205753326416
2271,0.015296878293156624,0.23694735765457153,0.14975018799304962,3.5989582538604736
2272,0.020096898078918457,0.23657482862472534,0.15206335484981537,3.645343065261841
2273,0.01782984472811222,0.23620229959487915,0.14975519478321075,3.600367784500122
2274,0.0184591393917799,0.23582977056503296,0.14988510310649872,3.5913195610046387
2275,0.017294758930802345,0.23545724153518677,0.14849621057510376,3.5584557056427
2276,0.016529973596334457,0.23508471250534058,0.1520933210849762,3.6409313678741455
2277,0.017943676561117172,0.23471218347549438,0.15040966868400574,3.620486259460449
2278,0.01795843616127968,0.2343396544456482,0.15025979280471802,3.610539436340332
2279,0.017071085050702095,0.233967125415802,0.14958032965660095,3.594560146331787
2280,0.015280032530426979,0.2335945963859558,0.1510741412639618,3.6329658031463623
2281,0.016953187063336372,0.23322206735610962,0.14896082878112793,3.5693628787994385
2282,0.016444116830825806,0.23284953832626343,0.14957036077976227,3.582638740539551
2283,0.016316311433911324,0.23247700929641724,0.14936549961566925,3.5824759006500244
2284,0.016623612493276596,0.23210448026657104,0.1496652513742447,3.5969364643096924
2285,0.015738461166620255,0.23173195123672485,0.15094925463199615,3.618171453475952
2286,0.01777263917028904,0.23135942220687866,0.15058952569961548,3.614828586578369
2287,0.017342809587717056,0.23098689317703247,0.1485811322927475,3.57361102104187
2288,0.017159491777420044,0.23061436414718628,0.14981015026569366,3.59852933883667
2289,0.017231017351150513,0.2302418351173401,0.15045464038848877,3.611764430999756
2290,0.016049053519964218,0.2298693060874939,0.15040968358516693,3.600346803665161
2291,0.015309879556298256,0.2294967770576477,0.148780956864357,3.562990188598633
2292,0.016196075826883316,0.2291242480278015,0.14907073974609375,3.576838493347168
2293,0.01809459924697876,0.22875171899795532,0.15149880945682526,3.631944179534912
2294,0.0170904528349638,0.22837918996810913,0.14998500049114227,3.6102941036224365
2295,0.01658407598733902,0.22800666093826294,0.1503797024488449,3.6141204833984375
2296,0.018131982535123825,0.22763413190841675,0.15014488995075226,3.6044116020202637
2297,0.018071744590997696,0.22726160287857056,0.1498950868844986,3.5981619358062744
2298,0.01696583814918995,0.22688907384872437,0.14936549961566925,3.578587770462036
2299,0.01698412001132965,0.22651654481887817,0.1500549614429474,3.6007351875305176
2300,0.01964944414794445,0.22614401578903198,0.1482214331626892,3.564460515975952
2301,0.018165793269872665,0.2257714867591858,0.15068945288658142,3.606018543243408
2302,0.016354912891983986,0.2253989577293396,0.150899276137352,3.6234071254730225
2303,0.016384107992053032,0.2250264286994934,0.1492406129837036,3.58923602104187
2304,0.017866112291812897,0.22465389966964722,0.15150879323482513,3.6444852352142334
2305,0.015651030465960503,0.22428137063980103,0.14983011782169342,3.587744951248169
2306,0.018418189138174057,0.22390884160995483,0.1511290967464447,3.6159722805023193
2307,0.01674991473555565,0.22353631258010864,0.15190847218036652,3.647059202194214
2308,0.016808949410915375,0.22316378355026245,0.14942046999931335,3.5874998569488525
2309,0.017825234681367874,0.22279125452041626,0.14941546320915222,3.5883100032806396
2310,0.017907151952385902,0.22241872549057007,0.1504846066236496,3.621936321258545
2311,0.0181464571505785,0.22204619646072388,0.1498700976371765,3.594560146331787
2312,0.016193276271224022,0.22167366743087769,0.1492805927991867,3.585906744003296
2313,0.019016403704881668,0.2213011384010315,0.1516387015581131,3.6332104206085205
2314,0.017141126096248627,0.2209286093711853,0.15120403468608856,3.6262729167938232
2315,0.01731066219508648,0.2205560803413391,0.1506844460964203,3.6275737285614014
2316,0.01928282529115677,0.22018355131149292,0.15174360573291779,3.6257355213165283
2317,0.016320880502462387,0.21981102228164673,0.15124401450157166,3.625
2318,0.01763731613755226,0.21943849325180054,0.15040968358516693,3.6180145740509033
2319,0.01567145437002182,0.21906596422195435,0.14949040114879608,3.595254898071289
2320,0.018684018403291702,0.21869343519210815,0.14949539303779602,3.5894603729248047
2321,0.015690993517637253,0.21832090616226196,0.1500149965286255,3.589092969894409
2322,0.015216883271932602,0.21794837713241577,0.15066945552825928,3.621180534362793
2323,0.01815911754965782,0.21757584810256958,0.15123401582241058,3.6283087730407715
2324,0.01727081462740898,0.2172033190727234,0.15112408995628357,3.621323585510254
2325,0.017257411032915115,0.2168307900428772,0.14956533908843994,3.592939853668213
2326,0.017636528238654137,0.216458261013031,0.1505795419216156,3.6134798526763916
2327,0.01698579080402851,0.21608573198318481,0.1514238566160202,3.6416666507720947
2328,0.016039209440350533,0.21571320295333862,0.15005993843078613,3.604534387588501
2329,0.016598591580986977,0.21534067392349243,0.1513039618730545,3.629166603088379
2330,0.01754712499678135,0.21496814489364624,0.1496802419424057,3.5879628658294678
2331,0.015526548959314823,0.21459561586380005,0.15035472810268402,3.6101720333099365
2332,0.01692945882678032,0.21422308683395386,0.15049460530281067,3.6031861305236816
2333,0.017357412725687027,0.21385055780410767,0.15105915069580078,3.621527671813965
2334,0.016045108437538147,0.21347802877426147,0.14864107966423035,3.5857841968536377
2335,0.017081966623663902,0.21310549974441528,0.15235312283039093,3.650925874710083
2336,0.015521345660090446,0.2127329707145691,0.15066947042942047,3.623161792755127
2337,0.019191952422261238,0.2123604416847229,0.15017487108707428,3.599264621734619
2338,0.01719273068010807,0.2119879126548767,0.15123401582241058,3.6248841285705566
2339,0.017474623396992683,0.21161538362503052,0.15018485486507416,3.600980281829834
2340,0.01537815947085619,0.21124285459518433,0.14967027306556702,3.5910539627075195
2341,0.015988197177648544,0.21087032556533813,0.1500299721956253,3.600231647491455
2342,0.018581213429570198,0.21049779653549194,0.14963530004024506,3.5995097160339355
2343,0.018588624894618988,0.21012526750564575,0.15078437328338623,3.6168978214263916
2344,0.0157698392868042,0.20975273847579956,0.1504196673631668,3.617769718170166
2345,0.016600482165813446,0.20938020944595337,0.15235312283039093,3.643749713897705
2346,0.01606985367834568,0.20900768041610718,0.14946042001247406,3.58773136138916
2347,0.017021697014570236,0.208635151386261,0.1517585813999176,3.6387250423431396
2348,0.014887528494000435,0.2082626223564148,0.1511290818452835,3.626225471496582
2349,0.017119308933615685,0.2078900933265686,0.15012991428375244,3.6045138835906982
2350,0.017482593655586243,0.2075175642967224,0.15151378512382507,3.638112783432007
2351,0.017130540683865547,0.20714503526687622,0.15090428292751312,3.629976987838745
2352,0.01655307039618492,0.20677250623703003,0.15158873796463013,3.6383581161499023
2353,0.019627369940280914,0.20639997720718384,0.15203338861465454,3.649142026901245
2354,0.01552372146397829,0.20602744817733765,0.15129895508289337,3.629282236099243
2355,0.015330448746681213,0.20565491914749146,0.15077437460422516,3.621936082839966
2356,0.018670907244086266,0.20528239011764526,0.15133392810821533,3.6216912269592285
2357,0.017177633941173553,0.20490986108779907,0.150929257273674,3.618055582046509
2358,0.016020556911826134,0.20453733205795288,0.15137888491153717,3.6362740993499756
2359,0.017310578376054764,0.2041648030281067,0.14813651144504547,3.5677082538604736
2360,0.016391940414905548,0.2037922739982605,0.15096424520015717,3.621201276779175
2361,0.016647951677441597,0.2034197449684143,0.1520683318376541,3.6480395793914795
2362,0.015195433981716633,0.20304721593856812,0.15018483996391296,3.6038193702697754
2363,0.017881372943520546,0.20267468690872192,0.15100419521331787,3.6295340061187744
2364,0.01911342516541481,0.20230215787887573,0.15241806209087372,3.6555144786834717
2365,0.01812276616692543,0.20192962884902954,0.151503786444664,3.626157522201538
2366,0.017232224345207214,0.20155709981918335,0.14837630093097687,3.5718135833740234
2367,0.015495172701776028,0.20118457078933716,0.15162870287895203,3.6396987438201904
2368,0.015980686992406845,0.20081204175949097,0.14992506802082062,3.594362735748291
2369,0.017391204833984375,0.20043951272964478,0.15021982789039612,3.6073529720306396
2370,0.016674108803272247,0.20006698369979858,0.15172362327575684,3.6358795166015625
2371,0.014122659340500832,0.1996944546699524,0.1513289362192154,3.6330883502960205
2372,0.017467670142650604,0.1993219256401062,0.15124399960041046,3.6234071254730225
2373,0.019745610654354095,0.19894939661026,0.15100418031215668,3.6315972805023193
2374,0.018930479884147644,0.19857686758041382,0.15141387283802032,3.629289150238037
2375,0.016312411054968834,0.19820433855056763,0.1506444811820984,3.6237268447875977
2376,0.016735918819904327,0.19783180952072144,0.15111412107944489,3.632352590560913
2377,0.015491003170609474,0.19745928049087524,0.1500299721956253,3.6036765575408936
2378,0.014595145359635353,0.19708675146102905,0.15182854235172272,3.6289353370666504
2379,0.01554959174245596,0.19671422243118286,0.15364709496498108,3.6883580684661865
2380,0.01784992404282093,0.19634169340133667,0.15015986561775208,3.596200942993164
2381,0.01868310756981373,0.19596916437149048,0.15240807831287384,3.661573886871338
2382,0.017858067527413368,0.1955966353416443,0.14931055903434753,3.586519718170166
2383,0.01669914461672306,0.1952241063117981,0.15178857743740082,3.64664363861084
2384,0.016178268939256668,0.1948515772819519,0.15121403336524963,3.633823871612549
2385,0.017821257933974266,0.1944790482521057,0.15105915069580078,3.610538959503174
2386,0.015070728026330471,0.19410651922225952,0.15247802436351776,3.6656248569488525
2387,0.015792226418852806,0.19373399019241333,0.15095923840999603,3.6258580684661865
2388,0.019041655585169792,0.19336146116256714,0.15030474960803986,3.6007351875305176
2389,0.018151752650737762,0.19298893213272095,0.1521083116531372,3.6453704833984375
2390,0.015690619125962257,0.19261640310287476,0.14944545924663544,3.588848114013672
2391,0.015887320041656494,0.19224387407302856,0.15073440968990326,3.6248841285705566
2392,0.01732708513736725,0.19187134504318237,0.15172362327575684,3.6410534381866455
2393,0.016837147995829582,0.19149881601333618,0.15126898884773254,3.635784387588501
2394,0.01708727329969406,0.19112628698349,0.15074940025806427,3.6103010177612305
2395,0.017495932057499886,0.1907537579536438,0.15256795287132263,3.658578634262085
2396,0.016168611124157906,0.1903812289237976,0.14884594082832336,3.581617832183838
2397,0.01679309271275997,0.19000869989395142,0.15186849236488342,3.6332173347473145
2398,0.016876347362995148,0.18963617086410522,0.15160872042179108,3.6457109451293945
2399,0.018924295902252197,0.18926364183425903,0.1506594717502594,3.618055582046509
2400,0.018030690029263496,0.18889111280441284,0.1526978462934494,3.667524814605713
2401,0.016220660880208015,0.18851858377456665,0.14963530004024506,3.587009906768799
2402,0.01412345003336668,0.18814605474472046,0.15118905901908875,3.6275463104248047
2403,0.01724960096180439,0.18777352571487427,0.1525379717350006,3.655146837234497
2404,0.01668183133006096,0.18740099668502808,0.1525779515504837,3.658578634262085
2405,0.016098905354738235,0.18702846765518188,0.15124399960041046,3.6289353370666504
2406,0.017455700784921646,0.1866559386253357,0.15126396715641022,3.632843255996704
2407,0.017406094819307327,0.1862834095954895,0.15180854499340057,3.653703451156616
2408,0.01658713072538376,0.1859108805656433,0.15372201800346375,3.6900739669799805
2409,0.016057267785072327,0.18553835153579712,0.1517186313867569,3.6422791481018066
2410,0.01759018376469612,0.18516582250595093,0.15168365836143494,3.637268543243408
2411,0.01841370016336441,0.18479329347610474,0.1524580419063568,3.6602938175201416
2412,0.01694936491549015,0.18442076444625854,0.15125399827957153,3.6306371688842773
2413,0.016997378319501877,0.18404823541641235,0.15129895508289337,3.6207172870635986
2414,0.016326628625392914,0.18367570638656616,0.15105915069580078,3.630882501602173
2415,0.015154814347624779,0.18330317735671997,0.1489308625459671,3.5828704833984375
2416,0.015068885870277882,0.18293064832687378,0.14945043623447418,3.5944855213165283
2417,0.018446916714310646,0.1825581192970276,0.15229317545890808,3.6455883979797363
2418,0.016117123886942863,0.1821855902671814,0.15317244827747345,3.6736109256744385
2419,0.016970237717032433,0.1818130612373352,0.15267786383628845,3.658088207244873
2420,0.016528883948922157,0.181440532207489,0.15211831033229828,3.652573585510254
2421,0.015356931835412979,0.18106800317764282,0.1524680256843567,3.6521990299224854
2422,0.015354292467236519,0.18069547414779663,0.15029478073120117,3.620710849761963
2423,0.017010251060128212,0.18032294511795044,0.15307752788066864,3.672569513320923
2424,0.015210729092359543,0.17995041608810425,0.150914266705513,3.62426495552063
2425,0.015466121025383472,0.17957788705825806,0.1518685221672058,3.6373775005340576
2426,0.015194417908787727,0.17920535802841187,0.15125900506973267,3.633795738220215
2427,0.014516233466565609,0.17883282899856567,0.15299759805202484,3.659191131591797
2428,0.01797846332192421,0.17846029996871948,0.15251798927783966,3.667769432067871
2429,0.016463741660118103,0.1780877709388733,0.1507394164800644,3.612152576446533
2430,0.01635097898542881,0.1777152419090271,0.15117406845092773,3.6410536766052246
2431,0.016845159232616425,0.1773427128791809,0.14947041869163513,3.5906248092651367
2432,0.01568549871444702,0.17697018384933472,0.15189847350120544,3.639951229095459
2433,0.016000650823116302,0.17659765481948853,0.15015487372875214,3.6121323108673096
2434,0.016147257760167122,0.17622512578964233,0.1522432118654251,3.6478006839752197
2435,0.015697231516242027,0.17585259675979614,0.1542365998029709,3.7009804248809814
2436,0.01846056990325451,0.17548006772994995,0.15150879323482513,3.6379902362823486
2437,0.015877988189458847,0.17510753870010376,0.15165367722511292,3.6380786895751953
2438,0.015395145863294601,0.17473500967025757,0.15136392414569855,3.6346819400787354
2439,0.015772605314850807,0.17436248064041138,0.15290269255638123,3.670717477798462
2440,0.01687849499285221,0.17398995161056519,0.1517435908317566,3.65012264251709
2441,0.015091080218553543,0.173617422580719,0.15176358819007874,3.638357639312744
2442,0.016550712287425995,0.1732448935508728,0.15137389302253723,3.624189615249634
2443,0.01745688170194626,0.1728723645210266,0.15231813490390778,3.6594364643096924
2444,0.017393305897712708,0.17249983549118042,0.15441647171974182,3.6998775005340576
2445,0.01715315505862236,0.17212730646133423,0.15438148379325867,3.70162034034729
2446,0.015129792504012585,0.17175477743148804,0.1532324105501175,3.684068202972412
2447,0.01887686550617218,0.17138224840164185,0.15135888755321503,3.6377315521240234
2448,0.01516096480190754,0.17100971937179565,0.15220823884010315,3.6541666984558105
2449,0.01698843389749527,0.17063719034194946,0.15269283950328827,3.668259859085083
2450,0.016754359006881714,0.17026466131210327,0.15230315923690796,3.6488428115844727
2451,0.01609176956117153,0.16989213228225708,0.15276779234409332,3.6561272144317627
2452,0.01653432846069336,0.1695196032524109,0.15035970509052277,3.613112449645996
2453,0.015380607917904854,0.1691470742225647,0.15238308906555176,3.658217430114746
2454,0.016526227816939354,0.1687745451927185,0.15254296362400055,3.6626224517822266
2455,0.017021702602505684,0.16840201616287231,0.1493205428123474,3.5905091762542725
2456,0.01622815616428852,0.16802948713302612,0.1523880958557129,3.66237735748291
2457,0.015806090086698532,0.16765695810317993,0.15577539801597595,3.733210802078247
2458,0.01554650068283081,0.16728442907333374,0.15293265879154205,3.667361259460449
2459,0.01511559821665287,0.16691190004348755,0.1519984006881714,3.637132167816162
2460,0.016231652349233627,0.16653937101364136,0.1535971313714981,3.688725471496582
2461,0.015004056505858898,0.16616684198379517,0.15188349783420563,3.6487269401550293
2462,0.01389562338590622,0.16579431295394897,0.15068945288658142,3.6234068870544434
2463,0.01755218580365181,0.16542178392410278,0.15224820375442505,3.6565968990325928
2464,0.01703116111457348,0.1650492548942566,0.15324240922927856,3.685171365737915
2465,0.0160581786185503,0.1646767258644104,0.15137888491153717,3.6230390071868896
2466,0.015211875550448895,0.1643041968345642,0.15309752523899078,3.6728007793426514
2467,0.015817390754818916,0.16393166780471802,0.1512639969587326,3.6302692890167236
2468,0.0162392258644104,0.16355913877487183,0.15218323469161987,3.6444852352142334
2469,0.017191078513860703,0.16318660974502563,0.15204337239265442,3.6506943702697754
2470,0.015395521186292171,0.16281408071517944,0.15134891867637634,3.633578062057495
2471,0.016478246077895164,0.16244155168533325,0.1526678502559662,3.671064615249634
2472,0.015411789529025555,0.16206902265548706,0.15170365571975708,3.65085768699646
2473,0.015448599122464657,0.16169649362564087,0.1540767401456833,3.6834561824798584
2474,0.016626255586743355,0.16132396459579468,0.153032585978508,3.6728007793426514
2475,0.017731312662363052,0.1609514355659485,0.15110911428928375,3.629657030105591
2476,0.015738174319267273,0.1605789065361023,0.15308253467082977,3.6678922176361084
2477,0.016486063599586487,0.1602063775062561,0.1531524807214737,3.670833110809326
2478,0.015032418072223663,0.1598338484764099,0.15313749015331268,3.6794116497039795
2479,0.01643330417573452,0.15946131944656372,0.15223821997642517,3.661227226257324
2480,0.01460552029311657,0.15908879041671753,0.15340228378772736,3.692769765853882
2481,0.015696706250309944,0.15871626138687134,0.15305756032466888,3.664093017578125
2482,0.01596449688076973,0.15834373235702515,0.15467126667499542,3.705902576446533
2483,0.0168300811201334,0.15797120332717896,0.15234310925006866,3.6530635356903076
2484,0.0158487930893898,0.15759867429733276,0.15184351801872253,3.639338493347168
2485,0.017957814037799835,0.15722614526748657,0.15421162545681,3.69861102104187
2486,0.01698654145002365,0.15685361623764038,0.15343724191188812,3.689460515975952
2487,0.01746884360909462,0.1564810872077942,0.15214328467845917,3.6572916507720947
2488,0.016331365332007408,0.156108558177948,0.15393686294555664,3.7083332538604736
2489,0.015208756551146507,0.1557360291481018,0.1539168655872345,3.690441131591797
2490,0.015623832121491432,0.15536350011825562,0.15229815244674683,3.6458332538604736
2491,0.016494624316692352,0.15499097108840942,0.15300260484218597,3.67120099067688
2492,0.015666482970118523,0.15461844205856323,0.15249799191951752,3.6433823108673096
2493,0.016867808997631073,0.15424591302871704,0.1511840522289276,3.6443285942077637
2494,0.014217824675142765,0.15387338399887085,0.15244804322719574,3.6493873596191406
2495,0.015306303277611732,0.15350085496902466,0.1526578813791275,3.6755785942077637
2496,0.015364434570074081,0.15312832593917847,0.15117906033992767,3.623774528503418
2497,0.015475071966648102,0.15275579690933228,0.15364207327365875,3.695833206176758
2498,0.014813241548836231,0.15238326787948608,0.15385191142559052,3.6817128658294678
2499,0.014925291761755943,0.1520107388496399,0.15192346274852753,3.649019479751587
2500,0.015805572271347046,0.1516382098197937,0.15333232283592224,3.677205801010132
2501,0.014064778573811054,0.1512656807899475,0.15505096316337585,3.7098376750946045
2502,0.016148261725902557,0.15089315176010132,0.15233813226222992,3.6666667461395264
2503,0.01543990895152092,0.15052062273025513,0.15283772349357605,3.6729166507720947
2504,0.014296980574727058,0.15014809370040894,0.1531274914741516,3.679656982421875
2505,0.015342952683568,0.14977556467056274,0.15290269255638123,3.673529624938965
2506,0.015958433970808983,0.14940303564071655,0.15485112369060516,3.705671548843384
2507,0.013703972101211548,0.14903050661087036,0.1513838917016983,3.6278185844421387
2508,0.015028505586087704,0.14865797758102417,0.15463130176067352,3.7087013721466064
2509,0.016206294298171997,0.14828544855117798,0.1516236960887909,3.6403934955596924
2510,0.013491242192685604,0.1479129195213318,0.15158872306346893,3.63995099067688
2511,0.01638290099799633,0.1475403904914856,0.1545063704252243,3.7128474712371826
2512,0.01698216237127781,0.1471678614616394,0.15152378380298615,3.6398284435272217
2513,0.0170931164175272,0.1467953324317932,0.15275779366493225,3.661519765853882
2514,0.016764633357524872,0.14642280340194702,0.15545563399791718,3.726736068725586
2515,0.017877938225865364,0.14605027437210083,0.15418165922164917,3.704901933670044
2516,0.014871262945234776,0.14567774534225464,0.1520433872938156,3.6356616020202637
2517,0.01616906188428402,0.14530521631240845,0.1538219451904297,3.6929397583007812
2518,0.015285005792975426,0.14493268728256226,0.15332235395908356,3.6805148124694824
2519,0.014690332114696503,0.14456015825271606,0.15436150133609772,3.7121524810791016
2520,0.015714922919869423,0.14418762922286987,0.15206335484981537,3.6511030197143555
2521,0.015004175715148449,0.14381510019302368,0.15505096316337585,3.7243871688842773
2522,0.01584087871015072,0.1434425711631775,0.15388686954975128,3.6819443702697754
2523,0.016072319820523262,0.1430700421333313,0.1537170112133026,3.6917896270751953
2524,0.015478497371077538,0.1426975131034851,0.15281276404857635,3.6650733947753906
2525,0.014962831512093544,0.14232498407363892,0.15311749279499054,3.6719908714294434
2526,0.01654035784304142,0.14195245504379272,0.15416666865348816,3.704779624938965
2527,0.01417881902307272,0.14157992601394653,0.15527577698230743,3.7303240299224854
2528,0.017088690772652626,0.14120739698410034,0.1548561155796051,3.712254762649536
2529,0.016900720074772835,0.14083486795425415,0.15335731208324432,3.6829655170440674
2530,0.014726974070072174,0.14046233892440796,0.1544264554977417,3.70428204536438
2531,0.015150902792811394,0.14008980989456177,0.1537969559431076,3.694852590560913
2532,0.016493557021021843,0.13971728086471558,0.15440647304058075,3.695220708847046
2533,0.018492043018341064,0.13934475183486938,0.15394183993339539,3.6917827129364014
2534,0.016199424862861633,0.1389722228050232,0.15256795287132263,3.6758577823638916
2535,0.0161710437387228,0.138599693775177,0.15305255353450775,3.6728007793426514
2536,0.013895906507968903,0.1382271647453308,0.15393684804439545,3.692279577255249
2537,0.016818033531308174,0.13785463571548462,0.15469123423099518,3.705514669418335
2538,0.015135243535041809,0.13748210668563843,0.15393683314323425,3.700925827026367
2539,0.016932321712374687,0.13710957765579224,0.15479117631912231,3.7238969802856445
2540,0.014376348815858364,0.13673704862594604,0.15474121272563934,3.7040438652038574
2541,0.015490256249904633,0.13636451959609985,0.1557653844356537,3.732060194015503
2542,0.0179237499833107,0.13599199056625366,0.15384691953659058,3.701225519180298
2543,0.014804048463702202,0.13561946153640747,0.15325739979743958,3.679398536682129
2544,0.017198916524648666,0.13524693250656128,0.15491606295108795,3.718137264251709
2545,0.016369380056858063,0.1348744034767151,0.15356214344501495,3.6897056102752686
2546,0.014882802963256836,0.1345018744468689,0.15549060702323914,3.7171294689178467
2547,0.017666706815361977,0.1341293454170227,0.15325738489627838,3.6875
2548,0.016946548596024513,0.1337568163871765,0.1562100350856781,3.731372594833374
2549,0.015227381139993668,0.13338428735733032,0.15344226360321045,3.684953451156616
2550,0.01712377928197384,0.13301175832748413,0.15142886340618134,3.6481616497039795
2551,0.014109697192907333,0.13263922929763794,0.15404175221920013,3.698842763900757
2552,0.014486047439277172,0.13226670026779175,0.15392185747623444,3.697794198989868
2553,0.015467877499759197,0.13189417123794556,0.15385691821575165,3.691666603088379
2554,0.015570617280900478,0.13152164220809937,0.15182852745056152,3.641782522201538
2555,0.015735508874058723,0.13114911317825317,0.15198342502117157,3.6367647647857666
2556,0.016602488234639168,0.13077658414840698,0.1546962559223175,3.7113966941833496
2557,0.016161583364009857,0.1304040551185608,0.15318246185779572,3.6827547550201416
2558,0.01703004539012909,0.1300315260887146,0.15636491775512695,3.751225471496582
2559,0.01609373837709427,0.1296589970588684,0.15411171317100525,3.7075231075286865
2560,0.015389252454042435,0.12928646802902222,0.154196634888649,3.7029411792755127
2561,0.015543757937848568,0.12891393899917603,0.15504097938537598,3.725857973098755
2562,0.017126252874732018,0.12854140996932983,0.1536370813846588,3.6804397106170654
2563,0.014574294909834862,0.12816888093948364,0.1538369357585907,3.681617498397827
2564,0.016942709684371948,0.12779635190963745,0.15491606295108795,3.71409273147583
2565,0.015623366460204124,0.12742382287979126,0.1536220908164978,3.692129373550415
2566,0.017759639769792557,0.12705129384994507,0.1530575454235077,3.6805145740509033
2567,0.01633191667497158,0.12667876482009888,0.15249301493167877,3.6640045642852783
2568,0.015044896863400936,0.12630623579025269,0.15576039254665375,3.7438721656799316
2569,0.014926663599908352,0.1259337067604065,0.15457133948802948,3.7072298526763916
2570,0.016712307929992676,0.1255611777305603,0.1528027504682541,3.662846803665161
2571,0.0156723540276289,0.1251886487007141,0.15613509714603424,3.7465686798095703
2572,0.015188131481409073,0.12481611967086792,0.15298761427402496,3.6680142879486084
2573,0.015805374830961227,0.12444359064102173,0.15198342502117157,3.6504628658294678
2574,0.015439938753843307,0.12407106161117554,0.1551358848810196,3.722548484802246
2575,0.015976866707205772,0.12369853258132935,0.1535271853208542,3.6934025287628174
2576,0.016962798312306404,0.12332600355148315,0.1543615162372589,3.7123775482177734
2577,0.015238715335726738,0.12295347452163696,0.154911071062088,3.7051470279693604
2578,0.017649943009018898,0.12258094549179077,0.15618005394935608,3.748147964477539
2579,0.016183536499738693,0.12220841646194458,0.15397682785987854,3.698284387588501
2580,0.01675119623541832,0.12183588743209839,0.1553107500076294,3.7220590114593506
2581,0.013323036022484303,0.1214633584022522,0.15465128421783447,3.7068285942077637
2582,0.01447538286447525,0.121090829372406,0.15067945420742035,3.620833158493042
2583,0.01563609018921852,0.12071830034255981,0.15479615330696106,3.719560146331787
2584,0.01842096447944641,0.12034577131271362,0.15266287326812744,3.666299343109131
2585,0.014128160662949085,0.11997324228286743,0.15510591864585876,3.7147057056427
2586,0.015248329378664494,0.11960071325302124,0.1531524658203125,3.678471803665161
2587,0.01592077873647213,0.11922818422317505,0.15393684804439545,3.689951181411743
2588,0.015135490335524082,0.11885565519332886,0.15445643663406372,3.7009804248809814
2589,0.01637893170118332,0.11848312616348267,0.15487609803676605,3.723726987838745
2590,0.015285054221749306,0.11811059713363647,0.15356215834617615,3.694240093231201
2591,0.01568727008998394,0.11773806810379028,0.1538219302892685,3.68900465965271
2592,0.017794355750083923,0.11736553907394409,0.1543315351009369,3.707352876663208
2593,0.018521422520279884,0.1169930100440979,0.15630994737148285,3.7477941513061523
2594,0.01391146332025528,0.11662048101425171,0.15439148247241974,3.703472375869751
2595,0.016448017209768295,0.11624795198440552,0.15629497170448303,3.753063917160034
2596,0.015640409663319588,0.11587542295455933,0.15529575943946838,3.7209556102752686
2597,0.015611354261636734,0.11550289392471313,0.15293265879154205,3.671064853668213
2598,0.014158112928271294,0.11513036489486694,0.15507593750953674,3.7238972187042236
2599,0.013906773179769516,0.11475783586502075,0.15454137325286865,3.7162039279937744
2600,0.013812941499054432,0.11438530683517456,0.15525579452514648,3.7323529720306396
2601,0.01314572710543871,0.11401277780532837,0.15453636646270752,3.7033088207244873
2602,0.015393001958727837,0.11364024877548218,0.15504096448421478,3.714236259460449
2603,0.014629866927862167,0.11326771974563599,0.15620003640651703,3.7486517429351807
2604,0.017181959003210068,0.1128951907157898,0.15333233773708344,3.6752450466156006
2605,0.01582759991288185,0.1125226616859436,0.15483613312244415,3.715393543243408
2606,0.016231777146458626,0.11215013265609741,0.15443146228790283,3.7183825969696045
2607,0.015135207213461399,0.11177760362625122,0.15459632873535156,3.7101850509643555
2608,0.015621098689734936,0.11140507459640503,0.154116690158844,3.704289436340332
2609,0.013820352032780647,0.11103254556655884,0.15301258862018585,3.6638481616973877
2610,0.015543192625045776,0.11066001653671265,0.1555405706167221,3.7318289279937744
2611,0.01437174528837204,0.11028748750686646,0.15247303247451782,3.658456325531006
2612,0.015690084546804428,0.10991495847702026,0.1553906947374344,3.7207109928131104
2613,0.014919420704245567,0.10954242944717407,0.15245802700519562,3.664236068725586
2614,0.014040089212357998,0.10916990041732788,0.1522132307291031,3.6578431129455566
2615,0.017618004232645035,0.10879737138748169,0.15596024692058563,3.7432870864868164
2616,0.016002977266907692,0.1084248423576355,0.15372203290462494,3.6903185844421387
2617,0.01675364561378956,0.1080523133277893,0.15738409757614136,3.771568775177002
2618,0.015415656380355358,0.10767978429794312,0.1555255949497223,3.7319443225860596
2619,0.015725357457995415,0.10730725526809692,0.1546662598848343,3.712745189666748
2620,0.013725309632718563,0.10693472623825073,0.15692445635795593,3.7551469802856445
2621,0.01540145743638277,0.10656219720840454,0.15475119650363922,3.7166666984558105
2622,0.014793332666158676,0.10618966817855835,0.1534622460603714,3.687622308731079
2623,0.015155998058617115,0.10581713914871216,0.1549210548400879,3.726388692855835
2624,0.01627602055668831,0.10544461011886597,0.15475620329380035,3.717647075653076
2625,0.015898503363132477,0.10507208108901978,0.15294763445854187,3.6787989139556885
2626,0.015463132411241531,0.10469955205917358,0.1579936295747757,3.772338390350342
2627,0.01599866710603237,0.10432702302932739,0.15208834409713745,3.6518380641937256
2628,0.015819378197193146,0.1039544939994812,0.15626497566699982,3.7448530197143555
2629,0.015130840241909027,0.10358196496963501,0.15511591732501984,3.7251157760620117
2630,0.014469029381871223,0.10320943593978882,0.15488609671592712,3.7154409885406494
2631,0.014790228568017483,0.10283690690994263,0.15388688445091248,3.701157569885254
2632,0.01588359847664833,0.10246437788009644,0.15442146360874176,3.712132215499878
2633,0.01514367200434208,0.10209184885025024,0.15553057193756104,3.7291667461395264
2634,0.014826427213847637,0.10171931982040405,0.1547611951828003,3.7112269401550293
2635,0.01656179130077362,0.10134679079055786,0.15454137325286865,3.7136027812957764
2636,0.018071729689836502,0.10097426176071167,0.15553057193756104,3.7219364643096924
2637,0.014173307456076145,0.10060173273086548,0.15364709496498108,3.682175636291504
2638,0.016230076551437378,0.10022920370101929,0.15436150133609772,3.7057597637176514
2639,0.015833912417292595,0.0998566746711731,0.1547861546278,3.7269680500030518
2640,0.01544920913875103,0.0994841456413269,0.15476618707180023,3.7208333015441895
2641,0.015376674942672253,0.09911161661148071,0.15556053817272186,3.7292890548706055
2642,0.015696536749601364,0.09873908758163452,0.15548062324523926,3.723379373550415
2643,0.014243236742913723,0.09836655855178833,0.15491607785224915,3.713848114013672
2644,0.016516465693712234,0.09799402952194214,0.15506595373153687,3.723407030105591
2645,0.015054870396852493,0.09762150049209595,0.15482114255428314,3.710763931274414
2646,0.016972947865724564,0.09724897146224976,0.15435151755809784,3.7094361782073975
2647,0.017152568325400352,0.09687644243240356,0.15592025220394135,3.749305486679077
2648,0.015778182074427605,0.09650391340255737,0.15633493661880493,3.756495237350464
2649,0.015866916626691818,0.09613138437271118,0.1556055098772049,3.731985092163086
2650,0.015782669186592102,0.09575885534286499,0.1544814109802246,3.7041666507720947
2651,0.015514715574681759,0.0953863263130188,0.15665468573570251,3.756004810333252
2652,0.015594609081745148,0.09501379728317261,0.15570542216300964,3.739828586578369
2653,0.01671210676431656,0.09464126825332642,0.15306256711483002,3.6712963581085205
2654,0.01986444741487503,0.09426873922348022,0.15473122894763947,3.7148282527923584
2655,0.014567017555236816,0.09389621019363403,0.15520082414150238,3.732059955596924
2656,0.014002816751599312,0.09352368116378784,0.15719923377037048,3.7725489139556885
2657,0.015659363940358162,0.09315115213394165,0.1546163111925125,3.713848352432251
2658,0.014800949953496456,0.09277862310409546,0.15614508092403412,3.7392358779907227
2659,0.013964241370558739,0.09240609407424927,0.15528078377246857,3.731250047683716
2660,0.014718945138156414,0.09203356504440308,0.1556355059146881,3.7316176891326904
2661,0.012645521201193333,0.09166103601455688,0.15723422169685364,3.7635416984558105
2662,0.01623476855456829,0.0912885069847107,0.15500599145889282,3.7317402362823486
2663,0.016141053289175034,0.0909159779548645,0.15591026842594147,3.743518352508545
2664,0.015980014577507973,0.09054344892501831,0.15467624366283417,3.7207109928131104
2665,0.016143668442964554,0.09017091989517212,0.15285272896289825,3.667156934738159
2666,0.015106014907360077,0.08979839086532593,0.1542116403579712,3.6850693225860596
2667,0.015137593261897564,0.08942586183547974,0.15740907192230225,3.7828431129455566
2668,0.01586608774960041,0.08905333280563354,0.15732914209365845,3.763603448867798
2669,0.013829037547111511,0.08868080377578735,0.15614008903503418,3.751852035522461
2670,0.014056938700377941,0.08830827474594116,0.15459632873535156,3.7171571254730225
2671,0.0154179148375988,0.08793574571609497,0.15530574321746826,3.73287034034729
2672,0.014529415406286716,0.08756321668624878,0.15636491775512695,3.7588233947753906
2673,0.014181197620928288,0.08719068765640259,0.15455135703086853,3.702451229095459
2674,0.013970599509775639,0.0868181586265564,0.15672960877418518,3.758680582046509
2675,0.016522519290447235,0.0864456295967102,0.15565547347068787,3.7394607067108154
2676,0.01541881449520588,0.08607310056686401,0.15665966272354126,3.746323585510254
2677,0.016341080889105797,0.08570057153701782,0.15380196273326874,3.695138692855835
2678,0.014315873384475708,0.08532804250717163,0.15029975771903992,3.5982842445373535
2679,0.016498606652021408,0.08495551347732544,0.15435153245925903,3.721064805984497
2680,0.01593291200697422,0.08458298444747925,0.1562650054693222,3.756005048751831
2681,0.015994295477867126,0.08421045541763306,0.15735411643981934,3.7745094299316406
2682,0.014225898310542107,0.08383792638778687,0.15509092807769775,3.7158565521240234
2683,0.015037952922284603,0.08346539735794067,0.15518084168434143,3.731250047683716
2684,0.013981213793158531,0.08309286832809448,0.1544014811515808,3.7018377780914307
2685,0.014803038910031319,0.08272033929824829,0.1557953655719757,3.726620674133301
2686,0.01483939215540886,0.0823478102684021,0.15404677391052246,3.7107841968536377
2687,0.014982283115386963,0.08197528123855591,0.15394183993339539,3.6953704357147217
2688,0.01545435469597578,0.08160275220870972,0.15604515373706818,3.745833158493042
2689,0.013186542317271233,0.08123022317886353,0.15424160659313202,3.69779372215271
2690,0.013900719583034515,0.08085769414901733,0.1558603048324585,3.739351511001587
2691,0.014876305125653744,0.08048516511917114,0.15410171449184418,3.706249952316284
2692,0.012881654314696789,0.08011263608932495,0.15601518750190735,3.7274510860443115
2693,0.01403860468417406,0.07974010705947876,0.152952641248703,3.6778931617736816
2694,0.014598742127418518,0.07936757802963257,0.15662968158721924,3.758333444595337
2695,0.013714930973947048,0.07899504899978638,0.1555255800485611,3.740856647491455
2696,0.017381178215146065,0.07862251996994019,0.15585032105445862,3.7474262714385986
2697,0.014260085299611092,0.078249990940094,0.1550159901380539,3.7202208042144775
2698,0.01586633175611496,0.0778774619102478,0.15425658226013184,3.6953704357147217
2699,0.014654597267508507,0.07750493288040161,0.15455636382102966,3.711519956588745
2700,0.015153544954955578,0.07713240385055542,0.15492606163024902,3.7069852352142334
2701,0.01427939347922802,0.07675987482070923,0.15699440240859985,3.764120578765869
2702,0.016435671597719193,0.07638734579086304,0.15794864296913147,3.7928922176361084
2703,0.014780692756175995,0.07601481676101685,0.15585532784461975,3.751041889190674
2704,0.016082853078842163,0.07564228773117065,0.15420663356781006,3.7111520767211914
2705,0.01494209747761488,0.07526975870132446,0.15700939297676086,3.751838207244873
2706,0.01638101600110531,0.07489722967147827,0.15495604276657104,3.7226850986480713
2707,0.014363303780555725,0.07452470064163208,0.15673960745334625,3.7617645263671875
2708,0.01515277661383152,0.07415217161178589,0.15557555854320526,3.716912031173706
2709,0.014779127202928066,0.0737796425819397,0.15498602390289307,3.7353007793426514
2710,0.014963122084736824,0.0734071135520935,0.15546563267707825,3.720465660095215
2711,0.01558701228350401,0.07303458452224731,0.15247802436351776,3.6761577129364014
2712,0.014176965691149235,0.07266205549240112,0.15828837454319,3.8062500953674316
2713,0.015825040638446808,0.07228952646255493,0.15523582696914673,3.7268383502960205
2714,0.015335884876549244,0.07191699743270874,0.15770384669303894,3.769791841506958
2715,0.017309799790382385,0.07154446840286255,0.15737411379814148,3.778799057006836
2716,0.014277009293437004,0.07117193937301636,0.15669463574886322,3.7497551441192627
2717,0.014693764969706535,0.07079941034317017,0.15675458312034607,3.7590277194976807
2718,0.018983133137226105,0.07042688131332397,0.1563848853111267,3.7694852352142334
2719,0.015155211091041565,0.07005435228347778,0.1546962410211563,3.717129707336426
2720,0.013557560741901398,0.06968182325363159,0.1567995548248291,3.764583110809326
2721,0.014325150288641453,0.0693092942237854,0.15569046139717102,3.742156744003296
2722,0.01483619213104248,0.06893676519393921,0.158957839012146,3.801041841506958
2723,0.01513036247342825,0.06856423616409302,0.15543566644191742,3.732720375061035
2724,0.015342464670538902,0.06819170713424683,0.15540067851543427,3.71948504447937
2725,0.014364182017743587,0.06781917810440063,0.15568046271800995,3.739351511001587
2726,0.0145528269931674,0.06744664907455444,0.15639987587928772,3.7574756145477295
2727,0.015674423426389694,0.06707412004470825,0.15349720418453217,3.691782236099243
2728,0.015481027774512768,0.06670159101486206,0.1553656905889511,3.7370097637176514
2729,0.015606911852955818,0.06632906198501587,0.15737409889698029,3.777083396911621
2730,0.015322074294090271,0.06595653295516968,0.15846823155879974,3.791898012161255
2731,0.015636615455150604,0.06558400392532349,0.1562749743461609,3.7442400455474854
2732,0.01606910489499569,0.0652114748954773,0.1560601443052292,3.7454657554626465
2733,0.013798633590340614,0.0648389458656311,0.15698941051959991,3.7658565044403076
2734,0.016022242605686188,0.06446641683578491,0.15650978684425354,3.7585785388946533
2735,0.013910372741520405,0.06409388780593872,0.15587030351161957,3.7480320930480957
2736,0.014860530383884907,0.06372135877609253,0.15790368616580963,3.7960784435272217
2737,0.01517493650317192,0.06334882974624634,0.15682454407215118,3.7676470279693604
2738,0.015936536714434624,0.06297630071640015,0.15543566644191742,3.7207179069519043
2739,0.01348724216222763,0.06260377168655396,0.15612509846687317,3.744730234146118
2740,0.01447052787989378,0.062231242656707764,0.15562549233436584,3.7262256145477295
2741,0.014640508219599724,0.06185871362686157,0.1556055247783661,3.735995292663574
2742,0.015686290338635445,0.06148618459701538,0.15691448748111725,3.768505096435547
2743,0.013768846169114113,0.06111365556716919,0.1538769006729126,3.703935146331787
2744,0.014009437523782253,0.060741126537323,0.15487609803676605,3.717034101486206
2745,0.013172837905585766,0.06036859750747681,0.15650980174541473,3.7496323585510254
2746,0.015806743875145912,0.059996068477630615,0.1541866511106491,3.7067129611968994
2747,0.01450641080737114,0.059623539447784424,0.15778875350952148,3.7852938175201416
2748,0.016793690621852875,0.05925101041793823,0.15675459802150726,3.758946180343628
2749,0.013285912573337555,0.05887848138809204,0.15739408135414124,3.7768514156341553
2750,0.015467965975403786,0.05850595235824585,0.1572941690683365,3.765563726425171
2751,0.01572270318865776,0.05813342332839966,0.15586531162261963,3.756944417953491
2752,0.014628705568611622,0.05776089429855347,0.15467126667499542,3.7197303771972656
2753,0.015118595212697983,0.057388365268707275,0.15653976798057556,3.7479164600372314
2754,0.01568104512989521,0.057015836238861084,0.1563049554824829,3.7467591762542725
2755,0.015413470566272736,0.05664330720901489,0.15700440108776093,3.7628676891326904
2756,0.014643913134932518,0.0562707781791687,0.15665966272354126,3.7623772621154785
2757,0.015474740415811539,0.05589824914932251,0.15746402740478516,3.773264169692993
2758,0.015037985518574715,0.05552572011947632,0.15662971138954163,3.7664215564727783
2759,0.015232902951538563,0.05515319108963013,0.15756894648075104,3.7870371341705322
2760,0.016030237078666687,0.054780662059783936,0.15549060702323914,3.7366416454315186
2761,0.013349553570151329,0.054408133029937744,0.15625,3.7507355213165283
2762,0.015134617686271667,0.05403560400009155,0.1580585539340973,3.7844908237457275
2763,0.01648353599011898,0.05366307497024536,0.1582483947277069,3.7919116020202637
2764,0.014791454188525677,0.05329054594039917,0.1553507149219513,3.7383575439453125
2765,0.015014523640275002,0.05291801691055298,0.1553507149219513,3.7212963104248047
2766,0.01608649455010891,0.05254548788070679,0.15757893025875092,3.7791664600372314
2767,0.014290429651737213,0.052172958850860596,0.15727916359901428,3.783564567565918
2768,0.016728846356272697,0.051800429821014404,0.1571093052625656,3.7859065532684326
2769,0.015476997941732407,0.05142790079116821,0.15695443749427795,3.7550244331359863
2770,0.016397682949900627,0.05105537176132202,0.15931256115436554,3.8125
2771,0.01360207051038742,0.05068284273147583,0.1564798206090927,3.757107973098755
2772,0.013660536147654057,0.05031031370162964,0.15555556118488312,3.724755048751831
2773,0.014033930376172066,0.05000000074505806,0.15658973157405853,3.7615740299224854
2774,0.013699941337108612,0.05000000074505806,0.15498599410057068,3.7225492000579834
2775,0.015754161402583122,0.05000000074505806,0.15548060834407806,3.737499952316284
2776,0.012904996052384377,0.05000000074505806,0.15571041405200958,3.7491421699523926
2777,0.01359324250370264,0.05000000074505806,0.1555006057024002,3.723529577255249
2778,0.01518891379237175,0.05000000074505806,0.15610012412071228,3.733912229537964
2779,0.01690494269132614,0.05000000074505806,0.15813349187374115,3.7982845306396484
2780,0.01596718095242977,0.05000000074505806,0.15728417038917542,3.774509906768799
2781,0.0133588258177042,0.05000000074505806,0.1580485701560974,3.786921262741089
2782,0.015042616985738277,0.05000000074505806,0.15571042895317078,3.7448527812957764
2783,0.01465506013482809,0.05000000074505806,0.158193439245224,3.79953670501709
2784,0.013672586530447006,0.05000000074505806,0.15571044385433197,3.740931272506714
2785,0.01434975117444992,0.05000000074505806,0.15615007281303406,3.7471816539764404
2786,0.016241053119301796,0.05000000074505806,0.15696443617343903,3.7615740299224854
2787,0.014754347503185272,0.05000000074505806,0.15614008903503418,3.7405638694763184
2788,0.016244329512119293,0.05000000074505806,0.15626497566699982,3.754657030105591
2789,0.01517854630947113,0.05000000074505806,0.1558753103017807,3.7414350509643555
2790,0.01364803221076727,0.05000000074505806,0.15927259624004364,3.807598352432251
2791,0.014631587080657482,0.05000000074505806,0.15651477873325348,3.7753469944000244
2792,0.015329577028751373,0.05000000074505806,0.15676458179950714,3.769240379333496
2793,0.012570890597999096,0.05000000074505806,0.1560901254415512,3.740931272506714
2794,0.01456099096685648,0.05000000074505806,0.15634992718696594,3.751504898071289
2795,0.014828432351350784,0.05000000074505806,0.15741407871246338,3.7736518383026123
2796,0.01489252783358097,0.05000000074505806,0.15749399363994598,3.774019718170166
2797,0.015719743445515633,0.05000000074505806,0.15815848112106323,3.7914352416992188
2798,0.014356279745697975,0.05000000074505806,0.15714427828788757,3.7743871212005615
2799,0.01385672576725483,0.05000000074505806,0.1571492850780487,3.7814815044403076
2800,0.0146761080250144,0.05000000074505806,0.15533073246479034,3.728799343109131
2801,0.014239194802939892,0.05000000074505806,0.1577388048171997,3.7892158031463623
2802,0.013630137778818607,0.05000000074505806,0.15589027106761932,3.732870101928711
2803,0.013380302116274834,0.05000000074505806,0.1574690192937851,3.78198504447937
2804,0.01429480779916048,0.05000000074505806,0.15612509846687317,3.7419116497039795
2805,0.016076473519206047,0.05000000074505806,0.15576039254665375,3.7364583015441895
2806,0.016330186277627945,0.05000000074505806,0.15633992850780487,3.7579660415649414
2807,0.015006888657808304,0.05000000074505806,0.1573091596364975,3.7790510654449463
2808,0.013184156268835068,0.05000000074505806,0.15475119650363922,3.718259811401367
2809,0.013952615670859814,0.05000000074505806,0.1569993942975998,3.7699756622314453
2810,0.015123793855309486,0.05000000074505806,0.15506595373153687,3.716782569885254
2811,0.013559871353209019,0.05000000074505806,0.15727417171001434,3.7665443420410156
2812,0.013597359880805016,0.05000000074505806,0.15584531426429749,3.738603115081787
2813,0.015378564596176147,0.05000000074505806,0.15989208221435547,3.834953784942627
2814,0.013741197995841503,0.05000000074505806,0.1572541892528534,3.777205467224121
2815,0.016915323212742805,0.05000000074505806,0.15624499320983887,3.7559030055999756
2816,0.017046242952346802,0.05000000074505806,0.15679457783699036,3.7649505138397217
2817,0.016049280762672424,0.05000000074505806,0.158273383975029,3.8012256622314453
2818,0.014351194724440575,0.05000000074505806,0.15676459670066833,3.7537035942077637
2819,0.014947437681257725,0.05000000074505806,0.155660480260849,3.738602876663208
2820,0.015830932185053825,0.05000000074505806,0.15789368748664856,3.781740188598633
2821,0.014734284952282906,0.05000000074505806,0.15540067851543427,3.735995292663574
2822,0.012234370224177837,0.05000000074505806,0.15850819647312164,3.805269241333008
2823,0.014185248874127865,0.05000000074505806,0.15738409757614136,3.7811343669891357
2824,0.014903705567121506,0.05000000074505806,0.1557554006576538,3.746323585510254
2825,0.014535394497215748,0.05000000074505806,0.1570143848657608,3.763235092163086
2826,0.014113128185272217,0.05000000074505806,0.15638987720012665,3.7475693225860596
2827,0.014733093790709972,0.05000000074505806,0.15618005394935608,3.747426748275757
2828,0.013867966830730438,0.05000000074505806,0.1554856151342392,3.730269432067871
2829,0.016419557854533195,0.05000000074505806,0.15577037632465363,3.7307870388031006
2830,0.01374006923288107,0.05000000074505806,0.15653477609157562,3.7659311294555664
2831,0.014519777148962021,0.05000000074505806,0.1573891043663025,3.7806711196899414
2832,0.014485541731119156,0.05000000074505806,0.15836331248283386,3.8068628311157227
2833,0.015201015397906303,0.05000000074505806,0.15730416774749756,3.7737741470336914
2834,0.015718918293714523,0.05000000074505806,0.1561450958251953,3.7432870864868164
2835,0.015111394226551056,0.05000000074505806,0.15856815874576569,3.8062500953674316
2836,0.014071080833673477,0.05000000074505806,0.15716925263404846,3.7671566009521484
2837,0.013825967907905579,0.05000000074505806,0.15784373879432678,3.7849538326263428
2838,0.014084824360907078,0.05000000074505806,0.15701940655708313,3.764460563659668
2839,0.013958990573883057,0.05000000074505806,0.15533572435379028,3.7421298027038574
2840,0.01418461836874485,0.05000000074505806,0.1571492999792099,3.7726714611053467
2841,0.013835536316037178,0.05000000074505806,0.15699441730976105,3.7689952850341797
2842,0.013188106007874012,0.05000000074505806,0.1538619101047516,3.687615394592285
2843,0.01395205594599247,0.05000000074505806,0.15693944692611694,3.770587921142578
2844,0.013496841304004192,0.05000000074505806,0.15780377388000488,3.7808823585510254
2845,0.013880121521651745,0.05000000074505806,0.1575789451599121,3.783564805984497
2846,0.016034841537475586,0.05000000074505806,0.1592525988817215,3.818014621734619
2847,0.014743565581738949,0.05000000074505806,0.1566246896982193,3.7703704833984375
2848,0.014696869999170303,0.05000000074505806,0.1571742594242096,3.775367498397827
2849,0.012759992852807045,0.05000000074505806,0.15773381292819977,3.7778186798095703
2850,0.015026931650936604,0.05000000074505806,0.15752898156642914,3.783912181854248
2851,0.015070456080138683,0.05000000074505806,0.1556854546070099,3.734436273574829
2852,0.014523174613714218,0.05000000074505806,0.15640488266944885,3.7388479709625244
2853,0.014577317982912064,0.05000000074505806,0.15551559627056122,3.7414352893829346
2854,0.015397845767438412,0.05000000074505806,0.15582533180713654,3.744117498397827
2855,0.014829777181148529,0.05000000074505806,0.1565597653388977,3.761458158493042
2856,0.0148247005417943,0.05000000074505806,0.15485112369060516,3.7242650985717773
2857,0.01508581917732954,0.05000000074505806,0.15684452652931213,3.75955867767334
2858,0.015356712974607944,0.05000000074505806,0.15393184125423431,3.6873841285705566
2859,0.01565704680979252,0.05000000074505806,0.15878798067569733,3.805392026901245
2860,0.015269750729203224,0.05000000074505806,0.15720424056053162,3.776348114013672
2861,0.013227717950940132,0.05000000074505806,0.15593524277210236,3.745023012161255
2862,0.013163542374968529,0.05000000074505806,0.1571892648935318,3.770343065261841
2863,0.014995178207755089,0.05000000074505806,0.1574040651321411,3.786226987838745
2864,0.014684896916151047,0.05000000074505806,0.15694944560527802,3.7688727378845215
2865,0.013000564649701118,0.05000000074505806,0.15771882236003876,3.781249761581421
2866,0.01386091485619545,0.05000000074505806,0.15719923377037048,3.773958206176758
2867,0.015225367620587349,0.05000000074505806,0.15750400722026825,3.7808823585510254
2868,0.013815059326589108,0.05000000074505806,0.156934455037117,3.7496325969696045
2869,0.01601807400584221,0.05000000074505806,0.15719923377037048,3.7776620388031006
2870,0.017243893817067146,0.05000000074505806,0.15648481249809265,3.758455753326416
2871,0.01519518718123436,0.05000000074505806,0.15804855525493622,3.800462484359741
2872,0.016402099281549454,0.05000000074505806,0.15841825306415558,3.8067402839660645
2873,0.014294113963842392,0.05000000074505806,0.15733414888381958,3.775245189666748
2874,0.015673335641622543,0.05000000074505806,0.15668964385986328,3.759143352508545
2875,0.014148876070976257,0.05000000074505806,0.1579636186361313,3.7984068393707275
2876,0.01522618904709816,0.05000000074505806,0.15777377784252167,3.7647058963775635
2877,0.01484261266887188,0.05000000074505806,0.15790867805480957,3.793055534362793
2878,0.014520825818181038,0.05000000074505806,0.1566796600818634,3.7682597637176514
2879,0.01347802858799696,0.05000000074505806,0.15711931884288788,3.772569417953491
2880,0.013696707785129547,0.05000000074505806,0.15729916095733643,3.785539150238037
2881,0.015605179592967033,0.05000000074505806,0.15753896534442902,3.7743871212005615
2882,0.016502607613801956,0.05000000074505806,0.16049160063266754,3.8398146629333496
2883,0.014265434816479683,0.05000000074505806,0.15825340151786804,3.798529624938965
2884,0.014562585391104221,0.05000000074505806,0.1573491245508194,3.7726714611053467
2885,0.013540747575461864,0.05000000074505806,0.1594274640083313,3.8244216442108154
2886,0.015744909644126892,0.05000000074505806,0.15785372257232666,3.78602933883667
2887,0.015239877626299858,0.05000000074505806,0.1571742594242096,3.784374952316284
2888,0.015228870324790478,0.05000000074505806,0.15629996359348297,3.754166603088379
2889,0.01513814739882946,0.05000000074505806,0.15902777016162872,3.8110291957855225
2890,0.013222073204815388,0.05000000074505806,0.15716925263404846,3.772338390350342
2891,0.014651576057076454,0.05000000074505806,0.15534572303295135,3.730269432067871
2892,0.014559922739863396,0.05000000074505806,0.15735910832881927,3.774019718170166
2893,0.015405825339257717,0.05000000074505806,0.15491606295108795,3.7121524810791016
2894,0.013808591291308403,0.05000000074505806,0.15783874690532684,3.796201229095459
2895,0.016309281811118126,0.05000000074505806,0.1567445993423462,3.765162229537964
2896,0.014708785340189934,0.05000000074505806,0.1572841852903366,3.7805144786834717
2897,0.014260441064834595,0.05000000074505806,0.15711930394172668,3.773284673690796
2898,0.015316024422645569,0.05000000074505806,0.15749900043010712,3.7708332538604736
2899,0.01836475171148777,0.05000000074505806,0.156919464468956,3.762500047683716
2900,0.015179929323494434,0.05000000074505806,0.15610511600971222,3.7485294342041016
2901,0.013761823996901512,0.05000000074505806,0.15752898156642914,3.7750000953674316
2902,0.01521668303757906,0.05000000074505806,0.15510091185569763,3.7142155170440674
2903,0.014986760914325714,0.05000000074505806,0.1557154357433319,3.7525460720062256
2904,0.015606767497956753,0.05000000074505806,0.15618504583835602,3.748284339904785
2905,0.015886783599853516,0.05000000074505806,0.15928757190704346,3.824019432067871
2906,0.014030740596354008,0.05000000074505806,0.15576040744781494,3.7361111640930176
2907,0.014063592068850994,0.05000000074505806,0.15420663356781006,3.70379900932312
2908,0.015113215893507004,0.05000000074505806,0.15942245721817017,3.8127450942993164
2909,0.013719719834625721,0.05000000074505806,0.15987209975719452,3.8343749046325684
2910,0.013416290283203125,0.05000000074505806,0.15697941184043884,3.7742645740509033
2911,0.014156480319797993,0.05000000074505806,0.15729916095733643,3.7814815044403076
2912,0.015314090996980667,0.05000000074505806,0.15605516731739044,3.747549057006836
2913,0.015566769987344742,0.05000000074505806,0.15712428092956543,3.766054153442383
2914,0.01380697637796402,0.05000000074505806,0.15759392082691193,3.7836804389953613
2915,0.013719195500016212,0.05000000074505806,0.1585681438446045,3.7965686321258545
2916,0.01492407638579607,0.05000000074505806,0.15649481117725372,3.759068727493286
2917,0.01567952334880829,0.05000000074505806,0.15736910700798035,3.776620388031006
2918,0.01636461727321148,0.05000000074505806,0.15641985833644867,3.742892026901245
2919,0.015047004446387291,0.05000000074505806,0.1557554006576538,3.755671262741089
2920,0.014569886960089207,0.05000000074505806,0.1588379293680191,3.8164212703704834
2921,0.01532411202788353,0.05000000074505806,0.15652477741241455,3.7647056579589844
2922,0.013917459174990654,0.05000000074505806,0.15728417038917542,3.7604167461395264
2923,0.013784303329885006,0.05000000074505806,0.15611010789871216,3.7449753284454346
2924,0.014861324802041054,0.05000000074505806,0.1553906947374344,3.729534387588501
2925,0.014797967858612537,0.05000000074505806,0.1578187346458435,3.77523136138916
2926,0.013552968390285969,0.05000000074505806,0.15706436336040497,3.7797791957855225
2927,0.014830920845270157,0.05000000074505806,0.15561550855636597,3.741319417953491
2928,0.014470594003796577,0.05000000074505806,0.15608014166355133,3.7533087730407715
2929,0.01603756844997406,0.05000000074505806,0.1567196249961853,3.757352828979492
2930,0.014291543513536453,0.05000000074505806,0.15890288352966309,3.80648136138916
2931,0.014788052067160606,0.05000000074505806,0.1559552401304245,3.733088493347168
2932,0.014992311596870422,0.05000000074505806,0.15900279581546783,3.822059154510498
2933,0.016144879162311554,0.05000000074505806,0.15694944560527802,3.7651617527008057
2934,0.016498256474733353,0.05000000074505806,0.1567596048116684,3.759558916091919
2935,0.014248231425881386,0.05000000074505806,0.15900279581546783,3.824305534362793
2936,0.014400005340576172,0.05000000074505806,0.15855316817760468,3.8074753284454346
2937,0.013305122032761574,0.05000000074505806,0.1560901254415512,3.749509572982788
2938,0.0154680535197258,0.05000000074505806,0.1580735445022583,3.779977321624756
2939,0.01627756841480732,0.05000000074505806,0.15713928639888763,3.7811272144317627
2940,0.015934966504573822,0.05000000074505806,0.1577787846326828,3.7784314155578613
2941,0.014171252027153969,0.05000000074505806,0.15660971403121948,3.7563657760620117
2942,0.014491597190499306,0.05000000074505806,0.15537570416927338,3.7351715564727783
2943,0.013496347703039646,0.05000000074505806,0.15434151887893677,3.7093751430511475
2944,0.014027932658791542,0.05000000074505806,0.1581684648990631,3.795710802078247
2945,0.015199980698525906,0.05000000074505806,0.15893787145614624,3.820343017578125
2946,0.012820310890674591,0.05000000074505806,0.1570943146944046,3.7589123249053955
2947,0.013327651657164097,0.05000000074505806,0.15894784033298492,3.8213231563568115
2948,0.013684296049177647,0.05000000074505806,0.15700939297676086,3.77046537399292
2949,0.013462117873132229,0.05000000074505806,0.15726418793201447,3.768402576446533
2950,0.013453874737024307,0.05000000074505806,0.15553557872772217,3.731250047683716
2951,0.01563774235546589,0.05000000074505806,0.15674960613250732,3.768981456756592
2952,0.014923717826604843,0.05000000074505806,0.157683864235878,3.7888479232788086
2953,0.01496028620749712,0.05000000074505806,0.1547062247991562,3.718259811401367
2954,0.014380468986928463,0.05000000074505806,0.15710432827472687,3.757870674133301
2955,0.013751775026321411,0.05000000074505806,0.1576438695192337,3.786519765853882
2956,0.013343185186386108,0.05000000074505806,0.15655474364757538,3.7424020767211914
2957,0.013527660630643368,0.05000000074505806,0.1567845642566681,3.7714123725891113
2958,0.016046427190303802,0.05000000074505806,0.157523974776268,3.780146837234497
2959,0.015676936134696007,0.05000000074505806,0.15678457915782928,3.769097328186035
2960,0.013798980973660946,0.05000000074505806,0.15877799689769745,3.8115198612213135
2961,0.014573212713003159,0.05000000074505806,0.15732911229133606,3.768137216567993
2962,0.014433611184358597,0.05000000074505806,0.15649980306625366,3.7640044689178467
2963,0.016304045915603638,0.05000000074505806,0.15824341773986816,3.790808916091919
2964,0.01550154760479927,0.05000000074505806,0.15947242081165314,3.8224263191223145
2965,0.0150978434830904,0.05000000074505806,0.15769383311271667,3.778125286102295
2966,0.014921335503458977,0.05000000074505806,0.15688449144363403,3.7707107067108154
2967,0.013702306896448135,0.05000000074505806,0.1576688587665558,3.797337532043457
2968,0.013743944466114044,0.05000000074505806,0.1575789451599121,3.787990093231201
2969,0.014227251522243023,0.05000000074505806,0.15718424320220947,3.768136978149414
2970,0.01544242911040783,0.05000000074505806,0.15659472346305847,3.752777576446533
2971,0.01501939631998539,0.05000000074505806,0.15802857279777527,3.7948529720306396
2972,0.01624043472111225,0.05000000074505806,0.15848322212696075,3.7973036766052246
2973,0.012875071726739407,0.05000000074505806,0.15672962367534637,3.7631943225860596
2974,0.0137166203930974,0.05000000074505806,0.15736910700798035,3.7707107067108154
2975,0.015281039290130138,0.05000000074505806,0.15702436864376068,3.78275465965271
2976,0.015460120514035225,0.05000000074505806,0.15565547347068787,3.741788864135742
2977,0.014492790214717388,0.05000000074505806,0.1582484245300293,3.789093255996704
2978,0.014369523152709007,0.05000000074505806,0.15671463310718536,3.7646989822387695
2979,0.013210989534854889,0.05000000074505806,0.15716925263404846,3.772794246673584
2980,0.015334436669945717,0.05000000074505806,0.15733912587165833,3.768749952316284
2981,0.01663985475897789,0.05000000074505806,0.15803857147693634,3.787384033203125
2982,0.01623481512069702,0.05000000074505806,0.15546561777591705,3.737377643585205
2983,0.014450088143348694,0.05000000074505806,0.15667465329170227,3.7643520832061768
2984,0.014843184500932693,0.05000000074505806,0.15608514845371246,3.7563724517822266
2985,0.014264164492487907,0.05000000074505806,0.1575239896774292,3.782597780227661
2986,0.01429030578583479,0.05000000074505806,0.15918764472007751,3.8001155853271484
2987,0.014532520435750484,0.05000000074505806,0.15650980174541473,3.7540438175201416
2988,0.015210090205073357,0.05000000074505806,0.15840327739715576,3.797917366027832
2989,0.014620178379118443,0.05000000074505806,0.15854816138744354,3.8092594146728516
2990,0.017466504126787186,0.05000000074505806,0.15539567172527313,3.7340686321258545
2991,0.015231211669743061,0.05000000074505806,0.15920263528823853,3.821296453475952
2992,0.015428515151143074,0.05000000074505806,0.1559952050447464,3.7503676414489746
2993,0.015081100165843964,0.05000000074505806,0.1566396951675415,3.7604167461395264
2994,0.014628429897129536,0.05000000074505806,0.1576838344335556,3.773379325866699
2995,0.014817806892096996,0.05000000074505806,0.15767884254455566,3.7772057056427
2996,0.015089432708919048,0.05000000074505806,0.1578737050294876,3.789093255996704
2997,0.015073053538799286,0.05000000074505806,0.15544064342975616,3.7354166507720947
2998,0.01450661476701498,0.05000000074505806,0.1561300903558731,3.7485294342041016
2999,0.01376098021864891,0.05000000074505806,0.15783372521400452,3.792013645172119
3000,0.014432043768465519,0.05000000074505806,0.1559702306985855,3.742279291152954
3001,0.014990181662142277,0.05000000074505806,0.15655474364757538,3.7617647647857666
3002,0.014480034820735455,0.05000000074505806,0.15547561645507812,3.7254629135131836
3003,0.01570524089038372,0.05000000074505806,0.15676459670066833,3.76017165184021
3004,0.015043869614601135,0.05000000074505806,0.1598021537065506,3.8290443420410156
3005,0.014750408940017223,0.05000000074505806,0.15698440372943878,3.775925636291504
3006,0.015664702281355858,0.05000000074505806,0.1580335795879364,3.790195941925049
3007,0.015221316367387772,0.05000000074505806,0.15724919736385345,3.78090238571167
3008,0.016285713762044907,0.05000000074505806,0.15581533312797546,3.745098114013672
3009,0.016560833901166916,0.05000000074505806,0.15953238308429718,3.8258581161499023
3010,0.015027683228254318,0.05000000074505806,0.15648481249809265,3.7483794689178467
3011,0.01635761559009552,0.05000000074505806,0.15660972893238068,3.7610294818878174
3012,0.014551268890500069,0.05000000074505806,0.15496602654457092,3.7137253284454346
3013,0.014443039894104004,0.05000000074505806,0.15802857279777527,3.7886571884155273
3014,0.015866011381149292,0.05000000074505806,0.15605515241622925,3.753676414489746
3015,0.015982847660779953,0.05000000074505806,0.1552857756614685,3.7306711673736572
3016,0.018481209874153137,0.05000000074505806,0.15684950351715088,3.7720584869384766
3017,0.01519734412431717,0.05000000074505806,0.15650978684425354,3.7471818923950195
3018,0.01514729205518961,0.05000000074505806,0.158303365111351,3.790740489959717
3019,0.013638626784086227,0.05000000074505806,0.15552057325839996,3.7448530197143555
3020,0.012451700866222382,0.05000000074505806,0.1574040651321411,3.756005048751831
3021,0.015392623841762543,0.05000000074505806,0.1566247045993805,3.765625
3022,0.014659956097602844,0.05000000074505806,0.15672960877418518,3.7623772621154785
3023,0.013132048770785332,0.05000000074505806,0.15333732962608337,3.6925923824310303
3024,0.013302937150001526,0.05000000074505806,0.1566096991300583,3.77034330368042
3025,0.014118753373622894,0.05000000074505806,0.15393686294555664,3.697058916091919
3026,0.015925290063023567,0.05000000074505806,0.15753398835659027,3.759953737258911
3027,0.01314016617834568,0.05000000074505806,0.15762390196323395,3.7790441513061523
3028,0.014647466130554676,0.05000000074505806,0.1580735296010971,3.791299343109131
3029,0.01291962992399931,0.05000000074505806,0.15914767980575562,3.8142359256744385
3030,0.016169298440217972,0.05000000074505806,0.15606513619422913,3.75612735748291
3031,0.01410984992980957,0.05000000074505806,0.1571742594242096,3.7771990299224854
3032,0.014648918062448502,0.05000000074505806,0.1570693403482437,3.7785537242889404
3033,0.01391659863293171,0.05000000074505806,0.15522581338882446,3.72892165184021
3034,0.015554058365523815,0.05000000074505806,0.16026678681373596,3.826273202896118
3035,0.01549701951444149,0.05000000074505806,0.15659472346305847,3.7621326446533203
3036,0.01376941055059433,0.05000000074505806,0.1564498394727707,3.7459557056427
3037,0.014867131598293781,0.05000000074505806,0.15821343660354614,3.7910878658294678
3038,0.016454597935080528,0.05000000074505806,0.15846821665763855,3.8200979232788086
3039,0.013726700097322464,0.05000000074505806,0.1578986793756485,3.787731647491455
3040,0.01612125150859356,0.05000000074505806,0.15647481381893158,3.7591912746429443
3041,0.014222955331206322,0.05000000074505806,0.15632493793964386,3.745098114013672
3042,0.016035012900829315,0.05000000074505806,0.15735910832881927,3.775115966796875
3043,0.013520900160074234,0.05000000074505806,0.1561850607395172,3.7471814155578613
3044,0.015161719173192978,0.05000000074505806,0.15502597391605377,3.71875
3045,0.015736160799860954,0.05000000074505806,0.15947240591049194,3.8138887882232666
3046,0.013677648268640041,0.05000000074505806,0.15261290967464447,3.681985378265381
3047,0.016560813412070274,0.05000000074505806,0.1579136699438095,3.785069227218628
3048,0.013164961710572243,0.05000000074505806,0.1549510359764099,3.721200942993164
3049,0.015116921626031399,0.05000000074505806,0.15939748287200928,3.831862688064575
3050,0.015750648453831673,0.05000000074505806,0.1587180346250534,3.7958333492279053
3051,0.012737895362079144,0.05000000074505806,0.15704934298992157,3.769240140914917
3052,0.016268504783511162,0.05000000074505806,0.1566396802663803,3.7522058486938477
3053,0.015396402217447758,0.05000000074505806,0.1559002846479416,3.7379629611968994
3054,0.013514312915503979,0.05000000074505806,0.1565997153520584,3.768014669418335
3055,0.01528360415250063,0.05000000074505806,0.15683454275131226,3.769906997680664
3056,0.016773657873272896,0.05000000074505806,0.15840329229831696,3.808333158493042
3057,0.015939077362418175,0.05000000074505806,0.15807853639125824,3.7906861305236816
3058,0.015019707381725311,0.05000000074505806,0.15739408135414124,3.774768352508545
3059,0.01634235307574272,0.05000000074505806,0.15813347697257996,3.7906861305236816
3060,0.013982327654957771,0.05000000074505806,0.15770883858203888,3.7808823585510254
3061,0.013401544652879238,0.05000000074505806,0.1579935997724533,3.790393352508545
3062,0.016091903671622276,0.05000000074505806,0.1559402495622635,3.748284339904785
3063,0.013147799298167229,0.05000000074505806,0.15708933770656586,3.7741897106170654
3064,0.014470542781054974,0.05000000074505806,0.15660472214221954,3.7659311294555664
3065,0.014246479608118534,0.05000000074505806,0.1572691798210144,3.7778189182281494
3066,0.014959385618567467,0.05000000074505806,0.15659473836421967,3.745138645172119
3067,0.014166368171572685,0.05000000074505806,0.15749399363994598,3.772426128387451
3068,0.016177315264940262,0.05000000074505806,0.1585281789302826,3.795220375061035
3069,0.014500344172120094,0.05000000074505806,0.15635989606380463,3.7631945610046387
3070,0.015483388677239418,0.05000000074505806,0.15875299274921417,3.8169116973876953
3071,0.013953560963273048,0.05000000074505806,0.1567745804786682,3.7673614025115967
3072,0.015039240941405296,0.05000000074505806,0.15696443617343903,3.764460563659668
3073,0.014172523282468319,0.05000000074505806,0.15596522390842438,3.751593589782715
3074,0.01471046730875969,0.05000000074505806,0.1596822589635849,3.8200230598449707
3075,0.015660757198929787,0.05000000074505806,0.15870803594589233,3.80232834815979
3076,0.013750243932008743,0.05000000074505806,0.15790368616580963,3.7888479232788086
3077,0.013912321999669075,0.05000000074505806,0.15746401250362396,3.7825229167938232
3078,0.01582745835185051,0.05000000074505806,0.15483614802360535,3.71875
3079,0.015634804964065552,0.05000000074505806,0.15735910832881927,3.7814815044403076
3080,0.015283986926078796,0.05000000074505806,0.15653975307941437,3.7651963233947754
3081,0.014237470924854279,0.05000000074505806,0.15702438354492188,3.774019479751587
3082,0.014969207346439362,0.05000000074505806,0.15800859034061432,3.7733795642852783
3083,0.014176215045154095,0.05000000074505806,0.15719924867153168,3.7677695751190186
3084,0.015100833028554916,0.05000000074505806,0.15909771621227264,3.8133578300476074
3085,0.015319297090172768,0.05000000074505806,0.15527576208114624,3.7357637882232666
3086,0.015373805537819862,0.05000000074505806,0.15798860788345337,3.7947304248809814
3087,0.015434985980391502,0.05000000074505806,0.15698440372943878,3.7730326652526855
3088,0.014255791902542114,0.05000000074505806,0.15708433091640472,3.77181339263916
3089,0.016250507906079292,0.05000000074505806,0.15923260152339935,3.8170342445373535
3090,0.014159602113068104,0.05000000074505806,0.15727418661117554,3.770138740539551
3091,0.014599352143704891,0.05000000074505806,0.1603666990995407,3.840073823928833
3092,0.013396034017205238,0.05000000074505806,0.15732413530349731,3.7779409885406494
3093,0.017337236553430557,0.05000000074505806,0.15833333134651184,3.807176113128662
3094,0.015467704273760319,0.05000000074505806,0.15729916095733643,3.780024290084839
3095,0.015248527750372887,0.05000000074505806,0.1570943295955658,3.7734954357147217
3096,0.014939635992050171,0.05000000074505806,0.15719425678253174,3.782230854034424
3097,0.01361590251326561,0.05000000074505806,0.15901778638362885,3.804656982421875
3098,0.013781932182610035,0.05000000074505806,0.15736910700798035,3.7814815044403076
3099,0.015353810042142868,0.05000000074505806,0.15625998377799988,3.741666316986084
3100,0.014480221085250378,0.05000000074505806,0.15731413662433624,3.7713236808776855
3101,0.014623906463384628,0.05000000074505806,0.1560751348733902,3.743865489959717
3102,0.013880028389394283,0.05000000074505806,0.15619006752967834,3.7617645263671875
3103,0.017406368628144264,0.05000000074505806,0.15657973289489746,3.7582178115844727
3104,0.0159265398979187,0.05000000074505806,0.15610013902187347,3.747058868408203
3105,0.014432675205171108,0.05000000074505806,0.15787869691848755,3.7922794818878174
3106,0.0132667887955904,0.05000000074505806,0.15668964385986328,3.750810146331787
3107,0.013821590691804886,0.05000000074505806,0.15651479363441467,3.7610297203063965
3108,0.012778188101947308,0.05000000074505806,0.15822342038154602,3.7942402362823486
3109,0.01401870884001255,0.05000000074505806,0.1570693552494049,3.760995626449585
3110,0.015045557171106339,0.05000000074505806,0.15383194386959076,3.6991422176361084
3111,0.016059931367635727,0.05000000074505806,0.15482114255428314,3.723032236099243
3112,0.014158915728330612,0.05000000074505806,0.15689949691295624,3.7757349014282227
3113,0.015536345541477203,0.05000000074505806,0.15810850262641907,3.7905633449554443
3114,0.01440553367137909,0.05000000074505806,0.15624001622200012,3.741551160812378
3115,0.014121121726930141,0.05000000074505806,0.15674960613250732,3.762500047683716
3116,0.015041247010231018,0.05000000074505806,0.1572292149066925,3.7726714611053467
3117,0.015346886590123177,0.05000000074505806,0.15692445635795593,3.7601850032806396
3118,0.01604866236448288,0.05000000074505806,0.15890288352966309,3.8140928745269775
3119,0.014009565114974976,0.05000000074505806,0.15455636382102966,3.721874713897705
3120,0.01370486244559288,0.05000000074505806,0.15669965744018555,3.7642157077789307
3121,0.013797103427350521,0.05000000074505806,0.1562899798154831,3.752941370010376
3122,0.014449069276452065,0.05000000074505806,0.15704436600208282,3.758911609649658
3123,0.013515513390302658,0.05000000074505806,0.15725919604301453,3.781740188598633
3124,0.015249534510076046,0.05000000074505806,0.1553657054901123,3.7189948558807373
3125,0.015987344086170197,0.05000000074505806,0.15718425810337067,3.769097328186035
3126,0.013578874990344048,0.05000000074505806,0.15690948069095612,3.770465612411499
3127,0.01497842837125063,0.05000000074505806,0.1559802144765854,3.7490739822387695
3128,0.01446994487196207,0.05000000074505806,0.15538568794727325,3.73443603515625
3129,0.013769440352916718,0.05000000074505806,0.1560101956129074,3.7294116020202637
3130,0.01521935686469078,0.05000000074505806,0.15755395591259003,3.7868053913116455
3131,0.017479369416832924,0.05000000074505806,0.15816345810890198,3.793259859085083
3132,0.013601314276456833,0.05000000074505806,0.15796363353729248,3.776348114013672
3133,0.015235359780490398,0.05000000074505806,0.15792366862297058,3.7972218990325928
3134,0.014355822466313839,0.05000000074505806,0.15739908814430237,3.7882351875305176
3135,0.015074376948177814,0.05000000074505806,0.15808354318141937,3.7947919368743896
3136,0.015014251694083214,0.05000000074505806,0.15711429715156555,3.781127691268921
3137,0.012333078309893608,0.05000000074505806,0.15814848244190216,3.7797791957855225
3138,0.014295391738414764,0.05000000074505806,0.1576688587665558,3.784721851348877
3139,0.014240458607673645,0.05000000074505806,0.15786872804164886,3.7882351875305176
3140,0.015127066522836685,0.05000000074505806,0.1565297693014145,3.7587010860443115
3141,0.0145214619114995,0.05000000074505806,0.15790867805480957,3.7833333015441895
3142,0.014738548547029495,0.05000000074505806,0.15668465197086334,3.760784149169922
3143,0.014643477275967598,0.05000000074505806,0.15665467083454132,3.768634080886841
3144,0.014174048788845539,0.05000000074505806,0.15629997849464417,3.75477933883667
3145,0.014731028117239475,0.05000000074505806,0.156329944729805,3.7485294342041016
3146,0.015893176198005676,0.05000000074505806,0.15685951709747314,3.7636570930480957
3147,0.014912223443388939,0.05000000074505806,0.1569594442844391,3.7575974464416504
3148,0.014854039996862411,0.05000000074505806,0.156919464468956,3.7629899978637695
3149,0.015184758231043816,0.05000000074505806,0.1559402495622635,3.7444446086883545
3150,0.013163376599550247,0.05000000074505806,0.15597522258758545,3.743259906768799
3151,0.01364247314631939,0.05000000074505806,0.15732914209365845,3.786226511001587
3152,0.014149954542517662,0.05000000074505806,0.15720923244953156,3.780024528503418
3153,0.014571250416338444,0.05000000074505806,0.15914268791675568,3.8159313201904297
3154,0.014116501435637474,0.05000000074505806,0.1578337401151657,3.77974534034729
3155,0.014861076138913631,0.05000000074505806,0.1565447747707367,3.758455753326416
3156,0.013699195347726345,0.05000000074505806,0.1570543646812439,3.761397123336792
3157,0.015276133082807064,0.05000000074505806,0.15876798331737518,3.80949068069458
3158,0.014794427901506424,0.05000000074505806,0.15708433091640472,3.7720587253570557
3159,0.014539867639541626,0.05000000074505806,0.15578535199165344,3.748842239379883
3160,0.015041923150420189,0.05000000074505806,0.15813350677490234,3.8122549057006836
3161,0.014987323433160782,0.05000000074505806,0.15793363749980927,3.775244951248169
3162,0.0141228549182415,0.05000000074505806,0.15552057325839996,3.7274303436279297
3163,0.014483899809420109,0.05000000074505806,0.1564798206090927,3.7550246715545654
3164,0.013357561081647873,0.05000000074505806,0.15627996623516083,3.744485378265381
3165,0.01620800606906414,0.05000000074505806,0.1586630791425705,3.8072917461395264
3166,0.013387859798967838,0.05000000074505806,0.1574440598487854,3.7874999046325684
3167,0.01426122896373272,0.05000000074505806,0.15560051798820496,3.7379627227783203
3168,0.015763316303491592,0.05000000074505806,0.15640488266944885,3.7636029720306396
3169,0.014350270852446556,0.05000000074505806,0.156919464468956,3.7556374073028564
3170,0.013343364000320435,0.05000000074505806,0.15598519146442413,3.738541603088379
3171,0.014517730101943016,0.05000000074505806,0.15992707014083862,3.8379900455474854
3172,0.014113820157945156,0.05000000074505806,0.15763390064239502,3.778676748275757
3173,0.014948905445635319,0.05000000074505806,0.1574990153312683,3.7813658714294434
3174,0.012818008661270142,0.05000000074505806,0.15538068115711212,3.736886978149414
3175,0.015317697077989578,0.05000000074505806,0.1560751497745514,3.7490737438201904
3176,0.015624855645000935,0.05000000074505806,0.1574440449476242,3.7882349491119385
3177,0.014539475552737713,0.05000000074505806,0.1593325287103653,3.818504810333252
3178,0.014270703308284283,0.05000000074505806,0.1573091447353363,3.768402576446533
3179,0.013740685768425465,0.05000000074505806,0.15659473836421967,3.7534313201904297
3180,0.014569436199963093,0.05000000074505806,0.16055157780647278,3.8488972187042236
3181,0.014236871153116226,0.05000000074505806,0.1555555760860443,3.7337963581085205
3182,0.015190605074167252,0.05000000074505806,0.1564498394727707,3.7556374073028564
3183,0.014339936897158623,0.05000000074505806,0.1581534892320633,3.8089120388031006
3184,0.013207737356424332,0.05000000074505806,0.1566247045993805,3.7623772621154785
3185,0.013730987906455994,0.05000000074505806,0.15731415152549744,3.771078586578369
3186,0.013581295497715473,0.05000000074505806,0.15866807103157043,3.805555582046509
3187,0.01467100903391838,0.05000000074505806,0.15761390328407288,3.7805144786834717
3188,0.014695529825985432,0.05000000074505806,0.1565297693014145,3.74926495552063
3189,0.014278462156653404,0.05000000074505806,0.15722422301769257,3.774883985519409
3190,0.014538460411131382,0.05000000074505806,0.15715427696704865,3.779043674468994
3191,0.013560865074396133,0.05000000074505806,0.15781375765800476,3.789583206176758
3192,0.012695804238319397,0.05000000074505806,0.15606513619422913,3.7466914653778076
3193,0.012831851840019226,0.05000000074505806,0.15612511336803436,3.741666316986084
3194,0.014153072610497475,0.05000000074505806,0.1575789451599121,3.7826385498046875
3195,0.014879785478115082,0.05000000074505806,0.15782874822616577,3.7899508476257324
3196,0.016261475160717964,0.05000000074505806,0.15805354714393616,3.7846813201904297
3197,0.014740843325853348,0.05000000074505806,0.15682953596115112,3.7585647106170654
3198,0.0156383253633976,0.05000000074505806,0.15559552609920502,3.7382352352142334
3199,0.013597393408417702,0.05000000074505806,0.1564248651266098,3.7646992206573486
3200,0.014858975075185299,0.05000000074505806,0.15805354714393616,3.80159330368042
3201,0.012311243452131748,0.05000000074505806,0.15653975307941437,3.754289150238037
3202,0.0173303484916687,0.05000000074505806,0.15729916095733643,3.766087770462036
3203,0.013849787414073944,0.05000000074505806,0.155500590801239,3.72892165184021
3204,0.012726802378892899,0.05000000074505806,0.15917764604091644,3.814950942993164
3205,0.013519499450922012,0.05000000074505806,0.15657474100589752,3.758796215057373
3206,0.015835611149668694,0.05000000074505806,0.156155064702034,3.751715660095215
3207,0.014021443203091621,0.05000000074505806,0.1574440449476242,3.785532236099243
3208,0.013932176865637302,0.05000000074505806,0.15956735610961914,3.8411762714385986
3209,0.013971474952995777,0.05000000074505806,0.1567346155643463,3.7466912269592285
3210,0.013843044638633728,0.05000000074505806,0.15637989342212677,3.7505781650543213
3211,0.013989654369652271,0.05000000074505806,0.15741406381130219,3.79215669631958
3212,0.016088690608739853,0.05000000074505806,0.1596173197031021,3.807598114013672
3213,0.014250893145799637,0.05000000074505806,0.15694443881511688,3.776620388031006
3214,0.01451476477086544,0.05000000074505806,0.15575039386749268,3.743259906768799
3215,0.015700260177254677,0.05000000074505806,0.1564498394727707,3.7571756839752197
3216,0.015007875859737396,0.05000000074505806,0.15496601164340973,3.719975471496582
3217,0.015011104755103588,0.05000000074505806,0.15743404626846313,3.7808823585510254
3218,0.016578301787376404,0.05000000074505806,0.1576838493347168,3.774768352508545
3219,0.013843171298503876,0.05000000074505806,0.15808352828025818,3.790318727493286
3220,0.015553079545497894,0.05000000074505806,0.15877297520637512,3.8110296726226807
3221,0.014423593878746033,0.05000000074505806,0.15770384669303894,3.78275465965271
3222,0.013050519861280918,0.05000000074505806,0.15809352695941925,3.79276967048645
3223,0.013908855617046356,0.05000000074505806,0.15628498792648315,3.764583110809326
3224,0.014361522160470486,0.05000000074505806,0.157508984208107,3.7873778343200684
3225,0.014489171095192432,0.05000000074505806,0.1558753103017807,3.73431396484375
3226,0.014213178306818008,0.05000000074505806,0.15606515109539032,3.7418980598449707
3227,0.012786678969860077,0.05000000074505806,0.1557803750038147,3.7359068393707275
3228,0.012702904641628265,0.05000000074505806,0.15826836228370667,3.7971813678741455
3229,0.015231689438223839,0.05000000074505806,0.15690447390079498,3.7574071884155273
3230,0.014266236685216427,0.05000000074505806,0.1559702306985855,3.749631881713867
3231,0.015308908186852932,0.05000000074505806,0.15818843245506287,3.8049769401550293
3232,0.016514047980308533,0.05000000074505806,0.15627498924732208,3.755392074584961
3233,0.015005366876721382,0.05000000074505806,0.15412171185016632,3.7083332538604736
3234,0.014381544664502144,0.05000000074505806,0.158208429813385,3.7802083492279053
3235,0.013938750140368938,0.05000000074505806,0.1582483947277069,3.7942402362823486
3236,0.01462370902299881,0.05000000074505806,0.1552308052778244,3.7171568870544434
3237,0.014083750545978546,0.05000000074505806,0.1570793241262436,3.7693288326263428
3238,0.014161225408315659,0.05000000074505806,0.15759390592575073,3.7922794818878174
3239,0.01505634468048811,0.05000000074505806,0.1552857756614685,3.731365442276001
3240,0.014910869300365448,0.05000000074505806,0.15753896534442902,3.7851717472076416
3241,0.015101785771548748,0.05000000074505806,0.15812848508358002,3.795588254928589
3242,0.015414093621075153,0.05000000074505806,0.156854510307312,3.756944417953491
3243,0.014019681140780449,0.05000000074505806,0.15971723198890686,3.828676462173462
3244,0.012493180111050606,0.05000000074505806,0.15443144738674164,3.709804058074951
3245,0.015091483481228352,0.05000000074505806,0.1552707701921463,3.729398488998413
3246,0.012754887342453003,0.05000000074505806,0.15747402608394623,3.7745094299316406
3247,0.0140956100076437,0.05000000074505806,0.1570143848657608,3.7768521308898926
3248,0.014817478135228157,0.05000000074505806,0.15752896666526794,3.7887253761291504
3249,0.014120274223387241,0.05000000074505806,0.15533572435379028,3.71875
3250,0.015737352892756462,0.05000000074505806,0.15616007149219513,3.744328260421753
3251,0.015259568579494953,0.05000000074505806,0.15661470592021942,3.759190797805786
3252,0.016625607386231422,0.05000000074505806,0.1563549041748047,3.744117498397827
3253,0.01409709919244051,0.05000000074505806,0.1572292149066925,3.773958206176758
3254,0.013850761577486992,0.05000000074505806,0.15617506206035614,3.7484071254730225
3255,0.0160665325820446,0.05000000074505806,0.15635992586612701,3.763772964477539
3256,0.0146371154114604,0.05000000074505806,0.15626497566699982,3.751838207244873
3257,0.013496370054781437,0.05000000074505806,0.15980714559555054,3.8416666984558105
3258,0.01430216059088707,0.05000000074505806,0.1557953655719757,3.729513645172119
3259,0.013508651405572891,0.05000000074505806,0.15990707278251648,3.842402219772339
3260,0.014056296087801456,0.05000000074505806,0.15766385197639465,3.777573585510254
3261,0.015114760026335716,0.05000000074505806,0.1573491245508194,3.77523136138916
3262,0.014382150024175644,0.05000000074505806,0.15608513355255127,3.75073504447937
3263,0.013527961447834969,0.05000000074505806,0.15514588356018066,3.728703498840332
3264,0.01389874517917633,0.05000000074505806,0.15828338265419006,3.8001227378845215
3265,0.015190357342362404,0.05000000074505806,0.15646982192993164,3.757720708847046
3266,0.01372185442596674,0.05000000074505806,0.15630994737148285,3.7479166984558105
3267,0.014093656092882156,0.05000000074505806,0.15781375765800476,3.782352924346924
3268,0.014519302174448967,0.05000000074505806,0.15754897892475128,3.778799057006836
3269,0.014087937772274017,0.05000000074505806,0.1561550796031952,3.7521989345550537
3270,0.016025027260184288,0.05000000074505806,0.15806856751441956,3.798651933670044
3271,0.013482799753546715,0.05000000074505806,0.1578737050294876,3.789004325866699
3272,0.014165517874062061,0.05000000074505806,0.15653477609157562,3.7588233947753906
3273,0.01603781431913376,0.05000000074505806,0.1570143848657608,3.7700979709625244
3274,0.014386161230504513,0.05000000074505806,0.1559152603149414,3.7350692749023438
3275,0.013987169601023197,0.05000000074505806,0.15796862542629242,3.7892158031463623
3276,0.01738640107214451,0.05000000074505806,0.15582534670829773,3.732598066329956
3277,0.01525121834129095,0.05000000074505806,0.15646982192993164,3.7564809322357178
3278,0.012498077005147934,0.05000000074505806,0.15719923377037048,3.7786762714385986
3279,0.013109114952385426,0.05000000074505806,0.15635491907596588,3.759490489959717
3280,0.014628468081355095,0.05000000074505806,0.15537071228027344,3.7388482093811035
3281,0.01474350318312645,0.05000000074505806,0.15602518618106842,3.7454655170440674
3282,0.015238636173307896,0.05000000074505806,0.15685951709747314,3.750810146331787
3283,0.013564505614340305,0.05000000074505806,0.15585032105445862,3.7454655170440674
3284,0.01458556205034256,0.05000000074505806,0.15808352828025818,3.773529291152954
3285,0.014172051101922989,0.05000000074505806,0.15614007413387299,3.753819227218628
3286,0.017614735290408134,0.05000000074505806,0.15601517260074615,3.7448530197143555
3287,0.01567264273762703,0.05000000074505806,0.15928755700588226,3.831249952316284
3288,0.015240218490362167,0.05000000074505806,0.15562549233436584,3.7360291481018066
3289,0.01368927862495184,0.05000000074505806,0.156170055270195,3.7542896270751953
3290,0.01464651059359312,0.05000000074505806,0.15773381292819977,3.772106647491455
3291,0.017109107226133347,0.05000000074505806,0.1572941541671753,3.7749998569488525
3292,0.01399393193423748,0.05000000074505806,0.1574990153312683,3.7713234424591064
3293,0.013669770210981369,0.05000000074505806,0.15706436336040497,3.777777671813965
3294,0.01573053002357483,0.05000000074505806,0.15774379670619965,3.783578872680664
3295,0.01606922596693039,0.05000000074505806,0.15742407739162445,3.7856478691101074
3296,0.01384471170604229,0.05000000074505806,0.15546062588691711,3.7393383979797363
3297,0.013001682236790657,0.05000000074505806,0.15690447390079498,3.7659313678741455
3298,0.016901683062314987,0.05000000074505806,0.15936751663684845,3.810995578765869
3299,0.01572100818157196,0.05000000074505806,0.15599021315574646,3.7424018383026123
3300,0.014308874495327473,0.05000000074505806,0.15715427696704865,3.7702205181121826
3301,0.013852226547896862,0.05000000074505806,0.1569594293832779,3.7597224712371826
3302,0.016272513195872307,0.05000000074505806,0.15602019429206848,3.754166841506958
3303,0.013662283308804035,0.05000000074505806,0.15641984343528748,3.7575230598449707
3304,0.01657828502357006,0.05000000074505806,0.15598520636558533,3.75073504447937
3305,0.013886356726288795,0.05000000074505806,0.156919464468956,3.766298770904541
3306,0.014992967247962952,0.05000000074505806,0.15713928639888763,3.762962818145752
3307,0.01672997698187828,0.05000000074505806,0.15653477609157562,3.7522058486938477
3308,0.015082243829965591,0.05000000074505806,0.1572841852903366,3.765563726425171
3309,0.015522790141403675,0.05000000074505806,0.1541466861963272,3.706944227218628
3310,0.01307191513478756,0.05000000074505806,0.15456636250019073,3.712744951248169
3311,0.016736069694161415,0.05000000074505806,0.1578737050294876,3.7928240299224854
3312,0.013179912231862545,0.05000000074505806,0.15582534670829773,3.746323347091675
3313,0.014324797317385674,0.05000000074505806,0.15655475854873657,3.7526960372924805
3314,0.016515204682946205,0.05000000074505806,0.15577538311481476,3.7303240299224854
3315,0.013797092251479626,0.05000000074505806,0.15633994340896606,3.762500047683716
3316,0.014808787032961845,0.05000000074505806,0.15701939165592194,3.7585785388946533
3317,0.014227375388145447,0.05000000074505806,0.15672461688518524,3.762268543243408
3318,0.012572767212986946,0.05000000074505806,0.15604016184806824,3.737255096435547
3319,0.014135831966996193,0.05000000074505806,0.1578437238931656,3.799652576446533
3320,0.014265039004385471,0.05000000074505806,0.1571093201637268,3.7720587253570557
3321,0.017234819009900093,0.05000000074505806,0.1566246896982193,3.764583110809326
3322,0.016791237518191338,0.05000000074505806,0.15982213616371155,3.824768543243408
3323,0.013819647021591663,0.05000000074505806,0.1567196249961853,3.7640931606292725
3324,0.0147293321788311,0.05000000074505806,0.1579136699438095,3.7796571254730225
3325,0.015647010877728462,0.05000000074505806,0.1548161506652832,3.721874713897705
3326,0.01323221530765295,0.05000000074505806,0.1552308052778244,3.7194855213165283
3327,0.013995352201163769,0.05000000074505806,0.15893785655498505,3.822453498840332
3328,0.013030227273702621,0.05000000074505806,0.15698440372943878,3.7743871212005615
3329,0.013751087710261345,0.05000000074505806,0.15746402740478516,3.770587921142578
3330,0.013901573605835438,0.05000000074505806,0.1588229238986969,3.806018352508545
3331,0.015104573220014572,0.05000000074505806,0.1574040651321411,3.772916555404663
3332,0.013126333244144917,0.05000000074505806,0.1571892499923706,3.7737743854522705
3333,0.01391045842319727,0.05000000074505806,0.1558353155851364,3.7417821884155273
3334,0.013956594280898571,0.05000000074505806,0.15770384669303894,3.788357973098755
3335,0.013980278745293617,0.05000000074505806,0.15593525767326355,3.7494213581085205
3336,0.014961018227040768,0.05000000074505806,0.15596023201942444,3.7498772144317627
3337,0.014406910166144371,0.05000000074505806,0.15912270545959473,3.810661554336548
3338,0.014255325309932232,0.05000000074505806,0.15770383179187775,3.784722328186035
3339,0.014335078187286854,0.05000000074505806,0.15684951841831207,3.765686273574829
3340,0.015402482822537422,0.05000000074505806,0.16020186245441437,3.8332109451293945
3341,0.013838671147823334,0.05000000074505806,0.1565047949552536,3.7575228214263916
3342,0.016027353703975677,0.05000000074505806,0.15861310064792633,3.808701276779175
3343,0.015704242512583733,0.05000000074505806,0.15889787673950195,3.8226850032806396
3344,0.015145910903811455,0.05000000074505806,0.1548561006784439,3.7197301387786865
3345,0.013764984905719757,0.05000000074505806,0.15664468705654144,3.757230281829834
3346,0.013677294366061687,0.05000000074505806,0.15646983683109283,3.748495101928711
3347,0.01480969786643982,0.05000000074505806,0.15657475590705872,3.7582106590270996
3348,0.012524032965302467,0.05000000074505806,0.15652978420257568,3.7551472187042236
3349,0.01613435707986355,0.05000000074505806,0.1571093052625656,3.7620370388031006
3350,0.015287586487829685,0.05000000074505806,0.1554306596517563,3.7383575439453125
3351,0.015905313193798065,0.05000000074505806,0.1553407460451126,3.735416889190674
3352,0.013843968510627747,0.05000000074505806,0.15703436732292175,3.7774507999420166
3353,0.014172288589179516,0.05000000074505806,0.15626497566699982,3.741666316986084
3354,0.013439838774502277,0.05000000074505806,0.15798361599445343,3.7826387882232666
3355,0.01320610661059618,0.05000000074505806,0.15711429715156555,3.776470422744751
3356,0.0160996001213789,0.05000000074505806,0.15659473836421967,3.7502448558807373
3357,0.015296315774321556,0.05000000074505806,0.15770384669303894,3.7876155376434326
3358,0.015008551068603992,0.05000000074505806,0.1549210548400879,3.7189953327178955
3359,0.013570358976721764,0.05000000074505806,0.1567995548248291,3.7680556774139404
3360,0.014406458474695683,0.05000000074505806,0.15361210703849792,3.690441131591797
3361,0.01472826860845089,0.05000000074505806,0.15716926753520966,3.7683823108673096
3362,0.014597862027585506,0.05000000074505806,0.15873800218105316,3.797337770462036
3363,0.01394607312977314,0.05000000074505806,0.15688949823379517,3.7659313678741455
3364,0.016092466190457344,0.05000000074505806,0.15869304537773132,3.801715612411499
3365,0.014449425972998142,0.05000000074505806,0.15704935789108276,3.7711806297302246
3366,0.013754196465015411,0.05000000074505806,0.15739908814430237,3.7821080684661865
3367,0.016626372933387756,0.05000000074505806,0.1568145453929901,3.773611068725586
3368,0.01590084843337536,0.05000000074505806,0.15659473836421967,3.7699756622314453
3369,0.014601113274693489,0.05000000074505806,0.15956735610961914,3.818014621734619
3370,0.014612697996199131,0.05000000074505806,0.15713928639888763,3.7693285942077637
3371,0.016670290380716324,0.05000000074505806,0.16098621487617493,3.8615193367004395
3372,0.014066078700125217,0.05000000074505806,0.15618005394935608,3.7448530197143555
3373,0.0177202969789505,0.05000000074505806,0.15631994605064392,3.749652624130249
3374,0.014848778024315834,0.05000000074505806,0.15645983815193176,3.764338254928589
3375,0.014977802522480488,0.05000000074505806,0.15668466687202454,3.7640044689178467
3376,0.013698367401957512,0.05000000074505806,0.15626998245716095,3.7556371688842773
3377,0.014027787372469902,0.05000000074505806,0.15845823287963867,3.7982842922210693
3378,0.014447597786784172,0.05000000074505806,0.15737910568714142,3.770948886871338
3379,0.01484756637364626,0.05000000074505806,0.158303365111351,3.801715850830078
3380,0.015119068324565887,0.05000000074505806,0.1572691947221756,3.775735378265381
3381,0.01574229821562767,0.05000000074505806,0.1563849002122879,3.7490739822387695
3382,0.014117325656116009,0.05000000074505806,0.156839519739151,3.7628676891326904
3383,0.013320508413016796,0.05000000074505806,0.1567346155643463,3.7707178592681885
3384,0.0142465615645051,0.05000000074505806,0.15540067851543427,3.731372833251953
3385,0.013899194076657295,0.05000000074505806,0.1568794995546341,3.7647058963775635
3386,0.014143859967589378,0.05000000074505806,0.1567445993423462,3.759258985519409
3387,0.01422333437949419,0.05000000074505806,0.1551108956336975,3.7208333015441895
3388,0.01641893945634365,0.05000000074505806,0.1582334041595459,3.7839462757110596
3389,0.014590651728212833,0.05000000074505806,0.15640488266944885,3.758796453475952
3390,0.013885059393942356,0.05000000074505806,0.15530574321746826,3.7340686321258545
3391,0.015313251875340939,0.05000000074505806,0.15761390328407288,3.785417079925537
3392,0.013454717583954334,0.05000000074505806,0.15463627874851227,3.7183823585510254
3393,0.016731489449739456,0.05000000074505806,0.15705934166908264,3.762744903564453
3394,0.014980009756982327,0.05000000074505806,0.15682953596115112,3.7615740299224854
3395,0.014345361851155758,0.05000000074505806,0.15930256247520447,3.8170342445373535
3396,0.014966068789362907,0.05000000074505806,0.15786370635032654,3.785907030105591
3397,0.01474214531481266,0.05000000074505806,0.15698441863059998,3.764814615249634
3398,0.014742115512490273,0.05000000074505806,0.1579935997724533,3.8002448081970215
3399,0.01660536415874958,0.05000000074505806,0.15680955350399017,3.7700228691101074
3400,0.013076864182949066,0.05000000074505806,0.15632495284080505,3.75073504447937
3401,0.014204179868102074,0.05000000074505806,0.15641485154628754,3.7591912746429443
3402,0.014692891389131546,0.05000000074505806,0.1567196249961853,3.75300931930542
3403,0.013461289927363396,0.05000000074505806,0.15720424056053162,3.7703425884246826
3404,0.014799941331148148,0.05000000074505806,0.1565697342157364,3.763847827911377
3405,0.01512567326426506,0.05000000074505806,0.15914268791675568,3.8032407760620117
3406,0.01338689774274826,0.05000000074505806,0.15718425810337067,3.7879905700683594
3407,0.0144576421007514,0.05000000074505806,0.1579536348581314,3.7902774810791016
3408,0.014145237393677235,0.05000000074505806,0.15616506338119507,3.759681224822998
3409,0.01616549678146839,0.05000000074505806,0.15880295634269714,3.796323299407959
3410,0.013460109941661358,0.05000000074505806,0.1567745804786682,3.761342763900757
3411,0.01497707050293684,0.05000000074505806,0.15588030219078064,3.7496323585510254
3412,0.013341025449335575,0.05000000074505806,0.1587429940700531,3.800489902496338
3413,0.015580447390675545,0.05000000074505806,0.15633493661880493,3.745485544204712
3414,0.013754533603787422,0.05000000074505806,0.15604017674922943,3.753063678741455
3415,0.015053967945277691,0.05000000074505806,0.15732914209365845,3.7806715965270996
3416,0.01306427177041769,0.05000000074505806,0.15820343792438507,3.799264907836914
3417,0.013201541267335415,0.05000000074505806,0.1573890894651413,3.7827203273773193
3418,0.014018070884048939,0.05000000074505806,0.15702439844608307,3.763657569885254
3419,0.014755349606275558,0.05000000074505806,0.15908272564411163,3.815563678741455
3420,0.014983311295509338,0.05000000074505806,0.15670962631702423,3.7556374073028564
3421,0.014661536552011967,0.05000000074505806,0.15648481249809265,3.7501156330108643
3422,0.013638353906571865,0.05000000074505806,0.15745404362678528,3.7924020290374756
3423,0.013581512495875359,0.05000000074505806,0.1573641300201416,3.7765047550201416
3424,0.015039575286209583,0.05000000074505806,0.1582184135913849,3.802940845489502
3425,0.014590030536055565,0.05000000074505806,0.15756894648075104,3.779411792755127
3426,0.01435812283307314,0.05000000074505806,0.15798361599445343,3.7841434478759766
3427,0.013248319737613201,0.05000000074505806,0.15446142852306366,3.708456039428711
3428,0.013608906418085098,0.05000000074505806,0.15750400722026825,3.773406982421875
3429,0.01323666051030159,0.05000000074505806,0.15668964385986328,3.752315044403076
3430,0.013635808601975441,0.05000000074505806,0.15625500679016113,3.767524242401123
3431,0.015318162739276886,0.05000000074505806,0.15685951709747314,3.7646989822387695
3432,0.014711017720401287,0.05000000074505806,0.15748900175094604,3.788480520248413
3433,0.015173516236245632,0.05000000074505806,0.15746402740478516,3.780147075653076
3434,0.012624252587556839,0.05000000074505806,0.15562549233436584,3.7223377227783203
3435,0.012857185676693916,0.05000000074505806,0.15751898288726807,3.784803867340088
3436,0.015372131019830704,0.05000000074505806,0.15891286730766296,3.8019607067108154
3437,0.012623218819499016,0.05000000074505806,0.1554456353187561,3.7364583015441895
3438,0.013158203102648258,0.05000000074505806,0.15863309800624847,3.8079655170440674
3439,0.015120485797524452,0.05000000074505806,0.15606515109539032,3.755439519882202
3440,0.01310199499130249,0.05000000074505806,0.15739908814430237,3.7827203273773193
3441,0.01412084698677063,0.05000000074505806,0.15751898288726807,3.7732841968536377
3442,0.013701898977160454,0.05000000074505806,0.15782874822616577,3.7833330631256104
3443,0.013164300471544266,0.05000000074505806,0.15839828550815582,3.8031861782073975
3444,0.01412009447813034,0.05000000074505806,0.15672962367534637,3.7605390548706055
3445,0.01572830229997635,0.05000000074505806,0.15802858769893646,3.7891201972961426
3446,0.014123955741524696,0.05000000074505806,0.15755894780158997,3.7796571254730225
3447,0.01388479582965374,0.05000000074505806,0.1582483947277069,3.8077547550201416
3448,0.015845999121665955,0.05000000074505806,0.15529577434062958,3.730147123336792
3449,0.014564363285899162,0.05000000074505806,0.15683452785015106,3.7629902362823486
3450,0.014392889104783535,0.05000000074505806,0.15653477609157562,3.7520830631256104
3451,0.015432771295309067,0.05000000074505806,0.15708933770656586,3.7666664123535156
3452,0.01396898552775383,0.05000000074505806,0.15689949691295624,3.7705883979797363
3453,0.01581893116235733,0.05000000074505806,0.1584232598543167,3.792361259460449
3454,0.014578914269804955,0.05000000074505806,0.15533071756362915,3.7323529720306396
3455,0.016917837783694267,0.05000000074505806,0.15574540197849274,3.7434024810791016
3456,0.015090936794877052,0.05000000074505806,0.15771883726119995,3.788602828979492
3457,0.015428968705236912,0.05000000074505806,0.1582334190607071,3.807720422744751
3458,0.015016278252005577,0.05000000074505806,0.1586780697107315,3.793402671813965
3459,0.01397031545639038,0.05000000074505806,0.1578586995601654,3.7865192890167236
3460,0.014646127820014954,0.05000000074505806,0.15582534670829773,3.7280640602111816
3461,0.014881380833685398,0.05000000074505806,0.1588229387998581,3.817129611968994
3462,0.017231998965144157,0.05000000074505806,0.1576988399028778,3.7814953327178955
3463,0.014119145460426807,0.05000000074505806,0.1589428335428238,3.8241899013519287
3464,0.015415028668940067,0.05000000074505806,0.15769384801387787,3.793382167816162
3465,0.01471029780805111,0.05000000074505806,0.15851819515228271,3.7977938652038574
3466,0.01613166369497776,0.05000000074505806,0.15738409757614136,3.7787036895751953
3467,0.016896454617381096,0.05000000074505806,0.15753896534442902,3.7802696228027344
3468,0.015262836590409279,0.05000000074505806,0.1583283394575119,3.7821078300476074
3469,0.014048118144273758,0.05000000074505806,0.1593075543642044,3.8321759700775146
3470,0.014725889079272747,0.05000000074505806,0.1564348340034485,3.748774766921997
3471,0.014548895880579948,0.05000000074505806,0.1564498394727707,3.765277624130249
3472,0.014568589627742767,0.05000000074505806,0.15591026842594147,3.751102924346924
3473,0.013549287803471088,0.05000000074505806,0.15848322212696075,3.7988970279693604
3474,0.01474306546151638,0.05000000074505806,0.15928256511688232,3.8126158714294434
3475,0.01571391150355339,0.05000000074505806,0.1577238142490387,3.7813727855682373
3476,0.013605445623397827,0.05000000074505806,0.15625499188899994,3.741053819656372
3477,0.016788173466920853,0.05000000074505806,0.15818345546722412,3.8069443702697754
3478,0.013945436105132103,0.05000000074505806,0.15961229801177979,3.825000047683716
3479,0.013739214278757572,0.05000000074505806,0.15851320326328278,3.8146989345550537
3480,0.015050738118588924,0.05000000074505806,0.15743906795978546,3.781127691268921
3481,0.015221110545098782,0.05000000074505806,0.1565597504377365,3.762500047683716
3482,0.015538359060883522,0.05000000074505806,0.1578986793756485,3.7752315998077393
3483,0.014380672946572304,0.05000000074505806,0.15893784165382385,3.8176472187042236
3484,0.016806146129965782,0.05000000074505806,0.15782372653484344,3.778308868408203
3485,0.01483091339468956,0.05000000074505806,0.15671463310718536,3.763772964477539
3486,0.013853312470018864,0.05000000074505806,0.15828336775302887,3.80637264251709
3487,0.012850776314735413,0.05000000074505806,0.15570543706417084,3.742824077606201
3488,0.0167645625770092,0.05000000074505806,0.15948741137981415,3.8344364166259766
3489,0.01482582651078701,0.05000000074505806,0.15500099956989288,3.7154409885406494
3490,0.014083651825785637,0.05000000074505806,0.15823841094970703,3.7913191318511963
3491,0.01321379467844963,0.05000000074505806,0.15702439844608307,3.767401933670044
3492,0.015228192321956158,0.05000000074505806,0.1558203399181366,3.739093065261841
3493,0.01441972702741623,0.05000000074505806,0.15748901665210724,3.7745370864868164
3494,0.01610700786113739,0.05000000074505806,0.15767885744571686,3.790931463241577
3495,0.017618846148252487,0.05000000074505806,0.15519583225250244,3.729745388031006
3496,0.013592194765806198,0.05000000074505806,0.15680454671382904,3.7653186321258545
3497,0.016276085749268532,0.05000000074505806,0.15671463310718536,3.7631123065948486
3498,0.016924867406487465,0.05000000074505806,0.15690447390079498,3.7627317905426025
3499,0.015437060967087746,0.05000000074505806,0.15885791182518005,3.8044116497039795
3500,0.01484286691993475,0.05000000074505806,0.15724420547485352,3.775367498397827
3501,0.013651110231876373,0.05000000074505806,0.15589527785778046,3.739467144012451
3502,0.014988627284765244,0.05000000074505806,0.15700440108776093,3.766176700592041
3503,0.014680672436952591,0.05000000074505806,0.15712930262088776,3.7821760177612305
3504,0.013995520770549774,0.05000000074505806,0.15683454275131226,3.774632453918457
3505,0.014257816597819328,0.05000000074505806,0.15771383047103882,3.7792890071868896
3506,0.014078063890337944,0.05000000074505806,0.15643984079360962,3.748147964477539
3507,0.01463732123374939,0.05000000074505806,0.15625999867916107,3.747180938720703
3508,0.0150847677141428,0.05000000074505806,0.15500099956989288,3.7155635356903076
3509,0.013281366787850857,0.05000000074505806,0.15825340151786804,3.7931714057922363
3510,0.015124856494367123,0.05000000074505806,0.15696941316127777,3.7756125926971436
3511,0.014259136281907558,0.05000000074505806,0.15884792804718018,3.815162181854248
3512,0.014861250296235085,0.05000000074505806,0.15620504319667816,3.7588231563568115
3513,0.014532296918332577,0.05000000074505806,0.15715426206588745,3.7642154693603516
3514,0.015211736783385277,0.05000000074505806,0.1580335646867752,3.7844905853271484
3515,0.013775549829006195,0.05000000074505806,0.15869306027889252,3.8055148124694824
3516,0.013932256028056145,0.05000000074505806,0.15772882103919983,3.783823251724243
3517,0.015119961462914944,0.05000000074505806,0.15645982325077057,3.760648012161255
3518,0.012884925119578838,0.05000000074505806,0.15545064210891724,3.73370099067688
3519,0.01546824537217617,0.05000000074505806,0.1573890894651413,3.778935194015503
3520,0.015116521157324314,0.05000000074505806,0.15772883594036102,3.78590726852417
3521,0.014867546036839485,0.05000000074505806,0.1554306596517563,3.730759859085083
3522,0.013413092121481895,0.05000000074505806,0.15978717803955078,3.8302083015441895
3523,0.01579456590116024,0.05000000074505806,0.15735909342765808,3.7685046195983887
3524,0.015467271208763123,0.05000000074505806,0.15719923377037048,3.7682597637176514
3525,0.013394001871347427,0.05000000074505806,0.156934455037117,3.7670140266418457
3526,0.015356049872934818,0.05000000074505806,0.15794363617897034,3.7971811294555664
3527,0.01426364853978157,0.05000000074505806,0.15677958726882935,3.7700231075286865
3528,0.013254210352897644,0.05000000074505806,0.15672962367534637,3.7670347690582275
3529,0.014568187296390533,0.05000000074505806,0.15821343660354614,3.799999713897705
3530,0.01509010884910822,0.05000000074505806,0.15865308046340942,3.7944445610046387
3531,0.015429173596203327,0.05000000074505806,0.15666967630386353,3.7623775005340576
3532,0.01506836712360382,0.05000000074505806,0.15791365504264832,3.780637264251709
3533,0.01368405856192112,0.05000000074505806,0.15628498792648315,3.7525463104248047
3534,0.014845909550786018,0.05000000074505806,0.15892785787582397,3.827451229095459
3535,0.016038905829191208,0.05000000074505806,0.15545561909675598,3.730902671813965
3536,0.01382378302514553,0.05000000074505806,0.15745903551578522,3.7808823585510254
3537,0.013650894165039062,0.05000000074505806,0.15552057325839996,3.737499713897705
3538,0.015845727175474167,0.05000000074505806,0.15782374143600464,3.7753474712371826
3539,0.015067720785737038,0.05000000074505806,0.15697942674160004,3.7762255668640137
3540,0.014238612726330757,0.05000000074505806,0.15908774733543396,3.805147409439087
3541,0.012931961566209793,0.05000000074505806,0.15747401118278503,3.777893543243408
3542,0.01524397637695074,0.05000000074505806,0.15591026842594147,3.75
3543,0.01452650036662817,0.05000000074505806,0.15716427564620972,3.774421215057373
3544,0.016271784901618958,0.05000000074505806,0.15696941316127777,3.774142026901245
3545,0.015739984810352325,0.05000000074505806,0.1559002846479416,3.7323529720306396
3546,0.01571769267320633,0.05000000074505806,0.15783874690532684,3.784374713897705
3547,0.014091985300183296,0.05000000074505806,0.15577538311481476,3.735416889190674
3548,0.015656879171729088,0.05000000074505806,0.15712429583072662,3.758945941925049
3549,0.013423247262835503,0.05000000074505806,0.15799860656261444,3.79837965965271
3550,0.015032939612865448,0.05000000074505806,0.15620502829551697,3.74522066116333
3551,0.014509580098092556,0.05000000074505806,0.1584082692861557,3.8150463104248047
3552,0.013377580791711807,0.05000000074505806,0.15601520240306854,3.7507355213165283
3553,0.015991616994142532,0.05000000074505806,0.15715928375720978,3.757843017578125
3554,0.015863381326198578,0.05000000074505806,0.15936751663684845,3.826852321624756
3555,0.01761391945183277,0.05000000074505806,0.15865308046340942,3.806495189666748
3556,0.01525027770549059,0.05000000074505806,0.1603267341852188,3.8356618881225586
3557,0.013971890322864056,0.05000000074505806,0.1586780548095703,3.815972328186035
3558,0.015615292824804783,0.05000000074505806,0.15786869823932648,3.792279005050659
3559,0.01352446898818016,0.05000000074505806,0.15671463310718536,3.7673611640930176
3560,0.014434752985835075,0.05000000074505806,0.15677955746650696,3.770587921142578
3561,0.015141209587454796,0.05000000074505806,0.15767386555671692,3.7881128787994385
3562,0.014848357997834682,0.05000000074505806,0.15942247211933136,3.8142359256744385
3563,0.015795495361089706,0.05000000074505806,0.15792866051197052,3.7875001430511475
3564,0.014415677636861801,0.05000000074505806,0.1581384837627411,3.789093017578125
3565,0.01320635061711073,0.05000000074505806,0.1573890894651413,3.776967763900757
3566,0.014662975445389748,0.05000000074505806,0.1583133339881897,3.8001224994659424
3567,0.014570681378245354,0.05000000074505806,0.15656474232673645,3.7665507793426514
3568,0.013773209415376186,0.05000000074505806,0.15587030351161957,3.743504762649536
3569,0.014531147666275501,0.05000000074505806,0.15828837454319,3.7976715564727783
3570,0.015527205541729927,0.05000000074505806,0.15723420679569244,3.769907236099243
3571,0.01461607962846756,0.05000000074505806,0.15770883858203888,3.780146598815918
3572,0.013628417626023293,0.05000000074505806,0.15704436600208282,3.7618868350982666
3573,0.015371008776128292,0.05000000074505806,0.15762890875339508,3.7876157760620117
3574,0.014337621629238129,0.05000000074505806,0.15684452652931213,3.765563726425171
3575,0.013217783533036709,0.05000000074505806,0.15661470592021942,3.76678204536438
3576,0.014756838791072369,0.05000000074505806,0.1563848853111267,3.7612743377685547
3577,0.01311950571835041,0.05000000074505806,0.15970224142074585,3.8134803771972656
3578,0.015313636511564255,0.05000000074505806,0.15754397213459015,3.785416841506958
3579,0.013968120329082012,0.05000000074505806,0.15672460198402405,3.7591915130615234
3580,0.012767825275659561,0.05000000074505806,0.15839828550815582,3.811887264251709
3581,0.015480217523872852,0.05000000074505806,0.1577637791633606,3.7689809799194336
3582,0.013610769994556904,0.05000000074505806,0.15637990832328796,3.76556396484375
3583,0.015141777694225311,0.05000000074505806,0.15735411643981934,3.7806713581085205
3584,0.015161839313805103,0.05000000074505806,0.15861810743808746,3.812990188598633
3585,0.012830215506255627,0.05000000074505806,0.1607414036989212,3.8522064685821533
3586,0.01501435786485672,0.05000000074505806,0.15852317214012146,3.7975692749023438
3587,0.013290902599692345,0.05000000074505806,0.15823841094970703,3.8037989139556885
3588,0.014902060851454735,0.05000000074505806,0.1572941690683365,3.760293960571289
3589,0.017333120107650757,0.05000000074505806,0.15774379670619965,3.793287515640259
3590,0.01337913703173399,0.05000000074505806,0.15494105219841003,3.7215683460235596
3591,0.01653853803873062,0.05000000074505806,0.15648482739925385,3.760995388031006
3592,0.014762265607714653,0.05000000074505806,0.15803855657577515,3.795220375061035
3593,0.014427848160266876,0.05000000074505806,0.1568794995546341,3.7645835876464844
3594,0.013370513916015625,0.05000000074505806,0.15852317214012146,3.7974534034729004
3595,0.014456063508987427,0.05000000074505806,0.15790368616580963,3.792279005050659
3596,0.013892270624637604,0.05000000074505806,0.15877297520637512,3.8138482570648193
3597,0.014167383313179016,0.05000000074505806,0.15728916227817535,3.7658565044403076
3598,0.015703799203038216,0.05000000074505806,0.15755893290042877,3.783700942993164
3599,0.014039654284715652,0.05000000074505806,0.15707933902740479,3.7771990299224854
3600,0.015022847801446915,0.05000000074505806,0.1589428335428238,3.8235294818878174
3601,0.015850260853767395,0.05000000074505806,0.15808354318141937,3.7856619358062744
3602,0.014983532018959522,0.05000000074505806,0.15676459670066833,3.7619211673736572
3603,0.015895051881670952,0.05000000074505806,0.15794365108013153,3.784803867340088
3604,0.014809956774115562,0.05000000074505806,0.15756894648075104,3.7833333015441895
3605,0.016264114528894424,0.05000000074505806,0.1577238142490387,3.782291889190674
3606,0.015106569975614548,0.05000000074505806,0.15818844735622406,3.8025736808776855
3607,0.014040675014257431,0.05000000074505806,0.1572142243385315,3.7766201496124268
3608,0.014745949767529964,0.05000000074505806,0.15896782279014587,3.8164217472076416
3609,0.013715609908103943,0.05000000074505806,0.15773381292819977,3.790809154510498
3610,0.013649353757500648,0.05000000074505806,0.1570943146944046,3.7627315521240234
3611,0.015038616955280304,0.05000000074505806,0.1573890894651413,3.768014669418335
3612,0.013816770166158676,0.05000000074505806,0.15934252738952637,3.831740140914917
3613,0.013720283284783363,0.05000000074505806,0.15706434845924377,3.764930486679077
3614,0.015081987716257572,0.05000000074505806,0.15773381292819977,3.784803867340088
3615,0.013755111955106258,0.05000000074505806,0.15666969120502472,3.7718749046325684
3616,0.013084214180707932,0.05000000074505806,0.15817846357822418,3.796813726425171
3617,0.013268934562802315,0.05000000074505806,0.15916767716407776,3.8253676891326904
3618,0.012981517240405083,0.05000000074505806,0.15865808725357056,3.797222375869751
3619,0.013496441766619682,0.05000000074505806,0.1573091447353363,3.7865192890167236
3620,0.014854107052087784,0.05000000074505806,0.15684953331947327,3.756617546081543
3621,0.01570301502943039,0.05000000074505806,0.15732413530349731,3.7704858779907227
3622,0.014311935752630234,0.05000000074505806,0.1565447747707367,3.757843017578125
3623,0.013642512261867523,0.05000000074505806,0.15712429583072662,3.7771990299224854
3624,0.015503098256886005,0.05000000074505806,0.15749900043010712,3.784191608428955
3625,0.013287577778100967,0.05000000074505806,0.15664967894554138,3.7591912746429443
3626,0.013319063931703568,0.05000000074505806,0.15766887366771698,3.777893304824829
3627,0.014516960829496384,0.05000000074505806,0.1557953655719757,3.741544246673584
3628,0.014099369756877422,0.05000000074505806,0.15968725085258484,3.8139703273773193
3629,0.014220367185771465,0.05000000074505806,0.15704436600208282,3.7756941318511963
3630,0.01465634349733591,0.05000000074505806,0.15721921622753143,3.781127691268921
3631,0.01473909243941307,0.05000000074505806,0.1563848853111267,3.7577545642852783
3632,0.013212334364652634,0.05000000074505806,0.15723919868469238,3.7832109928131104
3633,0.013164164498448372,0.05000000074505806,0.15825340151786804,3.784803867340088
3634,0.014857349917292595,0.05000000074505806,0.1591177135705948,3.8157405853271484
3635,0.013451500795781612,0.05000000074505806,0.15644483268260956,3.754901885986328
3636,0.013329185545444489,0.05000000074505806,0.15834832191467285,3.7979164123535156
3637,0.013168619945645332,0.05000000074505806,0.15763889253139496,3.784374952316284
3638,0.01370926108211279,0.05000000074505806,0.15841825306415558,3.8062498569488525
3639,0.014455745927989483,0.05000000074505806,0.15452638268470764,3.7140047550201416
3640,0.015112695284187794,0.05000000074505806,0.15793366730213165,3.8020832538604736
3641,0.012961759231984615,0.05000000074505806,0.15659472346305847,3.748284101486206
3642,0.01381442230194807,0.05000000074505806,0.15748900175094604,3.7745370864868164
3643,0.013689432293176651,0.05000000074505806,0.16044163703918457,3.8476717472076416
3644,0.014216851443052292,0.05000000074505806,0.156235009431839,3.7477943897247314
3645,0.014953692443668842,0.05000000074505806,0.15822342038154602,3.796180248260498
3646,0.013911821879446507,0.05000000074505806,0.15903277695178986,3.8127448558807373
3647,0.01601743884384632,0.05000000074505806,0.1580585539340973,3.806828498840332
3648,0.01391344703733921,0.05000000074505806,0.156329944729805,3.7522058486938477
3649,0.014753421768546104,0.05000000074505806,0.1597072333097458,3.8372552394866943
3650,0.013773441314697266,0.05000000074505806,0.1588928997516632,3.804513454437256
3651,0.014480146579444408,0.05000000074505806,0.15767884254455566,3.7822301387786865
3652,0.013894918374717236,0.05000000074505806,0.15940746665000916,3.8224265575408936
3653,0.015212559141218662,0.05000000074505806,0.15616506338119507,3.7459487915039062
3654,0.014873284846544266,0.05000000074505806,0.1564248651266098,3.760906934738159
3655,0.012605908326804638,0.05000000074505806,0.15542565286159515,3.7383100986480713
3656,0.013707851991057396,0.05000000074505806,0.1560751348733902,3.7496323585510254
3657,0.014922612346708775,0.05000000074505806,0.15538069605827332,3.7275733947753906
3658,0.013934503309428692,0.05000000074505806,0.1572542041540146,3.7638888359069824
3659,0.013922393321990967,0.05000000074505806,0.15634992718696594,3.7491424083709717
3660,0.014726763591170311,0.05000000074505806,0.15813350677490234,3.793259859085083
3661,0.014983735047280788,0.05000000074505806,0.1560601443052292,3.743171453475952
3662,0.013120141811668873,0.05000000074505806,0.15719923377037048,3.7779409885406494
3663,0.01582225412130356,0.05000000074505806,0.157618910074234,3.792361259460449
3664,0.013521655462682247,0.05000000074505806,0.15638987720012665,3.7605392932891846
3665,0.014530288986861706,0.05000000074505806,0.1590777486562729,3.814828395843506
3666,0.012071056291460991,0.05000000074505806,0.15698939561843872,3.763078451156616
3667,0.013955597765743732,0.05000000074505806,0.1580585539340973,3.79203462600708
3668,0.014762763865292072,0.05000000074505806,0.15870803594589233,3.7930147647857666
3669,0.014160566963255405,0.05000000074505806,0.15602518618106842,3.750462770462036
3670,0.013825110159814358,0.05000000074505806,0.15621504187583923,3.7582104206085205
3671,0.013494987040758133,0.05000000074505806,0.15815846621990204,3.8001158237457275
3672,0.015958311036229134,0.05000000074505806,0.1532074362039566,3.687131881713867
3673,0.013389086350798607,0.05000000074505806,0.15549060702323914,3.718750238418579
3674,0.014528000727295876,0.05000000074505806,0.15525080263614655,3.729166269302368
3675,0.014348944649100304,0.05000000074505806,0.15577039122581482,3.7294116020202637
3676,0.014670317992568016,0.05000000074505806,0.15604515373706818,3.7424018383026123
3677,0.015394823625683784,0.05000000074505806,0.15639987587928772,3.7497682571411133
3678,0.014852537773549557,0.05000000074505806,0.15610012412071228,3.754166603088379
3679,0.016078636050224304,0.05000000074505806,0.15695443749427795,3.7718749046325684
3680,0.014969461597502232,0.05000000074505806,0.1559802144765854,3.7519609928131104
3681,0.014473367482423782,0.05000000074505806,0.1578587144613266,3.7786760330200195
3682,0.012655055150389671,0.05000000074505806,0.15686452388763428,3.7643518447875977
3683,0.014641067013144493,0.05000000074505806,0.15802858769893646,3.7919116020202637
3684,0.012760107405483723,0.05000000074505806,0.15785372257232666,3.7791666984558105
3685,0.013024439103901386,0.05000000074505806,0.15646983683109283,3.7572920322418213
3686,0.013466758653521538,0.05000000074505806,0.1584881991147995,3.808455467224121
3687,0.013507415540516376,0.05000000074505806,0.15741907060146332,3.784722328186035
3688,0.013232121244072914,0.05000000074505806,0.15588529407978058,3.7490198612213135
3689,0.012615022249519825,0.05000000074505806,0.15849819779396057,3.7900733947753906
3690,0.011753087863326073,0.05000000074505806,0.1566396802663803,3.765972375869751
3691,0.014885634183883667,0.05000000074505806,0.15689949691295624,3.7651963233947754
3692,0.015802308917045593,0.05000000074505806,0.15879297256469727,3.799999713897705
3693,0.014482637867331505,0.05000000074505806,0.15740907192230225,3.780555486679077
3694,0.013146450743079185,0.05000000074505806,0.15684951841831207,3.763357639312744
3695,0.01413859985768795,0.05000000074505806,0.15811850130558014,3.803009510040283
3696,0.015914063900709152,0.05000000074505806,0.15957733988761902,3.842034339904785
3697,0.014058476313948631,0.05000000074505806,0.1581135243177414,3.783578395843506
3698,0.016390345990657806,0.05000000074505806,0.15889288485050201,3.811342477798462
3699,0.013773147016763687,0.05000000074505806,0.15838828682899475,3.7947304248809814
3700,0.01492947805672884,0.05000000074505806,0.1575639396905899,3.792647123336792
3701,0.014271162450313568,0.05000000074505806,0.15822342038154602,3.7863423824310303
3702,0.014210216701030731,0.05000000074505806,0.15889288485050201,3.8165438175201416
3703,0.013111284002661705,0.05000000074505806,0.15912769734859467,3.8233795166015625
3704,0.015361212193965912,0.05000000074505806,0.15641985833644867,3.7672791481018066
3705,0.013363470323383808,0.05000000074505806,0.16002698242664337,3.8219361305236816
3706,0.013610279187560081,0.05000000074505806,0.16001199185848236,3.841897964477539
3707,0.012823077850043774,0.05000000074505806,0.1572691798210144,3.7737743854522705
3708,0.01406889595091343,0.05000000074505806,0.15901778638362885,3.8102943897247314
3709,0.013715756125748158,0.05000000074505806,0.15784871578216553,3.791898012161255
3710,0.015153080224990845,0.05000000074505806,0.15863309800624847,3.805882453918457
3711,0.01447981409728527,0.05000000074505806,0.15918266773223877,3.826273202896118
3712,0.015084517188370228,0.05000000074505806,0.15801359713077545,3.7953429222106934
3713,0.014611225575208664,0.05000000074505806,0.15864808857440948,3.810661792755127
3714,0.015502668917179108,0.05000000074505806,0.15886791050434113,3.8024303913116455
3715,0.014044199138879776,0.05000000074505806,0.15714427828788757,3.768627405166626
3716,0.0132773257791996,0.05000000074505806,0.16026678681373596,3.8433823585510254
3717,0.015129447914659977,0.05000000074505806,0.1581684798002243,3.7964117527008057
3718,0.013595372438430786,0.05000000074505806,0.15742406249046326,3.7844364643096924
3719,0.01536700502038002,0.05000000074505806,0.15782874822616577,3.7917826175689697
3720,0.014237879775464535,0.05000000074505806,0.156155064702034,3.753063440322876
3721,0.013133472763001919,0.05000000074505806,0.1573491245508194,3.7705883979797363
3722,0.014710718765854836,0.05000000074505806,0.15716427564620972,3.769444704055786
3723,0.013288606889545918,0.05000000074505806,0.15790367126464844,3.7857840061187744
3724,0.013300145044922829,0.05000000074505806,0.1599520444869995,3.8387253284454346
3725,0.015734143555164337,0.05000000074505806,0.15866807103157043,3.8042821884155273
3726,0.016927408054471016,0.05000000074505806,0.1594424545764923,3.823406934738159
3727,0.013766470365226269,0.05000000074505806,0.15762390196323395,3.797337770462036
3728,0.014616330154240131,0.05000000074505806,0.1593325436115265,3.83357834815979
3729,0.014738122001290321,0.05000000074505806,0.15631994605064392,3.7479164600372314
3730,0.012464513070881367,0.05000000074505806,0.15853317081928253,3.7936341762542725
3731,0.01494533009827137,0.05000000074505806,0.15583033859729767,3.736642360687256
3732,0.015477798879146576,0.05000000074505806,0.15566545724868774,3.7400734424591064
3733,0.015145443379878998,0.05000000074505806,0.15767385065555573,3.7760417461395264
3734,0.013474615290760994,0.05000000074505806,0.15745903551578522,3.7810046672821045
3735,0.0147810447961092,0.05000000074505806,0.1588079333305359,3.818981409072876
3736,0.015639333054423332,0.05000000074505806,0.15697942674160004,3.771200656890869
3737,0.014378983527421951,0.05000000074505806,0.15832334756851196,3.7964463233947754
3738,0.014349093660712242,0.05000000074505806,0.1592675894498825,3.8217592239379883
3739,0.015573623590171337,0.05000000074505806,0.15718425810337067,3.767524480819702
3740,0.01480384636670351,0.05000000074505806,0.16198541224002838,3.8758578300476074
3741,0.014589334838092327,0.05000000074505806,0.15654976665973663,3.7658567428588867
3742,0.016518915072083473,0.05000000074505806,0.15510091185569763,3.722304105758667
3743,0.015449642203748226,0.05000000074505806,0.1580185741186142,3.799884080886841
3744,0.013599593192338943,0.05000000074505806,0.15667465329170227,3.773529291152954
3745,0.015185108408331871,0.05000000074505806,0.15819844603538513,3.787867784500122
3746,0.01407510507851839,0.05000000074505806,0.15585532784461975,3.739004373550415
3747,0.01381405908614397,0.05000000074505806,0.1587979644536972,3.806372880935669
3748,0.014400525949895382,0.05000000074505806,0.1581684648990631,3.786764621734619
3749,0.015203180722892284,0.05000000074505806,0.15682953596115112,3.773611068725586
3750,0.015357639640569687,0.05000000074505806,0.15742404758930206,3.7761030197143555
3751,0.014005377888679504,0.05000000074505806,0.15618005394935608,3.7550930976867676
3752,0.012642096728086472,0.05000000074505806,0.1570693403482437,3.777573585510254
3753,0.01715199276804924,0.05000000074505806,0.15776878595352173,3.778186321258545
3754,0.01352861151099205,0.05000000074505806,0.15690948069095612,3.764004945755005
3755,0.01482907310128212,0.05000000074505806,0.15773382782936096,3.7881126403808594
3756,0.015509876422584057,0.05000000074505806,0.15946243703365326,3.817401647567749
3757,0.012804371304810047,0.05000000074505806,0.1571093201637268,3.770138740539551
3758,0.016918117180466652,0.05000000074505806,0.15773381292819977,3.7959558963775635
3759,0.01472361572086811,0.05000000074505806,0.1579236537218094,3.7914352416992188
3760,0.014026659540832043,0.05000000074505806,0.15702937543392181,3.7735297679901123
3761,0.015012728981673717,0.05000000074505806,0.1588079333305359,3.8158085346221924
3762,0.013479145243763924,0.05000000074505806,0.15912270545959473,3.803819417953491
3763,0.015627477318048477,0.05000000074505806,0.15853817760944366,3.809068202972412
3764,0.016317404806613922,0.05000000074505806,0.15781375765800476,3.785416603088379
3765,0.015066533349454403,0.05000000074505806,0.15799860656261444,3.7853009700775146
3766,0.01300626341253519,0.05000000074505806,0.1600419580936432,3.849754810333252
3767,0.013979718089103699,0.05000000074505806,0.15661470592021942,3.762962818145752
3768,0.015001164749264717,0.05000000074505806,0.15711930394172668,3.7726714611053467
3769,0.015656184405088425,0.05000000074505806,0.1592775583267212,3.825000047683716
3770,0.016044344753026962,0.05000000074505806,0.15824340283870697,3.788888692855835
3771,0.014903959818184376,0.05000000074505806,0.15841326117515564,3.800612449645996
3772,0.014610817655920982,0.05000000074505806,0.15702937543392181,3.769852638244629
3773,0.01274123601615429,0.05000000074505806,0.1577238291501999,3.77974534034729
3774,0.013724897988140583,0.05000000074505806,0.1564498394727707,3.7648284435272217
3775,0.01398490834981203,0.05000000074505806,0.15633493661880493,3.7539350986480713
3776,0.014322652481496334,0.05000000074505806,0.15820343792438507,3.802206039428711
3777,0.013592129573225975,0.05000000074505806,0.1591876596212387,3.8156864643096924
3778,0.013745772652328014,0.05000000074505806,0.15672461688518524,3.7615740299224854
3779,0.016251040622591972,0.05000000074505806,0.15861810743808746,3.796445846557617
3780,0.014601311646401882,0.05000000074505806,0.15819844603538513,3.795833110809326
3781,0.014575976878404617,0.05000000074505806,0.15561550855636597,3.742476463317871
3782,0.01421147771179676,0.05000000074505806,0.1572691798210144,3.766911506652832
3783,0.014017203822731972,0.05000000074505806,0.15786871314048767,3.802199125289917
3784,0.014077440835535526,0.05000000074505806,0.1571342945098877,3.7720587253570557
3785,0.0139922471717,0.05000000074505806,0.15794862806797028,3.793872594833374
3786,0.014639838598668575,0.05000000074505806,0.15800359845161438,3.784722328186035
3787,0.015182171016931534,0.05000000074505806,0.15651479363441467,3.756495237350464
3788,0.01313542015850544,0.05000000074505806,0.15889288485050201,3.802818536758423
3789,0.013956964015960693,0.05000000074505806,0.15612509846687317,3.747800827026367
3790,0.013226031325757504,0.05000000074505806,0.15805856883525848,3.802818536758423
3791,0.014479412697255611,0.05000000074505806,0.15901778638362885,3.8202548027038574
3792,0.014033903367817402,0.05000000074505806,0.1579386442899704,3.792769193649292
3793,0.013436375185847282,0.05000000074505806,0.16073140501976013,3.8536765575408936
3794,0.013034229166805744,0.05000000074505806,0.1569744199514389,3.763773202896118
3795,0.014215577393770218,0.05000000074505806,0.1565597504377365,3.766054153442383
3796,0.01411491073668003,0.05000000074505806,0.15933752059936523,3.808333396911621
3797,0.014575963839888573,0.05000000074505806,0.15723922848701477,3.7773146629333496
3798,0.013637902215123177,0.05000000074505806,0.15822842717170715,3.800489902496338
3799,0.014543917030096054,0.05000000074505806,0.1593874990940094,3.8325231075286865
3800,0.013570146635174751,0.05000000074505806,0.15465128421783447,3.721691370010376
3801,0.01603175513446331,0.05000000074505806,0.15701937675476074,3.7676470279693604
3802,0.015444522723555565,0.05000000074505806,0.15649478137493134,3.744328737258911
3803,0.013826223090291023,0.05000000074505806,0.1583433300256729,3.7941174507141113
3804,0.014402523636817932,0.05000000074505806,0.1602867692708969,3.846935987472534
3805,0.013579169288277626,0.05000000074505806,0.15744902193546295,3.7844908237457275
3806,0.014298462308943272,0.05000000074505806,0.15771383047103882,3.7822301387786865
3807,0.014234760776162148,0.05000000074505806,0.15610511600971222,3.7543981075286865
3808,0.01285075955092907,0.05000000074505806,0.15846820175647736,3.8080880641937256
3809,0.015025245025753975,0.05000000074505806,0.15979215502738953,3.8296568393707275
3810,0.014809506013989449,0.05000000074505806,0.15718424320220947,3.7726850509643555
3811,0.015784911811351776,0.05000000074505806,0.1585981398820877,3.810171604156494
3812,0.013898126780986786,0.05000000074505806,0.15963730216026306,3.8109068870544434
3813,0.014787716791033745,0.05000000074505806,0.15611010789871216,3.756134271621704
3814,0.014467518776655197,0.05000000074505806,0.1582883596420288,3.8116421699523926
3815,0.012946811504662037,0.05000000074505806,0.15572042763233185,3.738194704055786
3816,0.013750246725976467,0.05000000074505806,0.15698939561843872,3.775245189666748
3817,0.014838749542832375,0.05000000074505806,0.15640488266944885,3.753676414489746
3818,0.013270839117467403,0.05000000074505806,0.1599770188331604,3.8271987438201904
3819,0.014141825027763844,0.05000000074505806,0.15699441730976105,3.7702205181121826
3820,0.011763527058064938,0.05000000074505806,0.15606015920639038,3.7388484477996826
3821,0.01549527421593666,0.05000000074505806,0.15759392082691193,3.7760417461395264
3822,0.014082347974181175,0.05000000074505806,0.15692445635795593,3.7671568393707275
3823,0.015707049518823624,0.05000000074505806,0.15680956840515137,3.774305582046509
3824,0.01461639441549778,0.05000000074505806,0.15732912719249725,3.7814950942993164
3825,0.015056113712489605,0.05000000074505806,0.15633992850780487,3.739215850830078
3826,0.014889232814311981,0.05000000074505806,0.15463130176067352,3.721296548843384
3827,0.01516807172447443,0.05000000074505806,0.15890787541866302,3.8039214611053467
3828,0.012661593966186047,0.05000000074505806,0.15690447390079498,3.772303819656372
3829,0.014122582972049713,0.05000000074505806,0.15665467083454132,3.754629373550415
3830,0.014432027004659176,0.05000000074505806,0.1572941541671753,3.7725491523742676
3831,0.014469916000962257,0.05000000074505806,0.15836331248283386,3.8100693225860596
3832,0.01244631502777338,0.05000000074505806,0.15735411643981934,3.784435987472534
3833,0.014785537496209145,0.05000000074505806,0.15701939165592194,3.767279624938965
3834,0.013420063070952892,0.05000000074505806,0.159642294049263,3.8203701972961426
3835,0.014201019890606403,0.05000000074505806,0.15749898552894592,3.7852938175201416
3836,0.014228461310267448,0.05000000074505806,0.1580185741186142,3.778064012527466
3837,0.014681649394333363,0.05000000074505806,0.15873800218105316,3.8131942749023438
3838,0.01335771381855011,0.05000000074505806,0.15949739515781403,3.827573299407959
3839,0.014927374199032784,0.05000000074505806,0.15833833813667297,3.807638645172119
3840,0.016158243641257286,0.05000000074505806,0.1578986495733261,3.789461135864258
3841,0.014962330460548401,0.05000000074505806,0.15955236554145813,3.8283090591430664
3842,0.014682667329907417,0.05000000074505806,0.15750399231910706,3.779397964477539
3843,0.013450746424496174,0.05000000074505806,0.1557154357433319,3.741666793823242
3844,0.016272109001874924,0.05000000074505806,0.15761889517307281,3.761397361755371
3845,0.016286514699459076,0.05000000074505806,0.1575489640235901,3.7909724712371826
3846,0.012064598500728607,0.05000000074505806,0.156854510307312,3.769240379333496
3847,0.015339020639657974,0.05000000074505806,0.1594674289226532,3.8290507793426514
3848,0.016368992626667023,0.05000000074505806,0.15748900175094604,3.7761030197143555
3849,0.01287532877177,0.05000000074505806,0.15735411643981934,3.785907030105591
3850,0.012568960897624493,0.05000000074505806,0.15836331248283386,3.790740966796875
3851,0.014519412070512772,0.05000000074505806,0.15638987720012665,3.75612735748291
3852,0.014127013273537159,0.05000000074505806,0.1565447598695755,3.7491421699523926
3853,0.014559370465576649,0.05000000074505806,0.1601518839597702,3.8317127227783203
3854,0.01617584377527237,0.05000000074505806,0.15472622215747833,3.7322304248809814
3855,0.013697264716029167,0.05000000074505806,0.15776380896568298,3.7842588424682617
3856,0.015363777056336403,0.05000000074505806,0.15724921226501465,3.7811272144317627
3857,0.014866851270198822,0.05000000074505806,0.1582483947277069,3.7905638217926025
3858,0.013652084395289421,0.05000000074505806,0.15735411643981934,3.7748842239379883
3859,0.014797416515648365,0.05000000074505806,0.1564248651266098,3.750612735748291
3860,0.01403254084289074,0.05000000074505806,0.15784871578216553,3.7778186798095703
3861,0.013612654991447926,0.05000000074505806,0.15772882103919983,3.789698839187622
3862,0.01478690654039383,0.05000000074505806,0.15953737497329712,3.8316173553466797
3863,0.01512977946549654,0.05000000074505806,0.1564398556947708,3.7646989822387695
3864,0.01472228392958641,0.05000000074505806,0.15589529275894165,3.7455880641937256
3865,0.015820130705833435,0.05000000074505806,0.15752898156642914,3.7756125926971436
3866,0.014479801058769226,0.05000000074505806,0.1576039046049118,3.775115728378296
3867,0.013741719536483288,0.05000000074505806,0.15920263528823853,3.8296568393707275
3868,0.014052108861505985,0.05000000074505806,0.15818347036838531,3.7780635356903076
3869,0.013678533025085926,0.05000000074505806,0.15815845131874084,3.8026621341705322
3870,0.01423660945147276,0.05000000074505806,0.15652978420257568,3.761519432067871
3871,0.015108129009604454,0.05000000074505806,0.15339230000972748,3.690046548843384
3872,0.015886545181274414,0.05000000074505806,0.15850819647312164,3.8099262714385986
3873,0.015396730974316597,0.05000000074505806,0.15529076755046844,3.7165441513061523
3874,0.014171801507472992,0.05000000074505806,0.15890288352966309,3.8129632472991943
3875,0.015063771978020668,0.05000000074505806,0.15460631251335144,3.7022058963775635
3876,0.014944702386856079,0.05000000074505806,0.15986710786819458,3.8325982093811035
3877,0.01406308077275753,0.05000000074505806,0.15774381160736084,3.793402671813965
3878,0.012899605557322502,0.05000000074505806,0.15791867673397064,3.79142165184021
3879,0.013380562886595726,0.05000000074505806,0.15820343792438507,3.8024303913116455
3880,0.014424553140997887,0.05000000074505806,0.15843325853347778,3.8090686798095703
3881,0.013597169890999794,0.05000000074505806,0.1585981249809265,3.8080883026123047
3882,0.012408751994371414,0.05000000074505806,0.15930256247520447,3.810879707336426
3883,0.01619601994752884,0.05000000074505806,0.15855315327644348,3.813602924346924
3884,0.014657468535006046,0.05000000074505806,0.15749399363994598,3.7748775482177734
3885,0.01397330779582262,0.05000000074505806,0.1597222089767456,3.820486068725586
3886,0.013199166394770145,0.05000000074505806,0.15751898288726807,3.787990093231201
3887,0.013957113027572632,0.05000000074505806,0.15822342038154602,3.801967144012451
3888,0.013482126407325268,0.05000000074505806,0.15920265018939972,3.8242647647857666
3889,0.015043710358440876,0.05000000074505806,0.1577637940645218,3.795097827911377
3890,0.012857587076723576,0.05000000074505806,0.15802358090877533,3.7795138359069824
3891,0.018014373257756233,0.05000000074505806,0.15753896534442902,3.7821078300476074
3892,0.014042957685887814,0.05000000074505806,0.15832333266735077,3.7839460372924805
3893,0.01593988761305809,0.05000000074505806,0.1575789451599121,3.791551113128662
3894,0.014653654769062996,0.05000000074505806,0.15752896666526794,3.7840685844421387
3895,0.01431143656373024,0.05000000074505806,0.1588629186153412,3.815046548843384
3896,0.014749914407730103,0.05000000074505806,0.15714429318904877,3.778064012527466
3897,0.013138941489160061,0.05000000074505806,0.15921762585639954,3.820343255996704
3898,0.01471917238086462,0.05000000074505806,0.1567845642566681,3.759490489959717
3899,0.013249387964606285,0.05000000074505806,0.15704436600208282,3.775489568710327
3900,0.014265128411352634,0.05000000074505806,0.15653975307941437,3.744607925415039
3901,0.012842119671404362,0.05000000074505806,0.15796862542629242,3.7844905853271484
3902,0.013299593701958656,0.05000000074505806,0.15774880349636078,3.79215669631958
3903,0.012829452753067017,0.05000000074505806,0.15650978684425354,3.761805534362793
3904,0.014522012323141098,0.05000000074505806,0.15573540329933167,3.738480567932129
3905,0.014258430339396,0.05000000074505806,0.15570543706417084,3.7477943897247314
3906,0.015023408457636833,0.05000000074505806,0.15745404362678528,3.7643518447875977
3907,0.015814578160643578,0.05000000074505806,0.1563698798418045,3.7648284435272217
3908,0.01292247511446476,0.05000000074505806,0.15771381556987762,3.761396884918213
3909,0.012940785847604275,0.05000000074505806,0.1592675894498825,3.8187499046325684
3910,0.013704730197787285,0.05000000074505806,0.15696443617343903,3.7666664123535156
3911,0.01450516190379858,0.05000000074505806,0.15843825042247772,3.8165509700775146
3912,0.014397790655493736,0.05000000074505806,0.15744903683662415,3.784191131591797
3913,0.012808619998395443,0.05000000074505806,0.16022682189941406,3.833455801010132
3914,0.013909094966948032,0.05000000074505806,0.15810851752758026,3.7981481552124023
3915,0.015050150454044342,0.05000000074505806,0.1565047949552536,3.749999761581421
3916,0.014388559386134148,0.05000000074505806,0.15807853639125824,3.784926652908325
3917,0.012554455548524857,0.05000000074505806,0.1573341339826584,3.7856481075286865
3918,0.014234224334359169,0.05000000074505806,0.15877297520637512,3.818504810333252
3919,0.015315867960453033,0.05000000074505806,0.15877297520637512,3.810647964477539
3920,0.013564144261181355,0.05000000074505806,0.15742407739162445,3.790196418762207
3921,0.015175195410847664,0.05000000074505806,0.15805856883525848,3.778676748275757
3922,0.01497667282819748,0.05000000074505806,0.1567196249961853,3.762615919113159
3923,0.013215603306889534,0.05000000074505806,0.1563848853111267,3.75612735748291
3924,0.012931869365274906,0.05000000074505806,0.1592525839805603,3.810171604156494
3925,0.013129228726029396,0.05000000074505806,0.158208429813385,3.7975690364837646
3926,0.015983721241354942,0.05000000074505806,0.15859313309192657,3.804166555404663
3927,0.014709478244185448,0.05000000074505806,0.15591026842594147,3.755439519882202
3928,0.015703001990914345,0.05000000074505806,0.15855814516544342,3.806494951248169
3929,0.014511596411466599,0.05000000074505806,0.15678459405899048,3.769362449645996
3930,0.01429438591003418,0.05000000074505806,0.1576988399028778,3.7775466442108154
3931,0.013674680143594742,0.05000000074505806,0.15667465329170227,3.7623772621154785
3932,0.013723178766667843,0.05000000074505806,0.15648482739925385,3.7436275482177734
3933,0.015273645520210266,0.05000000074505806,0.1581534892320633,3.7961807250976562
3934,0.01303412951529026,0.05000000074505806,0.15531575679779053,3.725980520248413
3935,0.014260674826800823,0.05000000074505806,0.15948240458965302,3.8336803913116455
3936,0.015341795980930328,0.05000000074505806,0.15810851752758026,3.8003673553466797
3937,0.013879395090043545,0.05000000074505806,0.15790367126464844,3.7941174507141113
3938,0.013391136191785336,0.05000000074505806,0.16026678681373596,3.834606647491455
3939,0.01164392288774252,0.05000000074505806,0.15679456293582916,3.7600488662719727
3940,0.014409667812287807,0.05000000074505806,0.15666966140270233,3.7473039627075195
3941,0.01328202337026596,0.05000000074505806,0.15562549233436584,3.741204261779785
3942,0.014749621972441673,0.05000000074505806,0.15657474100589752,3.76556396484375
3943,0.014747288078069687,0.05000000074505806,0.15753395855426788,3.782870292663574
3944,0.013212045654654503,0.05000000074505806,0.15927256643772125,3.8368868827819824
3945,0.01539753470569849,0.05000000074505806,0.15896284580230713,3.802941083908081
3946,0.013817338272929192,0.05000000074505806,0.1566796451807022,3.7605326175689697
3947,0.015335027128458023,0.05000000074505806,0.15828336775302887,3.793994903564453
3948,0.014721213839948177,0.05000000074505806,0.15637987852096558,3.754657030105591
3949,0.015936927869915962,0.05000000074505806,0.15666967630386353,3.7520833015441895
3950,0.012887457385659218,0.05000000074505806,0.1578437238931656,3.7960779666900635
3951,0.016358260065317154,0.05000000074505806,0.15914767980575562,3.8225691318511963
3952,0.015009711496531963,0.05000000074505806,0.15909771621227264,3.82328462600708
3953,0.015076113864779472,0.05000000074505806,0.15719424188137054,3.7696075439453125
3954,0.014874784275889397,0.05000000074505806,0.15841326117515564,3.7994213104248047
3955,0.01446613296866417,0.05000000074505806,0.15933753550052643,3.825857639312744
3956,0.013752402737736702,0.05000000074505806,0.15878796577453613,3.799142360687256
3957,0.013860573060810566,0.05000000074505806,0.15695443749427795,3.769791603088379
3958,0.01386999525129795,0.05000000074505806,0.15833333134651184,3.798651695251465
3959,0.015243753790855408,0.05000000074505806,0.15812848508358002,3.8054397106170654
3960,0.01302197016775608,0.05000000074505806,0.15497101843357086,3.727083444595337
3961,0.01374154631048441,0.05000000074505806,0.15703436732292175,3.761396884918213
3962,0.014528155326843262,0.05000000074505806,0.15869803726673126,3.805208206176758
3963,0.012641782872378826,0.05000000074505806,0.15920762717723846,3.8213233947753906
3964,0.015871591866016388,0.05000000074505806,0.16052158176898956,3.843872308731079
3965,0.014125012792646885,0.05000000074505806,0.1601768583059311,3.844560384750366
3966,0.014423394575715065,0.05000000074505806,0.15784373879432678,3.7889702320098877
3967,0.015788456425070763,0.05000000074505806,0.1577787846326828,3.7943286895751953
3968,0.01505678053945303,0.05000000074505806,0.15896283090114594,3.8212008476257324
3969,0.01430522557348013,0.05000000074505806,0.1584232598543167,3.79080867767334
3970,0.013977031223475933,0.05000000074505806,0.1592126339673996,3.825462818145752
3971,0.017715858295559883,0.05000000074505806,0.1593725085258484,3.8194851875305176
3972,0.01425120234489441,0.05000000074505806,0.15861810743808746,3.799142360687256
3973,0.01624678075313568,0.05000000074505806,0.16101618111133575,3.8587965965270996
3974,0.013382724486291409,0.05000000074505806,0.15852318704128265,3.813234806060791
3975,0.016719240695238113,0.05000000074505806,0.15927757322788239,3.830439805984497
3976,0.01611255295574665,0.05000000074505806,0.15970224142074585,3.845097780227661
3977,0.014685245230793953,0.05000000074505806,0.15892286598682404,3.8060052394866943
3978,0.014334442093968391,0.05000000074505806,0.15868306159973145,3.8035879135131836
3979,0.013811726123094559,0.05000000074505806,0.1576588898897171,3.775857925415039
3980,0.01413201168179512,0.05000000074505806,0.1568395346403122,3.756495237350464
3981,0.013407113030552864,0.05000000074505806,0.158303365111351,3.801388740539551
3982,0.016310948878526688,0.05000000074505806,0.15655475854873657,3.7737743854522705
3983,0.015409236773848534,0.05000000074505806,0.15919265151023865,3.816666603088379
3984,0.01335564348846674,0.05000000074505806,0.15797361731529236,3.8061275482177734
3985,0.016568109393119812,0.05000000074505806,0.15919265151023865,3.8134803771972656
3986,0.01443265937268734,0.05000000074505806,0.16091126203536987,3.849421262741089
3987,0.01274022739380598,0.05000000074505806,0.1601768583059311,3.845588207244873
3988,0.012996508739888668,0.05000000074505806,0.15870803594589233,3.8026959896087646
3989,0.012791730463504791,0.05000000074505806,0.1584332436323166,3.8004627227783203
3990,0.014317097142338753,0.05000000074505806,0.15798361599445343,3.7936275005340576
3991,0.013738606125116348,0.05000000074505806,0.15761889517307281,3.792361259460449
3992,0.013680044561624527,0.05000000074505806,0.1598820984363556,3.839092969894409
3993,0.0141749894246459,0.05000000074505806,0.15788370370864868,3.795097589492798
3994,0.013883068226277828,0.05000000074505806,0.15910769999027252,3.8085646629333496
3995,0.014485571533441544,0.05000000074505806,0.15904276072978973,3.8116419315338135
3996,0.016190575435757637,0.05000000074505806,0.15958233177661896,3.8261029720306396
3997,0.014227980747818947,0.05000000074505806,0.15739908814430237,3.7822916507720947
3998,0.01264477614313364,0.05000000074505806,0.15899281203746796,3.824019432067871
3999,0.01372635830193758,0.05000000074505806,0.1576988399028778,3.786226987838745
4000,0.015288867056369781,0.05000000074505806,0.157588928937912,3.79154372215271
4001,0.01572529412806034,0.05000000074505806,0.15872302651405334,3.810661792755127
4002,0.01255082804709673,0.05000000074505806,0.1587979644536972,3.8016202449798584
4003,0.013742020353674889,0.05000000074505806,0.15857814252376556,3.797916889190674
4004,0.013681011274456978,0.05000000074505806,0.15849819779396057,3.795098066329956
4005,0.016400765627622604,0.05000000074505806,0.15911272168159485,3.822453737258911
4006,0.014061417430639267,0.05000000074505806,0.15900279581546783,3.822181224822998
4007,0.01333521492779255,0.05000000074505806,0.1583133339881897,3.8046295642852783
4008,0.012659389525651932,0.05000000074505806,0.1584082692861557,3.813112497329712
4009,0.013026304543018341,0.05000000074505806,0.158208429813385,3.784313440322876
4010,0.013514839112758636,0.05000000074505806,0.15929755568504333,3.8150463104248047
4011,0.015946101397275925,0.05000000074505806,0.15769384801387787,3.7977941036224365
4012,0.013831978663802147,0.05000000074505806,0.15845324099063873,3.784926176071167
4013,0.014417058788239956,0.05000000074505806,0.1568395346403122,3.7723376750946045
4014,0.015169540420174599,0.05000000074505806,0.15593525767326355,3.738112449645996
4015,0.015594642609357834,0.05000000074505806,0.1554856151342392,3.742823839187622
4016,0.016042372211813927,0.05000000074505806,0.15646982192993164,3.763113021850586
4017,0.014101612381637096,0.05000000074505806,0.15833334624767303,3.795710563659668
4018,0.015138688497245312,0.05000000074505806,0.15947741270065308,3.821296215057373
4019,0.012865936383605003,0.05000000074505806,0.1585831344127655,3.8002450466156006
4020,0.013849996030330658,0.05000000074505806,0.1615207940340042,3.8669116497039795
4021,0.013416582718491554,0.05000000074505806,0.1567995548248291,3.777893304824829
4022,0.014355406165122986,0.05000000074505806,0.15720923244953156,3.7748775482177734
4023,0.01278938353061676,0.05000000074505806,0.15963229537010193,3.831481456756592
4024,0.013378564268350601,0.05000000074505806,0.1563049703836441,3.76164174079895
4025,0.0130197424441576,0.05000000074505806,0.15865807235240936,3.8055145740509033
4026,0.014573076739907265,0.05000000074505806,0.15849320590496063,3.7924768924713135
4027,0.013649177737534046,0.05000000074505806,0.1596422791481018,3.8231616020202637
4028,0.014444136992096901,0.05000000074505806,0.15704937279224396,3.7772057056427
4029,0.01536224689334631,0.05000000074505806,0.15599022805690765,3.737152576446533
4030,0.015412477776408195,0.05000000074505806,0.15914767980575562,3.827695846557617
4031,0.015362508594989777,0.05000000074505806,0.15898780524730682,3.819444417953491
4032,0.016785165295004845,0.05000000074505806,0.15605515241622925,3.749509572982788
4033,0.014934981241822243,0.05000000074505806,0.1586230844259262,3.8084557056427
4034,0.014426680281758308,0.05000000074505806,0.15809352695941925,3.78275465965271
4035,0.013109643012285233,0.05000000074505806,0.15649980306625366,3.7640931606292725
4036,0.014043176546692848,0.05000000074505806,0.15950238704681396,3.8122549057006836
4037,0.013998288661241531,0.05000000074505806,0.15749399363994598,3.783912181854248
4038,0.012392278760671616,0.05000000074505806,0.15897782146930695,3.822181224822998
4039,0.013486269861459732,0.05000000074505806,0.15585032105445862,3.745370388031006
4040,0.01378611009567976,0.05000000074505806,0.159562349319458,3.831862688064575
4041,0.0140700563788414,0.05000000074505806,0.159642294049263,3.827573299407959
4042,0.014660682529211044,0.05000000074505806,0.1579935997724533,3.79502272605896
4043,0.01374145969748497,0.05000000074505806,0.15825340151786804,3.792769432067871
4044,0.014809667132794857,0.05000000074505806,0.15698440372943878,3.7582104206085205
4045,0.01393059641122818,0.05000000074505806,0.15879295766353607,3.813310146331787
4046,0.014274228364229202,0.05000000074505806,0.15894784033298492,3.818504810333252
4047,0.01519851479679346,0.05000000074505806,0.15819844603538513,3.8039348125457764
4048,0.01646401919424534,0.05000000074505806,0.15690948069095612,3.776348114013672
4049,0.014184397645294666,0.05000000074505806,0.1589978039264679,3.808946132659912
4050,0.01381476130336523,0.05000000074505806,0.1572691798210144,3.7685182094573975
4051,0.013586045242846012,0.05000000074505806,0.15737910568714142,3.7742645740509033
4052,0.015117272734642029,0.05000000074505806,0.15761889517307281,3.778308868408203
4053,0.013663750141859055,0.05000000074505806,0.15895284712314606,3.817476987838745
4054,0.013537487015128136,0.05000000074505806,0.15720422565937042,3.7754900455474854
4055,0.013805719092488289,0.05000000074505806,0.1573641002178192,3.7806713581085205
4056,0.013724377378821373,0.05000000074505806,0.15718425810337067,3.782475233078003
4057,0.01492662075906992,0.05000000074505806,0.1572691947221756,3.7718141078948975
4058,0.01366034708917141,0.05000000074505806,0.15810851752758026,3.787384271621704
4059,0.015387581661343575,0.05000000074505806,0.15920762717723846,3.8175246715545654
4060,0.013822139240801334,0.05000000074505806,0.15916267037391663,3.8156864643096924
4061,0.014394834637641907,0.05000000074505806,0.15838828682899475,3.79953670501709
4062,0.014736871235072613,0.05000000074505806,0.15865808725357056,3.8147058486938477
4063,0.015189943835139275,0.05000000074505806,0.15745903551578522,3.7825231552124023
4064,0.014148822985589504,0.05000000074505806,0.15802855789661407,3.798774242401123
4065,0.015359804034233093,0.05000000074505806,0.1584632247686386,3.802328586578369
4066,0.013691199012100697,0.05000000074505806,0.1585981398820877,3.796875238418579
4067,0.015334763564169407,0.05000000074505806,0.1575889140367508,3.783578395843506
4068,0.014972937293350697,0.05000000074505806,0.15680456161499023,3.7539215087890625
4069,0.012909246608614922,0.05000000074505806,0.1559702306985855,3.7440974712371826
4070,0.012846173718571663,0.05000000074505806,0.1572941541671753,3.7912988662719727
4071,0.01520846039056778,0.05000000074505806,0.156839519739151,3.7612264156341553
4072,0.015240209177136421,0.05000000074505806,0.15743404626846313,3.7846810817718506
4073,0.013915268704295158,0.05000000074505806,0.15821342170238495,3.795588254928589
4074,0.013415930792689323,0.05000000074505806,0.16043666005134583,3.841782569885254
4075,0.013173097744584084,0.05000000074505806,0.15648482739925385,3.756617784500122
4076,0.016974370926618576,0.05000000074505806,0.15903277695178986,3.8080880641937256
4077,0.013956439681351185,0.05000000074505806,0.15827839076519012,3.796412229537964
4078,0.013304321095347404,0.05000000074505806,0.15934252738952637,3.8290441036224365
4079,0.015339361503720284,0.05000000074505806,0.15714427828788757,3.779398202896118
4080,0.016716264188289642,0.05000000074505806,0.15988709032535553,3.83835768699646
4081,0.015592125244438648,0.05000000074505806,0.15565547347068787,3.7377448081970215
4082,0.01574711501598358,0.05000000074505806,0.15822842717170715,3.79652738571167
4083,0.014152326621115208,0.05000000074505806,0.15737909078598022,3.775735378265381
4084,0.012214845046401024,0.05000000074505806,0.1609412431716919,3.851102828979492
4085,0.013438086956739426,0.05000000074505806,0.15917766094207764,3.821295738220215
4086,0.016379481181502342,0.05000000074505806,0.1579386591911316,3.793872594833374
4087,0.013354746624827385,0.05000000074505806,0.15760891139507294,3.7886571884155273
4088,0.015155038796365261,0.05000000074505806,0.1598321497440338,3.8463239669799805
4089,0.015213251113891602,0.05000000074505806,0.15926259756088257,3.8110294342041016
4090,0.014995725825428963,0.05000000074505806,0.15724919736385345,3.7734954357147217
4091,0.014274711720645428,0.05000000074505806,0.1593325287103653,3.8284313678741455
4092,0.015583925880491734,0.05000000074505806,0.15669965744018555,3.7431371212005615
4093,0.015627868473529816,0.05000000074505806,0.15826338529586792,3.8057870864868164
4094,0.01576855778694153,0.05000000074505806,0.15739408135414124,3.771568536758423
4095,0.014338640496134758,0.05000000074505806,0.1592675745487213,3.8349533081054688
4096,0.015250959433615208,0.05000000074505806,0.15869803726673126,3.8121325969696045
4097,0.014989874325692654,0.05000000074505806,0.15993204712867737,3.8387253284454346
4098,0.012489642947912216,0.05000000074505806,0.1589178591966629,3.8078701496124268
4099,0.012475403025746346,0.05000000074505806,0.1577637940645218,3.793994665145874
4100,0.015570093877613544,0.05000000074505806,0.15852318704128265,3.794362783432007
4101,0.015472372993826866,0.05000000074505806,0.16001199185848236,3.832754611968994
4102,0.01607206091284752,0.05000000074505806,0.1579636037349701,3.799877405166626
4103,0.015800468623638153,0.05000000074505806,0.1593325436115265,3.8261570930480957
4104,0.01460558082908392,0.05000000074505806,0.15932254493236542,3.831617832183838
4105,0.01463185902684927,0.05000000074505806,0.15812350809574127,3.784803867340088
4106,0.013710916973650455,0.05000000074505806,0.16050158441066742,3.8550922870635986
4107,0.014265291392803192,0.05000000074505806,0.15815846621990204,3.7875001430511475
4108,0.0160679928958416,0.05000000074505806,0.15999698638916016,3.8319852352142334
4109,0.013336359523236752,0.05000000074505806,0.15818347036838531,3.8009262084960938
4110,0.013887235894799232,0.05000000074505806,0.15675459802150726,3.770343065261841
4111,0.01552319061011076,0.05000000074505806,0.16053658723831177,3.8518519401550293
4112,0.01678803190588951,0.05000000074505806,0.15783874690532684,3.8008575439453125
4113,0.014364387840032578,0.05000000074505806,0.15702937543392181,3.7531864643096924
4114,0.012944819405674934,0.05000000074505806,0.15927258133888245,3.8225696086883545
4115,0.014635835774242878,0.05000000074505806,0.15741905570030212,3.777205467224121
4116,0.015108331106603146,0.05000000074505806,0.15872801840305328,3.795588254928589
4117,0.014026101678609848,0.05000000074505806,0.15607014298439026,3.7554397583007812
4118,0.014078679494559765,0.05000000074505806,0.15862809121608734,3.8061273097991943
4119,0.014826377853751183,0.05000000074505806,0.159467414021492,3.8340280055999756
4120,0.013219141401350498,0.05000000074505806,0.15761889517307281,3.7870097160339355
4121,0.01406053826212883,0.05000000074505806,0.158113494515419,3.796201229095459
4122,0.01377874705940485,0.05000000074505806,0.1579236537218094,3.7802088260650635
4123,0.015889178961515427,0.05000000074505806,0.15799860656261444,3.795220375061035
4124,0.015135202556848526,0.05000000074505806,0.15683452785015106,3.7616422176361084
4125,0.014578862115740776,0.05000000074505806,0.15896783769130707,3.808218002319336
4126,0.01453247107565403,0.05000000074505806,0.15817846357822418,3.8019607067108154
4127,0.015544254332780838,0.05000000074505806,0.1574040800333023,3.7822916507720947
4128,0.014759034849703312,0.05000000074505806,0.1587030440568924,3.8181374073028564
4129,0.015717454254627228,0.05000000074505806,0.157508984208107,3.7731616497039795
4130,0.014325772412121296,0.05000000074505806,0.15603017807006836,3.7425920963287354
4131,0.015460141003131866,0.05000000074505806,0.15998701751232147,3.838848114013672
4132,0.013846290297806263,0.05000000074505806,0.15825840830802917,3.7900733947753906
4133,0.015300736762583256,0.05000000074505806,0.16066646575927734,3.849884510040283
4134,0.015036297030746937,0.05000000074505806,0.15659472346305847,3.771568536758423
4135,0.013154000043869019,0.05000000074505806,0.1596672683954239,3.832638740539551
4136,0.014056217856705189,0.05000000074505806,0.1567196249961853,3.764583110809326
4137,0.0147689338773489,0.05000000074505806,0.15811853110790253,3.790073871612549
4138,0.01332729123532772,0.05000000074505806,0.15695442259311676,3.7662036418914795
4139,0.016439367085695267,0.05000000074505806,0.15702439844608307,3.768627166748047
4140,0.014032582752406597,0.05000000074505806,0.15671461820602417,3.7520833015441895
4141,0.015053320676088333,0.05000000074505806,0.1571093052625656,3.7715280055999756
4142,0.014292886480689049,0.05000000074505806,0.15739408135414124,3.7906861305236816
4143,0.014050005003809929,0.05000000074505806,0.15953737497329712,3.8244211673736572
4144,0.015411445870995522,0.05000000074505806,0.15796862542629242,3.793259859085083
4145,0.013435699045658112,0.05000000074505806,0.15755395591259003,3.7846810817718506
4146,0.014802522957324982,0.05000000074505806,0.16022682189941406,3.8339121341705322
4147,0.016537930816411972,0.05000000074505806,0.15889787673950195,3.8159313201904297
4148,0.014418711885809898,0.05000000074505806,0.1600419580936432,3.8428921699523926
4149,0.013149424456059933,0.05000000074505806,0.155565544962883,3.7306714057922363
4150,0.013514029793441296,0.05000000074505806,0.16064147651195526,3.851102828979492
4151,0.015301146544516087,0.05000000074505806,0.156235009431839,3.7631945610046387
4152,0.014302284456789494,0.05000000074505806,0.1594524383544922,3.835416555404663
4153,0.015832126140594482,0.05000000074505806,0.1564248651266098,3.765073299407959
4154,0.01400949526578188,0.05000000074505806,0.1582883596420288,3.776273012161255
4155,0.014954226091504097,0.05000000074505806,0.1592675894498825,3.820833206176758
4156,0.014117837883532047,0.05000000074505806,0.15681955218315125,3.764460563659668
4157,0.013009097427129745,0.05000000074505806,0.15492106974124908,3.7204861640930176
4158,0.014912258833646774,0.05000000074505806,0.15943744778633118,3.821568489074707
4159,0.015438804402947426,0.05000000074505806,0.15842825174331665,3.8122689723968506
4160,0.013813959434628487,0.05000000074505806,0.1580885350704193,3.802205801010132
4161,0.015625039115548134,0.05000000074505806,0.15800859034061432,3.787377119064331
4162,0.015521148219704628,0.05000000074505806,0.15936250984668732,3.8160879611968994
4163,0.013498443178832531,0.05000000074505806,0.15951238572597504,3.828676700592041
4164,0.013697471469640732,0.05000000074505806,0.15891286730766296,3.812131881713867
4165,0.015851540490984917,0.05000000074505806,0.15737409889698029,3.779397964477539
4166,0.014716379344463348,0.05000000074505806,0.15881794691085815,3.801102876663208
4167,0.01426649373024702,0.05000000074505806,0.15685951709747314,3.7810184955596924
4168,0.013813694007694721,0.05000000074505806,0.16026678681373596,3.8542890548706055
4169,0.01522405631840229,0.05000000074505806,0.15862810611724854,3.8079657554626465
4170,0.0151825575158,0.05000000074505806,0.15960732102394104,3.819791555404663
4171,0.014384554699063301,0.05000000074505806,0.15864808857440948,3.809436321258545
4172,0.013331826776266098,0.05000000074505806,0.158957839012146,3.798774242401123
4173,0.015057610347867012,0.05000000074505806,0.15739408135414124,3.788888692855835
4174,0.01344215590506792,0.05000000074505806,0.1598171442747116,3.8289215564727783
4175,0.01601491868495941,0.05000000074505806,0.15669964253902435,3.775115728378296
4176,0.01571676693856716,0.05000000074505806,0.1568794995546341,3.77573561668396
4177,0.014787787571549416,0.05000000074505806,0.15856313705444336,3.7953431606292725
4178,0.012453322298824787,0.05000000074505806,0.15854816138744354,3.8016202449798584
4179,0.01551115233451128,0.05000000074505806,0.15769384801387787,3.787132740020752
4180,0.01558096706867218,0.05000000074505806,0.15693946182727814,3.7550244331359863
4181,0.01352905947715044,0.05000000074505806,0.16062648594379425,3.8473384380340576
4182,0.014678629115223885,0.05000000074505806,0.15843825042247772,3.8156864643096924
4183,0.015451949089765549,0.05000000074505806,0.15588527917861938,3.746527671813965
4184,0.016264311969280243,0.05000000074505806,0.15806853771209717,3.8031861782073975
4185,0.012799856252968311,0.05000000074505806,0.15671461820602417,3.7585785388946533
4186,0.01374023873358965,0.05000000074505806,0.15803857147693634,3.788078784942627
4187,0.014572018757462502,0.05000000074505806,0.15856313705444336,3.8036766052246094
4188,0.014166230335831642,0.05000000074505806,0.158273383975029,3.787867784500122
4189,0.012679136358201504,0.05000000074505806,0.1610211879014969,3.8541667461395264
4190,0.01464284397661686,0.05000000074505806,0.15731914341449738,3.774754762649536
4191,0.013173850253224373,0.05000000074505806,0.15751898288726807,3.799074172973633
4192,0.01420763973146677,0.05000000074505806,0.1575489640235901,3.784313201904297
4193,0.014643074944615364,0.05000000074505806,0.15823841094970703,3.790195941925049
4194,0.015402289107441902,0.05000000074505806,0.15932753682136536,3.8267362117767334
4195,0.015534304082393646,0.05000000074505806,0.1590227633714676,3.8127450942993164
4196,0.015268968418240547,0.05000000074505806,0.1596023291349411,3.822916269302368
4197,0.01396842673420906,0.05000000074505806,0.15732912719249725,3.777430772781372
4198,0.014660001732409,0.05000000074505806,0.1597621738910675,3.8399507999420166
4199,0.014615297317504883,0.05000000074505806,0.15631496906280518,3.75960636138916
4200,0.014956599101424217,0.05000000074505806,0.157588928937912,3.784191131591797
4201,0.013313508592545986,0.05000000074505806,0.15774378180503845,3.786764621734619
4202,0.01492211315780878,0.05000000074505806,0.15745903551578522,3.7726850509643555
4203,0.015700148418545723,0.05000000074505806,0.16016186773777008,3.837132215499878
4204,0.014324809424579144,0.05000000074505806,0.15807853639125824,3.8025734424591064
4205,0.013851318508386612,0.05000000074505806,0.15851818025112152,3.799652576446533
4206,0.01287655346095562,0.05000000074505806,0.1588629186153412,3.8175246715545654
4207,0.016115890815854073,0.05000000074505806,0.1564248651266098,3.758680582046509
4208,0.014401099644601345,0.05000000074505806,0.15642984211444855,3.7557597160339355
4209,0.014491251669824123,0.05000000074505806,0.15751399099826813,3.7825982570648193
4210,0.013892343267798424,0.05000000074505806,0.15949739515781403,3.819676160812378
4211,0.015092373825609684,0.05000000074505806,0.1579386442899704,3.7882351875305176
4212,0.01289253681898117,0.05000000074505806,0.15714429318904877,3.771200656890869
4213,0.014137478545308113,0.05000000074505806,0.15949241816997528,3.8210647106170654
4214,0.014067113399505615,0.05000000074505806,0.1587579995393753,3.817892074584961
4215,0.01343312207609415,0.05000000074505806,0.1573890894651413,3.780902624130249
4216,0.015971779823303223,0.05000000074505806,0.15752898156642914,3.786151885986328
4217,0.012954263016581535,0.05000000074505806,0.1597771793603897,3.834191083908081
4218,0.012696082703769207,0.05000000074505806,0.1574040651321411,3.772221803665161
4219,0.014598147943615913,0.05000000074505806,0.15590526163578033,3.7412991523742676
4220,0.014495881274342537,0.05000000074505806,0.16073639690876007,3.8421568870544434
4221,0.015307258814573288,0.05000000074505806,0.16080635786056519,3.858564853668213
4222,0.014859738759696484,0.05000000074505806,0.15567046403884888,3.754657030105591
4223,0.01749638468027115,0.05000000074505806,0.15701939165592194,3.7663192749023438
4224,0.015902604907751083,0.05000000074505806,0.15968725085258484,3.8409316539764404
4225,0.0137898288667202,0.05000000074505806,0.15653976798057556,3.756740093231201
4226,0.014264771714806557,0.05000000074505806,0.15674959123134613,3.749305486679077
4227,0.011940356343984604,0.05000000074505806,0.16095122694969177,3.854534149169922
4228,0.015478863380849361,0.05000000074505806,0.15623000264167786,3.752941131591797
4229,0.014388025738298893,0.05000000074505806,0.1581684798002243,3.798727035522461
4230,0.01216181181371212,0.05000000074505806,0.15683454275131226,3.769852876663208
4231,0.014756017364561558,0.05000000074505806,0.15963229537010193,3.8321762084960938
4232,0.014895963482558727,0.05000000074505806,0.15832334756851196,3.802696466445923
4233,0.013182012364268303,0.05000000074505806,0.1602068394422531,3.845710277557373
4234,0.014163707382977009,0.05000000074505806,0.15985211730003357,3.828125
4235,0.014196731150150299,0.05000000074505806,0.16033174097537994,3.843627691268921
4236,0.012489032931625843,0.05000000074505806,0.15834833681583405,3.806494951248169
4237,0.013443812727928162,0.05000000074505806,0.15861311554908752,3.797569513320923
4238,0.015616273507475853,0.05000000074505806,0.1580985188484192,3.7987749576568604
4239,0.015706222504377365,0.05000000074505806,0.15879295766353607,3.8190977573394775
4240,0.013746160082519054,0.05000000074505806,0.1585281789302826,3.81323504447937
4241,0.012624979950487614,0.05000000074505806,0.1584882289171219,3.798529624938965
4242,0.015109118074178696,0.05000000074505806,0.15849819779396057,3.7956018447875977
4243,0.014862976968288422,0.05000000074505806,0.15805856883525848,3.804044008255005
4244,0.013125583529472351,0.05000000074505806,0.15790867805480957,3.7797796726226807
4245,0.014370064251124859,0.05000000074505806,0.15672960877418518,3.7560184001922607
4246,0.014059153385460377,0.05000000074505806,0.15745903551578522,3.787254810333252
4247,0.013168275356292725,0.05000000074505806,0.1587180197238922,3.811805486679077
4248,0.013333379290997982,0.05000000074505806,0.15914767980575562,3.8268377780914307
4249,0.015066584572196007,0.05000000074505806,0.15822842717170715,3.7966909408569336
4250,0.012837535701692104,0.05000000074505806,0.1560901254415512,3.7333333492279053
4251,0.015295467339456081,0.05000000074505806,0.15763388574123383,3.787254810333252
4252,0.012980606406927109,0.05000000074505806,0.15689948201179504,3.772304058074951
4253,0.013788561336696148,0.05000000074505806,0.15906275808811188,3.8008100986480713
4254,0.014242533594369888,0.05000000074505806,0.15702438354492188,3.7743871212005615
4255,0.014487113803625107,0.05000000074505806,0.15961730480194092,3.837383985519409
4256,0.015762928873300552,0.05000000074505806,0.15942245721817017,3.831618070602417
4257,0.014424891211092472,0.05000000074505806,0.1591326892375946,3.8116421699523926
4258,0.015230434015393257,0.05000000074505806,0.15790368616580963,3.79085636138916
4259,0.014386757276952267,0.05000000074505806,0.15758393704891205,3.7828431129455566
4260,0.015099838376045227,0.05000000074505806,0.16132093966007233,3.8626227378845215
4261,0.014742139726877213,0.05000000074505806,0.15873302519321442,3.8064815998077393
4262,0.016457565128803253,0.05000000074505806,0.15872801840305328,3.8099262714385986
4263,0.014845726080238819,0.05000000074505806,0.1580985188484192,3.8081021308898926
4264,0.012974965386092663,0.05000000074505806,0.16026179492473602,3.8517158031463623
4265,0.0145120769739151,0.05000000074505806,0.15958234667778015,3.8272056579589844
4266,0.0146499527618289,0.05000000074505806,0.15921762585639954,3.811342477798462
4267,0.01543100830167532,0.05000000074505806,0.15857312083244324,3.816789150238037
4268,0.014831949956715107,0.05000000074505806,0.15911272168159485,3.8078434467315674
4269,0.013903255574405193,0.05000000074505806,0.1586780697107315,3.7986111640930176
4270,0.0143024493008852,0.05000000074505806,0.1564098745584488,3.768627405166626
4271,0.014849739149212837,0.05000000074505806,0.1576039046049118,3.7861111164093018
4272,0.015336393378674984,0.05000000074505806,0.16018685698509216,3.852818727493286
4273,0.014899227768182755,0.05000000074505806,0.15719923377037048,3.772671937942505
4274,0.014905924908816814,0.05000000074505806,0.1591876596212387,3.8096065521240234
4275,0.0146562485024333,0.05000000074505806,0.1561301052570343,3.748774528503418
4276,0.011994038708508015,0.05000000074505806,0.15842324495315552,3.795097827911377
4277,0.01378179993480444,0.05000000074505806,0.15676958858966827,3.756828784942627
4278,0.016606807708740234,0.05000000074505806,0.15673960745334625,3.7666664123535156
4279,0.013139578513801098,0.05000000074505806,0.15664468705654144,3.7692127227783203
4280,0.01575344055891037,0.05000000074505806,0.15747402608394623,3.7893381118774414
4281,0.013380677439272404,0.05000000074505806,0.1578836888074875,3.78602933883667
4282,0.0158175528049469,0.05000000074505806,0.1589328497648239,3.8069443702697754
4283,0.014361237175762653,0.05000000074505806,0.1583433300256729,3.799387216567993
4284,0.013749677687883377,0.05000000074505806,0.1602567881345749,3.836642026901245
4285,0.013382161036133766,0.05000000074505806,0.1598271280527115,3.8347222805023193
4286,0.01499469205737114,0.05000000074505806,0.1582184135913849,3.800612449645996
4287,0.013894322328269482,0.05000000074505806,0.15894784033298492,3.8215277194976807
4288,0.015019567683339119,0.05000000074505806,0.15731415152549744,3.7814950942993164
4289,0.015199065208435059,0.05000000074505806,0.1579536348581314,3.7916667461395264
4290,0.014802712947130203,0.05000000074505806,0.15961232781410217,3.8168978691101074
4291,0.013815699145197868,0.05000000074505806,0.15699440240859985,3.765686273574829
4292,0.014671772718429565,0.05000000074505806,0.16120603680610657,3.865931510925293
4293,0.014249974861741066,0.05000000074505806,0.15926259756088257,3.8207178115844727
4294,0.014323766343295574,0.05000000074505806,0.1592126190662384,3.823284149169922
4295,0.014907869510352612,0.05000000074505806,0.1573491245508194,3.787731647491455
4296,0.01425829529762268,0.05000000074505806,0.15849819779396057,3.8099262714385986
4297,0.015138912945985794,0.05000000074505806,0.1580185741186142,3.7892160415649414
4298,0.013203228823840618,0.05000000074505806,0.15887290239334106,3.8084490299224854
4299,0.013904942199587822,0.05000000074505806,0.15912769734859467,3.8188724517822266
4300,0.01610911451280117,0.05000000074505806,0.1599620282649994,3.8355393409729004
4301,0.012981163337826729,0.05000000074505806,0.15935750305652618,3.817013740539551
4302,0.015633797273039818,0.05000000074505806,0.15798361599445343,3.796323537826538
4303,0.014276586472988129,0.05000000074505806,0.15613508224487305,3.757291555404663
4304,0.014535687863826752,0.05000000074505806,0.1586231142282486,3.8110291957855225
4305,0.013808746822178364,0.05000000074505806,0.16008692979812622,3.8465685844421387
4306,0.014852248132228851,0.05000000074505806,0.1587429940700531,3.7982637882232666
4307,0.01394621841609478,0.05000000074505806,0.15831834077835083,3.801715612411499
4308,0.01281736884266138,0.05000000074505806,0.15829835832118988,3.7948527336120605
4309,0.01447463408112526,0.05000000074505806,0.15943245589733124,3.823263645172119
4310,0.012179464101791382,0.05000000074505806,0.15362709760665894,3.688602924346924
4311,0.014014024287462234,0.05000000074505806,0.15645982325077057,3.7612271308898926
4312,0.013078580610454082,0.05000000074505806,0.15890288352966309,3.8207106590270996
4313,0.012822491116821766,0.05000000074505806,0.15784373879432678,3.7917895317077637
4314,0.014875868335366249,0.05000000074505806,0.15910270810127258,3.8005788326263428
4315,0.014318544417619705,0.05000000074505806,0.15786370635032654,3.7850492000579834
4316,0.015800710767507553,0.05000000074505806,0.15761391818523407,3.778186321258545
4317,0.014630705118179321,0.05000000074505806,0.15739908814430237,3.789583206176758
4318,0.014027336612343788,0.05000000074505806,0.1543065458536148,3.7004902362823486
4319,0.01320211123675108,0.05000000074505806,0.15768885612487793,3.7890048027038574
4320,0.013882461003959179,0.05000000074505806,0.1594024896621704,3.8327205181121826
4321,0.013983026146888733,0.05000000074505806,0.1584882289171219,3.801225185394287
4322,0.014783143997192383,0.05000000074505806,0.15979215502738953,3.8261570930480957
4323,0.012657796032726765,0.05000000074505806,0.1586081087589264,3.806617498397827
4324,0.012624870054423809,0.05000000074505806,0.15859311819076538,3.8061277866363525
4325,0.015986572951078415,0.05000000074505806,0.1583133488893509,3.794675827026367
4326,0.015461070463061333,0.05000000074505806,0.1594274640083313,3.829166889190674
4327,0.013803184032440186,0.05000000074505806,0.15625998377799988,3.7589120864868164
4328,0.014258353039622307,0.05000000074505806,0.1568145602941513,3.7726714611053467
4329,0.013914846815168858,0.05000000074505806,0.15809352695941925,3.783578395843506
4330,0.01521369069814682,0.05000000074505806,0.15668964385986328,3.7593748569488525
4331,0.015512578189373016,0.05000000074505806,0.1603267341852188,3.8477938175201416
4332,0.01339690387248993,0.05000000074505806,0.1578737199306488,3.786029577255249
4333,0.014487409964203835,0.05000000074505806,0.156934455037117,3.7662036418914795
4334,0.015214185230433941,0.05000000074505806,0.15745402872562408,3.789583206176758
4335,0.014376397244632244,0.05000000074505806,0.1589428335428238,3.811689853668213
4336,0.0145059609785676,0.05000000074505806,0.15962731838226318,3.8436272144317627
4337,0.014184284023940563,0.05000000074505806,0.15645982325077057,3.746814012527466
4338,0.014184593223035336,0.05000000074505806,0.15828837454319,3.794907808303833
4339,0.0138988783583045,0.05000000074505806,0.15847821533679962,3.7943623065948486
4340,0.013138564303517342,0.05000000074505806,0.15878796577453613,3.812131881713867
4341,0.01452549360692501,0.05000000074505806,0.15733414888381958,3.7733798027038574
4342,0.013831058517098427,0.05000000074505806,0.15987710654735565,3.841298818588257
4343,0.015317224897444248,0.05000000074505806,0.15705935657024384,3.778125047683716
4344,0.014721174724400043,0.05000000074505806,0.15717926621437073,3.7828428745269775
4345,0.014398075640201569,0.05000000074505806,0.15595023334026337,3.7378673553466797
4346,0.012618343345820904,0.05000000074505806,0.1593874841928482,3.8145833015441895
4347,0.01599537394940853,0.05000000074505806,0.1607014387845993,3.853921413421631
4348,0.016150204464793205,0.05000000074505806,0.1561301052570343,3.753063678741455
4349,0.013779871165752411,0.05000000074505806,0.15814848244190216,3.7905092239379883
4350,0.012534466572105885,0.05000000074505806,0.15966227650642395,3.8360297679901123
4351,0.013561563566327095,0.05000000074505806,0.15694944560527802,3.769907236099243
4352,0.01435137540102005,0.05000000074505806,0.1571093052625656,3.784191131591797
4353,0.012133934535086155,0.05000000074505806,0.15967226028442383,3.8237740993499756
4354,0.014738948084414005,0.05000000074505806,0.15753397345542908,3.7739579677581787
4355,0.013845108449459076,0.05000000074505806,0.15806356072425842,3.7942402362823486
4356,0.013200001791119576,0.05000000074505806,0.15774881839752197,3.7822301387786865
4357,0.01583520509302616,0.05000000074505806,0.15795862674713135,3.7863428592681885
4358,0.01288524642586708,0.05000000074505806,0.15646983683109283,3.756617546081543
4359,0.01328988466411829,0.05000000074505806,0.15700939297676086,3.7771992683410645
4360,0.014391270466148853,0.05000000074505806,0.1574690341949463,3.7844364643096924
4361,0.013084867969155312,0.05000000074505806,0.16084632277488708,3.852818489074707
4362,0.013372479937970638,0.05000000074505806,0.15979215502738953,3.8347222805023193
4363,0.012848323211073875,0.05000000074505806,0.15606513619422913,3.7484068870544434
4364,0.014110036194324493,0.05000000074505806,0.15928258001804352,3.808210849761963
4365,0.014540866948664188,0.05000000074505806,0.157508984208107,3.78726863861084
4366,0.014653938822448254,0.05000000074505806,0.1610911339521408,3.8583335876464844
4367,0.01474156603217125,0.05000000074505806,0.15480616688728333,3.733217477798462
4368,0.01483059860765934,0.05000000074505806,0.16069644689559937,3.868382453918457
4369,0.014194690622389317,0.05000000074505806,0.15956734120845795,3.814338207244873
4370,0.013364672660827637,0.05000000074505806,0.16015687584877014,3.8459489345550537
4371,0.014460146427154541,0.05000000074505806,0.1559952050447464,3.7389705181121826
4372,0.012352438643574715,0.05000000074505806,0.15994702279567719,3.831249713897705
4373,0.0143952127546072,0.05000000074505806,0.15932753682136536,3.830092430114746
4374,0.01380524318665266,0.05000000074505806,0.16139088571071625,3.8734071254730225
4375,0.014300290495157242,0.05000000074505806,0.1575389802455902,3.788888931274414
4376,0.014974449761211872,0.05000000074505806,0.15950238704681396,3.837867498397827
4377,0.014606013894081116,0.05000000074505806,0.16026178002357483,3.8368873596191406
4378,0.015222271904349327,0.05000000074505806,0.15761391818523407,3.780439615249634
4379,0.01481874380260706,0.05000000074505806,0.1592925786972046,3.814093589782715
4380,0.013681289739906788,0.05000000074505806,0.1590527594089508,3.8262250423431396
4381,0.01363146398216486,0.05000000074505806,0.15812848508358002,3.790393590927124
4382,0.01359978225082159,0.05000000074505806,0.15716925263404846,3.7797794342041016
4383,0.01505514606833458,0.05000000074505806,0.15974220633506775,3.8344907760620117
4384,0.01471865363419056,0.05000000074505806,0.16018185019493103,3.8506126403808594
4385,0.013529373332858086,0.05000000074505806,0.1567196249961853,3.7587010860443115
4386,0.014186037704348564,0.05000000074505806,0.16061650216579437,3.844906806945801
4387,0.015347803942859173,0.05000000074505806,0.15670962631702423,3.760784149169922
4388,0.013419552706182003,0.05000000074505806,0.16104115545749664,3.8590686321258545
4389,0.015187532640993595,0.05000000074505806,0.15780875086784363,3.7920141220092773
4390,0.014360759407281876,0.05000000074505806,0.15786869823932648,3.790196418762207
4391,0.013985440135002136,0.05000000074505806,0.15622501075267792,3.756481647491455
4392,0.013103948906064034,0.05000000074505806,0.1571742445230484,3.7846813201904297
4393,0.013973075896501541,0.05000000074505806,0.15759892761707306,3.7687504291534424
4394,0.013561244122684002,0.05000000074505806,0.1595223844051361,3.822916030883789
4395,0.015266790986061096,0.05000000074505806,0.15913769602775574,3.82340669631958
4396,0.01431908831000328,0.05000000074505806,0.1579386442899704,3.778064012527466
4397,0.01298888772726059,0.05000000074505806,0.15787871181964874,3.7920138835906982
4398,0.015156019479036331,0.05000000074505806,0.16015185415744781,3.8399507999420166
4399,0.014401255175471306,0.05000000074505806,0.15665967762470245,3.775925636291504
4400,0.01410916168242693,0.05000000074505806,0.1580335795879364,3.7966911792755127
4401,0.013348580338060856,0.05000000074505806,0.15825839340686798,3.8037991523742676
4402,0.017269380390644073,0.05000000074505806,0.159532368183136,3.817823886871338
4403,0.013625603169202805,0.05000000074505806,0.15705935657024384,3.771568536758423
4404,0.014892105013132095,0.05000000074505806,0.1606614738702774,3.8439953327178955
4405,0.014435896649956703,0.05000000074505806,0.15853817760944366,3.814004421234131
4406,0.014700638130307198,0.05000000074505806,0.15725919604301453,3.7725489139556885
4407,0.01440240629017353,0.05000000074505806,0.1581284999847412,3.7975692749023438
4408,0.016229990869760513,0.05000000074505806,0.15592525899410248,3.751225233078003
4409,0.016158750280737877,0.05000000074505806,0.15840327739715576,3.80171537399292
4410,0.014995615929365158,0.05000000074505806,0.15984711050987244,3.818981647491455
4411,0.015326648019254208,0.05000000074505806,0.15644484758377075,3.7525737285614014
4412,0.014149663969874382,0.05000000074505806,0.15945743024349213,3.8162992000579834
4413,0.014353124424815178,0.05000000074505806,0.1577238142490387,3.793750047683716
4414,0.012811023741960526,0.05000000074505806,0.15723921358585358,3.781984806060791
4415,0.01650743931531906,0.05000000074505806,0.1597372144460678,3.8343751430511475
4416,0.014104492031037807,0.05000000074505806,0.1579386442899704,3.799999952316284
4417,0.014129379764199257,0.05000000074505806,0.1573091447353363,3.768627643585205
4418,0.01369510404765606,0.05000000074505806,0.158193439245224,3.7961807250976562
4419,0.014142259955406189,0.05000000074505806,0.1583683043718338,3.798039197921753
4420,0.013782060705125332,0.05000000074505806,0.16080135107040405,3.847548723220825
4421,0.01672474481165409,0.05000000074505806,0.15979717671871185,3.830439805984497
4422,0.012367146089673042,0.05000000074505806,0.15765386819839478,3.7970588207244873
4423,0.013800717890262604,0.05000000074505806,0.1584482491016388,3.8054397106170654
4424,0.015808751806616783,0.05000000074505806,0.15810352563858032,3.7905635833740234
4425,0.013243029825389385,0.05000000074505806,0.15854817628860474,3.8139703273773193
4426,0.015248563140630722,0.05000000074505806,0.15984712541103363,3.824768304824829
4427,0.014410742558538914,0.05000000074505806,0.15746401250362396,3.788970708847046
4428,0.01306599285453558,0.05000000074505806,0.15691447257995605,3.7485294342041016
4429,0.01364407129585743,0.05000000074505806,0.15952737629413605,3.8312501907348633
4430,0.013318762183189392,0.05000000074505806,0.15885792672634125,3.8159313201904297
4431,0.015438279137015343,0.05000000074505806,0.15879295766353607,3.815856695175171
4432,0.017664020881056786,0.05000000074505806,0.1570693552494049,3.771078109741211
4433,0.014644376002252102,0.05000000074505806,0.15897780656814575,3.812377691268921
4434,0.01418982818722725,0.05000000074505806,0.15785372257232666,3.787036657333374
4435,0.01328335702419281,0.05000000074505806,0.1587280035018921,3.8063721656799316
4436,0.01464943028986454,0.05000000074505806,0.15876798331737518,3.8068628311157227
4437,0.01476198062300682,0.05000000074505806,0.1581534892320633,3.7931711673736572
4438,0.014267303980886936,0.05000000074505806,0.15859314799308777,3.8109068870544434
4439,0.01562478393316269,0.05000000074505806,0.15778377652168274,3.7954862117767334
4440,0.013620126061141491,0.05000000074505806,0.15826839208602905,3.80649471282959
4441,0.015159551054239273,0.05000000074505806,0.15747901797294617,3.774509906768799
4442,0.014623960480093956,0.05000000074505806,0.159452423453331,3.8173611164093018
4443,0.014781931415200233,0.05000000074505806,0.15759891271591187,3.782965660095215
4444,0.013978840783238411,0.05000000074505806,0.15777377784252167,3.786151647567749
4445,0.01511882059276104,0.05000000074505806,0.15904277563095093,3.8138887882232666
4446,0.013956362381577492,0.05000000074505806,0.15842826664447784,3.8098037242889404
4447,0.013373540714383125,0.05000000074505806,0.15836329758167267,3.8005788326263428
4448,0.01630556210875511,0.05000000074505806,0.15713928639888763,3.781372308731079
4449,0.012616138905286789,0.05000000074505806,0.15928755700588226,3.810784101486206
4450,0.01474061794579029,0.05000000074505806,0.157014399766922,3.7700231075286865
4451,0.01358750555664301,0.05000000074505806,0.16093125939369202,3.8493874073028564
4452,0.015465562231838703,0.05000000074505806,0.15767385065555573,3.7939953804016113
4453,0.014551627449691296,0.05000000074505806,0.15928757190704346,3.8226850032806396
4454,0.016162533313035965,0.05000000074505806,0.15808355808258057,3.795588254928589
4455,0.01367968786507845,0.05000000074505806,0.15784871578216553,3.7917821407318115
4456,0.013331196270883083,0.05000000074505806,0.15650978684425354,3.765686273574829
4457,0.01354704424738884,0.05000000074505806,0.16004696488380432,3.8253676891326904
4458,0.014300432056188583,0.05000000074505806,0.15612009167671204,3.748148202896118
4459,0.013577260076999664,0.05000000074505806,0.15735411643981934,3.788480281829834
4460,0.014427261427044868,0.05000000074505806,0.1591976433992386,3.8098037242889404
4461,0.014842313714325428,0.05000000074505806,0.15865808725357056,3.8026621341705322
4462,0.015362540259957314,0.05000000074505806,0.15988707542419434,3.841421604156494
4463,0.01377776823937893,0.05000000074505806,0.1585131734609604,3.811342239379883
4464,0.015386347658932209,0.05000000074505806,0.16012190282344818,3.8482840061187744
4465,0.015087208710610867,0.05000000074505806,0.1574040651321411,3.783210515975952
4466,0.017955927178263664,0.05000000074505806,0.16039669513702393,3.8344907760620117
4467,0.013057640753686428,0.05000000074505806,0.15861311554908752,3.8073530197143555
4468,0.01320776529610157,0.05000000074505806,0.15637490153312683,3.746323585510254
4469,0.013806076720356941,0.05000000074505806,0.15918265283107758,3.8182871341705322
4470,0.014653622172772884,0.05000000074505806,0.15678955614566803,3.76568603515625
4471,0.014731747098267078,0.05000000074505806,0.15762391686439514,3.789930820465088
4472,0.013037111610174179,0.05000000074505806,0.15521082282066345,3.72965669631958
4473,0.014780471101403236,0.05000000074505806,0.15802858769893646,3.7773284912109375
4474,0.014284484088420868,0.05000000074505806,0.1589328497648239,3.8168985843658447
4475,0.014883440919220448,0.05000000074505806,0.15964728593826294,3.8327205181121826
4476,0.014217160642147064,0.05000000074505806,0.15761391818523407,3.7736520767211914
4477,0.014992959797382355,0.05000000074505806,0.1590527594089508,3.8130786418914795
4478,0.01525428518652916,0.05000000074505806,0.1592525988817215,3.8243868350982666
4479,0.0123571353033185,0.05000000074505806,0.15735912322998047,3.7924771308898926
4480,0.014387053437530994,0.05000000074505806,0.1567845642566681,3.769975185394287
4481,0.012747627682983875,0.05000000074505806,0.15860311686992645,3.7953431606292725
4482,0.01471796352416277,0.05000000074505806,0.1565047949552536,3.762152671813965
4483,0.01259252242743969,0.05000000074505806,0.15865807235240936,3.80649471282959
4484,0.013001836836338043,0.05000000074505806,0.15656474232673645,3.749999761581421
4485,0.015636054798960686,0.05000000074505806,0.1591176986694336,3.815277576446533
4486,0.015680475160479546,0.05000000074505806,0.15748900175094604,3.784313678741455
4487,0.015878256410360336,0.05000000074505806,0.15616506338119507,3.754166603088379
4488,0.012997305020689964,0.05000000074505806,0.15900780260562897,3.8212010860443115
4489,0.014786656945943832,0.05000000074505806,0.15713928639888763,3.7700982093811035
4490,0.013658695854246616,0.05000000074505806,0.15746402740478516,3.7708332538604736
4491,0.013889573514461517,0.05000000074505806,0.15999199450016022,3.8488969802856445
4492,0.014298910275101662,0.05000000074505806,0.1572142392396927,3.7647058963775635
4493,0.01460934430360794,0.05000000074505806,0.1586630791425705,3.8010411262512207
4494,0.013657711446285248,0.05000000074505806,0.15916267037391663,3.824631929397583
4495,0.014644021168351173,0.05000000074505806,0.15876299142837524,3.817361354827881
4496,0.012529658153653145,0.05000000074505806,0.156854510307312,3.767892360687256
4497,0.015025014989078045,0.05000000074505806,0.1582084447145462,3.797426462173462
4498,0.015794793143868446,0.05000000074505806,0.15800857543945312,3.784374952316284
4499,0.012902509421110153,0.05000000074505806,0.15628498792648315,3.7569849491119385
4500,0.015294528566300869,0.05000000074505806,0.15861311554908752,3.798038959503174
4501,0.013889161869883537,0.05000000074505806,0.15877798199653625,3.8072917461395264
4502,0.01535284984856844,0.05000000074505806,0.1586630791425705,3.8087007999420166
4503,0.01408152561634779,0.05000000074505806,0.157588928937912,3.790393352508545
4504,0.01333928294479847,0.05000000074505806,0.15936751663684845,3.8307597637176514
4505,0.01576647162437439,0.05000000074505806,0.15929755568504333,3.8252453804016113
4506,0.014521084725856781,0.05000000074505806,0.1604066789150238,3.837963342666626
4507,0.01495030615478754,0.05000000074505806,0.15536069869995117,3.7314953804016113
4508,0.012846427969634533,0.05000000074505806,0.15737409889698029,3.762500286102295
4509,0.014750068075954914,0.05000000074505806,0.15992705523967743,3.834606409072876
4510,0.014194080606102943,0.05000000074505806,0.15824338793754578,3.814460515975952
4511,0.01386572327464819,0.05000000074505806,0.15862810611724854,3.8059027194976807
4512,0.014200601726770401,0.05000000074505806,0.15697942674160004,3.7748775482177734
4513,0.014359384775161743,0.05000000074505806,0.16020184755325317,3.8373773097991943
4514,0.014905031770467758,0.05000000074505806,0.15725919604301453,3.77013897895813
4515,0.014157330617308617,0.05000000074505806,0.15883293747901917,3.8192405700683594
4516,0.015074973925948143,0.05000000074505806,0.15839830040931702,3.7870097160339355
4517,0.01524454727768898,0.05000000074505806,0.15916267037391663,3.825810194015503
4518,0.01406555250287056,0.05000000074505806,0.15902277827262878,3.820833206176758
4519,0.016987303271889687,0.05000000074505806,0.15711930394172668,3.774073839187622
4520,0.014389563351869583,0.05000000074505806,0.15745903551578522,3.781862735748291
4521,0.015444543212652206,0.05000000074505806,0.1578836888074875,3.795710802078247
4522,0.014746121130883694,0.05000000074505806,0.1605815440416336,3.8355326652526855
4523,0.015360087156295776,0.05000000074505806,0.15534572303295135,3.7340683937072754
4524,0.014702500775456429,0.05000000074505806,0.15971222519874573,3.8253676891326904
4525,0.012463947758078575,0.05000000074505806,0.15743404626846313,3.780787229537964
4526,0.01760096102952957,0.05000000074505806,0.1567995548248291,3.7591912746429443
4527,0.013168090023100376,0.05000000074505806,0.15806855261325836,3.803356409072876
4528,0.01305889617651701,0.05000000074505806,0.15745903551578522,3.7845590114593506
4529,0.014161789789795876,0.05000000074505806,0.15967226028442383,3.8265931606292725
4530,0.01362947653979063,0.05000000074505806,0.1590777486562729,3.8119213581085205
4531,0.014088691212236881,0.05000000074505806,0.15702438354492188,3.772303819656372
4532,0.014701573178172112,0.05000000074505806,0.15990708768367767,3.8274505138397217
4533,0.01751675270497799,0.05000000074505806,0.15807853639125824,3.792708158493042
4534,0.015599513426423073,0.05000000074505806,0.15908274054527283,3.825000286102295
4535,0.01501227542757988,0.05000000074505806,0.1582334190607071,3.8047454357147217
4536,0.01386579405516386,0.05000000074505806,0.15856815874576569,3.8138482570648193
4537,0.015106765553355217,0.05000000074505806,0.15771381556987762,3.783210515975952
4538,0.013272363692522049,0.05000000074505806,0.1586081087589264,3.798842430114746
4539,0.01358877494931221,0.05000000074505806,0.15838828682899475,3.8056371212005615
4540,0.016573291271924973,0.05000000074505806,0.1599220633506775,3.82818603515625
4541,0.014105909503996372,0.05000000074505806,0.1583283394575119,3.7989580631256104
4542,0.015064548701047897,0.05000000074505806,0.1587579846382141,3.8127450942993164
4543,0.014009786769747734,0.05000000074505806,0.1575389802455902,3.7878475189208984
4544,0.013608358800411224,0.05000000074505806,0.1573641151189804,3.789093255996704
4545,0.013358226977288723,0.05000000074505806,0.15767884254455566,3.7702205181121826
4546,0.012400969862937927,0.05000000074505806,0.15779876708984375,3.78391170501709
4547,0.01436123251914978,0.05000000074505806,0.1586380898952484,3.808946132659912
4548,0.01636834256350994,0.05000000074505806,0.15890789031982422,3.807598114013672
4549,0.014713115058839321,0.05000000074505806,0.15888789296150208,3.8177082538604736
4550,0.01621248386800289,0.05000000074505806,0.1572691798210144,3.767401695251465
4551,0.014001262374222279,0.05000000074505806,0.15875299274921417,3.8202548027038574
4552,0.013618542812764645,0.05000000074505806,0.15644483268260956,3.7599265575408936
4553,0.013741303235292435,0.05000000074505806,0.15910270810127258,3.810661554336548
4554,0.015404883772134781,0.05000000074505806,0.15914767980575562,3.819676160812378
4555,0.012999710626900196,0.05000000074505806,0.15923261642456055,3.813112735748291
4556,0.014235120266675949,0.05000000074505806,0.15983712673187256,3.8381125926971436
4557,0.012968010269105434,0.05000000074505806,0.15712429583072662,3.775115966796875
4558,0.013800299726426601,0.05000000074505806,0.1577787846326828,3.790931224822998
4559,0.012663723900914192,0.05000000074505806,0.1591726690530777,3.820370674133301
4560,0.014042014256119728,0.05000000074505806,0.1573491245508194,3.7828428745269775
4561,0.015624976716935635,0.05000000074505806,0.15880295634269714,3.8063721656799316
4562,0.014051058329641819,0.05000000074505806,0.15969225764274597,3.8244216442108154
4563,0.012862656265497208,0.05000000074505806,0.15837331116199493,3.806617498397827
4564,0.014596586115658283,0.05000000074505806,0.1594424545764923,3.8193626403808594
4565,0.014614071696996689,0.05000000074505806,0.16074639558792114,3.8530092239379883
4566,0.01371142640709877,0.05000000074505806,0.1594024896621704,3.8363966941833496
4567,0.012231258675456047,0.05000000074505806,0.15910270810127258,3.81851863861084
4568,0.013821089640259743,0.05000000074505806,0.15707434713840485,3.7797794342041016
4569,0.01273479126393795,0.05000000074505806,0.15925759077072144,3.824632167816162
4570,0.01427573524415493,0.05000000074505806,0.15802858769893646,3.773611068725586
4571,0.013016805052757263,0.05000000074505806,0.15829336643218994,3.8044116497039795
4572,0.015841897577047348,0.05000000074505806,0.15690948069095612,3.7636027336120605
4573,0.01438903994858265,0.05000000074505806,0.15703438222408295,3.7597219944000244
4574,0.01599673554301262,0.05000000074505806,0.15899279713630676,3.8253676891326904
4575,0.014681503176689148,0.05000000074505806,0.1591976284980774,3.8252313137054443
4576,0.012416403740644455,0.05000000074505806,0.15749900043010712,3.787254810333252
4577,0.015089865773916245,0.05000000074505806,0.159547358751297,3.8145835399627686
4578,0.013071590103209019,0.05000000074505806,0.15710431337356567,3.778935194015503
4579,0.014370538294315338,0.05000000074505806,0.1591326743364334,3.820220708847046
4580,0.012974509038031101,0.05000000074505806,0.15696443617343903,3.7611520290374756
4581,0.015715938061475754,0.05000000074505806,0.15838828682899475,3.7944443225860596
4582,0.014103837311267853,0.05000000074505806,0.15888789296150208,3.8147056102752686
4583,0.014080461114645004,0.05000000074505806,0.15666967630386353,3.771296262741089
4584,0.0151628153398633,0.05000000074505806,0.15471622347831726,3.72426438331604
4585,0.01445791032165289,0.05000000074505806,0.1598820984363556,3.8291664123535156
4586,0.0153804961591959,0.05000000074505806,0.1613859087228775,3.8637731075286865
4587,0.014430040493607521,0.05000000074505806,0.1600019931793213,3.8464462757110596
4588,0.013704059645533562,0.05000000074505806,0.16050660610198975,3.844730854034424
4589,0.014985225163400173,0.05000000074505806,0.15817345678806305,3.792708158493042
4590,0.013315172865986824,0.05000000074505806,0.15826839208602905,3.8072307109832764
4591,0.01445545069873333,0.05000000074505806,0.1579935997724533,3.7932870388031006
4592,0.014851557090878487,0.05000000074505806,0.15957234799861908,3.8393380641937256
4593,0.013590339571237564,0.05000000074505806,0.15744902193546295,3.772916555404663
4594,0.014247294515371323,0.05000000074505806,0.15704436600208282,3.764583110809326
4595,0.013804540038108826,0.05000000074505806,0.16038668155670166,3.842524290084839
4596,0.015962978824973106,0.05000000074505806,0.15840327739715576,3.80098032951355
4597,0.012965142726898193,0.05000000074505806,0.15818843245506287,3.7982640266418457
4598,0.014194456860423088,0.05000000074505806,0.1591177135705948,3.8194849491119385
4599,0.01519885752350092,0.05000000074505806,0.15643484890460968,3.764467239379883
4600,0.014562442898750305,0.05000000074505806,0.15759891271591187,3.783700942993164
4601,0.013615597039461136,0.05000000074505806,0.15938249230384827,3.827451229095459
4602,0.015024314634501934,0.05000000074505806,0.15751898288726807,3.776620388031006
4603,0.016410838812589645,0.05000000074505806,0.15545062720775604,3.729656934738159
4604,0.013894995674490929,0.05000000074505806,0.15945744514465332,3.813112735748291
4605,0.012770682573318481,0.05000000074505806,0.15766385197639465,3.787384271621704
4606,0.01598995551466942,0.05000000074505806,0.1588129699230194,3.8175244331359863
4607,0.012696483172476292,0.05000000074505806,0.15760891139507294,3.7894678115844727
4608,0.013185271993279457,0.05000000074505806,0.1600319743156433,3.845465898513794
4609,0.014187544584274292,0.05000000074505806,0.15826338529586792,3.797916889190674
4610,0.014725595712661743,0.05000000074505806,0.15796363353729248,3.7859952449798584
4611,0.015967432409524918,0.05000000074505806,0.15960732102394104,3.825244903564453
4612,0.01311461627483368,0.05000000074505806,0.15865308046340942,3.8024513721466064
4613,0.014404616318643093,0.05000000074505806,0.15735411643981934,3.7815968990325928
4614,0.013693653047084808,0.05000000074505806,0.1580985188484192,3.7958335876464844
4615,0.013221937231719494,0.05000000074505806,0.1585431545972824,3.8120365142822266
4616,0.015084612183272839,0.05000000074505806,0.15847821533679962,3.8104166984558105
4617,0.012928225100040436,0.05000000074505806,0.1590927243232727,3.805392026901245
4618,0.014402970671653748,0.05000000074505806,0.15712429583072662,3.7765047550201416
4619,0.015294892713427544,0.05000000074505806,0.16058653593063354,3.847548723220825
4620,0.013125834055244923,0.05000000074505806,0.15678957104682922,3.7702205181121826
4621,0.015064862556755543,0.05000000074505806,0.1593325287103653,3.820833206176758
4622,0.01552637666463852,0.05000000074505806,0.15940746665000916,3.819852828979492
4623,0.016401875764131546,0.05000000074505806,0.15918764472007751,3.8293979167938232
4624,0.01498838234692812,0.05000000074505806,0.15608513355255127,3.755392074584961
4625,0.015018148347735405,0.05000000074505806,0.1590777486562729,3.8170342445373535
4626,0.01424411404877901,0.05000000074505806,0.1605515480041504,3.8396990299224854
4627,0.012313343584537506,0.05000000074505806,0.1577787697315216,3.787989854812622
4628,0.013996274210512638,0.05000000074505806,0.15989208221435547,3.82414174079895
4629,0.013904476538300514,0.05000000074505806,0.15716427564620972,3.7773146629333496
4630,0.01428211759775877,0.05000000074505806,0.15981213748455048,3.8374996185302734
4631,0.015459143556654453,0.05000000074505806,0.15978217124938965,3.8427083492279053
4632,0.013282031752169132,0.05000000074505806,0.1597471982240677,3.842646837234497
4633,0.012990770861506462,0.05000000074505806,0.1584232747554779,3.7991418838500977
4634,0.01228288933634758,0.05000000074505806,0.16021183133125305,3.8348379135131836
4635,0.01671186089515686,0.05000000074505806,0.15908771753311157,3.813725471496582
4636,0.013413901440799236,0.05000000074505806,0.15674960613250732,3.7545342445373535
4637,0.014791078865528107,0.05000000074505806,0.15724919736385345,3.7870371341705322
4638,0.013718177564442158,0.05000000074505806,0.15914270281791687,3.8066179752349854
4639,0.013931754045188427,0.05000000074505806,0.15776878595352173,3.802083730697632
4640,0.015030947513878345,0.05000000074505806,0.1586230993270874,3.809436321258545
4641,0.014386601746082306,0.05000000074505806,0.15806356072425842,3.7935049533843994
4642,0.015980297699570656,0.05000000074505806,0.15920263528823853,3.812847375869751
4643,0.015028945170342922,0.05000000074505806,0.15688949823379517,3.770587921142578
4644,0.012692328542470932,0.05000000074505806,0.15821842849254608,3.7844364643096924
4645,0.013518844731152058,0.05000000074505806,0.15714427828788757,3.7760419845581055
4646,0.014585958793759346,0.05000000074505806,0.1591726541519165,3.817279577255249
4647,0.013382690027356148,0.05000000074505806,0.1581534892320633,3.8067128658294678
4648,0.013227265328168869,0.05000000074505806,0.1590377688407898,3.8241422176361084
4649,0.014781897887587547,0.05000000074505806,0.15991206467151642,3.8343138694763184
4650,0.013220971450209618,0.05000000074505806,0.15588028728961945,3.738657236099243
4651,0.013651391491293907,0.05000000074505806,0.1573341339826584,3.772303819656372
4652,0.013450464233756065,0.05000000074505806,0.15859311819076538,3.8098039627075195
4653,0.014100443571805954,0.05000000074505806,0.16012689471244812,3.836111068725586
4654,0.014189459383487701,0.05000000074505806,0.15731413662433624,3.7725491523742676
4655,0.01587785594165325,0.05000000074505806,0.15902277827262878,3.8256945610046387
4656,0.014728722162544727,0.05000000074505806,0.15716427564620972,3.7819857597351074
4657,0.01311250776052475,0.05000000074505806,0.15627996623516083,3.7432594299316406
4658,0.016243400052189827,0.05000000074505806,0.16060154139995575,3.8458337783813477
4659,0.014325996860861778,0.05000000074505806,0.15831832587718964,3.7970590591430664
4660,0.012338859029114246,0.05000000074505806,0.15849819779396057,3.7942402362823486
4661,0.014918945729732513,0.05000000074505806,0.15876799821853638,3.8126158714294434
4662,0.012248264625668526,0.05000000074505806,0.15892785787582397,3.8254902362823486
4663,0.01427581999450922,0.05000000074505806,0.15839828550815582,3.803009033203125
4664,0.013581601902842522,0.05000000074505806,0.15800359845161438,3.8001224994659424
4665,0.012968901544809341,0.05000000074505806,0.15873801708221436,3.805269479751587
4666,0.01435969490557909,0.05000000074505806,0.15991707146167755,3.8275463581085205
4667,0.013825859874486923,0.05000000074505806,0.16056154668331146,3.8555147647857666
4668,0.014486714266240597,0.05000000074505806,0.1587979644536972,3.807842969894409
4669,0.014231102541089058,0.05000000074505806,0.15987709164619446,3.8313655853271484
4670,0.014102879911661148,0.05000000074505806,0.15889288485050201,3.817769765853882
4671,0.013480143621563911,0.05000000074505806,0.15712930262088776,3.7810184955596924
4672,0.013393353670835495,0.05000000074505806,0.16084632277488708,3.8686275482177734
4673,0.012648242525756359,0.05000000074505806,0.15826837718486786,3.7904412746429443
4674,0.01622653752565384,0.05000000074505806,0.1589578241109848,3.814120292663574
4675,0.015033494681119919,0.05000000074505806,0.15936748683452606,3.8254902362823486
4676,0.014819695614278316,0.05000000074505806,0.16101118922233582,3.8452208042144775
4677,0.01367504708468914,0.05000000074505806,0.1572841852903366,3.788426160812378
4678,0.013485152274370193,0.05000000074505806,0.15955735743045807,3.835294008255005
4679,0.012919341214001179,0.05000000074505806,0.15833333134651184,3.8027775287628174
4680,0.01498093456029892,0.05000000074505806,0.16032174229621887,3.8572304248809814
4681,0.012944134883582592,0.05000000074505806,0.15820342302322388,3.791421413421631
4682,0.013117313385009766,0.05000000074505806,0.15852318704128265,3.8001155853271484
4683,0.014269533567130566,0.05000000074505806,0.15821343660354614,3.8026959896087646
4684,0.014371686615049839,0.05000000074505806,0.15824340283870697,3.7725491523742676
4685,0.016053151339292526,0.05000000074505806,0.15845324099063873,3.8114583492279053
4686,0.014607114717364311,0.05000000074505806,0.15982714295387268,3.843627691268921
4687,0.015002544037997723,0.05000000074505806,0.1591026932001114,3.822453737258911
4688,0.014813371933996677,0.05000000074505806,0.15941248834133148,3.830392360687256
4689,0.014509320259094238,0.05000000074505806,0.15875300765037537,3.8036766052246094
4690,0.015346020460128784,0.05000000074505806,0.15915268659591675,3.8223373889923096
4691,0.01587633416056633,0.05000000074505806,0.16080135107040405,3.8524510860443115
4692,0.012535988353192806,0.05000000074505806,0.15852318704128265,3.800980567932129
4693,0.015774259343743324,0.05000000074505806,0.15750397741794586,3.78240704536438
4694,0.014366848394274712,0.05000000074505806,0.15699440240859985,3.770587921142578
4695,0.01399125624448061,0.05000000074505806,0.15926259756088257,3.82696795463562
4696,0.012609348632395267,0.05000000074505806,0.1560901254415512,3.747058629989624
4697,0.01474723033607006,0.05000000074505806,0.15744903683662415,3.779411792755127
4698,0.013464594259858131,0.05000000074505806,0.15838828682899475,3.793055534362793
4699,0.013926037587225437,0.05000000074505806,0.1584881991147995,3.8091912269592285
4700,0.012877624481916428,0.05000000074505806,0.16128098964691162,3.858210802078247
4701,0.013262679800391197,0.05000000074505806,0.1574440449476242,3.780787229537964
4702,0.014084330759942532,0.05000000074505806,0.15841826796531677,3.8150737285614014
4703,0.01572229340672493,0.05000000074505806,0.158782958984375,3.810185194015503
4704,0.015742452815175056,0.05000000074505806,0.1583133488893509,3.814338207244873
4705,0.013242093846201897,0.05000000074505806,0.15653477609157562,3.7419116497039795
4706,0.015176699496805668,0.05000000074505806,0.15806853771209717,3.794328451156616
4707,0.012059055268764496,0.05000000074505806,0.15786869823932648,3.7741425037384033
4708,0.013138683512806892,0.05000000074505806,0.15923261642456055,3.8236517906188965
4709,0.013964593410491943,0.05000000074505806,0.15759392082691193,3.7844905853271484
4710,0.01423727348446846,0.05000000074505806,0.15838328003883362,3.811152219772339
4711,0.014328371733427048,0.05000000074505806,0.1567596048116684,3.7634260654449463
4712,0.013740524649620056,0.05000000074505806,0.15704436600208282,3.770465612411499
4713,0.013864376582205296,0.05000000074505806,0.1572691798210144,3.775244951248169
4714,0.013669350184500217,0.05000000074505806,0.16020184755325317,3.836574077606201
4715,0.014254043810069561,0.05000000074505806,0.1589728146791458,3.82267165184021
4716,0.014358991757035255,0.05000000074505806,0.15547062456607819,3.7243874073028564
4717,0.01440287847071886,0.05000000074505806,0.15796363353729248,3.7825231552124023
4718,0.014525997452437878,0.05000000074505806,0.16095124185085297,3.871936082839966
4719,0.01223392877727747,0.05000000074505806,0.15731415152549744,3.7799770832061768
4720,0.012974400073289871,0.05000000074505806,0.1579236537218094,3.794485569000244
4721,0.015431881882250309,0.05000000074505806,0.1587180197238922,3.808945894241333
4722,0.013733912259340286,0.05000000074505806,0.15703438222408295,3.7608795166015625
4723,0.01337271835654974,0.05000000074505806,0.1580985188484192,3.794485330581665
4724,0.015624377876520157,0.05000000074505806,0.16002696752548218,3.833456039428711
4725,0.013167930766940117,0.05000000074505806,0.1581534892320633,3.801388740539551
4726,0.013925880193710327,0.05000000074505806,0.1563449203968048,3.755392074584961
4727,0.015420859679579735,0.05000000074505806,0.15782873332500458,3.791435480117798
4728,0.013064855709671974,0.05000000074505806,0.15802858769893646,3.7962005138397217
4729,0.014888184145092964,0.05000000074505806,0.15909771621227264,3.8134801387786865
4730,0.012807939201593399,0.05000000074505806,0.15886789560317993,3.808333158493042
4731,0.014967118389904499,0.05000000074505806,0.15723420679569244,3.787132501602173
4732,0.014201857149600983,0.05000000074505806,0.15895286202430725,3.7966907024383545
4733,0.01633307710289955,0.05000000074505806,0.15787869691848755,3.789583444595337
4734,0.016382260248064995,0.05000000074505806,0.15949739515781403,3.824387311935425
4735,0.014865207485854626,0.05000000074505806,0.15675459802150726,3.7769672870635986
4736,0.01476198248565197,0.05000000074505806,0.15896783769130707,3.8223042488098145
4737,0.01396626140922308,0.05000000074505806,0.15959732234477997,3.8223040103912354
4738,0.0157731045037508,0.05000000074505806,0.15933753550052643,3.8280093669891357
4739,0.01352675911039114,0.05000000074505806,0.1579786241054535,3.782352924346924
4740,0.012811368331313133,0.05000000074505806,0.15862810611724854,3.804166555404663
4741,0.01356019638478756,0.05000000074505806,0.15872302651405334,3.80798602104187
4742,0.014978883787989616,0.05000000074505806,0.15892785787582397,3.824019432067871
4743,0.014325129799544811,0.05000000074505806,0.15686951577663422,3.766666889190674
4744,0.013773558661341667,0.05000000074505806,0.15791866183280945,3.798161745071411
4745,0.012809164822101593,0.05000000074505806,0.160311758518219,3.84375
4746,0.015322508290410042,0.05000000074505806,0.1606464833021164,3.8489582538604736
4747,0.014957873150706291,0.05000000074505806,0.15986211597919464,3.8301470279693604
4748,0.014871255494654179,0.05000000074505806,0.15745404362678528,3.7850492000579834
4749,0.012966223061084747,0.05000000074505806,0.15796862542629242,3.7826387882232666
4750,0.013388589024543762,0.05000000074505806,0.15912270545959473,3.827695608139038
4751,0.015115602873265743,0.05000000074505806,0.1587180346250534,3.8119213581085205
4752,0.013827301561832428,0.05000000074505806,0.1567845642566681,3.7670342922210693
4753,0.012522777542471886,0.05000000074505806,0.15802858769893646,3.7904412746429443
4754,0.013422787189483643,0.05000000074505806,0.15929755568504333,3.8184030055999756
4755,0.01601254940032959,0.05000000074505806,0.1580735445022583,3.794485092163086
4756,0.013931380584836006,0.05000000074505806,0.1603517383337021,3.840196132659912
4757,0.014750605449080467,0.05000000074505806,0.15812848508358002,3.7914350032806396
4758,0.01263069175183773,0.05000000074505806,0.16031673550605774,3.8553924560546875
4759,0.01382592972368002,0.05000000074505806,0.159067764878273,3.8236114978790283
4760,0.012287503108382225,0.05000000074505806,0.15795862674713135,3.793750286102295
4761,0.014167482033371925,0.05000000074505806,0.15950241684913635,3.8230390548706055
4762,0.012953188270330429,0.05000000074505806,0.16067145764827728,3.8525466918945312
4763,0.013840889558196068,0.05000000074505806,0.15779876708984375,3.785048484802246
4764,0.013574689626693726,0.05000000074505806,0.15973222255706787,3.8254899978637695
4765,0.013618208467960358,0.05000000074505806,0.1584082841873169,3.8042821884155273
4766,0.015021061524748802,0.05000000074505806,0.15961231291294098,3.8410537242889404
4767,0.013198604807257652,0.05000000074505806,0.15971222519874573,3.834491014480591
4768,0.013828780502080917,0.05000000074505806,0.1598171591758728,3.8379900455474854
4769,0.015996331349015236,0.05000000074505806,0.1578587144613266,3.7856616973876953
4770,0.01231425255537033,0.05000000074505806,0.15847821533679962,3.8005785942077637
4771,0.012425092980265617,0.05000000074505806,0.15858814120292664,3.8096814155578613
4772,0.013432216830551624,0.05000000074505806,0.15893785655498505,3.805759906768799
4773,0.014954954385757446,0.05000000074505806,0.15822342038154602,3.79085636138916
4774,0.013366281986236572,0.05000000074505806,0.1581684648990631,3.797426700592041
4775,0.011616379953920841,0.05000000074505806,0.15898780524730682,3.8295140266418457
4776,0.014138983562588692,0.05000000074505806,0.15720421075820923,3.777696132659912
4777,0.015529065392911434,0.05000000074505806,0.15891286730766296,3.8042893409729004
4778,0.012508438900113106,0.05000000074505806,0.15916267037391663,3.8232638835906982
4779,0.013207744807004929,0.05000000074505806,0.15835830569267273,3.7893381118774414
4780,0.015719784423708916,0.05000000074505806,0.15840327739715576,3.80637264251709
4781,0.01369728147983551,0.05000000074505806,0.15863309800624847,3.806133985519409
4782,0.014913270249962807,0.05000000074505806,0.15779876708984375,3.7870094776153564
4783,0.013696515001356602,0.05000000074505806,0.15826839208602905,3.805671453475952
4784,0.014255779795348644,0.05000000074505806,0.15843825042247772,3.8074755668640137
4785,0.013285834342241287,0.05000000074505806,0.16156575083732605,3.8873772621154785
4786,0.015171470120549202,0.05000000074505806,0.15765388309955597,3.767129421234131
4787,0.014403539709746838,0.05000000074505806,0.15747903287410736,3.7821078300476074
4788,0.013647995889186859,0.05000000074505806,0.15896283090114594,3.801225185394287
4789,0.014267436228692532,0.05000000074505806,0.15864808857440948,3.813310146331787
4790,0.013102611526846886,0.05000000074505806,0.15861810743808746,3.80306339263916
4791,0.012463238090276718,0.05000000074505806,0.1587979644536972,3.8238422870635986
4792,0.013236030004918575,0.05000000074505806,0.160231813788414,3.850489854812622
4793,0.013992446474730968,0.05000000074505806,0.16054655611515045,3.852696418762207
4794,0.01367212925106287,0.05000000074505806,0.16038668155670166,3.841435432434082
4795,0.014999596402049065,0.05000000074505806,0.15990705788135529,3.844975471496582
4796,0.014642666094005108,0.05000000074505806,0.15936250984668732,3.8170344829559326
4797,0.014683658257126808,0.05000000074505806,0.15913768112659454,3.8150460720062256
4798,0.013999287970364094,0.05000000074505806,0.15988710522651672,3.840195894241333
4799,0.016996832564473152,0.05000000074505806,0.156170055270195,3.757175922393799
4800,0.01456848531961441,0.05000000074505806,0.15823839604854584,3.8061275482177734
4801,0.013072100467979908,0.05000000074505806,0.15880295634269714,3.803431272506714
4802,0.015600757673382759,0.05000000074505806,0.15828335285186768,3.7951388359069824
4803,0.015827827155590057,0.05000000074505806,0.1573890745639801,3.7754902839660645
4804,0.01480935700237751,0.05000000074505806,0.15713928639888763,3.75612735748291
4805,0.01248004101216793,0.05000000074505806,0.15932254493236542,3.830439567565918
4806,0.013336306437849998,0.05000000074505806,0.15846821665763855,3.8067405223846436
4807,0.016540218144655228,0.05000000074505806,0.15733912587165833,3.784606456756592
4808,0.014614729210734367,0.05000000074505806,0.15743905305862427,3.78186297416687
4809,0.013489164412021637,0.05000000074505806,0.16022181510925293,3.8470585346221924
4810,0.013128632679581642,0.05000000074505806,0.15896783769130707,3.8115742206573486
4811,0.013097526505589485,0.05000000074505806,0.1597222238779068,3.8333327770233154
4812,0.014677581377327442,0.05000000074505806,0.15601518750190735,3.7377448081970215
4813,0.015142364427447319,0.05000000074505806,0.1589728146791458,3.809027671813965
4814,0.014547154307365417,0.05000000074505806,0.15649479627609253,3.7605392932891846
4815,0.013021646067500114,0.05000000074505806,0.15695442259311676,3.773148536682129
4816,0.011938163079321384,0.05000000074505806,0.15827339887619019,3.801715612411499
4817,0.013722320087254047,0.05000000074505806,0.15670964121818542,3.7676470279693604
4818,0.014271131716668606,0.05000000074505806,0.15904776751995087,3.8076388835906982
4819,0.013799969106912613,0.05000000074505806,0.15772879123687744,3.78737735748291
4820,0.013724034652113914,0.05000000074505806,0.16041165590286255,3.836519718170166
4821,0.014489958994090557,0.05000000074505806,0.15961231291294098,3.8218748569488525
4822,0.013572176918387413,0.05000000074505806,0.15884792804718018,3.822303533554077
4823,0.014307299628853798,0.05000000074505806,0.1584882140159607,3.8126158714294434
4824,0.012353133410215378,0.05000000074505806,0.1581284999847412,3.800980567932129
4825,0.014004256576299667,0.05000000074505806,0.15940746665000916,3.8205881118774414
4826,0.014371911063790321,0.05000000074505806,0.1596822589635849,3.828124761581421
4827,0.013853062875568867,0.05000000074505806,0.15798361599445343,3.790931224822998
4828,0.015834802761673927,0.05000000074505806,0.1584881991147995,3.799142360687256
4829,0.015282273292541504,0.05000000074505806,0.15717926621437073,3.769906997680664
4830,0.014132659882307053,0.05000000074505806,0.1592925637960434,3.8236517906188965
4831,0.014683205634355545,0.05000000074505806,0.1589978188276291,3.8263885974884033
4832,0.015506474301218987,0.05000000074505806,0.15825840830802917,3.809436082839966
4833,0.015433557331562042,0.05000000074505806,0.16063649952411652,3.8417890071868896
4834,0.014654506929218769,0.05000000074505806,0.15936750173568726,3.823495388031006
4835,0.014945320785045624,0.05000000074505806,0.158178448677063,3.8007352352142334
4836,0.013948559761047363,0.05000000074505806,0.158383309841156,3.8000004291534424
4837,0.012303593568503857,0.05000000074505806,0.15693943202495575,3.7598378658294678
4838,0.013595913536846638,0.05000000074505806,0.15847821533679962,3.8025736808776855
4839,0.013525838032364845,0.05000000074505806,0.15893784165382385,3.8233795166015625
4840,0.015589449554681778,0.05000000074505806,0.16096124053001404,3.870098114013672
4841,0.013550851494073868,0.05000000074505806,0.15765388309955597,3.778064012527466
4842,0.014356691390275955,0.05000000074505806,0.15958233177661896,3.827777624130249
4843,0.014254869893193245,0.05000000074505806,0.15684951841831207,3.760171413421631
4844,0.01366233266890049,0.05000000074505806,0.15657973289489746,3.746323823928833
4845,0.015374550595879555,0.05000000074505806,0.15954236686229706,3.834606409072876
4846,0.014599927701056004,0.05000000074505806,0.16049160063266754,3.850857973098755
4847,0.013134138658642769,0.05000000074505806,0.15947242081165314,3.8358798027038574
4848,0.013677752576768398,0.05000000074505806,0.15944746136665344,3.833456039428711
4849,0.017472868785262108,0.05000000074505806,0.15724918246269226,3.7682600021362305
4850,0.015535065904259682,0.05000000074505806,0.1578187346458435,3.7826387882232666
4851,0.013406973332166672,0.05000000074505806,0.1589977890253067,3.811274528503418
4852,0.013800800777971745,0.05000000074505806,0.1606614589691162,3.85330867767334
4853,0.015674343332648277,0.05000000074505806,0.15942245721817017,3.826967477798462
4854,0.014460667967796326,0.05000000074505806,0.15570542216300964,3.7473037242889404
4855,0.01355412881821394,0.05000000074505806,0.15994703769683838,3.837383985519409
4856,0.015125509351491928,0.05000000074505806,0.16042166948318481,3.8579657077789307
4857,0.012957047671079636,0.05000000074505806,0.15952737629413605,3.824632167816162
4858,0.015252052806317806,0.05000000074505806,0.15978717803955078,3.826504707336426
4859,0.013778063468635082,0.05000000074505806,0.158273383975029,3.7984066009521484
4860,0.014781275764107704,0.05000000074505806,0.15987709164619446,3.829411745071411
4861,0.015147091820836067,0.05000000074505806,0.15766386687755585,3.7906250953674316
4862,0.016139889135956764,0.05000000074505806,0.1568644940853119,3.7622549533843994
4863,0.0134988222271204,0.05000000074505806,0.15616506338119507,3.7585649490356445
4864,0.012524629011750221,0.05000000074505806,0.15753398835659027,3.784926414489746
4865,0.015410123392939568,0.05000000074505806,0.15739409625530243,3.774019241333008
4866,0.012967417947947979,0.05000000074505806,0.15996703505516052,3.830439567565918
4867,0.013926870189607143,0.05000000074505806,0.1569744199514389,3.7622547149658203
4868,0.013729660771787167,0.05000000074505806,0.15873800218105316,3.810049057006836
4869,0.013292159885168076,0.05000000074505806,0.15809352695941925,3.7954862117767334
4870,0.01316923275589943,0.05000000074505806,0.15703436732292175,3.7639708518981934
4871,0.015303848311305046,0.05000000074505806,0.160231813788414,3.8568286895751953
4872,0.01571069285273552,0.05000000074505806,0.1585681438446045,3.8140931129455566
4873,0.014839242212474346,0.05000000074505806,0.15958233177661896,3.8248775005340576
4874,0.012677686288952827,0.05000000074505806,0.15836331248283386,3.7928242683410645
4875,0.01539363618940115,0.05000000074505806,0.15973220765590668,3.830514669418335
4876,0.014751747250556946,0.05000000074505806,0.15779876708984375,3.783823251724243
4877,0.013391287997364998,0.05000000074505806,0.15704935789108276,3.7719905376434326
4878,0.014626480638980865,0.05000000074505806,0.15799860656261444,3.8036768436431885
4879,0.014771874994039536,0.05000000074505806,0.1586230993270874,3.805671453475952
4880,0.01500992476940155,0.05000000074505806,0.1572691947221756,3.7742645740509033
4881,0.014446214772760868,0.05000000074505806,0.15666966140270233,3.7642154693603516
4882,0.015416190028190613,0.05000000074505806,0.1580585539340973,3.784374713897705
4883,0.01374706532806158,0.05000000074505806,0.15853817760944366,3.805882453918457
4884,0.014339340850710869,0.05000000074505806,0.15907274186611176,3.819240093231201
4885,0.015567464753985405,0.05000000074505806,0.1609562486410141,3.8473379611968994
4886,0.013894007541239262,0.05000000074505806,0.15796363353729248,3.802818536758423
4887,0.012875666841864586,0.05000000074505806,0.15645982325077057,3.761110544204712
4888,0.01220608502626419,0.05000000074505806,0.15828837454319,3.812990188598633
4889,0.01582993008196354,0.05000000074505806,0.15909771621227264,3.808701276779175
4890,0.01735825464129448,0.05000000074505806,0.1578836888074875,3.789236068725586
4891,0.014672428369522095,0.05000000074505806,0.159452423453331,3.8165442943573
4892,0.013236292637884617,0.05000000074505806,0.15948742628097534,3.827083110809326
4893,0.016316374763846397,0.05000000074505806,0.15916265547275543,3.815277576446533
4894,0.013943638652563095,0.05000000074505806,0.15959733724594116,3.8392155170440674
4895,0.016647612676024437,0.05000000074505806,0.15899281203746796,3.819444417953491
4896,0.015297302976250648,0.05000000074505806,0.15843826532363892,3.8122546672821045
4897,0.015657121315598488,0.05000000074505806,0.15922760963439941,3.813725709915161
4898,0.014678407460451126,0.05000000074505806,0.1576988399028778,3.7844905853271484
4899,0.014359546825289726,0.05000000074505806,0.16018185019493103,3.836029291152954
4900,0.014249619096517563,0.05000000074505806,0.16021685302257538,3.8531861305236816
4901,0.014210731722414494,0.05000000074505806,0.15996702015399933,3.8261570930480957
4902,0.014915123581886292,0.05000000074505806,0.15923260152339935,3.835294246673584
4903,0.015678495168685913,0.05000000074505806,0.1572941541671753,3.77673602104187
4904,0.015694785863161087,0.05000000074505806,0.15912769734859467,3.8289215564727783
4905,0.013218510895967484,0.05000000074505806,0.15932254493236542,3.8122546672821045
4906,0.014985168352723122,0.05000000074505806,0.16030174493789673,3.84641170501709
4907,0.014201142825186253,0.05000000074505806,0.15824341773986816,3.8067400455474854
4908,0.014877762645483017,0.05000000074505806,0.15966229140758514,3.8199753761291504
4909,0.013591950759291649,0.05000000074505806,0.15639488399028778,3.7482638359069824
4910,0.014203147031366825,0.05000000074505806,0.16046161949634552,3.85318660736084
4911,0.015409879386425018,0.05000000074505806,0.15745402872562408,3.7906253337860107
4912,0.013238937593996525,0.05000000074505806,0.15853317081928253,3.8061275482177734
4913,0.014096875675022602,0.05000000074505806,0.15609511733055115,3.754166603088379
4914,0.015353602357208729,0.05000000074505806,0.1588379144668579,3.799884557723999
4915,0.01383600477129221,0.05000000074505806,0.15790368616580963,3.791543960571289
4916,0.014525876380503178,0.05000000074505806,0.15873301029205322,3.8039214611053467
4917,0.015370553359389305,0.05000000074505806,0.15947243571281433,3.825115442276001
4918,0.015372077003121376,0.05000000074505806,0.1579236537218094,3.796936273574829
4919,0.013906150124967098,0.05000000074505806,0.1579136699438095,3.7906246185302734
4920,0.013987590558826923,0.05000000074505806,0.15824340283870697,3.805760145187378
4921,0.014306113123893738,0.05000000074505806,0.1574690192937851,3.7743873596191406
4922,0.016180865466594696,0.05000000074505806,0.15766887366771698,3.7745370864868164
4923,0.01618756167590618,0.05000000074505806,0.16015687584877014,3.845465898513794
4924,0.013231014832854271,0.05000000074505806,0.15823839604854584,3.7925240993499756
4925,0.014013249427080154,0.05000000074505806,0.16034173965454102,3.8444442749023438
4926,0.013963272795081139,0.05000000074505806,0.15866805613040924,3.8133578300476074
4927,0.014016562141478062,0.05000000074505806,0.159037783741951,3.8244211673736572
4928,0.014319405891001225,0.05000000074505806,0.15781374275684357,3.794362783432007
4929,0.013608289882540703,0.05000000074505806,0.1591326892375946,3.8181371688842773
4930,0.012833495624363422,0.05000000074505806,0.15933752059936523,3.8171298503875732
4931,0.014196999371051788,0.05000000074505806,0.1578037440776825,3.783700942993164
4932,0.014605624601244926,0.05000000074505806,0.15736910700798035,3.7779409885406494
4933,0.013622170314192772,0.05000000074505806,0.16027677059173584,3.84074068069458
4934,0.013279648497700691,0.05000000074505806,0.15828336775302887,3.7949750423431396
4935,0.01441219262778759,0.05000000074505806,0.1566646546125412,3.77164363861084
4936,0.013667115941643715,0.05000000074505806,0.15833833813667297,3.807720422744751
4937,0.01405135728418827,0.05000000074505806,0.15715427696704865,3.7696077823638916
4938,0.013301501050591469,0.05000000074505806,0.15825839340686798,3.788426160812378
4939,0.014501722529530525,0.05000000074505806,0.16059650480747223,3.8568623065948486
4940,0.013292258605360985,0.05000000074505806,0.15867306292057037,3.8099262714385986
4941,0.014957712031900883,0.05000000074505806,0.15786869823932648,3.7798614501953125
4942,0.014872235246002674,0.05000000074505806,0.15865306556224823,3.8110291957855225
4943,0.014433281496167183,0.05000000074505806,0.1592525988817215,3.828935384750366
4944,0.014161715283989906,0.05000000074505806,0.15723922848701477,3.771691083908081
4945,0.014282593503594398,0.05000000074505806,0.1575789451599121,3.798774480819702
4946,0.013384568504989147,0.05000000074505806,0.1612360179424286,3.849073886871338
4947,0.012640842236578465,0.05000000074505806,0.15955735743045807,3.825857639312744
4948,0.014136499725282192,0.05000000074505806,0.15970224142074585,3.8241422176361084
4949,0.014391591772437096,0.05000000074505806,0.1575789451599121,3.788425922393799
4950,0.015113722532987595,0.05000000074505806,0.1592925637960434,3.8216912746429443
4951,0.013240966014564037,0.05000000074505806,0.1582084447145462,3.809027671813965
4952,0.01528217177838087,0.05000000074505806,0.15702937543392181,3.7802696228027344
4953,0.014876050874590874,0.05000000074505806,0.15672461688518524,3.752941131591797
4954,0.013457241468131542,0.05000000074505806,0.16015687584877014,3.838425636291504
4955,0.013517554849386215,0.05000000074505806,0.15864808857440948,3.8026959896087646
4956,0.01342373713850975,0.05000000074505806,0.15968725085258484,3.819240093231201
4957,0.013833563774824142,0.05000000074505806,0.15868805348873138,3.810879707336426
4958,0.013678861781954765,0.05000000074505806,0.15807853639125824,3.804166316986084
4959,0.01358921267092228,0.05000000074505806,0.154976025223732,3.7270829677581787
4960,0.015364089980721474,0.05000000074505806,0.16033673286437988,3.8579652309417725
4961,0.015360151417553425,0.05000000074505806,0.15649481117725372,3.748161792755127
4962,0.012623289600014687,0.05000000074505806,0.16135092079639435,3.8667829036712646
4963,0.014473200775682926,0.05000000074505806,0.1576988399028778,3.7790443897247314
4964,0.014997115358710289,0.05000000074505806,0.1599120795726776,3.8319852352142334
4965,0.014777698554098606,0.05000000074505806,0.1580735445022583,3.7959492206573486
4966,0.013904648832976818,0.05000000074505806,0.16030175983905792,3.85526967048645
4967,0.014836199581623077,0.05000000074505806,0.1583832949399948,3.8052079677581787
4968,0.013326523825526237,0.05000000074505806,0.15885791182518005,3.816053867340088
4969,0.01440546102821827,0.05000000074505806,0.16005195677280426,3.846813678741455
4970,0.014476497657597065,0.05000000074505806,0.15885791182518005,3.8011577129364014
4971,0.014652522280812263,0.05000000074505806,0.15852318704128265,3.8039214611053467
4972,0.015257416293025017,0.05000000074505806,0.15771882236003876,3.7838237285614014
4973,0.012896195985376835,0.05000000074505806,0.16105115413665771,3.8564813137054443
4974,0.015214674174785614,0.05000000074505806,0.15779374539852142,3.791053533554077
4975,0.014842488802969456,0.05000000074505806,0.15778377652168274,3.795022964477539
4976,0.01484363991767168,0.05000000074505806,0.15881794691085815,3.8212008476257324
4977,0.014952901750802994,0.05000000074505806,0.15652477741241455,3.7533087730407715
4978,0.013904934749007225,0.05000000074505806,0.16064149141311646,3.8438656330108643
4979,0.014489194378256798,0.05000000074505806,0.15877297520637512,3.8073530197143555
4980,0.013310493901371956,0.05000000074505806,0.15927259624004364,3.8182597160339355
4981,0.014600812457501888,0.05000000074505806,0.15873801708221436,3.807407855987549
4982,0.012320924550294876,0.05000000074505806,0.15864308178424835,3.818014621734619
4983,0.013713480904698372,0.05000000074505806,0.15944243967533112,3.828587532043457
4984,0.01614600047469139,0.05000000074505806,0.15919265151023865,3.8301470279693604
4985,0.014057621359825134,0.05000000074505806,0.15976718068122864,3.82745099067688
4986,0.013210155069828033,0.05000000074505806,0.15731912851333618,3.7711806297302246
4987,0.014726540073752403,0.05000000074505806,0.1579386442899704,3.797426462173462
4988,0.01319970190525055,0.05000000074505806,0.15977218747138977,3.8289215564727783
4989,0.013747001066803932,0.05000000074505806,0.1602867692708969,3.830671787261963
4990,0.013950048014521599,0.05000000074505806,0.15739908814430237,3.7881126403808594
4991,0.01337734330445528,0.05000000074505806,0.15980714559555054,3.8416666984558105
4992,0.015660280361771584,0.05000000074505806,0.15867306292057037,3.8116419315338135
4993,0.014947516843676567,0.05000000074505806,0.15909771621227264,3.814338207244873
4994,0.012093593366444111,0.05000000074505806,0.1589978188276291,3.8103010654449463
4995,0.012847908772528172,0.05000000074505806,0.15961232781410217,3.8325979709625244
4996,0.012981951236724854,0.05000000074505806,0.1575639545917511,3.7768380641937256
