iteration,elapsed_seconds,loss,epsilon,mean_turn_reward,mean_episode_return
0,2.707947484217584,0.08138450235128403,0.9996185302734375,0.1267801821231842,2.9105262756347656
1,3.1706673186272383,0.05188734829425812,0.999237060546875,0.1317157745361328,3.7400002479553223
2,3.472226668149233,0.04605819657444954,0.9988555908203125,0.14003466069698334,3.885714292526245
3,3.790964562445879,0.057826898992061615,0.99847412109375,0.1240464299917221,3.2461538314819336
4,4.1843465538695455,0.03485247865319252,0.9980926513671875,0.1160828024148941,3.047999858856201
5,4.566388021223247,0.04207613691687584,0.997711181640625,0.11856678128242493,3.046154022216797
6,4.99443871434778,0.03730377182364464,0.9973297119140625,0.12799297273159027,3.3299999237060547
7,5.348313336260617,0.033018067479133606,0.9969482421875,0.11974923312664032,3.049999952316284
8,5.6986508425325155,0.034614045172929764,0.9965667724609375,0.13033707439899445,3.3550000190734863
9,6.073270712047815,0.03829633817076683,0.996185302734375,0.11933962255716324,3.378260850906372
10,6.401567389257252,0.03270094469189644,0.9958038330078125,0.11939799785614014,2.961538553237915
11,6.716699478216469,0.0403037890791893,0.99542236328125,0.1302371621131897,4.107142925262451
12,7.048181404359639,0.031268954277038574,0.9950408935546875,0.1197916641831398,2.872000217437744
13,7.3532950496301055,0.039135221391916275,0.994659423828125,0.12645260989665985,3.2807695865631104
14,7.656875004060566,0.03667110949754715,0.9942779541015625,0.12852853536605835,3.2099997997283936
15,7.961479665711522,0.045192182064056396,0.993896484375,0.12946274876594543,3.3086960315704346
16,8.263390017673373,0.032973989844322205,0.9935150146484375,0.1356997936964035,3.9625000953674316
17,8.579637127928436,0.03063012659549713,0.993133544921875,0.11915583163499832,3.119999885559082
18,8.877753408625722,0.035969216376543045,0.9927520751953125,0.13419118523597717,3.6294116973876953
19,9.195601919665933,0.033847466111183167,0.99237060546875,0.1303776651620865,3.508695602416992
20,9.49660107679665,0.03172150254249573,0.9919891357421875,0.12299828976392746,3.257143020629883
21,9.813288520090282,0.030934132635593414,0.991607666015625,0.12772727012634277,3.10689640045166
22,10.130677339620888,0.030472075566649437,0.9912261962890625,0.12601503729820251,3.355999708175659
23,10.436264352872968,0.028068622574210167,0.9908447265625,0.1345132738351822,3.3291664123535156
24,10.762753028422594,0.02844768390059471,0.9904632568359375,0.11185494810342789,3.0821425914764404
25,11.233050586655736,0.03608284890651703,0.990081787109375,0.1333846151828766,3.0320000648498535
26,12.012040005996823,0.03787528723478317,0.9897003173828125,0.12316476553678513,3.379166841506958
27,12.350687265396118,0.03268399462103844,0.98931884765625,0.12068965286016464,3.1954545974731445
28,12.648995550349355,0.04367690160870552,0.9889373779296875,0.13033899664878845,3.187999963760376
29,12.995844973251224,0.03501671552658081,0.988555908203125,0.13836127519607544,3.944444417953491
30,13.319237097166479,0.03682350739836693,0.9881744384765625,0.1342756152153015,3.700000286102295
31,13.631636913865805,0.03459487855434418,0.98779296875,0.1276363581418991,3.4882352352142334
32,13.954530965536833,0.043114371597766876,0.9874114990234375,0.13244681060314178,3.426086664199829
33,14.74914448801428,0.039589326828718185,0.987030029296875,0.14196078479290009,3.876190185546875
34,15.1133788889274,0.03681044280529022,0.9866485595703125,0.11921875178813934,3.1576921939849854
35,15.492753458209336,0.03547976538538933,0.98626708984375,0.1342465579509735,3.4833335876464844
36,15.924043032340705,0.038102541118860245,0.9858856201171875,0.12611012160778046,3.43999981880188
37,16.921202546916902,0.034502994269132614,0.985504150390625,0.13768737018108368,3.694117784500122
38,17.26894387975335,0.040176935493946075,0.9851226806640625,0.1376865655183792,3.6500000953674316
39,17.62234052736312,0.03710414469242096,0.9847412109375,0.13490401208400726,3.7772722244262695
40,18.003794331103563,0.04594128578901291,0.9843597412109375,0.13789063692092896,3.790476083755493
41,18.526329536922276,0.03814486786723137,0.983978271484375,0.12718752026557922,3.250000238418579
42,18.940237411297858,0.04402371868491173,0.9835968017578125,0.12454818934202194,3.278947591781616
43,19.309888905845582,0.03937823697924614,0.98321533203125,0.12792937457561493,3.1407408714294434
44,19.640536041930318,0.04343482106924057,0.9828338623046875,0.12863436341285706,3.4719998836517334
45,19.97469653841108,0.0410584956407547,0.982452392578125,0.12842105329036713,3.169565200805664
46,20.371622659265995,0.04093325138092041,0.9820709228515625,0.13053174316883087,3.6086952686309814
47,20.706857439130545,0.042769189924001694,0.981689453125,0.13022847473621368,3.3458335399627686
48,21.055082326754928,0.048285987228155136,0.9813079833984375,0.14257603883743286,3.6999998092651367
49,21.360401871614158,0.043303485959768295,0.980926513671875,0.1212766021490097,3.5444445610046387
50,21.755670115351677,0.04761511832475662,0.9805450439453125,0.12647555768489838,3.115000009536743
51,22.12079410906881,0.04599972441792488,0.98016357421875,0.13044165074825287,3.58695650100708
52,22.682259093038738,0.05009528994560242,0.9797821044921875,0.1269550770521164,3.3399996757507324
53,23.142993620596826,0.03970969840884209,0.979400634765625,0.13499999046325684,3.3125
54,23.482072486542165,0.04535605013370514,0.9790191650390625,0.13114753365516663,3.6150002479553223
55,23.811234030872583,0.03460545465350151,0.9786376953125,0.1483992338180542,4.105555534362793
56,24.145947193726897,0.048944611102342606,0.9782562255859375,0.13801170885562897,3.794736862182617
57,24.45711708255112,0.05022098496556282,0.977874755859375,0.1308641880750656,3.6421051025390625
58,24.81501386873424,0.04628217965364456,0.9774932861328125,0.13625429570674896,3.5
59,25.1318873828277,0.04302389919757843,0.97711181640625,0.13370998203754425,3.582608699798584
60,25.49253073707223,0.04082587733864784,0.9767303466796875,0.13053691387176514,3.5099997520446777
61,25.820150072686374,0.03726688399910927,0.976348876953125,0.11528662592172623,2.991304397583008
62,26.155644113197923,0.044268373399972916,0.9759674072265625,0.1369817554950714,3.340909481048584
63,26.47840841859579,0.04165307804942131,0.9755859375,0.12961730360984802,3.4250001907348633
64,26.905365551821887,0.04047156125307083,0.9752044677734375,0.13636364042758942,4.029411792755127
65,27.219372160732746,0.03997519239783287,0.974822998046875,0.1316225230693817,3.6105265617370605
66,27.52634754125029,0.04296639934182167,0.9744415283203125,0.12189893424510956,3.088888645172119
67,27.83211355097592,0.04785812273621559,0.97406005859375,0.12531447410583496,3.242307424545288
68,28.29179856274277,0.0533575639128685,0.9736785888671875,0.1265273541212082,3.295999765396118
69,28.61292766407132,0.05028129741549492,0.973297119140625,0.1362318992614746,3.422222375869751
70,28.947117214091122,0.051068030297756195,0.9729156494140625,0.14451096951961517,3.6949996948242188
71,29.29523907788098,0.04760141670703888,0.9725341796875,0.12688766419887543,3.8631579875946045
72,29.614817652851343,0.05945771932601929,0.9721527099609375,0.12653060257434845,3.2347826957702637
73,29.95269866194576,0.04577159136533737,0.971771240234375,0.12986426055431366,3.1468751430511475
74,30.269208096899092,0.043672334402799606,0.9713897705078125,0.1342494785785675,3.8399999141693115
75,30.576695087365806,0.05598555877804756,0.97100830078125,0.12613826990127563,3.2833335399627686
76,30.917349584400654,0.0475725457072258,0.9706268310546875,0.12484566867351532,3.430434465408325
77,31.265793356113136,0.04786790534853935,0.970245361328125,0.12209469079971313,2.917241334915161
78,31.571330443955958,0.042738281190395355,0.9698638916015625,0.1348797082901001,3.7391304969787598
79,31.891450374387205,0.04286673292517662,0.969482421875,0.12398752570152283,3.082758903503418
80,32.19657447002828,0.040379106998443604,0.9691009521484375,0.1390990912914276,3.8999998569488525
81,32.49617736507207,0.05303460732102394,0.968719482421875,0.1365351676940918,3.5958335399627686
82,32.80959228333086,0.050122521817684174,0.9683380126953125,0.1314401626586914,3.481250047683716
83,33.14498841762543,0.04337889328598976,0.96795654296875,0.13327495753765106,3.5416667461395264
84,33.602490328252316,0.04969198256731033,0.9675750732421875,0.13165737688541412,3.75
85,33.94087905809283,0.06071058288216591,0.967193603515625,0.12861788272857666,3.395833730697632
86,34.251157498918474,0.04451584815979004,0.9668121337890625,0.13612565398216248,3.5
87,34.54829014930874,0.05292266234755516,0.9664306640625,0.12661290168762207,3.260714054107666
88,34.90547449607402,0.0391751267015934,0.9660491943359375,0.1225460022687912,3.0266668796539307
89,35.29241455439478,0.050056274980306625,0.965667724609375,0.1456678807735443,3.9526314735412598
90,35.59276982396841,0.046251025050878525,0.9652862548828125,0.12918740510940552,3.4666669368743896
91,35.8982381913811,0.048130542039871216,0.96490478515625,0.12765273451805115,3.315999746322632
92,36.22378055471927,0.047702476382255554,0.9645233154296875,0.1291729211807251,3.299999952316284
93,36.55663758330047,0.04916242137551308,0.964141845703125,0.13515901565551758,3.5352940559387207
94,36.892963900230825,0.05199534818530083,0.9637603759765625,0.12329450994729996,3.208695411682129
95,37.19305640179664,0.05474986135959625,0.96337890625,0.12722772359848022,3.491304397583008
96,37.508520879782736,0.05107372999191284,0.9629974365234375,0.12925618886947632,3.2076923847198486
97,37.835372099652886,0.05163228139281273,0.962615966796875,0.13105924427509308,3.338095188140869
98,38.14615570940077,0.04987630248069763,0.9622344970703125,0.12863925099372864,3.411538600921631
99,38.47269152291119,0.05193781480193138,0.96185302734375,0.13629892468452454,3.504999876022339
100,38.90989038255066,0.048047568649053574,0.9614715576171875,0.13233831524848938,3.4600000381469727
101,39.223613794893026,0.04767685383558273,0.961090087890625,0.12874354422092438,3.5099997520446777
102,39.63765776716173,0.04284866526722908,0.9607086181640625,0.13305509090423584,3.200000047683716
103,39.99414962157607,0.06392032653093338,0.9603271484375,0.12557755410671234,3.622727155685425
104,40.30815498903394,0.043651655316352844,0.9599456787109375,0.12468749284744263,3.174074172973633
105,40.609168473631144,0.039950426667928696,0.959564208984375,0.13213644921779633,3.263636589050293
106,40.98421232495457,0.048510536551475525,0.9591827392578125,0.1334967315196991,3.4863638877868652
107,41.29738977458328,0.04544359818100929,0.95880126953125,0.12147542089223862,3.2923076152801514
108,41.60506440792233,0.047800302505493164,0.9584197998046875,0.1361313909292221,3.4380950927734375
109,41.93648163229227,0.05712041258811951,0.958038330078125,0.12838499248027802,3.6999998092651367
110,42.29344748519361,0.05559946969151497,0.9576568603515625,0.1232415959239006,3.0714282989501953
111,42.60096783563495,0.05100960657000542,0.957275390625,0.1320069283246994,3.4958336353302
112,42.92735465802252,0.05098441243171692,0.9568939208984375,0.12030456960201263,3.299999952316284
113,43.353370550088584,0.05020438879728317,0.956512451171875,0.12578125298023224,3.0239999294281006
114,43.70330517459661,0.041883982717990875,0.9561309814453125,0.13059701025485992,3.5863637924194336
115,44.17130766995251,0.04935953766107559,0.95574951171875,0.12412523478269577,3.484210252761841
116,44.519033052027225,0.04749685153365135,0.9553680419921875,0.1314946562051773,3.3000001907348633
117,44.87604277767241,0.05058452859520912,0.954986572265625,0.1325278878211975,3.6631577014923096
118,45.23380551021546,0.050978414714336395,0.9546051025390625,0.13636364042758942,3.761904716491699
119,45.584015814587474,0.052713166922330856,0.9542236328125,0.12841945886611938,3.200000047683716
120,45.903741548769176,0.04638492688536644,0.9538421630859375,0.12939001619815826,3.4043478965759277
121,46.207633080892265,0.0419185645878315,0.953460693359375,0.14282867312431335,3.866666555404663
122,46.527416124008596,0.04983285814523697,0.9530792236328125,0.1461893767118454,4.569999694824219
123,46.88517443835735,0.04856162890791893,0.95269775390625,0.14451219141483307,4.110526084899902
124,47.192734262906015,0.048093441873788834,0.9523162841796875,0.12728938460350037,3.429999589920044
125,47.5539277382195,0.055969130247831345,0.951934814453125,0.12980225682258606,3.17037034034729
126,47.89335996285081,0.04953114315867424,0.9515533447265625,0.12205207347869873,3.288888931274414
127,48.21480527240783,0.053601302206516266,0.951171875,0.14350391924381256,3.483333110809326
128,48.535123106092215,0.05802880972623825,0.9507904052734375,0.13622449338436127,3.6869566440582275
129,48.892421127296984,0.04998317360877991,0.950408935546875,0.1218181774020195,3.186363935470581
130,49.206620081327856,0.05065128207206726,0.9500274658203125,0.14162063598632812,4.150000095367432
131,49.527107265777886,0.050405751913785934,0.94964599609375,0.1305743306875229,3.261538505554199
132,49.85903328284621,0.04980788379907608,0.9492645263671875,0.13439716398715973,3.776470899581909
133,50.17666691727936,0.048806700855493546,0.948883056640625,0.13383838534355164,3.4952380657196045
134,50.53675815463066,0.05592041835188866,0.9485015869140625,0.13165830075740814,3.3374998569488525
135,50.87458446063101,0.05696842819452286,0.9481201171875,0.13294348120689392,3.914285659790039
136,51.19383287243545,0.045577339828014374,0.9477386474609375,0.13625632226467133,3.3863632678985596
137,51.52917449269444,0.051880255341529846,0.947357177734375,0.13278144598007202,3.495999813079834
138,51.98823255766183,0.04657910764217377,0.9469757080078125,0.1270226538181305,3.4047622680664062
139,52.3058240422979,0.054311398416757584,0.94659423828125,0.12416357547044754,3.494736909866333
140,52.616330184973776,0.05524348467588425,0.9462127685546875,0.12907692790031433,3.125
141,52.94813732802868,0.057029616087675095,0.945831298828125,0.1272321492433548,3.4599997997283936
142,53.265183850191534,0.0516882985830307,0.9454498291015625,0.13565216958522797,3.2923078536987305
143,53.606039710342884,0.044341202825307846,0.945068359375,0.12407108396291733,3.3499999046325684
144,53.97012089099735,0.04446481913328171,0.9446868896484375,0.11248049885034561,3.063999652862549
145,54.34254623576999,0.056194886565208435,0.944305419921875,0.14596155285835266,3.547826051712036
146,54.71962597128004,0.05864108353853226,0.9439239501953125,0.13685186207294464,3.946666717529297
147,55.096759607084095,0.046431876718997955,0.94354248046875,0.11970683932304382,3.3374998569488525
148,55.52078515291214,0.047636136412620544,0.9431610107421875,0.125,3.023529529571533
149,55.8603743147105,0.05048481374979019,0.942779541015625,0.1329391896724701,3.2249999046325684
150,56.23068468552083,0.04604313150048256,0.9423980712890625,0.12996941804885864,3.4000000953674316
151,56.609990985132754,0.05144066736102104,0.9420166015625,0.13545966148376465,3.7200000286102295
152,57.04259749315679,0.04468522220849991,0.9416351318359375,0.13294313848018646,3.4583332538604736
153,57.34269161708653,0.04296327754855156,0.941253662109375,0.13238731026649475,3.3391306400299072
154,57.73544936813414,0.047102343291044235,0.9408721923828125,0.13695652782917023,3.6499998569488525
155,58.0495059909299,0.042171113193035126,0.94049072265625,0.1243506446480751,3.3999998569488525
156,58.45899033173919,0.042693063616752625,0.9401092529296875,0.12104478478431702,3.0320000648498535
157,58.80478311609477,0.04387350752949715,0.939727783203125,0.1343853771686554,3.4041664600372314
158,59.29325974639505,0.043007466942071915,0.9393463134765625,0.12342767417430878,3.0439999103546143
159,59.604565783403814,0.04703005030751228,0.93896484375,0.14077046513557434,3.747825860977173
160,59.93351626675576,0.05132966488599777,0.9385833740234375,0.11910828202962875,3.1370370388031006
161,60.408005179837346,0.04546981677412987,0.938201904296875,0.12813454866409302,3.2391300201416016
162,60.747973640449345,0.05840637534856796,0.9378204345703125,0.13693693280220032,3.4909093379974365
163,61.07964074704796,0.04691397398710251,0.93743896484375,0.12545454502105713,3.4454543590545654
164,61.3858882188797,0.046535082161426544,0.9370574951171875,0.1269230842590332,3.291304588317871
165,61.689146232791245,0.042442627251148224,0.936676025390625,0.12691029906272888,3.433333158493042
166,61.99164284393191,0.04571989178657532,0.9362945556640625,0.13339130580425262,3.3818178176879883
167,62.29909239243716,0.04121962562203407,0.9359130859375,0.12816691398620605,3.380000352859497
168,62.60028354357928,0.050115883350372314,0.9355316162109375,0.12756410241127014,3.256521701812744
169,62.903644100762904,0.05620137229561806,0.935150146484375,0.12919580936431885,3.366666793823242
170,63.208309759385884,0.040683235973119736,0.9347686767578125,0.13982300460338593,3.7608695030212402
171,63.52712334692478,0.048683784902095795,0.93438720703125,0.14456722140312195,3.7849998474121094
172,63.828353902325034,0.0481661781668663,0.9340057373046875,0.12999999523162842,3.5681815147399902
173,64.17113706003875,0.04901657998561859,0.933624267578125,0.13291367888450623,3.5117645263671875
174,64.47629613243043,0.04947633668780327,0.9332427978515625,0.12390978634357452,3.2347826957702637
175,64.86054177116603,0.048128869384527206,0.932861328125,0.12344721704721451,3.3307690620422363
176,65.22997734602541,0.04279254004359245,0.9324798583984375,0.13713356852531433,3.2076923847198486
177,66.0445679910481,0.05531772971153259,0.932098388671875,0.13115043938159943,3.795651912689209
178,66.3904718356207,0.03898811712861061,0.9317169189453125,0.14575645327568054,3.629999876022339
179,66.70498227793723,0.0389682911336422,0.93133544921875,0.13939394056797028,3.9315788745880127
180,67.01539490371943,0.04914051666855812,0.9309539794921875,0.12639594078063965,3.429166793823242
181,67.48545852024108,0.04310626536607742,0.930572509765625,0.13201439380645752,3.414285898208618
182,67.82330792024732,0.051373012363910675,0.9301910400390625,0.13098105788230896,3.490476369857788
183,68.28724505007267,0.04903120920062065,0.9298095703125,0.13483333587646484,3.6521739959716797
184,68.62702444195747,0.048846419900655746,0.9294281005859375,0.12568148970603943,3.1571431159973145
185,68.94297332782298,0.04374692216515541,0.929046630859375,0.11980359256267548,3.043478012084961
186,69.26801930181682,0.0445038340985775,0.9286651611328125,0.13730834424495697,3.431999921798706
187,69.6951466370374,0.052364930510520935,0.92828369140625,0.13388705253601074,3.5299999713897705
188,70.01229501329362,0.042325809597969055,0.9279022216796875,0.12193958461284637,3.3239996433258057
189,70.31965886894614,0.04633063077926636,0.927520751953125,0.12468469142913818,3.338095188140869
190,70.62529756780714,0.04995222017168999,0.9271392822265625,0.12295839190483093,3.2160000801086426
191,70.94131400063634,0.043219052255153656,0.9267578125,0.12848392128944397,3.2357141971588135
192,71.2471241755411,0.04278403893113136,0.9263763427734375,0.13510850071907043,3.470588207244873
193,71.5517614800483,0.042176757007837296,0.925994873046875,0.12214532494544983,3.5238091945648193
194,71.85915854666382,0.043457288295030594,0.9256134033203125,0.13020478188991547,3.2759997844696045
195,72.16469838004559,0.047602422535419464,0.92523193359375,0.14556962251663208,4.4285712242126465
196,72.47169375699013,0.041283752769231796,0.9248504638671875,0.13669724762439728,3.4240002632141113
197,72.77546559367329,0.04441762715578079,0.924468994140625,0.12910568714141846,3.4043478965759277
198,73.10179291293025,0.04797884076833725,0.9240875244140625,0.12486086040735245,3.316666841506958
199,73.42785589303821,0.04747539758682251,0.9237060546875,0.14694735407829285,3.994736909866333
200,73.75379012804478,0.04929332435131073,0.9233245849609375,0.13296501338481903,3.549999952316284
201,74.13929304573685,0.05162396281957626,0.922943115234375,0.13446055352687836,3.604762077331543
202,74.46325142215937,0.04712598770856857,0.9225616455078125,0.12820513546466827,3.1961538791656494
203,74.76796344760805,0.053746048361063004,0.92218017578125,0.12257575988769531,3.2192306518554688
204,75.08506122790277,0.04052821546792984,0.9217987060546875,0.1210755854845047,3.0875003337860107
205,75.3871816182509,0.04308535158634186,0.921417236328125,0.12199312448501587,3.0230772495269775
206,75.68942424934357,0.046862535178661346,0.9210357666015625,0.12587645649909973,3.465217351913452
207,76.03844510298222,0.04507084935903549,0.920654296875,0.1307947039604187,3.5047619342803955
208,76.35555146913975,0.04656948894262314,0.9202728271484375,0.1311909258365631,3.376190185546875
209,76.66906037554145,0.04900575801730156,0.919891357421875,0.14035433530807495,3.757143020629883
210,77.01152258459479,0.041851188987493515,0.9195098876953125,0.13218806684017181,3.6368424892425537
211,77.3071707347408,0.03930068388581276,0.91912841796875,0.13905580341815948,3.819999933242798
212,77.62520949635655,0.04628674313426018,0.9187469482421875,0.13631756603717804,3.6695656776428223
213,77.9388472372666,0.05003946274518967,0.918365478515625,0.12839286029338837,3.3047618865966797
214,78.24556123185903,0.043175701051950455,0.9179840087890625,0.13327814638614655,3.4639999866485596
215,78.55297347903252,0.045584507286548615,0.9176025390625,0.14407408237457275,3.804999828338623
216,78.8547527026385,0.04245372116565704,0.9172210693359375,0.1262090504169464,3.374999761581421
217,79.16684654075652,0.041432593017816544,0.916839599609375,0.1326625496149063,3.381481647491455
218,79.49361393321306,0.04365914687514305,0.9164581298828125,0.13855421543121338,3.6624999046325684
219,79.82201500795782,0.04178600013256073,0.91607666015625,0.1331125795841217,3.549999952316284
220,80.15909607429057,0.046509750187397,0.9156951904296875,0.13382594287395477,3.4666664600372314
221,80.47244355361909,0.043608274310827255,0.915313720703125,0.12272024154663086,3.261538505554199
222,81.31410622224212,0.052588146179914474,0.9149322509765625,0.13832807540893555,3.5526316165924072
223,81.70864839013666,0.04072275012731552,0.91455078125,0.130032479763031,3.419999599456787
224,82.0463989218697,0.044348567724227905,0.9141693115234375,0.13193278014659882,3.512000322341919
225,82.3721059570089,0.04630153253674507,0.913787841796875,0.13469749689102173,3.6349997520446777
226,82.68715678341687,0.04570341110229492,0.9134063720703125,0.1317157745361328,3.3263158798217773
227,83.00353765487671,0.04267486184835434,0.91302490234375,0.12554623186588287,3.4347829818725586
228,83.31327950116247,0.046126581728458405,0.9126434326171875,0.12799422442913055,3.3222219944000244
229,83.62965972255915,0.03941040113568306,0.912261962890625,0.1349911242723465,3.192307710647583
230,83.93802297022194,0.04739531874656677,0.9118804931640625,0.13557521998882294,3.5695650577545166
231,84.34123271424323,0.0419941283762455,0.9114990234375,0.1311270147562027,3.5849997997283936
232,84.66382790915668,0.048807960003614426,0.9111175537109375,0.13363471627235413,3.6449997425079346
233,84.96640607621521,0.03482288867235184,0.910736083984375,0.14594058692455292,4.0333333015441895
234,85.29245993774384,0.0446656234562397,0.9103546142578125,0.12898975610733032,3.6476190090179443
235,85.72832436207682,0.04602881148457527,0.90997314453125,0.12003082036972046,2.9000000953674316
236,86.6437576636672,0.043272726237773895,0.9095916748046875,0.14480285346508026,3.633333206176758
237,86.98339471593499,0.04498075321316719,0.909210205078125,0.13828381896018982,3.8043477535247803
238,87.30856665037572,0.03981498256325722,0.9088287353515625,0.13073928654193878,3.6235289573669434
239,87.64531242940575,0.038501713424921036,0.908447265625,0.13620387017726898,4.0
240,88.00216824281961,0.04776795208454132,0.9080657958984375,0.1345733106136322,3.376190185546875
241,88.30534648615867,0.04470600187778473,0.907684326171875,0.1317073106765747,3.6449999809265137
242,88.65916045289487,0.045443933457136154,0.9073028564453125,0.1310177743434906,3.296154022216797
243,89.00087738316506,0.04586172103881836,0.90692138671875,0.1298045665025711,3.2260868549346924
244,89.30833990406245,0.04092664271593094,0.9065399169921875,0.12115942686796188,3.1999995708465576
245,89.66912162862718,0.044728949666023254,0.906158447265625,0.13896551728248596,3.633333206176758
246,90.01017545443028,0.04458755627274513,0.9057769775390625,0.12460064142942429,3.21052622795105
247,90.36264389473945,0.04675393924117088,0.9053955078125,0.14003905653953552,3.8238093852996826
248,90.78880102280527,0.04341461881995201,0.9050140380859375,0.12664474546909332,3.1913039684295654
249,91.14347439724952,0.044547975063323975,0.904632568359375,0.13984063267707825,3.7619051933288574
250,91.46898343786597,0.046161942183971405,0.9042510986328125,0.13322368264198303,3.4083335399627686
251,91.89451718796045,0.04138036072254181,0.90386962890625,0.13592399656772614,3.5473685264587402
252,92.37765802722424,0.04915919527411461,0.9034881591796875,0.14394214749336243,3.984210729598999
253,92.73889936320484,0.04566086083650589,0.903106689453125,0.14176028966903687,3.8421051502227783
254,93.04155861306936,0.04252069443464279,0.9027252197265625,0.12800632417201996,3.256666660308838
255,93.38711207453161,0.043263211846351624,0.90234375,0.136428564786911,3.794736862182617
256,94.02929125539958,0.04387602582573891,0.9019622802734375,0.14898373186588287,3.862499952316284
257,94.38734802324325,0.04465270787477493,0.901580810546875,0.13411371409893036,3.7347824573516846
258,94.71525433193892,0.04210095480084419,0.9011993408203125,0.1290372759103775,3.3500001430511475
259,95.08513969928026,0.03966042771935463,0.90081787109375,0.13295455276966095,3.5239999294281006
260,95.54326536878943,0.0403737798333168,0.9004364013671875,0.1390681117773056,3.5619049072265625
261,95.86808025557548,0.04495670273900032,0.900054931640625,0.14060720801353455,3.6299996376037598
262,96.19784620311111,0.04533502832055092,0.8996734619140625,0.1434163749217987,4.1823530197143555
263,96.52809179015458,0.04584692046046257,0.8992919921875,0.1345117688179016,3.408695697784424
264,96.84697336610407,0.04543454572558403,0.8989105224609375,0.12873563170433044,3.447999954223633
265,97.1560047082603,0.04211515560746193,0.898529052734375,0.13229329884052277,3.419999599456787
266,97.47487832885236,0.04622379690408707,0.8981475830078125,0.1321428418159485,3.2749998569488525
267,97.79607998672873,0.04870894178748131,0.89776611328125,0.13671128451824188,3.8052632808685303
268,98.12564050592482,0.03724125400185585,0.8973846435546875,0.12689770758152008,3.196000099182129
269,98.45416125841439,0.05234166607260704,0.897003173828125,0.1348031461238861,3.5480000972747803
270,98.87481189519167,0.05080591142177582,0.8966217041015625,0.12516556680202484,3.4095242023468018
271,99.29376503825188,0.044752802699804306,0.896240234375,0.13333334028720856,3.3199996948242188
272,99.65365108754486,0.04185442253947258,0.8958587646484375,0.14118853211402893,3.7562499046325684
273,99.98945247102529,0.04430597275495529,0.895477294921875,0.1417989432811737,3.972727060317993
274,100.32949153333902,0.03997180983424187,0.8950958251953125,0.13424907624721527,3.8999996185302734
275,100.69810249935836,0.043960798531770706,0.89471435546875,0.127441868185997,3.2851850986480713
276,101.03435759060085,0.04673021659255028,0.8943328857421875,0.13469387590885162,3.4318182468414307
277,101.36111341137439,0.03464271500706673,0.893951416015625,0.12346090376377106,3.2749998569488525
278,101.70039987936616,0.0422486737370491,0.8935699462890625,0.14489051699638367,3.4526314735412598
279,102.00310389418155,0.04492167383432388,0.8931884765625,0.1287234127521515,3.508333206176758
280,102.30799311585724,0.04388783872127533,0.8928070068359375,0.1460992991924286,3.5833330154418945
281,102.62774163298309,0.04095359146595001,0.892425537109375,0.13079777359962463,3.752380847930908
282,102.92922913469374,0.04186754673719406,0.8920440673828125,0.14055554568767548,3.7555553913116455
283,103.23063069488853,0.04363473877310753,0.89166259765625,0.13808725774288177,3.5239999294281006
284,103.57516487594694,0.049997854977846146,0.8912811279296875,0.13457249104976654,3.8181815147399902
285,103.9053900539875,0.04323013126850128,0.890899658203125,0.138432115316391,3.472222328186035
286,104.22170341853052,0.04576843976974487,0.8905181884765625,0.13179297745227814,3.9578945636749268
287,104.52693240344524,0.03802933916449547,0.89013671875,0.13491028547286987,3.3521738052368164
288,104.84088998381048,0.041494958102703094,0.8897552490234375,0.1300330013036728,3.2727272510528564
289,105.1855494864285,0.04070592299103737,0.889373779296875,0.13404256105422974,3.495999813079834
290,105.52109921444207,0.04494592919945717,0.8889923095703125,0.13148479163646698,3.582608461380005
291,105.88787498883903,0.041025228798389435,0.88861083984375,0.12715654075145721,3.1952383518218994
292,106.23848944157362,0.04022013023495674,0.8882293701171875,0.13684210181236267,3.7666666507720947
293,106.5684435479343,0.038529619574546814,0.887847900390625,0.12743902206420898,3.151613235473633
294,106.88541614077985,0.04786470904946327,0.8874664306640625,0.14451752603054047,4.058333396911621
295,107.21332789212465,0.03850410878658295,0.8870849609375,0.13848857581615448,3.8809523582458496
296,107.53068848792464,0.048499561846256256,0.8867034912109375,0.14055117964744568,3.9157891273498535
297,107.8373950291425,0.04658113420009613,0.886322021484375,0.14763571321964264,3.859999895095825
298,108.14589052740484,0.04363762214779854,0.8859405517578125,0.13230518996715546,3.6434783935546875
299,108.47240840829909,0.045532502233982086,0.88555908203125,0.12887538969516754,3.2387096881866455
300,108.80516205262393,0.03652183711528778,0.8851776123046875,0.14049430191516876,3.828571319580078
301,109.34351700823754,0.03784259781241417,0.884796142578125,0.1333945095539093,3.919999599456787
302,109.70240982156247,0.04073698818683624,0.8844146728515625,0.13201755285263062,3.1392855644226074
303,110.08227611612529,0.04786184802651405,0.884033203125,0.12396825104951859,3.3499999046325684
304,110.42163489293307,0.03860984742641449,0.8836517333984375,0.12696969509124756,3.277777671813965
305,110.75482438411564,0.04077517241239548,0.883270263671875,0.12854938209056854,3.299999952316284
306,111.10642905998975,0.041932977735996246,0.8828887939453125,0.12990033626556396,3.128000259399414
307,111.47095219325274,0.04543391242623329,0.88250732421875,0.13614651560783386,3.8818178176879883
308,111.80706291086972,0.03734476491808891,0.8821258544921875,0.12195891886949539,2.992307424545288
309,112.16337990853935,0.04619936645030975,0.881744384765625,0.12890996038913727,3.495651960372925
310,112.51524171419442,0.04878007248044014,0.8813629150390625,0.12349303811788559,3.1777775287628174
311,112.82109407801181,0.047041330486536026,0.8809814453125,0.13140375912189484,3.2749998569488525
312,113.1266328888014,0.04521523416042328,0.8805999755859375,0.12454395741224289,3.218181848526001
313,113.46724950708449,0.043511584401130676,0.880218505859375,0.1444256752729416,3.7083332538604736
314,113.77244212199003,0.043119270354509354,0.8798370361328125,0.12751677632331848,3.3363637924194336
315,114.1648806836456,0.0462658517062664,0.87945556640625,0.13222749531269073,3.4347829818725586
316,114.47109561413527,0.0442168153822422,0.8790740966796875,0.14259566366672516,3.629166603088379
317,114.77572656609118,0.04199659079313278,0.878692626953125,0.14280441403388977,3.8636362552642822
318,115.56827970035374,0.042445093393325806,0.8783111572265625,0.12831999361515045,3.3499999046325684
319,115.89014086592942,0.04162055253982544,0.8779296875,0.1319715827703476,3.4571425914764404
320,116.21748404856771,0.04682830348610878,0.8775482177734375,0.12183907628059387,3.2846150398254395
321,116.53247692622244,0.04950980469584465,0.877166748046875,0.14717315137386322,3.923809289932251
322,116.86179315391928,0.03504585102200508,0.8767852783203125,0.12486957013607025,3.5523808002471924
323,117.18605583626777,0.0393376387655735,0.87640380859375,0.12876303493976593,3.1107141971588135
324,118.09666199143976,0.041371796280145645,0.8760223388671875,0.13405941426753998,3.6473681926727295
325,118.44644849654287,0.042177196592092514,0.875640869140625,0.13634686172008514,3.945000171661377
326,118.78936951700598,0.043094370514154434,0.8752593994140625,0.1274961680173874,3.0785715579986572
327,119.11515192687511,0.041087787598371506,0.8748779296875,0.14424379169940948,4.290909290313721
328,119.42069933377206,0.04645625874400139,0.8744964599609375,0.12837210297584534,3.5074071884155273
329,119.7453543478623,0.0437801219522953,0.874114990234375,0.1421286016702652,3.9866669178009033
330,120.13030265178531,0.04311037063598633,0.8737335205078125,0.1263071894645691,3.261904716491699
331,120.52914951462299,0.044358231127262115,0.87335205078125,0.14115522801876068,3.665217161178589
332,120.89652366191149,0.03562670201063156,0.8729705810546875,0.13588784635066986,3.9285709857940674
333,121.24023313540965,0.04072896018624306,0.872589111328125,0.12929104268550873,3.261904716491699
334,121.54650938138366,0.04349612817168236,0.8722076416015625,0.1340000033378601,3.6700000762939453
335,121.8650910295546,0.0375518761575222,0.871826171875,0.13829787075519562,3.385714292526245
336,122.24798447452486,0.037722133100032806,0.8714447021484375,0.14175823330879211,4.211764812469482
337,122.60559302661568,0.03781430423259735,0.871063232421875,0.14229507744312286,3.754166841506958
338,122.92786067258567,0.0395992249250412,0.8706817626953125,0.1228279396891594,3.2624998092651367
339,123.2475312128663,0.03647848218679428,0.87030029296875,0.1467532515525818,4.03000020980835
340,123.59744418878108,0.04107343778014183,0.8699188232421875,0.12883642315864563,3.4166667461395264
341,123.9129768460989,0.041849467903375626,0.869537353515625,0.12649701535701752,3.174074172973633
342,124.23005832452327,0.036595672369003296,0.8691558837890625,0.13406193256378174,3.4749996662139893
343,124.63460147101432,0.03612109273672104,0.8687744140625,0.1366894245147705,3.7833337783813477
344,125.05965465772897,0.03306098282337189,0.8683929443359375,0.11703599989414215,3.024242401123047
345,125.38355369213969,0.04436781257390976,0.868011474609375,0.1368737518787384,3.816666603088379
346,125.68979233596474,0.03759817034006119,0.8676300048828125,0.13666121661663055,3.51200008392334
347,126.00449586473405,0.04199832305312157,0.86724853515625,0.13350969552993774,3.6434781551361084
348,126.35420936439186,0.04390343278646469,0.8668670654296875,0.13530534505844116,3.394444465637207
349,126.67237086687237,0.04088539630174637,0.866485595703125,0.1265060305595398,3.366666078567505
350,127.00780891254544,0.03874613344669342,0.8661041259765625,0.13523809611797333,3.3851852416992188
351,127.32727171108127,0.04447676241397858,0.86572265625,0.13644859194755554,3.7705881595611572
352,127.70688156876713,0.04252859950065613,0.8653411865234375,0.13497687876224518,3.3884615898132324
353,128.00915991701186,0.03984387591481209,0.864959716796875,0.12951333820819855,3.431999921798706
354,128.31095615401864,0.03957558050751686,0.8645782470703125,0.12491962313652039,3.1565215587615967
355,128.6160859586671,0.04246807470917702,0.86419677734375,0.13563217222690582,3.5
356,128.92370762303472,0.042627524584531784,0.8638153076171875,0.1330404281616211,3.754999876022339
357,129.252839371562,0.04415331408381462,0.863433837890625,0.1402597427368164,3.637500047683716
358,129.58566677570343,0.034789446741342545,0.8630523681640625,0.1363806128501892,3.6700000762939453
359,130.02844014577568,0.04126441851258278,0.8626708984375,0.14028629660606384,4.087499618530273
360,130.41851842030883,0.036441873759031296,0.8622894287109375,0.14275741577148438,3.536363363265991
361,130.75850608944893,0.04023442789912224,0.861907958984375,0.14111776649951935,3.9380950927734375
362,131.10255028493702,0.042475417256355286,0.8615264892578125,0.1379188746213913,3.8611111640930176
363,131.4435847653076,0.043437547981739044,0.86114501953125,0.14045369625091553,3.7750000953674316
364,131.96668277028948,0.040700409561395645,0.8607635498046875,0.14121094346046448,3.8368418216705322
365,132.34086871054024,0.041590616106987,0.860382080078125,0.1286163628101349,3.422727108001709
366,132.77578846458346,0.041951581835746765,0.8600006103515625,0.13491524755954742,3.6739134788513184
367,133.09365328680724,0.04058995097875595,0.859619140625,0.1355486959218979,3.404545545578003
368,133.41048050578684,0.0375528447329998,0.8592376708984375,0.12020056694746017,3.079310417175293
369,133.8178615923971,0.041662078350782394,0.858856201171875,0.14099378883838654,3.341379165649414
370,134.1626130277291,0.036270081996917725,0.8584747314453125,0.14120084047317505,4.0176472663879395
371,134.54352369811386,0.04100830480456352,0.85809326171875,0.13429054617881775,3.5333333015441895
372,134.8630347456783,0.03988056629896164,0.8577117919921875,0.1368217170238495,3.795454502105713
373,135.2260167002678,0.03942099213600159,0.857330322265625,0.14076538383960724,3.504166603088379
374,135.52615766320378,0.046161286532878876,0.8569488525390625,0.1355932205915451,3.8349997997283936
375,135.91199255455285,0.040107276290655136,0.8565673828125,0.13801170885562897,3.6681816577911377
376,136.34293515142053,0.049872785806655884,0.8561859130859375,0.13163264095783234,3.6066665649414062
377,136.75344719272107,0.0383465476334095,0.855804443359375,0.1380149871110916,3.627272605895996
378,137.17510169837624,0.04350722208619118,0.8554229736328125,0.13439716398715973,3.4000000953674316
379,137.55334834568202,0.03943798318505287,0.85504150390625,0.14108528196811676,4.119999885559082
380,137.950398045592,0.03795570507645607,0.8546600341796875,0.1361769288778305,3.5320000648498535
381,138.4444501614198,0.036768216639757156,0.854278564453125,0.12638889253139496,3.123809814453125
382,138.77669717743993,0.037111587822437286,0.8538970947265625,0.14103512465953827,3.799999952316284
383,139.0920535409823,0.03912216052412987,0.853515625,0.14169809222221375,3.781817674636841
384,139.40988090168685,0.037643011659383774,0.8531341552734375,0.13714821636676788,3.6999998092651367
385,139.72954967897385,0.034298405051231384,0.852752685546875,0.13828670978546143,3.954545497894287
386,140.0623382497579,0.03915172442793846,0.8523712158203125,0.1319812834262848,3.2923076152801514
387,140.40270231012255,0.03501947596669197,0.85198974609375,0.12348806113004684,3.320833206176758
388,140.74841251131147,0.03660659119486809,0.8516082763671875,0.13496063649654388,3.113793134689331
389,141.06245085038245,0.03791596740484238,0.851226806640625,0.1369027942419052,3.6999998092651367
390,141.38251149933785,0.043810803443193436,0.8508453369140625,0.14353612065315247,3.8473682403564453
391,141.72540407441556,0.036361485719680786,0.8504638671875,0.14078497886657715,3.9600002765655518
392,142.0543246343732,0.03927632421255112,0.8500823974609375,0.13616299629211426,3.4750001430511475
393,142.44570340029895,0.04412320628762245,0.849700927734375,0.12980769574642181,3.447999954223633
394,142.76059945300221,0.04007522016763687,0.8493194580078125,0.14264705777168274,3.765000104904175
395,143.12063602171838,0.03760957345366478,0.84893798828125,0.13550488650798798,3.488461494445801
396,143.42147522605956,0.036130405962467194,0.8485565185546875,0.14326709508895874,4.409091472625732
397,143.72163959313184,0.034409914165735245,0.848175048828125,0.1335952877998352,3.776470899581909
398,144.0257579954341,0.03767906501889229,0.8477935791015625,0.1379905641078949,3.5280001163482666
399,144.51779681816697,0.03805398941040039,0.847412109375,0.13490258157253265,3.6416664123535156
400,144.84668794181198,0.038698792457580566,0.8470306396484375,0.1336633712053299,3.563999891281128
401,145.16763300541788,0.04093385860323906,0.846649169921875,0.13149741291999817,3.2041664123535156
402,145.46913613565266,0.04161655530333519,0.8462677001953125,0.13760684430599213,3.78947377204895
403,145.77184423897415,0.03917642682790756,0.84588623046875,0.14267855882644653,3.5249998569488525
404,146.162665608339,0.03694235160946846,0.8455047607421875,0.13898304104804993,3.7879998683929443
405,146.49932872410864,0.033646825700998306,0.845123291015625,0.126264289021492,3.1857142448425293
406,146.807281893678,0.0407366007566452,0.8447418212890625,0.13769100606441498,3.621738910675049
407,147.142997905612,0.03924453631043434,0.8443603515625,0.14725898206233978,3.840909004211426
408,147.48259870242327,0.03671932592988014,0.8439788818359375,0.13925400376319885,4.0
409,147.86247802060097,0.041548848152160645,0.843597412109375,0.13823038339614868,3.421739101409912
410,148.16988902632147,0.044039782136678696,0.8432159423828125,0.1340869516134262,3.7590906620025635
411,148.5123456371948,0.038456495851278305,0.84283447265625,0.13079267740249634,3.370370388031006
412,148.84345015976578,0.03838636726140976,0.8424530029296875,0.13859649002552032,3.5950000286102295
413,149.16324494592845,0.03997011482715607,0.842071533203125,0.1323101818561554,3.408695697784424
414,149.52322902530432,0.04105367511510849,0.8416900634765625,0.15196579694747925,4.1526312828063965
415,149.8575660167262,0.04007014259696007,0.84130859375,0.12524965405464172,3.224138021469116
416,150.17155202664435,0.036806777119636536,0.8409271240234375,0.13814756274223328,3.418518304824829
417,150.49655362777412,0.037021055817604065,0.840545654296875,0.13724136352539062,3.4136362075805664
418,150.83319228701293,0.0400029718875885,0.8401641845703125,0.13404256105422974,3.866666555404663
419,151.14328884426504,0.040907565504312515,0.83978271484375,0.131663978099823,3.508333444595337
420,151.45676255505532,0.03610134869813919,0.8394012451171875,0.1297697275876999,3.3384618759155273
421,151.81070326454937,0.03663400560617447,0.839019775390625,0.12963636219501495,3.500000238418579
422,152.14252891298383,0.04444730281829834,0.8386383056640625,0.14404144883155823,3.6913044452667236
423,152.48198628704995,0.03650711104273796,0.8382568359375,0.13040848076343536,3.386956214904785
424,152.85138008836657,0.0391690731048584,0.8378753662109375,0.12870371341705322,3.3074069023132324
425,153.28478795010597,0.0363377183675766,0.837493896484375,0.1354694664478302,3.4370367527008057
426,153.60537946410477,0.03264028578996658,0.8371124267578125,0.1325342357158661,3.440000057220459
427,153.92717985622585,0.03720875084400177,0.83673095703125,0.1318867951631546,3.4049999713897705
428,154.2337908456102,0.0359887033700943,0.8363494873046875,0.1324281245470047,3.538095474243164
429,154.55130896065384,0.04231756925582886,0.835968017578125,0.13050846755504608,3.5791664123535156
430,154.89634360279888,0.03814483433961868,0.8355865478515625,0.1334332823753357,3.266666889190674
431,155.26859716605395,0.041365090757608414,0.835205078125,0.1303030401468277,3.519047737121582
432,155.58864322770387,0.035287801176309586,0.8348236083984375,0.13646018505096436,3.624999761581421
433,155.92616377491504,0.04363151267170906,0.834442138671875,0.13594307005405426,3.5086958408355713
434,156.27217216975987,0.042806606739759445,0.8340606689453125,0.13247999548912048,3.5239999294281006
435,156.6072337338701,0.032617196440696716,0.83367919921875,0.13840579986572266,3.500000476837158
436,156.9755593528971,0.04005233570933342,0.8332977294921875,0.14152543246746063,4.007142543792725
437,157.28908219654113,0.03888830542564392,0.832916259765625,0.14452829957008362,3.8416664600372314
438,157.58953524008393,0.04946770519018173,0.8325347900390625,0.1415354311466217,4.433332920074463
439,157.95098221767694,0.032539498060941696,0.8321533203125,0.14051204919815063,3.493103504180908
440,158.29420762509108,0.045916229486465454,0.8317718505859375,0.1295575350522995,3.5950005054473877
441,158.6081684269011,0.03393971174955368,0.831390380859375,0.1355704665184021,3.469564914703369
442,158.94400244392455,0.0410209596157074,0.8310089111328125,0.13822153210639954,3.6666667461395264
443,159.27610040735453,0.04081162437796593,0.83062744140625,0.12703584134578705,3.2076923847198486
444,159.5988959716633,0.03860693797469139,0.8302459716796875,0.14273205399513245,4.072726726531982
445,159.9406721862033,0.044253960251808167,0.829864501953125,0.12946708500385284,3.1374998092651367
446,160.27869645692408,0.04113934934139252,0.8294830322265625,0.13941067457199097,3.8045454025268555
447,160.59251228626817,0.03462686017155647,0.8291015625,0.1321052610874176,3.2647056579589844
448,160.9019436435774,0.0352514274418354,0.8287200927734375,0.13712121546268463,3.9800002574920654
449,161.22389137465507,0.04200979694724083,0.828338623046875,0.1316666603088379,3.4625003337860107
450,161.58897277340293,0.035468120127916336,0.8279571533203125,0.1374538540840149,3.629999876022339
451,161.89437164831907,0.042109619826078415,0.82757568359375,0.1411214917898178,3.971428632736206
452,162.19742003362626,0.036910057067871094,0.8271942138671875,0.14892472326755524,3.6736838817596436
453,162.56001596711576,0.03961735591292381,0.826812744140625,0.12923794984817505,3.435999870300293
454,162.88808408286422,0.03360876068472862,0.8264312744140625,0.1331615000963211,3.3545453548431396
455,163.22704503778368,0.03474512696266174,0.8260498046875,0.13932202756404877,3.8086955547332764
456,163.5461749844253,0.04148060828447342,0.8256683349609375,0.13615107536315918,3.5956521034240723
457,163.8852081457153,0.0379645898938179,0.825286865234375,0.14031413197517395,3.799999713897705
458,164.19361581560224,0.03633178398013115,0.8249053955078125,0.11621186882257462,3.004348039627075
459,164.5772610437125,0.04050752520561218,0.82452392578125,0.1342622935771942,3.2238097190856934
460,164.96379405725747,0.03530697524547577,0.8241424560546875,0.12829267978668213,3.4304349422454834
461,165.50905723776668,0.036467961966991425,0.823760986328125,0.13785943388938904,3.5607144832611084
462,165.88224634341896,0.033666424453258514,0.8233795166015625,0.13342981040477753,3.3359999656677246
463,166.21503818035126,0.0390528179705143,0.822998046875,0.13287197053432465,3.7555558681488037
464,166.56814059335738,0.03690381720662117,0.8226165771484375,0.13591161370277405,3.582608699798584
465,166.8999239206314,0.035121720284223557,0.822235107421875,0.12720897793769836,3.2407407760620117
466,167.32249282673,0.038847751915454865,0.8218536376953125,0.13581562042236328,3.2769229412078857
467,167.63989663589746,0.03820338472723961,0.82147216796875,0.13289964199066162,3.7799994945526123
468,167.95006266608834,0.03362952917814255,0.8210906982421875,0.13733333349227905,3.7391304969787598
469,168.3267112178728,0.04348092898726463,0.820709228515625,0.14212454855442047,3.8285715579986572
470,168.70788025762886,0.03637528419494629,0.8203277587890625,0.12516026198863983,3.191666603088379
471,169.0457226447761,0.033435940742492676,0.8199462890625,0.1430976390838623,3.9136366844177246
472,169.3711178218946,0.03837788850069046,0.8195648193359375,0.13429054617881775,3.4277777671813965
473,169.73428815230727,0.04065585881471634,0.819183349609375,0.1289556920528412,3.232142925262451
474,170.0581199787557,0.03739228472113609,0.8188018798828125,0.13268892467021942,3.8705880641937256
475,170.51999626867473,0.04030701518058777,0.81842041015625,0.13100995123386383,3.0806448459625244
476,170.9064661031589,0.04696971923112869,0.8180389404296875,0.12988506257534027,3.508333206176758
477,171.339383456856,0.03773501515388489,0.817657470703125,0.14183007180690765,3.6000001430511475
478,171.63874195795506,0.036016397178173065,0.8172760009765625,0.13555926084518433,3.531578779220581
479,171.96246952656657,0.039795488119125366,0.81689453125,0.1429765820503235,3.6499998569488525
480,172.39996237214655,0.04530111327767372,0.8165130615234375,0.14644351601600647,4.026316165924072
481,172.74510020855814,0.04087590426206589,0.816131591796875,0.13223569095134735,3.980952262878418
482,173.1640439024195,0.035130735486745834,0.8157501220703125,0.15588785707950592,3.874999523162842
483,173.49504067189991,0.035180725157260895,0.81536865234375,0.1310344785451889,3.2846155166625977
484,174.08938590902835,0.03898555785417557,0.8149871826171875,0.12740863859653473,3.658823251724243
485,174.39046465791762,0.039427775889635086,0.814605712890625,0.1433781087398529,3.5249998569488525
486,174.71574889402837,0.03851398453116417,0.8142242431640625,0.13657142221927643,4.069999694824219
487,175.0306076463312,0.04034048691391945,0.8138427734375,0.14305798709392548,3.6458332538604736
488,175.37644939497113,0.03872944042086601,0.8134613037109375,0.13560371100902557,3.5217392444610596
489,175.67759484890848,0.03871701657772064,0.813079833984375,0.12496240437030792,3.2347819805145264
490,176.03133713267744,0.04075340926647186,0.8126983642578125,0.13257698714733124,3.48799991607666
491,176.33568327594548,0.03510111942887306,0.81231689453125,0.12570951879024506,3.1956522464752197
492,176.63883705064654,0.03748383745551109,0.8119354248046875,0.15134616196155548,4.0722222328186035
493,176.94437514059246,0.03620758280158043,0.811553955078125,0.1297600120306015,3.495999813079834
494,177.2475942801684,0.039119165390729904,0.8111724853515625,0.12848839163780212,3.18148136138916
495,177.54944526962936,0.0339541994035244,0.810791015625,0.13438984751701355,3.2576920986175537
496,178.15153213310987,0.03805449232459068,0.8104095458984375,0.14090056717395782,4.054999828338623
497,178.49954823683947,0.03710649907588959,0.810028076171875,0.1354275792837143,3.404545545578003
498,178.81619048584253,0.036013178527355194,0.8096466064453125,0.1483636349439621,4.056250095367432
499,179.11586358211935,0.03993752598762512,0.80926513671875,0.13299663364887238,3.968181848526001
500,179.46661697980016,0.03587471321225166,0.8088836669921875,0.136286199092865,3.430769205093384
501,179.8532954081893,0.042409975081682205,0.808502197265625,0.13890624046325684,3.576000452041626
502,180.15736658126116,0.03160440921783447,0.8081207275390625,0.14601770043373108,3.7333338260650635
503,180.469128459692,0.036312490701675415,0.8077392578125,0.13707223534584045,3.7150001525878906
504,180.76966376882046,0.028666643425822258,0.8073577880859375,0.1304347962141037,3.8111109733581543
505,181.07195438072085,0.03284130245447159,0.806976318359375,0.14245472848415375,3.894444465637207
506,181.37673654872924,0.03559916466474533,0.8065948486328125,0.135173499584198,3.4079999923706055
507,181.68635605368763,0.03445260599255562,0.80621337890625,0.12990354001522064,3.430434465408325
508,181.99155539181083,0.04043072834610939,0.8058319091796875,0.12952548265457153,3.2120001316070557
509,182.38868262898177,0.03658303990960121,0.805450439453125,0.13973727822303772,3.766666889190674
510,182.74889160413295,0.03485414385795593,0.8050689697265625,0.1359633058309555,3.67391300201416
511,183.08737663831562,0.041436780244112015,0.8046875,0.13105690479278564,3.499999761581421
512,183.443338252604,0.037667036056518555,0.8043060302734375,0.12947019934654236,3.36956524848938
513,183.757754416205,0.034981172531843185,0.803924560546875,0.14115755259990692,3.448148012161255
514,184.34546201955527,0.03765840083360672,0.8035430908203125,0.14267857372760773,3.82608699798584
515,184.6466780686751,0.0383613146841526,0.80316162109375,0.14746835827827454,4.522222518920898
516,184.9765188191086,0.03290766477584839,0.8027801513671875,0.1503831446170807,4.164999961853027
517,185.30698975361884,0.043358348309993744,0.802398681640625,0.14172662794589996,3.762500047683716
518,185.60841760318726,0.03707452490925789,0.8020172119140625,0.14606526494026184,3.9000000953674316
519,185.90648193471134,0.037663429975509644,0.8016357421875,0.1404411792755127,3.9937500953674316
520,186.22933051083237,0.037520624697208405,0.8012542724609375,0.1296650618314743,3.379310369491577
521,186.61422750726342,0.03891076147556305,0.800872802734375,0.1332116723060608,3.778571367263794
522,186.93949789740145,0.0327385850250721,0.8004913330078125,0.15287771821022034,3.6782608032226562
523,187.29397890996188,0.03605417162179947,0.80010986328125,0.14951643347740173,4.238095283508301
524,187.63107660692185,0.03997582197189331,0.7997283935546875,0.14150942862033844,3.737499952316284
525,187.95930640865117,0.03416161984205246,0.799346923828125,0.13504983484745026,3.563636064529419
526,188.2854421371594,0.03926759585738182,0.7989654541015625,0.1404174566268921,3.658823251724243
527,188.6109025273472,0.03409762680530548,0.798583984375,0.14342105388641357,3.8299999237060547
528,188.91319383960217,0.03481561690568924,0.7982025146484375,0.13552631437778473,3.6458332538604736
529,189.24796702805907,0.04233302175998688,0.797821044921875,0.13381409645080566,3.640000104904175
530,189.58614527061582,0.033805377781391144,0.7974395751953125,0.14139071106910706,3.547999858856201
531,189.98265122063458,0.03911201283335686,0.79705810546875,0.12978722155094147,3.299999952316284
532,190.31288414634764,0.036987461149692535,0.7966766357421875,0.12363636493682861,3.2448277473449707
533,190.7397068720311,0.03348320350050926,0.796295166015625,0.13318517804145813,3.4222218990325928
534,191.07316936925054,0.0320960097014904,0.7959136962890625,0.13297298550605774,3.3187499046325684
535,191.40713179204613,0.034980785101652145,0.7955322265625,0.1397569477558136,3.768181562423706
536,191.7408100478351,0.03928171470761299,0.7951507568359375,0.1312217265367508,3.507999897003174
537,192.05835761874914,0.039024800062179565,0.794769287109375,0.13147826492786407,3.3681817054748535
538,192.36878500320017,0.037108518183231354,0.7943878173828125,0.132991224527359,3.3321425914764404
539,192.73464937414974,0.0362970270216465,0.79400634765625,0.15164609253406525,4.038095474243164
540,193.06056513357908,0.03433160111308098,0.7936248779296875,0.1527196764945984,4.113333225250244
541,193.40543642733246,0.034561753273010254,0.793243408203125,0.13576924800872803,3.8000004291534424
542,193.72861886490136,0.03959686681628227,0.7928619384765625,0.1356143057346344,3.747825860977173
543,194.19238942023367,0.033995941281318665,0.79248046875,0.14705882966518402,3.9000003337860107
544,194.5407761670649,0.03443414345383644,0.7920989990234375,0.1389743685722351,3.6761903762817383
545,195.00501757208258,0.0402299202978611,0.791717529296875,0.1403815597295761,3.7037036418914795
546,195.33219537418336,0.040873605757951736,0.7913360595703125,0.13182580471038818,3.3315792083740234
547,195.6500641433522,0.03323788940906525,0.79095458984375,0.12402985990047455,3.179166793823242
548,195.97011566441506,0.04242058843374252,0.7905731201171875,0.15412668883800507,3.9454545974731445
549,196.41689031757414,0.034997470676898956,0.790191650390625,0.14502529799938202,3.7272727489471436
550,196.75678755529225,0.0420941598713398,0.7898101806640625,0.13724035024642944,3.6586203575134277
551,197.06844892539084,0.031378909945487976,0.7894287109375,0.13660714030265808,3.521052360534668
552,197.37471885886043,0.0382043719291687,0.7890472412109375,0.1410914957523346,3.5791666507720947
553,197.69049500767142,0.03993941843509674,0.788665771484375,0.1344551146030426,3.5615386962890625
554,198.09832777827978,0.040766581892967224,0.7882843017578125,0.13311582803726196,3.48799991607666
555,198.47703112103045,0.03829147666692734,0.78790283203125,0.12556053698062897,3.195833444595337
556,198.8302331129089,0.04215124249458313,0.7875213623046875,0.14000001549720764,3.491999626159668
557,199.19424625858665,0.03629215061664581,0.787139892578125,0.13327434659004211,3.609999895095825
558,199.6574286101386,0.03438211977481842,0.7867584228515625,0.13229705393314362,3.605882406234741
559,199.9709283299744,0.03838478401303291,0.786376953125,0.13089005649089813,3.5652174949645996
560,200.434258190915,0.037286728620529175,0.7859954833984375,0.15213178098201752,3.8045456409454346
561,200.93226721603423,0.03886501118540764,0.785614013671875,0.12704403698444366,3.3899998664855957
562,201.28214081563056,0.036928486078977585,0.7852325439453125,0.12405743449926376,3.5409088134765625
563,201.62347510363907,0.033771779388189316,0.78485107421875,0.1348275989294052,3.326923131942749
564,201.97499673441052,0.03468697518110275,0.7844696044921875,0.14768944680690765,3.7315785884857178
565,202.43903972487897,0.033845700323581696,0.784088134765625,0.13716216385364532,3.9347825050354004
566,202.84518205653876,0.038904640823602676,0.7837066650390625,0.12940141558647156,3.3045454025268555
567,203.2047082092613,0.03330149129033089,0.7833251953125,0.1338983178138733,3.645454168319702
568,203.53127289935946,0.04032796248793602,0.7829437255859375,0.14374057948589325,3.5791666507720947
569,203.88034413196146,0.035175759345293045,0.782562255859375,0.12561175227165222,3.291304588317871
570,204.23398370109499,0.03606932610273361,0.7821807861328125,0.13118644058704376,3.5099997520446777
571,204.57562038116157,0.03205106034874916,0.78179931640625,0.1389199197292328,3.75
572,204.9037814028561,0.03516002744436264,0.7814178466796875,0.14661921560764313,3.7749998569488525
573,205.22597839403898,0.040765248239040375,0.781036376953125,0.13894736766815186,3.7047619819641113
574,205.55664357729256,0.03818603977560997,0.7806549072265625,0.1369817703962326,3.4800002574920654
575,205.8797257039696,0.03414443880319595,0.7802734375,0.13333334028720856,3.461538553237915
576,206.23369306419045,0.0366336964070797,0.7798919677734375,0.15353161096572876,4.009999752044678
577,206.6435672501102,0.03155968710780144,0.779510498046875,0.15088757872581482,4.261538505554199
578,207.05403722263873,0.03162369504570961,0.7791290283203125,0.15081967413425446,4.210000038146973
579,207.40853117126971,0.027526888996362686,0.77874755859375,0.1444866955280304,4.111111164093018
580,207.86039709113538,0.03883465379476547,0.7783660888671875,0.13809524476528168,3.754544973373413
581,208.1845351876691,0.034338969737291336,0.777984619140625,0.1301538497209549,3.3962957859039307
582,208.51373975537717,0.03686979040503502,0.7776031494140625,0.12839506566524506,3.313636541366577
583,208.81871228385717,0.0331115759909153,0.7772216796875,0.13515357673168182,3.4076924324035645
584,209.12592956144363,0.03186456486582756,0.7768402099609375,0.14223968982696533,3.6631581783294678
585,209.45746059063822,0.032278548926115036,0.776458740234375,0.13729128241539001,4.139999866485596
586,209.78699131589383,0.03375524654984474,0.7760772705078125,0.1312178373336792,3.491666793823242
587,210.1209943369031,0.032672129571437836,0.77569580078125,0.12887787818908691,3.4124996662139893
588,210.62900921981782,0.03639652207493782,0.7753143310546875,0.1335008442401886,3.268181562423706
589,211.0321037126705,0.033649444580078125,0.774932861328125,0.13721738755702972,3.647618532180786
590,211.36382903065532,0.03810209408402443,0.7745513916015625,0.1417241394519806,3.8125
591,211.70234416238964,0.03655802458524704,0.774169921875,0.13438017666339874,3.3818182945251465
592,212.03307078033686,0.03458496555685997,0.7737884521484375,0.14138513803482056,3.9217395782470703
593,212.49112210981548,0.038348808884620667,0.773406982421875,0.15037035942077637,3.7750003337860107
594,212.8147417549044,0.033741649240255356,0.7730255126953125,0.13567468523979187,4.0789475440979
595,213.11882784496993,0.039811525493860245,0.77264404296875,0.1367521435022354,3.6449999809265137
596,213.43925149086863,0.0303445253521204,0.7722625732421875,0.1236087754368782,3.2320001125335693
597,213.75669044721872,0.033866871148347855,0.771881103515625,0.13470789790153503,3.315999984741211
598,214.0924381799996,0.03722207248210907,0.7714996337890625,0.1424074023962021,3.8090906143188477
599,214.39898746274412,0.033770449459552765,0.7711181640625,0.12842261791229248,3.32962965965271
600,214.729631585069,0.03363864868879318,0.7707366943359375,0.13314203917980194,3.382143020629883
601,215.0422590430826,0.03640894591808319,0.770355224609375,0.13829787075519562,3.444444179534912
602,215.34476342983544,0.036962781101465225,0.7699737548828125,0.14031413197517395,3.8285715579986572
603,215.65728759206831,0.03493644297122955,0.76959228515625,0.12158731371164322,3.1518521308898926
604,216.09832214098424,0.035217225551605225,0.7692108154296875,0.14063602685928345,3.513636589050293
605,216.43063803669065,0.03798254206776619,0.768829345703125,0.1323993057012558,3.6600000858306885
606,216.8399521028623,0.03488173335790634,0.7684478759765625,0.14977777004241943,4.275000095367432
607,217.22159031964839,0.04085903614759445,0.76806640625,0.14588014781475067,4.064705848693848
608,217.57856331951916,0.039206285029649734,0.7676849365234375,0.1334935873746872,3.504000186920166
609,217.8867886858061,0.031745076179504395,0.767303466796875,0.134451225399971,3.385714292526245
610,218.18829919118434,0.03400389477610588,0.7669219970703125,0.1507692188024521,4.109999656677246
611,218.49025475792587,0.034974291920661926,0.76654052734375,0.14154817163944244,3.665384531021118
612,218.82101098261774,0.031116381287574768,0.7661590576171875,0.13189102709293365,3.104761838912964
613,219.12125551141798,0.03531405329704285,0.765777587890625,0.14937499165534973,4.861538410186768
614,219.4221847774461,0.031971678137779236,0.7653961181640625,0.13317230343818665,3.496000051498413
615,219.74066854082048,0.033512014895677567,0.7650146484375,0.1432291865348816,3.747826337814331
616,220.04620787221938,0.03563138097524643,0.7646331787109375,0.14246323704719543,3.8608696460723877
617,220.38727236911654,0.028843527659773827,0.764251708984375,0.1311183124780655,3.25
618,220.71357543300837,0.03811760991811752,0.7638702392578125,0.14463667571544647,3.9684207439422607
619,221.14164774585515,0.0352495014667511,0.76348876953125,0.13224807381629944,3.4846153259277344
620,221.5164185743779,0.032066553831100464,0.7631072998046875,0.13971062004566193,3.3923075199127197
621,221.83033764827996,0.038260143250226974,0.762725830078125,0.12854889035224915,3.5227272510528564
622,222.1476941369474,0.03574984148144722,0.7623443603515625,0.13029871881008148,3.116000175476074
623,222.4503328986466,0.03304284065961838,0.761962890625,0.1366111934185028,3.603846311569214
624,222.75877365190536,0.03495224192738533,0.7615814208984375,0.13186490535736084,3.231034278869629
625,223.12915171589702,0.0294243972748518,0.761199951171875,0.14262625575065613,3.6818184852600098
626,223.43246223870665,0.03213413432240486,0.7608184814453125,0.12573403120040894,3.6095235347747803
627,223.76536745019257,0.034161318093538284,0.76043701171875,0.1465827375650406,3.726315975189209
628,224.22840281296521,0.036795489490032196,0.7600555419921875,0.13779526948928833,3.8263156414031982
629,224.537016694434,0.034815628081560135,0.759674072265625,0.1512572467327118,4.010526657104492
630,224.8523867437616,0.03427508473396301,0.7592926025390625,0.1312217265367508,3.3884618282318115
631,225.32333041727543,0.03222136199474335,0.7589111328125,0.13720929622650146,3.6653847694396973
632,225.62745841685683,0.04259992390871048,0.7585296630859375,0.13398373126983643,3.37600040435791
633,225.93202870432287,0.03089790791273117,0.758148193359375,0.13229328393936157,3.4076921939849854
634,226.2346925828606,0.030638951808214188,0.7577667236328125,0.13311582803726196,3.499999761581421
635,226.53497056476772,0.03134581446647644,0.75738525390625,0.14862746000289917,3.9571425914764404
636,226.83935768622905,0.03130440041422844,0.7570037841796875,0.15085388720035553,4.094444751739502
637,227.1465109717101,0.0338551364839077,0.756622314453125,0.13863986730575562,3.870833158493042
638,227.44988531526178,0.041194748133420944,0.7562408447265625,0.1462794989347458,3.6640002727508545
639,227.78010399173945,0.03650107607245445,0.755859375,0.13952641189098358,4.005556106567383
640,228.11133554484695,0.0330120213329792,0.7554779052734375,0.12769460678100586,3.299999952316284
641,228.44400119408965,0.03706761449575424,0.755096435546875,0.1334400177001953,3.4000000953674316
642,228.76176240015775,0.034427542239427567,0.7547149658203125,0.13913044333457947,3.5160000324249268
643,229.13660214934498,0.035760655999183655,0.75433349609375,0.13321299850940704,3.5608699321746826
644,229.46116138342768,0.03760296106338501,0.7539520263671875,0.13679416477680206,3.752631425857544
645,229.78259490057826,0.03343147411942482,0.753570556640625,0.1398637294769287,3.6000003814697266
646,230.1202922128141,0.0401298813521862,0.7531890869140625,0.13769470155239105,3.7599997520446777
647,230.43502208124846,0.03299420699477196,0.7528076171875,0.12984217703342438,3.3320000171661377
648,230.74602282140404,0.03513457253575325,0.7524261474609375,0.13049760460853577,3.260869264602661
649,231.07739639282227,0.033224016427993774,0.752044677734375,0.13504761457443237,3.513043165206909
650,231.39249280374497,0.03965320065617561,0.7516632080078125,0.13782468438148499,3.679166793823242
651,231.72519921977073,0.034197937697172165,0.75128173828125,0.1350318342447281,3.3708336353302
652,232.0712399072945,0.034723106771707535,0.7509002685546875,0.13522124290466309,3.684999942779541
653,232.3914877101779,0.03368470445275307,0.750518798828125,0.1489090919494629,3.752173662185669
654,233.33013259712607,0.03166775777935982,0.7501373291015625,0.15177570283412933,4.333333492279053
655,233.6857647690922,0.04017386958003044,0.749755859375,0.13276159763336182,3.48799991607666
656,234.0406580120325,0.03568876534700394,0.7493743896484375,0.13456590473651886,3.5045456886291504
657,234.37075729388744,0.03226243332028389,0.748992919921875,0.13138461112976074,3.4272727966308594
658,234.69948544632643,0.03970959037542343,0.7486114501953125,0.14097808301448822,3.616666555404663
659,235.03055757656693,0.036533791571855545,0.74822998046875,0.1421140879392624,3.5833332538604736
660,235.35028241667897,0.04015703499317169,0.7478485107421875,0.14053155481815338,3.8521738052368164
661,235.6736313579604,0.035956934094429016,0.747467041015625,0.14665493369102478,3.908695697784424
662,236.03500480856746,0.030527714639902115,0.7470855712890625,0.12909092009067535,3.1760003566741943
663,236.3357037520036,0.033982936292886734,0.7467041015625,0.14235073328018188,3.768420934677124
664,236.64426531922072,0.03700607642531395,0.7463226318359375,0.13629764318466187,3.6777775287628174
665,237.02470908220857,0.03150275722146034,0.745941162109375,0.1396484375,4.142105579376221
666,237.35877644270658,0.028605638071894646,0.7455596923828125,0.14723247289657593,3.5458333492279053
667,237.75085554178804,0.03361747786402702,0.74517822265625,0.1433333307504654,3.8333332538604736
668,238.16611491143703,0.03246045857667923,0.7447967529296875,0.15187834203243256,4.005000114440918
669,238.4847610089928,0.03265054151415825,0.744415283203125,0.14729167520999908,4.206250190734863
670,238.79899928253144,0.03037702664732933,0.7440338134765625,0.13704867660999298,3.634782552719116
671,239.1304852059111,0.0314384326338768,0.74365234375,0.13706175982952118,3.687999963760376
672,239.47018712293357,0.03495382145047188,0.7432708740234375,0.14351145923137665,3.9166667461395264
673,239.78266337234527,0.03834060579538345,0.742889404296875,0.1437990516424179,3.495833158493042
674,240.1035455521196,0.03432908281683922,0.7425079345703125,0.13377583026885986,3.6576919555664062
675,240.43192964419723,0.034676164388656616,0.74212646484375,0.12462235987186432,3.125
676,240.74808728974313,0.033569127321243286,0.7417449951171875,0.16099999845027924,4.087500095367432
677,241.15710257086903,0.03244243189692497,0.741363525390625,0.14135593175888062,3.9909093379974365
678,241.49101616907865,0.03196660056710243,0.7409820556640625,0.14714005589485168,4.084210395812988
679,241.8497356073931,0.03372960165143013,0.7406005859375,0.15690721571445465,4.199999809265137
680,242.19354605209082,0.033473554998636246,0.7402191162109375,0.14436618983745575,4.039999961853027
681,242.51483459211886,0.03440012410283089,0.739837646484375,0.1377703845500946,3.545832872390747
682,242.8154174052179,0.03300679475069046,0.7394561767578125,0.14681239426136017,3.9882354736328125
683,243.1359240449965,0.03104979917407036,0.73907470703125,0.15112106502056122,4.462500095367432
684,243.45176102407277,0.03392382338643074,0.7386932373046875,0.1351785808801651,3.6000001430511475
685,243.7742123855278,0.0326133593916893,0.738311767578125,0.1410810798406601,3.7739129066467285
686,244.08544978871942,0.03551217168569565,0.7379302978515625,0.15326087176799774,4.386666774749756
687,244.42580032441765,0.03776887059211731,0.737548828125,0.14435075223445892,3.7055554389953613
688,244.85432352218777,0.031977225095033646,0.7371673583984375,0.13676704466342926,3.704167127609253
689,245.1687945863232,0.030848493799567223,0.736785888671875,0.1400362253189087,3.7217390537261963
690,245.51683659106493,0.0350675992667675,0.7364044189453125,0.14990654587745667,3.93999981880188
691,245.82899502664804,0.034975744783878326,0.73602294921875,0.14190031588077545,3.743999719619751
692,246.12981432769448,0.031809743493795395,0.7356414794921875,0.13195548951625824,3.5
693,246.4795428160578,0.03622846677899361,0.735260009765625,0.15036101639270782,4.03125
694,246.8172893607989,0.034685857594013214,0.7348785400390625,0.14000000059604645,3.6666667461395264
695,247.15998736023903,0.028987092897295952,0.7344970703125,0.13807763159275055,3.8818182945251465
696,247.46696305461228,0.03521063178777695,0.7341156005859375,0.15665322542190552,4.181250095367432
697,247.7891096798703,0.03426451236009598,0.733734130859375,0.13672317564487457,3.6679999828338623
698,248.11162447091192,0.03286764398217201,0.7333526611328125,0.13536804914474487,3.454167127609253
699,248.43555225711316,0.0339689701795578,0.73297119140625,0.1351170688867569,3.672727346420288
700,248.7604828607291,0.03390507027506828,0.7325897216796875,0.13369734585285187,3.182142972946167
701,249.12520055379719,0.036378081887960434,0.732208251953125,0.14702703058719635,4.045000076293945
702,249.54421756695956,0.02999880351126194,0.7318267822265625,0.14152249693870544,3.9631576538085938
703,249.849180101417,0.03119923174381256,0.7314453125,0.13469387590885162,3.4148149490356445
704,250.190017237328,0.029888220131397247,0.7310638427734375,0.13317683339118958,3.4800000190734863
705,250.4933509575203,0.036562178283929825,0.730682373046875,0.1395488828420639,3.4826083183288574
706,250.93909322284162,0.037295613437891006,0.7303009033203125,0.1468954235315323,3.7576918601989746
707,251.27959966193885,0.03237530589103699,0.72991943359375,0.14133857190608978,3.858823537826538
708,251.63942053634673,0.03685533255338669,0.7295379638671875,0.1406015008687973,3.8571431636810303
709,252.02919772733003,0.03778603672981262,0.729156494140625,0.13488371670246124,3.620833396911621
710,252.45933294668794,0.034060683101415634,0.7287750244140625,0.14335060119628906,3.6625001430511475
711,252.8358506783843,0.03696856647729874,0.7283935546875,0.1492007076740265,4.123529434204102
712,253.1811888543889,0.035368919372558594,0.7280120849609375,0.14444443583488464,3.8764703273773193
713,253.5095947869122,0.03210878744721413,0.727630615234375,0.14852941036224365,4.161904811859131
714,253.84602093417197,0.04111093655228615,0.7272491455078125,0.13452915847301483,3.2642858028411865
715,254.3131847595796,0.0311110969632864,0.72686767578125,0.13490137457847595,3.433333396911621
716,254.70153910759836,0.028668919578194618,0.7264862060546875,0.13606271147727966,3.843477964401245
717,255.0725560663268,0.03195999562740326,0.726104736328125,0.13830509781837463,3.41304349899292
718,255.40002858173102,0.03624868020415306,0.7257232666015625,0.1454545557498932,4.016666412353516
719,255.7130299033597,0.03587720915675163,0.725341796875,0.13445229828357697,3.6818184852600098
720,257.05993577092886,0.03039195016026497,0.7249603271484375,0.13756433129310608,3.4318182468414307
721,257.3833170719445,0.03248758241534233,0.724578857421875,0.14493465423583984,3.8619046211242676
722,257.69530819077045,0.03327808901667595,0.7241973876953125,0.14264707267284393,3.4800000190734863
723,258.06058187782764,0.0377969890832901,0.72381591796875,0.1369127482175827,3.8458330631256104
724,258.3933003535494,0.033907532691955566,0.7234344482421875,0.12735426425933838,3.2592594623565674
725,258.7213341835886,0.035024937242269516,0.723052978515625,0.14570383727550507,3.7249996662139893
726,259.0523576522246,0.03319738060235977,0.7226715087890625,0.149636372923851,3.968421459197998
727,259.44965923577547,0.03160608559846878,0.7222900390625,0.1386292725801468,3.750000238418579
728,259.88978153280914,0.03201046958565712,0.7219085693359375,0.13239669799804688,3.3680002689361572
729,260.2592271063477,0.03688831254839897,0.721527099609375,0.14784768223762512,3.7545454502105713
730,260.63013597764075,0.033989060670137405,0.7211456298828125,0.1424657553434372,3.833333730697632
731,260.9615548448637,0.03527257218956947,0.72076416015625,0.13924731314182281,3.704167127609253
732,261.28284913580865,0.03207173943519592,0.7203826904296875,0.13816668093204498,3.3565216064453125
733,261.60257581900805,0.03502004221081734,0.720001220703125,0.14369449019432068,4.0428571701049805
734,261.91125124227256,0.03539932519197464,0.7196197509765625,0.1603112667798996,4.310526371002197
735,262.26908326987177,0.032456692308187485,0.71923828125,0.13363362848758698,3.4653849601745605
736,262.62187768053263,0.03745543584227562,0.7188568115234375,0.14210525155067444,3.7239997386932373
737,262.97350775822997,0.032568152993917465,0.718475341796875,0.14188562333583832,3.8136367797851562
738,263.3493074197322,0.03229466825723648,0.7180938720703125,0.13719135522842407,3.4076924324035645
739,263.65956784412265,0.034146253019571304,0.71771240234375,0.12507247924804688,3.2448277473449707
740,264.0015195189044,0.03166644275188446,0.7173309326171875,0.14914286136627197,3.8411762714385986
741,264.33121630642563,0.03129821643233299,0.716949462890625,0.14308512210845947,3.9136362075805664
742,264.6735210204497,0.031138235703110695,0.7165679931640625,0.13690851628780365,3.672727108001709
743,264.9786049136892,0.028979072347283363,0.7161865234375,0.1317816972732544,3.373076915740967
744,265.3084705909714,0.0319085419178009,0.7158050537109375,0.14399293065071106,3.738095283508301
745,265.67530261632055,0.031093943864107132,0.715423583984375,0.1420212686061859,4.116666793823242
746,266.01127483323216,0.03248810023069382,0.7150421142578125,0.1452464759349823,3.5461537837982178
747,266.45530779194087,0.0364864282310009,0.71466064453125,0.1411978304386139,4.014286041259766
748,266.8087846050039,0.03287053480744362,0.7142791748046875,0.1306055635213852,3.4200000762939453
749,267.1868650531396,0.031298425048589706,0.713897705078125,0.1394972950220108,3.472222328186035
750,267.5297122746706,0.03044840134680271,0.7135162353515625,0.14428824186325073,3.936363458633423
751,267.8959686299786,0.0317632332444191,0.713134765625,0.14136125147342682,3.745455026626587
752,268.22600667364895,0.036926984786987305,0.7127532958984375,0.13570189476013184,3.7799994945526123
753,268.5762377716601,0.03602613881230354,0.712371826171875,0.14229324460029602,3.68999981880188
754,268.9337855121121,0.03230693191289902,0.7119903564453125,0.14858755469322205,3.8363633155822754
755,269.3743008431047,0.033098600804805756,0.71160888671875,0.13388429582118988,3.7041666507720947
756,269.7727810088545,0.03297983109951019,0.7112274169921875,0.1427767276763916,4.079999923706055
757,270.1043007262051,0.03195131570100784,0.710845947265625,0.1463247835636139,3.5045454502105713
758,270.58764648623765,0.03094436228275299,0.7104644775390625,0.1307167261838913,3.7952380180358887
759,270.9154250314459,0.03454187512397766,0.7100830078125,0.14906303584575653,3.5719995498657227
760,271.2496330989525,0.032421793788671494,0.7097015380859375,0.14446428418159485,4.104761600494385
761,271.5532311908901,0.037399787455797195,0.709320068359375,0.15451055765151978,3.9571430683135986
762,271.8604140970856,0.029723482206463814,0.7089385986328125,0.1440545618534088,4.133333683013916
763,272.186110612005,0.034120649099349976,0.70855712890625,0.13924731314182281,3.9190473556518555
764,272.5023768749088,0.03712163120508194,0.7081756591796875,0.13042813539505005,3.2703702449798584
765,272.80847079027444,0.03479323908686638,0.707794189453125,0.12466443330049515,3.3368422985076904
766,273.12242304254323,0.03144485875964165,0.7074127197265625,0.14624808728694916,3.4461541175842285
767,273.42955030407757,0.033284928649663925,0.70703125,0.14328858256340027,3.7545456886291504
768,273.7325430093333,0.03540746867656708,0.7066497802734375,0.1252293586730957,3.307692289352417
769,274.0341204954311,0.032705407589673996,0.706268310546875,0.13494175672531128,3.504348039627075
770,274.366789589636,0.03361726179718971,0.7058868408203125,0.14446309208869934,3.761538505554199
771,274.80984441563487,0.03251822292804718,0.70550537109375,0.13656462728977203,3.456249713897705
772,275.1461596433073,0.030542651191353798,0.7051239013671875,0.14035087823867798,3.619999885559082
773,275.4643642148003,0.03094261698424816,0.704742431640625,0.1338951289653778,3.8136367797851562
774,275.78625208791345,0.03261173889040947,0.7043609619140625,0.13865697383880615,3.7347826957702637
775,276.1517185587436,0.03584788739681244,0.7039794921875,0.1412903219461441,3.5952377319335938
776,276.45750836934894,0.03208791837096214,0.7035980224609375,0.14230769872665405,4.009523868560791
777,276.7971097063273,0.029380833730101585,0.703216552734375,0.13200663030147552,3.390000104904175
778,277.171926677227,0.029230566695332527,0.7028350830078125,0.14607088267803192,3.7679998874664307
779,277.4950201632455,0.027448711916804314,0.70245361328125,0.1460714191198349,3.9083335399627686
780,277.83151707425714,0.03348681330680847,0.7020721435546875,0.147338405251503,3.825000047683716
781,278.18828641902655,0.03331194445490837,0.701690673828125,0.14862887561321259,3.8399996757507324
782,278.50821423344314,0.03478359431028366,0.7013092041015625,0.13725166022777557,3.873913288116455
783,278.8303509987891,0.03321875259280205,0.700927734375,0.13206106424331665,3.442307710647583
784,279.2561230296269,0.030038708820939064,0.7005462646484375,0.1476603001356125,3.8999998569488525
785,279.5783927766606,0.03018968738615513,0.700164794921875,0.14179812371730804,3.499999761581421
786,279.9787780791521,0.031000886112451553,0.6997833251953125,0.13750000298023224,3.7099997997283936
787,280.3813486788422,0.03442258760333061,0.69940185546875,0.14472362399101257,3.6653847694396973
788,280.703893606551,0.03240511566400528,0.6990203857421875,0.14019447565078735,3.704545497894287
789,281.006777475588,0.03608411177992821,0.698638916015625,0.13032659888267517,3.2750003337860107
790,281.35655674990267,0.035378046333789825,0.6982574462890625,0.1405705362558365,3.745833158493042
791,281.68241761624813,0.03202113136649132,0.6978759765625,0.13614457845687866,3.4625003337860107
792,282.0049283290282,0.028044886887073517,0.6974945068359375,0.14448335766792297,3.644000291824341
793,282.3309022290632,0.032275550067424774,0.697113037109375,0.1350758820772171,3.4624998569488525
794,282.6399801634252,0.028950035572052002,0.6967315673828125,0.14462660253047943,4.009090900421143
795,282.9508805675432,0.032625485211610794,0.69635009765625,0.14680133759975433,3.8888888359069824
796,283.4378470219672,0.03439789265394211,0.6959686279296875,0.13696318864822388,3.474073648452759
797,283.73993609659374,0.03771522641181946,0.695587158203125,0.14157119393348694,3.680769205093384
798,284.07928683795035,0.029099000617861748,0.6952056884765625,0.13976509869098663,3.7199997901916504
799,284.41743834037334,0.03588972985744476,0.69482421875,0.14796611666679382,3.875000238418579
800,284.7452794853598,0.034941837191581726,0.6944427490234375,0.14764991402626038,3.6949996948242188
801,285.07330693211406,0.0357542484998703,0.694061279296875,0.13135838508605957,3.3814809322357178
802,285.4010261045769,0.032631512731313705,0.6936798095703125,0.12897475063800812,3.3851850032806396
803,285.74048093520105,0.033399421721696854,0.69329833984375,0.14261168241500854,3.703571319580078
804,286.0432381136343,0.03629521280527115,0.6929168701171875,0.14072726666927338,3.8499996662139893
805,286.3618516288698,0.02847161702811718,0.692535400390625,0.1466793268918991,3.777777671813965
806,286.6659521218389,0.03140132129192352,0.6921539306640625,0.14386874437332153,4.144999980926514
807,286.98460830934346,0.029274895787239075,0.6917724609375,0.1300000101327896,3.508695602416992
808,287.36769726872444,0.033711228519678116,0.6913909912109375,0.1404990404844284,3.8285715579986572
809,287.7186800101772,0.027979563921689987,0.691009521484375,0.1516873985528946,4.090476036071777
810,288.03226306382567,0.029953017830848694,0.6906280517578125,0.13830454647541046,3.7150001525878906
811,288.3478372367099,0.02922552078962326,0.69024658203125,0.139268696308136,3.503999948501587
812,289.2108886912465,0.03133346512913704,0.6898651123046875,0.14480121433734894,3.5074071884155273
813,289.54222310800105,0.032854583114385605,0.689483642578125,0.13172413408756256,3.578260898590088
814,289.8615207988769,0.03140086308121681,0.6891021728515625,0.1505071073770523,4.074999809265137
815,290.16419720556587,0.032349761575460434,0.688720703125,0.13381819427013397,3.664705753326416
816,290.4657654054463,0.03079298511147499,0.6883392333984375,0.13165469467639923,3.442307710647583
817,290.7891369778663,0.0331796370446682,0.687957763671875,0.14693200588226318,3.686363458633423
818,291.1053099036217,0.031440503895282745,0.6875762939453125,0.1296686828136444,3.4222218990325928
819,291.4390726778656,0.030853185802698135,0.68719482421875,0.14314721524715424,3.6560001373291016
820,291.7427126383409,0.03183545544743538,0.6868133544921875,0.1410742551088333,3.5304346084594727
821,292.09878236893564,0.03038298338651657,0.686431884765625,0.14198198914527893,3.795651912689209
822,292.4340722747147,0.03350777551531792,0.6860504150390625,0.14244185388088226,3.990476369857788
823,292.7686669435352,0.03255071863532066,0.6856689453125,0.13874346017837524,3.4454543590545654
824,293.0963988006115,0.030889427289366722,0.6852874755859375,0.14234234392642975,3.7850003242492676
825,293.40299298334867,0.032580625265836716,0.684906005859375,0.146127387881279,3.9842112064361572
826,293.7068917853758,0.030115965753793716,0.6845245361328125,0.13313432037830353,3.5719997882843018
827,294.0146577656269,0.030685484409332275,0.68414306640625,0.14028435945510864,3.2653844356536865
828,294.32700354605913,0.030303826555609703,0.6837615966796875,0.1335504949092865,3.6541664600372314
829,294.63386228028685,0.028978535905480385,0.683380126953125,0.14124086499214172,3.7249996662139893
830,294.9412642316893,0.03140604496002197,0.6829986572265625,0.14326375722885132,3.78947377204895
831,295.28540870919824,0.03030904196202755,0.6826171875,0.1525000035762787,4.161904335021973
832,295.5875470172614,0.030406897887587547,0.6822357177734375,0.1419968456029892,3.6789474487304688
833,295.90979926101863,0.03460899740457535,0.681854248046875,0.13231511414051056,3.4666669368743896
834,296.29277649894357,0.028967127203941345,0.6814727783203125,0.14554455876350403,3.882352828979492
835,296.63175277225673,0.030721141025424004,0.68109130859375,0.1627306193113327,4.473684787750244
836,296.9617833914235,0.03080521523952484,0.6807098388671875,0.1380208283662796,3.956521987915039
837,297.4098411202431,0.034513916820287704,0.680328369140625,0.13557833433151245,3.2960000038146973
838,297.7477804403752,0.026870395988225937,0.6799468994140625,0.14482173323631287,3.8480005264282227
839,298.07424081116915,0.03297269716858864,0.6795654296875,0.1454402506351471,3.671999931335449
840,298.4090406978503,0.03248826786875725,0.6791839599609375,0.13662420213222504,3.5307695865631104
841,298.7765867142007,0.02779148332774639,0.678802490234375,0.1355704814195633,3.4800002574920654
842,299.10946425329894,0.0329795777797699,0.6784210205078125,0.15529866516590118,4.0411763191223145
843,299.44561750255525,0.03178669139742851,0.67803955078125,0.15131084620952606,4.692856788635254
844,299.77129620313644,0.029817035421729088,0.6776580810546875,0.14203454554080963,3.786956548690796
845,300.1217636093497,0.030653096735477448,0.677276611328125,0.1396196484565735,3.5999996662139893
846,300.4691667454317,0.027671223506331444,0.6768951416015625,0.14486487209796906,3.924999952316284
847,300.8017047010362,0.031431104987859726,0.676513671875,0.14069953560829163,3.603999614715576
848,301.1344889122993,0.028750553727149963,0.6761322021484375,0.1344316303730011,3.511538505554199
849,301.47132157720625,0.02973928675055504,0.675750732421875,0.12993420660495758,3.305263042449951
850,301.93894129712135,0.03169221431016922,0.6753692626953125,0.1401088982820511,3.570000171661377
851,302.2811949653551,0.031520046293735504,0.67498779296875,0.14147627353668213,3.865217447280884
852,302.6265000393614,0.030744992196559906,0.6746063232421875,0.13696320354938507,3.5799999237060547
853,303.0352657651529,0.030732790008187294,0.674224853515625,0.1458536684513092,3.7346155643463135
854,303.4599564988166,0.02890794537961483,0.6738433837890625,0.13769230246543884,3.396296501159668
855,303.76284857373685,0.02954915724694729,0.6734619140625,0.1513461470603943,4.37333345413208
856,304.4085749350488,0.029772641137242317,0.6730804443359375,0.14871354401111603,4.143749713897705
857,304.84404197894037,0.03190143406391144,0.672698974609375,0.1477147936820984,3.803999900817871
858,305.1708916258067,0.02979515679180622,0.6723175048828125,0.13793103396892548,3.9869563579559326
859,305.6464784471318,0.0291951522231102,0.67193603515625,0.13722221553325653,3.5652177333831787
860,305.99720916338265,0.02774958685040474,0.6715545654296875,0.14730434119701385,3.9599997997283936
861,306.33613445889205,0.029850725084543228,0.671173095703125,0.1503436416387558,4.005000114440918
862,306.6569500537589,0.032723985612392426,0.6707916259765625,0.13969072699546814,3.6285712718963623
863,307.0033667618409,0.028780799359083176,0.67041015625,0.14846846461296082,3.9260871410369873
864,307.310804290697,0.03187030553817749,0.6700286865234375,0.14682675898075104,3.89090895652771
865,307.6710606487468,0.02852790802717209,0.669647216796875,0.13208332657814026,3.5
866,308.01740985922515,0.032783377915620804,0.6692657470703125,0.14420732855796814,3.4137930870056152
867,308.48119648266584,0.033607956022024155,0.66888427734375,0.14257095754146576,3.9000000953674316
868,308.8379369536415,0.033958349376916885,0.6685028076171875,0.14220337569713593,3.795832872390747
869,309.1487166211009,0.03157137334346771,0.668121337890625,0.13580060005187988,3.3444442749023438
870,309.4715899005532,0.028416192159056664,0.6677398681640625,0.13842196762561798,3.754166841506958
871,309.79879842698574,0.03424593806266785,0.6673583984375,0.1640973687171936,4.430768966674805
872,310.1171032693237,0.03050083853304386,0.6669769287109375,0.13898856937885284,3.9285714626312256
873,310.43961091618985,0.03112943284213543,0.666595458984375,0.14554455876350403,3.9727272987365723
874,310.772026068531,0.02958458475768566,0.6662139892578125,0.13735632598400116,3.373333215713501
875,311.0977314496413,0.02836982160806656,0.66583251953125,0.13939394056797028,3.6359996795654297
876,311.41357092466205,0.03651988506317139,0.6654510498046875,0.13391916453838348,3.7208335399627686
877,311.72816056385636,0.03530975431203842,0.665069580078125,0.14201277494430542,3.5439999103546143
878,312.04079070314765,0.029567109420895576,0.6646881103515625,0.13399089872837067,3.4407408237457275
879,312.3432117057964,0.02765738032758236,0.664306640625,0.13852201402187347,3.42380952835083
880,312.74614601396024,0.029694952070713043,0.6639251708984375,0.14265623688697815,3.7227272987365723
881,313.0788156092167,0.0287240669131279,0.663543701171875,0.14241981506347656,3.4483869075775146
882,313.49772690143436,0.02776508964598179,0.6631622314453125,0.14398826658725739,3.7148146629333496
883,313.8376128766686,0.033525384962558746,0.66278076171875,0.13470031321048737,3.4633333683013916
884,314.19980639219284,0.027841029688715935,0.6623992919921875,0.14625228941440582,3.882352590560913
885,314.53960219584405,0.03024468943476677,0.662017822265625,0.139797642827034,3.9647059440612793
886,314.8574490696192,0.033967889845371246,0.6616363525390625,0.14295415580272675,3.4760000705718994
887,315.1819898970425,0.029955530539155006,0.6612548828125,0.1463276892900467,4.285714149475098
888,315.48750994727015,0.03126378357410431,0.6608734130859375,0.1438775509595871,3.6800003051757812
889,315.80291842576116,0.02827475778758526,0.660491943359375,0.13467863202095032,3.4652178287506104
890,316.10686245188117,0.03281145915389061,0.6601104736328125,0.13782945275306702,3.4769232273101807
891,316.41761669982225,0.026738811284303665,0.65972900390625,0.14968052506446838,3.7083332538604736
892,316.91497508622706,0.027019934728741646,0.6593475341796875,0.13652893900871277,3.421739339828491
893,317.24285014439374,0.030412763357162476,0.658966064453125,0.1421133279800415,3.7799999713897705
894,317.56513642240316,0.03365958109498024,0.6585845947265625,0.13834458589553833,3.745833396911621
895,317.8931124918163,0.031545884907245636,0.658203125,0.1303338259458542,3.3074071407318115
896,318.24552058335394,0.03202064707875252,0.6578216552734375,0.1401754468679428,3.623999834060669
897,318.5939773833379,0.02798823080956936,0.657440185546875,0.13709677755832672,3.495651960372925
898,318.9003323931247,0.031909000128507614,0.6570587158203125,0.1544041484594345,3.968181848526001
899,319.2273939708248,0.03090261109173298,0.65667724609375,0.15585938096046448,4.266666889190674
900,319.57352475915104,0.030111081898212433,0.6562957763671875,0.15076923370361328,3.763157844543457
901,319.87823184765875,0.029672296717762947,0.655914306640625,0.12563718855381012,3.5230767726898193
902,320.2165436241776,0.032994307577610016,0.6555328369140625,0.14992201328277588,3.495833158493042
903,320.53110111225396,0.027994362637400627,0.6551513671875,0.1420401930809021,3.880000352859497
904,320.85200389195234,0.031064381822943687,0.6547698974609375,0.14120519161224365,3.6599996089935303
905,321.17719847522676,0.03283309563994408,0.654388427734375,0.13918228447437286,3.4692306518554688
906,321.5158855021,0.030165111646056175,0.6540069580078125,0.14526750147342682,4.253332614898682
907,321.83919625915587,0.03298068791627884,0.65362548828125,0.14507336914539337,4.211111068725586
908,322.1727615399286,0.03053155541419983,0.6532440185546875,0.14328357577323914,3.6136362552642822
909,322.52495456300676,0.03141909837722778,0.652862548828125,0.14146758615970612,4.014286041259766
910,322.8623067224398,0.03431154415011406,0.6524810791015625,0.15067178010940552,4.038888931274414
911,323.1808870146051,0.03220130130648613,0.652099609375,0.13913856446743011,3.8045456409454346
912,323.4817770803347,0.03290100395679474,0.6517181396484375,0.14113475382328033,3.8449997901916504
913,323.8038805620745,0.03040783852338791,0.651336669921875,0.1477031707763672,3.7916667461395264
914,324.1483044279739,0.029033558443188667,0.6509552001953125,0.14403361082077026,3.6318178176879883
915,324.4673874229193,0.03246423602104187,0.65057373046875,0.14651161432266235,4.0705885887146
916,324.85375833604485,0.03015044890344143,0.6501922607421875,0.13926702737808228,3.786956548690796
917,325.61242778226733,0.028233377262949944,0.649810791015625,0.1498269885778427,4.145454406738281
918,326.03769898507744,0.029375193640589714,0.6494293212890625,0.13840362429618835,3.479166269302368
919,326.35780746117234,0.029824139550328255,0.6490478515625,0.14882943034172058,3.6500000953674316
920,326.6826015058905,0.03004583902657032,0.6486663818359375,0.14482758939266205,3.8000001907348633
921,327.03448351006955,0.029322614893317223,0.648284912109375,0.13548387587070465,3.834782361984253
922,327.36270445398986,0.026401864364743233,0.6479034423828125,0.1388135701417923,3.385000228881836
923,327.6702939607203,0.026803141459822655,0.64752197265625,0.1441786289215088,3.7041666507720947
924,328.0278958827257,0.0325830802321434,0.6471405029296875,0.14930693805217743,4.125
925,328.34609871171415,0.031492020934820175,0.646759033203125,0.14446397125720978,4.013043403625488
926,328.685554523021,0.032461073249578476,0.6463775634765625,0.1452736109495163,3.7124998569488525
927,329.01999646332115,0.028858711943030357,0.64599609375,0.1371900886297226,3.9388885498046875
928,329.50199528224766,0.026867656037211418,0.6456146240234375,0.14254938066005707,3.5428569316864014
929,329.8551153000444,0.028235895559191704,0.645233154296875,0.14375001192092896,4.189473628997803
930,330.17148769367486,0.029452141374349594,0.6448516845703125,0.13908794522285461,3.559091329574585
931,330.58496843557805,0.02778889797627926,0.64447021484375,0.15570932626724243,3.882608413696289
932,331.30930835567415,0.02622462809085846,0.6440887451171875,0.1480565220117569,4.121739387512207
933,331.7221996318549,0.027029454708099365,0.643707275390625,0.13617391884326935,3.5045456886291504
934,332.05913644563407,0.029757078737020493,0.6433258056640625,0.1465546190738678,3.9041664600372314
935,332.3653903948143,0.028992971405386925,0.6429443359375,0.1451776772737503,3.672727108001709
936,332.759907820262,0.028125474229454994,0.6425628662109375,0.145826518535614,3.7333335876464844
937,333.1893127867952,0.03157450258731842,0.642181396484375,0.14278921484947205,3.9250001907348633
938,333.52624861709774,0.02749369479715824,0.6417999267578125,0.15186992287635803,3.696296453475952
939,333.85323307011276,0.03523799777030945,0.64141845703125,0.14430147409439087,3.870833396911621
940,334.3955247262493,0.03034772351384163,0.6410369873046875,0.13717949390411377,3.637500047683716
941,334.75567158591,0.032713018357753754,0.640655517578125,0.1406807005405426,3.5521740913391113
942,335.07339004799724,0.027758093550801277,0.6402740478515625,0.1516873985528946,4.074999809265137
943,335.42367699276656,0.030490851029753685,0.639892578125,0.1541338711977005,4.422221660614014
944,335.7496005874127,0.028548041358590126,0.6395111083984375,0.1438240259885788,3.9541664123535156
945,336.13471664395183,0.026515154168009758,0.639129638671875,0.1416148990392685,3.7095234394073486
946,336.55013921298087,0.03020748682320118,0.6387481689453125,0.1494845300912857,3.495833396911621
947,336.88453743979335,0.030153129249811172,0.63836669921875,0.15134167671203613,4.07826042175293
948,337.2144886292517,0.029244864359498024,0.6379852294921875,0.1420401781797409,3.684000015258789
949,337.5426116762683,0.025113269686698914,0.637603759765625,0.13606010377407074,3.486956834793091
950,337.88656091317534,0.02890218049287796,0.6372222900390625,0.14514926075935364,4.150000095367432
951,338.1917387554422,0.03173394873738289,0.6368408203125,0.15050503611564636,3.971428394317627
952,338.5455977516249,0.03341374173760414,0.6364593505859375,0.14211468398571014,3.8949999809265137
953,338.8791348487139,0.02773897722363472,0.636077880859375,0.1402190923690796,3.6818177700042725
954,339.21031672600657,0.029938748106360435,0.6356964111328125,0.14228570461273193,3.8238093852996826
955,339.6864912211895,0.02824714593589306,0.63531494140625,0.1507299393415451,4.0523810386657715
956,340.03927559405565,0.027955058962106705,0.6349334716796875,0.14575999975204468,3.7239999771118164
957,340.3583123506978,0.02913013845682144,0.634552001953125,0.13460317254066467,3.549999952316284
958,340.819751560688,0.029803035780787468,0.6341705322265625,0.1520729660987854,3.878260850906372
959,341.209616468288,0.029651330783963203,0.6337890625,0.15133021771907806,3.8518519401550293
960,341.51975226495415,0.027161329984664917,0.6334075927734375,0.14666666090488434,3.9549999237060547
961,341.84064864274114,0.02705642767250538,0.633026123046875,0.1518394500017166,3.8999996185302734
962,342.19115563388914,0.027168940752744675,0.6326446533203125,0.13909775018692017,3.9079999923706055
963,342.5076967868954,0.025096558034420013,0.63226318359375,0.14671531319618225,3.6461539268493652
964,342.83628841210157,0.027940228581428528,0.6318817138671875,0.14687500894069672,3.9000003337860107
965,343.2031032545492,0.027736293151974678,0.631500244140625,0.13948948681354523,3.620689630508423
966,343.55271186493337,0.02896709553897381,0.6311187744140625,0.1372937262058258,3.6315789222717285
967,343.889393334277,0.030719662085175514,0.6307373046875,0.14957119524478912,4.047058582305908
968,344.2363465381786,0.028165647760033607,0.6303558349609375,0.14868421852588654,3.753571033477783
969,344.54386578220874,0.03336244449019432,0.629974365234375,0.15450550615787506,4.25
970,344.85159348137677,0.02740863338112831,0.6295928955078125,0.15365418791770935,4.119047164916992
971,345.1988792652264,0.028796203434467316,0.62921142578125,0.13821657001972198,3.538461446762085
972,345.53959144372493,0.030295327305793762,0.6288299560546875,0.14509804546833038,3.6666667461395264
973,345.87249904870987,0.028313033282756805,0.628448486328125,0.1515384465456009,4.255555629730225
974,346.3154839547351,0.02734847366809845,0.6280670166015625,0.1348201334476471,3.4961538314819336
975,346.864233084023,0.028149010613560677,0.627685546875,0.1516304314136505,3.9476187229156494
976,347.1923629762605,0.030304472893476486,0.6273040771484375,0.14444445073604584,3.6461539268493652
977,347.5096410131082,0.026542795822024345,0.626922607421875,0.14837607741355896,3.950000047683716
978,347.8241294901818,0.02944287657737732,0.6265411376953125,0.14931920170783997,3.774074077606201
979,348.1255967384204,0.025394802913069725,0.62615966796875,0.15693877637386322,4.2833333015441895
980,348.4489739211276,0.029551509767770767,0.6257781982421875,0.13634894788265228,3.7444446086883545
981,348.81976933032274,0.028215980157256126,0.625396728515625,0.13343702256679535,3.507692575454712
982,349.2226312812418,0.029577700421214104,0.6250152587890625,0.14572367072105408,3.581817865371704
983,349.54958433285356,0.024243740364909172,0.6246337890625,0.1505434811115265,4.15217399597168
984,349.9918391266838,0.027067076414823532,0.6242523193359375,0.14680851995944977,4.045454502105713
985,350.4361378289759,0.026900343596935272,0.623870849609375,0.15077398717403412,3.873913049697876
986,350.81914594583213,0.025046145543456078,0.6234893798828125,0.1478424072265625,3.934999942779541
987,351.14155152998865,0.026318185031414032,0.62310791015625,0.14397993683815002,3.690908908843994
988,351.4896196946502,0.027050400152802467,0.6227264404296875,0.14724025130271912,3.991304874420166
989,351.8044456606731,0.02835213951766491,0.622344970703125,0.13952206075191498,3.6480002403259277
990,352.1481993775815,0.03034737892448902,0.6219635009765625,0.1456666737794876,3.8608696460723877
991,352.46463924925774,0.029721342027187347,0.62158203125,0.15133437514305115,3.846153736114502
992,352.77752968203276,0.030352594330906868,0.6212005615234375,0.14363637566566467,3.704348087310791
993,353.1216294541955,0.027124494314193726,0.620819091796875,0.15700000524520874,4.424999713897705
994,353.4489574562758,0.03175920620560646,0.6204376220703125,0.1638115495443344,4.736842155456543
995,353.7603659229353,0.029247846454381943,0.62005615234375,0.16023856401443481,4.209523677825928
996,354.1056206813082,0.028010953217744827,0.6196746826171875,0.14256198704242706,4.099999904632568
997,354.4219610337168,0.028506072238087654,0.619293212890625,0.14715908467769623,3.874999761581421
998,354.80201925709844,0.02995876595377922,0.6189117431640625,0.1273239552974701,3.4448275566101074
999,355.1412460850552,0.029114896431565285,0.6185302734375,0.156273752450943,4.0199995040893555
1000,355.4486301233992,0.0283826757222414,0.6181488037109375,0.14700160920619965,4.026087284088135
1001,355.81022481340915,0.026686033234000206,0.617767333984375,0.15094991028308868,3.7720000743865967
1002,356.13769791089,0.028326217085123062,0.6173858642578125,0.1369597613811493,3.4791667461395264
1003,356.5234557427466,0.02916565351188183,0.61700439453125,0.14615383744239807,3.8541669845581055
1004,356.8666459340602,0.02389472723007202,0.6166229248046875,0.16294115781784058,4.321052551269531
1005,357.70109646581113,0.030283108353614807,0.616241455078125,0.1539393812417984,4.861538410186768
1006,358.126969628036,0.026406651362776756,0.6158599853515625,0.13791470229625702,3.700000047683716
1007,358.4748652661219,0.030986379832029343,0.615478515625,0.14855071902275085,3.7624995708465576
1008,359.01793786976486,0.024944595992565155,0.6150970458984375,0.14420731365680695,3.5079996585845947
1009,359.5068931793794,0.025142502039670944,0.614715576171875,0.15335892140865326,4.199999809265137
1010,359.8390593798831,0.029789544641971588,0.6143341064453125,0.16179540753364563,4.717646598815918
1011,360.1746236849576,0.02608475275337696,0.61395263671875,0.13965517282485962,3.776470899581909
1012,360.49023596942425,0.029351165518164635,0.6135711669921875,0.1486571878194809,4.1043477058410645
1013,360.8231721892953,0.02906033955514431,0.613189697265625,0.13562412559986115,3.200000524520874
1014,361.12661218084395,0.026389116421341896,0.6128082275390625,0.1542673110961914,3.8181822299957275
1015,361.4331934899092,0.029829228296875954,0.6124267578125,0.1446886509656906,3.9666662216186523
1016,361.7400180688128,0.02722671627998352,0.6120452880859375,0.14633333683013916,3.9653844833374023
1017,362.0468907393515,0.02683286741375923,0.611663818359375,0.1338735967874527,3.4000000953674316
1018,362.3659122372046,0.026932435110211372,0.6112823486328125,0.15311284363269806,4.241176605224609
1019,362.67190634366125,0.02972676046192646,0.61090087890625,0.1549738347530365,4.170833110809326
1020,362.98934623785317,0.02749756909906864,0.6105194091796875,0.14192982017993927,3.7150001525878906
1021,363.29373253230006,0.028522701933979988,0.610137939453125,0.15123558044433594,4.104545593261719
1022,363.6025684289634,0.02646038495004177,0.6097564697265625,0.14813560247421265,3.680000066757202
1023,363.9015358835459,0.027098793536424637,0.609375,0.1480225771665573,3.8999998569488525
1024,364.20523596927524,0.027212755754590034,0.6089935302734375,0.16007259488105774,4.400000095367432
1025,364.5112673258409,0.028111929073929787,0.608612060546875,0.15609757602214813,4.366666316986084
1026,364.8099525095895,0.029053131118416786,0.6082305908203125,0.14266467094421387,3.670370101928711
1027,365.1104835467413,0.02901262231171131,0.60784912109375,0.1422509104013443,3.8499996662139893
1028,365.4414105992764,0.027326228097081184,0.6074676513671875,0.13894736766815186,3.7269232273101807
1029,365.759394781664,0.028288347646594048,0.607086181640625,0.15093062818050385,3.5333330631256104
1030,366.06376649811864,0.02580154873430729,0.6067047119140625,0.14747826755046844,4.109090805053711
1031,366.38063108269125,0.025919685140252113,0.6063232421875,0.14376039803028107,3.6913044452667236
1032,366.71008250210434,0.027801718562841415,0.6059417724609375,0.13465648889541626,3.694443941116333
1033,367.0568344965577,0.031002594158053398,0.605560302734375,0.13954704999923706,3.4192311763763428
1034,367.5644069900736,0.029168857261538506,0.6051788330078125,0.14588046073913574,3.883333206176758
1035,367.9077835166827,0.02898433618247509,0.60479736328125,0.1344827562570572,3.5230765342712402
1036,368.2472631977871,0.02841314859688282,0.6044158935546875,0.1442340761423111,3.675999641418457
1037,368.56499028392136,0.02793796919286251,0.604034423828125,0.15336135029792786,4.27647066116333
1038,368.8804561095312,0.023388419300317764,0.6036529541015625,0.1529109627008438,4.02222204208374
1039,369.22922186832875,0.023282885551452637,0.603271484375,0.1467796415090561,3.7791669368743896
1040,369.5318030146882,0.028080949559807777,0.6028900146484375,0.14488188922405243,3.8440003395080566
1041,369.8382829129696,0.026735926046967506,0.602508544921875,0.15168142318725586,4.028571128845215
1042,370.1384363453835,0.02756575495004654,0.6021270751953125,0.14879032969474792,4.01578950881958
1043,370.4416634151712,0.02969171851873398,0.60174560546875,0.1409556269645691,4.0409088134765625
1044,370.7425539121032,0.02808023802936077,0.6013641357421875,0.14855071902275085,3.6842100620269775
1045,371.0458379201591,0.026982886716723442,0.600982666015625,0.14642234146595,4.080952167510986
1046,371.3870452614501,0.02901891991496086,0.6006011962890625,0.15047618746757507,3.8111114501953125
1047,371.69641014933586,0.029864292591810226,0.6002197265625,0.13734513521194458,4.00454568862915
1048,372.01055208034813,0.030228635296225548,0.5998382568359375,0.14490565657615662,3.749999761581421
1049,372.8037256198004,0.027989398688077927,0.599456787109375,0.15066005289554596,4.0714287757873535
1050,373.14533203467727,0.029378602281212807,0.5990753173828125,0.1402573436498642,3.8849997520446777
1051,373.55206907354295,0.026669897139072418,0.59869384765625,0.14418606460094452,3.8086955547332764
1052,373.8771758088842,0.0277317613363266,0.5983123779296875,0.13970346748828888,3.436363935470581
1053,374.23610192816705,0.02579275518655777,0.597930908203125,0.14661791920661926,4.1789469718933105
1054,374.55152911134064,0.025363486260175705,0.5975494384765625,0.1352664679288864,3.6458330154418945
1055,374.8701807484031,0.027543725445866585,0.59716796875,0.14562289416790009,3.588461399078369
1056,375.20730105321854,0.028438493609428406,0.5967864990234375,0.13535912334918976,3.694444417953491
1057,375.53024822007865,0.027284935116767883,0.596405029296875,0.17119048535823822,4.639999866485596
1058,375.8929882980883,0.030511505901813507,0.5960235595703125,0.1528497338294983,4.145454406738281
1059,376.24510762281716,0.02890562266111374,0.59564208984375,0.14074073731899261,3.7961537837982178
1060,376.56999050453305,0.02871737629175186,0.5952606201171875,0.14644479751586914,3.6259260177612305
1061,376.88530728872865,0.029462339356541634,0.594879150390625,0.1493975967168808,3.760000228881836
1062,377.24775294121355,0.025621576234698296,0.5944976806640625,0.148429736495018,4.252380847930908
1063,377.56946146301925,0.02965894341468811,0.5941162109375,0.14501607418060303,3.5500004291534424
1064,377.8741475949064,0.028034932911396027,0.5937347412109375,0.1518518477678299,4.005000114440918
1065,378.24008336197585,0.026944858953356743,0.593353271484375,0.14512579143047333,4.060000419616699
1066,378.55235448200256,0.026223311200737953,0.5929718017578125,0.13993661105632782,3.615384817123413
1067,378.85622412804514,0.0258386991918087,0.59259033203125,0.1477544903755188,3.582758903503418
1068,379.1545667126775,0.02364371530711651,0.5922088623046875,0.1431249976158142,3.7409088611602783
1069,379.454110391438,0.027002433314919472,0.591827392578125,0.1360856294631958,3.6038460731506348
1070,379.77634378615767,0.026570742949843407,0.5914459228515625,0.1539628952741623,3.7739129066467285
1071,380.0811426807195,0.02556491829454899,0.591064453125,0.14719100296497345,4.060870170593262
1072,380.41882166359574,0.026453079655766487,0.5906829833984375,0.1503584235906601,3.87600040435791
1073,380.7232813471928,0.02728630043566227,0.590301513671875,0.14856116473674774,3.989999294281006
1074,381.05708698835224,0.026370447129011154,0.5899200439453125,0.15282392501831055,4.038094997406006
1075,381.39381945785135,0.026776103302836418,0.58953857421875,0.13577106595039368,3.448148012161255
1076,381.71664504520595,0.02341417968273163,0.5891571044921875,0.1583479791879654,4.299999713897705
1077,382.03234169911593,0.02676057256758213,0.588775634765625,0.13993287086486816,3.5959997177124023
1078,382.38260371796787,0.028454551473259926,0.5883941650390625,0.13650567829608917,3.4392857551574707
1079,382.79323226213455,0.025853434577584267,0.5880126953125,0.1412598341703415,3.739999771118164
1080,383.15055193100125,0.02701733261346817,0.5876312255859375,0.14430604875087738,3.768420934677124
1081,383.50582216028124,0.023784462362527847,0.587249755859375,0.1487889289855957,4.085000038146973
1082,383.8353055296466,0.026251904666423798,0.5868682861328125,0.14504502713680267,3.5423076152801514
1083,384.41114904917777,0.025469303131103516,0.58648681640625,0.14577703177928925,3.7346150875091553
1084,384.7785866186023,0.026538074016571045,0.5861053466796875,0.152787446975708,4.1043477058410645
1085,385.08554287813604,0.02741130441427231,0.585723876953125,0.14625228941440582,3.9058823585510254
1086,385.3879561992362,0.028613099828362465,0.5853424072265625,0.14154589176177979,3.9043478965759277
1087,385.7057853983715,0.0287267304956913,0.5849609375,0.14408427476882935,3.537036657333374
1088,386.01791239436716,0.029580386355519295,0.5845794677734375,0.144972562789917,3.816666841506958
1089,386.36946268193424,0.026173720136284828,0.584197998046875,0.14887820184230804,3.8583335876464844
1090,386.69493168313056,0.027993284165859222,0.5838165283203125,0.14076656103134155,3.873913049697876
1091,387.0098036453128,0.024531228467822075,0.58343505859375,0.1397748589515686,3.7565221786499023
1092,387.34933040477335,0.028096387162804604,0.5830535888671875,0.14529617130756378,3.8142857551574707
1093,387.6670470619574,0.02653983049094677,0.582672119140625,0.14098100364208221,3.763636589050293
1094,388.01686109323055,0.028487538918852806,0.5822906494140625,0.15320512652397156,3.8227274417877197
1095,388.34073247015476,0.030989304184913635,0.5819091796875,0.14212273061275482,3.6624996662139893
1096,388.6966120833531,0.023699820041656494,0.5815277099609375,0.14401154220104218,3.799999952316284
1097,388.99969806615263,0.026346733793616295,0.581146240234375,0.14460545778274536,3.5071427822113037
1098,389.3573204977438,0.02377963811159134,0.5807647705078125,0.145167276263237,4.095454692840576
1099,389.85938618704677,0.030906077474355698,0.58038330078125,0.15130598843097687,4.22857141494751
1100,390.1622548000887,0.027729680761694908,0.5800018310546875,0.14605474472045898,3.738461494445801
1101,390.48562216199934,0.027158789336681366,0.579620361328125,0.15750528872013092,4.666666507720947
1102,390.8079856839031,0.029659699648618698,0.5792388916015625,0.16313868761062622,4.331818103790283
1103,391.14916084334254,0.028030255809426308,0.578857421875,0.13953489065170288,3.917391300201416
1104,391.44967778399587,0.025162113830447197,0.5784759521484375,0.1420339047908783,3.6260874271392822
1105,391.7772282138467,0.027537140995264053,0.578094482421875,0.14413224160671234,3.9772727489471436
1106,392.09520838037133,0.025455208495259285,0.5777130126953125,0.14811643958091736,3.890909433364868
1107,392.5905267894268,0.02598501555621624,0.57733154296875,0.1530081331729889,4.070000171661377
1108,392.93542944360524,0.027385182678699493,0.5769500732421875,0.1409982144832611,3.7239999771118164
1109,393.26522284932435,0.023489460349082947,0.576568603515625,0.14965985715389252,3.7749998569488525
1110,393.5683870501816,0.026541762053966522,0.5761871337890625,0.13295775651931763,3.5607142448425293
1111,393.8869766900316,0.026134904474020004,0.5758056640625,0.14881889522075653,3.582609176635742
1112,394.2427759412676,0.025247471407055855,0.5754241943359375,0.15436241030693054,4.0608696937561035
1113,394.54712077602744,0.027318226173520088,0.575042724609375,0.15597721934318542,4.280951499938965
1114,394.8713890546933,0.027652133256196976,0.5746612548828125,0.15100806951522827,4.385714530944824
1115,395.1701851077378,0.024360254406929016,0.57427978515625,0.14022988080978394,3.700000286102295
1116,395.5791710726917,0.0269903726875782,0.5738983154296875,0.14870776236057281,4.220000267028809
1117,395.9394335113466,0.027449339628219604,0.573516845703125,0.15413668751716614,4.110525608062744
1118,396.28454948961735,0.02524874173104763,0.5731353759765625,0.14874371886253357,3.9750001430511475
1119,396.7181902527809,0.02890995889902115,0.57275390625,0.14983221888542175,3.9666666984558105
1120,397.14621700905263,0.025807561352849007,0.5723724365234375,0.15018315613269806,3.942857027053833
1121,397.5013131890446,0.026548387482762337,0.571990966796875,0.15257234871387482,3.892000198364258
1122,397.83130108285695,0.02558271400630474,0.5716094970703125,0.15030550956726074,4.249999523162842
1123,398.1847812337801,0.02510046772658825,0.57122802734375,0.15317726135253906,4.110000133514404
1124,398.52355328481644,0.024404866620898247,0.5708465576171875,0.12810809910297394,3.439999580383301
1125,398.94303063862026,0.031017528846859932,0.570465087890625,0.15246213972568512,4.42142915725708
1126,399.263262395747,0.02821577712893486,0.5700836181640625,0.15806986391544342,4.1541666984558105
1127,399.6601354032755,0.022433891892433167,0.5697021484375,0.1446227878332138,3.777272939682007
1128,400.1136746099219,0.025126099586486816,0.5693206787109375,0.14456357061862946,3.588888645172119
1129,400.46258640289307,0.0268234983086586,0.568939208984375,0.14431999623775482,3.759999990463257
1130,400.91626504436135,0.025408586487174034,0.5685577392578125,0.13579709827899933,3.450000047683716
1131,401.240934480913,0.02760126255452633,0.56817626953125,0.1351681798696518,3.499999761581421
1132,401.5948350382969,0.023690855130553246,0.5677947998046875,0.1340000033378601,3.2551722526550293
1133,401.9033200722188,0.027825644239783287,0.567413330078125,0.14303572475910187,3.741666078567505
1134,402.2193091278896,0.027553550899028778,0.5670318603515625,0.15449827909469604,4.1823530197143555
1135,402.66849684808403,0.029869262129068375,0.566650390625,0.1406528204679489,3.510714292526245
1136,403.0152276242152,0.024190282449126244,0.5662689208984375,0.1280726194381714,3.2862069606781006
1137,403.3466652119532,0.02528277598321438,0.565887451171875,0.15337836742401123,3.980952262878418
1138,403.84305504802614,0.023031646385788918,0.5655059814453125,0.14700599014759064,3.9080002307891846
1139,404.1773555651307,0.02787480503320694,0.56512451171875,0.14145077764987946,3.508695125579834
1140,404.597481707111,0.027710409834980965,0.5647430419921875,0.14319726824760437,3.6599996089935303
1141,404.9382238574326,0.024397917091846466,0.564361572265625,0.15828877687454224,4.19374942779541
1142,405.3310422692448,0.026644080877304077,0.5639801025390625,0.13923445343971252,3.6666667461395264
1143,406.2797547187656,0.02677684836089611,0.5635986328125,0.16242775321006775,4.49500036239624
1144,406.62162589654326,0.022634044289588928,0.5632171630859375,0.1534883826971054,4.013636589050293
1145,406.9294154131785,0.024050025269389153,0.562835693359375,0.15656933188438416,4.27142858505249
1146,407.2543701911345,0.02734179049730301,0.5624542236328125,0.15157699584960938,4.134999752044678
1147,408.02136298362166,0.024433761835098267,0.56207275390625,0.14196892082691193,3.8650002479553223
1148,408.33168021496385,0.02640189789235592,0.5616912841796875,0.16215139627456665,4.394444465637207
1149,408.65865271165967,0.028127534314990044,0.561309814453125,0.15289513766765594,3.9636359214782715
1150,408.98280015960336,0.025714416056871414,0.5609283447265625,0.14479339122772217,3.796551465988159
1151,409.31507309991866,0.02522406354546547,0.560546875,0.16219007968902588,4.2944440841674805
1152,409.7630411013961,0.027604911476373672,0.5601654052734375,0.14388985931873322,4.25624942779541
1153,410.1779854046181,0.020961478352546692,0.559783935546875,0.15032680332660675,3.764000177383423
1154,410.62185177206993,0.025335228070616722,0.5594024658203125,0.13857616484165192,3.736363410949707
1155,410.9408407881856,0.027142925187945366,0.55902099609375,0.13752013444900513,3.5319998264312744
1156,411.2496075928211,0.02813652716577053,0.5586395263671875,0.15095652639865875,3.766666889190674
1157,411.5845251586288,0.024460887536406517,0.558258056640625,0.15714287757873535,4.427273273468018
1158,411.92365975584835,0.023937949910759926,0.5578765869140625,0.1478920876979828,3.961904525756836
1159,412.2488596178591,0.02655978687107563,0.5574951171875,0.14116504788398743,3.7849998474121094
1160,412.61736608017236,0.022467955946922302,0.5571136474609375,0.14853700995445251,4.047825813293457
1161,412.9261598782614,0.02514883503317833,0.556732177734375,0.14496754109859467,3.799999952316284
1162,413.24193686340004,0.023114532232284546,0.5563507080078125,0.1653696447610855,4.315789699554443
1163,413.5595906302333,0.023440325632691383,0.55596923828125,0.1558823436498642,4.065000057220459
1164,413.877416273579,0.022383438423275948,0.5555877685546875,0.1430513560771942,4.155555248260498
1165,414.35787591617554,0.029247526079416275,0.555206298828125,0.15153583884239197,3.696000099182129
1166,414.7000446366146,0.02300325036048889,0.5548248291015625,0.1474694460630417,3.9479994773864746
1167,415.01188353821635,0.025140879675745964,0.554443359375,0.15210793912410736,3.9761905670166016
1168,415.33816089853644,0.02667897939682007,0.5540618896484375,0.1449526846408844,3.8359997272491455
1169,415.70917437784374,0.02749655582010746,0.553680419921875,0.15240740776062012,4.013043403625488
1170,416.0628629941493,0.029574645683169365,0.5532989501953125,0.14183007180690765,3.6479997634887695
1171,416.76074189599603,0.025588668882846832,0.55291748046875,0.14679715037345886,4.115789413452148
1172,417.07501549553126,0.02687554433941841,0.5525360107421875,0.1360902190208435,3.4521737098693848
1173,417.38838505372405,0.025005942210555077,0.552154541015625,0.13984496891498566,3.510713815689087
1174,417.7754273330793,0.028085893020033836,0.5517730712890625,0.14654089510440826,3.892000198364258
1175,418.09908750932664,0.0286045353859663,0.5513916015625,0.14375001192092896,3.708695411682129
1176,418.41803490463644,0.024504585191607475,0.5510101318359375,0.14934639632701874,3.7095234394073486
1177,418.7258978113532,0.02588304877281189,0.550628662109375,0.13957935571670532,3.9391303062438965
1178,419.08353104256094,0.023996157571673393,0.5502471923828125,0.15254832804203033,4.127272605895996
1179,419.38624634500593,0.021699633449316025,0.54986572265625,0.1456310749053955,3.736363410949707
1180,419.7536576958373,0.027375509962439537,0.5494842529296875,0.14471669495105743,3.5916664600372314
1181,420.0817282097414,0.026633551344275475,0.549102783203125,0.14432676136493683,3.7772727012634277
1182,420.40998756326735,0.022684307768940926,0.5487213134765625,0.15144804120063782,3.968181610107422
1183,420.7375774467364,0.025261307135224342,0.54833984375,0.1341605931520462,3.482142925262451
1184,421.08558673225343,0.0286700576543808,0.5479583740234375,0.1475953608751297,3.9041664600372314
1185,421.40234517585486,0.02686728723347187,0.547576904296875,0.14686907827854156,3.9599997997283936
1186,421.9489593785256,0.024585938081145287,0.5471954345703125,0.13971519470214844,3.492307424545288
1187,422.66089324466884,0.024954866617918015,0.54681396484375,0.15294116735458374,4.020833492279053
1188,422.98156551644206,0.025653716176748276,0.5464324951171875,0.1411111205816269,3.731818437576294
1189,423.3071008529514,0.026376230642199516,0.546051025390625,0.15587247908115387,3.7760000228881836
1190,423.6451566675678,0.025242388248443604,0.5456695556640625,0.15206767618656158,4.229412078857422
1191,423.95158236287534,0.025951121002435684,0.5452880859375,0.14428342878818512,3.9952378273010254
1192,424.2560877529904,0.024750586599111557,0.5449066162109375,0.1406896561384201,3.91304349899292
1193,424.567668274045,0.026046155020594597,0.544525146484375,0.14522004127502441,3.325000286102295
1194,424.90869882144034,0.024149861186742783,0.5441436767578125,0.15071429312229156,4.049999713897705
1195,425.21914034709334,0.022984152659773827,0.54376220703125,0.14895103871822357,4.069565296173096
1196,425.5365268588066,0.025406505912542343,0.5433807373046875,0.14874610304832458,3.859999895095825
1197,426.0287447180599,0.024891288951039314,0.542999267578125,0.14347133040428162,3.434999942779541
1198,426.40415457915515,0.0264174472540617,0.5426177978515625,0.15639731287956238,4.108333110809326
1199,426.72954932786524,0.024150947108864784,0.542236328125,0.15246711671352386,4.166666507720947
1200,427.04094986990094,0.021591339260339737,0.5418548583984375,0.14614064991474152,3.747368574142456
1201,427.3693670006469,0.026551861315965652,0.541473388671875,0.1451968550682068,3.8791663646698
1202,427.69667508173734,0.02490711770951748,0.5410919189453125,0.15700000524520874,3.98799991607666
1203,428.00374529697,0.025734325870871544,0.54071044921875,0.13598725199699402,3.570833206176758
1204,428.35244391765445,0.025627009570598602,0.5403289794921875,0.14489437639713287,3.8999998569488525
1205,428.67865102458745,0.02360766939818859,0.539947509765625,0.14643511176109314,3.8956520557403564
1206,429.00425228569657,0.023057371377944946,0.5395660400390625,0.15082956850528717,3.4375
1207,429.39084119722247,0.026821285486221313,0.5391845703125,0.15387263894081116,4.278946876525879
1208,429.75505896285176,0.02860289067029953,0.5388031005859375,0.14396551251411438,3.866666793823242
1209,430.152392661199,0.023912174627184868,0.538421630859375,0.14480409026145935,3.960869550704956
1210,430.46740147285163,0.02401411160826683,0.5380401611328125,0.14197731018066406,3.615384578704834
1211,430.8149149203673,0.025511426851153374,0.53765869140625,0.1529316008090973,3.9079995155334473
1212,431.1526427650824,0.025356542319059372,0.5372772216796875,0.14332248270511627,3.721052885055542
1213,431.45359153300524,0.024046968668699265,0.536895751953125,0.14399324357509613,3.6818182468414307
1214,431.75429002568126,0.02224660851061344,0.5365142822265625,0.14936015009880066,4.1954545974731445
1215,432.05953829269856,0.026743842288851738,0.5361328125,0.1428813636302948,3.7291669845581055
1216,432.43253900296986,0.02822621539235115,0.5357513427734375,0.16133332252502441,4.221052169799805
1217,432.7471736650914,0.026596814393997192,0.535369873046875,0.1618395298719406,4.616666793823242
1218,433.0769825410098,0.02710282988846302,0.5349884033203125,0.14932431280612946,3.777272939682007
1219,433.5156477028504,0.023763006553053856,0.53460693359375,0.16679035127162933,4.495454788208008
1220,433.84543426707387,0.02367248199880123,0.5342254638671875,0.1550653576850891,4.1875
1221,434.169305392541,0.027902914211153984,0.533843994140625,0.14278922975063324,3.6086957454681396
1222,434.55147204268724,0.022844728082418442,0.5334625244140625,0.1428816318511963,3.950000047683716
1223,434.94914942234755,0.02433241903781891,0.5330810546875,0.14695224165916443,3.6041667461395264
1224,435.29644658975303,0.024502301588654518,0.5326995849609375,0.14753086864948273,3.9374992847442627
1225,435.5976774021983,0.02479269541800022,0.532318115234375,0.15775510668754578,4.070000648498535
1226,435.89839754719287,0.023617099970579147,0.5319366455078125,0.1525684893131256,4.199999809265137
1227,436.19974414724857,0.026208920404314995,0.53155517578125,0.1556718945503235,4.090000152587891
1228,436.50399392284453,0.025101307779550552,0.5311737060546875,0.15303030610084534,3.92380952835083
1229,436.80361896473914,0.028717925772070885,0.530792236328125,0.15824371576309204,4.3173909187316895
1230,437.1080972440541,0.02473805658519268,0.5304107666015625,0.14098124206066132,3.7925922870635986
1231,437.4239488299936,0.02721773274242878,0.530029296875,0.15228275954723358,3.646428346633911
1232,437.72909479308873,0.024138813838362694,0.5296478271484375,0.1315028965473175,3.3892858028411865
1233,438.0870115607977,0.025041302666068077,0.529266357421875,0.15007948875427246,3.7083332538604736
1234,438.42222021799535,0.025008443742990494,0.5288848876953125,0.1446397304534912,3.9749999046325684
1235,438.7389253396541,0.026132535189390182,0.52850341796875,0.1559099406003952,4.126315593719482
1236,439.15352132357657,0.023924730718135834,0.5281219482421875,0.1470288634300232,3.961904525756836
1237,439.5850554490462,0.02597375214099884,0.527740478515625,0.1454968899488449,3.8416664600372314
1238,439.9006525631994,0.025484981015324593,0.5273590087890625,0.14396825432777405,3.7269232273101807
1239,440.4563276069239,0.024193905293941498,0.5269775390625,0.14900459349155426,3.6740739345550537
1240,440.76834100764245,0.024311432614922523,0.5265960693359375,0.1430906504392624,3.844444513320923
1241,441.17905559483916,0.025234553962945938,0.526214599609375,0.15210726857185364,4.023529052734375
1242,441.5378696816042,0.025173967704176903,0.5258331298828125,0.14270354807376862,3.6115384101867676
1243,441.8585599772632,0.025262657552957535,0.52545166015625,0.14038461446762085,3.653846502304077
1244,442.18442601989955,0.02591611258685589,0.5250701904296875,0.15182481706142426,4.073913097381592
1245,442.4926611389965,0.02280494011938572,0.524688720703125,0.1460960954427719,3.8826088905334473
1246,442.872103552334,0.023923099040985107,0.5243072509765625,0.1459016352891922,3.500000238418579
1247,443.17055452335626,0.024477411061525345,0.52392578125,0.16558043658733368,4.472222805023193
1248,443.46935598552227,0.023875385522842407,0.5235443115234375,0.1517421454191208,4.233333587646484
1249,443.80493071489036,0.024719417095184326,0.523162841796875,0.15605786442756653,4.0208330154418945
1250,444.1157668977976,0.022337108850479126,0.5227813720703125,0.1482173204421997,3.9791667461395264
1251,444.43187996931374,0.025219429284334183,0.52239990234375,0.15260323882102966,4.333332538604736
1252,444.77182519063354,0.022094132378697395,0.5220184326171875,0.14912891387939453,3.730769634246826
1253,445.105245212093,0.024579573422670364,0.521636962890625,0.15849058330059052,4.4499993324279785
1254,445.4096854394302,0.023082632571458817,0.5212554931640625,0.15095651149749756,4.1181817054748535
1255,445.71767903957516,0.025608042255043983,0.5208740234375,0.15112540125846863,3.7869560718536377
1256,446.0226478371769,0.028214609250426292,0.5204925537109375,0.14234694838523865,4.079999923706055
1257,446.32277199439704,0.022580508142709732,0.520111083984375,0.14507512748241425,3.569230556488037
1258,446.6302904067561,0.02349311113357544,0.5197296142578125,0.14145909249782562,3.986363410949707
1259,447.0934780165553,0.022815586999058723,0.51934814453125,0.14744269847869873,3.890000104904175
1260,447.4521949701011,0.024403370916843414,0.5189666748046875,0.1534070074558258,4.287499904632568
1261,447.89236045256257,0.026058785617351532,0.518585205078125,0.14043259620666504,3.7535717487335205
1262,448.2170833609998,0.024991843849420547,0.5182037353515625,0.15991902351379395,4.426666259765625
1263,448.6105613121763,0.02339981310069561,0.517822265625,0.13908256590366364,3.684999942779541
1264,448.9251023279503,0.025631293654441833,0.5174407958984375,0.14311476051807404,3.847618818283081
1265,449.25067561585456,0.02685072459280491,0.517059326171875,0.15221089124679565,3.8399999141693115
1266,449.5942946122959,0.02566150575876236,0.5166778564453125,0.15508316457271576,4.2772722244262695
1267,449.93316391669214,0.02305435575544834,0.51629638671875,0.159514918923378,4.433333396911621
1268,450.39426960609853,0.024867884814739227,0.5159149169921875,0.15187165141105652,3.983333110809326
1269,450.769374278374,0.021394893527030945,0.515533447265625,0.15607476234436035,4.231578826904297
1270,451.192488967441,0.022806240245699883,0.5151519775390625,0.14803922176361084,4.009999752044678
1271,451.561112171039,0.023361576721072197,0.5147705078125,0.15034964680671692,3.8439996242523193
1272,451.88667916785926,0.023918678984045982,0.5143890380859375,0.15822552144527435,4.378947734832764
1273,452.2226388845593,0.02510790154337883,0.514007568359375,0.1475953757762909,4.061904430389404
1274,452.53533111233264,0.02589035965502262,0.5136260986328125,0.14647160470485687,3.5730767250061035
1275,452.84652879834175,0.023507338017225266,0.51324462890625,0.13902878761291504,4.049999713897705
1276,453.1896151965484,0.021134501323103905,0.5128631591796875,0.16039933264255524,3.991666555404663
1277,453.4946097424254,0.02538321726024151,0.512481689453125,0.14747145771980286,3.8043477535247803
1278,453.8495451072231,0.022733068093657494,0.5121002197265625,0.1459866315126419,3.9666666984558105
1279,454.16664811223745,0.02534608729183674,0.51171875,0.14799998700618744,3.999999523162842
1280,454.48791816458106,0.023701012134552002,0.5113372802734375,0.15737052261829376,4.147618770599365
1281,454.84093313571066,0.022898077964782715,0.510955810546875,0.16074076294898987,4.580000400543213
1282,455.211067722179,0.025218117982149124,0.5105743408203125,0.13812825083732605,4.030435085296631
1283,455.57060052920133,0.02376629039645195,0.51019287109375,0.1584690660238266,3.871999740600586
1284,455.895520911552,0.02586134895682335,0.5098114013671875,0.14129213988780975,3.7464287281036377
1285,456.2079035816714,0.02522389218211174,0.509429931640625,0.1576923131942749,3.9050002098083496
1286,456.5287352045998,0.021892009302973747,0.5090484619140625,0.15177196264266968,3.969230890274048
1287,456.8806154066697,0.022432837635278702,0.5086669921875,0.15033003687858582,3.8052632808685303
1288,457.18303160276264,0.02436797134578228,0.5082855224609375,0.14474432170391083,3.9692306518554688
1289,457.54954168666154,0.022861937060952187,0.507904052734375,0.14384615421295166,3.609090566635132
1290,457.94532093405724,0.021782023832201958,0.5075225830078125,0.16651982069015503,4.380000114440918
1291,458.25629066023976,0.024181965738534927,0.50714111328125,0.16221803426742554,4.458823204040527
1292,458.5624720621854,0.024325987324118614,0.5067596435546875,0.1486823856830597,4.0
1293,458.8706085346639,0.025647234171628952,0.506378173828125,0.15197254717350006,3.763636589050293
1294,459.1789519498125,0.022776387631893158,0.5059967041015625,0.13814230263233185,4.006249904632568
1295,459.8634231528267,0.021757379174232483,0.505615234375,0.14488635957241058,3.7347826957702637
1296,460.20378734823316,0.02261156216263771,0.5052337646484375,0.16558043658733368,4.641176700592041
1297,460.5270798485726,0.02396056428551674,0.504852294921875,0.1565062403678894,4.150000095367432
1298,460.8302377080545,0.022902579978108406,0.5044708251953125,0.14215531945228577,3.944000005722046
1299,461.14299631118774,0.024589983746409416,0.50408935546875,0.15168540179729462,3.752631425857544
1300,461.471328641288,0.021490320563316345,0.5037078857421875,0.15553435683250427,4.488234996795654
1301,461.8317575035617,0.023986132815480232,0.503326416015625,0.15408924221992493,4.099999904632568
1302,462.21263037621975,0.0225315373390913,0.5029449462890625,0.1455611288547516,3.7272727489471436
1303,462.53795042354614,0.023910041898489,0.5025634765625,0.15098388493061066,4.095238208770752
1304,462.91638587228954,0.025237346068024635,0.5021820068359375,0.14949153363704681,3.9925923347473145
1305,463.2342745140195,0.026205331087112427,0.501800537109375,0.15940408408641815,4.231578826904297
1306,463.5566280577332,0.023787610232830048,0.5014190673828125,0.14603175222873688,3.872727394104004
1307,463.99705750960857,0.0251797866076231,0.50103759765625,0.15522389113903046,3.9952378273010254
1308,464.30765205528587,0.02540930174291134,0.5006561279296875,0.14814190566539764,3.877272844314575
1309,464.66350794397295,0.02497127465903759,0.500274658203125,0.1471119076013565,3.9833335876464844
1310,465.03114898875356,0.0220496766269207,0.4998931884765625,0.14818324148654938,3.8541667461395264
1311,465.37377259973437,0.022838853299617767,0.49951171875,0.1586056649684906,4.294444561004639
1312,465.69248996209353,0.0238319244235754,0.4991302490234375,0.15097691118717194,4.440000057220459
1313,466.0242381878197,0.023732123896479607,0.498748779296875,0.14801178872585297,3.8000001907348633
1314,466.4370968127623,0.021902235224843025,0.4983673095703125,0.16190475225448608,4.004347801208496
1315,466.807099789381,0.023803047835826874,0.49798583984375,0.1485804319381714,3.9909088611602783
1316,467.1428865091875,0.02225840464234352,0.4976043701171875,0.14325109124183655,3.6290323734283447
1317,467.5536222970113,0.02301807515323162,0.497222900390625,0.1451515257358551,3.5749998092651367
1318,467.97042999602854,0.02410501055419445,0.4968414306640625,0.1487179547548294,3.9076919555664062
1319,468.3020586259663,0.023586172610521317,0.4964599609375,0.150777205824852,3.9695653915405273
1320,468.7475521527231,0.02465948835015297,0.4960784912109375,0.15000000596046448,3.8157894611358643
1321,469.051176905632,0.02408645860850811,0.495697021484375,0.1494845300912857,4.165217399597168
1322,469.36001855507493,0.024283036589622498,0.4953155517578125,0.14702194929122925,3.871999740600586
1323,469.688975347206,0.025564050301909447,0.49493408203125,0.1555926650762558,4.17058801651001
1324,469.9951526205987,0.0229171235114336,0.4945526123046875,0.1484304964542389,3.6586203575134277
1325,470.3152245655656,0.02593003399670124,0.494171142578125,0.1451219618320465,3.718181610107422
1326,470.61877012904733,0.025718312710523605,0.4937896728515625,0.1750902533531189,4.8142852783203125
1327,470.97373658418655,0.025421874597668648,0.493408203125,0.1485714167356491,3.9772722721099854
1328,471.29251949861646,0.023402497172355652,0.4930267333984375,0.14803920686244965,3.909090995788574
1329,471.60696435160935,0.025141190737485886,0.492645263671875,0.15189392864704132,4.212500095367432
1330,471.9631693214178,0.02392043173313141,0.4922637939453125,0.1447214037179947,3.7461535930633545
1331,472.47231579292566,0.022449932992458344,0.49188232421875,0.14940977096557617,3.999999761581421
1332,472.83840434998274,0.022213637828826904,0.4915008544921875,0.14896906912326813,3.6708333492279053
1333,473.1544684385881,0.023170752450823784,0.491119384765625,0.15175437927246094,3.9708330631256104
1334,473.46922306902707,0.023930050432682037,0.4907379150390625,0.14533333480358124,3.9666664600372314
1335,473.772019113414,0.02288820780813694,0.4903564453125,0.1536082625389099,3.961904525756836
1336,474.07234666496515,0.025005852803587914,0.4899749755859375,0.1479279100894928,4.114999771118164
1337,474.4088626159355,0.02382226102054119,0.489593505859375,0.15202492475509644,3.799999475479126
1338,474.83253304474056,0.023877620697021484,0.4892120361328125,0.14210525155067444,3.995833396911621
1339,475.4207022963092,0.023967353627085686,0.48883056640625,0.14983278512954712,3.6956517696380615
1340,475.7423587702215,0.025666743516921997,0.4884490966796875,0.15608108043670654,3.950000047683716
1341,476.04364929534495,0.026935402303934097,0.488067626953125,0.14753788709640503,4.257894515991211
1342,476.3911228273064,0.02342001162469387,0.4876861572265625,0.16802217066287994,4.359999656677246
1343,477.24225377105176,0.025812499225139618,0.4873046875,0.14921629428863525,3.945833206176758
1344,477.5589290158823,0.02403358370065689,0.4869232177734375,0.14749597012996674,3.7279999256134033
1345,477.8829529611394,0.025315139442682266,0.486541748046875,0.15471380949020386,4.147368431091309
1346,478.2096813460812,0.02296033315360546,0.4861602783203125,0.15142858028411865,4.0333333015441895
1347,478.51351630687714,0.024357832968235016,0.48577880859375,0.14332784712314606,3.786363363265991
1348,478.8157664267346,0.02383282221853733,0.4853973388671875,0.1518590897321701,4.104762077331543
1349,479.1167630860582,0.021398581564426422,0.485015869140625,0.1515199989080429,4.079166889190674
1350,479.42940909508616,0.022800473496317863,0.4846343994140625,0.15141430497169495,3.708695888519287
1351,479.7385524129495,0.022031491622328758,0.4842529296875,0.15472973883152008,4.2599992752075195
1352,480.0408389233053,0.021834522485733032,0.4838714599609375,0.15973377227783203,3.9576921463012695
1353,480.34109820611775,0.023548761382699013,0.483489990234375,0.1480066478252411,4.323529243469238
1354,480.66471566073596,0.02606021985411644,0.4831085205078125,0.1520978957414627,3.764000177383423
1355,480.9775219131261,0.021338649094104767,0.48272705078125,0.1429048478603363,3.762500047683716
1356,481.29464934486896,0.02426544390618801,0.4823455810546875,0.14991922676563263,4.083333492279053
1357,481.6426246063784,0.024168947711586952,0.481964111328125,0.14892637729644775,3.5199999809265137
1358,482.00458585098386,0.023301783949136734,0.4815826416015625,0.1467226892709732,4.025000095367432
1359,482.4053360670805,0.02328176610171795,0.481201171875,0.14020797610282898,4.1105265617370605
1360,482.7796530276537,0.02457401342689991,0.4808197021484375,0.15588785707950592,3.5695650577545166
1361,483.0944177880883,0.02433514967560768,0.480438232421875,0.1535971313714981,4.454999923706055
1362,483.422232888639,0.022330909967422485,0.4800567626953125,0.15430209040641785,4.347367763519287
1363,483.7785005271435,0.020224764943122864,0.47967529296875,0.1498349905014038,3.6000001430511475
1364,484.24228080920875,0.0222550630569458,0.4792938232421875,0.15825770795345306,4.318181991577148
1365,484.5909899985418,0.023612024262547493,0.478912353515625,0.14376996457576752,3.9157896041870117
1366,484.9617019565776,0.02705240249633789,0.4785308837890625,0.15019305050373077,3.791304588317871
1367,485.27941290289164,0.023481659591197968,0.4781494140625,0.1515571027994156,3.9391303062438965
1368,485.6125278258696,0.024614596739411354,0.4777679443359375,0.14712285995483398,3.825000047683716
1369,485.9283983176574,0.023685170337557793,0.477386474609375,0.15434783697128296,4.259090900421143
1370,486.2432161681354,0.024052195250988007,0.4770050048828125,0.1452961564064026,3.786363363265991
1371,486.561751043424,0.025292079895734787,0.47662353515625,0.16256684064865112,4.221739292144775
1372,486.89975627232343,0.022821761667728424,0.4762420654296875,0.1432766616344452,3.9000000953674316
1373,487.2302818354219,0.024540530517697334,0.475860595703125,0.15099456906318665,3.8181817531585693
1374,487.55895577091724,0.02466699853539467,0.4754791259765625,0.15656371414661407,4.188889026641846
1375,487.8800435187295,0.025164980441331863,0.47509765625,0.14723078906536102,3.936363935470581
1376,488.2050870452076,0.022200025618076324,0.4747161865234375,0.1568058282136917,3.9541666507720947
1377,488.53132672421634,0.02493353560566902,0.474334716796875,0.15122808516025543,4.295651912689209
1378,488.88140258099884,0.02428009919822216,0.4739532470703125,0.1497688740491867,3.7782609462738037
1379,489.3507024003193,0.027289636433124542,0.47357177734375,0.142251655459404,3.617241144180298
1380,490.008699352853,0.022090254351496696,0.4731903076171875,0.14872205257415771,3.884615182876587
1381,490.4052236592397,0.024754837155342102,0.472808837890625,0.16532845795154572,3.9476191997528076
1382,490.7344922320917,0.025960184633731842,0.4724273681640625,0.14102990925312042,4.047826766967773
1383,491.05546648520976,0.02201039157807827,0.4720458984375,0.1522243767976761,4.099999904632568
1384,491.39639927633107,0.023877833038568497,0.4716644287109375,0.15235689282417297,4.243477821350098
1385,491.74850102793425,0.02661941945552826,0.471282958984375,0.1511627733707428,3.7320001125335693
1386,492.2139189001173,0.02439982071518898,0.4709014892578125,0.14510086178779602,3.737499952316284
1387,492.5339600360021,0.027079159393906593,0.47052001953125,0.13558106124401093,3.5374999046325684
1388,492.97026587091386,0.02299891971051693,0.4701385498046875,0.15621018409729004,3.9863638877868652
1389,493.4986481079832,0.023426411673426628,0.469757080078125,0.15354330837726593,3.8615381717681885
1390,493.83084936533123,0.022679580375552177,0.4693756103515625,0.14921465516090393,3.795454502105713
1391,494.1597672402859,0.023471489548683167,0.468994140625,0.1484629213809967,4.181818008422852
1392,494.47511299327016,0.028247812762856483,0.4686126708984375,0.14659863710403442,3.8399996757507324
1393,494.7885079141706,0.021389152854681015,0.468231201171875,0.1381877213716507,3.7839999198913574
1394,495.1776217762381,0.026804212480783463,0.4678497314453125,0.1619565188884735,4.122727394104004
1395,495.5080702872947,0.02465410716831684,0.46746826171875,0.1646234691143036,4.2708330154418945
1396,495.84067683201283,0.021571341902017593,0.4670867919921875,0.15912699699401855,4.447368144989014
1397,496.15511737111956,0.02443251945078373,0.466705322265625,0.15742188692092896,4.505882263183594
1398,496.471514984034,0.026136768981814384,0.4663238525390625,0.15096773207187653,3.8578944206237793
1399,496.794721160084,0.024639571085572243,0.4659423828125,0.16076922416687012,4.0291666984558105
1400,497.1348467031494,0.02373417653143406,0.4655609130859375,0.15833333134651184,4.514285087585449
1401,497.4643075456843,0.02328866347670555,0.465179443359375,0.1475590467453003,4.054166316986084
1402,497.78890220914036,0.026285365223884583,0.4647979736328125,0.14794301986694336,3.58695650100708
1403,498.1380320722237,0.024468477815389633,0.46441650390625,0.162038654088974,4.145833492279053
1404,498.47963156271726,0.025690749287605286,0.4640350341796875,0.15072229504585266,3.92380952835083
1405,498.7927028508857,0.024515824392437935,0.463653564453125,0.15486381947994232,4.136842250823975
1406,499.10899684857577,0.023917730897665024,0.4632720947265625,0.15567970275878906,4.077272415161133
1407,499.430026977323,0.023856228217482567,0.462890625,0.15470780432224274,4.359090805053711
1408,499.7464074380696,0.022120850160717964,0.4625091552734375,0.1636916846036911,4.142857551574707
1409,500.1709421966225,0.02106698602437973,0.462127685546875,0.15544931590557098,4.168420791625977
1410,500.5221148626879,0.02137661725282669,0.4617462158203125,0.15930233895778656,4.675000190734863
1411,500.8261875351891,0.022572392597794533,0.46136474609375,0.15679998695850372,4.284999847412109
1412,501.1864010281861,0.026636695489287376,0.4609832763671875,0.160578653216362,4.159999847412109
1413,501.63340998534113,0.025386910885572433,0.460601806640625,0.1682419627904892,4.684999942779541
1414,502.0408293856308,0.022186588495969772,0.4602203369140625,0.1516934186220169,4.200000286102295
1415,502.40993316471577,0.02364770695567131,0.4598388671875,0.1492411494255066,3.633333444595337
1416,502.72424141317606,0.024166805669665337,0.4594573974609375,0.16036483645439148,4.490909099578857
1417,503.0367637127638,0.023520056158304214,0.459075927734375,0.15042157471179962,3.808000087738037
1418,503.3404682073742,0.025679808109998703,0.4586944580078125,0.13427361845970154,3.427586078643799
1419,503.64150640554726,0.021341001614928246,0.45831298828125,0.14741235971450806,3.726315975189209
1420,503.9465974830091,0.025579949840903282,0.4579315185546875,0.15233644843101501,3.946153402328491
1421,504.25014512985945,0.024037912487983704,0.457550048828125,0.15711835026741028,4.127999782562256
1422,504.5648283790797,0.023229526355862617,0.4571685791015625,0.14814242720603943,3.7799999713897705
1423,504.9049806119874,0.02172325737774372,0.456787109375,0.15914742648601532,4.429411888122559
1424,505.23726699128747,0.026649383828043938,0.4564056396484375,0.15600676834583282,4.170833110809326
1425,505.5607262272388,0.027360966429114342,0.456024169921875,0.14812397956848145,3.8153843879699707
1426,505.8744255034253,0.025390300899744034,0.4556427001953125,0.1501712203025818,3.9782605171203613
1427,506.18221835326403,0.022678030654788017,0.45526123046875,0.14636363089084625,3.5888888835906982
1428,506.5045447247103,0.025754574686288834,0.4548797607421875,0.14530202746391296,3.8578948974609375
1429,507.1411940548569,0.022600384429097176,0.454498291015625,0.15367521345615387,3.9559998512268066
1430,507.4434306314215,0.02236214280128479,0.4541168212890625,0.15055148303508759,4.784615516662598
1431,507.7438005749136,0.022556010633707047,0.4537353515625,0.14848484098911285,3.6555557250976562
1432,508.04298522602767,0.023206565529108047,0.4533538818359375,0.1516544222831726,4.073913097381592
1433,508.34532055910677,0.022680437192320824,0.452972412109375,0.15285234153270721,3.863999843597412
1434,508.64689510315657,0.026949265971779823,0.4525909423828125,0.15027423202991486,4.2833333015441895
1435,508.94446089025587,0.02155381627380848,0.45220947265625,0.15779660642147064,3.738095283508301
1436,509.4200072865933,0.02483568899333477,0.4518280029296875,0.15159572660923004,4.4210524559021
1437,509.7464557401836,0.024332107976078987,0.451446533203125,0.15000000596046448,4.049999713897705
1438,510.23900435864925,0.022606806829571724,0.4510650634765625,0.15445378422737122,3.892308235168457
1439,510.55853401869535,0.021245179697871208,0.45068359375,0.15000000596046448,3.904348373413086
1440,510.9809229467064,0.02636006847023964,0.4503021240234375,0.1500851958990097,3.980952262878418
1441,511.30520283523947,0.022533930838108063,0.449920654296875,0.14745762944221497,3.9000000953674316
1442,511.67720485664904,0.02012588270008564,0.4495391845703125,0.1457483023405075,3.857142925262451
1443,512.0387426083907,0.021903442218899727,0.44915771484375,0.15968063473701477,4.178947448730469
1444,512.3784353109077,0.02438242919743061,0.4487762451171875,0.14863480627536774,4.186956882476807
1445,512.7060380466282,0.02125878445804119,0.448394775390625,0.15437063574790955,4.038094997406006
1446,513.0241295760497,0.02493898570537567,0.4480133056640625,0.155341237783432,3.8307695388793945
1447,513.3504885388538,0.023382075130939484,0.4476318359375,0.15097689628601074,3.969564914703369
1448,513.6578723751009,0.025885723531246185,0.4472503662109375,0.17590132355690002,4.631249904632568
1449,514.0359469773248,0.025319423526525497,0.446868896484375,0.1453924924135208,4.357142925262451
1450,514.4115900499746,0.022943155840039253,0.4464874267578125,0.1476489156484604,3.6518518924713135
1451,514.753865711391,0.023449823260307312,0.44610595703125,0.14754654467105865,3.9708335399627686
1452,515.1052679317072,0.02294311299920082,0.4457244873046875,0.16470587253570557,4.312500476837158
1453,515.439904958941,0.02193543128669262,0.445343017578125,0.1409967839717865,3.883333921432495
1454,515.7631815290079,0.026496103033423424,0.4449615478515625,0.15355029702186584,3.6869559288024902
1455,516.0929456753656,0.021589579060673714,0.444580078125,0.15338709950447083,3.907407522201538
1456,517.2098073400557,0.020870987325906754,0.4441986083984375,0.1443886011838913,3.872000217437744
1457,517.6074983431026,0.021800218150019646,0.443817138671875,0.15970148146152496,4.3333330154418945
1458,517.9183605508879,0.02827412262558937,0.4434356689453125,0.15966545045375824,4.168420791625977
1459,518.2496922938153,0.023245085030794144,0.44305419921875,0.15450704097747803,4.019999980926514
1460,518.6525185042992,0.023349644616246223,0.4426727294921875,0.15038400888442993,3.7227272987365723
1461,518.9853129936382,0.02449132688343525,0.442291259765625,0.16143791377544403,4.128571510314941
1462,519.3146534981206,0.020667677745223045,0.4419097900390625,0.1486312448978424,3.948000192642212
1463,519.6557962559164,0.025096850469708443,0.4415283203125,0.15388350188732147,4.059999465942383
1464,519.9664475051686,0.02449926547706127,0.4411468505859375,0.1568014770746231,3.9777777194976807
1465,520.3057881528512,0.02581191249191761,0.440765380859375,0.16295653581619263,4.468181610107422
1466,520.682450142689,0.022662943229079247,0.4403839111328125,0.14811593294143677,3.8516128063201904
1467,521.0137824555859,0.02660668082535267,0.44000244140625,0.14722663164138794,3.8130435943603516
1468,521.4143501734361,0.019909856840968132,0.4396209716796875,0.1540849655866623,4.0333333015441895
1469,521.8191565694287,0.0233367457985878,0.439239501953125,0.16679316759109497,4.266666412353516
1470,522.1480103330687,0.024430377408862114,0.4388580322265625,0.1614963561296463,4.472727298736572
1471,522.6096711736172,0.021212534978985786,0.4384765625,0.15050336718559265,3.8545453548431396
1472,522.9680050117895,0.02194293402135372,0.4380950927734375,0.15260323882102966,4.110526084899902
1473,523.2926861392334,0.022190671414136887,0.437713623046875,0.14521604776382446,3.8913040161132812
1474,523.6292067412287,0.024035653099417686,0.4373321533203125,0.14908485114574432,3.8416664600372314
1475,523.9638172481209,0.024029046297073364,0.43695068359375,0.15023401379585266,3.9043476581573486
1476,524.3431816212833,0.02411622740328312,0.4365692138671875,0.16705653071403503,4.247368335723877
1477,524.7034084806219,0.020985782146453857,0.436187744140625,0.14349845051765442,3.892592191696167
1478,525.0253603952006,0.02193097397685051,0.4358062744140625,0.1586919128894806,4.3863630294799805
1479,525.353029246442,0.02165359817445278,0.4354248046875,0.14958123862743378,3.7772727012634277
1480,525.6861077332869,0.02401641756296158,0.4350433349609375,0.14218750596046448,3.7148146629333496
1481,526.0015009352937,0.026964224874973297,0.434661865234375,0.14417390525341034,3.7799999713897705
1482,526.3305255426094,0.021786069497466087,0.4342803955078125,0.15911412239074707,4.085000038146973
1483,526.695313683711,0.023913251236081123,0.43389892578125,0.1519393026828766,4.1479997634887695
1484,527.022096157074,0.022103363648056984,0.4335174560546875,0.16152451932430267,4.3789472579956055
1485,527.3489410402253,0.023305904120206833,0.433135986328125,0.15128616988658905,3.8115384578704834
1486,527.6853240802884,0.023890405893325806,0.4327545166015625,0.15828876197338104,4.269565582275391
1487,527.9912155726925,0.027061810716986656,0.432373046875,0.14914198219776154,3.999999761581421
1488,528.3508897572756,0.02287861704826355,0.4319915771484375,0.1510174423456192,3.4782612323760986
1489,528.7139383768663,0.02334544248878956,0.431610107421875,0.15538720786571503,3.9454545974731445
1490,529.076196369715,0.022898130118846893,0.4312286376953125,0.14645668864250183,4.099999904632568
1491,529.412574691698,0.0218419898301363,0.43084716796875,0.144523486495018,3.6499998569488525
1492,529.8301295032725,0.023191068321466446,0.4304656982421875,0.1520938128232956,3.774074077606201
1493,530.2497112797573,0.023639190942049026,0.430084228515625,0.14630872011184692,3.862499952316284
1494,530.6227946868166,0.022232845425605774,0.4297027587890625,0.15465950965881348,4.1526312828063965
1495,530.9750056592748,0.020778615027666092,0.4293212890625,0.1537102460861206,4.256521701812744
1496,531.3131992863491,0.02164715901017189,0.4289398193359375,0.16181103885173798,4.157142639160156
1497,531.6309917587787,0.023344606161117554,0.428558349609375,0.15434782207012177,4.361905097961426
1498,531.9542724955827,0.022958455607295036,0.4281768798828125,0.1454855054616928,3.9636361598968506
1499,532.2759005269036,0.02258407138288021,0.42779541015625,0.14876922965049744,3.737037181854248
1500,532.5894034020603,0.024965640157461166,0.4274139404296875,0.15479931235313416,3.9052629470825195
1501,532.8897177511826,0.024055251851677895,0.427032470703125,0.149388387799263,3.947999954223633
1502,533.2336365710944,0.022480323910713196,0.4266510009765625,0.16140349209308624,4.291666507720947
1503,533.664678693749,0.02212078869342804,0.42626953125,0.15071429312229156,4.0714287757873535
1504,534.0433578509837,0.024170538410544395,0.4258880615234375,0.15895652770996094,3.965217351913452
1505,534.3599648987874,0.025700487196445465,0.425506591796875,0.15342958271503448,4.240909099578857
1506,534.695119837299,0.02148173376917839,0.4251251220703125,0.14933110773563385,4.105555057525635
1507,535.0735961403698,0.020363282412290573,0.42474365234375,0.15666073560714722,4.004166603088379
1508,535.4221429675817,0.02228100597858429,0.4243621826171875,0.157297283411026,4.241176605224609
1509,535.7401305595413,0.023570571094751358,0.423980712890625,0.15016448497772217,3.9666662216186523
1510,536.1237657750025,0.02344556339085102,0.4235992431640625,0.15767790377140045,4.165217399597168
1511,536.4279597653076,0.024727104231715202,0.4232177734375,0.14560863375663757,3.7961537837982178
1512,536.7298648143187,0.0224424060434103,0.4228363037109375,0.15023547410964966,3.8409087657928467
1513,537.046394135803,0.025667402893304825,0.422454833984375,0.15082235634326935,3.830435037612915
1514,537.3473306521773,0.020232053473591805,0.4220733642578125,0.16327345371246338,4.55555534362793
1515,537.8444451820105,0.021204646676778793,0.42169189453125,0.1562700867652893,4.039999485015869
1516,538.1905255028978,0.025228753685951233,0.4213104248046875,0.1628083437681198,4.510526180267334
1517,538.4894723640755,0.023045802488923073,0.420928955078125,0.15319515764713287,4.045833587646484
1518,538.9683045186102,0.023127026855945587,0.4205474853515625,0.15847456455230713,4.063636302947998
1519,539.2791392346844,0.024682020768523216,0.420166015625,0.15608248114585876,4.3705878257751465
1520,539.6762214759365,0.02349320612847805,0.4197845458984375,0.1538461595773697,4.436842441558838
1521,540.0059625981376,0.020191308110952377,0.419403076171875,0.15033334493637085,3.895238161087036
1522,540.323307053186,0.0206855908036232,0.4190216064453125,0.1650698482990265,4.331578731536865
1523,540.700237089768,0.020806066691875458,0.41864013671875,0.16178861260414124,4.048000335693359
1524,541.0388284791261,0.02383163757622242,0.4182586669921875,0.14090122282505035,3.9541664123535156
1525,541.3693108046427,0.023666759952902794,0.417877197265625,0.1484057903289795,3.7851853370666504
1526,541.745496452786,0.021263495087623596,0.4174957275390625,0.15576593577861786,3.8086960315704346
1527,542.1054607667029,0.023639727383852005,0.4171142578125,0.15688888728618622,4.693749904632568
1528,542.4464218905196,0.02103227563202381,0.4167327880859375,0.16673773527145386,5.0199995040893555
1529,542.8046868294477,0.021597662940621376,0.416351318359375,0.14441339671611786,3.5642857551574707
1530,543.1198416594416,0.023125004023313522,0.4159698486328125,0.15308880805969238,3.8500001430511475
1531,543.4748934172094,0.024928487837314606,0.41558837890625,0.15498338639736176,4.273913383483887
1532,544.1106394259259,0.02163459174335003,0.4152069091796875,0.15364667773246765,3.961538791656494
1533,544.6746926130727,0.026620609685778618,0.414825439453125,0.15969868004322052,4.284210205078125
1534,545.1237480109558,0.02202136442065239,0.4144439697265625,0.16453489661216736,4.259999752044678
1535,545.4695862336084,0.023596076294779778,0.4140625,0.16200000047683716,4.518181324005127
1536,545.8109657503664,0.023783190175890923,0.4136810302734375,0.15632912516593933,4.052173614501953
1537,546.1904852474108,0.022135233506560326,0.413299560546875,0.15843072533607483,4.0960001945495605
1538,546.5269105583429,0.02479497902095318,0.4129180908203125,0.15779659152030945,4.008333206176758
1539,546.8845505015925,0.021175846457481384,0.41253662109375,0.1583479791879654,4.152631759643555
1540,547.2302281307057,0.022347036749124527,0.4121551513671875,0.16812144219875336,4.365000247955322
1541,547.6696951258928,0.01975010335445404,0.411773681640625,0.15600624680519104,4.185714244842529
1542,548.0273935021833,0.024373825639486313,0.4113922119140625,0.15038640797138214,3.892592430114746
1543,548.3303821906447,0.023479344323277473,0.4110107421875,0.14580154418945312,3.7448272705078125
1544,548.6296543683857,0.02621007338166237,0.4106292724609375,0.157647043466568,4.405555725097656
1545,548.9691106937826,0.021026233211159706,0.410247802734375,0.14804090559482574,3.984210252761841
1546,549.3133442103863,0.02248038724064827,0.4098663330078125,0.1506756693124771,3.9599997997283936
1547,549.6159045193344,0.024235155433416367,0.40948486328125,0.15737976133823395,3.989654779434204
1548,549.950257036835,0.023208780214190483,0.4091033935546875,0.1623886078596115,4.363157749176025
1549,550.2863732744008,0.022132692858576775,0.408721923828125,0.15053191781044006,4.058332920074463
1550,550.6010547485203,0.026147639378905296,0.4083404541015625,0.15260116755962372,4.393332481384277
1551,550.9116100165993,0.025732263922691345,0.407958984375,0.15224416553974152,3.9095237255096436
1552,551.2261479301378,0.025986826047301292,0.4075775146484375,0.15569619834423065,4.180000305175781
1553,551.5629931157455,0.023411879315972328,0.407196044921875,0.1627907156944275,4.299999713897705
1554,551.9424678683281,0.023387370631098747,0.4068145751953125,0.1571984440088272,4.372221946716309
1555,552.4656200986356,0.024011332541704178,0.40643310546875,0.15490910410881042,4.217647075653076
1556,552.809852884151,0.021840648725628853,0.4060516357421875,0.14331306517124176,3.7153842449188232
1557,553.1617222484201,0.02088852785527706,0.405670166015625,0.15840554237365723,4.264999866485596
1558,553.5879941852763,0.02326161041855812,0.4052886962890625,0.1525862067937851,4.108333110809326
1559,553.9048324115574,0.021450188010931015,0.4049072265625,0.1557060033082962,4.252631664276123
1560,554.2605903055519,0.021716777235269547,0.4045257568359375,0.1471698135137558,3.790476083755493
1561,554.5835772668943,0.02521985024213791,0.404144287109375,0.14983871579170227,3.991666793823242
1562,554.9286207556725,0.025286080315709114,0.4037628173828125,0.15698924660682678,4.075000286102295
1563,555.274511015974,0.022743981331586838,0.40338134765625,0.15400594472885132,3.799999952316284
1564,555.6024746149778,0.023033825680613518,0.4029998779296875,0.15219298005104065,3.838709831237793
1565,555.9362730560824,0.023875024169683456,0.402618408203125,0.15669146180152893,4.410526275634766
1566,556.2665644902736,0.020517945289611816,0.4022369384765625,0.15009672939777374,4.084615230560303
1567,556.775694786571,0.022343281656503677,0.40185546875,0.1534399837255478,3.923999547958374
1568,557.1184840295464,0.021632660180330276,0.4014739990234375,0.1575581431388855,4.050000190734863
1569,557.5192024819553,0.0227633286267519,0.401092529296875,0.15294116735458374,3.5879998207092285
1570,557.8634685399011,0.021088741719722748,0.4007110595703125,0.1567612737417221,4.622726917266846
1571,558.2928937729448,0.025593893602490425,0.40032958984375,0.15235111117362976,3.865217447280884
1572,558.6268198937178,0.021410023793578148,0.3999481201171875,0.1578148603439331,3.8740739822387695
1573,558.9664478646591,0.021424708887934685,0.399566650390625,0.15156249701976776,3.8535714149475098
1574,559.3139583133161,0.02230977639555931,0.3991851806640625,0.1611408144235611,4.509523868560791
1575,559.6437675943598,0.02375868335366249,0.3988037109375,0.14687500894069672,3.6000001430511475
1576,559.9761955505237,0.02367251366376877,0.3984222412109375,0.15370966494083405,4.072727203369141
1577,560.4327819095924,0.021619319915771484,0.398040771484375,0.14578866958618164,3.6964285373687744
1578,560.8794220881537,0.022222386673092842,0.3976593017578125,0.15502645075321198,4.050000190734863
1579,561.2207457181066,0.021805163472890854,0.39727783203125,0.15439856052398682,4.513333797454834
1580,561.5378333162516,0.026278503239154816,0.3968963623046875,0.15136000514030457,3.799999952316284
1581,561.8394820000976,0.02277384325861931,0.396514892578125,0.1605263203382492,4.285000324249268
1582,562.1526308851317,0.023485232144594193,0.3961334228515625,0.15322282910346985,4.091303825378418
1583,562.4535774495453,0.022652875632047653,0.395751953125,0.15575538575649261,4.2272725105285645
1584,562.760399104096,0.023668963462114334,0.3953704833984375,0.16058732569217682,4.0923075675964355
1585,563.0616388330236,0.022190412506461143,0.394989013671875,0.14933554828166962,3.914999485015869
1586,563.3949384698644,0.023309335112571716,0.3946075439453125,0.1538599729537964,4.230000019073486
1587,563.7184004914016,0.022639617323875427,0.39422607421875,0.15927419066429138,4.5849995613098145
1588,564.0159045709297,0.021663231775164604,0.3938446044921875,0.15618182718753815,3.924999952316284
1589,564.3336313888431,0.02244574949145317,0.393463134765625,0.15573248267173767,4.179166316986084
1590,564.646216256544,0.025216814130544662,0.3930816650390625,0.14882628619670868,3.929166555404663
1591,565.1764743840322,0.021133553236722946,0.3927001953125,0.15553602576255798,4.0545454025268555
1592,565.4928973251954,0.020506026223301888,0.3923187255859375,0.15489864349365234,3.913043260574341
1593,565.8263460826129,0.02496759220957756,0.391937255859375,0.1506514847278595,3.940000057220459
1594,566.1599820163101,0.023816794157028198,0.3915557861328125,0.1681050807237625,4.341176509857178
1595,566.4912083894014,0.025438524782657623,0.39117431640625,0.14903473854064941,4.694736480712891
1596,566.8207023544237,0.021992908790707588,0.3907928466796875,0.16269232332706451,4.159999847412109
1597,567.1336028985679,0.023788735270500183,0.390411376953125,0.15432097017765045,4.104761600494385
1598,567.4801575979218,0.021802153438329697,0.3900299072265625,0.16012659668922424,4.147826194763184
1599,567.7830338738859,0.02290574461221695,0.3896484375,0.1629432588815689,4.0521745681762695
1600,568.1447188127786,0.021184518933296204,0.3892669677734375,0.1547747701406479,4.538888931274414
1601,568.4609200851992,0.02232222817838192,0.388885498046875,0.14769503474235535,4.00499963760376
1602,568.8022324228659,0.021876364946365356,0.3885040283203125,0.14761029183864594,3.9695653915405273
1603,569.1538426885381,0.023522863164544106,0.38812255859375,0.16152344644069672,4.0
1604,569.5567546915263,0.020692598074674606,0.3877410888671875,0.16035085916519165,4.147826671600342
1605,569.8716884832829,0.02078717015683651,0.387359619140625,0.14397495985031128,3.8559999465942383
1606,570.2265752591193,0.02364201471209526,0.3869781494140625,0.1477707028388977,3.838461399078369
1607,570.5549819963053,0.024447882547974586,0.3865966796875,0.1564013808965683,4.143477916717529
1608,570.8806886849925,0.02477688156068325,0.3862152099609375,0.1558419167995453,4.038094520568848
1609,571.1923258500174,0.023018265143036842,0.385833740234375,0.1699804961681366,4.233333110809326
1610,571.5240551047027,0.020703433081507683,0.3854522705078125,0.1611408293247223,4.794444561004639
1611,571.8712237551808,0.022549744695425034,0.38507080078125,0.15739750862121582,4.045833110809326
1612,572.2418382707983,0.021687444299459457,0.3846893310546875,0.15279720723628998,4.385714054107666
1613,572.6409136727452,0.022800475358963013,0.384307861328125,0.17019867897033691,4.215384483337402
1614,573.0623624222353,0.026417100802063942,0.3839263916015625,0.15811966359615326,4.081818103790283
1615,573.4007124146447,0.023833340033888817,0.383544921875,0.15980581939220428,4.455555438995361
1616,573.8859279882163,0.021057097241282463,0.3831634521484375,0.15187714993953705,4.0
1617,574.2159098368138,0.022951778024435043,0.382781982421875,0.16229838132858276,4.511111259460449
1618,574.5342812053859,0.022025955840945244,0.3824005126953125,0.15153846144676208,3.9760000705718994
1619,575.0088453833014,0.021925289183855057,0.38201904296875,0.14692029356956482,4.00499963760376
1620,575.3205611268058,0.022706767544150352,0.3816375732421875,0.1603531390428543,4.111999988555908
1621,575.6177780246362,0.0215434730052948,0.381256103515625,0.1546153873205185,3.86956524848938
1622,575.9320538621396,0.024897592142224312,0.3808746337890625,0.1497841626405716,3.765625
1623,576.2680804887787,0.02273358404636383,0.3804931640625,0.1564062386751175,3.828571081161499
1624,576.6013856846839,0.0203541349619627,0.3801116943359375,0.16134752333164215,4.447826385498047
1625,576.9134894832969,0.02389296144247055,0.379730224609375,0.15821678936481476,4.208695411682129
1626,577.2401601457968,0.020916495472192764,0.3793487548828125,0.1548387110233307,4.041666507720947
1627,577.5626757545397,0.02120669186115265,0.37896728515625,0.15724638104438782,4.2166666984558105
1628,577.882291267626,0.020628923550248146,0.3785858154296875,0.1677238792181015,4.747058868408203
1629,578.2145535796881,0.026757823303341866,0.378204345703125,0.149582639336586,3.934615135192871
1630,578.5314685115591,0.022841911762952805,0.3778228759765625,0.1501760631799698,4.025000095367432
1631,578.87606745027,0.023277783766388893,0.37744140625,0.15120120346546173,3.846153736114502
1632,579.2046390799806,0.022089611738920212,0.3770599365234375,0.16021504998207092,4.019230365753174
1633,579.507012735121,0.02316645160317421,0.376678466796875,0.14882156252861023,4.0320000648498535
1634,579.855106856674,0.023738021031022072,0.3762969970703125,0.1476430892944336,3.8279998302459717
1635,580.158401966095,0.02709086425602436,0.37591552734375,0.1606418937444687,4.029999732971191
1636,580.4641392668709,0.022202324122190475,0.3755340576171875,0.14981549978256226,4.057895183563232
1637,580.7656880011782,0.023137152194976807,0.375152587890625,0.15000002086162567,3.929166793823242
1638,581.0693794395775,0.02534991130232811,0.3747711181640625,0.14230169355869293,3.7039999961853027
1639,581.3714356962591,0.023034313693642616,0.3743896484375,0.15030863881111145,3.799999713897705
1640,581.7285675685853,0.023968195542693138,0.3740081787109375,0.15457464754581451,3.8923075199127197
1641,582.1773980017751,0.02133580856025219,0.373626708984375,0.1397608518600464,3.5833332538604736
1642,582.5091198822483,0.022425465285778046,0.3732452392578125,0.1551886796951294,3.873076915740967
1643,583.361494332552,0.019352858886122704,0.37286376953125,0.16244131326675415,4.116000175476074
1644,583.6892020078376,0.02223346009850502,0.3724822998046875,0.15007320046424866,3.867999792098999
1645,584.0777741456404,0.02353154681622982,0.372100830078125,0.15124087035655975,3.9153847694396973
1646,584.3982737902552,0.023072009906172752,0.3717193603515625,0.15154826641082764,3.8037033081054688
1647,584.7884318688884,0.020766863599419594,0.371337890625,0.17489270865917206,4.883333206176758
1648,585.1108012832701,0.028638562187552452,0.3709564208984375,0.14870966970920563,3.9240000247955322
1649,585.4696294153109,0.022432157769799232,0.370574951171875,0.15016835927963257,4.037499904632568
1650,585.7775972569361,0.024227842688560486,0.3701934814453125,0.16206349432468414,4.1526312828063965
1651,586.2179875792935,0.024114299565553665,0.36981201171875,0.1565295159816742,4.323529243469238
1652,586.6054895399138,0.021382112056016922,0.3694305419921875,0.15264150500297546,4.054166316986084
1653,586.9238962149248,0.023386048153042793,0.369049072265625,0.1713995784521103,4.519047737121582
1654,587.2994238780811,0.02129553258419037,0.3686676025390625,0.15762710571289062,4.34761905670166
1655,587.6251033451408,0.021060386672616005,0.3682861328125,0.1666077822446823,4.447368621826172
1656,587.9274362437427,0.02059890702366829,0.3679046630859375,0.14376769959926605,3.6600000858306885
1657,588.2259781593457,0.021445484831929207,0.367523193359375,0.15500794351100922,3.7720000743865967
1658,588.5465336600319,0.02328965999186039,0.3671417236328125,0.1615789383649826,4.3545451164245605
1659,588.8665030011907,0.02179860882461071,0.36676025390625,0.1478181779384613,4.114285945892334
1660,589.1869571199641,0.024573540315032005,0.3663787841796875,0.14620061218738556,3.6192305088043213
1661,589.5049902275205,0.02297428995370865,0.365997314453125,0.16036364436149597,4.343478202819824
1662,589.8272836469114,0.022450903430581093,0.3656158447265625,0.1592233031988144,4.326315402984619
1663,590.1415517497808,0.02180778793990612,0.365234375,0.15821677446365356,4.258823394775391
1664,590.4702712493017,0.023991959169507027,0.3648529052734375,0.16073393821716309,4.299999237060547
1665,590.7848749579862,0.023366650566458702,0.364471435546875,0.14249248802661896,3.9640002250671387
1666,591.1067643929273,0.024265550076961517,0.3640899658203125,0.1533639132976532,3.579310178756714
1667,591.4570533167571,0.02203449048101902,0.36370849609375,0.15121953189373016,4.100000381469727
1668,591.8250251431018,0.022130342200398445,0.3633270263671875,0.15422646701335907,4.147619247436523
1669,592.1901307450607,0.024230297654867172,0.362945556640625,0.15486112236976624,4.0360002517700195
1670,592.5066664787009,0.020324943587183952,0.3625640869140625,0.16265271604061127,3.9772722721099854
1671,592.8388530295342,0.021826839074492455,0.3621826171875,0.1550888568162918,4.262500286102295
1672,593.1582139004022,0.024111777544021606,0.3618011474609375,0.15471075475215912,4.190475940704346
1673,593.4819392692298,0.01879706233739853,0.361419677734375,0.15911948680877686,4.009090900421143
1674,593.7891324749216,0.02197500504553318,0.3610382080078125,0.15857143700122833,4.0759992599487305
1675,594.1026222454384,0.022368159145116806,0.36065673828125,0.16569343209266663,4.711111068725586
1676,594.4749959399924,0.021194210276007652,0.3602752685546875,0.1529623121023178,3.9800000190734863
1677,594.7912051165476,0.024421362206339836,0.359893798828125,0.16356877982616425,4.666666030883789
1678,595.1183508681133,0.022756977006793022,0.3595123291015625,0.1717105358839035,4.506667137145996
1679,595.4605044983327,0.024158010259270668,0.359130859375,0.14575539529323578,4.085713863372803
1680,595.805528961122,0.023379987105727196,0.3587493896484375,0.167489692568779,4.050000190734863
1681,596.12171032466,0.02071199379861355,0.358367919921875,0.1594642847776413,4.461904525756836
1682,596.4546482656151,0.020180681720376015,0.3579864501953125,0.15617792308330536,4.357142925262451
1683,596.7871534302831,0.021215839311480522,0.35760498046875,0.1573883295059204,3.8307688236236572
1684,597.1042176140472,0.026845844462513924,0.3572235107421875,0.15989303588867188,4.549999713897705
1685,597.4618344353512,0.019427916035056114,0.356842041015625,0.16198831796646118,4.286956787109375
1686,597.8211902165785,0.02202663943171501,0.3564605712890625,0.153045192360878,4.735713958740234
1687,598.2333069862798,0.02018367499113083,0.3560791015625,0.16558219492435455,4.015999794006348
1688,598.5707721561193,0.025261977687478065,0.3556976318359375,0.1587499976158142,4.536842346191406
1689,598.9086619373411,0.02702820673584938,0.355316162109375,0.15454544126987457,3.739285707473755
1690,599.2675741501153,0.02326689288020134,0.3549346923828125,0.15911179780960083,4.037036895751953
1691,599.5817701872438,0.02094336971640587,0.35455322265625,0.15909090638160706,4.294444561004639
1692,599.9111206103116,0.023123839870095253,0.3541717529296875,0.16404494643211365,4.690000057220459
1693,600.2422820702195,0.022141752764582634,0.353790283203125,0.15639230608940125,4.255000114440918
1694,600.566728323698,0.026572752743959427,0.3534088134765625,0.16261860728263855,4.331818103790283
1695,601.0813722535968,0.0230821892619133,0.35302734375,0.1541806012392044,3.7956526279449463
1696,601.3875204119831,0.023419905453920364,0.3526458740234375,0.1525000035762787,4.061904430389404
1697,601.7490553669631,0.02357874996960163,0.352264404296875,0.17380954325199127,4.740000247955322
1698,602.1856442550197,0.02381819859147072,0.3518829345703125,0.15194551646709442,4.255555629730225
1699,602.511938595213,0.020556513220071793,0.35150146484375,0.16225403547286987,4.457894802093506
1700,602.9932614630088,0.022640084847807884,0.3511199951171875,0.16138789057731628,4.274999618530273
1701,603.5344239445403,0.023439588025212288,0.350738525390625,0.1567796766757965,4.016666889190674
1702,603.8828087160364,0.024146899580955505,0.3503570556640625,0.1609523743391037,4.400000095367432
1703,604.2018119692802,0.025210591033101082,0.3499755859375,0.15211538970470428,4.268421173095703
1704,604.5492462320253,0.020702671259641647,0.3495941162109375,0.15786802768707275,4.221052646636963
1705,604.9426191141829,0.02579665556550026,0.349212646484375,0.1699262112379074,4.412499904632568
1706,605.2812780523673,0.01886923424899578,0.3488311767578125,0.16873614490032196,4.699999809265137
1707,605.5857242587954,0.018317634239792824,0.34844970703125,0.16127367317676544,4.422726631164551
1708,605.8914530128241,0.023161405697464943,0.3480682373046875,0.14368174970149994,3.7846155166625977
1709,606.2683592950925,0.023946695029735565,0.347686767578125,0.17012448608875275,4.642857074737549
1710,606.6206649271771,0.023345228284597397,0.3473052978515625,0.15304876863956451,3.865217447280884
1711,606.9367692340165,0.02131335437297821,0.346923828125,0.14623494446277618,4.011110782623291
1712,607.3378561427817,0.019748521968722343,0.3465423583984375,0.15504272282123566,3.819999933242798
1713,607.6474534273148,0.02303287759423256,0.346160888671875,0.15723682940006256,4.170833587646484
1714,608.5176913524047,0.023397980257868767,0.3457794189453125,0.15184049308300018,3.7208330631256104
1715,608.8625529371202,0.02137609012424946,0.34539794921875,0.1523168981075287,3.803703546524048
1716,609.2214924609289,0.022385569289326668,0.3450164794921875,0.14984075725078583,3.9076929092407227
1717,609.5433102790266,0.02165859006345272,0.344635009765625,0.16186915338039398,4.4210524559021
1718,609.8827253179625,0.020429518073797226,0.3442535400390625,0.16392523050308228,4.414999961853027
1719,610.1851850161329,0.023043321445584297,0.3438720703125,0.16161616146564484,4.21999979019165
1720,610.5413693767041,0.023077446967363358,0.3434906005859375,0.16815069317817688,4.329999923706055
1721,610.9131954256445,0.02088317833840847,0.343109130859375,0.1583596169948578,4.404545307159424
1722,611.404827401042,0.022059673443436623,0.3427276611328125,0.1480252742767334,3.8479995727539062
1723,611.7268581744283,0.021302098408341408,0.34234619140625,0.17000000178813934,4.417391300201416
1724,612.0327188977972,0.021494580432772636,0.3419647216796875,0.16545842587947845,4.586666584014893
1725,612.3861465929076,0.021608391776680946,0.341583251953125,0.14705882966518402,4.121052265167236
1726,612.6940094735473,0.022527256980538368,0.3412017822265625,0.1565062403678894,3.9476187229156494
1727,612.9995232317597,0.025493940338492393,0.3408203125,0.15975609421730042,4.422727584838867
1728,613.3308545341715,0.021453751251101494,0.3404388427734375,0.1499265879392624,3.8535711765289307
1729,613.7492116130888,0.021327154710888863,0.340057373046875,0.15602293610572815,4.209090709686279
1730,614.0799295632169,0.02151414193212986,0.3396759033203125,0.15630769729614258,3.8125
1731,614.4832137301564,0.021031858399510384,0.33929443359375,0.1602540910243988,4.289999961853027
1732,614.7893116530031,0.0186875332146883,0.3389129638671875,0.16968576610088348,4.663157939910889
1733,615.114377588965,0.022446274757385254,0.338531494140625,0.1541176438331604,4.419047832489014
1734,615.60386505723,0.022795045748353004,0.3381500244140625,0.16014109551906586,4.273684501647949
1735,615.9238490145653,0.0195389986038208,0.3377685546875,0.14805194735527039,3.7749998569488525
1736,616.2341284910217,0.02185121364891529,0.3373870849609375,0.15627120435237885,3.8809523582458496
1737,616.5472652930766,0.023181021213531494,0.337005615234375,0.1581929475069046,4.325000286102295
1738,616.8514991085976,0.022518938407301903,0.3366241455078125,0.1657848358154297,4.061538219451904
1739,617.1580970482901,0.02209671586751938,0.33624267578125,0.14737793803215027,4.074999809265137
1740,617.5024854084477,0.02136092819273472,0.3358612060546875,0.1519802063703537,4.070833206176758
1741,617.8201457485557,0.019855951890349388,0.335479736328125,0.1568305939435959,4.1434783935546875
1742,618.1671200226992,0.018179280683398247,0.3350982666015625,0.15703001618385315,3.980768918991089
1743,618.4819646561518,0.023636501282453537,0.334716796875,0.1587398499250412,4.407691478729248
1744,618.9024166399613,0.02173668146133423,0.3343353271484375,0.15989848971366882,4.242105007171631
1745,619.2386446166784,0.02219192497432232,0.333953857421875,0.15251141786575317,4.0
1746,619.5511442031711,0.0216745063662529,0.3335723876953125,0.16103287041187286,4.179999828338623
1747,619.9759726766497,0.020613590255379677,0.33319091796875,0.15481482446193695,4.035999774932861
1748,620.3509328877553,0.021512338891625404,0.3328094482421875,0.15423975884914398,3.9407405853271484
1749,620.681332946755,0.022608589380979538,0.332427978515625,0.16039933264255524,4.124999523162842
1750,620.9931179918349,0.021827518939971924,0.3320465087890625,0.15437711775302887,4.061538219451904
1751,621.2983358185738,0.02256765589118004,0.3316650390625,0.15981650352478027,4.382352828979492
1752,621.6219153730199,0.023136315867304802,0.3312835693359375,0.1530434936285019,4.172727108001709
1753,621.9486122243106,0.019750330597162247,0.330902099609375,0.15199308097362518,4.037500381469727
1754,622.3360520889983,0.020839089527726173,0.3305206298828125,0.1562594175338745,3.8958332538604736
1755,622.6776368217543,0.020130814984440804,0.33013916015625,0.15823224186897278,4.304347991943359
1756,623.0028944713995,0.025764092803001404,0.3297576904296875,0.160971537232399,4.333333969116211
1757,623.3044124767184,0.02222556807100773,0.329376220703125,0.16678571701049805,4.356522083282471
1758,623.6493202410638,0.02180616557598114,0.3289947509765625,0.16387225687503815,4.061110973358154
1759,624.1362417945638,0.025387488305568695,0.32861328125,0.1612546145915985,4.880000114440918
1760,624.4554969826713,0.02154964581131935,0.3282318115234375,0.15787610411643982,4.156521797180176
1761,624.8192155696452,0.02286967821419239,0.327850341796875,0.14597901701927185,3.9190473556518555
1762,625.1387022947893,0.021130217239260674,0.3274688720703125,0.17133332788944244,4.764285564422607
1763,625.4654969433323,0.02117399126291275,0.32708740234375,0.15216638147830963,4.0
1764,625.7853035405278,0.02175498567521572,0.3267059326171875,0.1579505354166031,4.331818103790283
1765,626.3201285982504,0.022120779380202293,0.326324462890625,0.14497528970241547,3.8217391967773438
1766,626.6316997231916,0.024757742881774902,0.3259429931640625,0.16079366207122803,4.119999885559082
1767,626.9344751080498,0.02172263339161873,0.3255615234375,0.15760286152362823,4.275000095367432
1768,627.3516149204224,0.021194856613874435,0.3251800537109375,0.15487179160118103,4.237500190734863
1769,627.8024870762601,0.021656081080436707,0.324798583984375,0.16820000112056732,4.257894992828369
1770,628.2484303899109,0.020363591611385345,0.3244171142578125,0.15100403130054474,4.472222805023193
1771,628.6054042465985,0.02298170141875744,0.32403564453125,0.1624555140733719,4.231818675994873
1772,628.9266649894416,0.020007001236081123,0.3236541748046875,0.14789550006389618,3.8074069023132324
1773,629.7567318417132,0.023471204563975334,0.323272705078125,0.15881410241127014,3.8500001430511475
1774,630.1271038362756,0.020799776539206505,0.3228912353515625,0.1492537260055542,4.108333587646484
1775,630.4903650786728,0.02133510820567608,0.322509765625,0.15343643724918365,3.825000047683716
1776,630.7958754664287,0.021270720288157463,0.3221282958984375,0.16257928311824799,4.5947370529174805
1777,631.0971732717007,0.022130809724330902,0.321746826171875,0.16419047117233276,4.466666221618652
1778,631.429123621434,0.0183827243745327,0.3213653564453125,0.1452191323041916,4.136842250823975
1779,631.7389875240624,0.02180814929306507,0.32098388671875,0.1736263930797577,5.327272415161133
1780,632.0459902482107,0.026058224961161613,0.3206024169921875,0.16241133213043213,4.46999979019165
1781,632.4388691503555,0.020601676777005196,0.320220947265625,0.1476345956325531,3.9192309379577637
1782,632.8355568312109,0.020409932360053062,0.3198394775390625,0.15009596943855286,3.809999942779541
1783,633.1956608556211,0.021812431514263153,0.3194580078125,0.1651291400194168,4.542105197906494
1784,633.5308704357594,0.020092826336622238,0.3190765380859375,0.16660445928573608,4.671428203582764
1785,633.8454651981592,0.021133551374077797,0.318695068359375,0.1774703711271286,4.706250190734863
1786,634.1919902339578,0.023181090131402016,0.3183135986328125,0.16417910158634186,4.650000095367432
1787,634.5126470774412,0.024502074345946312,0.31793212890625,0.164532870054245,4.195652008056641
1788,634.8331007184461,0.020052876323461533,0.3175506591796875,0.16303236782550812,4.399999141693115
1789,635.1690472094342,0.020090630277991295,0.317169189453125,0.15383361279964447,3.965217351913452
1790,635.4920416241512,0.021302776411175728,0.3167877197265625,0.1470494419336319,4.0291666984558105
1791,635.8206882672384,0.019198419526219368,0.31640625,0.1629508137702942,3.8913042545318604
1792,636.121871586889,0.019987409934401512,0.3160247802734375,0.15523254871368408,4.594444274902344
1793,636.4307098546997,0.02255910076200962,0.315643310546875,0.16383762657642365,4.318181991577148
1794,636.9037471851334,0.02173086442053318,0.3152618408203125,0.15993432700634003,4.03157901763916
1795,637.2174996268004,0.024850396439433098,0.31488037109375,0.1648014634847641,4.308333396911621
1796,637.5449479399249,0.02113403007388115,0.3144989013671875,0.16516464948654175,4.433333873748779
1797,637.8624703977257,0.02199660986661911,0.314117431640625,0.16583850979804993,4.623529434204102
1798,638.1895064013079,0.024714455008506775,0.3137359619140625,0.15262171626091003,4.15238094329834
1799,638.5823813360184,0.02195822261273861,0.3133544921875,0.15729649364948273,3.9708330631256104
1800,638.9613897502422,0.020985305309295654,0.3129730224609375,0.1577777862548828,4.513333320617676
1801,639.3302206853405,0.022040795534849167,0.312591552734375,0.16293705999851227,4.423809051513672
1802,639.7618738394231,0.026251809671521187,0.3122100830078125,0.1524495780467987,3.9760003089904785
1803,640.0669522900134,0.023871568962931633,0.31182861328125,0.14913657307624817,3.8888885974884033
1804,640.3957121968269,0.02340415120124817,0.3114471435546875,0.14944356679916382,3.7961537837982178
1805,640.7224068660289,0.025269003584980965,0.311065673828125,0.16084906458854675,3.959259510040283
1806,641.1652053743601,0.017972825095057487,0.3106842041015625,0.14968454837799072,3.947999954223633
1807,641.4762342367321,0.022537987679243088,0.310302734375,0.15083055198192596,4.128571510314941
1808,641.7955508120358,0.02407023496925831,0.3099212646484375,0.1494768261909485,3.6416664123535156
1809,642.1104881297797,0.021604644134640694,0.309539794921875,0.16576088964939117,4.373912811279297
1810,642.4661889141425,0.019504763185977936,0.3091583251953125,0.1703900694847107,4.24545431137085
1811,642.7639843001962,0.02347887121140957,0.30877685546875,0.1577519327402115,4.699999809265137
1812,643.0950888320804,0.02101738192141056,0.3083953857421875,0.1815217286348343,4.981250286102295
1813,643.4280166653916,0.022790085524320602,0.308013916015625,0.15224719047546387,4.469564914703369
1814,643.799124087207,0.022266948595643044,0.3076324462890625,0.16871795058250427,4.178260803222656
1815,644.1453809179366,0.02259855903685093,0.3072509765625,0.1585020273923874,4.252941131591797
1816,644.6090299682692,0.020997410640120506,0.3068695068359375,0.15590062737464905,4.204165935516357
1817,644.9925424624234,0.01998939923942089,0.306488037109375,0.15541958808898926,3.9304349422454834
1818,645.3498345697299,0.02166246622800827,0.3061065673828125,0.1652323305606842,4.286956310272217
1819,645.7129135001451,0.02341701090335846,0.30572509765625,0.1557120531797409,4.191999435424805
1820,646.0570025090128,0.021560296416282654,0.3053436279296875,0.15774878859519958,4.233333110809326
1821,646.5094125559554,0.020871492102742195,0.304962158203125,0.1570802927017212,3.920689582824707
1822,646.8756101727486,0.019952092319726944,0.3045806884765625,0.16849592328071594,4.405555725097656
1823,647.2241940842941,0.021232713013887405,0.30419921875,0.15451614558696747,4.103999614715576
1824,647.5573599580675,0.023550288751721382,0.3038177490234375,0.1599999964237213,4.257143020629883
1825,647.8826341349632,0.02126499079167843,0.303436279296875,0.14561402797698975,3.9769232273101807
1826,648.2133575379848,0.02110973559319973,0.3030548095703125,0.16336405277252197,4.622222423553467
1827,648.5165144242346,0.02174011617898941,0.30267333984375,0.15567567944526672,4.163636684417725
1828,648.8210767600685,0.021946005523204803,0.3022918701171875,0.1618867963552475,4.34999942779541
1829,649.1255701389164,0.023431885987520218,0.301910400390625,0.1539495885372162,4.257143020629883
1830,649.5424202429131,0.02010245993733406,0.3015289306640625,0.15463414788246155,4.0545454025268555
1831,649.8548425650224,0.022015726193785667,0.3011474609375,0.16896553337574005,4.482608795166016
1832,650.1606804998592,0.02056853100657463,0.3007659912109375,0.1489361673593521,3.8479998111724854
1833,650.4591303924099,0.024232374504208565,0.300384521484375,0.16061587631702423,3.944444417953491
1834,650.8062522243708,0.022041551768779755,0.3000030517578125,0.1608617752790451,4.504545211791992
1835,651.135206147097,0.021446924656629562,0.29962158203125,0.1698189377784729,4.488234996795654
1836,651.4772320622578,0.021604929119348526,0.2992401123046875,0.16406778991222382,4.505000114440918
1837,651.8092976678163,0.02173626609146595,0.298858642578125,0.16554054617881775,4.099999904632568
1838,652.1853064596653,0.02008856274187565,0.2984771728515625,0.15195196866989136,4.171999931335449
1839,652.5239572962746,0.024798564612865448,0.298095703125,0.15529197454452515,4.042856693267822
1840,652.8742516050115,0.01839340105652809,0.2977142333984375,0.15328358113765717,3.942307710647583
1841,653.1970469849184,0.025121062994003296,0.297332763671875,0.15025904774665833,3.8115384578704834
1842,653.7021039370447,0.023260092362761497,0.2969512939453125,0.1564766764640808,4.15238094329834
1843,654.04334408883,0.023331550881266594,0.29656982421875,0.1705772876739502,4.554545879364014
1844,654.7936609443277,0.023892974480986595,0.2961883544921875,0.16749174892902374,4.320000171661377
1845,655.1559762330726,0.02127176709473133,0.295806884765625,0.15800604224205017,4.122727394104004
1846,655.4745468888432,0.020430810749530792,0.2954254150390625,0.15709461271762848,3.9791667461395264
1847,655.8749273288995,0.02400205284357071,0.2950439453125,0.163483127951622,4.694118022918701
1848,656.2321635810658,0.021816538646817207,0.2946624755859375,0.15898549556732178,3.855172634124756
1849,658.0974559821188,0.01975942589342594,0.294281005859375,0.14783905446529388,3.82962965965271
1850,658.4473114851862,0.020795442163944244,0.2938995361328125,0.16056077182292938,4.386363983154297
1851,658.8397871050984,0.02026880346238613,0.29351806640625,0.1538020223379135,3.7952382564544678
1852,659.1472282074392,0.018729692324995995,0.2931365966796875,0.15939177572727203,4.0360002517700195
1853,659.4975988799706,0.025110939517617226,0.292755126953125,0.15912765264511108,4.308332920074463
1854,659.8332244148478,0.02084648795425892,0.2923736572265625,0.16323527693748474,4.049999713897705
1855,660.1796351857483,0.019758109003305435,0.2919921875,0.15086805820465088,4.175000190734863
1856,660.4978372668847,0.020313110202550888,0.2916107177734375,0.15441861748695374,4.127999782562256
1857,660.9700551498681,0.020881012082099915,0.291229248046875,0.14818841218948364,3.7857143878936768
1858,661.3682947196066,0.02185758762061596,0.2908477783203125,0.16252319514751434,4.189999580383301
1859,661.7004616269842,0.022001126781105995,0.29046630859375,0.16220472753047943,4.627777576446533
1860,662.0479979915544,0.01911201700568199,0.2900848388671875,0.16652977466583252,4.5333333015441895
1861,662.3692219257355,0.022133296355605125,0.289703369140625,0.1539495885372162,4.304166793823242
1862,662.703169814311,0.020951876416802406,0.2893218994140625,0.15295082330703735,3.816666603088379
1863,663.0568597540259,0.019183028489351273,0.2889404296875,0.1532062441110611,4.150000095367432
1864,663.3760568816215,0.024782266467809677,0.2885589599609375,0.15883393585681915,4.047618865966797
1865,663.7147995810956,0.02391503006219864,0.288177490234375,0.1440809965133667,3.815999746322632
1866,664.0364317549393,0.02082170732319355,0.2877960205078125,0.1587662249803543,4.090909004211426
1867,664.3586251083761,0.02006729505956173,0.28741455078125,0.15138034522533417,3.857142210006714
1868,664.6794362133369,0.021486828103661537,0.2870330810546875,0.16750483214855194,4.3947367668151855
1869,664.9965542368591,0.023375267162919044,0.286651611328125,0.1555926352739334,4.176190376281738
1870,665.3193536447361,0.020393500104546547,0.2862701416015625,0.17296786606311798,4.69444465637207
1871,665.6361862104386,0.020042462274432182,0.285888671875,0.16491228342056274,4.28000020980835
1872,665.9540927838534,0.02275378443300724,0.2855072021484375,0.14910072088241577,4.105262756347656
1873,666.2892450448126,0.021890129894018173,0.285125732421875,0.16483516991138458,4.357142925262451
1874,666.5885721221566,0.02326628379523754,0.2847442626953125,0.16599999368190765,4.605000019073486
1875,666.8930200841278,0.02087673358619213,0.28436279296875,0.16914062201976776,4.530768871307373
1876,667.2344705825672,0.023645108565688133,0.2839813232421875,0.1537037044763565,4.186956882476807
1877,667.5572195760906,0.020495770499110222,0.283599853515625,0.18244898319244385,5.178947448730469
1878,667.8895536577329,0.020052745938301086,0.2832183837890625,0.15217390656471252,4.066666603088379
1879,668.2089506248012,0.01688760332763195,0.2828369140625,0.15573769807815552,4.095999717712402
1880,668.5594355938956,0.021001622080802917,0.2824554443359375,0.16472868621349335,4.423529148101807
1881,668.8873680289835,0.019583778455853462,0.282073974609375,0.14838212728500366,4.088235378265381
1882,669.208526019007,0.020120808854699135,0.2816925048828125,0.172531396150589,4.323999881744385
1883,669.5144701339304,0.02092985063791275,0.28131103515625,0.15339505672454834,4.124999523162842
1884,669.8697723560035,0.02150845341384411,0.2809295654296875,0.15085537731647491,3.582758665084839
1885,670.1886133132502,0.021044181659817696,0.280548095703125,0.1592814326286316,4.590000152587891
1886,670.5191025929525,0.02167006954550743,0.2801666259765625,0.14969511330127716,3.8958332538604736
1887,670.8430463112891,0.01884826458990574,0.27978515625,0.1560937464237213,3.7923076152801514
1888,671.1643491340801,0.021799758076667786,0.2794036865234375,0.14636364579200745,4.199999809265137
1889,671.48258871492,0.022763608023524284,0.279022216796875,0.17247386276721954,4.404545307159424
1890,672.1953218467534,0.022163575515151024,0.2786407470703125,0.15567012131214142,3.9464285373687744
1891,672.5447558416054,0.023643886670470238,0.27825927734375,0.15895766019821167,4.17391300201416
1892,672.9693641187623,0.022447431460022926,0.2778778076171875,0.15473072230815887,3.739285945892334
1893,673.2860550889745,0.01885470189154148,0.277496337890625,0.15782688558101654,4.290909290313721
1894,673.6334641342983,0.026023918762803078,0.2771148681640625,0.1520548015832901,4.0538458824157715
1895,674.0344367120415,0.020380010828375816,0.2767333984375,0.1525423675775528,3.637037515640259
1896,674.4569901097566,0.025077490136027336,0.2763519287109375,0.1509036272764206,4.077272891998291
1897,674.9429406421259,0.02085193432867527,0.275970458984375,0.1675276905298233,4.095238208770752
1898,675.409935105592,0.020169470459222794,0.2755889892578125,0.15267035365104675,4.322727680206299
1899,675.737092117779,0.022842751815915108,0.27520751953125,0.15663264691829681,3.909090518951416
1900,676.0746224885806,0.02227366715669632,0.2748260498046875,0.15404579043388367,4.111999988555908
1901,676.3939215186983,0.01911132037639618,0.274444580078125,0.156070277094841,3.985184907913208
1902,676.7056676652282,0.024716783314943314,0.2740631103515625,0.17408056557178497,4.513043403625488
1903,677.0829948857427,0.023879243060946465,0.273681640625,0.16158415377140045,4.5
1904,677.4832913083956,0.019271813333034515,0.2733001708984375,0.16438128054141998,4.271428108215332
1905,677.8198616066948,0.019078800454735756,0.272918701171875,0.1623574197292328,4.593749523162842
1906,678.1645637722686,0.021887052804231644,0.2725372314453125,0.1605769246816635,4.287499904632568
1907,678.4720632024109,0.021783292293548584,0.27215576171875,0.16214874386787415,4.0923075675964355
1908,678.7753681065515,0.02035292610526085,0.2717742919921875,0.16626746952533722,4.650000095367432
1909,679.8603768246248,0.019479254260659218,0.271392822265625,0.1598305106163025,4.252631187438965
1910,680.2338341819122,0.021463435143232346,0.2710113525390625,0.1581512689590454,4.066666603088379
1911,680.5885249301791,0.021580679342150688,0.2706298828125,0.14341692626476288,3.9954543113708496
1912,680.9632267449051,0.021384548395872116,0.2702484130859375,0.16318494081497192,4.17391300201416
1913,681.2808153377846,0.024647969752550125,0.269866943359375,0.16160714626312256,4.147618770599365
1914,681.5993528934196,0.02247769944369793,0.2694854736328125,0.15126299858093262,3.778571605682373
1915,681.9214604143053,0.019371217116713524,0.26910400390625,0.15794065594673157,4.150000095367432
1916,682.2452976303175,0.01952875591814518,0.2687225341796875,0.15972460806369781,4.3086957931518555
1917,682.5494875935838,0.024166811257600784,0.268341064453125,0.1648014485836029,3.9375
1918,682.8564620651305,0.02168978936970234,0.2679595947265625,0.146140918135643,4.468181610107422
1919,683.6022793678567,0.022838056087493896,0.267578125,0.15295031666755676,3.9560000896453857
1920,683.9082478703931,0.02275766432285309,0.2671966552734375,0.15479233860969543,3.8074071407318115
1921,684.2106997929513,0.019253890961408615,0.266815185546875,0.1569514125585556,4.120832920074463
1922,684.5204695900902,0.01964842900633812,0.2664337158203125,0.15557324886322021,4.073077201843262
1923,684.8351914025843,0.02080908790230751,0.26605224609375,0.1604100912809372,4.105263710021973
1924,685.1578356558457,0.022379057481884956,0.2656707763671875,0.16256879270076752,4.223809719085693
1925,685.4701086068526,0.01806909777224064,0.265289306640625,0.14666666090488434,3.757143020629883
1926,685.8367764800787,0.022675953805446625,0.2649078369140625,0.15913371741771698,4.0695648193359375
1927,686.241448039189,0.019840389490127563,0.2645263671875,0.16834533214569092,4.690476417541504
1928,686.5669461600482,0.020895080640912056,0.2641448974609375,0.16520211100578308,4.150000095367432
1929,686.8719836436212,0.021589213982224464,0.263763427734375,0.1745341718196869,4.852941036224365
1930,687.2061064532027,0.01794257201254368,0.2633819580078125,0.1636861264705658,4.626316070556641
1931,687.5112249096856,0.021842902526259422,0.26300048828125,0.15634267032146454,3.991999864578247
1932,687.8366868626326,0.022011050954461098,0.2626190185546875,0.1677480787038803,4.575000286102295
1933,688.1871002279222,0.020532067865133286,0.262237548828125,0.15071314573287964,4.296154499053955
1934,688.5077775213867,0.018797343596816063,0.2618560791015625,0.15183615684509277,3.6827585697174072
1935,688.8717740811408,0.020956629887223244,0.261474609375,0.16351118683815002,4.183332920074463
1936,689.2429282413796,0.021525437012314796,0.2610931396484375,0.15763546526432037,4.236363410949707
1937,689.5758969318122,0.018894176930189133,0.260711669921875,0.1667187511920929,4.150000095367432
1938,689.8755535101518,0.018993468955159187,0.2603302001953125,0.1618320494890213,4.247999668121338
1939,690.220393977128,0.02026873640716076,0.25994873046875,0.1582142859697342,4.290476322174072
1940,690.6179796839133,0.019867029041051865,0.2595672607421875,0.16649122536182404,4.379166603088379
1941,691.0857616439462,0.019708897918462753,0.259185791015625,0.1700729876756668,4.409999847412109
1942,691.4230365017429,0.02114127017557621,0.2588043212890625,0.15510563552379608,4.294999599456787
1943,691.7637564418837,0.019226958975195885,0.2584228515625,0.15747666358947754,3.9344828128814697
1944,692.0807267278433,0.019759254530072212,0.2580413818359375,0.16754384338855743,4.200000762939453
1945,692.4386687930673,0.020485952496528625,0.257659912109375,0.16481803357601166,4.382608890533447
1946,692.8503455333412,0.02019527368247509,0.2572784423828125,0.15808694064617157,4.53157901763916
1947,693.2234541708604,0.025341056287288666,0.25689697265625,0.16046510636806488,3.8241379261016846
1948,693.5482701258734,0.020801298320293427,0.2565155029296875,0.16616414487361908,4.630434513092041
1949,693.8522184835747,0.021231818944215775,0.256134033203125,0.1512555480003357,3.7624998092651367
1950,694.1596237281337,0.021175442263484,0.2557525634765625,0.14901258051395416,3.7599997520446777
1951,694.4729070439935,0.020680425688624382,0.25537109375,0.15188509225845337,4.1318182945251465
1952,694.7760109091178,0.022072944790124893,0.2549896240234375,0.16740000247955322,4.519047260284424
1953,695.0832888716832,0.022379331290721893,0.254608154296875,0.17085514962673187,4.509999752044678
1954,695.3937346143648,0.02061491087079048,0.2542266845703125,0.15555554628372192,4.025925636291504
1955,695.7010886706412,0.019876018166542053,0.25384521484375,0.15757575631141663,4.27142858505249
1956,696.0862677004188,0.019183628261089325,0.2534637451171875,0.16397306323051453,4.251999855041504
1957,696.4002794120461,0.02140556275844574,0.253082275390625,0.1585160195827484,4.0916666984558105
1958,696.7220890307799,0.021442249417304993,0.2527008056640625,0.16256238520145416,4.149999618530273
1959,697.0677599245682,0.021399393677711487,0.2523193359375,0.16903845965862274,4.5411763191223145
1960,697.3691611774266,0.021425843238830566,0.2519378662109375,0.14382827281951904,4.327272891998291
1961,697.6739100869745,0.02023600973188877,0.251556396484375,0.1643884927034378,4.217391014099121
1962,697.9822891782969,0.02070559561252594,0.2511749267578125,0.16308492422103882,4.255000114440918
1963,698.2870344407856,0.01969805359840393,0.25079345703125,0.1505882441997528,4.109523773193359
1964,698.5920334132388,0.018719814717769623,0.2504119873046875,0.17272727191448212,4.882352828979492
1965,698.9006096459925,0.01884792372584343,0.250030517578125,0.1565789431333542,4.030768871307373
1966,699.2040888089687,0.020521551370620728,0.2496490478515625,0.16232338547706604,3.9000000953674316
1967,699.5110138561577,0.02110978588461876,0.249267578125,0.16098418831825256,4.395651817321777
1968,699.8134607113898,0.021298348903656006,0.2488861083984375,0.1601801961660385,4.313636302947998
1969,700.1155248628929,0.02203444391489029,0.248504638671875,0.15689103305339813,4.154545307159424
1970,700.4395196372643,0.025624001398682594,0.2481231689453125,0.15934066474437714,4.27222204208374
1971,700.7449359269813,0.022873641923069954,0.24774169921875,0.16875001788139343,4.439129829406738
1972,701.0489972988144,0.021560868248343468,0.2473602294921875,0.15806452929973602,4.485713958740234
1973,701.3530297549441,0.019953055307269096,0.246978759765625,0.15320813655853271,3.9148147106170654
1974,701.6573436046019,0.020994003862142563,0.2465972900390625,0.18508946895599365,4.919999599456787
1975,701.9620146993548,0.019711963832378387,0.2462158203125,0.166544109582901,4.778947353363037
1976,702.2641881816089,0.021620366722345352,0.2458343505859375,0.16375403106212616,4.333333492279053
1977,702.584294790402,0.023513272404670715,0.245452880859375,0.15395189821720123,4.039999485015869
1978,702.9000503206626,0.02020866610109806,0.2450714111328125,0.16956523060798645,4.569999694824219
1979,703.2322613801807,0.016664298251271248,0.24468994140625,0.1568535715341568,3.995651960372925
1980,703.5520074348897,0.01839197613298893,0.2443084716796875,0.153191477060318,4.157142639160156
1981,703.8708328865469,0.01999528519809246,0.243927001953125,0.1612349897623062,4.199999809265137
1982,704.217244675383,0.01994948834180832,0.2435455322265625,0.1627560555934906,4.286956310272217
1983,704.563737985678,0.021868931129574776,0.2431640625,0.15272727608680725,4.166666507720947
1984,704.8859553886577,0.019983898848295212,0.2427825927734375,0.15944170951843262,4.187500476837158
1985,705.1916678901762,0.020343128591775894,0.242401123046875,0.15914826095104218,3.959259271621704
1986,705.5632399115711,0.018144529312849045,0.2420196533203125,0.17387913167476654,4.7928571701049805
1987,705.8875550050288,0.018012989312410355,0.24163818359375,0.15345394611358643,4.1913042068481445
1988,706.3229787936434,0.019184062257409096,0.2412567138671875,0.16654804348945618,4.309999942779541
1989,706.6382913878188,0.019101979210972786,0.240875244140625,0.14103510975837708,4.065217018127441
1990,706.9507551379502,0.020862987264990807,0.2404937744140625,0.17860084772109985,4.565000057220459
1991,707.3738614525646,0.024157360196113586,0.2401123046875,0.15511669218540192,4.109523773193359
1992,707.7057153750211,0.020885726436972618,0.2397308349609375,0.16242602467536926,4.400000095367432
1993,708.0129146017134,0.019700171425938606,0.239349365234375,0.16472147405147552,3.9432430267333984
1994,708.4559984896332,0.021576302126049995,0.2389678955078125,0.17262357473373413,4.752941131591797
1995,708.8533807648346,0.021823283284902573,0.23858642578125,0.16189555823802948,4.473683834075928
1996,709.3310626000166,0.017976565286517143,0.2382049560546875,0.16345565021038055,4.191999912261963
1997,709.7549178116024,0.018836108967661858,0.237823486328125,0.1559380292892456,4.076000213623047
1998,710.0914273373783,0.020922522991895676,0.2374420166015625,0.1583881825208664,4.505000114440918
1999,710.568136010319,0.01896628923714161,0.237060546875,0.16617648303508759,4.039130210876465
2000,710.9171880558133,0.022468235343694687,0.2366790771484375,0.16317567229270935,4.320833683013916
2001,711.3261278048158,0.017789384350180626,0.236297607421875,0.16557660698890686,4.163636207580566
2002,711.7664387449622,0.02334764413535595,0.2359161376953125,0.1628742665052414,4.615789413452148
2003,712.1020758785307,0.021969158202409744,0.23553466796875,0.16386404633522034,4.519047260284424
2004,712.4209041567519,0.02049066126346588,0.2351531982421875,0.1614583283662796,4.2739129066467285
2005,712.7328738123178,0.020731033757328987,0.234771728515625,0.1588541716337204,4.266666412353516
2006,713.2486552419141,0.02070908062160015,0.2343902587890625,0.15394525229930878,4.013636589050293
2007,713.587853086181,0.018752634525299072,0.2340087890625,0.16558966040611267,4.034782886505127
2008,713.929004826583,0.02137291617691517,0.2336273193359375,0.14662478864192963,4.233333587646484
2009,714.427021141164,0.019731765612959862,0.233245849609375,0.1595975160598755,3.9923079013824463
2010,714.8671317612752,0.018064571544528008,0.2328643798828125,0.1665346622467041,4.27142858505249
2011,715.2039804477245,0.019559437409043312,0.23248291015625,0.17663158476352692,4.964705467224121
2012,715.5054792240262,0.02032005600631237,0.2321014404296875,0.16052106022834778,4.731578350067139
2013,715.8635845556855,0.02108093351125717,0.231719970703125,0.15181976556777954,3.947368860244751
2014,716.1945110717788,0.020541463047266006,0.2313385009765625,0.16610455513000488,4.391304016113281
2015,716.5117654222995,0.020756978541612625,0.23095703125,0.15992063283920288,4.323529243469238
2016,716.8210078841075,0.02278067171573639,0.2305755615234375,0.1703900545835495,4.461904525756836
2017,717.125772821717,0.02199566550552845,0.230194091796875,0.161320760846138,4.2076921463012695
2018,717.4291848307475,0.019231528043746948,0.2298126220703125,0.1616838574409485,4.287499904632568
2019,717.9291559448466,0.0210189800709486,0.22943115234375,0.15449915826320648,4.133333206176758
2020,718.240373596549,0.022652627900242805,0.2290496826171875,0.15548279881477356,4.127272605895996
2021,718.5706048989668,0.019785329699516296,0.228668212890625,0.15574072301387787,4.4076924324035645
2022,718.8733466779813,0.020139802247285843,0.2282867431640625,0.16660870611667633,3.992000102996826
2023,719.3651356250048,0.02077433280646801,0.2279052734375,0.16543690860271454,4.757143020629883
2024,719.6666078707203,0.01851498708128929,0.2275238037109375,0.1671256422996521,4.6363630294799805
2025,719.9940293738618,0.020938944071531296,0.227142333984375,0.14939025044441223,3.774073839187622
2026,720.2970777135342,0.018318865448236465,0.2267608642578125,0.15674342215061188,3.9739127159118652
2027,720.6112447977066,0.01985175721347332,0.22637939453125,0.16413043439388275,4.149999618530273
2028,720.9175454741344,0.024341609328985214,0.2259979248046875,0.17078430950641632,4.643749713897705
2029,721.253446565941,0.019892776384949684,0.225616455078125,0.15383023023605347,4.425000190734863
2030,721.9898640261963,0.02284625917673111,0.2252349853515625,0.16090090572834015,4.315789699554443
2031,722.3890688912943,0.018002573400735855,0.224853515625,0.15937498211860657,4.163157939910889
2032,722.7206718567759,0.020139463245868683,0.2244720458984375,0.1560489982366562,3.962963342666626
2033,723.0274423426017,0.020860645920038223,0.224090576171875,0.15111111104488373,4.083333492279053
2034,723.4128843871877,0.018513116985559464,0.2237091064453125,0.1523219794034958,3.7357141971588135
2035,723.8175421822816,0.022269537672400475,0.22332763671875,0.15606297552585602,3.9583332538604736
2036,724.2240719208494,0.021466286852955818,0.2229461669921875,0.16323024034500122,4.343478202819824
2037,724.5758174043149,0.021981781348586082,0.222564697265625,0.1599348485469818,4.0920000076293945
2038,724.9208038244396,0.017004314810037613,0.2221832275390625,0.16046099364757538,4.328571319580078
2039,725.2256456576288,0.018340276554226875,0.2218017578125,0.16559486091136932,3.9666664600372314
2040,725.5438303174451,0.021047959104180336,0.2214202880859375,0.1587499976158142,4.359090328216553
2041,725.8550061099231,0.02026231959462166,0.221038818359375,0.18165548145771027,5.0199995040893555
2042,726.1855944469571,0.021742312237620354,0.2206573486328125,0.17469027638435364,4.775000095367432
2043,726.5655237166211,0.020446375012397766,0.22027587890625,0.1618955433368683,4.5615386962890625
2044,726.8908351445571,0.01995496265590191,0.2198944091796875,0.16465798020362854,4.516666412353516
2045,727.2795073036104,0.019296150654554367,0.219512939453125,0.1617647111415863,4.480952262878418
2046,727.5981466639787,0.022819366306066513,0.2191314697265625,0.1646234691143036,4.179166793823242
2047,727.9032056583092,0.021133098751306534,0.21875,0.16247905790805817,4.063636302947998
2048,728.2339114071801,0.02129318006336689,0.2183685302734375,0.1620294600725174,4.380000114440918
2049,728.5414949106053,0.018835483118891716,0.217987060546875,0.16383999586105347,4.190476417541504
2050,728.8730089208111,0.019760392606258392,0.2176055908203125,0.16142034530639648,4.330434799194336
2051,729.1940611666068,0.01832524500787258,0.21722412109375,0.15560822188854218,4.266666412353516
2052,729.5489583965391,0.019928045570850372,0.2168426513671875,0.17077921330928802,4.271999835968018
2053,729.9978728303686,0.016936343163251877,0.216461181640625,0.15905511379241943,4.111538410186768
2054,730.3155058557168,0.023564308881759644,0.2160797119140625,0.1587963104248047,4.069231033325195
2055,730.627081034705,0.018794124945998192,0.2156982421875,0.15711382031440735,4.314285755157471
2056,730.9310704162344,0.020643001422286034,0.2153167724609375,0.15052448213100433,4.109090805053711
2057,731.2361778719351,0.02044203132390976,0.214935302734375,0.16526655852794647,4.258333683013916
2058,731.5418770778924,0.021951328963041306,0.2145538330078125,0.16622735559940338,4.234614849090576
2059,731.8581161350012,0.02315766178071499,0.21417236328125,0.15490196645259857,4.252631664276123
2060,732.1630036057904,0.020166607573628426,0.2137908935546875,0.17489363253116608,4.6399993896484375
2061,732.4691674923524,0.019992662593722343,0.213409423828125,0.1566770374774933,4.330000400543213
2062,732.7762225549668,0.020776908844709396,0.2130279541015625,0.16425122320652008,4.169999599456787
2063,733.0774509999901,0.019832825288176537,0.212646484375,0.16705884039402008,4.388235092163086
2064,733.3801937513053,0.02022388204932213,0.2122650146484375,0.15150554478168488,4.029629230499268
2065,733.6832984983921,0.01769912987947464,0.211883544921875,0.16466429829597473,4.347825527191162
2066,734.0030486313626,0.02280685119330883,0.2115020751953125,0.1673610955476761,4.408696174621582
2067,734.3919975822791,0.01948525756597519,0.21112060546875,0.1615503877401352,4.2923078536987305
2068,734.7719384841621,0.019927602261304855,0.2107391357421875,0.16720779240131378,4.059091091156006
2069,735.0993692837656,0.020794082432985306,0.210357666015625,0.16234458982944489,4.3919997215271
2070,735.4208403127268,0.021275637671351433,0.2099761962890625,0.17080292105674744,4.435293674468994
2071,735.7280820701271,0.018678102642297745,0.2095947265625,0.16720323264598846,4.947059154510498
2072,736.1382121928036,0.01843351684510708,0.2092132568359375,0.1719769686460495,4.431818008422852
2073,736.4647074537352,0.021406017243862152,0.208831787109375,0.1626003235578537,4.145454406738281
2074,736.7946434160694,0.019893448799848557,0.2084503173828125,0.17399999499320984,4.877777576446533
2075,737.4572168635204,0.019312435761094093,0.20806884765625,0.1493220329284668,3.996000051498413
2076,737.7977084862068,0.01873336173593998,0.2076873779296875,0.17161716520786285,4.299999713897705
2077,738.3738074852154,0.019557498395442963,0.207305908203125,0.1512937694787979,4.1449995040893555
2078,738.7008747169748,0.02007080428302288,0.2069244384765625,0.1642628163099289,4.133333206176758
2079,739.0554675087333,0.020768627524375916,0.20654296875,0.1575949341058731,4.2076921463012695
2080,739.5585440723225,0.020746441558003426,0.2061614990234375,0.16164818406105042,4.047825813293457
2081,739.8873769957572,0.019822293892502785,0.205780029296875,0.15989583730697632,4.159999847412109
2082,740.2417424079031,0.01977711357176304,0.2053985595703125,0.1701974868774414,4.439999580383301
2083,740.7048485344276,0.023168303072452545,0.20501708984375,0.16211849451065063,4.576189994812012
2084,741.087325586006,0.020757684484124184,0.2046356201171875,0.16066433489322662,4.280952453613281
2085,741.4127230383456,0.021109454333782196,0.204254150390625,0.16142858564853668,4.034782886505127
2086,741.7538262372836,0.019758595153689384,0.2038726806640625,0.16141001880168915,4.647618770599365
2087,742.1218547811732,0.0190372746437788,0.2034912109375,0.1643812656402588,4.07692289352417
2088,742.4240851420909,0.02205406315624714,0.2031097412109375,0.1639610379934311,4.27142858505249
2089,742.7351080160588,0.0211494080722332,0.202728271484375,0.1588524430990219,4.0608696937561035
2090,743.0416122069582,0.019797885790467262,0.2023468017578125,0.16639742255210876,4.239999771118164
2091,743.3437444418669,0.019273431971669197,0.20196533203125,0.1533646285533905,4.295454502105713
2092,743.6460006125271,0.02397121675312519,0.2015838623046875,0.16283783316612244,3.917391538619995
2093,743.9711469076574,0.020825836807489395,0.201202392578125,0.17178571224212646,4.362499713897705
2094,744.2765377322212,0.021998325362801552,0.2008209228515625,0.16790322959423065,4.559091091156006
2095,744.5942741017789,0.02023947983980179,0.200439453125,0.15095238387584686,3.942857027053833
2096,744.9105344489217,0.02058379165828228,0.2000579833984375,0.16536204516887665,4.51904821395874
2097,745.2267404627055,0.02018207125365734,0.199676513671875,0.16362039744853973,4.2266669273376465
2098,745.5303717274219,0.021892065182328224,0.1992950439453125,0.168259397149086,4.489999771118164
2099,745.8358128946275,0.01946917176246643,0.19891357421875,0.15270505845546722,3.9576921463012695
2100,746.1665078932419,0.01749120093882084,0.1985321044921875,0.17161904275417328,4.878947734832764
2101,746.4919245317578,0.019997846335172653,0.198150634765625,0.15461096167564392,3.776923179626465
2102,746.88049014844,0.022627664729952812,0.1977691650390625,0.1535211205482483,3.7482759952545166
2103,747.2360441498458,0.018593737855553627,0.1973876953125,0.16827093064785004,4.4666666984558105
2104,747.6840348355472,0.0181079413741827,0.1970062255859375,0.1817796528339386,5.0411763191223145
2105,748.0017725788057,0.021370846778154373,0.196624755859375,0.16660746932029724,4.53181791305542
2106,748.3375848336145,0.019743168726563454,0.1962432861328125,0.16192811727523804,4.078947067260742
2107,748.7086952012032,0.01896357350051403,0.19586181640625,0.16346153616905212,4.582608222961426
2108,749.0288767302409,0.019926877692341805,0.1954803466796875,0.16797854006290436,4.549999713897705
2109,749.3681022655219,0.01951300911605358,0.195098876953125,0.15849056839942932,4.131999969482422
2110,749.6766417175531,0.01918223313987255,0.1947174072265625,0.1609603315591812,4.378260612487793
2111,749.9956658370793,0.023417845368385315,0.1943359375,0.17529182136058807,4.647619247436523
2112,750.3464836739004,0.018738847225904465,0.1939544677734375,0.1681978702545166,4.27222204208374
2113,750.736578294076,0.0178033746778965,0.193572998046875,0.15296052396297455,4.334782600402832
2114,751.193506105803,0.018510792404413223,0.1931915283203125,0.16220340132713318,3.9699997901916504
2115,751.5232208296657,0.02141537517309189,0.19281005859375,0.16372881829738617,4.572727203369141
2116,751.8475635256618,0.021350141614675522,0.1924285888671875,0.15438595414161682,4.048275470733643
2117,752.1632184358314,0.019902648404240608,0.192047119140625,0.16408316791057587,4.568421363830566
2118,752.4955183425918,0.021459436044096947,0.1916656494140625,0.1734693944454193,4.840000629425049
2119,752.8215354532003,0.019206194207072258,0.1912841796875,0.1565428227186203,4.25
2120,753.1717095281929,0.019785689190030098,0.1909027099609375,0.15200594067573547,3.892592191696167
2121,753.6096499096602,0.01944720186293125,0.190521240234375,0.17079511284828186,4.132142543792725
2122,753.9181098202243,0.019635403528809547,0.1901397705078125,0.16640157997608185,4.712499618530273
2123,754.2736950144172,0.017002124339342117,0.18975830078125,0.1639871448278427,4.291666507720947
2124,754.7029395289719,0.019772343337535858,0.1893768310546875,0.16248062252998352,4.134615421295166
2125,755.0774105256423,0.020244866609573364,0.188995361328125,0.15613125264644623,4.291304111480713
2126,755.4744538897648,0.021027063950896263,0.1886138916015625,0.16336478292942047,3.923999547958374
2127,755.9089750424027,0.018627477809786797,0.188232421875,0.1600000113248825,4.233333587646484
2128,756.220575385727,0.019786851480603218,0.1878509521484375,0.1607142835855484,4.153846263885498
2129,756.5401161555201,0.020849958062171936,0.187469482421875,0.16245420277118683,4.335000038146973
2130,757.3598301447928,0.01805626042187214,0.1870880126953125,0.15965251624584198,4.149999618530273
2131,757.676435940899,0.019851574674248695,0.18670654296875,0.16003373265266418,4.418181896209717
2132,757.9783323202282,0.019182663410902023,0.1863250732421875,0.1645161360502243,4.165384292602539
2133,758.2804459100589,0.02099624276161194,0.185943603515625,0.14698413014411926,3.7300000190734863
2134,758.6636197362095,0.020188726484775543,0.1855621337890625,0.1587499976158142,4.187499523162842
2135,759.0701340343803,0.019942836835980415,0.1851806640625,0.16761061549186707,4.513636589050293
2136,759.4853444499895,0.017827937379479408,0.1847991943359375,0.15399643778800964,4.342105388641357
2137,759.8788620121777,0.016864990815520287,0.184417724609375,0.1587955504655838,3.985185146331787
2138,760.335720686242,0.02096530608832836,0.1840362548828125,0.14965637028217316,4.08695650100708
2139,760.6713029555976,0.0184413380920887,0.18365478515625,0.15875795483589172,4.089473724365234
2140,761.1171879628673,0.019303347915410995,0.1832733154296875,0.1493723839521408,3.796875
2141,761.5290417857468,0.019667543470859528,0.182891845703125,0.16812144219875336,4.1823530197143555
2142,761.9520403109491,0.018080992624163628,0.1825103759765625,0.15270072221755981,4.186956882476807
2143,762.3056734222919,0.02032989263534546,0.18212890625,0.16837607324123383,4.226922988891602
2144,762.6191356992349,0.02056800201535225,0.1817474365234375,0.17587628960609436,4.619999885559082
2145,763.0421138750389,0.018538344651460648,0.181365966796875,0.1624137908220291,4.320833683013916
2146,763.342519832775,0.018526550382375717,0.1809844970703125,0.1588628888130188,4.118182182312012
2147,763.8572968384251,0.022465383633971214,0.18060302734375,0.16371680796146393,4.335000038146973
2148,764.2499718256295,0.02145271934568882,0.1802215576171875,0.15760518610477448,4.295454025268555
2149,764.691744199954,0.02046169526875019,0.179840087890625,0.16106624901294708,4.255999565124512
2150,765.0419611148536,0.01775292493402958,0.1794586181640625,0.1590106040239334,4.150000095367432
2151,765.3434073422104,0.019400130957365036,0.1790771484375,0.1564541459083557,3.9192304611206055
2152,765.6999024488032,0.01918962597846985,0.1786956787109375,0.15956006944179535,4.484999656677246
2153,766.0523233059794,0.020769556984305382,0.178314208984375,0.16274194419384003,4.015384674072266
2154,766.3537879381329,0.01915871910750866,0.1779327392578125,0.15084174275398254,3.986363410949707
2155,766.6614746050909,0.02144021913409233,0.17755126953125,0.1712121218442917,4.331817626953125
2156,766.9813921982422,0.019045108929276466,0.1771697998046875,0.1716049313545227,4.337037086486816
2157,767.2810616632923,0.019184133037924767,0.176788330078125,0.1660030484199524,4.4583330154418945
2158,767.5863962685689,0.019105765968561172,0.1764068603515625,0.16489532589912415,4.349999904632568
2159,768.1437044236809,0.021918222308158875,0.176025390625,0.16476868093013763,4.116000175476074
2160,768.915594285354,0.018826892599463463,0.1756439208984375,0.172607883810997,4.790909290313721
2161,769.2470303373411,0.022811681032180786,0.175262451171875,0.16402213275432587,4.435000419616699
2162,769.6551740998402,0.02043396420776844,0.1748809814453125,0.16068223118782043,4.611111164093018
2163,770.0485521778464,0.022238614037632942,0.17449951171875,0.16185244917869568,4.005262851715088
2164,770.373709208332,0.02060084231197834,0.1741180419921875,0.16437499225139618,4.334615230560303
2165,770.701499549672,0.019697465002536774,0.173736572265625,0.16222964227199554,3.9925923347473145
2166,771.0359190087765,0.0182326752692461,0.1733551025390625,0.16272084414958954,4.43684196472168
2167,771.3935396559536,0.018129093572497368,0.1729736328125,0.16320273280143738,4.358333110809326
2168,771.7006060201675,0.017591414973139763,0.1725921630859375,0.15548060834407806,4.019999980926514
2169,772.0855673979968,0.018019894137978554,0.172210693359375,0.16527514159679413,4.357894420623779
2170,772.4205616042018,0.02123137190937996,0.1718292236328125,0.1533222496509552,4.163636684417725
2171,772.7380046760663,0.018603522330522537,0.17144775390625,0.16267123818397522,4.542104721069336
2172,773.0552970711142,0.023594316095113754,0.1710662841796875,0.17308379709720612,4.445833206176758
2173,773.3560514086857,0.022572791203856468,0.170684814453125,0.15493421256542206,4.111999988555908
2174,773.6559017859399,0.019398167729377747,0.1703033447265625,0.16561922430992126,4.211111068725586
2175,773.9534562667832,0.01846000738441944,0.169921875,0.15833334624767303,4.52222204208374
2176,774.2986894324422,0.01966669224202633,0.1695404052734375,0.15544554591178894,4.0333333015441895
2177,774.6502793151885,0.019959211349487305,0.169158935546875,0.15412698686122894,4.019230842590332
2178,774.9647787855938,0.02122611738741398,0.1687774658203125,0.16751593351364136,4.178260803222656
2179,775.4364903094247,0.021130399778485298,0.16839599609375,0.16119658946990967,4.417391777038574
2180,775.8050081785768,0.017677297815680504,0.1680145263671875,0.1541118323802948,4.115999698638916
2181,776.1170432250947,0.016024069860577583,0.167633056640625,0.16860467195510864,4.6315789222717285
2182,776.4422553991899,0.019048839807510376,0.1672515869140625,0.1607142835855484,3.93500018119812
2183,776.8013417497277,0.019476648420095444,0.1668701171875,0.15702876448631287,4.204166889190674
2184,777.2481114612892,0.01830321177840233,0.1664886474609375,0.16459016501903534,4.268181800842285
2185,777.5677516702563,0.020857710391283035,0.166107177734375,0.16051830351352692,4.0233330726623535
2186,777.9092449359596,0.02032827027142048,0.1657257080078125,0.1570175588130951,4.040740966796875
2187,778.255930849351,0.017004281282424927,0.16534423828125,0.1629432588815689,4.1210527420043945
2188,778.6076132375747,0.020064517855644226,0.1649627685546875,0.16037414968013763,4.404545307159424
2189,778.916939066723,0.01863502711057663,0.164581298828125,0.15793651342391968,4.149999618530273
2190,779.268490367569,0.017268449068069458,0.1641998291015625,0.16694630682468414,4.311999797821045
2191,779.5693827867508,0.017613328993320465,0.163818359375,0.16308316588401794,4.746666431427002
2192,779.8723739068955,0.020564088597893715,0.1634368896484375,0.16207483410835266,4.3090901374816895
2193,780.2101227166131,0.016582971438765526,0.163055419921875,0.15468484163284302,4.2833333015441895
2194,780.5754197621718,0.01911989226937294,0.1626739501953125,0.16205734014511108,4.133333206176758
2195,780.9333266597241,0.021470539271831512,0.16229248046875,0.16003289818763733,4.1192307472229
2196,781.2902405103669,0.018854836001992226,0.1619110107421875,0.1599303036928177,4.221739292144775
2197,781.7503367522731,0.022680040448904037,0.161529541015625,0.1613672524690628,4.215384483337402
2198,782.0614813016728,0.019397802650928497,0.1611480712890625,0.16737286746501923,4.125000476837158
2199,782.3806511722505,0.021525491029024124,0.1607666015625,0.16693943738937378,4.2185187339782715
2200,782.6833789553493,0.018863413482904434,0.1603851318359375,0.1620860993862152,4.357142925262451
2201,783.0488582532853,0.018377752974629402,0.160003662109375,0.15372906625270844,4.072727203369141
2202,783.3803752185777,0.019368693232536316,0.1596221923828125,0.16344937682151794,3.8999998569488525
2203,783.7493440825492,0.01843980886042118,0.15924072265625,0.1749478131532669,4.53636360168457
2204,784.0593116274104,0.021743694320321083,0.1588592529296875,0.16678082942962646,4.613043785095215
2205,784.3609898621216,0.018888860940933228,0.158477783203125,0.16033059358596802,4.276000499725342
2206,784.6961404448375,0.018573768436908722,0.1580963134765625,0.16775956749916077,4.072221755981445
2207,785.0250205304474,0.020767077803611755,0.15771484375,0.16366559267044067,4.308000087738037
2208,785.3197649437934,0.021800385788083076,0.1573333740234375,0.17567011713981628,4.693333625793457
2209,785.6185161806643,0.019693920388817787,0.156951904296875,0.16649484634399414,4.608695983886719
2210,785.9196443259716,0.020598722621798515,0.1565704345703125,0.1685454547405243,4.622726917266846
2211,786.2405771305785,0.01945299096405506,0.15618896484375,0.16046510636806488,4.27222204208374
2212,786.540303372778,0.018670156598091125,0.1558074951171875,0.16145510971546173,4.011538505554199
2213,787.7472081091255,0.019675616174936295,0.155426025390625,0.17446808516979218,4.654545307159424
2214,788.0832905145362,0.020843517035245895,0.1550445556640625,0.16040953993797302,4.378261566162109
2215,788.3861446762457,0.019452864304184914,0.1546630859375,0.162626251578331,4.263635635375977
2216,788.707019733265,0.018436862155795097,0.1542816162109375,0.16515398025512695,4.357142925262451
2217,789.1877735191956,0.017787162214517593,0.153900146484375,0.1496688723564148,4.030769348144531
2218,789.5223896801472,0.022636137902736664,0.1535186767578125,0.17580299079418182,5.043750286102295
2219,789.8412331808358,0.01864525116980076,0.15313720703125,0.16368421912193298,4.282608509063721
2220,790.1779734222218,0.018943244591355324,0.1527557373046875,0.16603447496891022,4.361111164093018
2221,790.532803256996,0.01895538903772831,0.152374267578125,0.15725676715373993,4.3458333015441895
2222,791.2095330078155,0.02038675919175148,0.1519927978515625,0.15194611251354218,3.6476190090179443
2223,792.6085249008611,0.01863780990242958,0.151611328125,0.15309734642505646,3.864285707473755
2224,792.9966795416549,0.017596187070012093,0.1512298583984375,0.15909089148044586,4.249999523162842
2225,793.339802022092,0.020167047157883644,0.150848388671875,0.1770731657743454,4.343999862670898
2226,793.680163946934,0.020529864355921745,0.1504669189453125,0.15834766626358032,4.355999946594238
2227,794.0479097152129,0.019809147343039513,0.15008544921875,0.1616055816411972,4.384999752044678
2228,794.474575329572,0.01858581230044365,0.1497039794921875,0.16279864311218262,4.338094711303711
2229,794.8429853152484,0.019957587122917175,0.149322509765625,0.16064400970935822,4.210000038146973
2230,795.170749890618,0.01997586339712143,0.1489410400390625,0.1571214348077774,4.131817817687988
2231,795.4830890316516,0.019549762830138206,0.1485595703125,0.1647634655237198,4.219230651855469
2232,795.8161789244041,0.021429385989904404,0.1481781005859375,0.16785112023353577,4.271999835968018
2233,796.1620614379644,0.018595142289996147,0.147796630859375,0.16151560842990875,4.107407569885254
2234,796.6047241957858,0.017039887607097626,0.1474151611328125,0.17538727819919586,4.331999778747559
2235,796.9509338382632,0.018919125199317932,0.14703369140625,0.16486014425754547,4.513043403625488
2236,797.2864441005513,0.016802864149212837,0.1466522216796875,0.16307690739631653,4.588235378265381
2237,797.6155337933451,0.019245140254497528,0.146270751953125,0.1708609163761139,4.72857141494751
2238,797.9738311003894,0.020988406613469124,0.1458892822265625,0.1637636125087738,4.636363506317139
2239,798.2779906634241,0.01802435703575611,0.1455078125,0.15618182718753815,4.125
2240,798.5799334691837,0.0221320241689682,0.1451263427734375,0.15987558662891388,4.2039995193481445
2241,798.9109183475375,0.019512562081217766,0.144744873046875,0.15942250192165375,4.078260898590088
2242,799.2676853993908,0.020885881036520004,0.1443634033203125,0.16242775321006775,4.104761600494385
2243,799.5978248389438,0.018249040469527245,0.14398193359375,0.1627712845802307,4.32381010055542
2244,799.9354620072991,0.01896435022354126,0.1436004638671875,0.16065573692321777,4.288000106811523
2245,800.392089612782,0.01937539130449295,0.143218994140625,0.1875,4.854545593261719
2246,800.7502207672223,0.02160661481320858,0.1428375244140625,0.17597657442092896,4.894444942474365
2247,801.2011906476691,0.018008770421147346,0.1424560546875,0.1692567616701126,4.539999961853027
2248,801.7040937524289,0.019525151699781418,0.1420745849609375,0.1658703088760376,4.717647075653076
2249,802.0616349875927,0.020991064608097076,0.141693115234375,0.16704179346561432,4.021874904632568
2250,802.3784196935594,0.01757698319852352,0.1413116455078125,0.17306338250637054,5.123528957366943
2251,802.7037690458819,0.01695997826755047,0.14093017578125,0.15915220975875854,4.224999904632568
2252,803.0364947300404,0.018860725685954094,0.1405487060546875,0.17025546729564667,4.515000343322754
2253,803.3579550441355,0.01896294206380844,0.140167236328125,0.16191904246807098,4.199999809265137
2254,803.693856626749,0.018791425973176956,0.1397857666015625,0.16143344342708588,4.113043308258057
2255,804.1142904683948,0.017262063920497894,0.139404296875,0.1641247719526291,4.411538124084473
2256,804.5542333899066,0.01793227158486843,0.1390228271484375,0.1598694920539856,4.069999694824219
2257,804.9092765692621,0.019638514146208763,0.138641357421875,0.163765549659729,4.449999809265137
2258,805.2398457918316,0.02006419375538826,0.1382598876953125,0.16769759356975555,4.295833587646484
2259,805.5381513135508,0.02305297926068306,0.13787841796875,0.16898494958877563,4.790476322174072
2260,805.9482630705461,0.017133377492427826,0.1374969482421875,0.16259260475635529,4.260869026184082
2261,806.2496892400086,0.019241247326135635,0.137115478515625,0.1686340719461441,4.1050004959106445
2262,806.5642226338387,0.018923094496130943,0.1367340087890625,0.1660626083612442,4.323809623718262
2263,806.9116015192121,0.01917477324604988,0.1363525390625,0.16072727739810944,4.386956691741943
2264,807.2408146038651,0.019367385655641556,0.1359710693359375,0.15273037552833557,4.243477821350098
2265,807.5506392270327,0.022924775257706642,0.135589599609375,0.15218915045261383,4.387500286102295
2266,807.8829254386947,0.019998768344521523,0.1352081298828125,0.16149914264678955,4.112499713897705
2267,808.2210321966559,0.018553823232650757,0.13482666015625,0.15849673748016357,3.835714340209961
2268,808.5466353595257,0.018699396401643753,0.1344451904296875,0.1751490980386734,5.237500190734863
2269,808.9547284962609,0.019065678119659424,0.134063720703125,0.15765471756458282,4.218181133270264
2270,809.3049029214308,0.019998716190457344,0.1336822509765625,0.16373801231384277,4.200000286102295
2271,809.6394619233906,0.016789373010396957,0.13330078125,0.16575120389461517,4.017391204833984
2272,810.1812639441341,0.01705545373260975,0.1329193115234375,0.17098446190357208,4.971428871154785
2273,810.5596278877929,0.021791649982333183,0.132537841796875,0.16232113540172577,3.9759998321533203
2274,810.925782575272,0.01870335452258587,0.1321563720703125,0.16433823108673096,4.568420886993408
2275,811.2798511702567,0.020354818552732468,0.13177490234375,0.1606907993555069,4.329166889190674
2276,811.5899550616741,0.02074376307427883,0.1313934326171875,0.1542016863822937,3.8678572177886963
2277,811.8978822240606,0.021711882203817368,0.131011962890625,0.16105611622333527,4.139999866485596
2278,812.4458489213139,0.02027839422225952,0.1306304931640625,0.17096774280071259,4.40000057220459
2279,813.7297930149361,0.0175998006016016,0.1302490234375,0.17140288650989532,4.858822822570801
2280,814.1338127311319,0.01822367124259472,0.1298675537109375,0.15822982788085938,4.26800012588501
2281,814.4559854036197,0.0199584998190403,0.129486083984375,0.17749546468257904,4.329166889190674
2282,814.8527443902567,0.01865451969206333,0.1291046142578125,0.16213424503803253,4.478947639465332
2283,815.1899931533262,0.01953044906258583,0.12872314453125,0.15773352980613708,4.044444561004639
2284,815.5071020107716,0.01671648398041725,0.1283416748046875,0.157429039478302,4.28181791305542
2285,815.8274789340794,0.01931189000606537,0.127960205078125,0.16304025053977966,4.011111259460449
2286,816.1311087841168,0.01840689592063427,0.1275787353515625,0.16799162328243256,4.761110782623291
2287,816.4579282486811,0.01810973323881626,0.127197265625,0.17108014225959778,4.338095188140869
2288,816.7976638190448,0.020240481942892075,0.1268157958984375,0.15915967524051666,4.307407379150391
2289,817.1146405879408,0.020952392369508743,0.126434326171875,0.1673114150762558,4.741666316986084
2290,817.4321875339374,0.02096596732735634,0.1260528564453125,0.16327685117721558,4.57777738571167
2291,817.7695660032332,0.02047005482017994,0.12567138671875,0.1694490760564804,4.328000068664551
2292,818.1326393801719,0.018885497003793716,0.1252899169921875,0.15650682151317596,4.183333396911621
2293,818.4812730690464,0.02273225039243698,0.12490880489349365,0.157627135515213,4.011111259460449
2294,818.7885229699314,0.01943274959921837,0.12452882528305054,0.15780781209468842,4.107692241668701
2295,819.1094377813861,0.01705872267484665,0.12414884567260742,0.17040817439556122,4.395999908447266
2296,819.4143681107089,0.017707960680127144,0.1237688660621643,0.15596899390220642,4.038461685180664
2297,819.7216741265729,0.020629357546567917,0.12338888645172119,0.15816666185855865,4.09999942779541
2298,820.0434723002836,0.020946377888321877,0.12300890684127808,0.1568218320608139,4.063157558441162
2299,820.3717550858855,0.019301582127809525,0.12262892723083496,0.1650145947933197,4.092592716217041
2300,820.7089120550081,0.01860729791224003,0.12224894762039185,0.16526716947555542,4.545454502105713
2301,821.0245335288346,0.020673638209700584,0.12186896800994873,0.1718631237745285,4.489999771118164
2302,821.3425237359479,0.01836288720369339,0.12148898839950562,0.1566770225763321,4.208000659942627
2303,821.6587159093469,0.01834002509713173,0.1211090087890625,0.17495682835578918,4.347368240356445
2304,821.9758963929489,0.0217093788087368,0.12072902917861938,0.15964286029338837,4.647619247436523
2305,822.3247931702062,0.020193785429000854,0.12034904956817627,0.1643233746290207,4.180952072143555
2306,822.8132598428056,0.021059593185782433,0.11996906995773315,0.16437698900699615,4.310714244842529
2307,823.1232160637155,0.019900938495993614,0.11958909034729004,0.16283048689365387,4.162499904632568
2308,823.458779909648,0.020964454859495163,0.11920911073684692,0.16938775777816772,4.32777738571167
2309,823.9018623726442,0.018863176926970482,0.11882913112640381,0.16704121232032776,5.036842346191406
2310,824.2234796341509,0.018896376714110374,0.1184491515159607,0.1527438908815384,3.803703546524048
2311,824.5806474238634,0.01933184824883938,0.11806917190551758,0.15495207905769348,4.007692337036133
2312,824.9905163897201,0.022601356729865074,0.11768919229507446,0.15884296596050262,4.099999904632568
2313,825.3235930679366,0.018215397372841835,0.11730921268463135,0.16286173462867737,4.039130210876465
2314,825.6225153282285,0.018925931304693222,0.11692923307418823,0.1594516634941101,3.983999729156494
2315,825.9424365991727,0.02029212936758995,0.11654925346374512,0.18522073328495026,5.116666793823242
2316,826.2624838883057,0.01754879765212536,0.116169273853302,0.16126878559589386,4.213043212890625
2317,826.5815156660974,0.02073417603969574,0.11578929424285889,0.17762905359268188,5.059999942779541
2318,827.0089442236349,0.021455101668834686,0.11540931463241577,0.15651515126228333,4.099999904632568
2319,827.8876219205558,0.021637337282299995,0.11502933502197266,0.15699708461761475,3.885713815689087
2320,828.2248203903437,0.019461629912257195,0.11464935541152954,0.17630058526992798,4.4476189613342285
2321,828.5769319012761,0.018449746072292328,0.11426937580108643,0.17315690219402313,5.318749904632568
2322,828.9221547339112,0.02125645987689495,0.11388939619064331,0.16754718124866486,4.226315975189209
2323,829.3003635853529,0.0197098758071661,0.1135094165802002,0.17546777427196503,4.749999523162842
2324,829.6086013745517,0.017684657126665115,0.11312943696975708,0.16224677860736847,4.895000457763672
2325,830.0528158806264,0.01892654225230217,0.11274945735931396,0.17140495777130127,4.331818103790283
2326,830.8615557812154,0.018669504672288895,0.11236947774887085,0.15882353484630585,4.139999866485596
2327,831.3017570823431,0.017759107053279877,0.11198949813842773,0.1561797708272934,3.9964287281036377
2328,831.7028545588255,0.021024638786911964,0.11160951852798462,0.16047155857086182,3.8086955547332764
2329,832.0638545406982,0.01981094293296337,0.1112295389175415,0.15724381804466248,4.262500286102295
2330,832.3821350373328,0.02358304150402546,0.11084955930709839,0.16204619407653809,4.1875
2331,832.7190762879327,0.021374141797423363,0.11046957969665527,0.1578606218099594,4.014814853668213
2332,833.0408812128007,0.020615234971046448,0.11008960008621216,0.1525000035762787,3.91851806640625
2333,833.349019555375,0.02137099951505661,0.10970962047576904,0.17300178110599518,4.437499523162842
2334,833.6533160265535,0.018528547137975693,0.10932964086532593,0.17134615778923035,4.739999771118164
2335,833.9716970119625,0.019091758877038956,0.10894966125488281,0.17099811136722565,4.399999618530273
2336,834.3173830332235,0.019700689241290092,0.1085696816444397,0.16534295678138733,4.690908432006836
2337,834.6470692437142,0.019268935546278954,0.10818970203399658,0.16966910660266876,4.572727203369141
2338,835.0755637902766,0.019449802115559578,0.10780972242355347,0.16490067541599274,4.34761905670166
2339,835.4541890677065,0.02059050463140011,0.10742974281311035,0.17269788682460785,4.516666889190674
2340,835.7848034556955,0.020183244720101357,0.10704976320266724,0.15306666493415833,3.721874952316284
2341,836.1379649126902,0.02042105793952942,0.10666978359222412,0.17785978317260742,4.62999963760376
2342,836.4689528588206,0.01730360835790634,0.106289803981781,0.16192109882831573,4.456521987915039
2343,836.8460126239806,0.023686399683356285,0.10590982437133789,0.17181327939033508,4.1789469718933105
2344,837.2358990740031,0.019108721986413002,0.10552984476089478,0.160896435379982,4.362500190734863
2345,837.5676292134449,0.017872346565127373,0.10514986515045166,0.17084942758083344,4.610525608062744
2346,837.8885400565341,0.016777556389570236,0.10476988554000854,0.15385802090168,4.099999904632568
2347,838.6655123159289,0.018773281946778297,0.10438990592956543,0.15907691419124603,3.80344820022583
2348,838.980619606562,0.01664084382355213,0.10400992631912231,0.1656845659017563,4.57826042175293
2349,839.2905799867585,0.01997765712440014,0.1036299467086792,0.16524700820446014,4.449999809265137
2350,839.6278072493151,0.020136598497629166,0.10324996709823608,0.16530612111091614,4.3045454025268555
2351,839.9481927687302,0.017297126352787018,0.10286998748779297,0.15421903133392334,4.19615364074707
2352,840.30359679088,0.019452108070254326,0.10249000787734985,0.17224080860614777,4.476190567016602
2353,840.6364919152111,0.017023686319589615,0.10211002826690674,0.15449827909469604,4.233333110809326
2354,840.937867699191,0.01871294528245926,0.10173004865646362,0.17360307276248932,4.466666221618652
2355,841.2650964986533,0.01743105985224247,0.10135006904602051,0.16815833747386932,4.591303825378418
2356,841.5809358451515,0.019499188289046288,0.10097008943557739,0.17384305596351624,4.581818103790283
2357,841.9541670847684,0.02081725001335144,0.10059010982513428,0.17208027839660645,4.754545211791992
2358,842.3051049150527,0.018230000510811806,0.10021013021469116,0.16783440113067627,4.215789318084717
2359,842.6576900007203,0.019385840743780136,0.09983015060424805,0.16844037175178528,4.400000095367432
2360,842.9613438369706,0.018563032150268555,0.09945017099380493,0.16635368764400482,4.17391300201416
2361,843.289011486806,0.018372762948274612,0.09907019138336182,0.16471600532531738,4.545833587646484
2362,843.7444958211854,0.021318061277270317,0.0986902117729187,0.1624125838279724,4.199999809265137
2363,844.1401797225699,0.01729442924261093,0.09831023216247559,0.165729358792305,4.650000095367432
2364,844.4604251366109,0.023018186911940575,0.09793025255203247,0.1595611274242401,4.113636493682861
2365,844.8691717106849,0.020104974508285522,0.09755027294158936,0.16099844872951508,3.9925923347473145
2366,845.26889465563,0.01846698299050331,0.09717029333114624,0.14948301017284393,3.970370292663574
2367,846.1951121520251,0.01939007267355919,0.09679031372070312,0.16768400371074677,4.288235187530518
2368,846.6294332649559,0.018865369260311127,0.09641033411026001,0.15421245992183685,3.9739131927490234
2369,846.9815504672006,0.021656977012753487,0.0960303544998169,0.1598784178495407,4.490909099578857
2370,847.2956321658567,0.01821199432015419,0.09565037488937378,0.16360808908939362,4.122222423553467
2371,847.8887947872281,0.020877694711089134,0.09527039527893066,0.15915697813034058,3.999999761581421
2372,848.2282365802675,0.017838159576058388,0.09489041566848755,0.16138146817684174,4.107692241668701
2373,848.5785717787221,0.021154141053557396,0.09451043605804443,0.15574534237384796,3.880000114440918
2374,848.9281237758696,0.020111210644245148,0.09413045644760132,0.16989052295684814,4.340000152587891
2375,849.3105557989329,0.0158547330647707,0.0937504768371582,0.1687196046113968,4.404000282287598
2376,849.6534800315276,0.018236422911286354,0.09337049722671509,0.16843004524707794,4.747368335723877
2377,850.065193139948,0.017514580860733986,0.09299051761627197,0.16687117516994476,4.0821428298950195
2378,850.4094265410677,0.017924131825566292,0.09261053800582886,0.17461538314819336,4.668420791625977
2379,850.9201053613797,0.02041674591600895,0.09223055839538574,0.1625215858221054,4.625
2380,851.33245743718,0.018147360533475876,0.09185057878494263,0.15543964505195618,4.09666633605957
2381,851.6340359039605,0.017075229436159134,0.09147059917449951,0.15851393342018127,3.747826337814331
2382,852.0604601120576,0.0182835403829813,0.0910906195640564,0.17626775801181793,4.805263042449951
2383,852.3708942178637,0.018429027870297432,0.09071063995361328,0.16548223793506622,4.300000190734863
2384,852.6801850609481,0.01892479509115219,0.09033066034317017,0.17331887781620026,5.018750190734863
2385,853.0356733426452,0.015837030485272408,0.08995068073272705,0.1597285270690918,4.331818103790283
2386,853.3475463716313,0.01650836504995823,0.08957070112228394,0.1771107017993927,4.217391490936279
2387,853.6600047200918,0.017139069736003876,0.08919072151184082,0.16365280747413635,4.633333683013916
2388,853.9727469738573,0.019058754667639732,0.0888107419013977,0.1618117243051529,4.400000095367432
2389,854.3180866492912,0.019160524010658264,0.08843076229095459,0.17434944212436676,4.510000228881836
2390,854.6419979007915,0.01637115515768528,0.08805078268051147,0.15975821018218994,4.421739101409912
2391,854.9747307980433,0.01755218207836151,0.08767080307006836,0.16550633311271667,4.178260803222656
2392,855.2809329358861,0.01970651000738144,0.08729082345962524,0.16914190351963043,4.3480000495910645
2393,855.5867533506826,0.017174115404486656,0.08691084384918213,0.15864910185337067,4.126923084259033
2394,855.8879166916013,0.020582113415002823,0.08653086423873901,0.1705618053674698,5.215384483337402
2395,856.4262475632131,0.019352346658706665,0.0861508846282959,0.1685897409915924,4.328571319580078
2396,856.7753770407289,0.019206954166293144,0.08577090501785278,0.16881918907165527,4.621739387512207
2397,857.0994362430647,0.01975383795797825,0.08539092540740967,0.1641148328781128,4.461904525756836
2398,857.3981435671449,0.019344720989465714,0.08501094579696655,0.15653543174266815,4.154545307159424
2399,857.8215540209785,0.019277507439255714,0.08463096618652344,0.1677364856004715,4.142307281494141
2400,858.1336329104379,0.018559763208031654,0.08425098657608032,0.18574181199073792,4.952380657196045
2401,858.4928224757314,0.018117686733603477,0.08387100696563721,0.16566866636276245,4.714285850524902
2402,858.842562418431,0.017694998532533646,0.08349102735519409,0.17171716690063477,4.4263153076171875
2403,859.2517826780677,0.022178951650857925,0.08311104774475098,0.16777582466602325,4.811764717102051
2404,859.5752974087372,0.02059313654899597,0.08273106813430786,0.18439309298992157,4.672727584838867
2405,859.9056825935841,0.01931920275092125,0.08235108852386475,0.1650485396385193,4.765000343322754
2406,860.2224766360596,0.017476165667176247,0.08197110891342163,0.158620685338974,4.312000274658203
2407,860.5502963252366,0.020524948835372925,0.08159112930297852,0.17692309617996216,4.549999713897705
2408,860.852242317982,0.01957806758582592,0.0812111496925354,0.16365186870098114,4.131999969482422
2409,861.1631532358006,0.0173079501837492,0.08083117008209229,0.161387637257576,4.335000038146973
2410,861.4942463608459,0.018558364361524582,0.08045119047164917,0.16700336337089539,4.309091091156006
2411,861.8023574296385,0.02085089683532715,0.08007121086120605,0.16355140507221222,4.192307472229004
2412,862.107579193078,0.021089278161525726,0.07969123125076294,0.1733446568250656,4.308000087738037
2413,862.4087457796559,0.01936197467148304,0.07931125164031982,0.16067227721214294,4.573913097381592
2414,862.7089160121977,0.01744712144136429,0.07893127202987671,0.165909081697464,4.166666507720947
2415,863.0079051591456,0.017439568415284157,0.0785512924194336,0.1860465109348297,4.9499993324279785
2416,863.3144455067813,0.017245978116989136,0.07817131280899048,0.15361635386943817,4.043478488922119
2417,863.6174858799204,0.01868796907365322,0.07779133319854736,0.17124544084072113,4.630000114440918
2418,863.9246089514345,0.015831539407372475,0.07741135358810425,0.1540706604719162,3.9954545497894287
2419,864.2409428721294,0.01823919452726841,0.07703137397766113,0.17132987082004547,4.400000095367432
2420,864.6970798820257,0.01779809035360813,0.07665139436721802,0.15692541003227234,4.08275842666626
2421,865.008416896686,0.01880486123263836,0.0762714147567749,0.15820609033107758,4.211111068725586
2422,865.3408143790439,0.018141262233257294,0.07589143514633179,0.17107941210269928,4.800000190734863
2423,865.6673380546272,0.01920478790998459,0.07551145553588867,0.17220339179039001,4.429999351501465
2424,865.9822739614174,0.01565675251185894,0.07513147592544556,0.16296297311782837,4.547058582305908
2425,866.3079733075574,0.01636430062353611,0.07475149631500244,0.16682927310466766,4.354166507720947
2426,866.6841208562255,0.017171751707792282,0.07437151670455933,0.15987055003643036,4.547618865966797
2427,867.035494861193,0.01914580725133419,0.07399153709411621,0.15341702103614807,3.807142734527588
2428,867.3391904048622,0.018861908465623856,0.0736115574836731,0.16951674222946167,4.420833110809326
2429,867.6675923364237,0.01670694351196289,0.07323157787322998,0.1773722767829895,4.534782886505127
2430,867.9969526585191,0.018208377063274384,0.07285159826278687,0.16122449934482574,4.309524059295654
2431,868.3041685558856,0.018779272213578224,0.07247161865234375,0.16661743819713593,4.256666660308838
2432,868.6455067787319,0.016835318878293037,0.07209163904190063,0.1667218655347824,4.359090805053711
2433,868.9855931606144,0.018449250608682632,0.07171165943145752,0.1763244867324829,4.77142858505249
2434,869.3146975617856,0.016815077513456345,0.0713316798210144,0.17518658936023712,4.6875
2435,869.6301535330713,0.018725235015153885,0.07095170021057129,0.158187136054039,3.8142855167388916
2436,869.9761121487245,0.017526894807815552,0.07057172060012817,0.16396039724349976,4.72857141494751
2437,870.276429538615,0.015499621629714966,0.07019174098968506,0.15834861993789673,4.359090805053711
2438,870.5810231631622,0.019128764048218727,0.06981176137924194,0.15555554628372192,3.952173948287964
2439,870.8830614313483,0.018533501774072647,0.06943178176879883,0.1736283302307129,4.222222328186035
2440,871.22957263235,0.019063403829932213,0.06905180215835571,0.162197083234787,4.569565296173096
2441,871.5329766245559,0.01984068937599659,0.0686718225479126,0.1724957376718521,4.435999870300293
2442,871.834744068794,0.020800646394491196,0.06829184293746948,0.1602076143026352,4.309090614318848
2443,872.1472775088623,0.01684115082025528,0.06791186332702637,0.17814114689826965,4.509523868560791
2444,872.4917012806982,0.017738783732056618,0.06753188371658325,0.1741550713777542,4.865000247955322
2445,872.8370378911495,0.017955390736460686,0.06715190410614014,0.16199323534965515,4.395237445831299
2446,873.2018405292183,0.020400483161211014,0.06677192449569702,0.1682593822479248,4.177272319793701
2447,873.5582407163456,0.0203618872910738,0.0663919448852539,0.15817655622959137,4.120689392089844
2448,873.8638166692108,0.01820632815361023,0.06601196527481079,0.17462120950222015,4.741176605224609
2449,874.3240573043004,0.020404251292347908,0.06563198566436768,0.158620685338974,4.0535712242126465
2450,874.6283976882696,0.018843717873096466,0.06525200605392456,0.15441389381885529,3.8642852306365967
2451,874.9711137777194,0.017839910462498665,0.06487202644348145,0.17171905934810638,4.452381134033203
2452,875.3820031462237,0.018628781661391258,0.06449204683303833,0.17556817829608917,4.783332824707031
2453,875.9063146756962,0.01671012118458748,0.06411206722259521,0.16628478467464447,4.261538505554199
2454,876.2484497074038,0.020371677353978157,0.0637320876121521,0.1687813103199005,4.391666889190674
2455,876.5646568881348,0.019918248057365417,0.06335210800170898,0.15781250596046448,4.199999809265137
2456,876.9035574877635,0.018414558842778206,0.06297212839126587,0.17295238375663757,4.444999694824219
2457,877.4291823422536,0.01801293157041073,0.06259214878082275,0.16826924681663513,4.569999694824219
2458,877.8158956570551,0.0181221142411232,0.06221216917037964,0.17295917868614197,4.357692241668701
2459,878.2381300358102,0.018976425752043724,0.06183218955993652,0.17239582538604736,4.554166316986084
2460,878.666157618165,0.01638595201075077,0.06145220994949341,0.17916665971279144,4.715384483337402
2461,878.9778276327997,0.01740778423845768,0.06107223033905029,0.16655053198337555,4.799999713897705
2462,879.344418396242,0.018142949789762497,0.06069225072860718,0.17173552513122559,4.429166793823242
2463,879.6845326730981,0.019234895706176758,0.06031227111816406,0.16128548979759216,4.147825717926025
2464,880.0009311670437,0.019320674240589142,0.05993229150772095,0.16660551726818085,4.257143020629883
2465,880.3741993559524,0.017989877611398697,0.05955231189727783,0.1670955866575241,4.649999618530273
2466,881.1376190381125,0.018641527742147446,0.05917233228683472,0.17552447319030762,4.595000267028809
2467,881.6501355897635,0.019986633211374283,0.0587923526763916,0.17404022812843323,4.416666507720947
2468,881.9791822982952,0.018617825582623482,0.058412373065948486,0.16820809245109558,5.033332824707031
2469,882.2822437509894,0.018858613446354866,0.05803239345550537,0.15882354974746704,4.047369003295898
2470,882.6203826870769,0.018166417255997658,0.057652413845062256,0.1721222996711731,4.761904239654541
2471,882.9842588780448,0.01701052300632,0.05727243423461914,0.16802720725536346,4.579166412353516
2472,883.3349547609687,0.019159875810146332,0.056892454624176025,0.164652019739151,3.963158130645752
2473,883.6608572378755,0.017299246042966843,0.05651247501373291,0.16972656548023224,4.9052629470825195
2474,884.0577532155439,0.017612049356102943,0.056132495403289795,0.16336283087730408,4.417391300201416
2475,884.406595219858,0.017926348373293877,0.05575251579284668,0.1830039620399475,4.799999237060547
2476,884.778551123105,0.015990693122148514,0.055372536182403564,0.1693050116300583,4.933333396911621
2477,885.1101426267996,0.01896221749484539,0.05499255657196045,0.18625794351100922,5.328571796417236
2478,885.4282487370074,0.01947895996272564,0.054612576961517334,0.15791790187358856,4.153846263885498
2479,885.8113189870492,0.01782979816198349,0.05423259735107422,0.16383308172225952,4.200000286102295
2480,886.1234244192019,0.016394319012761116,0.053852617740631104,0.15588651597499847,3.8689653873443604
2481,886.4362328620628,0.019470572471618652,0.05347263813018799,0.1685454547405243,4.383333206176758
2482,886.7596478387713,0.01776888780295849,0.05309265851974487,0.1761513203382492,4.599999904632568
2483,887.1359858568758,0.01899903267621994,0.05271267890930176,0.165714293718338,4.190000057220459
2484,887.4597125640139,0.017266012728214264,0.05233269929885864,0.16483870148658752,4.259999752044678
2485,887.8328138049692,0.01946169137954712,0.05195271968841553,0.159216970205307,4.091304779052734
2486,888.1653344091028,0.01521848700940609,0.05157274007797241,0.15414908528327942,3.98888897895813
2487,888.4698798796162,0.016509095206856728,0.0511927604675293,0.15949580073356628,4.043478488922119
2488,888.7742263982072,0.019220760092139244,0.05081278085708618,0.1608620584011078,4.316666603088379
2489,889.0804990595207,0.01733979769051075,0.050432801246643066,0.1642061471939087,4.1192307472229
2490,889.4376803776249,0.017399990931153297,0.05005282163619995,0.17140382528305054,4.300000190734863
2491,889.7917258022353,0.017553092911839485,0.05000000074505806,0.17194899916648865,4.7272725105285645
2492,890.1357492161915,0.018242208287119865,0.05000000074505806,0.1623140573501587,4.182608604431152
2493,891.2078070752323,0.0188970398157835,0.05000000074505806,0.17341040074825287,4.773684024810791
2494,891.6262634713203,0.016291320323944092,0.05000000074505806,0.15389221906661987,4.110714435577393
2495,892.5886375773698,0.018453245982527733,0.05000000074505806,0.16625194251537323,4.129629135131836
2496,892.9056059634313,0.01767767407000065,0.05000000074505806,0.1701238453388214,4.214999675750732
2497,893.261264000088,0.018237972632050514,0.05000000074505806,0.1646319478750229,4.576470375061035
2498,893.5991536937654,0.018226997926831245,0.05000000074505806,0.16794872283935547,4.355172634124756
2499,893.9192114872858,0.019035201519727707,0.05000000074505806,0.1658662110567093,4.6631574630737305
2500,894.3469476979226,0.017899785190820694,0.05000000074505806,0.16446124017238617,4.334782600402832
2501,894.6684802733362,0.018535684794187546,0.05000000074505806,0.17840708792209625,4.739130973815918
2502,894.9932794310153,0.01737981103360653,0.05000000074505806,0.17272727191448212,4.331579208374023
2503,895.3017088863999,0.01843125745654106,0.05000000074505806,0.17573387920856476,4.910526275634766
2504,895.610779132694,0.017316481098532677,0.05000000074505806,0.15247678756713867,4.019999980926514
2505,895.9208337944001,0.01987265609204769,0.05000000074505806,0.16248011589050293,4.109090805053711
2506,896.2276773555204,0.0176374688744545,0.05000000074505806,0.16611111164093018,4.160714149475098
2507,896.554711824283,0.018438374623656273,0.05000000074505806,0.172125443816185,4.464000225067139
2508,896.8580725053325,0.01950676552951336,0.05000000074505806,0.16449399292469025,4.3416666984558105
2509,897.158657182008,0.018594050779938698,0.05000000074505806,0.1566433608531952,4.304999828338623
2510,897.476883710362,0.017201345413923264,0.05000000074505806,0.16331471502780914,4.4882354736328125
2511,897.8103214781731,0.017123105004429817,0.05000000074505806,0.1682373434305191,4.1519999504089355
2512,898.1711942134425,0.015597902238368988,0.05000000074505806,0.18906882405281067,5.278947353363037
2513,898.9312298381701,0.02050250582396984,0.05000000074505806,0.15293103456497192,4.138095855712891
2514,899.2331000771374,0.017913831397891045,0.05000000074505806,0.17980770766735077,4.673684597015381
2515,899.5468290122226,0.017315000295639038,0.05000000074505806,0.1531440168619156,4.477777481079102
2516,899.8808003710583,0.017835484817624092,0.05000000074505806,0.1672629714012146,4.309999942779541
2517,900.1983736418188,0.018081074580550194,0.05000000074505806,0.16624775528907776,4.589999675750732
2518,900.5660648234189,0.016962675377726555,0.05000000074505806,0.15358255803585052,4.129167079925537
2519,900.9930246239528,0.017286933958530426,0.05000000074505806,0.16032689809799194,3.9464285373687744
2520,901.3373429356143,0.016563160344958305,0.05000000074505806,0.17425432801246643,4.18148136138916
2521,901.6549758799374,0.017779842019081116,0.05000000074505806,0.16362154483795166,4.375999927520752
2522,902.1114214491099,0.01723312959074974,0.05000000074505806,0.17194390296936035,4.988234996795654
2523,902.4338346505538,0.01744535006582737,0.05000000074505806,0.15650156140327454,4.0333333015441895
2524,902.7474850676954,0.017226923257112503,0.05000000074505806,0.1640186905860901,4.103999614715576
2525,903.0490107452497,0.01703859493136406,0.05000000074505806,0.17416521906852722,4.549999713897705
2526,903.3908400461078,0.01950455643236637,0.05000000074505806,0.17330509424209595,5.047059059143066
2527,903.7217860985547,0.01752990297973156,0.05000000074505806,0.17531083524227142,4.539999961853027
2528,904.0434930752963,0.019694816321134567,0.05000000074505806,0.1792207807302475,4.861111164093018
2529,904.5506656058133,0.017123326659202576,0.05000000074505806,0.15989933907985687,4.404999732971191
2530,904.8750104941428,0.018064696341753006,0.05000000074505806,0.17515923082828522,4.375999927520752
2531,905.2918835533783,0.01811312511563301,0.05000000074505806,0.1631498485803604,3.9862067699432373
2532,905.6294286148623,0.018297631293535233,0.05000000074505806,0.1666666716337204,4.777777194976807
2533,906.0024112723768,0.01669134758412838,0.05000000074505806,0.15361343324184418,3.960869789123535
2534,906.3083715233952,0.01851051300764084,0.05000000074505806,0.16963434219360352,4.300000190734863
2535,906.6094541819766,0.018488965928554535,0.05000000074505806,0.16213449835777283,4.331818103790283
2536,906.9377000033855,0.01737982966005802,0.05000000074505806,0.15281805396080017,4.014814376831055
2537,907.251035913825,0.017719818279147148,0.05000000074505806,0.1548672616481781,3.923076868057251
2538,907.6022445475683,0.019270118325948715,0.05000000074505806,0.17399267852306366,4.1576924324035645
2539,907.9453195380047,0.016860654577612877,0.05000000074505806,0.16236558556556702,4.668421268463135
2540,908.276154669933,0.018009992316365242,0.05000000074505806,0.17042484879493713,4.454166412353516
2541,908.598783319816,0.01807383820414543,0.05000000074505806,0.1604490727186203,3.9388890266418457
2542,908.952752889134,0.01772584393620491,0.05000000074505806,0.1771697998046875,4.540908336639404
2543,909.2706932649016,0.015750661492347717,0.05000000074505806,0.16286593675613403,4.439129829406738
2544,909.5990168340504,0.015392085537314415,0.05000000074505806,0.1610219031572342,4.1888885498046875
2545,909.9522423958406,0.01600000448524952,0.05000000074505806,0.16813354194164276,4.089285373687744
2546,910.2689070366323,0.018146976828575134,0.05000000074505806,0.16822916269302368,4.537499904632568
2547,910.5806184029207,0.01883411593735218,0.05000000074505806,0.17995992302894592,5.2266669273376465
2548,911.0592800220475,0.01731213554739952,0.05000000074505806,0.16804280877113342,4.312000274658203
2549,911.4989009657875,0.017163235694169998,0.05000000074505806,0.1460810899734497,3.9781250953674316
2550,911.9099758714437,0.01654129847884178,0.05000000074505806,0.16744546592235565,4.079166889190674
2551,912.2187193511054,0.01636943593621254,0.05000000074505806,0.15865236520767212,4.21363639831543
2552,912.543515262194,0.0169573575258255,0.05000000074505806,0.16600362956523895,3.954167127609253
2553,912.8807543553412,0.017433084547519684,0.05000000074505806,0.1668582260608673,4.810526371002197
2554,913.1948477206752,0.019305704161524773,0.05000000074505806,0.1775471717119217,4.504762172698975
2555,913.5134675018489,0.017976725473999977,0.05000000074505806,0.1721077561378479,4.730434894561768
2556,913.8333132844418,0.018664374947547913,0.05000000074505806,0.1688663214445114,4.34782600402832
2557,914.143770236522,0.01690158247947693,0.05000000074505806,0.17883332073688507,4.660000324249268
2558,914.4611615128815,0.017035838216543198,0.05000000074505806,0.1675485074520111,4.435999870300293
2559,914.7789374981076,0.019133176654577255,0.05000000074505806,0.17014218866825104,4.609523773193359
2560,915.2752621984109,0.017951082438230515,0.05000000074505806,0.17062146961688995,4.686363697052002
2561,915.7526117926463,0.018135398626327515,0.05000000074505806,0.16033519804477692,4.285000324249268
2562,916.0699755782261,0.01655084267258644,0.05000000074505806,0.15299999713897705,4.099999904632568
2563,916.4199398662895,0.017278488725423813,0.05000000074505806,0.17820774018764496,4.649999618530273
2564,916.7432243069634,0.01817896217107773,0.05000000074505806,0.16765248775482178,4.599999904632568
2565,917.0867170970887,0.01783771626651287,0.05000000074505806,0.16606824100017548,4.184210300445557
2566,917.4195975912735,0.017151983454823494,0.05000000074505806,0.1718045026063919,4.788888931274414
2567,917.7527406821027,0.01930823177099228,0.05000000074505806,0.1717703491449356,4.415999889373779
2568,918.1788776963949,0.018272291868925095,0.05000000074505806,0.1753496378660202,4.635294437408447
2569,918.5130762737244,0.01950991526246071,0.05000000074505806,0.1666134148836136,4.229629993438721
2570,918.8573753796518,0.017058534547686577,0.05000000074505806,0.16768403351306915,4.679999828338623
2571,919.1639351062477,0.01774747483432293,0.05000000074505806,0.1694214940071106,4.505555629730225
2572,919.4967345958576,0.018886933103203773,0.05000000074505806,0.16577179729938507,4.332000255584717
2573,919.805574817583,0.017849015071988106,0.05000000074505806,0.16415712237358093,4.316666126251221
2574,920.104412516579,0.01674465462565422,0.05000000074505806,0.1627575159072876,4.070833206176758
2575,920.4233871512115,0.018709354102611542,0.05000000074505806,0.16619469225406647,4.465217590332031
2576,920.7466794867069,0.019211959093809128,0.05000000074505806,0.15526315569877625,4.384210109710693
2577,921.0596450474113,0.01808064617216587,0.05000000074505806,0.17148080468177795,4.464999675750732
2578,921.3810445303097,0.01807708665728569,0.05000000074505806,0.1772916615009308,4.839999675750732
2579,921.7896344223991,0.02028675563633442,0.05000000074505806,0.1666068285703659,4.633333683013916
2580,922.2404241757467,0.017209118232131004,0.05000000074505806,0.16512741148471832,4.219231128692627
2581,922.5848552621901,0.0183713361620903,0.05000000074505806,0.17077204585075378,4.705882549285889
2582,922.9278936022893,0.017081111669540405,0.05000000074505806,0.1662207394838333,4.526086807250977
2583,923.2541878288612,0.017637090757489204,0.05000000074505806,0.1667363941669464,4.5619049072265625
2584,923.7822929508984,0.01729120872914791,0.05000000074505806,0.17599308490753174,4.423809051513672
2585,924.1278267325833,0.01630072481930256,0.05000000074505806,0.15737703442573547,4.674999713897705
2586,925.292295130901,0.019487690180540085,0.05000000074505806,0.16949684917926788,4.395833492279053
2587,925.6599879348651,0.01726837083697319,0.05000000074505806,0.18047016859054565,4.4285712242126465
2588,926.0813747178763,0.0195518396794796,0.05000000074505806,0.1689165085554123,4.717391014099121
2589,926.4141280101612,0.018390841782093048,0.05000000074505806,0.1679999828338623,4.4666666984558105
2590,926.8064274080098,0.016969474032521248,0.05000000074505806,0.15844960510730743,3.9962961673736572
2591,927.1273608002812,0.018123727291822433,0.05000000074505806,0.1553156077861786,4.104166507720947
2592,927.4515650309622,0.020701931789517403,0.05000000074505806,0.1750972718000412,4.8428568840026855
2593,928.6780641358346,0.01819894276559353,0.05000000074505806,0.1613905429840088,4.21999979019165
2594,929.0021466081962,0.015519723296165466,0.05000000074505806,0.17140468955039978,4.4307684898376465
2595,929.3228361569345,0.019465100020170212,0.05000000074505806,0.17055553197860718,4.505000114440918
2596,929.6461473591626,0.0187546294182539,0.05000000074505806,0.16374501585960388,4.681250095367432
2597,929.9494120171294,0.01808394305408001,0.05000000074505806,0.16707317531108856,4.181481838226318
2598,930.2821931326762,0.015623066574335098,0.05000000074505806,0.16204620897769928,4.395999908447266
2599,930.5885838689283,0.01590328849852085,0.05000000074505806,0.17703703045845032,4.534999847412109
2600,930.9246812509373,0.01644979603588581,0.05000000074505806,0.17295236885547638,4.61764669418335
2601,931.2505833972245,0.017763370648026466,0.05000000074505806,0.18333333730697632,5.289473533630371
2602,931.5617278898135,0.016367442905902863,0.05000000074505806,0.16863083839416504,4.338094711303711
2603,931.9157838132232,0.01961016282439232,0.05000000074505806,0.15466472506523132,3.9785714149475098
2604,932.3026243979111,0.016709426417946815,0.05000000074505806,0.1735112965106964,4.649999618530273
2605,932.6413805037737,0.016507171094417572,0.05000000074505806,0.16413043439388275,4.704761981964111
2606,933.1199653670192,0.017195122316479683,0.05000000074505806,0.16367851197719574,4.213043212890625
2607,933.4645582186058,0.019476190209388733,0.05000000074505806,0.17269624769687653,4.390909194946289
2608,933.8498726952821,0.016905948519706726,0.05000000074505806,0.1705508679151535,4.663158416748047
2609,934.1532228561118,0.016926994547247887,0.05000000074505806,0.17518797516822815,4.855000019073486
2610,934.4563259594142,0.01687229424715042,0.05000000074505806,0.17281368374824524,4.758823394775391
2611,934.7744414368644,0.01703038439154625,0.05000000074505806,0.1673841029405594,4.4375
2612,935.0956904552877,0.01588462106883526,0.05000000074505806,0.1603112816810608,4.471428394317627
2613,935.411929952912,0.018570030108094215,0.05000000074505806,0.16216641664505005,3.8608694076538086
2614,935.7424209630117,0.015914997085928917,0.05000000074505806,0.15832148492336273,4.135714530944824
2615,936.0545065384358,0.017574124038219452,0.05000000074505806,0.18025752902030945,4.77222204208374
2616,936.3640347523615,0.01706036925315857,0.05000000074505806,0.17713004350662231,5.130768775939941
2617,936.6673146486282,0.02035444974899292,0.05000000074505806,0.16322068870067596,4.9294114112854
2618,936.9848310127854,0.0162405613809824,0.05000000074505806,0.1753036379814148,4.609523773193359
2619,937.3756795646623,0.016989193856716156,0.05000000074505806,0.1586097776889801,4.122726917266846
2620,937.6988885328174,0.018888162449002266,0.05000000074505806,0.17164751887321472,4.308333396911621
2621,938.1066929865628,0.019673148170113564,0.05000000074505806,0.16433019936084747,4.433332920074463
2622,938.4439561162144,0.020115137100219727,0.05000000074505806,0.17078039050102234,4.635293960571289
2623,938.761037115939,0.0168217271566391,0.05000000074505806,0.16896551847457886,4.534782886505127
2624,939.0802601799369,0.018641170114278793,0.05000000074505806,0.17418831586837769,4.390909194946289
2625,939.4615289196372,0.018468135967850685,0.05000000074505806,0.16289809346199036,4.271999835968018
2626,939.9189794110134,0.0181622002273798,0.05000000074505806,0.1636672168970108,4.177272796630859
2627,940.2284471308812,0.017365749925374985,0.05000000074505806,0.16493508219718933,4.591303825378418
2628,940.5953236902133,0.016501225531101227,0.05000000074505806,0.16484244167804718,4.047825813293457
2629,940.9435433568433,0.0167553573846817,0.05000000074505806,0.15635178983211517,4.191999435424805
2630,941.2494954112917,0.019277459010481834,0.05000000074505806,0.16785715520381927,4.547368049621582
2631,941.555919139646,0.016878442838788033,0.05000000074505806,0.1763106733560562,4.883333206176758
2632,941.9175378866494,0.016484595835208893,0.05000000074505806,0.166961669921875,4.255555152893066
2633,942.2491088826209,0.01807817444205284,0.05000000074505806,0.16814947128295898,4.395833492279053
2634,942.5697050858289,0.018112681806087494,0.05000000074505806,0.1721843034029007,5.069230079650879
2635,942.9069229280576,0.018117597326636314,0.05000000074505806,0.17046202719211578,4.0428571701049805
2636,943.2640850609168,0.016395244747400284,0.05000000074505806,0.15767857432365417,4.861904144287109
2637,943.6239515719935,0.01596544310450554,0.05000000074505806,0.17483334243297577,4.2708330154418945
2638,943.9680885123089,0.01969026029109955,0.05000000074505806,0.1525217443704605,4.064000129699707
2639,944.3204852333292,0.018507152795791626,0.05000000074505806,0.1704917997121811,4.308000087738037
2640,944.6427253084257,0.016877152025699615,0.05000000074505806,0.1654205620288849,4.193749904632568
2641,944.9517608089373,0.016352100297808647,0.05000000074505806,0.16567718982696533,4.765000343322754
2642,945.291772801429,0.01731116697192192,0.05000000074505806,0.16993126273155212,4.386363506317139
2643,945.5940687172115,0.016636904329061508,0.05000000074505806,0.16559138894081116,4.41304349899292
2644,945.9163527460769,0.017216157168149948,0.05000000074505806,0.16391097009181976,4.5217390060424805
2645,946.265277040191,0.018707599490880966,0.05000000074505806,0.1775047481060028,4.499999523162842
2646,946.8259796239436,0.018167847767472267,0.05000000074505806,0.19185802340507507,5.800000190734863
2647,947.192310844548,0.01709306240081787,0.05000000074505806,0.1566719114780426,3.953571319580078
2648,947.5473139462993,0.01668638549745083,0.05000000074505806,0.15945513546466827,4.350000381469727
2649,948.0610162261873,0.015098598785698414,0.05000000074505806,0.1683219075202942,4.168420791625977
2650,948.9265739945695,0.01543732825666666,0.05000000074505806,0.16591694951057434,4.636842250823975
2651,949.2693651877344,0.016513312235474586,0.05000000074505806,0.17863106727600098,4.295652866363525
2652,949.6008210889995,0.017378969117999077,0.05000000074505806,0.16903112828731537,4.786956310272217
2653,950.0827316306531,0.01729896105825901,0.05000000074505806,0.16456909477710724,4.034482479095459
2654,950.4230580274016,0.016259167343378067,0.05000000074505806,0.1700751930475235,4.329629898071289
2655,950.731645654887,0.01734532043337822,0.05000000074505806,0.1715909093618393,4.440908908843994
2656,951.0496477298439,0.01567169278860092,0.05000000074505806,0.16673003137111664,4.316666126251221
2657,951.3547197850421,0.017620276659727097,0.05000000074505806,0.15601783990859985,4.011538028717041
2658,951.7821933012456,0.018480565398931503,0.05000000074505806,0.170073002576828,4.409523963928223
2659,952.0897380392998,0.017245357856154442,0.05000000074505806,0.156544491648674,4.490000247955322
2660,952.390687991865,0.01743781752884388,0.05000000074505806,0.1743772178888321,4.6449995040893555
2661,952.6886582383886,0.018183620646595955,0.05000000074505806,0.17290320992469788,4.723529815673828
2662,953.5947583317757,0.01828748546540737,0.05000000074505806,0.17103658616542816,4.5
2663,953.9352358346805,0.017501235008239746,0.05000000074505806,0.17195121943950653,4.516666412353516
2664,954.2663532923907,0.017253020778298378,0.05000000074505806,0.16962264478206635,4.416666507720947
2665,954.5803463989869,0.01655675284564495,0.05000000074505806,0.17122302949428558,5.0
2666,954.9237383529544,0.01759040169417858,0.05000000074505806,0.16324403882026672,3.972414016723633
2667,955.3548483401537,0.017542850226163864,0.05000000074505806,0.16906188428401947,4.672222137451172
2668,955.6605426259339,0.015612240880727768,0.05000000074505806,0.16793648898601532,4.404545307159424
2669,956.0049674613401,0.016361325979232788,0.05000000074505806,0.1642184555530548,4.123809337615967
2670,956.4251066558063,0.017979593947529793,0.05000000074505806,0.15656401216983795,4.380000114440918
2671,956.8471494633704,0.01765708439052105,0.05000000074505806,0.15674342215061188,3.922222375869751
2672,957.6229736516252,0.017397575080394745,0.05000000074505806,0.18150684237480164,4.495651721954346
2673,957.9497036142275,0.0187753327190876,0.05000000074505806,0.16450513899326324,4.554166793823242
2674,958.2972999671474,0.017961883917450905,0.05000000074505806,0.16696588695049286,4.390000343322754
2675,958.6593233318999,0.01841522939503193,0.05000000074505806,0.15799999237060547,4.291666507720947
2676,958.9589360356331,0.015590708702802658,0.05000000074505806,0.161809042096138,4.242105007171631
2677,959.2862200988457,0.015396403148770332,0.05000000074505806,0.161246195435524,4.123076915740967
2678,959.5970235113055,0.01803075335919857,0.05000000074505806,0.1666126400232315,4.116000175476074
2679,959.9162632757798,0.015540086664259434,0.05000000074505806,0.16130951046943665,4.278260707855225
2680,960.2863326221704,0.01726698875427246,0.05000000074505806,0.158620685338974,3.8866662979125977
2681,960.9869403364137,0.017714060842990875,0.05000000074505806,0.17844310402870178,4.914285659790039
2682,961.3074844060466,0.017595909535884857,0.05000000074505806,0.1668488085269928,4.417391300201416
2683,961.6795745277777,0.018939465284347534,0.05000000074505806,0.1712121218442917,4.721052646636963
2684,962.0343112833798,0.0168776772916317,0.05000000074505806,0.16485147178173065,4.2941179275512695
2685,962.3674221942201,0.01743464358150959,0.05000000074505806,0.1613861322402954,4.489999771118164
2686,962.6877845991403,0.016191041097044945,0.05000000074505806,0.1648692935705185,4.352173328399658
2687,963.012075861916,0.01739417016506195,0.05000000074505806,0.15625,3.896296262741089
2688,963.3866306012496,0.015430793166160583,0.05000000074505806,0.16588866710662842,4.289473056793213
2689,963.8161404198036,0.017190292477607727,0.05000000074505806,0.1654340922832489,4.45357084274292
2690,964.141878197901,0.017319420352578163,0.05000000074505806,0.17639638483524323,4.838888645172119
2691,964.4777785921469,0.01602368801832199,0.05000000074505806,0.16179774701595306,4.230769157409668
2692,964.827545966953,0.014438814483582973,0.05000000074505806,0.16480262577533722,4.231578826904297
2693,965.1759153865278,0.014923594892024994,0.05000000074505806,0.16094987094402313,4.009375095367432
2694,965.4898370401934,0.017959175631403923,0.05000000074505806,0.17257767915725708,4.290909290313721
2695,965.8987089693546,0.017510833218693733,0.05000000074505806,0.16234567761421204,4.304545879364014
2696,966.2234255978838,0.0168150682002306,0.05000000074505806,0.16475547850131989,4.26800012588501
2697,966.5872028116137,0.017218835651874542,0.05000000074505806,0.16183486580848694,4.547825813293457
2698,966.9300003889948,0.018517931923270226,0.05000000074505806,0.1846315711736679,4.752941131591797
2699,967.2380857225507,0.017216011881828308,0.05000000074505806,0.16966068744659424,4.80555534362793
2700,967.5409652572125,0.017180103808641434,0.05000000074505806,0.17028570175170898,4.973333358764648
2701,967.8986656880006,0.016510548070073128,0.05000000074505806,0.15530180931091309,4.254166603088379
2702,968.2559074265882,0.017780404537916183,0.05000000074505806,0.16151142120361328,4.016000270843506
2703,968.6191971255466,0.01769445650279522,0.05000000074505806,0.1663685142993927,4.279999732971191
2704,969.5254504708573,0.01718187890946865,0.05000000074505806,0.1572078913450241,4.248000144958496
2705,969.8434795076028,0.017257705330848694,0.05000000074505806,0.1579037755727768,4.324999809265137
2706,970.1590373842046,0.01601470448076725,0.05000000074505806,0.17018425464630127,4.289473533630371
2707,970.4877621708438,0.01678377203643322,0.05000000074505806,0.17512865364551544,4.4679999351501465
2708,970.8293242333457,0.018307171761989594,0.05000000074505806,0.1652613878250122,4.505000114440918
2709,971.2389532988891,0.01825813204050064,0.05000000074505806,0.169741690158844,4.554999828338623
2710,971.5743664996698,0.018678221851587296,0.05000000074505806,0.1845977008342743,5.021052837371826
2711,971.946931743063,0.016448549926280975,0.05000000074505806,0.17761506140232086,5.178570747375488
2712,972.6873463783413,0.01868617534637451,0.05000000074505806,0.15899281203746796,4.307692527770996
2713,973.0036726826802,0.02084954082965851,0.05000000074505806,0.1657094657421112,4.167999744415283
2714,973.3327164761722,0.01644435152411461,0.05000000074505806,0.15925925970077515,4.204761505126953
2715,973.6465345500037,0.01569560542702675,0.05000000074505806,0.1598006635904312,4.4210524559021
2716,973.9631696008146,0.01688706874847412,0.05000000074505806,0.15853269398212433,4.134614944458008
2717,974.3642456857488,0.01851721480488777,0.05000000074505806,0.16570945084095,3.991304397583008
2718,974.67929685954,0.015418502502143383,0.05000000074505806,0.16030150651931763,4.578260898590088
2719,975.0183518826962,0.017252149060368538,0.05000000074505806,0.17789660394191742,4.6374993324279785
2720,975.326088456437,0.018956752493977547,0.05000000074505806,0.17424242198467255,4.847058296203613
2721,975.6307561425492,0.01800600253045559,0.05000000074505806,0.16805805265903473,4.347368240356445
2722,976.0119496220723,0.01630709320306778,0.05000000074505806,0.16378378868103027,4.610526084899902
2723,976.4206595653668,0.017176715657114983,0.05000000074505806,0.16841216385364532,4.254166603088379
2724,976.7743621468544,0.01841627061367035,0.05000000074505806,0.1568259447813034,4.159090518951416
2725,977.1188705507666,0.01573200151324272,0.05000000074505806,0.17117834091186523,4.35357141494751
2726,977.4470804212615,0.016877181828022003,0.05000000074505806,0.16315791010856628,4.371428489685059
2727,977.773733234033,0.018289566040039062,0.05000000074505806,0.16480541229248047,4.290476322174072
2728,978.1209912057966,0.016584839671850204,0.05000000074505806,0.17237935960292816,4.388000011444092
2729,978.6314062466845,0.017484545707702637,0.05000000074505806,0.17052403092384338,4.89411735534668
2730,978.9576593628153,0.018092691898345947,0.05000000074505806,0.16641075909137726,4.616666793823242
2731,979.3102203588933,0.01731000281870365,0.05000000074505806,0.16541217267513275,4.3238091468811035
2732,979.6657134508714,0.02057027816772461,0.05000000074505806,0.1588551104068756,4.440908908843994
2733,979.9651229390875,0.017274977639317513,0.05000000074505806,0.1703832745552063,4.300000190734863
2734,980.2653150418773,0.016427334398031235,0.05000000074505806,0.1666090041399002,4.634782314300537
2735,980.5657587638125,0.016389526426792145,0.05000000074505806,0.17299999296665192,4.412499904632568
2736,980.8682414740324,0.015401888638734818,0.05000000074505806,0.16381579637527466,4.429166316986084
2737,981.1706526102498,0.017451196908950806,0.05000000074505806,0.16099397838115692,4.237037181854248
2738,981.505514874123,0.016568535938858986,0.05000000074505806,0.17258383333683014,4.572727680206299
2739,981.8963833656162,0.015884673222899437,0.05000000074505806,0.15824508666992188,4.084210395812988
2740,982.2918531503528,0.01678651012480259,0.05000000074505806,0.16055046021938324,4.179166316986084
2741,982.6278590345755,0.016665678471326828,0.05000000074505806,0.16179604828357697,4.183332920074463
2742,983.0065929759294,0.018641503527760506,0.05000000074505806,0.15266107022762299,4.008695602416992
2743,983.3176324367523,0.018117455765604973,0.05000000074505806,0.16653919219970703,4.015384197235107
2744,983.636296578683,0.016705457121133804,0.05000000074505806,0.16137480735778809,4.275000095367432
2745,984.0467928722501,0.017459819093346596,0.05000000074505806,0.1652100831270218,4.099999904632568
2746,984.3481607176363,0.016254223883152008,0.05000000074505806,0.17586776614189148,4.509090423583984
2747,984.6833782270551,0.018128786236047745,0.05000000074505806,0.17188754677772522,4.890476226806641
2748,985.1859820727259,0.01646757312119007,0.05000000074505806,0.15468749403953552,4.331250190734863
2749,985.5297775436193,0.018133657053112984,0.05000000074505806,0.17870181798934937,5.105263710021973
2750,985.8425439726561,0.018107641488313675,0.05000000074505806,0.16614310443401337,4.357142925262451
2751,986.1579351322725,0.016354622319340706,0.05000000074505806,0.16099399328231812,4.277272701263428
2752,986.4835237478837,0.016601555049419403,0.05000000074505806,0.16972973942756653,4.375
2753,987.0594162205234,0.017579559236764908,0.05000000074505806,0.1552262157201767,3.9800002574920654
2754,987.3848127601668,0.017796684056520462,0.05000000074505806,0.17175698280334473,4.336000442504883
2755,987.7111681504175,0.01732638105750084,0.05000000074505806,0.1662939339876175,4.545833110809326
2756,988.0161844398826,0.01952563412487507,0.05000000074505806,0.1558823585510254,3.846153497695923
2757,988.5759219815955,0.016973163932561874,0.05000000074505806,0.16957981884479523,4.400000095367432
2758,988.9214726733044,0.01741936430335045,0.05000000074505806,0.18647541105747223,5.166666030883789
2759,989.2490962501615,0.017950255423784256,0.05000000074505806,0.17738096415996552,4.570833683013916
2760,989.5889983214438,0.01506930124014616,0.05000000074505806,0.1717625856399536,4.623529434204102
2761,989.8885173359886,0.01855202578008175,0.05000000074505806,0.1742718368768692,4.5199995040893555
2762,990.1882799752057,0.018563302233815193,0.05000000074505806,0.17084871232509613,4.961111068725586
2763,990.5000948468223,0.016158586367964745,0.05000000074505806,0.1639498472213745,4.25
2764,990.838207392022,0.019872531294822693,0.05000000074505806,0.16923075914382935,4.3958330154418945
2765,991.265601305291,0.015277169644832611,0.05000000074505806,0.18319326639175415,4.883333206176758
2766,991.5884332284331,0.016547830775380135,0.05000000074505806,0.1587969958782196,4.0958333015441895
2767,991.949489839375,0.01678040809929371,0.05000000074505806,0.15943561494350433,4.359999656677246
2768,992.273789986968,0.01629459671676159,0.05000000074505806,0.16065318882465363,4.288000106811523
2769,992.6078315451741,0.015813136473298073,0.05000000074505806,0.1762741506099701,4.462500095367432
2770,992.914682045579,0.014843023382127285,0.05000000074505806,0.16151142120361328,4.59375
2771,993.2324455576017,0.018153108656406403,0.05000000074505806,0.16946309804916382,4.475000381469727
2772,993.5542015992105,0.015491808764636517,0.05000000074505806,0.1637958586215973,4.200000286102295
2773,994.0279528461397,0.01598116010427475,0.05000000074505806,0.17937131226062775,4.728571891784668
2774,994.4437878914177,0.0172615684568882,0.05000000074505806,0.1686888486146927,4.536841869354248
2775,994.7960847467184,0.016363488510251045,0.05000000074505806,0.16707131266593933,4.195833206176758
2776,995.1284505929798,0.017178025096654892,0.05000000074505806,0.1692953109741211,4.595000267028809
2777,995.4510572981089,0.018898816779255867,0.05000000074505806,0.1714782565832138,4.6458330154418945
2778,995.808112192899,0.013488056138157845,0.05000000074505806,0.1713012456893921,4.4380950927734375
2779,996.5150013593957,0.01384126115590334,0.05000000074505806,0.17000000178813934,4.6210527420043945
2780,996.8289407650009,0.015593080781400204,0.05000000074505806,0.1691780835390091,4.458333492279053
2781,997.1578025911003,0.017979640513658524,0.05000000074505806,0.15351629257202148,3.875
2782,997.4869759799913,0.01957694999873638,0.05000000074505806,0.17404255270957947,5.106249809265137
2783,997.8214026782662,0.017429199069738388,0.05000000074505806,0.16649572551250458,4.32608699798584
2784,998.1605106405914,0.01643088273704052,0.05000000074505806,0.158620685338974,4.257142543792725
2785,998.4780603377149,0.017320889979600906,0.05000000074505806,0.16947564482688904,4.476190567016602
2786,998.78890385665,0.01753666251897812,0.05000000074505806,0.17281192541122437,4.7166666984558105
2787,999.1086135236546,0.016404181718826294,0.05000000074505806,0.17462438344955444,4.589999198913574
2788,999.6050826469436,0.01476279553025961,0.05000000074505806,0.1776515394449234,4.695652008056641
2789,1000.0323386788368,0.01618693396449089,0.05000000074505806,0.17913222312927246,4.878947734832764
2790,1000.3966165333986,0.014767589047551155,0.05000000074505806,0.16470587253570557,4.655555248260498
2791,1000.8150344314054,0.01680552400648594,0.05000000074505806,0.1530141830444336,4.418181896209717
2792,1001.2000147867948,0.01682387851178646,0.05000000074505806,0.16765625774860382,4.009090900421143
2793,1001.54045665171,0.018575653433799744,0.05000000074505806,0.16252465546131134,4.305263042449951
2794,1001.8715354073793,0.016445882618427277,0.05000000074505806,0.17068062722682953,4.989473819732666
2795,1002.2628553826362,0.017141105607151985,0.05000000074505806,0.16096095740795135,4.057143211364746
2796,1002.5896564302966,0.01548856496810913,0.05000000074505806,0.17419354617595673,4.133333683013916
2797,1002.9181749653071,0.018344279378652573,0.05000000074505806,0.16168831288814545,4.383999824523926
2798,1003.2671298570931,0.016754424199461937,0.05000000074505806,0.16767241060733795,4.348148345947266
2799,1003.5862483410165,0.01707964763045311,0.05000000074505806,0.16178162395954132,4.013793468475342
2800,1003.9245142359287,0.015532653778791428,0.05000000074505806,0.1571895331144333,4.086956024169922
2801,1004.2446787459776,0.016285542398691177,0.05000000074505806,0.16847826540470123,4.509090900421143
2802,1004.5825907997787,0.016550641506910324,0.05000000074505806,0.1628158837556839,4.413332939147949
2803,1004.8878748780116,0.0177044365555048,0.05000000074505806,0.16061776876449585,4.295238018035889
2804,1005.192262833938,0.015132205560803413,0.05000000074505806,0.17258687317371368,4.699999809265137
2805,1005.4968989277259,0.017660316079854965,0.05000000074505806,0.1679626852273941,4.518181324005127
2806,1005.8041400760412,0.015004550106823444,0.05000000074505806,0.15563690662384033,3.8575758934020996
2807,1006.1024720715359,0.01861579716205597,0.05000000074505806,0.16380952298641205,4.412500381469727
2808,1006.4050969220698,0.018117086961865425,0.05000000074505806,0.15956738591194153,4.1714277267456055
2809,1006.7239688439295,0.020005863159894943,0.05000000074505806,0.16654610633850098,4.490000247955322
2810,1007.0281189326197,0.017112717032432556,0.05000000074505806,0.1816326528787613,4.974999904632568
2811,1007.3363780267537,0.017487922683358192,0.05000000074505806,0.1618833988904953,4.125
2812,1007.648434991017,0.01690012961626053,0.05000000074505806,0.17032590508460999,4.103845596313477
2813,1008.532108457759,0.01620296761393547,0.05000000074505806,0.15714286267757416,4.543478012084961
2814,1008.9006566638127,0.018680119886994362,0.05000000074505806,0.16519609093666077,4.009999752044678
2815,1009.2010414758697,0.018745820969343185,0.05000000074505806,0.1655384600162506,4.162962913513184
2816,1009.5161145878956,0.0164050105959177,0.05000000074505806,0.16187767684459686,4.226922988891602
2817,1009.8426966331899,0.016304664313793182,0.05000000074505806,0.16293245553970337,4.415999889373779
2818,1010.1847606375813,0.017939914017915726,0.05000000074505806,0.16656671464443207,4.262962818145752
2819,1010.4859537426382,0.016651906073093414,0.05000000074505806,0.16919013857841492,4.195454120635986
2820,1010.8141703708097,0.0185199286788702,0.05000000074505806,0.1673841029405594,4.4375
2821,1011.1189409689978,0.017043061554431915,0.05000000074505806,0.1691228151321411,4.368181228637695
2822,1011.4416520539671,0.01799175702035427,0.05000000074505806,0.16893687844276428,4.556521892547607
2823,1011.7487627929077,0.01653875783085823,0.05000000074505806,0.15580986440181732,4.290476322174072
2824,1012.0515354676172,0.015171420760452747,0.05000000074505806,0.15813609957695007,3.921739101409912
2825,1012.3592178402469,0.017221733927726746,0.05000000074505806,0.17759999632835388,4.303703784942627
2826,1012.6823615832254,0.0164268109947443,0.05000000074505806,0.16832669079303741,5.033333778381348
2827,1012.9873085953295,0.01449816208332777,0.05000000074505806,0.17067396640777588,4.244999885559082
2828,1013.4495266219601,0.01897396147251129,0.05000000074505806,0.167959526181221,4.700000286102295
2829,1013.8720262218267,0.016156069934368134,0.05000000074505806,0.16095076501369476,4.160869121551514
2830,1014.2049852376804,0.018318863585591316,0.05000000074505806,0.1769980639219284,4.742105007171631
2831,1014.5155805936083,0.015839336439967155,0.05000000074505806,0.17023594677448273,4.799999237060547
2832,1014.82668468263,0.01807558536529541,0.05000000074505806,0.16480141878128052,4.430434703826904
2833,1015.2528110994026,0.01681390218436718,0.05000000074505806,0.15719009935855865,3.934999942779541
2834,1015.6749645229429,0.017260843887925148,0.05000000074505806,0.16456693410873413,4.303703784942627
2835,1016.0332458205521,0.017130287364125252,0.05000000074505806,0.1566137671470642,4.233333110809326
2836,1016.573238815181,0.019577771425247192,0.05000000074505806,0.1838420182466507,4.649999618530273
2837,1016.9260560078546,0.0165958683937788,0.05000000074505806,0.1784735769033432,4.961905002593994
2838,1017.3861685078591,0.0158587247133255,0.05000000074505806,0.16287128627300262,4.377272605895996
2839,1017.7111814599484,0.0173746757209301,0.05000000074505806,0.17514677345752716,4.590909004211426
2840,1018.1216674353927,0.01647517830133438,0.05000000074505806,0.18044807016849518,5.076470375061035
2841,1018.4821631349623,0.01761104166507721,0.05000000074505806,0.1750943511724472,5.0
2842,1018.8259897772223,0.017747269943356514,0.05000000074505806,0.15052317082881927,4.0730767250061035
2843,1019.1494356319308,0.016878021880984306,0.05000000074505806,0.15987558662891388,3.835714340209961
2844,1019.4624059442431,0.016126563772559166,0.05000000074505806,0.1605825126171112,4.399999618530273
2845,1019.7823134511709,0.016561299562454224,0.05000000074505806,0.16970260441303253,4.19444465637207
2846,1020.1306294528767,0.01638670265674591,0.05000000074505806,0.15856696665287018,4.515384674072266
2847,1020.4761463031173,0.017166301608085632,0.05000000074505806,0.170925110578537,4.007999897003174
2848,1020.7973739486188,0.0169477891176939,0.05000000074505806,0.16960598528385162,4.511111259460449
2849,1021.1483089691028,0.016254572197794914,0.05000000074505806,0.16121673583984375,4.552380561828613
2850,1021.4685479616746,0.01724829711019993,0.05000000074505806,0.16756756603717804,4.3480000495910645
2851,1021.7894487185404,0.014883949421346188,0.05000000074505806,0.1691228300333023,4.487499713897705
2852,1022.1147325737402,0.016814492642879486,0.05000000074505806,0.16843749582767487,4.180768966674805
2853,1022.481713142246,0.01636534370481968,0.05000000074505806,0.16363635659217834,4.133333206176758
2854,1022.8338507888839,0.016804225742816925,0.05000000074505806,0.16236557066440582,4.518181800842285
2855,1023.1372445803136,0.014668595045804977,0.05000000074505806,0.15885327756404877,4.186363697052002
2856,1023.4520007343963,0.016406530514359474,0.05000000074505806,0.17014926671981812,4.512499809265137
2857,1023.7658624835312,0.016149062663316727,0.05000000074505806,0.1708812266588211,4.9388885498046875
2858,1024.1220434950665,0.018139924854040146,0.05000000074505806,0.17173077166080475,4.540909290313721
2859,1024.4338412275538,0.015309164300560951,0.05000000074505806,0.17523810267448425,4.750000476837158
2860,1024.7709889747202,0.0191095732152462,0.05000000074505806,0.170284703373909,4.704347610473633
2861,1025.116126516834,0.015751324594020844,0.05000000074505806,0.1594405472278595,4.109999656677246
2862,1025.4372499361634,0.016826046630740166,0.05000000074505806,0.16162988543510437,4.782352447509766
2863,1025.7399359978735,0.018306145444512367,0.05000000074505806,0.17419929802417755,4.337500095367432
2864,1026.0434041311964,0.014063776470720768,0.05000000074505806,0.15485362708568573,3.970370292663574
2865,1026.3475321419537,0.017799021676182747,0.05000000074505806,0.15927152335643768,4.1952385902404785
2866,1026.6622367193922,0.016880769282579422,0.05000000074505806,0.1732824444770813,4.25
2867,1026.9901626659557,0.017411677166819572,0.05000000074505806,0.1652495414018631,4.55263090133667
2868,1027.3242419026792,0.016734084114432335,0.05000000074505806,0.1587073653936386,4.221739292144775
2869,1027.6447905832902,0.017720866948366165,0.05000000074505806,0.1644338071346283,4.238461494445801
2870,1027.979580687359,0.02026253193616867,0.05000000074505806,0.16525286436080933,4.391666412353516
2871,1028.3570411652327,0.015169245190918446,0.05000000074505806,0.16673077642917633,4.381249904632568
2872,1028.8003447223455,0.017788883298635483,0.05000000074505806,0.16282467544078827,4.238461494445801
2873,1029.2327983872965,0.01797351986169815,0.05000000074505806,0.1617647111415863,4.208695888519287
2874,1029.5589045993984,0.01687091775238514,0.05000000074505806,0.16687797009944916,4.056000232696533
2875,1029.9102622494102,0.01782410964369774,0.05000000074505806,0.16337209939956665,4.182142734527588
2876,1030.3105827169493,0.016051407903432846,0.05000000074505806,0.1597464382648468,4.299999713897705
2877,1030.647241257131,0.016492800787091255,0.05000000074505806,0.1709059327840805,4.480952262878418
2878,1030.954634020105,0.015946639701724052,0.05000000074505806,0.16280700266361237,4.342105388641357
2879,1031.2563827577978,0.017793968319892883,0.05000000074505806,0.16539129614830017,4.40000057220459
2880,1031.5580225083977,0.018433289602398872,0.05000000074505806,0.16439498960971832,3.9076919555664062
2881,1031.8623422728851,0.01773318089544773,0.05000000074505806,0.16045799851417542,4.296000003814697
2882,1032.1665766555816,0.015241360291838646,0.05000000074505806,0.1579185426235199,4.103571891784668
2883,1032.470019010827,0.015567649155855179,0.05000000074505806,0.16985873878002167,4.210713863372803
2884,1032.7846852140501,0.01712115854024887,0.05000000074505806,0.16029654443264008,4.245832920074463
2885,1033.1855640588328,0.015597062185406685,0.05000000074505806,0.17477639019489288,4.586956977844238
2886,1033.5057374686003,0.017937492579221725,0.05000000074505806,0.16829653084278107,4.388888835906982
2887,1033.8174671931192,0.01785527542233467,0.05000000074505806,0.16890034079551697,4.19615364074707
2888,1034.1400220105425,0.017006339505314827,0.05000000074505806,0.15251679718494415,4.329166889190674
2889,1034.4537849752232,0.017970599234104156,0.05000000074505806,0.16339677572250366,4.060714244842529
2890,1034.7904403498396,0.018283028155565262,0.05000000074505806,0.16040608286857605,4.03181791305542
2891,1035.104489323683,0.01892702840268612,0.05000000074505806,0.1774318963289261,4.744443893432617
2892,1035.4155523153022,0.016784200444817543,0.05000000074505806,0.1671949177980423,4.13599967956543
2893,1035.7473934553564,0.015591651201248169,0.05000000074505806,0.17412279546260834,5.272222518920898
2894,1036.1213923608884,0.020030826330184937,0.05000000074505806,0.16379612684249878,4.422727108001709
2895,1036.4490949148312,0.019166121259331703,0.05000000074505806,0.1738181859254837,4.4066667556762695
2896,1036.7591696763411,0.017464157193899155,0.05000000074505806,0.16516853868961334,4.777272701263428
2897,1037.6617448898032,0.01702067069709301,0.05000000074505806,0.15977199375629425,4.045833110809326
2898,1037.9742119200528,0.016890449449419975,0.05000000074505806,0.15821678936481476,4.299999713897705
2899,1038.3722698846832,0.01555872056633234,0.05000000074505806,0.17279693484306335,4.6052632331848145
2900,1038.6719806026667,0.01715581864118576,0.05000000074505806,0.1714535802602768,4.52222204208374
2901,1038.9799562999979,0.017293870449066162,0.05000000074505806,0.17217572033405304,4.974999904632568
2902,1039.2913398789242,0.0157798882573843,0.05000000074505806,0.18406374752521515,4.831817626953125
2903,1039.588871321641,0.01608368381857872,0.05000000074505806,0.16420862078666687,4.676190376281738
2904,1039.9029217287898,0.017572402954101562,0.05000000074505806,0.157744362950325,4.133333206176758
2905,1040.2630500029773,0.016281528398394585,0.05000000074505806,0.1722123771905899,4.231818675994873
2906,1040.640527264215,0.015061863698065281,0.05000000074505806,0.17580646276474,4.983333110809326
2907,1040.9521442037076,0.015844447538256645,0.05000000074505806,0.1670212745666504,4.331818103790283
2908,1041.447612311691,0.01669756881892681,0.05000000074505806,0.17736221849918365,5.212500095367432
2909,1041.9199950024486,0.017734214663505554,0.05000000074505806,0.16467487812042236,4.247999668121338
2910,1042.261848389171,0.018355626612901688,0.05000000074505806,0.1704590767621994,4.819999694824219
2911,1042.5935402764007,0.015827162191271782,0.05000000074505806,0.16886956989765167,4.371428489685059
2912,1042.9018136262894,0.01668763905763626,0.05000000074505806,0.16114865243434906,4.476190090179443
2913,1043.2773083122447,0.014647535979747772,0.05000000074505806,0.16699187457561493,4.366666793823242
2914,1043.5880190068856,0.01737026683986187,0.05000000074505806,0.17120690643787384,4.547825813293457
2915,1043.9109216947109,0.019008737057447433,0.05000000074505806,0.16075469553470612,4.543478488922119
2916,1044.250323719345,0.016153110191226006,0.05000000074505806,0.17400722205638885,4.399999618530273
2917,1044.592209495604,0.015067472122609615,0.05000000074505806,0.17085713148117065,4.843749046325684
2918,1044.9053514031693,0.014481601305305958,0.05000000074505806,0.1687374711036682,4.7833333015441895
2919,1045.4341679569334,0.015947122126817703,0.05000000074505806,0.15930047631263733,4.15238094329834
2920,1045.7752052480355,0.018242327496409416,0.05000000074505806,0.1686786264181137,4.176922798156738
2921,1046.0945366043597,0.01496483851224184,0.05000000074505806,0.14637097716331482,3.799999952316284
2922,1046.393866832368,0.016320107504725456,0.05000000074505806,0.15911854803562164,4.113043308258057
2923,1046.7272706907243,0.016495496034622192,0.05000000074505806,0.17047782242298126,3.8999996185302734
2924,1047.0548948859796,0.01436433382332325,0.05000000074505806,0.16779360175132751,4.775000095367432
2925,1047.3757853535935,0.018400300294160843,0.05000000074505806,0.16817472875118256,4.354545593261719
2926,1047.7191404215991,0.016156159341335297,0.05000000074505806,0.16475549340248108,4.230434894561768
2927,1048.0619826298207,0.0161763746291399,0.05000000074505806,0.17612455785274506,4.5652174949646
2928,1048.36243326962,0.016151342540979385,0.05000000074505806,0.16855573654174805,4.464999675750732
2929,1048.6674027647823,0.01843133382499218,0.05000000074505806,0.1774030327796936,4.694444179534912
2930,1048.985200677067,0.015680234879255295,0.05000000074505806,0.16450001299381256,4.554166793823242
2931,1049.336002735421,0.01595223695039749,0.05000000074505806,0.16985173523426056,4.537499904632568
2932,1049.6643605595455,0.014816130511462688,0.05000000074505806,0.18353766202926636,4.518181800842285
2933,1050.0020709605888,0.015835927799344063,0.05000000074505806,0.16305148601531982,4.833333492279053
2934,1050.3426306778565,0.01509108766913414,0.05000000074505806,0.17222222685813904,4.395999908447266
2935,1050.6572733158246,0.015531142242252827,0.05000000074505806,0.16545769572257996,4.247999668121338
2936,1051.0441678566858,0.016944292932748795,0.05000000074505806,0.16127946972846985,4.216000080108643
2937,1051.3600873425603,0.016799814999103546,0.05000000074505806,0.15298126637935638,4.166666507720947
2938,1051.6890973616391,0.017716675996780396,0.05000000074505806,0.17441405355930328,4.59999942779541
2939,1052.0220766877756,0.018434416502714157,0.05000000074505806,0.16846543550491333,4.3545451164245605
2940,1052.3397226212546,0.016092952340841293,0.05000000074505806,0.16794681549072266,4.5239996910095215
2941,1052.6643468486145,0.01621912606060505,0.05000000074505806,0.1632758527994156,4.199999809265137
2942,1053.0136856762692,0.01699536293745041,0.05000000074505806,0.1717013716697693,4.408695220947266
2943,1053.4051734022796,0.01820826530456543,0.05000000074505806,0.17229509353637695,4.504166603088379
2944,1053.86045377329,0.015815023332834244,0.05000000074505806,0.16060607135295868,4.1576924324035645
2945,1054.1942228339612,0.015332971699535847,0.05000000074505806,0.168624147772789,4.489473819732666
2946,1054.5337757626548,0.016209803521633148,0.05000000074505806,0.16118420660495758,4.03636360168457
2947,1054.894291982986,0.01909872703254223,0.05000000074505806,0.17078432440757751,4.599999904632568
2948,1055.2488929517567,0.01897292770445347,0.05000000074505806,0.17552302777767181,5.027777194976807
2949,1055.588304986246,0.017844785004854202,0.05000000074505806,0.1702166050672531,4.645454406738281
2950,1055.9039855198935,0.017575891688466072,0.05000000074505806,0.16866536438465118,4.338888645172119
2951,1056.2266497248784,0.01804497465491295,0.05000000074505806,0.17068062722682953,4.595454692840576
2952,1056.5657432749867,0.01712033525109291,0.05000000074505806,0.16147541999816895,4.5
2953,1056.8994402885437,0.01718703657388687,0.05000000074505806,0.16457626223564148,4.0958333015441895
2954,1057.2581384964287,0.01712658256292343,0.05000000074505806,0.16719858348369598,4.622221946716309
2955,1057.626643720083,0.018843358382582664,0.05000000074505806,0.1615755558013916,4.400000095367432
2956,1058.1246272297576,0.016158150508999825,0.05000000074505806,0.1634146273136139,4.077777862548828
2957,1058.6325510097668,0.017372602596879005,0.05000000074505806,0.16961130499839783,4.395651817321777
2958,1059.004209663719,0.01664436049759388,0.05000000074505806,0.17272727191448212,4.623809337615967
2959,1059.409680091776,0.01668095588684082,0.05000000074505806,0.16988351941108704,4.52380895614624
2960,1059.7373895095661,0.014563735574483871,0.05000000074505806,0.16769759356975555,4.316666603088379
2961,1060.0670785764232,0.017247339710593224,0.05000000074505806,0.17295721173286438,4.600000381469727
2962,1060.4296584818512,0.01654115691781044,0.05000000074505806,0.16153846681118011,4.831578731536865
2963,1060.7339982036501,0.016117187216877937,0.05000000074505806,0.16672241687774658,4.483333110809326
2964,1061.0847241487354,0.01498519629240036,0.05000000074505806,0.18336284160614014,4.604166507720947
2965,1061.4328084895387,0.016443539410829544,0.05000000074505806,0.15202796459197998,4.133333683013916
2966,1061.7804901199415,0.018215760588645935,0.05000000074505806,0.1676751673221588,4.092592239379883
2967,1062.109124418348,0.015451865270733833,0.05000000074505806,0.17746171355247498,4.649999618530273
2968,1062.437698612921,0.016332022845745087,0.05000000074505806,0.17207208275794983,4.9800004959106445
2969,1062.7903063185513,0.01847512647509575,0.05000000074505806,0.16546642780303955,4.411999702453613
2970,1063.1274858359247,0.019354237243533134,0.05000000074505806,0.1627819687128067,4.315000057220459
2971,1063.4453432718292,0.019884232431650162,0.05000000074505806,0.17185430228710175,4.6318182945251465
2972,1063.9124882062897,0.01510988175868988,0.05000000074505806,0.1543581634759903,4.000000476837158
2973,1064.312102528289,0.015730511397123337,0.05000000074505806,0.18016357719898224,4.875
2974,1064.6316338516772,0.01601978950202465,0.05000000074505806,0.18173912167549133,5.183333396911621
2975,1064.9712025020272,0.014818092808127403,0.05000000074505806,0.17799608409404755,4.855556011199951
2976,1065.3488440029323,0.016510456800460815,0.05000000074505806,0.17901785671710968,5.121428489685059
2977,1065.7788554048166,0.01625916361808777,0.05000000074505806,0.16088327765464783,4.530434608459473
2978,1066.0827959524468,0.01642642170190811,0.05000000074505806,0.1667177826166153,4.207407474517822
2979,1066.4274961967021,0.017828332260251045,0.05000000074505806,0.1707182228565216,4.579999923706055
2980,1066.7310087038204,0.016794024035334587,0.05000000074505806,0.16660839319229126,4.304166793823242
2981,1067.147835551761,0.01799984835088253,0.05000000074505806,0.16915078461170197,4.480952262878418
2982,1067.5929618999362,0.017167402431368828,0.05000000074505806,0.17598038911819458,4.831578254699707
2983,1067.9355101408437,0.01654686965048313,0.05000000074505806,0.16146498918533325,4.057142734527588
2984,1068.267142785713,0.016858698800206184,0.05000000074505806,0.17339622974395752,4.855555057525635
2985,1068.5965730817989,0.018651092424988747,0.05000000074505806,0.17212837934494019,4.784999847412109
2986,1068.924069055356,0.01794940046966076,0.05000000074505806,0.174906387925148,4.323999881744385
2987,1069.2542955577374,0.016419924795627594,0.05000000074505806,0.15200641751289368,4.41304349899292
2988,1069.60353402514,0.01582273282110691,0.05000000074505806,0.16297376155853271,3.8541667461395264
2989,1069.9284925451502,0.01557728461921215,0.05000000074505806,0.16007006168365479,4.23199987411499
2990,1070.257822100073,0.017460191622376442,0.05000000074505806,0.1550660878419876,3.9518518447875977
2991,1070.5716816363856,0.015921657904982567,0.05000000074505806,0.16861788928508759,4.30555534362793
2992,1070.9201231542975,0.017388122156262398,0.05000000074505806,0.1557692438364029,4.176922798156738
2993,1071.3459729664028,0.01631578989326954,0.05000000074505806,0.1582554429769516,3.970370292663574
2994,1071.8079563193023,0.018740031868219376,0.05000000074505806,0.15911763906478882,4.166666507720947
2995,1072.1412100028247,0.01713627390563488,0.05000000074505806,0.17123518884181976,4.056521415710449
2996,1072.4978811219335,0.0173950232565403,0.05000000074505806,0.17377938330173492,4.525000095367432
2997,1072.8121760627255,0.017179662361741066,0.05000000074505806,0.1739700436592102,5.076470375061035
2998,1073.1122320750728,0.017791463062167168,0.05000000074505806,0.17284171283245087,4.566666126251221
2999,1073.4526571873575,0.01696118526160717,0.05000000074505806,0.1664462685585022,4.379166126251221
3000,1073.7813144978136,0.01694035716354847,0.05000000074505806,0.17368420958518982,4.490476608276367
3001,1074.1119162021205,0.01623806543648243,0.05000000074505806,0.159717857837677,4.3480000495910645
3002,1074.4480683496222,0.016341781243681908,0.05000000074505806,0.1615125983953476,4.054545879364014
3003,1074.761535802856,0.01667378470301628,0.05000000074505806,0.1581430733203888,4.066666603088379
3004,1075.1313548730686,0.01821470446884632,0.05000000074505806,0.15807364881038666,3.9903225898742676
3005,1075.455520610325,0.018923021852970123,0.05000000074505806,0.17169491946697235,4.299999713897705
3006,1075.7732284907252,0.016198936849832535,0.05000000074505806,0.16288460791110992,4.3176469802856445
3007,1076.071915641427,0.01627892628312111,0.05000000074505806,0.1761811077594757,5.029999732971191
3008,1076.4238943550736,0.015998724848031998,0.05000000074505806,0.1667182892560959,4.256521701812744
3009,1076.7480866219848,0.021976646035909653,0.05000000074505806,0.16732028126716614,4.134615421295166
3010,1077.075564198196,0.016248442232608795,0.05000000074505806,0.1648148149251938,4.288000106811523
3011,1077.4364072550088,0.016929341480135918,0.05000000074505806,0.17058824002742767,4.590476036071777
3012,1077.757836010307,0.014306861907243729,0.05000000074505806,0.17325769364833832,4.72352933883667
3013,1078.0830526370555,0.01755129173398018,0.05000000074505806,0.1688288152217865,4.263636112213135
3014,1078.3846608176827,0.01578366383910179,0.05000000074505806,0.1674952208995819,4.7136359214782715
3015,1078.6851993128657,0.017053894698619843,0.05000000074505806,0.1795497089624405,4.581818103790283
3016,1078.9856407437474,0.01779588684439659,0.05000000074505806,0.17692308127880096,5.222222328186035
3017,1079.3173042172566,0.01706390269100666,0.05000000074505806,0.1675257682800293,4.247368812561035
3018,1079.6425163848326,0.017935043200850487,0.05000000074505806,0.16672325134277344,4.6521735191345215
3019,1079.9854286331683,0.01782325655221939,0.05000000074505806,0.15990181267261505,4.229166507720947
3020,1080.3035030085593,0.017680924385786057,0.05000000074505806,0.1658075451850891,4.295833110809326
3021,1080.6444885293022,0.017289232462644577,0.05000000074505806,0.1699596643447876,4.37647008895874
3022,1080.9591413857415,0.01755101978778839,0.05000000074505806,0.16527050733566284,4.855000019073486
3023,1081.2706436794251,0.015553326345980167,0.05000000074505806,0.16042345762252808,4.066666603088379
3024,1081.6159209739417,0.01729157567024231,0.05000000074505806,0.1648014336824417,4.568749904632568
3025,1081.9446847271174,0.016184743493795395,0.05000000074505806,0.1660098433494568,4.440000057220459
3026,1082.3896238049492,0.016144201159477234,0.05000000074505806,0.17811934649944305,4.460000038146973
3027,1082.717761380598,0.015357368625700474,0.05000000074505806,0.16880415380001068,4.520833492279053
3028,1083.0317820422351,0.018775122240185738,0.05000000074505806,0.16554173827171326,4.494999885559082
3029,1083.3454493517056,0.018619773909449577,0.05000000074505806,0.17119739949703217,4.409090995788574
3030,1083.8332207910717,0.01582586206495762,0.05000000074505806,0.16547231376171112,4.487499713897705
3031,1084.2020024769008,0.017128536477684975,0.05000000074505806,0.15810148417949677,4.091999530792236
3032,1084.5306305317208,0.01644507236778736,0.05000000074505806,0.16543574631214142,4.032142639160156
3033,1084.8528765346855,0.01780596189200878,0.05000000074505806,0.1716165393590927,4.59999942779541
3034,1085.1750945039093,0.015272370539605618,0.05000000074505806,0.15734025835990906,4.314999580383301
3035,1085.6158521445468,0.017309391871094704,0.05000000074505806,0.16403640806674957,4.0966668128967285
3036,1085.9172714781016,0.017935460433363914,0.05000000074505806,0.166847825050354,4.6571431159973145
3037,1086.2752791857347,0.01897529512643814,0.05000000074505806,0.15542349219322205,4.13599967956543
3038,1086.746960583143,0.016899581998586655,0.05000000074505806,0.16494464874267578,4.148000717163086
3039,1087.0761321568862,0.016514500603079796,0.05000000074505806,0.16704979538917542,4.6052632331848145
3040,1087.4857738986611,0.016170870512723923,0.05000000074505806,0.16992753744125366,4.69523811340332
3041,1088.0112909087911,0.017278634011745453,0.05000000074505806,0.17094972729682922,4.4666666984558105
3042,1088.3591444622725,0.016007494181394577,0.05000000074505806,0.16624999046325684,4.647618770599365
3043,1088.7300110040233,0.01720523089170456,0.05000000074505806,0.1619512289762497,4.186363220214844
3044,1089.1378572974354,0.015517238527536392,0.05000000074505806,0.16341829299926758,4.148148536682129
3045,1089.53327173274,0.017710283398628235,0.05000000074505806,0.14785374701023102,3.9115383625030518
3046,1089.8742638872936,0.018071675673127174,0.05000000074505806,0.15840266644954681,4.050000190734863
3047,1090.192379258573,0.01560567319393158,0.05000000074505806,0.18747204542160034,5.393333911895752
3048,1090.5074825594202,0.019810819998383522,0.05000000074505806,0.1648818999528885,4.119999885559082
3049,1090.8073875764385,0.016535360366106033,0.05000000074505806,0.15935251116752625,4.224999904632568
3050,1091.1582547249272,0.01599775440990925,0.05000000074505806,0.1730639785528183,4.476190567016602
3051,1091.5026796963066,0.018314465880393982,0.05000000074505806,0.16336995363235474,4.71818208694458
3052,1091.8221675781533,0.01730295456945896,0.05000000074505806,0.1609230935573578,4.042307376861572
3053,1092.3624051073566,0.017518887296319008,0.05000000074505806,0.16709557175636292,4.614999294281006
3054,1093.5838140631095,0.015120637603104115,0.05000000074505806,0.16975806653499603,4.627777576446533
3055,1093.901174865663,0.016879279166460037,0.05000000074505806,0.15008001029491425,3.871999740600586
3056,1094.215686106123,0.0164189375936985,0.05000000074505806,0.16968503594398499,4.625
3057,1094.5683027757332,0.01553887128829956,0.05000000074505806,0.16412824392318726,4.538888454437256
3058,1094.9070199532434,0.015531246550381184,0.05000000074505806,0.16702130436897278,4.700000762939453
3059,1095.229199750349,0.018564969301223755,0.05000000074505806,0.15500794351100922,3.8249998092651367
3060,1095.5418217321858,0.018784677609801292,0.05000000074505806,0.1740540713071823,4.659999370574951
3061,1095.9543402111158,0.01454955991357565,0.05000000074505806,0.17348353564739227,4.690908908843994
3062,1096.2679014811292,0.019488293677568436,0.05000000074505806,0.16604478657245636,4.285714149475098
3063,1096.672890885733,0.016226982697844505,0.05000000074505806,0.15235009789466858,4.139999866485596
3064,1096.976826472208,0.01791791059076786,0.05000000074505806,0.1808510720729828,4.4476189613342285
3065,1097.2991282800213,0.016075292602181435,0.05000000074505806,0.16672129929065704,4.51200008392334
3066,1097.6181026194245,0.017953531816601753,0.05000000074505806,0.16721312701702118,4.422222137451172
3067,1097.9429363701493,0.01637081429362297,0.05000000074505806,0.1523585021495819,4.213042736053467
3068,1098.2596944440156,0.01591334491968155,0.05000000074505806,0.165705144405365,4.081818103790283
3069,1098.5619975207373,0.01623140275478363,0.05000000074505806,0.16787877678871155,4.266666412353516
3070,1098.8883365923539,0.018484102562069893,0.05000000074505806,0.16977493464946747,4.361538410186768
3071,1099.191428180784,0.01594437099993229,0.05000000074505806,0.16308823227882385,4.042856693267822
3072,1099.4930799035355,0.018142487853765488,0.05000000074505806,0.1745421290397644,4.569565296173096
3073,1099.821612608619,0.015605255961418152,0.05000000074505806,0.158966064453125,4.425000190734863
3074,1100.147054310888,0.015995072200894356,0.05000000074505806,0.165547713637352,4.4095234870910645
3075,1100.482019374147,0.019425801932811737,0.05000000074505806,0.16121841967105865,3.9107143878936768
3076,1100.7908165249974,0.01837223209440708,0.05000000074505806,0.16188812255859375,4.452381134033203
3077,1101.094242577441,0.018914900720119476,0.05000000074505806,0.16588784754276276,4.399999618530273
3078,1101.4800368919969,0.016055377200245857,0.05000000074505806,0.17248676717281342,4.414285659790039
3079,1101.790493864566,0.01823248341679573,0.05000000074505806,0.16165412962436676,4.099999904632568
3080,1102.0940196160227,0.01575065404176712,0.05000000074505806,0.15427683293819427,4.012903213500977
3081,1102.4364815223962,0.016279390081763268,0.05000000074505806,0.18128441274166107,4.704999923706055
3082,1103.3862882247195,0.01579882577061653,0.05000000074505806,0.1739526242017746,4.7909088134765625
3083,1103.7087949309498,0.01566563919186592,0.05000000074505806,0.1726102977991104,4.773684501647949
3084,1104.0462974179536,0.017491985112428665,0.05000000074505806,0.16549816727638245,4.6588239669799805
3085,1104.3824287783355,0.018660172820091248,0.05000000074505806,0.17089396715164185,4.550000190734863
3086,1104.9839084520936,0.017128217965364456,0.05000000074505806,0.17383721470832825,4.794999599456787
3087,1105.3335802471265,0.015246069990098476,0.05000000074505806,0.16079136729240417,4.4304351806640625
3088,1105.7859341325238,0.015176953747868538,0.05000000074505806,0.1759740263223648,4.46818208694458
3089,1106.1542143188417,0.014140201732516289,0.05000000074505806,0.17479407787322998,4.647618770599365
3090,1106.5056685479358,0.018873414024710655,0.05000000074505806,0.16306306421756744,4.135714530944824
3091,1106.826842061244,0.016580041497945786,0.05000000074505806,0.15823625028133392,4.275000095367432
3092,1107.146989621222,0.01830730400979519,0.05000000074505806,0.1737881600856781,4.547825813293457
3093,1107.462334218435,0.01545839011669159,0.05000000074505806,0.15935085713863373,4.015000343322754
3094,1107.7647311827168,0.015794342383742332,0.05000000074505806,0.16738057136535645,4.286363124847412
3095,1108.0930974613875,0.0163098331540823,0.05000000074505806,0.15964126586914062,4.19615364074707
3096,1108.4271623902023,0.016854405403137207,0.05000000074505806,0.16731926798820496,4.407407283782959
3097,1108.7629093527794,0.0167304165661335,0.05000000074505806,0.16607144474983215,4.2296295166015625
3098,1109.210170486942,0.018690526485443115,0.05000000074505806,0.17294521629810333,4.454165935516357
3099,1109.5166446203366,0.01682489551603794,0.05000000074505806,0.16493508219718933,4.17391300201416
3100,1109.8615235323086,0.016885388642549515,0.05000000074505806,0.16557060182094574,4.470587730407715
3101,1110.1672277580947,0.01683930680155754,0.05000000074505806,0.16584071516990662,4.568181991577148
3102,1110.49867516011,0.014720010571181774,0.05000000074505806,0.1781609058380127,4.983333110809326
3103,1110.8035287847742,0.01485392265021801,0.05000000074505806,0.15853658318519592,4.099999904632568
3104,1111.107368029654,0.0164785236120224,0.05000000074505806,0.17504455149173737,4.458333492279053
3105,1111.4102070797235,0.015487642958760262,0.05000000074505806,0.16370370984077454,4.647059440612793
3106,1111.7120176544413,0.016192810609936714,0.05000000074505806,0.1696394681930542,4.572221755981445
3107,1112.0242080204189,0.016797179356217384,0.05000000074505806,0.17413248121738434,4.670833587646484
3108,1112.3262437898666,0.016944987699389458,0.05000000074505806,0.16945898532867432,4.480952262878418
3109,1112.6307086376473,0.016851430758833885,0.05000000074505806,0.1614329218864441,4.230000019073486
3110,1112.932707338594,0.01899496279656887,0.05000000074505806,0.1754646897315979,4.721052169799805
3111,1113.407880987972,0.01595737785100937,0.05000000074505806,0.17521551251411438,5.208333492279053
3112,1113.74020667281,0.016213713213801384,0.05000000074505806,0.17333334684371948,4.763636112213135
3113,1114.0534693077207,0.015292995609343052,0.05000000074505806,0.16799362003803253,4.2208333015441895
3114,1114.3586640292779,0.01558736339211464,0.05000000074505806,0.1689530611038208,4.416666507720947
3115,1114.6635923562571,0.017566177994012833,0.05000000074505806,0.16824817657470703,4.385714054107666
3116,1114.9681565929204,0.015486878342926502,0.05000000074505806,0.1695481389760971,4.883333206176758
3117,1115.2752783019096,0.015321396291255951,0.05000000074505806,0.17395105957984924,4.700000286102295
3118,1115.5978181697428,0.014665567316114902,0.05000000074505806,0.16419966518878937,4.337500095367432
3119,1115.9390266137198,0.01630423218011856,0.05000000074505806,0.1575809270143509,4.1045451164245605
3120,1116.2424634555355,0.01732419803738594,0.05000000074505806,0.16145038604736328,4.162499904632568
3121,1116.548743352294,0.017728881910443306,0.05000000074505806,0.1657303422689438,4.619047164916992
3122,1116.8758437335491,0.018251163884997368,0.05000000074505806,0.16603772342205048,4.539999961853027
3123,1117.2324054446071,0.01789066009223461,0.05000000074505806,0.15953175723552704,4.084615707397461
3124,1117.625636568293,0.015412155538797379,0.05000000074505806,0.16877132654190063,4.450000286102295
3125,1118.1306625939906,0.01862993836402893,0.05000000074505806,0.16655682027339935,4.259999752044678
3126,1118.4696279093623,0.015925446525216103,0.05000000074505806,0.16641220450401306,4.512499809265137
3127,1118.772206908092,0.016821283847093582,0.05000000074505806,0.17398229241371155,4.71875
3128,1119.075321720913,0.017615268006920815,0.05000000074505806,0.1557932198047638,4.439129829406738
3129,1119.3915873421356,0.017412636429071426,0.05000000074505806,0.15646687150001526,4.019230842590332
3130,1119.702712870203,0.018079513683915138,0.05000000074505806,0.16645057499408722,4.323999881744385
3131,1120.0119456956163,0.016391949728131294,0.05000000074505806,0.16398808360099792,4.1370368003845215
3132,1120.3322312673554,0.01672201231122017,0.05000000074505806,0.16151419281959534,4.230769634246826
3133,1120.6370136169717,0.016336610540747643,0.05000000074505806,0.16914699971675873,4.699999809265137
3134,1121.0506119597703,0.017004579305648804,0.05000000074505806,0.1652648001909256,4.106451034545898
3135,1121.3554069641978,0.017208797857165337,0.05000000074505806,0.16466552019119263,4.587500095367432
3136,1121.8204549625516,0.019729293882846832,0.05000000074505806,0.1673841029405594,4.2846150398254395
3137,1122.3682027496397,0.01857452094554901,0.05000000074505806,0.1668863147497177,4.476190567016602
3138,1122.6871459893882,0.016262218356132507,0.05000000074505806,0.16842922568321228,4.236000061035156
3139,1123.0488491430879,0.01655174046754837,0.05000000074505806,0.16066177189350128,4.447825908660889
3140,1123.3514379002154,0.018723607063293457,0.05000000074505806,0.16709090769290924,4.358333110809326
3141,1123.655577775091,0.01680593565106392,0.05000000074505806,0.16173043847084045,4.37333345413208
3142,1123.986197871156,0.01602674089372158,0.05000000074505806,0.172837033867836,4.4772725105285645
3143,1124.2959407726303,0.01728034019470215,0.05000000074505806,0.16847826540470123,4.733333110809326
3144,1124.6226826868951,0.0181574746966362,0.05000000074505806,0.1567656695842743,4.136000156402588
3145,1124.9831495797262,0.014658933505415916,0.05000000074505806,0.17040997743606567,4.394999980926514
3146,1125.2990865083411,0.017943361774086952,0.05000000074505806,0.16425925493240356,4.576190948486328
3147,1125.6778086926788,0.01646023616194725,0.05000000074505806,0.1630225032567978,4.168000221252441
3148,1126.1816860642284,0.01748165674507618,0.05000000074505806,0.15544873476028442,4.162499904632568
3149,1126.4867805149406,0.017643369734287262,0.05000000074505806,0.17185315489768982,4.465217113494873
3150,1126.8006866481155,0.013600960373878479,0.05000000074505806,0.16330578923225403,4.189473628997803
3151,1127.1065810341388,0.018120618537068367,0.05000000074505806,0.16144780814647675,4.383999824523926
3152,1127.4173094620928,0.01831139624118805,0.05000000074505806,0.17692306637763977,4.744443893432617
3153,1127.7486048163846,0.016096556559205055,0.05000000074505806,0.17809918522834778,4.864705562591553
3154,1128.1015641158447,0.017131568863987923,0.05000000074505806,0.16593405604362488,4.516666889190674
3155,1128.4210354853421,0.01509441900998354,0.05000000074505806,0.15115562081336975,3.7120001316070557
3156,1128.7437677485868,0.015088069252669811,0.05000000074505806,0.16449813544750214,4.590909957885742
3157,1129.0553718041629,0.01571514643728733,0.05000000074505806,0.17380952835083008,4.515789031982422
3158,1129.3824127037078,0.015131610445678234,0.05000000074505806,0.16373293101787567,4.199999809265137
3159,1129.710999801755,0.017469609156250954,0.05000000074505806,0.1549050509929657,4.113636493682861
3160,1130.1498127011582,0.018107933923602104,0.05000000074505806,0.17129096388816833,4.543749809265137
3161,1130.4760021995753,0.016980480402708054,0.05000000074505806,0.16382251679897308,4.233333587646484
3162,1130.819789214991,0.016221432015299797,0.05000000074505806,0.16692015528678894,4.373912811279297
3163,1131.13023132924,0.016411567106842995,0.05000000074505806,0.1787368357181549,4.988234519958496
3164,1131.4644214445725,0.016681628301739693,0.05000000074505806,0.17112676799297333,4.687500476837158
3165,1131.7686233660206,0.015595401637256145,0.05000000074505806,0.16982758045196533,4.504166126251221
3166,1132.1051174337044,0.01496155932545662,0.05000000074505806,0.1607198715209961,4.240909099578857
3167,1132.4498824598268,0.01887432672083378,0.05000000074505806,0.15874800086021423,4.138461589813232
3168,1132.7757267551497,0.015869079157710075,0.05000000074505806,0.16716979444026947,4.449999809265137
3169,1133.1013353951275,0.016480600461363792,0.05000000074505806,0.16877256333827972,4.609090805053711
3170,1133.4039165973663,0.019547123461961746,0.05000000074505806,0.16404108703136444,4.2090911865234375
3171,1133.7190704029053,0.017273427918553352,0.05000000074505806,0.16598640382289886,4.370832920074463
3172,1134.037955132313,0.01459235418587923,0.05000000074505806,0.16386139392852783,4.386956214904785
3173,1134.3823269233108,0.01665804162621498,0.05000000074505806,0.16060607135295868,4.30476188659668
3174,1134.7342425361276,0.01744767464697361,0.05000000074505806,0.15619470179080963,3.75
3175,1135.0728333536536,0.015942197293043137,0.05000000074505806,0.1567901074886322,4.188889026641846
3176,1135.4766842927784,0.016080116853117943,0.05000000074505806,0.1758333444595337,4.427272319793701
3177,1135.910366830416,0.01758529245853424,0.05000000074505806,0.16068515181541443,4.245833396911621
3178,1136.2709308462217,0.01592324487864971,0.05000000074505806,0.16291514039039612,4.484210968017578
3179,1136.617393665947,0.01674380525946617,0.05000000074505806,0.17191781103610992,4.65625
3180,1136.9878319175914,0.014727424830198288,0.05000000074505806,0.1714782565832138,4.709523677825928
3181,1137.2880944609642,0.01702442206442356,0.05000000074505806,0.17227564752101898,4.545833587646484
3182,1137.6734279822558,0.01571439579129219,0.05000000074505806,0.1553415060043335,4.1909098625183105
3183,1138.02609226387,0.019235853105783463,0.05000000074505806,0.1775684952735901,4.525000095367432
3184,1138.34028177429,0.018105238676071167,0.05000000074505806,0.1688888967037201,4.328000068664551
3185,1138.6817859262228,0.017685770988464355,0.05000000074505806,0.15909090638160706,4.041666507720947
3186,1139.0752015076578,0.01591678522527218,0.05000000074505806,0.16876228153705597,4.899999141693115
3187,1139.4137165918946,0.016795124858617783,0.05000000074505806,0.1627677083015442,3.9739131927490234
3188,1139.726907457225,0.01796206459403038,0.05000000074505806,0.15586420893669128,4.107692241668701
3189,1140.0483553493395,0.014791757799685001,0.05000000074505806,0.1679144650697708,4.4571428298950195
3190,1140.4161817859858,0.015948951244354248,0.05000000074505806,0.16808511316776276,4.183332920074463
3191,1140.7683013295755,0.015588859096169472,0.05000000074505806,0.16915324330329895,4.752380847930908
3192,1141.1235390845686,0.015959173440933228,0.05000000074505806,0.17682334780693054,4.358822822570801
3193,1141.4630618607625,0.01466459222137928,0.05000000074505806,0.16827696561813354,4.626923561096191
3194,1141.7750285314396,0.016957571730017662,0.05000000074505806,0.17003674805164337,4.5952372550964355
3195,1142.0978816431016,0.01740698330104351,0.05000000074505806,0.15453194081783295,3.959259033203125
3196,1142.4200557591394,0.015622134320437908,0.05000000074505806,0.19320988655090332,5.199999809265137
3197,1142.74467184674,0.016228413209319115,0.05000000074505806,0.15354660153388977,3.918750047683716
3198,1143.3104727510363,0.01915491372346878,0.05000000074505806,0.15293040871620178,4.278571605682373
3199,1143.6355488197878,0.018381694331765175,0.05000000074505806,0.16265060007572174,4.187999725341797
3200,1144.0759208677337,0.018577110022306442,0.05000000074505806,0.16955018043518066,4.188461780548096
3201,1144.4128920156509,0.015499399974942207,0.05000000074505806,0.17508895695209503,5.033332824707031
3202,1144.778024945408,0.015069684013724327,0.05000000074505806,0.16788461804389954,4.430434226989746
3203,1145.1228291960433,0.018903490155935287,0.05000000074505806,0.17543520033359528,4.574999809265137
3204,1145.4573679706082,0.01591937243938446,0.05000000074505806,0.1578662097454071,4.605555534362793
3205,1145.793323546648,0.01546435710042715,0.05000000074505806,0.16773109138011932,4.385000228881836
3206,1146.314562793821,0.016465049237012863,0.05000000074505806,0.177338108420372,4.483999729156494
3207,1146.658241434954,0.016443777829408646,0.05000000074505806,0.15895405411720276,4.311999320983887
3208,1147.1004690360278,0.01332384068518877,0.05000000074505806,0.17126436531543732,4.24399995803833
3209,1147.486022698693,0.01676149293780327,0.05000000074505806,0.15590551495552063,4.095652103424072
3210,1147.8040642235428,0.015840228646993637,0.05000000074505806,0.17305700480937958,4.552380561828613
3211,1148.1582489665598,0.014290780760347843,0.05000000074505806,0.17019063234329224,4.547825813293457
3212,1148.4844003804028,0.018940584734082222,0.05000000074505806,0.15979556739330292,4.1479997634887695
3213,1148.8166684880853,0.01590816304087639,0.05000000074505806,0.1686924546957016,4.186666488647461
3214,1149.1747224405408,0.017941437661647797,0.05000000074505806,0.16569767892360687,4.638094902038574
3215,1149.577423684299,0.019157281145453453,0.05000000074505806,0.16453486680984497,4.855555057525635
3216,1149.97822615318,0.01689162664115429,0.05000000074505806,0.16211071610450745,4.0
3217,1150.3937986614183,0.016911542043089867,0.05000000074505806,0.1666666567325592,4.543478012084961
3218,1150.7566574877128,0.019019829109311104,0.05000000074505806,0.15518248081207275,4.0851850509643555
3219,1151.0906839836389,0.01976318284869194,0.05000000074505806,0.16551180183887482,3.807692289352417
3220,1151.5176105089486,0.015996096655726433,0.05000000074505806,0.1712460070848465,4.845454692840576
3221,1151.8466504467651,0.016597390174865723,0.05000000074505806,0.16105100512504578,4.072413921356201
3222,1152.1593225933611,0.018495259806513786,0.05000000074505806,0.18895238637924194,5.004761695861816
3223,1152.4905621847138,0.017945200204849243,0.05000000074505806,0.16123077273368835,4.261538505554199
3224,1152.836021755822,0.015337320044636726,0.05000000074505806,0.17580071091651917,4.778571605682373
3225,1153.1738007022068,0.017434662207961082,0.05000000074505806,0.16708074510097504,4.429999828338623
3226,1153.4953712662682,0.014911074191331863,0.05000000074505806,0.17787231504917145,5.211111068725586
3227,1153.8197526298463,0.015071447938680649,0.05000000074505806,0.1647634655237198,4.312500476837158
3228,1154.1254547955468,0.016136350110173225,0.05000000074505806,0.16415095329284668,4.0730767250061035
3229,1154.431991009973,0.017299963161349297,0.05000000074505806,0.15295056998729706,3.9160001277923584
3230,1154.746155099012,0.015432423911988735,0.05000000074505806,0.17888307571411133,4.726086616516113
3231,1155.0571277383715,0.017604803666472435,0.05000000074505806,0.16065292060375214,4.172222137451172
3232,1155.3973063258454,0.017557941377162933,0.05000000074505806,0.1728070229291916,4.6050004959106445
3233,1155.7309252303094,0.01665838062763214,0.05000000074505806,0.15416666865348816,3.983333110809326
3234,1156.038519394584,0.017227131873369217,0.05000000074505806,0.1576378047466278,3.9909088611602783
3235,1156.370732420124,0.01574726402759552,0.05000000074505806,0.16634799540042877,4.4391303062438965
3236,1156.7742269625887,0.01581333950161934,0.05000000074505806,0.18248945474624634,5.10588264465332
3237,1157.1402567699552,0.01748545840382576,0.05000000074505806,0.1753012090921402,4.799999713897705
3238,1157.5308573832735,0.01630212552845478,0.05000000074505806,0.1840776801109314,5.088235378265381
3239,1157.8443989939988,0.016629626974463463,0.05000000074505806,0.16806723177433014,4.590908527374268
3240,1158.1494817975909,0.018519364297389984,0.05000000074505806,0.16254295408725739,4.308332920074463
3241,1158.4533886760473,0.01574312336742878,0.05000000074505806,0.17159277200698853,4.608695983886719
3242,1158.759584597312,0.017499005421996117,0.05000000074505806,0.16035600006580353,4.067999839782715
3243,1159.0660382546484,0.01688009314239025,0.05000000074505806,0.16217531263828278,4.2920002937316895
3244,1159.3789136549458,0.016762705519795418,0.05000000074505806,0.17752212285995483,4.389999866485596
3245,1159.6856939112768,0.016785284504294395,0.05000000074505806,0.15733736753463745,4.275000095367432
3246,1160.0418281406164,0.015192610211670399,0.05000000074505806,0.16033950448036194,4.008333206176758
3247,1160.3860214268789,0.015284638851881027,0.05000000074505806,0.16167664527893066,4.040740489959717
3248,1160.702125005424,0.0154085299000144,0.05000000074505806,0.17183999717235565,4.619048118591309
3249,1161.0088983792812,0.016111169010400772,0.05000000074505806,0.17431692779064178,4.5208330154418945
3250,1161.3243340430781,0.016726691275835037,0.05000000074505806,0.17194493114948273,4.512499809265137
3251,1161.6941127246246,0.016508765518665314,0.05000000074505806,0.16893038153648376,4.441666603088379
3252,1162.498188028112,0.018020622432231903,0.05000000074505806,0.17216116189956665,4.857142925262451
3253,1162.8844302343205,0.01727769523859024,0.05000000074505806,0.1553623080253601,4.239999771118164
3254,1163.233444149606,0.01461783517152071,0.05000000074505806,0.16130080819129944,4.085185527801514
3255,1163.5395199935883,0.017045099288225174,0.05000000074505806,0.16859084367752075,4.300000190734863
3256,1163.8416920304298,0.016763556748628616,0.05000000074505806,0.16937395930290222,4.486956596374512
3257,1164.2759658079594,0.017573697492480278,0.05000000074505806,0.17062313854694366,4.232142448425293
3258,1164.6080107232556,0.015569261275231838,0.05000000074505806,0.16068965196609497,4.419999599456787
3259,1164.9654666557908,0.018186969682574272,0.05000000074505806,0.16765189170837402,4.090476036071777
3260,1165.392074458301,0.01563660055398941,0.05000000074505806,0.16402214765548706,4.738095283508301
3261,1165.7213891455904,0.01696266047656536,0.05000000074505806,0.1739344298839569,4.436363220214844
3262,1166.0610855016857,0.016788169741630554,0.05000000074505806,0.17020483314990997,4.672727584838867
3263,1166.3668125141412,0.015265687368810177,0.05000000074505806,0.1484265774488449,4.095000267028809
3264,1166.6723435167223,0.017283834517002106,0.05000000074505806,0.1791469305753708,4.165217399597168
3265,1167.550511147827,0.019432352855801582,0.05000000074505806,0.17272727191448212,4.942857265472412
3266,1167.87068689242,0.016686148941516876,0.05000000074505806,0.16435936093330383,3.9862070083618164
3267,1168.2825511042029,0.01579933986067772,0.05000000074505806,0.1656794399023056,4.452380657196045
3268,1168.988615475595,0.017532935366034508,0.05000000074505806,0.16788321733474731,4.545454502105713
3269,1169.4189168065786,0.018440382555127144,0.05000000074505806,0.15555556118488312,4.038461685180664
3270,1169.7520948369056,0.015667175874114037,0.05000000074505806,0.16463933885097504,4.244999885559082
3271,1170.0804579257965,0.01824074238538742,0.05000000074505806,0.16748252511024475,4.114285469055176
3272,1170.4233185080811,0.017283933237195015,0.05000000074505806,0.18829786777496338,5.405555248260498
3273,1170.768416323699,0.016654903069138527,0.05000000074505806,0.15918698906898499,4.204348087310791
3274,1171.0763667151332,0.016408953815698624,0.05000000074505806,0.16532258689403534,4.252380847930908
3275,1171.3823521556333,0.016352791339159012,0.05000000074505806,0.17538994550704956,4.4679999351501465
3276,1171.9048519786447,0.016571631655097008,0.05000000074505806,0.16629834473133087,4.384210586547852
3277,1172.328489260748,0.017054162919521332,0.05000000074505806,0.1530405580997467,4.121739387512207
3278,1172.8342102216557,0.018223967403173447,0.05000000074505806,0.1706106811761856,4.664999961853027
3279,1173.2261822195724,0.015663065016269684,0.05000000074505806,0.16785715520381927,4.557894229888916
3280,1173.5488071795553,0.01677919365465641,0.05000000074505806,0.1639925241470337,4.412499904632568
3281,1173.8622344946489,0.016746506094932556,0.05000000074505806,0.16396550834178925,4.639130115509033
3282,1174.3012422509491,0.015134367160499096,0.05000000074505806,0.16797584295272827,4.238461494445801
3283,1174.6337924227118,0.015292012132704258,0.05000000074505806,0.16106624901294708,4.223076820373535
3284,1174.9487934764475,0.016243720427155495,0.05000000074505806,0.16120944917201996,4.003571033477783
3285,1175.3694638023153,0.015006229281425476,0.05000000074505806,0.15905043482780457,3.948147773742676
3286,1175.706429890357,0.016972284764051437,0.05000000074505806,0.16428570449352264,4.240909099578857
3287,1176.0401067640632,0.015348588116466999,0.05000000074505806,0.18616461753845215,4.733333110809326
3288,1176.357769433409,0.01703685335814953,0.05000000074505806,0.1611916422843933,4.34761905670166
3289,1176.8879745071754,0.015258136205375195,0.05000000074505806,0.15705521404743195,4.099999904632568
3290,1177.249856274575,0.01898554526269436,0.05000000074505806,0.16823339462280273,4.476190567016602
3291,1177.7483270866796,0.014087229035794735,0.05000000074505806,0.17627117037773132,4.604761600494385
3292,1178.0944134443998,0.016785360872745514,0.05000000074505806,0.17043478786945343,4.668420791625977
3293,1178.4545956850052,0.015930064022541046,0.05000000074505806,0.16687600314617157,4.129629611968994
3294,1178.795477192849,0.015624616295099258,0.05000000074505806,0.18040090799331665,4.89411735534668
3295,1179.1252393489704,0.015001004561781883,0.05000000074505806,0.1694539338350296,4.605000019073486
3296,1179.455654259771,0.015666414052248,0.05000000074505806,0.1715986430644989,4.508333206176758
3297,1179.7918483680114,0.016955360770225525,0.05000000074505806,0.16138280928134918,4.474999904632568
3298,1180.111592545174,0.015850653871893883,0.05000000074505806,0.15683452785015106,3.940624952316284
3299,1180.4830847093835,0.015064014121890068,0.05000000074505806,0.1673980951309204,4.099999904632568
3300,1180.7861203188077,0.01584511809051037,0.05000000074505806,0.17165860533714294,4.587500095367432
3301,1181.2626547589898,0.01599803753197193,0.05000000074505806,0.16521738469600677,4.080769062042236
3302,1181.7236781166866,0.014061554335057735,0.05000000074505806,0.16067194938659668,4.617647171020508
3303,1182.0604313332587,0.016498703509569168,0.05000000074505806,0.17001862823963165,4.636842250823975
3304,1182.3648362439126,0.016963111236691475,0.05000000074505806,0.17047782242298126,4.525000095367432
3305,1182.722109431401,0.01507706381380558,0.05000000074505806,0.16573530435562134,4.117857456207275
3306,1183.0773362535983,0.014563474804162979,0.05000000074505806,0.1558571457862854,4.107407093048096
3307,1183.3962446106598,0.016275327652692795,0.05000000074505806,0.16370967030525208,3.883333444595337
3308,1183.7039512395859,0.017000041902065277,0.05000000074505806,0.16813185811042786,4.8428568840026855
3309,1184.0257657561451,0.016003962606191635,0.05000000074505806,0.16609643399715424,4.199999809265137
3310,1184.3356830477715,0.018220102414488792,0.05000000074505806,0.16199377179145813,4.140740394592285
3311,1184.6997576653957,0.014910494908690453,0.05000000074505806,0.16561461985111237,4.4041666984558105
3312,1185.0446014013141,0.017788859084248543,0.05000000074505806,0.16554173827171326,4.415999889373779
3313,1185.4016718333587,0.015780068933963776,0.05000000074505806,0.17367388308048248,4.814285755157471
3314,1185.7302903253585,0.018995553255081177,0.05000000074505806,0.16101083159446716,4.609999656677246
3315,1186.105880103074,0.017047807574272156,0.05000000074505806,0.1690017580986023,4.394736289978027
3316,1186.440834864974,0.01743975654244423,0.05000000074505806,0.15879827737808228,4.041379451751709
3317,1186.8424095036462,0.01471438817679882,0.05000000074505806,0.16678443551063538,4.452174186706543
3318,1187.3457356244326,0.015855886042118073,0.05000000074505806,0.1575712263584137,4.144444465637207
3319,1187.676032382995,0.016747187823057175,0.05000000074505806,0.16923077404499054,4.195999622344971
3320,1188.4994585039094,0.017761431634426117,0.05000000074505806,0.16919741034507751,4.860000133514404
3321,1188.915907792747,0.01716032065451145,0.05000000074505806,0.17822736501693726,4.69374942779541
3322,1189.2457072883844,0.01626329869031906,0.05000000074505806,0.1749090701341629,4.8142852783203125
3323,1189.791183221154,0.018614396452903748,0.05000000074505806,0.17269565165042877,4.5652174949646
3324,1190.1542536579072,0.015724467113614082,0.05000000074505806,0.1738549768924713,4.730000019073486
3325,1190.6343717789277,0.01598377153277397,0.05000000074505806,0.16558218002319336,4.557895183563232
3326,1190.969137663953,0.01638093777000904,0.05000000074505806,0.1838420033454895,4.637499809265137
3327,1191.2974353078753,0.014935677871108055,0.05000000074505806,0.16249999403953552,4.457142353057861
3328,1191.6678712032735,0.01618443801999092,0.05000000074505806,0.16972477734088898,4.259999752044678
3329,1191.9824012545869,0.01683293655514717,0.05000000074505806,0.18466386198997498,5.300000190734863
3330,1192.7263839906082,0.016183901578187943,0.05000000074505806,0.17117437720298767,4.691666603088379
3331,1193.0457632988691,0.015621279366314411,0.05000000074505806,0.16737452149391174,4.672222137451172
3332,1193.3812267230824,0.01707744039595127,0.05000000074505806,0.16588421165943146,4.311999797821045
3333,1193.729834021069,0.0164681114256382,0.05000000074505806,0.16287878155708313,3.995833396911621
3334,1194.0494661070406,0.017052127048373222,0.05000000074505806,0.16330645978450775,4.3947367668151855
3335,1194.364304592833,0.015510344877839088,0.05000000074505806,0.16402213275432587,4.759999752044678
3336,1194.8005402125418,0.016021357849240303,0.05000000074505806,0.1563202142715454,3.774074077606201
3337,1195.1363039361313,0.017070302739739418,0.05000000074505806,0.17504726350307465,4.772221565246582
3338,1195.545930785127,0.01739262416958809,0.05000000074505806,0.17719626426696777,4.662499904632568
3339,1195.900111769326,0.01698647253215313,0.05000000074505806,0.16134585440158844,4.366666793823242
3340,1196.2536462796852,0.017673013731837273,0.05000000074505806,0.15497703850269318,3.881481409072876
3341,1196.6347674252465,0.016212942078709602,0.05000000074505806,0.1621580570936203,4.048148155212402
3342,1196.9764004647732,0.016929438337683678,0.05000000074505806,0.15687203407287598,4.126316070556641
3343,1197.2932665068656,0.017923720180988312,0.05000000074505806,0.17298850417137146,4.569999694824219
3344,1197.6852145697922,0.018581751734018326,0.05000000074505806,0.15474139153957367,4.014814853668213
3345,1198.0859908098355,0.015889503061771393,0.05000000074505806,0.15661972761154175,3.841379404067993
3346,1198.4706915989518,0.017567535862326622,0.05000000074505806,0.15535713732242584,4.211538314819336
3347,1198.8020345363766,0.016142098233103752,0.05000000074505806,0.157802551984787,3.9000000953674316
3348,1199.1209007920697,0.013792231678962708,0.05000000074505806,0.15706133842468262,3.896428346633911
3349,1199.4457724541426,0.017385829240083694,0.05000000074505806,0.1743772178888321,4.471428871154785
3350,1199.788120306097,0.01637064851820469,0.05000000074505806,0.16026785969734192,4.304347991943359
3351,1200.1958723561838,0.01787624880671501,0.05000000074505806,0.16822262108325958,4.159090995788574
3352,1200.537294386886,0.014178384095430374,0.05000000074505806,0.16685082018375397,4.563636302947998
3353,1200.953285147436,0.015659982338547707,0.05000000074505806,0.17107437551021576,4.600000381469727
3354,1201.284866064787,0.01579473353922367,0.05000000074505806,0.16682769358158112,4.599999904632568
3355,1201.6052134353667,0.01493845134973526,0.05000000074505806,0.16852176189422607,4.064999580383301
3356,1201.9376464756206,0.01873367838561535,0.05000000074505806,0.1628626585006714,4.684999942779541
3357,1202.2861224226654,0.01599683053791523,0.05000000074505806,0.17560440301895142,4.888235092163086
3358,1202.6007943628356,0.017376217991113663,0.05000000074505806,0.1769067794084549,4.755555629730225
3359,1202.9456651909277,0.015898730605840683,0.05000000074505806,0.16977547109127045,4.9380950927734375
3360,1203.2671318678185,0.01704786904156208,0.05000000074505806,0.16084906458854675,3.866666078567505
3361,1203.5937670366839,0.015558211132884026,0.05000000074505806,0.16545453667640686,4.354166507720947
3362,1204.3160168994218,0.016679763793945312,0.05000000074505806,0.16064880788326263,3.940000057220459
3363,1204.6411883467808,0.016451196745038033,0.05000000074505806,0.1757798194885254,4.630000114440918
3364,1204.9838966140524,0.015890413895249367,0.05000000074505806,0.16820427775382996,4.528571128845215
3365,1205.3201364744455,0.017430316656827927,0.05000000074505806,0.1731843501329422,4.559090614318848
3366,1205.6737166829407,0.01620209589600563,0.05000000074505806,0.16592709720134735,4.2923078536987305
3367,1205.9838044559583,0.015965688973665237,0.05000000074505806,0.16171516478061676,4.368000030517578
3368,1206.2847009124234,0.017123103141784668,0.05000000074505806,0.17056912183761597,4.200000286102295
3369,1206.760689641349,0.014986306428909302,0.05000000074505806,0.16201923787593842,4.231818675994873
3370,1207.0903146611527,0.016101649031043053,0.05000000074505806,0.16435644030570984,4.216000080108643
3371,1207.4064620463178,0.01702979765832424,0.05000000074505806,0.15725678205490112,4.223999977111816
3372,1207.739730913192,0.017516598105430603,0.05000000074505806,0.17064222693443298,4.118518829345703
3373,1208.0680729243904,0.015340980142354965,0.05000000074505806,0.16523811221122742,4.319230556488037
3374,1208.3952522426844,0.018464358523488045,0.05000000074505806,0.17874719202518463,5.469231128692627
3375,1208.754612150602,0.01676536537706852,0.05000000074505806,0.15661539137363434,4.190476417541504
3376,1209.104846144095,0.019119752570986748,0.05000000074505806,0.16791744530200958,4.519999980926514
3377,1209.4791235495359,0.016644835472106934,0.05000000074505806,0.15959005057811737,4.103846549987793
3378,1209.8622813178226,0.015613969415426254,0.05000000074505806,0.16902799904346466,4.074999809265137
3379,1210.1643405053765,0.01588890515267849,0.05000000074505806,0.1715639978647232,4.319231033325195
3380,1210.5481853941455,0.01563332974910736,0.05000000074505806,0.16679105162620544,4.8142852783203125
3381,1211.2114019198343,0.018146758899092674,0.05000000074505806,0.1610303819179535,3.919999837875366
3382,1211.5373735241592,0.014652916230261326,0.05000000074505806,0.15949366986751556,3.757143020629883
3383,1211.900458614342,0.014648430980741978,0.05000000074505806,0.17305390536785126,4.980000019073486
3384,1212.2286771796644,0.016393423080444336,0.05000000074505806,0.1629450023174286,4.199999809265137
3385,1212.553773918189,0.01375909149646759,0.05000000074505806,0.1618819683790207,4.3458333015441895
3386,1212.8731069630012,0.01370077021420002,0.05000000074505806,0.15813954174518585,3.932142734527588
3387,1213.2086426317692,0.01509770192205906,0.05000000074505806,0.16309720277786255,4.168181896209717
3388,1213.5114675266668,0.01834205351769924,0.05000000074505806,0.16006654500961304,4.28181791305542
3389,1213.8292196514085,0.014773610047996044,0.05000000074505806,0.16486990451812744,4.514286041259766
3390,1214.1479721069336,0.01739998161792755,0.05000000074505806,0.1681978851556778,4.1526312828063965
3391,1214.485762364231,0.016808906570076942,0.05000000074505806,0.15745937824249268,4.239999771118164
3392,1214.835107914172,0.01717177964746952,0.05000000074505806,0.167150616645813,4.631817817687988
3393,1215.3650549687445,0.017688147723674774,0.05000000074505806,0.16978417336940765,4.195652008056641
3394,1215.7035270053893,0.018468933179974556,0.05000000074505806,0.17371048033237457,4.445833206176758
3395,1216.030642283149,0.018181251361966133,0.05000000074505806,0.15654069185256958,4.315384387969971
3396,1216.3753717262298,0.016953228041529655,0.05000000074505806,0.1696356236934662,4.138888359069824
3397,1216.6963303592056,0.01588151603937149,0.05000000074505806,0.16470588743686676,4.490909099578857
3398,1217.048530774191,0.015425660647451878,0.05000000074505806,0.1582159698009491,4.0333333015441895
3399,1217.4418759066612,0.018306737765669823,0.05000000074505806,0.1735042929649353,4.711764812469482
3400,1217.7961863055825,0.0150389289483428,0.05000000074505806,0.17386171221733093,4.665217399597168
3401,1218.1344722909853,0.017881963402032852,0.05000000074505806,0.1634831428527832,3.9862067699432373
3402,1218.5223812228069,0.015772055834531784,0.05000000074505806,0.16572700440883636,4.3423075675964355
3403,1218.9520129077137,0.015104562044143677,0.05000000074505806,0.15875370800495148,3.886207103729248
3404,1219.2896719854325,0.01495456974953413,0.05000000074505806,0.15813559293746948,4.21999979019165
3405,1219.6171872699633,0.016948863863945007,0.05000000074505806,0.17480315268039703,4.245833396911621
3406,1220.0402335086837,0.016000745818018913,0.05000000074505806,0.16542749106884003,4.839999675750732
3407,1220.4008510876447,0.018121598288416862,0.05000000074505806,0.17167532444000244,4.455999851226807
3408,1220.7255962891504,0.015852632001042366,0.05000000074505806,0.16837061941623688,4.208695411682129
3409,1221.0416130572557,0.01902056112885475,0.05000000074505806,0.16795581579208374,4.576470851898193
3410,1221.3652657102793,0.016141491010785103,0.05000000074505806,0.15469025075435638,4.213043689727783
3411,1221.7246507974342,0.015356972813606262,0.05000000074505806,0.1620274931192398,4.36086893081665
3412,1222.2095204778016,0.018360376358032227,0.05000000074505806,0.16688525676727295,4.255999565124512
3413,1223.046624678187,0.020248662680387497,0.05000000074505806,0.16895873844623566,4.39411735534668
3414,1223.4062864193693,0.018619779497385025,0.05000000074505806,0.17441406846046448,5.507692337036133
3415,1223.751066996716,0.014494652859866619,0.05000000074505806,0.16836421191692352,4.320000171661377
3416,1224.1049717189744,0.01688852347433567,0.05000000074505806,0.1598319113254547,4.082143306732178
3417,1224.5314547717571,0.014906294643878937,0.05000000074505806,0.17555555701255798,4.88124942779541
3418,1224.9720993740484,0.015116041526198387,0.05000000074505806,0.16508226096630096,4.688889026641846
3419,1225.312946677208,0.016349302604794502,0.05000000074505806,0.1598387062549591,4.316666603088379
3420,1225.6444242736325,0.017015032470226288,0.05000000074505806,0.17153501510620117,4.079310417175293
3421,1225.9641712326556,0.016078520566225052,0.05000000074505806,0.16691872477531433,4.6421051025390625
3422,1226.3139688186347,0.015963690355420113,0.05000000074505806,0.16074450314044952,4.275000095367432
3423,1226.6135089984164,0.01541096344590187,0.05000000074505806,0.1653650403022766,4.216666221618652
3424,1226.957299752161,0.014846671372652054,0.05000000074505806,0.16193076968193054,4.499999523162842
3425,1227.3121133139357,0.016636252403259277,0.05000000074505806,0.16110123693943024,4.280951976776123
3426,1227.632722876966,0.016564514487981796,0.05000000074505806,0.1664893478155136,4.413636207580566
3427,1228.0382618336007,0.017400236800312996,0.05000000074505806,0.16614852845668793,4.3333330154418945
3428,1228.3672768967226,0.0170598104596138,0.05000000074505806,0.1601666808128357,4.399999618530273
3429,1228.6867720307782,0.01575831137597561,0.05000000074505806,0.18284600973129272,4.7923078536987305
3430,1229.053245574236,0.014412637799978256,0.05000000074505806,0.1579584777355194,4.449999809265137
3431,1229.3671649126336,0.015288482420146465,0.05000000074505806,0.1738336831331253,4.704999923706055
3432,1229.7072902703658,0.016296224668622017,0.05000000074505806,0.16911764442920685,4.681818008422852
3433,1230.0186769226566,0.015008099377155304,0.05000000074505806,0.1802792251110077,4.484210968017578
3434,1230.3469150662422,0.014983834698796272,0.05000000074505806,0.16840216517448425,4.888888835906982
3435,1230.7143003670499,0.01483331248164177,0.05000000074505806,0.16113819181919098,4.153846263885498
3436,1231.0845336783677,0.017934806644916534,0.05000000074505806,0.1621881127357483,4.4772725105285645
3437,1231.4673042641953,0.014513533562421799,0.05000000074505806,0.17840467393398285,4.558823585510254
3438,1231.8151297662407,0.015836933627724648,0.05000000074505806,0.15740740299224854,4.5545454025268555
3439,1232.1441160561517,0.01875288598239422,0.05000000074505806,0.1753246784210205,4.460869312286377
3440,1232.4798769718036,0.01925802417099476,0.05000000074505806,0.17021630704402924,4.490476131439209
3441,1232.7921197349206,0.017245860770344734,0.05000000074505806,0.1632203459739685,4.310000419616699
3442,1233.1341015156358,0.015875481069087982,0.05000000074505806,0.16233332455158234,4.386363506317139
3443,1233.5489724976942,0.016019079834222794,0.05000000074505806,0.17105263471603394,4.315384387969971
3444,1233.8861414678395,0.013862069696187973,0.05000000074505806,0.1634974628686905,4.123076915740967
3445,1234.2339950250462,0.014448385685682297,0.05000000074505806,0.16704919934272766,4.528571128845215
3446,1234.7960193008184,0.016010306775569916,0.05000000074505806,0.16655948758125305,4.19615364074707
3447,1235.148164672777,0.017224719747900963,0.05000000074505806,0.17352940142154694,4.472727298736572
3448,1235.4767008703202,0.0187565628439188,0.05000000074505806,0.16778169572353363,4.4666666984558105
3449,1235.8276063241065,0.015630124136805534,0.05000000074505806,0.1854260265827179,5.3071417808532715
3450,1236.260226414539,0.013736826367676258,0.05000000074505806,0.16339868307113647,4.71363639831543
3451,1236.5629540672526,0.015502545051276684,0.05000000074505806,0.17905758321285248,4.3789472579956055
3452,1236.8898564325646,0.01550114806741476,0.05000000074505806,0.16018517315387726,4.375
3453,1237.2264856398106,0.01684839278459549,0.05000000074505806,0.1592647135257721,4.020689487457275
3454,1237.5847198674455,0.01807573065161705,0.05000000074505806,0.16840335726737976,4.136000156402588
3455,1237.896690546535,0.016422215849161148,0.05000000074505806,0.15718798339366913,4.23199987411499
3456,1238.1994551476091,0.018729619681835175,0.05000000074505806,0.18115384876728058,4.491304397583008
3457,1238.6060777250677,0.012855740264058113,0.05000000074505806,0.16884955763816833,4.695000171661377
3458,1238.9029494822025,0.015724224969744682,0.05000000074505806,0.1622866690158844,4.1210527420043945
3459,1239.23685893137,0.01538250781595707,0.05000000074505806,0.16833047568798065,4.51578950881958
3460,1239.6215553721413,0.015603385865688324,0.05000000074505806,0.16135531663894653,4.449999809265137
3461,1239.9960870910436,0.017139850184321404,0.05000000074505806,0.1597982794046402,3.9518520832061768
3462,1240.518840977922,0.015718959271907806,0.05000000074505806,0.1603478193283081,4.316666126251221
3463,1240.8553575640544,0.01806447096168995,0.05000000074505806,0.1640809327363968,4.199999809265137
3464,1241.2024593167007,0.015754591673612595,0.05000000074505806,0.17687366902828217,4.523077011108398
3465,1241.5417938558385,0.016014348715543747,0.05000000074505806,0.17004990577697754,4.609999656677246
3466,1241.8798535726964,0.015532967634499073,0.05000000074505806,0.16549164056777954,4.842857360839844
3467,1242.2108939914033,0.01564965769648552,0.05000000074505806,0.1747841089963913,4.595652103424072
3468,1242.54460372217,0.015632174909114838,0.05000000074505806,0.17102617025375366,4.369999885559082
3469,1242.883410392329,0.016808388754725456,0.05000000074505806,0.17642585933208466,5.0722222328186035
3470,1243.206510138698,0.014529484324157238,0.05000000074505806,0.15789473056793213,4.2583327293396
3471,1243.510705257766,0.015259736217558384,0.05000000074505806,0.17190387845039368,4.419999599456787
3472,1243.8169570807368,0.015951327979564667,0.05000000074505806,0.15334394574165344,4.026923179626465
3473,1244.1235852269456,0.017440907657146454,0.05000000074505806,0.1642732173204422,4.505000114440918
3474,1244.4503558631986,0.015317468903958797,0.05000000074505806,0.16286200284957886,4.276190757751465
3475,1244.8311964245513,0.018801027908921242,0.05000000074505806,0.16771300137043,4.142307758331299
3476,1245.2558593526483,0.0150757422670722,0.05000000074505806,0.1647350937128067,4.278260707855225
3477,1245.5951562812552,0.01719798520207405,0.05000000074505806,0.16432078182697296,4.350000381469727
3478,1245.9016055781394,0.016960976645350456,0.05000000074505806,0.17353497445583344,4.622221946716309
3479,1246.231877242215,0.017547134310007095,0.05000000074505806,0.17053139209747314,4.675000190734863
3480,1246.5452492041513,0.015131687745451927,0.05000000074505806,0.15771064162254333,4.030434608459473
3481,1246.8905013035983,0.01674780249595642,0.05000000074505806,0.1696707159280777,4.375
3482,1247.2362890606746,0.01440607849508524,0.05000000074505806,0.15416665375232697,4.116666316986084
3483,1247.57495240774,0.01540342066437006,0.05000000074505806,0.17129629850387573,4.257142543792725
3484,1247.8997478960082,0.01663205586373806,0.05000000074505806,0.15522387623786926,4.409090042114258
3485,1248.327788037248,0.016062235459685326,0.05000000074505806,0.1695142388343811,4.268181324005127
3486,1248.7367721162736,0.015807468444108963,0.05000000074505806,0.16954314708709717,4.361904144287109
3487,1249.1183283505961,0.014654749073088169,0.05000000074505806,0.1563200056552887,4.029629707336426
3488,1249.4754225201905,0.016305968165397644,0.05000000074505806,0.1687140017747879,4.576189994812012
3489,1249.812123876065,0.01675260439515114,0.05000000074505806,0.15485519170761108,4.1541666984558105
3490,1250.1117067933083,0.018371419981122017,0.05000000074505806,0.1693805307149887,4.5
3491,1250.4111108249053,0.015621422789990902,0.05000000074505806,0.173758864402771,4.700000286102295
3492,1251.3013976495713,0.014688636176288128,0.05000000074505806,0.15850144624710083,4.2952375411987305
3493,1251.7028144542128,0.01591581478714943,0.05000000074505806,0.1649390310049057,4.061538219451904
3494,1252.0872444696724,0.016933131963014603,0.05000000074505806,0.1587904393672943,4.0
3495,1252.4851451879367,0.015199904330074787,0.05000000074505806,0.16578947007656097,3.8172411918640137
3496,1252.831385849975,0.014735479839146137,0.05000000074505806,0.16252504289150238,4.622726917266846
3497,1253.2266192277893,0.016359444707632065,0.05000000074505806,0.16622887551784515,4.48095178604126
3498,1253.571302822791,0.017166340723633766,0.05000000074505806,0.1620274931192398,4.352380752563477
3499,1253.9106791820377,0.0179018322378397,0.05000000074505806,0.16579805314540863,4.336363315582275
3500,1254.2304036086425,0.01594378799200058,0.05000000074505806,0.17155171930789948,4.454166889190674
3501,1254.5647239666432,0.015390711836516857,0.05000000074505806,0.16907775402069092,4.34761905670166
3502,1254.9841023012996,0.018114127218723297,0.05000000074505806,0.1636842042207718,4.449999809265137
3503,1255.3980812849477,0.01730039343237877,0.05000000074505806,0.16748252511024475,4.72777795791626
3504,1255.763710450381,0.014889873564243317,0.05000000074505806,0.17102648317813873,4.384615421295166
3505,1256.1742225000635,0.014333745464682579,0.05000000074505806,0.16131262481212616,4.241666793823242
3506,1256.5888760210946,0.015011858195066452,0.05000000074505806,0.17813560366630554,4.609523773193359
3507,1256.9961859304458,0.016326183453202248,0.05000000074505806,0.16093750298023224,4.114285469055176
3508,1257.368563710712,0.01859804056584835,0.05000000074505806,0.16362230479717255,4.049999713897705
3509,1257.712430410087,0.015845278277993202,0.05000000074505806,0.17689159512519836,4.65625
3510,1258.0902145262808,0.015657247975468636,0.05000000074505806,0.1636672466993332,4.5199995040893555
3511,1258.5133261680603,0.014902982860803604,0.05000000074505806,0.1646859049797058,4.379167079925537
3512,1258.8322820393369,0.015389017760753632,0.05000000074505806,0.16512098908424377,4.352381229400635
3513,1259.1355508258566,0.01777389831840992,0.05000000074505806,0.18003566563129425,4.735000133514404
3514,1259.4645644780248,0.014833316206932068,0.05000000074505806,0.16114865243434906,4.5608696937561035
3515,1259.7892202492803,0.017056841403245926,0.05000000074505806,0.16625875234603882,4.3833327293396
3516,1260.09510145057,0.017033835873007774,0.05000000074505806,0.16623377799987793,4.199999809265137
3517,1260.6010910030454,0.0183565616607666,0.05000000074505806,0.17882882058620453,4.947058200836182
3518,1260.943664163351,0.01738606207072735,0.05000000074505806,0.1650349497795105,4.757894992828369
3519,1261.2706653764471,0.01592487283051014,0.05000000074505806,0.18011927604675293,4.522727012634277
3520,1261.7686730483547,0.01472221314907074,0.05000000074505806,0.16893544793128967,4.514285564422607
3521,1262.0843414673582,0.01546203438192606,0.05000000074505806,0.16894197463989258,4.763636589050293
3522,1262.3938223216683,0.014465120621025562,0.05000000074505806,0.16295680403709412,3.8444442749023438
3523,1262.706242932938,0.016520658507943153,0.05000000074505806,0.15909774601459503,4.366666316986084
3524,1263.029065305367,0.016395192593336105,0.05000000074505806,0.166265070438385,4.21999979019165
3525,1263.3538123890758,0.016513166949152946,0.05000000074505806,0.16800765693187714,4.369565963745117
3526,1263.674090385437,0.014093813486397266,0.05000000074505806,0.16984732449054718,4.714285850524902
3527,1264.0084352083504,0.01661265268921852,0.05000000074505806,0.16420169174671173,4.325000286102295
3528,1264.3617462161928,0.01483830250799656,0.05000000074505806,0.16422182321548462,4.183332920074463
3529,1264.6684159003198,0.017037902027368546,0.05000000074505806,0.16021673381328583,4.34074068069458
3530,1264.989739684388,0.016330145299434662,0.05000000074505806,0.1661597192287445,4.295454502105713
3531,1265.312001625076,0.015090081840753555,0.05000000074505806,0.17132867872714996,4.663635730743408
3532,1265.6508657336235,0.017786499112844467,0.05000000074505806,0.16967631876468658,4.531579494476318
3533,1265.9678267296404,0.015628034248948097,0.05000000074505806,0.15749184787273407,3.9285712242126465
3534,1266.360639735125,0.01781141385436058,0.05000000074505806,0.16779661178588867,4.4095234870910645
3535,1266.6639164658263,0.015989139676094055,0.05000000074505806,0.16091203689575195,4.3692307472229
3536,1266.9982881220058,0.016537372022867203,0.05000000074505806,0.17135415971279144,4.4347825050354
3537,1267.3034514533356,0.017691820859909058,0.05000000074505806,0.16977547109127045,4.125000476837158
3538,1267.6077653178945,0.01631997711956501,0.05000000074505806,0.16056105494499207,4.424999713897705
3539,1267.9149854527786,0.014759281650185585,0.05000000074505806,0.1788053959608078,4.704761505126953
3540,1268.284706166014,0.015360884368419647,0.05000000074505806,0.16407464444637299,4.233333110809326
3541,1268.602227983065,0.018268421292304993,0.05000000074505806,0.16978967189788818,4.527273178100586
3542,1269.0094013111666,0.017703276127576828,0.05000000074505806,0.16021127998828888,4.509090900421143
3543,1269.3949102358893,0.015578105114400387,0.05000000074505806,0.16115571558475494,3.8904759883880615
3544,1269.8263412415981,0.015117616392672062,0.05000000074505806,0.15886400640010834,4.410526275634766
3545,1270.2124763028696,0.015139161609113216,0.05000000074505806,0.1693578064441681,4.516666889190674
3546,1270.5941331470385,0.014970870688557625,0.05000000074505806,0.17624308168888092,4.883333206176758
3547,1271.0143441967666,0.015231648460030556,0.05000000074505806,0.1701754331588745,4.5320000648498535
3548,1271.3683280777186,0.016986152157187462,0.05000000074505806,0.16697107255458832,4.247826099395752
3549,1271.7025008890778,0.014132477343082428,0.05000000074505806,0.16577871143817902,4.295000076293945
3550,1272.0552980108187,0.015016434714198112,0.05000000074505806,0.16139766573905945,4.5409088134765625
3551,1272.4176592808217,0.013742917217314243,0.05000000074505806,0.16071921586990356,3.8399999141693115
3552,1272.8026892077178,0.01787469908595085,0.05000000074505806,0.15496794879436493,4.091303825378418
3553,1273.132931528613,0.014340817928314209,0.05000000074505806,0.17500001192092896,4.562500476837158
3554,1273.4461865806952,0.014783226884901524,0.05000000074505806,0.1690036803483963,4.626316070556641
3555,1273.751828994602,0.018653081730008125,0.05000000074505806,0.16719575226306915,4.277272701263428
3556,1274.0876711485907,0.016410864889621735,0.05000000074505806,0.18082475662231445,5.293749809265137
3557,1274.4244637247175,0.012960150837898254,0.05000000074505806,0.1855769157409668,5.077777862548828
3558,1274.7496702708304,0.019008098170161247,0.05000000074505806,0.17232824862003326,4.731818199157715
3559,1275.1061370186508,0.016554132103919983,0.05000000074505806,0.1675196886062622,4.376470565795898
3560,1275.5741143263876,0.015952903777360916,0.05000000074505806,0.1718750149011612,4.849999904632568
3561,1275.884552359581,0.017501527443528175,0.05000000074505806,0.17523103952407837,4.838888168334961
3562,1276.197431719862,0.015112624503672123,0.05000000074505806,0.16330276429653168,4.222221851348877
3563,1276.5375121776015,0.014914100989699364,0.05000000074505806,0.1666051745414734,4.549999713897705
3564,1276.922409103252,0.014483208768069744,0.05000000074505806,0.16820605099201202,4.300000190734863
3565,1277.2639661189169,0.01518954336643219,0.05000000074505806,0.17950451374053955,4.900000095367432
3566,1277.5751140089706,0.01812366209924221,0.05000000074505806,0.1679999977350235,4.924999713897705
3567,1277.9537195079029,0.017630266025662422,0.05000000074505806,0.17119565606117249,4.547368049621582
3568,1278.4623961178586,0.016558805480599403,0.05000000074505806,0.18183454871177673,4.712500095367432
3569,1278.794112923555,0.014903450384736061,0.05000000074505806,0.15441694855690002,4.547618865966797
3570,1279.1156304180622,0.01586703583598137,0.05000000074505806,0.16627712547779083,4.223809242248535
3571,1279.4487675046548,0.015219280496239662,0.05000000074505806,0.16647231578826904,3.9559998512268066
3572,1279.7897426197305,0.01578381098806858,0.05000000074505806,0.1620904803276062,4.262962818145752
3573,1280.1027400931343,0.014165598899126053,0.05000000074505806,0.17364084720611572,4.6823530197143555
3574,1280.4536736942828,0.015599376522004604,0.05000000074505806,0.15638765692710876,4.146428108215332
3575,1280.7597601385787,0.016894880682229996,0.05000000074505806,0.15874798595905304,3.996666431427002
3576,1281.142484785989,0.0178693737834692,0.05000000074505806,0.1813359558582306,4.789474010467529
3577,1281.634479176253,0.015447261743247509,0.05000000074505806,0.16798418760299683,4.761110782623291
3578,1281.994673749432,0.01628982275724411,0.05000000074505806,0.17976422607898712,4.709523677825928
3579,1282.337953099981,0.01479388028383255,0.05000000074505806,0.16710036993026733,4.738889217376709
3580,1282.7457295320928,0.0192665234208107,0.05000000074505806,0.1516304314136505,4.005262851715088
3581,1283.0924514690414,0.01691967435181141,0.05000000074505806,0.16842104494571686,4.4166669845581055
3582,1283.3965880665928,0.014883569441735744,0.05000000074505806,0.16345110535621643,4.135714054107666
3583,1283.8520392430946,0.013804594986140728,0.05000000074505806,0.16574585437774658,4.335999965667725
3584,1284.1769204623997,0.017745496705174446,0.05000000074505806,0.16500887274742126,4.568181037902832
3585,1284.4806521339342,0.018589291721582413,0.05000000074505806,0.1787610650062561,4.735000133514404
3586,1284.9976818170398,0.016297712922096252,0.05000000074505806,0.1774822622537613,4.48421049118042
3587,1285.3887695046142,0.015028380788862705,0.05000000074505806,0.16711635887622833,4.631999969482422
3588,1285.8084520036355,0.015440504066646099,0.05000000074505806,0.17405498027801514,4.449999809265137
3589,1286.156353236176,0.01784549094736576,0.05000000074505806,0.15852893888950348,4.300000190734863
3590,1286.4723988668993,0.015777459368109703,0.05000000074505806,0.16600331664085388,4.164000034332275
3591,1287.1105460301042,0.015800733119249344,0.05000000074505806,0.16497623920440674,4.474999904632568
3592,1287.5421886891127,0.017936501652002335,0.05000000074505806,0.17470687627792358,4.415999889373779
3593,1287.9068200606853,0.016394903883337975,0.05000000074505806,0.16428570449352264,4.320000171661377
3594,1288.2382180429995,0.017492525279521942,0.05000000074505806,0.16060605645179749,4.299999713897705
3595,1288.5805838927627,0.015253829769790173,0.05000000074505806,0.1607082635164261,4.188000202178955
3596,1288.9185663238168,0.017077894881367683,0.05000000074505806,0.16598129272460938,4.45263147354126
3597,1289.2526055211201,0.015113096684217453,0.05000000074505806,0.17479407787322998,4.652173042297363
3598,1289.7727398891002,0.014412946067750454,0.05000000074505806,0.1694316416978836,4.22857141494751
3599,1290.1043880954385,0.015521610155701637,0.05000000074505806,0.16315791010856628,4.114285945892334
3600,1290.454146426171,0.01650131866335869,0.05000000074505806,0.15719008445739746,4.115999698638916
3601,1290.7633225480095,0.01703929342329502,0.05000000074505806,0.16967371106147766,4.4166669845581055
3602,1291.0773126939312,0.015997182577848434,0.05000000074505806,0.16970740258693695,4.718181610107422
3603,1291.4284761287272,0.014780355617403984,0.05000000074505806,0.1627199947834015,4.277777671813965
3604,1291.7840823149309,0.015133489854633808,0.05000000074505806,0.1680314987897873,4.199999809265137
3605,1292.1299763526767,0.017337653785943985,0.05000000074505806,0.17078852653503418,4.552173614501953
3606,1292.4667119514197,0.01580481417477131,0.05000000074505806,0.16925619542598724,4.3173909187316895
3607,1292.7861658018082,0.015661798417568207,0.05000000074505806,0.1753731369972229,4.836363315582275
3608,1293.114523312077,0.017149290069937706,0.05000000074505806,0.17035774886608124,4.722727298736572
3609,1293.4379650717601,0.015798596665263176,0.05000000074505806,0.16850998997688293,4.015999794006348
3610,1293.768534872681,0.01548522524535656,0.05000000074505806,0.15409091114997864,4.026923179626465
3611,1294.1018279269338,0.01839374750852585,0.05000000074505806,0.15677082538604736,4.229166507720947
3612,1294.4555735969916,0.017855314537882805,0.05000000074505806,0.1598360687494278,4.0
3613,1294.7763281743973,0.016556376591324806,0.05000000074505806,0.173970028758049,4.61764669418335
3614,1295.0958036370575,0.018571166321635246,0.05000000074505806,0.1604575216770172,4.266666412353516
3615,1295.6028135893866,0.015389538370072842,0.05000000074505806,0.17171315848827362,4.531578540802002
3616,1296.4955760249868,0.01961318962275982,0.05000000074505806,0.17596900463104248,5.064999580383301
3617,1296.8563322238624,0.015307916328310966,0.05000000074505806,0.17094701528549194,4.375999927520752
3618,1297.2330984873697,0.016779428347945213,0.05000000074505806,0.16588051617145538,4.192592620849609
3619,1297.5540151409805,0.017997760325670242,0.05000000074505806,0.1584843546152115,4.218181133270264
3620,1297.868878020905,0.016188962385058403,0.05000000074505806,0.17755475640296936,4.466666221618652
3621,1298.2271136622876,0.014555227942764759,0.05000000074505806,0.16953402757644653,4.814286231994629
3622,1298.6411713380367,0.018394846469163895,0.05000000074505806,0.1582508236169815,4.072000026702881
3623,1298.9450395191088,0.014890274964272976,0.05000000074505806,0.1692982316017151,4.4083333015441895
3624,1299.2782512279227,0.016055382788181305,0.05000000074505806,0.1732824295759201,4.818749904632568
3625,1299.6159676853567,0.016335835680365562,0.05000000074505806,0.16861701011657715,4.772727012634277
3626,1299.9668247001246,0.01670934073626995,0.05000000074505806,0.16793759167194366,4.377777576446533
3627,1300.287251056172,0.01649622805416584,0.05000000074505806,0.16920223832130432,4.430434703826904
3628,1300.610083481297,0.01732596568763256,0.05000000074505806,0.15955473482608795,4.720000267028809
3629,1300.930675229989,0.016207801178097725,0.05000000074505806,0.15986157953739166,4.171428680419922
3630,1301.2925295988098,0.014760478399693966,0.05000000074505806,0.16028037667274475,4.084615707397461
3631,1301.6413230728358,0.01738731749355793,0.05000000074505806,0.1613806039094925,4.238889217376709
3632,1301.9584310278296,0.016383705660700798,0.05000000074505806,0.1639053225517273,4.251999855041504
3633,1302.285598039627,0.015647942200303078,0.05000000074505806,0.17130282521247864,4.440000057220459
3634,1302.6110171079636,0.017447978258132935,0.05000000074505806,0.16929824650287628,4.595000267028809
3635,1302.9320423193276,0.014608019962906837,0.05000000074505806,0.16373291611671448,4.1884613037109375
3636,1303.2759378580377,0.016889354214072227,0.05000000074505806,0.17578125,4.677777290344238
3637,1303.5860117012635,0.015106662176549435,0.05000000074505806,0.1724800020456314,4.459259033203125
3638,1304.0868602935225,0.016617029905319214,0.05000000074505806,0.16368158161640167,4.362500190734863
3639,1304.406625035219,0.01616653986275196,0.05000000074505806,0.17389313876628876,4.299999713897705
3640,1304.7463275473565,0.0150708993896842,0.05000000074505806,0.1698969155550003,4.986665725708008
3641,1305.0817626500502,0.01492316834628582,0.05000000074505806,0.16892109811306,4.271999835968018
3642,1305.412520578131,0.01584748923778534,0.05000000074505806,0.16786324977874756,4.542857646942139
3643,1305.7862528413534,0.01534984726458788,0.05000000074505806,0.15348148345947266,3.9037039279937744
3644,1306.1201798468828,0.016614660620689392,0.05000000074505806,0.17472527921199799,4.513043403625488
3645,1306.4790041819215,0.014529827050864697,0.05000000074505806,0.15953177213668823,4.319047927856445
3646,1307.3663884056732,0.015917973592877388,0.05000000074505806,0.1733800321817398,4.574999809265137
3647,1307.6860993448645,0.01537249144166708,0.05000000074505806,0.16401445865631104,4.266666412353516
3648,1308.0562974503264,0.017387280240654945,0.05000000074505806,0.15510202944278717,4.073077201843262
3649,1308.367852278985,0.018518833443522453,0.05000000074505806,0.16721312701702118,4.217391490936279
3650,1309.4526740107685,0.01807841844856739,0.05000000074505806,0.17591522634029388,4.495652675628662
3651,1309.793232445605,0.015190958976745605,0.05000000074505806,0.16481177508831024,4.608695030212402
3652,1310.0989658115432,0.01539082545787096,0.05000000074505806,0.17025642096996307,4.5
3653,1310.586087005213,0.01782715506851673,0.05000000074505806,0.15688352286815643,4.011110782623291
3654,1310.952996155247,0.014684844762086868,0.05000000074505806,0.1674342006444931,4.273913383483887
3655,1311.2799849491566,0.015026801265776157,0.05000000074505806,0.1772955060005188,4.778572082519531
3656,1311.7254786314443,0.01831345073878765,0.05000000074505806,0.16953527927398682,4.340000152587891
3657,1312.0653407648206,0.01346267107874155,0.05000000074505806,0.17661291360855103,4.895237445831299
3658,1312.563816039823,0.016706818714737892,0.05000000074505806,0.1697802096605301,4.631817817687988
3659,1313.2681197365746,0.015433426946401596,0.05000000074505806,0.15263159573078156,3.918518543243408
3660,1313.6465952806175,0.01634031906723976,0.05000000074505806,0.16654929518699646,4.335000038146973
3661,1313.9573767948896,0.019062060862779617,0.05000000074505806,0.16724435985088348,4.21363639831543
3662,1314.429626479745,0.01758980005979538,0.05000000074505806,0.17446458339691162,4.694999694824219
3663,1314.7967746835202,0.01516952458769083,0.05000000074505806,0.17293104529380798,4.544000148773193
3664,1315.0998455928639,0.015033785253763199,0.05000000074505806,0.1623123288154602,4.261538505554199
3665,1315.4531435435638,0.01664893887937069,0.05000000074505806,0.1602739691734314,4.208000183105469
3666,1315.7675100332126,0.016861720010638237,0.05000000074505806,0.17781886458396912,4.75
3667,1316.1038760207593,0.016696425154805183,0.05000000074505806,0.17575757205486298,4.490476131439209
3668,1316.52412221767,0.01595764048397541,0.05000000074505806,0.16506849229335785,4.595454216003418
3669,1316.8299404839054,0.01733161136507988,0.05000000074505806,0.170689657330513,4.747368335723877
3670,1317.2871056776494,0.014711763709783554,0.05000000074505806,0.16240127384662628,4.211999893188477
3671,1317.600821834989,0.015590633265674114,0.05000000074505806,0.17270956933498383,4.684210300445557
3672,1317.935525371693,0.016636529937386513,0.05000000074505806,0.1690208613872528,4.4666666984558105
3673,1318.2841068729758,0.0156475231051445,0.05000000074505806,0.15883280336856842,4.2592597007751465
3674,1318.6075030984357,0.019147712737321854,0.05000000074505806,0.17250384390354156,3.9571430683135986
3675,1318.909261347726,0.015902332961559296,0.05000000074505806,0.16036483645439148,4.504347324371338
3676,1319.209834061563,0.014409931376576424,0.05000000074505806,0.15400640666484833,3.8923075199127197
3677,1319.5138901593164,0.01534165721386671,0.05000000074505806,0.16509434580802917,4.343999862670898
3678,1319.9352205209434,0.016167614609003067,0.05000000074505806,0.17642855644226074,4.735293865203857
3679,1320.2755396720022,0.017794279381632805,0.05000000074505806,0.1646365374326706,4.4150004386901855
3680,1320.6313604051247,0.016281666234135628,0.05000000074505806,0.1608208864927292,4.590000152587891
3681,1321.0610004970804,0.016426602378487587,0.05000000074505806,0.1655864268541336,4.003703594207764
3682,1321.4043001569808,0.015342215076088905,0.05000000074505806,0.16672185063362122,4.586364269256592
3683,1321.724323168397,0.01811016909778118,0.05000000074505806,0.1561589390039444,3.8757574558258057
3684,1322.0484929075465,0.01680886000394821,0.05000000074505806,0.16329966485500336,4.237500190734863
3685,1322.3643082035705,0.016857381910085678,0.05000000074505806,0.172827810049057,4.262068748474121
3686,1322.6857433607802,0.01528188306838274,0.05000000074505806,0.16827698051929474,4.420000076293945
3687,1323.0044310810044,0.016776440665125847,0.05000000074505806,0.1629687398672104,4.677778244018555
3688,1323.3069037264213,0.017028596252202988,0.05000000074505806,0.16781790554523468,4.049999713897705
3689,1323.6424822220579,0.018005630001425743,0.05000000074505806,0.17045454680919647,4.175999641418457
3690,1323.9741585999727,0.014474176801741123,0.05000000074505806,0.15891088545322418,4.541666507720947
3691,1324.7904488807544,0.01721544750034809,0.05000000074505806,0.17640000581741333,4.663157939910889
3692,1325.212199177593,0.017574595287442207,0.05000000074505806,0.1691637486219406,4.740908622741699
3693,1325.5142480805516,0.015342997387051582,0.05000000074505806,0.16323527693748474,4.0789475440979
3694,1325.8383880350739,0.015123034827411175,0.05000000074505806,0.1682243049144745,4.319047451019287
3695,1326.1571969036013,0.015363266691565514,0.05000000074505806,0.16041335463523865,4.412499904632568
3696,1326.5094214798883,0.017156975343823433,0.05000000074505806,0.17427535355091095,4.443478107452393
3697,1326.8255822909996,0.01661476492881775,0.05000000074505806,0.16245901584625244,4.349999904632568
3698,1327.126032483764,0.013914872892200947,0.05000000074505806,0.15365852415561676,3.7346153259277344
3699,1327.4551638578996,0.0175869632512331,0.05000000074505806,0.17499999701976776,4.663635730743408
3700,1327.7803720673546,0.015915270894765854,0.05000000074505806,0.16457563638687134,4.384999752044678
3701,1328.1509114578366,0.015781760215759277,0.05000000074505806,0.18441332876682281,4.805000305175781
3702,1328.465400269255,0.015137896873056889,0.05000000074505806,0.16353383660316467,4.452940940856934
3703,1328.8648081487045,0.01742817461490631,0.05000000074505806,0.16372548043727875,4.539130210876465
3704,1329.2132905721664,0.016062870621681213,0.05000000074505806,0.15459096431732178,4.055999755859375
3705,1330.0745579628274,0.01651809923350811,0.05000000074505806,0.17025089263916016,4.374999523162842
3706,1330.4403128549457,0.015641624107956886,0.05000000074505806,0.16945813596248627,4.575999736785889
3707,1330.7586163263768,0.018783381208777428,0.05000000074505806,0.1704331487417221,4.589473724365234
3708,1331.0869762590155,0.0161572452634573,0.05000000074505806,0.17603173851966858,4.513636589050293
3709,1331.4040438979864,0.017537765204906464,0.05000000074505806,0.17135678231716156,4.472726821899414
3710,1331.7347557386383,0.018168358132243156,0.05000000074505806,0.1512680947780609,4.3416666984558105
3711,1332.1033423691988,0.014207412488758564,0.05000000074505806,0.15996859967708588,4.061904430389404
3712,1332.413596432656,0.01469795498996973,0.05000000074505806,0.16734692454338074,4.239999771118164
3713,1332.7241638386622,0.016033954918384552,0.05000000074505806,0.16120129823684692,4.149999618530273
3714,1333.0304318545386,0.015396357513964176,0.05000000074505806,0.16965408623218536,4.191666603088379
3715,1333.3701321221888,0.01575254462659359,0.05000000074505806,0.1523006111383438,4.016666889190674
3716,1334.1066509606317,0.01770602911710739,0.05000000074505806,0.16948775947093964,4.617647171020508
3717,1334.4568662615493,0.014869543723762035,0.05000000074505806,0.17474745213985443,4.813333511352539
3718,1334.8078092532232,0.016101334244012833,0.05000000074505806,0.1780821830034256,4.871428489685059
3719,1335.1082688067108,0.01415534969419241,0.05000000074505806,0.16732852160930634,4.642105579376221
3720,1335.4252612842247,0.015638861805200577,0.05000000074505806,0.16886121034622192,4.435294151306152
3721,1335.751937921159,0.015633944422006607,0.05000000074505806,0.17208027839660645,4.6954545974731445
3722,1336.074771282263,0.017488844692707062,0.05000000074505806,0.16428570449352264,4.299999713897705
3723,1336.3770429603755,0.016033397987484932,0.05000000074505806,0.16260869801044464,4.633333683013916
3724,1336.7101685935631,0.017140014097094536,0.05000000074505806,0.17240773141384125,4.327272415161133
3725,1337.043115036562,0.013829796575009823,0.05000000074505806,0.15781758725643158,4.304347515106201
3726,1337.377723931335,0.01559311244636774,0.05000000074505806,0.16076157987117767,4.2166666984558105
3727,1337.750679624267,0.017293086275458336,0.05000000074505806,0.16144976019859314,4.244000434875488
3728,1338.1812090957537,0.015244822017848492,0.05000000074505806,0.16442479193210602,4.370833396911621
3729,1338.498929313384,0.017506465315818787,0.05000000074505806,0.18190127611160278,4.772727012634277
3730,1338.8384074177593,0.017520900815725327,0.05000000074505806,0.16502462327480316,4.427272796630859
3731,1339.1728213233873,0.015523905865848064,0.05000000074505806,0.16526316106319427,3.9499998092651367
3732,1339.5937874950469,0.017538560554385185,0.05000000074505806,0.17286185920238495,4.559999942779541
3733,1339.9225814249367,0.017548076808452606,0.05000000074505806,0.16584233939647675,4.0714287757873535
3734,1340.2337005082518,0.01541836466640234,0.05000000074505806,0.15278245508670807,4.22857141494751
3735,1340.5460904799402,0.015248413197696209,0.05000000074505806,0.16320906579494476,4.011538505554199
3736,1340.8804455632344,0.015850594267249107,0.05000000074505806,0.1719934195280075,4.76086950302124
3737,1341.1982387276366,0.01445345301181078,0.05000000074505806,0.16617406904697418,4.165384769439697
3738,1341.5760650951415,0.015717633068561554,0.05000000074505806,0.17081260681152344,4.473333358764648
3739,1342.0242834817618,0.015453989617526531,0.05000000074505806,0.17450270056724548,4.4708333015441895
3740,1342.342109899968,0.013258022256195545,0.05000000074505806,0.17508305609226227,4.860869407653809
3741,1342.7018844140694,0.015384859405457973,0.05000000074505806,0.1707516312599182,4.455999851226807
3742,1343.0087803089991,0.017186589539051056,0.05000000074505806,0.16275429725646973,4.383999824523926
3743,1343.3113542832434,0.01600700616836548,0.05000000074505806,0.16264881193637848,4.0
3744,1343.6137806549668,0.018218761309981346,0.05000000074505806,0.1731107085943222,4.384210109710693
3745,1343.9392450135201,0.016985811293125153,0.05000000074505806,0.16808117926120758,4.866666316986084
3746,1344.2841951325536,0.017250947654247284,0.05000000074505806,0.17499999701976776,4.743750095367432
3747,1344.5854702526703,0.014419011771678925,0.05000000074505806,0.17092591524124146,4.613636016845703
3748,1344.896957152523,0.017115112394094467,0.05000000074505806,0.1605396270751953,4.254166126251221
3749,1345.2127632312477,0.017782732844352722,0.05000000074505806,0.170932337641716,4.673684597015381
3750,1345.526598292403,0.0146717494353652,0.05000000074505806,0.16823361814022064,4.1583333015441895
3751,1345.8724139323458,0.01605124957859516,0.05000000074505806,0.17539368569850922,4.373684406280518
3752,1346.1906768381596,0.015352295711636543,0.05000000074505806,0.15997229516506195,4.293103218078613
3753,1346.5283598611131,0.01661645621061325,0.05000000074505806,0.1679338961839676,4.304544925689697
3754,1346.8576128119603,0.01562428381294012,0.05000000074505806,0.17357003688812256,4.604348182678223
3755,1347.2012071609497,0.016676632687449455,0.05000000074505806,0.1736334264278412,4.520833492279053
3756,1347.5431778021157,0.01798270083963871,0.05000000074505806,0.15637795627117157,4.075000286102295
3757,1347.8953958610073,0.016450416296720505,0.05000000074505806,0.15987558662891388,4.045833110809326
3758,1348.2429916458204,0.016021525487303734,0.05000000074505806,0.1649717539548874,4.1541666984558105
3759,1348.5598331177607,0.015988117083907127,0.05000000074505806,0.16749610006809235,4.443478107452393
3760,1348.875858481042,0.016719359904527664,0.05000000074505806,0.16113819181919098,4.085185527801514
3761,1349.194621575065,0.015406684949994087,0.05000000074505806,0.15650080144405365,4.308332920074463
3762,1349.514062423259,0.014803803525865078,0.05000000074505806,0.1697196364402771,4.34761905670166
3763,1349.8466577110812,0.014429553411900997,0.05000000074505806,0.16632124781608582,4.677272319793701
3764,1350.161618324928,0.018698478117585182,0.05000000074505806,0.17649061977863312,4.5714287757873535
3765,1350.6188275571913,0.01422575581818819,0.05000000074505806,0.164000004529953,4.349999904632568
3766,1350.9721026597545,0.01599755510687828,0.05000000074505806,0.1726837009191513,4.34782600402832
3767,1351.4416140839458,0.014051426202058792,0.05000000074505806,0.15899160504341125,4.4347825050354
3768,1351.8735338207334,0.01698131114244461,0.05000000074505806,0.16038338840007782,4.0846147537231445
3769,1352.2106553185731,0.017858117818832397,0.05000000074505806,0.1557275503873825,3.9136362075805664
3770,1352.5675401352346,0.014786526560783386,0.05000000074505806,0.1587301641702652,3.9814815521240234
3771,1352.9203115822747,0.015202402137219906,0.05000000074505806,0.18130841851234436,4.849999904632568
3772,1353.3543844521046,0.013697299174964428,0.05000000074505806,0.17954544723033905,5.054999828338623
3773,1353.7639724733308,0.0162794329226017,0.05000000074505806,0.16137123107910156,4.299999713897705
3774,1354.1016976451501,0.01724809966981411,0.05000000074505806,0.16945455968379974,4.78125
3775,1354.4891892662272,0.014867795631289482,0.05000000074505806,0.1726396679878235,4.371428489685059
3776,1354.894185190089,0.014763672836124897,0.05000000074505806,0.16037440299987793,4.220832824707031
3777,1355.2127643451095,0.01496124267578125,0.05000000074505806,0.17649252712726593,4.679999351501465
3778,1355.5530903190374,0.018589653074741364,0.05000000074505806,0.1560583859682083,4.061538219451904
3779,1355.8876207135618,0.014371990226209164,0.05000000074505806,0.16753926873207092,4.147826194763184
3780,1356.3043560050428,0.016099056228995323,0.05000000074505806,0.16732673346996307,4.694736957550049
3781,1356.6065789209679,0.015333371236920357,0.05000000074505806,0.1622413694858551,4.159999847412109
3782,1356.992528268136,0.015989793464541435,0.05000000074505806,0.16921964287757874,4.107142925262451
3783,1357.4033328462392,0.016641948372125626,0.05000000074505806,0.17027027904987335,4.447999954223633
3784,1357.7291211280972,0.015360211953520775,0.05000000074505806,0.16481178998947144,4.580952167510986
3785,1358.0566517226398,0.015278496779501438,0.05000000074505806,0.1693069338798523,4.323999881744385
3786,1358.36790280696,0.017091095447540283,0.05000000074505806,0.17604562640190125,4.911764621734619
3787,1358.7087861048058,0.014837556518614292,0.05000000074505806,0.17934028804302216,4.634782791137695
3788,1359.064122225158,0.014899908564984798,0.05000000074505806,0.16623377799987793,4.590909004211426
3789,1359.4804064398631,0.01644749753177166,0.05000000074505806,0.16634145379066467,4.694118022918701
3790,1360.102753632702,0.015288720838725567,0.05000000074505806,0.16014814376831055,3.9821431636810303
3791,1360.4158930256963,0.013668942265212536,0.05000000074505806,0.16095679998397827,4.0740742683410645
3792,1360.7360683660954,0.014136360958218575,0.05000000074505806,0.16252020001411438,4.331818103790283
3793,1361.0662691444159,0.0177138838917017,0.05000000074505806,0.16054627299308777,3.982142925262451
3794,1361.410726459697,0.016105931252241135,0.05000000074505806,0.16314101219177246,4.387500286102295
3795,1361.867770086974,0.017339345067739487,0.05000000074505806,0.16632479429244995,4.231818199157715
3796,1362.2044885605574,0.01463922206312418,0.05000000074505806,0.16832298040390015,4.422727108001709
3797,1362.5159822227433,0.014306779950857162,0.05000000074505806,0.17234468460083008,4.452174186706543
3798,1362.8714685281739,0.01459286268800497,0.05000000074505806,0.17068062722682953,4.53636360168457
3799,1363.2960064709187,0.01609749160706997,0.05000000074505806,0.15907643735408783,4.186363697052002
3800,1363.6311505399644,0.017124714329838753,0.05000000074505806,0.16825658082962036,4.055999755859375
3801,1363.9502071598545,0.01761217601597309,0.05000000074505806,0.16376811265945435,4.630434989929199
3802,1364.2672345936298,0.016376886516809464,0.05000000074505806,0.16724684834480286,4.161538124084473
3803,1364.5856403112411,0.015593571588397026,0.05000000074505806,0.16503378748893738,4.47777795791626
3804,1364.9277156703174,0.017693476751446724,0.05000000074505806,0.17772109806537628,4.391666412353516
3805,1365.2902758941054,0.0174048263579607,0.05000000074505806,0.162698432803154,4.77142858505249
3806,1365.626683037728,0.015656722709536552,0.05000000074505806,0.17477478086948395,4.373683929443359
3807,1365.9629699653015,0.01696721464395523,0.05000000074505806,0.1626029759645462,4.476190567016602
3808,1366.2813905086368,0.015738381072878838,0.05000000074505806,0.16305506229400635,4.5227274894714355
3809,1366.610280602239,0.016662148758769035,0.05000000074505806,0.1661788523197174,4.267999649047852
3810,1366.9704606551677,0.01574838161468506,0.05000000074505806,0.15956737101078033,4.109523773193359
3811,1367.2833708329126,0.016499975696206093,0.05000000074505806,0.14840580523014069,3.9903223514556885
3812,1367.6926227658987,0.015361258760094643,0.05000000074505806,0.16913358867168427,4.216666221618652
3813,1368.1019948879257,0.016203848645091057,0.05000000074505806,0.1678200662136078,4.768181800842285
3814,1368.9023063145578,0.015654202550649643,0.05000000074505806,0.16701336205005646,3.9120001792907715
3815,1369.2568901386112,0.015401086769998074,0.05000000074505806,0.1716049313545227,5.014999866485596
3816,1369.6258641034365,0.016392355784773827,0.05000000074505806,0.17454911768436432,4.612500190734863
3817,1369.9765121154487,0.014257433824241161,0.05000000074505806,0.1574912965297699,4.417391777038574
3818,1370.3048155056313,0.016201820224523544,0.05000000074505806,0.16718508303165436,4.1692304611206055
3819,1370.6333062518388,0.014991980977356434,0.05000000074505806,0.16234460473060608,4.4095234870910645
3820,1370.9533066609874,0.01628556102514267,0.05000000074505806,0.1751423180103302,4.733333110809326
3821,1371.284545126371,0.015582852065563202,0.05000000074505806,0.15901899337768555,4.1192307472229
3822,1371.7051079627126,0.01809629239141941,0.05000000074505806,0.17255985736846924,4.668181896209717
3823,1372.024134236388,0.015643279999494553,0.05000000074505806,0.16284330189228058,4.1952385902404785
3824,1372.3428266057745,0.017487945035099983,0.05000000074505806,0.15184660255908966,3.7133331298828125
3825,1372.6438704067841,0.014701253734529018,0.05000000074505806,0.16460318863391876,4.413636684417725
3826,1372.9838971635327,0.015624895691871643,0.05000000074505806,0.16257962584495544,4.107407569885254
3827,1373.2894798591733,0.017440998926758766,0.05000000074505806,0.17183810472488403,4.560000419616699
3828,1373.6384679153562,0.015221145935356617,0.05000000074505806,0.17254288494586945,4.378260612487793
3829,1373.954962046817,0.015619449317455292,0.05000000074505806,0.16246458888053894,4.277777671813965
3830,1374.273622266017,0.01763419806957245,0.05000000074505806,0.1735343337059021,4.151851654052734
3831,1374.5974698085338,0.01650293543934822,0.05000000074505806,0.16446125507354736,4.649999618530273
3832,1374.9012449691072,0.015780964866280556,0.05000000074505806,0.16643598675727844,4.352380752563477
3833,1375.203335735947,0.01671050675213337,0.05000000074505806,0.17388316988945007,4.354545593261719
3834,1375.9282277533785,0.01635746844112873,0.05000000074505806,0.16767318546772003,4.961111068725586
3835,1376.2553779557347,0.0163576640188694,0.05000000074505806,0.16276085376739502,4.223076343536377
3836,1376.581069175154,0.018049417063593864,0.05000000074505806,0.17967331409454346,4.8111114501953125
3837,1376.9351685000584,0.014894367195665836,0.05000000074505806,0.15979023277759552,4.096153259277344
3838,1377.2655189009383,0.013645002618432045,0.05000000074505806,0.1729622334241867,5.13571310043335
3839,1377.5956819383428,0.01870753988623619,0.05000000074505806,0.16141869127750397,4.4782609939575195
3840,1377.94281090796,0.015322432853281498,0.05000000074505806,0.1717543751001358,4.288888931274414
3841,1378.3023005416617,0.01342993788421154,0.05000000074505806,0.15830720961093903,4.317856788635254
3842,1378.6127691706643,0.015242395922541618,0.05000000074505806,0.16751189529895782,4.037036895751953
3843,1378.9364249007776,0.015968594700098038,0.05000000074505806,0.16111111640930176,4.1777777671813965
3844,1379.378640960902,0.017207318916916847,0.05000000074505806,0.16673004627227783,4.4882354736328125
3845,1379.7306968793273,0.01776919700205326,0.05000000074505806,0.17250509560108185,4.935294151306152
3846,1380.0930357407779,0.01571499928832054,0.05000000074505806,0.18523907661437988,4.694736957550049
3847,1380.4225359000266,0.014946461655199528,0.05000000074505806,0.1859484761953354,5.529411315917969
3848,1380.7830701749772,0.015341111458837986,0.05000000074505806,0.16569647192955017,4.711764812469482
3849,1381.1090654358268,0.015111061744391918,0.05000000074505806,0.1679530292749405,4.184210300445557
3850,1381.434340945445,0.016471177339553833,0.05000000074505806,0.16977153718471527,4.704545497894287
3851,1381.7803283696994,0.01516836415976286,0.05000000074505806,0.1713472604751587,4.6777777671813965
3852,1382.0848700599745,0.017043909057974815,0.05000000074505806,0.17172282934188843,4.552173614501953
3853,1382.3850710503757,0.016832808032631874,0.05000000074505806,0.16661101579666138,4.4210524559021
3854,1382.7022351250052,0.016605127602815628,0.05000000074505806,0.1694682538509369,4.465217590332031
3855,1383.121374632232,0.01640119031071663,0.05000000074505806,0.17607003450393677,4.554999828338623
3856,1383.953096728772,0.015295015648007393,0.05000000074505806,0.16994906961917877,4.504166603088379
3857,1384.3875333070755,0.016819952055811882,0.05000000074505806,0.16507413983345032,4.3958330154418945
3858,1384.726655319333,0.018300680443644524,0.05000000074505806,0.17940077185630798,4.793749809265137
3859,1385.0418527303264,0.013469506986439228,0.05000000074505806,0.1609281301498413,4.2925920486450195
3860,1385.3742913147435,0.015556207858026028,0.05000000074505806,0.16711027920246124,4.372726917266846
3861,1385.6912688780576,0.018102848902344704,0.05000000074505806,0.16404834389686584,4.234614849090576
3862,1386.017554588616,0.016347771510481834,0.05000000074505806,0.1571197509765625,4.172727584838867
3863,1386.3519475748762,0.016120562329888344,0.05000000074505806,0.16816000640392303,4.149999618530273
3864,1386.6585889328271,0.015889769420027733,0.05000000074505806,0.1570446789264679,4.239999771118164
3865,1386.9629604211077,0.015892118215560913,0.05000000074505806,0.16711637377738953,4.165384769439697
3866,1387.2754409667104,0.015285713598132133,0.05000000074505806,0.17040440440177917,4.640909671783447
3867,1387.6230323882774,0.015574672259390354,0.05000000074505806,0.17059747874736786,4.372000217437744
3868,1387.9563315333799,0.013134815730154514,0.05000000074505806,0.15362730622291565,3.8310344219207764
3869,1388.3046735674143,0.01751016639173031,0.05000000074505806,0.1744954138994217,4.257894992828369
3870,1388.6849413448945,0.013989380560815334,0.05000000074505806,0.15565218031406403,4.514285564422607
3871,1389.0046049850062,0.020100880414247513,0.05000000074505806,0.16148868203163147,4.085713863372803
3872,1389.317479075864,0.016048315912485123,0.05000000074505806,0.17548638582229614,4.757143497467041
3873,1389.6189575549215,0.016879545524716377,0.05000000074505806,0.16201549768447876,4.288000106811523
3874,1389.9203416863456,0.017241477966308594,0.05000000074505806,0.17893700301647186,4.654545307159424
3875,1390.2187252026051,0.017045265063643456,0.05000000074505806,0.17160068452358246,4.489999771118164
3876,1390.5209215115756,0.01776290126144886,0.05000000074505806,0.16363635659217834,4.519999980926514
3877,1390.94738532044,0.014948587864637375,0.05000000074505806,0.17231465876102448,4.554166793823242
3878,1391.3323512468487,0.015181509777903557,0.05000000074505806,0.1665634661912918,4.142857551574707
3879,1391.7694931384176,0.015370430424809456,0.05000000074505806,0.16514381766319275,4.429166793823242
3880,1392.1224833652377,0.015745410695672035,0.05000000074505806,0.1684575378894806,4.131999969482422
3881,1392.4375806879252,0.016158152371644974,0.05000000074505806,0.16394317150115967,4.534782409667969
3882,1393.005592172034,0.01466895081102848,0.05000000074505806,0.17315436899662018,4.5
3883,1393.3492209902033,0.017825685441493988,0.05000000074505806,0.1554722636938095,4.003571510314941
3884,1393.7695131190121,0.015435568988323212,0.05000000074505806,0.17197799682617188,4.626087188720703
3885,1394.1071308841929,0.016823869198560715,0.05000000074505806,0.16397306323051453,4.066666603088379
3886,1394.4394182506949,0.014599490910768509,0.05000000074505806,0.1575121283531189,4.495832920074463
3887,1394.7621925026178,0.014988881535828114,0.05000000074505806,0.17956778407096863,4.504347801208496
3888,1395.0747327422723,0.015435363166034222,0.05000000074505806,0.15878593921661377,4.229166507720947
3889,1395.3979861699045,0.01435768511146307,0.05000000074505806,0.17070524394512177,4.299999713897705
3890,1395.8181479331106,0.01648380421102047,0.05000000074505806,0.18662899732589722,5.049999713897705
3891,1396.1388213559985,0.015278580598533154,0.05000000074505806,0.1600864678621292,4.473076343536377
3892,1396.4955894183367,0.014702447690069675,0.05000000074505806,0.17475247383117676,4.190908908843994
3893,1396.8274930687621,0.01666952483355999,0.05000000074505806,0.16003288328647614,4.22857141494751
3894,1397.2611326267943,0.0160220917314291,0.05000000074505806,0.1619909554719925,4.057895183563232
3895,1397.724290754646,0.018082866445183754,0.05000000074505806,0.17687077820301056,4.4666666984558105
3896,1398.06007689517,0.015814591199159622,0.05000000074505806,0.1689431071281433,4.489285469055176
3897,1398.4181607309729,0.016332048922777176,0.05000000074505806,0.16863800585269928,4.4285712242126465
3898,1398.759962930344,0.015880856662988663,0.05000000074505806,0.16842104494571686,4.559999942779541
3899,1399.0861244071275,0.01490937639027834,0.05000000074505806,0.1622820943593979,4.433332920074463
3900,1399.40486312937,0.017030728980898857,0.05000000074505806,0.16571880877017975,4.113043308258057
3901,1399.7594680283219,0.016887223348021507,0.05000000074505806,0.16936028003692627,4.359090805053711
3902,1400.0765580395237,0.015437408350408077,0.05000000074505806,0.16489361226558685,4.600000381469727
3903,1400.4231506586075,0.017654037103056908,0.05000000074505806,0.181870236992836,4.495238304138184
3904,1400.7240666057914,0.016217440366744995,0.05000000074505806,0.17475570738315582,4.666666507720947
3905,1401.1142949042842,0.017279749736189842,0.05000000074505806,0.1552870124578476,4.059259414672852
3906,1401.5207233726978,0.01410459354519844,0.05000000074505806,0.1635160744190216,4.3176469802856445
3907,1401.8742788862437,0.015342907048761845,0.05000000074505806,0.15000000596046448,4.104166507720947
3908,1402.1979424534366,0.01587621308863163,0.05000000074505806,0.1783427596092224,4.695000171661377
3909,1402.5584671897814,0.015095947310328484,0.05000000074505806,0.16170212626457214,4.617647171020508
3910,1402.8614671044052,0.014997348189353943,0.05000000074505806,0.18336346745491028,4.6315789222717285
3911,1403.2600438175723,0.01643737033009529,0.05000000074505806,0.16536585986614227,4.52400016784668
3912,1403.713119787164,0.016694409772753716,0.05000000074505806,0.16145674884319305,4.128571510314941
3913,1404.040966624394,0.01649598777294159,0.05000000074505806,0.1707017719745636,4.504347324371338
3914,1404.4030062295496,0.015178770758211613,0.05000000074505806,0.15811258554458618,4.100000381469727
3915,1404.7641397109255,0.01616564393043518,0.05000000074505806,0.17529021203517914,4.594444274902344
3916,1405.122420931235,0.016164740547537804,0.05000000074505806,0.1741347759962082,4.772727012634277
3917,1405.6158703407273,0.01721148006618023,0.05000000074505806,0.16534653306007385,4.303999423980713
3918,1406.4648601310328,0.0176541730761528,0.05000000074505806,0.16914726793766022,4.3807692527771
3919,1407.2843584436923,0.016720198094844818,0.05000000074505806,0.1585874706506729,4.211999893188477
3920,1407.6137495962903,0.018123967573046684,0.05000000074505806,0.1613461673259735,4.19444465637207
3921,1407.9690000377595,0.016359783709049225,0.05000000074505806,0.18870370090007782,5.076470851898193
3922,1408.2895404007286,0.016197742894291878,0.05000000074505806,0.16672413051128387,4.900000095367432
3923,1408.6006981413811,0.015311045572161674,0.05000000074505806,0.15768668055534363,3.83571457862854
3924,1408.9482594635338,0.014806365594267845,0.05000000074505806,0.1681268811225891,4.288888931274414
3925,1409.2963600698858,0.015236134640872478,0.05000000074505806,0.16898395121097565,4.574999809265137
3926,1409.716152491048,0.014331851154565811,0.05000000074505806,0.15752211213111877,4.311764717102051
3927,1410.0684150848538,0.015976564958691597,0.05000000074505806,0.1606779545545578,4.187499523162842
3928,1410.396118531935,0.016238316893577576,0.05000000074505806,0.1661859005689621,4.375999927520752
3929,1410.7558410111815,0.014610974118113518,0.05000000074505806,0.16638655960559845,4.169230937957764
3930,1411.1145061869174,0.015122191049158573,0.05000000074505806,0.17313724756240845,4.90555477142334
3931,1411.474207055755,0.01699328050017357,0.05000000074505806,0.1661585420370102,4.355999946594238
3932,1411.7774451002479,0.0188165083527565,0.05000000074505806,0.16637010872364044,4.27142858505249
3933,1412.1511894073337,0.015376405790448189,0.05000000074505806,0.1733766347169876,4.500000476837158
3934,1412.4656765488908,0.016848640516400337,0.05000000074505806,0.16535302996635437,4.375999927520752
3935,1412.7750130612403,0.01465725339949131,0.05000000074505806,0.16479338705539703,4.694736480712891
3936,1413.1109860632569,0.017877863720059395,0.05000000074505806,0.15689381957054138,3.960714101791382
3937,1413.4328298242763,0.01598978601396084,0.05000000074505806,0.17067545652389526,4.336363315582275
3938,1413.7938333088532,0.01613234169781208,0.05000000074505806,0.16064639389514923,4.790476322174072
3939,1414.097612136975,0.016942236572504044,0.05000000074505806,0.16456834971904755,4.057142734527588
3940,1414.3998851645738,0.016930636018514633,0.05000000074505806,0.17169517278671265,4.587500095367432
3941,1414.7302151732147,0.01715078391134739,0.05000000074505806,0.16238807141780853,3.924138069152832
3942,1415.0501878522336,0.016337009146809578,0.05000000074505806,0.15528756380081177,4.43684196472168
3943,1415.3783111032099,0.01614980772137642,0.05000000074505806,0.16358792781829834,4.329999923706055
3944,1415.7078683981672,0.017720814794301987,0.05000000074505806,0.16209912300109863,4.140740394592285
3945,1416.0227157538757,0.0171994436532259,0.05000000074505806,0.16835017502307892,4.418182373046875
3946,1416.3695661611855,0.01578470505774021,0.05000000074505806,0.15996678173542023,4.124000072479248
3947,1416.6815034262836,0.016120482236146927,0.05000000074505806,0.16556836664676666,4.375
3948,1417.004788275808,0.016268795356154442,0.05000000074505806,0.17070375382900238,4.431818008422852
3949,1417.3172421893105,0.015364672057330608,0.05000000074505806,0.16844584047794342,4.184615612030029
3950,1417.6413092194125,0.016047272831201553,0.05000000074505806,0.17001764476299286,4.175000190734863
3951,1417.9660000717267,0.017938757315278053,0.05000000074505806,0.16284246742725372,4.790475845336914
3952,1418.2899550702423,0.017110971733927727,0.05000000074505806,0.15888716280460358,4.076666355133057
3953,1418.627986902371,0.016004813835024834,0.05000000074505806,0.16449511051177979,4.21999979019165
3954,1418.9908817568794,0.015796782448887825,0.05000000074505806,0.16768981516361237,4.4800004959106445
3955,1419.3107545357198,0.016628539189696312,0.05000000074505806,0.1573459804058075,4.106666564941406
3956,1419.6685558371246,0.017027439549565315,0.05000000074505806,0.15957120060920715,4.123076915740967
3957,1420.0286329379305,0.01729799062013626,0.05000000074505806,0.16436420381069183,4.205262660980225
3958,1420.3403793219477,0.01624314859509468,0.05000000074505806,0.1680314987897873,4.185184955596924
3959,1420.7549779107794,0.015372994355857372,0.05000000074505806,0.1578787863254547,4.13703727722168
3960,1421.1032722210512,0.018196310847997665,0.05000000074505806,0.16072013974189758,4.050000190734863
3961,1421.5178475752473,0.01685173250734806,0.05000000074505806,0.170721635222435,4.823529243469238
3962,1421.9802177418023,0.015458728186786175,0.05000000074505806,0.1739622801542282,4.794737339019775
3963,1422.4560338659212,0.015891268849372864,0.05000000074505806,0.15948010981082916,4.1479997634887695
3964,1422.8144352240488,0.016432106494903564,0.05000000074505806,0.17031249403953552,4.5199995040893555
3965,1423.1376362452284,0.015020124614238739,0.05000000074505806,0.16430817544460297,4.2296295166015625
3966,1423.4536321945488,0.016744226217269897,0.05000000074505806,0.1516871154308319,3.9148147106170654
3967,1423.7754173753783,0.01690015196800232,0.05000000074505806,0.16690018773078918,4.309523582458496
3968,1424.0920987827703,0.018050871789455414,0.05000000074505806,0.17145268619060516,4.704347610473633
3969,1424.3972814390436,0.01809561997652054,0.05000000074505806,0.16758957505226135,3.914285898208618
3970,1424.7064491985366,0.02024049498140812,0.05000000074505806,0.15412698686122894,4.349999904632568
3971,1425.1775461798534,0.01610882207751274,0.05000000074505806,0.16635340452194214,4.6210527420043945
3972,1426.1126090558246,0.0163876935839653,0.05000000074505806,0.16920731961727142,4.261538505554199
3973,1427.0927355242893,0.016034819185733795,0.05000000074505806,0.16645865142345428,4.144443988800049
3974,1427.4365692902356,0.015417276881635189,0.05000000074505806,0.16737863421440125,4.636842250823975
3975,1427.8180344449356,0.018660912290215492,0.05000000074505806,0.16833332180976868,4.663157939910889
3976,1428.1948360921815,0.0159933939576149,0.05000000074505806,0.16697417199611664,4.5789475440979
3977,1428.6122598480433,0.015658065676689148,0.05000000074505806,0.16642120480537415,4.203846454620361
3978,1428.9537386046723,0.0156701747328043,0.05000000074505806,0.16230769455432892,4.1583333015441895
3979,1429.2720249118283,0.017146410420536995,0.05000000074505806,0.160979226231575,4.0740742683410645
3980,1429.5888725332916,0.015025872737169266,0.05000000074505806,0.16388508677482605,3.9178574085235596
3981,1429.9461663737893,0.015685776248574257,0.05000000074505806,0.15218660235404968,3.8322579860687256
3982,1430.298341033049,0.013074003159999847,0.05000000074505806,0.1622641533613205,4.5619049072265625
3983,1430.599424187094,0.01719030737876892,0.05000000074505806,0.16613925993442535,4.038094997406006
3984,1430.909695416689,0.016419269144535065,0.05000000074505806,0.1672760546207428,4.659091472625732
3985,1431.2120998743922,0.017346927896142006,0.05000000074505806,0.17105261981487274,4.303999900817871
3986,1431.5118554439396,0.0152630265802145,0.05000000074505806,0.16042692959308624,4.429166316986084
3987,1431.8288788087666,0.01651201955974102,0.05000000074505806,0.17893804609775543,4.466666221618652
3988,1432.1315211756155,0.01545562781393528,0.05000000074505806,0.16893541812896729,4.570000171661377
3989,1432.4661538805813,0.014262590557336807,0.05000000074505806,0.15888158977031708,4.159999847412109
3990,1432.802212415263,0.017484206706285477,0.05000000074505806,0.16988906264305115,4.413043022155762
3991,1433.1857226528227,0.014367894269526005,0.05000000074505806,0.15413668751716614,4.165217399597168
3992,1433.5067345499992,0.016238456591963768,0.05000000074505806,0.17221267521381378,4.331579208374023
3993,1433.8077636417001,0.01618531160056591,0.05000000074505806,0.1662316471338272,4.416666507720947
3994,1434.1244029896334,0.015023401007056236,0.05000000074505806,0.16188868880271912,4.358333587646484
3995,1434.4463935885578,0.016418032348155975,0.05000000074505806,0.16174055635929108,4.366666793823242
3996,1434.7936184350401,0.016464456915855408,0.05000000074505806,0.16692547500133514,4.273077011108398
3997,1435.180525753647,0.016750836744904518,0.05000000074505806,0.16958677768707275,4.278947353363037
3998,1435.4971288340166,0.015040726400911808,0.05000000074505806,0.17521078884601593,4.576000213623047
3999,1435.8161946162581,0.017470376566052437,0.05000000074505806,0.17951317131519318,4.65625
4000,1436.1589944232255,0.01564865931868553,0.05000000074505806,0.1687612235546112,4.618181228637695
4001,1436.4736103797331,0.015913911163806915,0.05000000074505806,0.17671692371368408,4.734782695770264
4002,1436.8999499883503,0.01636286824941635,0.05000000074505806,0.16189710795879364,4.166666507720947
4003,1437.2282176632434,0.01601956970989704,0.05000000074505806,0.17328767478466034,4.283999919891357
4004,1437.529534759,0.016069957986474037,0.05000000074505806,0.16615119576454163,4.810525417327881
4005,1437.8802820863202,0.014254158362746239,0.05000000074505806,0.1529323309659958,3.8481481075286865
4006,1438.2386059761047,0.016408946365118027,0.05000000074505806,0.16341851651668549,4.1307692527771
4007,1438.6930424906313,0.016748882830142975,0.05000000074505806,0.16972318291664124,4.4791669845581055
4008,1439.0974488928914,0.0163999292999506,0.05000000074505806,0.1740259826183319,4.8125
4009,1439.484444589354,0.016026845201849937,0.05000000074505806,0.15905244648456573,4.263157844543457
4010,1439.7996289823204,0.01758379302918911,0.05000000074505806,0.17848606407642365,4.676190376281738
4011,1440.1537393862382,0.014501026831567287,0.05000000074505806,0.17475411295890808,4.388461589813232
4012,1440.4556173738092,0.01587551273405552,0.05000000074505806,0.17688174545764923,4.971428394317627
4013,1440.7769091511145,0.018203213810920715,0.05000000074505806,0.1688135713338852,4.525000095367432
4014,1441.1248057503253,0.01726853847503662,0.05000000074505806,0.1773480772972107,4.55555534362793
4015,1441.4524947181344,0.015729961916804314,0.05000000074505806,0.16786354780197144,4.443478107452393
4016,1441.8012894168496,0.014810105785727501,0.05000000074505806,0.17399194836616516,5.135715007781982
4017,1442.114920838736,0.016816401854157448,0.05000000074505806,0.17103110253810883,4.391666412353516
4018,1442.4568380955607,0.015830421820282936,0.05000000074505806,0.15561312437057495,4.299999713897705
4019,1442.8017589608207,0.01592293009161949,0.05000000074505806,0.16432532668113708,4.458823204040527
4020,1443.157484090887,0.015043937601149082,0.05000000074505806,0.1788867712020874,4.880951881408691
4021,1443.5641405424103,0.016655467450618744,0.05000000074505806,0.16523237526416779,4.37999963760376
4022,1443.8881245162338,0.016295837238430977,0.05000000074505806,0.1633223593235016,4.312000274658203
4023,1444.20376338996,0.015066434629261494,0.05000000074505806,0.17618215084075928,4.142857074737549
4024,1444.5198603896424,0.015881139785051346,0.05000000074505806,0.1688888669013977,5.068421363830566
4025,1444.8662636717781,0.014953609555959702,0.05000000074505806,0.1720588207244873,4.917646884918213
4026,1445.3195755071938,0.015796774998307228,0.05000000074505806,0.18103447556495667,4.759999752044678
4027,1445.65738854371,0.01544012501835823,0.05000000074505806,0.17338553071022034,4.857142925262451
4028,1445.979577979073,0.015644101426005363,0.05000000074505806,0.16109153628349304,4.322221755981445
4029,1446.3053832221776,0.015062913298606873,0.05000000074505806,0.1711151897907257,4.472726821899414
4030,1446.652201468125,0.01547757163643837,0.05000000074505806,0.16081693768501282,4.129629611968994
4031,1447.1034268438816,0.01711552031338215,0.05000000074505806,0.16790542006492615,4.509523868560791
4032,1447.5654203277081,0.017222220078110695,0.05000000074505806,0.17216311395168304,4.452174186706543
4033,1447.983808459714,0.016175776720046997,0.05000000074505806,0.1662939339876175,4.141666889190674
4034,1448.4278597626835,0.01550653949379921,0.05000000074505806,0.16635513305664062,4.776190280914307
4035,1448.746305860579,0.016437405720353127,0.05000000074505806,0.1726631373167038,4.210526466369629
4036,1449.1891591846943,0.016354411840438843,0.05000000074505806,0.180402934551239,4.9285712242126465
4037,1449.5160270491615,0.01613455079495907,0.05000000074505806,0.16015149652957916,4.223999977111816
4038,1449.9257831703871,0.017431292682886124,0.05000000074505806,0.1748858243227005,4.781250476837158
4039,1450.253621972166,0.015492497943341732,0.05000000074505806,0.16956523060798645,4.645454406738281
4040,1450.6754193697125,0.01550349872559309,0.05000000074505806,0.17242646217346191,4.677272796630859
4041,1450.9923019781709,0.01758837141096592,0.05000000074505806,0.16708408296108246,4.4599995613098145
4042,1451.445072337985,0.016378149390220642,0.05000000074505806,0.17068062722682953,4.458333492279053
4043,1452.0075027132407,0.016791997477412224,0.05000000074505806,0.1704152226448059,4.590908527374268
4044,1452.3410395346582,0.015063547529280186,0.05000000074505806,0.15918366611003876,4.199999809265137
4045,1452.6418638266623,0.01801472157239914,0.05000000074505806,0.1602368801832199,4.628571510314941
4046,1453.1716105649248,0.016709990799427032,0.05000000074505806,0.16371308267116547,3.9793105125427246
4047,1453.6129188612103,0.01621486432850361,0.05000000074505806,0.15278175473213196,3.6576924324035645
4048,1453.9392932411283,0.0171805489808321,0.05000000074505806,0.187420055270195,4.909523963928223
4049,1454.300731250085,0.014847713522613049,0.05000000074505806,0.17520324885845184,4.8333330154418945
4050,1454.643386934884,0.01547696441411972,0.05000000074505806,0.17062146961688995,4.778946876525879
4051,1454.9899204652756,0.01583571918308735,0.05000000074505806,0.1689138561487198,4.521052360534668
4052,1455.6823370829225,0.015881633386015892,0.05000000074505806,0.18197673559188843,5.05555534362793
4053,1456.083447436802,0.015177203342318535,0.05000000074505806,0.166371688246727,4.690908908843994
4054,1456.4940231591463,0.015604148618876934,0.05000000074505806,0.16882453858852386,4.147825717926025
4055,1456.8174083065242,0.014512150548398495,0.05000000074505806,0.17078432440757751,4.992857456207275
4056,1457.6821997407824,0.016312068328261375,0.05000000074505806,0.16211071610450745,4.150000095367432
4057,1458.0185737498105,0.016575634479522705,0.05000000074505806,0.16514284908771515,4.666666507720947
4058,1458.4118786705658,0.016513489186763763,0.05000000074505806,0.16893820464611053,4.4083333015441895
4059,1458.775086119771,0.01585201360285282,0.05000000074505806,0.15814360976219177,4.150000095367432
4060,1459.0936161931604,0.016103453934192657,0.05000000074505806,0.15673652291297913,4.096296310424805
4061,1459.4321328103542,0.014704403467476368,0.05000000074505806,0.17037038505077362,4.22857141494751
4062,1459.7756038689986,0.014982151798903942,0.05000000074505806,0.165037602186203,5.290909290313721
4063,1460.1115301698446,0.01620458997786045,0.05000000074505806,0.16709470748901367,4.022581100463867
4064,1460.4118654439226,0.01612018793821335,0.05000000074505806,0.17154473066329956,5.10588264465332
4065,1460.7417849479243,0.017610318958759308,0.05000000074505806,0.17716814577579498,4.6700005531311035
4066,1461.0763663807884,0.016504814848303795,0.05000000074505806,0.15850000083446503,4.3956522941589355
4067,1461.4330494543537,0.017672216519713402,0.05000000074505806,0.16144578158855438,4.4041666984558105
4068,1461.7414798252285,0.016882019117474556,0.05000000074505806,0.1633071005344391,3.9650001525878906
4069,1462.0624840306118,0.016614818945527077,0.05000000074505806,0.15571661293506622,3.937037229537964
4070,1462.4176103146747,0.01710057072341442,0.05000000074505806,0.158112570643425,4.26086950302124
4071,1462.72416063305,0.0152497673407197,0.05000000074505806,0.15551839768886566,3.940000057220459
4072,1463.5353676490486,0.014244211837649345,0.05000000074505806,0.15815383195877075,4.1370368003845215
4073,1463.9947504019365,0.01580706797540188,0.05000000074505806,0.16944445669651031,4.505262851715088
4074,1464.3298043617979,0.014801179058849812,0.05000000074505806,0.17095588147640228,4.605555057525635
4075,1464.6661346778274,0.015580076724290848,0.05000000074505806,0.16374571621418,4.400000095367432
4076,1464.9884492242709,0.01765582337975502,0.05000000074505806,0.17449542880058289,4.757894992828369
4077,1465.2948308130726,0.017556125298142433,0.05000000074505806,0.16893039643764496,4.439129829406738
4078,1465.6482036570087,0.01588953100144863,0.05000000074505806,0.1599999964237213,4.2833333015441895
4079,1465.9677708437666,0.017555763944983482,0.05000000074505806,0.17485930025577545,4.694118022918701
4080,1466.3424372822046,0.016124561429023743,0.05000000074505806,0.16196514666080475,4.3545451164245605
4081,1466.6583350934088,0.014135903678834438,0.05000000074505806,0.17830689251422882,4.454166412353516
4082,1466.96268195007,0.016017410904169083,0.05000000074505806,0.16999998688697815,4.566666603088379
4083,1467.2919774595648,0.016414765268564224,0.05000000074505806,0.16893382370471954,4.626316070556641
4084,1467.6501577747986,0.015218683518469334,0.05000000074505806,0.15425360202789307,4.013636589050293
4085,1467.9606759417802,0.016274986788630486,0.05000000074505806,0.17605894804000854,4.66521692276001
4086,1468.307144378312,0.015121201053261757,0.05000000074505806,0.16930319368839264,4.529411792755127
4087,1468.7442078739405,0.015524396672844887,0.05000000074505806,0.17269565165042877,4.429166793823242
4088,1469.0549923656508,0.017609482631087303,0.05000000074505806,0.16462716460227966,4.744999408721924
4089,1469.3653869712725,0.017349831759929657,0.05000000074505806,0.1630098521709442,4.099999904632568
4090,1469.663770568557,0.01593577302992344,0.05000000074505806,0.1583629846572876,4.211111068725586
4091,1469.9655626798049,0.015687596052885056,0.05000000074505806,0.16797275841236115,4.273913383483887
4092,1470.2722289571539,0.01608235016465187,0.05000000074505806,0.16981424391269684,4.252173900604248
4093,1470.611078452319,0.015135815367102623,0.05000000074505806,0.16338983178138733,4.1080002784729
4094,1471.0320880096406,0.014678453095257282,0.05000000074505806,0.1628742665052414,4.765000343322754
4095,1471.354259395972,0.018726300448179245,0.05000000074505806,0.16660377383232117,4.4476189613342285
4096,1471.690557400696,0.015076179057359695,0.05000000074505806,0.16444864869117737,4.683332920074463
4097,1472.0503086885437,0.012478637509047985,0.05000000074505806,0.16910995543003082,4.165217399597168
4098,1472.3598909853026,0.01860952004790306,0.05000000074505806,0.15647059679031372,4.054545879364014
4099,1472.6672638291493,0.013879853300750256,0.05000000074505806,0.17124773561954498,4.209523677825928
4100,1473.111790060997,0.01809665374457836,0.05000000074505806,0.16612902283668518,4.458333492279053
4101,1473.5154339000583,0.015469812788069248,0.05000000074505806,0.17558921873569489,4.680000305175781
4102,1473.9200572427362,0.01448371447622776,0.05000000074505806,0.1639876514673233,4.487999439239502
4103,1474.2486602831632,0.014794397167861462,0.05000000074505806,0.15469953417778015,3.8517236709594727
4104,1474.639481320046,0.01532140001654625,0.05000000074505806,0.16505791246891022,4.856249809265137
4105,1474.980216071941,0.017453497275710106,0.05000000074505806,0.16851210594177246,4.1043477058410645
4106,1475.3101879227906,0.014997020363807678,0.05000000074505806,0.16410686075687408,4.495832920074463
4107,1475.6371459085494,0.016847537830471992,0.05000000074505806,0.18259957432746887,5.121428966522217
4108,1476.0211828760803,0.014476167969405651,0.05000000074505806,0.17912088334560394,4.730434417724609
4109,1476.3538089087233,0.015631094574928284,0.05000000074505806,0.17392922937870026,4.911110877990723
4110,1476.6884700860828,0.01639184169471264,0.05000000074505806,0.16793102025985718,4.557142734527588
4111,1477.032526055351,0.016382813453674316,0.05000000074505806,0.17582781612873077,4.66521692276001
4112,1477.5960135096684,0.017372526228427887,0.05000000074505806,0.16067618131637573,4.3125
4113,1477.9446327872574,0.017685826867818832,0.05000000074505806,0.16446280479431152,4.2076921463012695
4114,1478.2997259479016,0.016543636098504066,0.05000000074505806,0.18395520746707916,5.074999809265137
4115,1478.6526611736044,0.01607273519039154,0.05000000074505806,0.16540445387363434,4.3458333015441895
4116,1478.9824066869915,0.016008414328098297,0.05000000074505806,0.15727554261684418,4.300000190734863
4117,1479.3270405894145,0.016699444502592087,0.05000000074505806,0.15669643878936768,3.892857313156128
4118,1479.6495431205258,0.015787070617079735,0.05000000074505806,0.1774703711271286,4.539130687713623
4119,1480.0052884668112,0.016518715769052505,0.05000000074505806,0.177355095744133,4.92380952835083
4120,1480.3200711468235,0.01748763583600521,0.05000000074505806,0.1610592007637024,4.276922702789307
4121,1480.634421507828,0.015266780741512775,0.05000000074505806,0.16724805533885956,4.299999237060547
4122,1480.9474988700822,0.015517806634306908,0.05000000074505806,0.1670648455619812,4.633333206176758
4123,1481.2807300500572,0.016003979369997978,0.05000000074505806,0.16403013467788696,4.424999713897705
4124,1481.7333049271256,0.014653095975518227,0.05000000074505806,0.17190812528133392,4.729999542236328
4125,1482.0673674503341,0.01819002442061901,0.05000000074505806,0.16365186870098114,4.244999885559082
4126,1482.4934582766145,0.018856987357139587,0.05000000074505806,0.1640058010816574,4.125
4127,1482.8724522581324,0.016357356682419777,0.05000000074505806,0.17053142189979553,4.243477821350098
4128,1483.2349538207054,0.015623126178979874,0.05000000074505806,0.16597774624824524,4.483999729156494
4129,1483.5532072000206,0.015532868914306164,0.05000000074505806,0.17495495080947876,4.545833110809326
4130,1483.9002006510273,0.018258433789014816,0.05000000074505806,0.16567423939704895,4.30476188659668
4131,1484.213334608823,0.015528752468526363,0.05000000074505806,0.16873857378959656,4.668420791625977
4132,1484.5335523458198,0.01580686680972576,0.05000000074505806,0.16588784754276276,4.103703022003174
4133,1484.8407611511648,0.01656862534582615,0.05000000074505806,0.17220279574394226,4.890908718109131
4134,1485.169122401625,0.013576559722423553,0.05000000074505806,0.17527881264686584,4.611764907836914
4135,1485.4963976480067,0.01507953368127346,0.05000000074505806,0.16293244063854218,4.383333683013916
4136,1485.846156933345,0.016919130459427834,0.05000000074505806,0.1709323525428772,4.58420991897583
4137,1486.2754480782896,0.016853589564561844,0.05000000074505806,0.15868262946605682,4.048148155212402
4138,1486.6416748231277,0.01646193489432335,0.05000000074505806,0.160549134016037,4.099999904632568
4139,1487.104637091048,0.015429798513650894,0.05000000074505806,0.1700729876756668,4.361904621124268
4140,1487.4269202789292,0.01864434964954853,0.05000000074505806,0.15420876443386078,4.2652177810668945
4141,1487.7732344623655,0.017678912729024887,0.05000000074505806,0.16898955404758453,4.433333396911621
4142,1488.1541361939162,0.014769068919122219,0.05000000074505806,0.16295680403709412,4.262499809265137
4143,1488.4934048522264,0.015259969979524612,0.05000000074505806,0.15996676683425903,4.131999969482422
4144,1488.8435845524073,0.016820145770907402,0.05000000074505806,0.16698475182056427,4.338888645172119
4145,1489.1583055248484,0.016131587326526642,0.05000000074505806,0.16585366427898407,4.270833492279053
4146,1489.4736647661775,0.015506955794990063,0.05000000074505806,0.16384975612163544,4.483999729156494
4147,1489.8060059808195,0.015874896198511124,0.05000000074505806,0.16482335329055786,3.971428394317627
4148,1490.1519938772544,0.016906768083572388,0.05000000074505806,0.16987523436546326,4.647826671600342
4149,1490.4690840952098,0.017903847619891167,0.05000000074505806,0.16440071165561676,4.5199995040893555
4150,1490.7867331402376,0.014564888551831245,0.05000000074505806,0.16108201444149017,4.405882358551025
4151,1491.113853354007,0.01583917997777462,0.05000000074505806,0.16432078182697296,4.231034278869629
4152,1491.47549002897,0.015618190169334412,0.05000000074505806,0.17364619672298431,4.494999885559082
4153,1491.8202274180949,0.015325246378779411,0.05000000074505806,0.16890594363212585,4.684210300445557
4154,1492.1205617431551,0.014383312314748764,0.05000000074505806,0.16261859238147736,4.43684196472168
4155,1492.4396585812792,0.018292052671313286,0.05000000074505806,0.16854460537433624,4.352380752563477
4156,1492.7587633365765,0.01815989799797535,0.05000000074505806,0.1616438329219818,4.340909004211426
4157,1493.1188173945993,0.0161262396723032,0.05000000074505806,0.18170054256916046,4.509090900421143
4158,1493.4230041960254,0.01645706221461296,0.05000000074505806,0.16298158466815948,4.40000057220459
4159,1493.7509648315609,0.01595720648765564,0.05000000074505806,0.15901640057563782,4.287499904632568
4160,1494.2368330974132,0.012973022647202015,0.05000000074505806,0.16122083365917206,4.408695220947266
4161,1494.5640003914014,0.015269622206687927,0.05000000074505806,0.16474464535713196,4.126086711883545
4162,1494.916674352251,0.018696226179599762,0.05000000074505806,0.16714058816432953,4.375
4163,1495.3036719271913,0.018603457137942314,0.05000000074505806,0.17211009562015533,4.717647075653076
4164,1495.692350034602,0.016994766891002655,0.05000000074505806,0.15846599638462067,3.8416664600372314
4165,1496.0539995040745,0.016303960233926773,0.05000000074505806,0.17043189704418182,4.595238208770752
4166,1496.4010302470997,0.016122370958328247,0.05000000074505806,0.1714015156030655,4.768181800842285
4167,1496.8244553310797,0.015528636053204536,0.05000000074505806,0.16968576610088348,4.436363220214844
4168,1497.1279861209914,0.014268859289586544,0.05000000074505806,0.15376043319702148,3.9034481048583984
4169,1497.5370096396655,0.0170566625893116,0.05000000074505806,0.16953641176223755,4.219231128692627
4170,1498.002590903081,0.017152562737464905,0.05000000074505806,0.1690322607755661,4.175000190734863
4171,1498.3257505781949,0.014442524872720242,0.05000000074505806,0.1623161882162094,4.828571319580078
4172,1498.6893395399675,0.01434244029223919,0.05000000074505806,0.1637755036354065,4.209090709686279
4173,1499.0204143542796,0.015637023374438286,0.05000000074505806,0.16942909359931946,4.328571319580078
4174,1499.3613094268367,0.016144849359989166,0.05000000074505806,0.19119496643543243,5.573333263397217
4175,1499.8129725707695,0.01630088873207569,0.05000000074505806,0.1587064564228058,4.274999618530273
4176,1500.1141699207947,0.015625908970832825,0.05000000074505806,0.1756177842617035,4.345454216003418
4177,1500.4697264013812,0.017287518829107285,0.05000000074505806,0.15208877623081207,3.911764621734619
4178,1500.7871433692053,0.01620163582265377,0.05000000074505806,0.16778169572353363,4.640000343322754
4179,1501.1131865940988,0.013886953704059124,0.05000000074505806,0.15525361895561218,4.184999942779541
4180,1501.4244033796713,0.015932276844978333,0.05000000074505806,0.18193981051445007,4.418181896209717
4181,1501.7623200416565,0.016897231340408325,0.05000000074505806,0.1664624810218811,4.248147964477539
4182,1502.086574490182,0.01663873717188835,0.05000000074505806,0.16508689522743225,4.443999767303467
4183,1502.4351843427867,0.015342521481215954,0.05000000074505806,0.1581469625234604,4.177272796630859
4184,1503.105942266062,0.016186963766813278,0.05000000074505806,0.17581167817115784,4.246153831481934
4185,1503.475723395124,0.017299331724643707,0.05000000074505806,0.15235111117362976,4.232000350952148
4186,1503.8167227162048,0.016673240810632706,0.05000000074505806,0.16888517141342163,4.313636302947998
4187,1504.124821686186,0.01434359047561884,0.05000000074505806,0.1708967685699463,4.159090995788574
4188,1504.4299763822928,0.015969661995768547,0.05000000074505806,0.16643108427524567,4.827272415161133
4189,1504.7692290330306,0.016762685030698776,0.05000000074505806,0.16661490499973297,4.247826099395752
4190,1505.0788063239306,0.014846849255263805,0.05000000074505806,0.16438791155815125,4.099999904632568
4191,1505.386212553829,0.015921449288725853,0.05000000074505806,0.1634545475244522,4.184210300445557
4192,1505.744282915257,0.016470709815621376,0.05000000074505806,0.1717391461133957,4.90625
4193,1506.0852975836024,0.015266261994838715,0.05000000074505806,0.17053407430648804,4.805263042449951
4194,1506.429313858971,0.01421129796653986,0.05000000074505806,0.16489532589912415,4.450000286102295
4195,1506.7606628620997,0.016587093472480774,0.05000000074505806,0.17717204988002777,4.2923078536987305
4196,1507.1481393240392,0.014926107600331306,0.05000000074505806,0.17495621740818024,4.747826099395752
4197,1507.4768188623711,0.013750097714364529,0.05000000074505806,0.16152262687683105,4.47857141494751
4198,1507.7851197253913,0.01650027371942997,0.05000000074505806,0.16965517401695251,4.752941131591797
4199,1508.0937998369336,0.01579790934920311,0.05000000074505806,0.1786641925573349,4.652174472808838
4200,1508.3972482709214,0.01676713302731514,0.05000000074505806,0.18460001051425934,4.922727584838867
4201,1508.7384932255372,0.015923919156193733,0.05000000074505806,0.16392293572425842,4.6318182945251465
4202,1509.060297503136,0.014207587577402592,0.05000000074505806,0.15956006944179535,4.194736480712891
4203,1509.420910759829,0.016188327223062515,0.05000000074505806,0.16453489661216736,3.974074125289917
4204,1509.80171701964,0.014629918150603771,0.05000000074505806,0.1629294604063034,4.311110973358154
4205,1510.1349844066426,0.012844814918935299,0.05000000074505806,0.16983607411384583,4.504167079925537
4206,1510.4845535969362,0.01668059639632702,0.05000000074505806,0.16427430510520935,4.362499713897705
4207,1510.7955127349123,0.015364955179393291,0.05000000074505806,0.16899999976158142,4.110714435577393
4208,1511.2567188022658,0.015537933446466923,0.05000000074505806,0.16921769082546234,4.780951976776123
4209,1511.586864337325,0.016444403678178787,0.05000000074505806,0.16078431904315948,4.124000072479248
4210,1511.9035687763244,0.015721386298537254,0.05000000074505806,0.17695166170597076,4.450000286102295
4211,1512.2136408025399,0.015589313581585884,0.05000000074505806,0.1704225391149521,4.779999732971191
4212,1512.5191048542038,0.01625346578657627,0.05000000074505806,0.15372423827648163,4.165217399597168
4213,1512.8265448771417,0.016287028789520264,0.05000000074505806,0.1561538428068161,3.8428573608398438
4214,1513.195271921344,0.015964249148964882,0.05000000074505806,0.1616055965423584,4.295238018035889
4215,1513.4991013249382,0.017375152558088303,0.05000000074505806,0.16677019000053406,4.327272415161133
4216,1513.8062485242262,0.015189173631370068,0.05000000074505806,0.16830599308013916,4.3541669845581055
4217,1514.1136779272929,0.014316712506115437,0.05000000074505806,0.16169844567775726,4.276190280914307
4218,1514.420940835029,0.01574059948325157,0.05000000074505806,0.17481482028961182,5.0411763191223145
4219,1514.7333574527875,0.015121511183679104,0.05000000074505806,0.15531915426254272,3.756666660308838
4220,1515.0387303205207,0.01690957136452198,0.05000000074505806,0.16649305820465088,4.5652174949646
4221,1515.4982387125492,0.015181629918515682,0.05000000074505806,0.16928675770759583,4.111999988555908
4222,1516.181828437373,0.01654929667711258,0.05000000074505806,0.1782846748828888,4.900000095367432
4223,1516.5687779309228,0.016643516719341278,0.05000000074505806,0.16951674222946167,4.257143497467041
4224,1516.8795527191833,0.015537162311375141,0.05000000074505806,0.16921569406986237,4.929411888122559
4225,1517.241959282197,0.014497312717139721,0.05000000074505806,0.17044609785079956,4.469564914703369
4226,1517.542193298228,0.016121836379170418,0.05000000074505806,0.16255851089954376,4.247999668121338
4227,1517.9412918314338,0.015821272507309914,0.05000000074505806,0.17272727191448212,4.549999713897705
4228,1518.2603163337335,0.015376063995063305,0.05000000074505806,0.16710281372070312,4.475000381469727
4229,1518.5875330921263,0.014475754462182522,0.05000000074505806,0.15698233246803284,4.208695888519287
4230,1518.9510391866788,0.013924645259976387,0.05000000074505806,0.16920633614063263,4.209090709686279
4231,1519.2597919460386,0.015401920303702354,0.05000000074505806,0.16322869062423706,4.174074172973633
4232,1519.663167949766,0.01624922826886177,0.05000000074505806,0.15668201446533203,3.992307424545288
4233,1520.024230979383,0.015234628692269325,0.05000000074505806,0.15588752925395966,4.286956310272217
4234,1520.3449722733349,0.01675720512866974,0.05000000074505806,0.16469673812389374,4.2076921463012695
4235,1520.7300413362682,0.016174979507923126,0.05000000074505806,0.1671617031097412,4.2846150398254395
4236,1521.0760444626212,0.01760268583893776,0.05000000074505806,0.16409185528755188,4.935714244842529
4237,1521.4174473872408,0.014757807366549969,0.05000000074505806,0.16863085329532623,4.149999618530273
4238,1521.7249945830554,0.014796920120716095,0.05000000074505806,0.1634751707315445,4.426316261291504
4239,1522.047734182328,0.016164664179086685,0.05000000074505806,0.17053870856761932,4.4079999923706055
4240,1522.3955111075193,0.01643950864672661,0.05000000074505806,0.16385965049266815,4.465000152587891
4241,1522.7290466520935,0.012812085449695587,0.05000000074505806,0.17614033818244934,4.529999732971191
4242,1523.0415976047516,0.014560085721313953,0.05000000074505806,0.14960996806621552,4.134615421295166
4243,1523.3597523905337,0.017279675230383873,0.05000000074505806,0.1652841717004776,3.961538076400757
4244,1523.6594062978402,0.014926237054169178,0.05000000074505806,0.1680532544851303,4.471999645233154
4245,1524.1312538888305,0.01657324843108654,0.05000000074505806,0.16902655363082886,4.564999580383301
4246,1524.4635899215937,0.017906202003359795,0.05000000074505806,0.16678383946418762,4.268181800842285
4247,1524.8096881592646,0.015732821077108383,0.05000000074505806,0.170695960521698,4.563636302947998
4248,1525.1102517582476,0.017918428406119347,0.05000000074505806,0.17865613102912903,5.128571510314941
4249,1525.4132786039263,0.016535261645913124,0.05000000074505806,0.15729983150959015,4.288000106811523
4250,1525.718087975867,0.017386844381690025,0.05000000074505806,0.15890805423259735,3.8199996948242188
4251,1526.03181577567,0.015922410413622856,0.05000000074505806,0.15583758056163788,4.212500095367432
4252,1526.3300696732476,0.017512746155261993,0.05000000074505806,0.1676422655582428,4.399999618530273
4253,1526.6324262386188,0.016546333208680153,0.05000000074505806,0.1700354516506195,4.368000030517578
4254,1526.936112832278,0.018181582912802696,0.05000000074505806,0.16411763429641724,4.8214287757873535
4255,1527.2540390640497,0.01552655640989542,0.05000000074505806,0.17410209774971008,4.521052837371826
4256,1527.5711901588365,0.014907962642610073,0.05000000074505806,0.16815835237503052,4.316667079925537
4257,1527.9046604409814,0.01571597158908844,0.05000000074505806,0.16314814984798431,4.442857265472412
4258,1528.4936573868617,0.015883468091487885,0.05000000074505806,0.1573505699634552,4.255555629730225
4259,1528.953644655645,0.013094318099319935,0.05000000074505806,0.17037618160247803,4.366666316986084
4260,1529.2909795669839,0.0159235130995512,0.05000000074505806,0.15591397881507874,3.8689658641815186
4261,1529.7213502153754,0.013600235804915428,0.05000000074505806,0.17107437551021576,4.481818199157715
4262,1530.1070854393765,0.01753164455294609,0.05000000074505806,0.1843891441822052,5.0705885887146
4263,1530.4287788765505,0.015989579260349274,0.05000000074505806,0.17545637488365173,5.3125
4264,1530.7514250176027,0.013653699308633804,0.05000000074505806,0.16180452704429626,4.115384101867676
4265,1531.0544460816309,0.016605082899332047,0.05000000074505806,0.17096219956874847,4.609090805053711
4266,1531.3566015381366,0.01761881448328495,0.05000000074505806,0.16542968153953552,4.414285659790039
4267,1531.6581032741815,0.016154704615473747,0.05000000074505806,0.1776769608259201,4.886363506317139
4268,1532.0104877362028,0.014158125035464764,0.05000000074505806,0.16258063912391663,4.149999618530273
4269,1532.336892977357,0.015390479937195778,0.05000000074505806,0.16279807686805725,3.9285714626312256
4270,1532.789162710309,0.018724890425801277,0.05000000074505806,0.16677851974964142,4.827272415161133
4271,1533.169340679422,0.015897946432232857,0.05000000074505806,0.16213291883468628,4.087500095367432
4272,1533.495858845301,0.014033786952495575,0.05000000074505806,0.1675506979227066,4.023077011108398
4273,1533.8546964284033,0.018543735146522522,0.05000000074505806,0.1588832587003708,4.451999664306641
4274,1534.28139555268,0.017691627144813538,0.05000000074505806,0.1922772377729416,4.838095664978027
4275,1534.614966545254,0.015929389744997025,0.05000000074505806,0.15983934700489044,4.557142734527588
4276,1534.925604885444,0.015851113945245743,0.05000000074505806,0.17013202607631683,4.809524059295654
4277,1535.2952466206625,0.015831222757697105,0.05000000074505806,0.1561666578054428,4.283332824707031
4278,1535.6624243501574,0.01582047902047634,0.05000000074505806,0.16857141256332397,4.263999938964844
4279,1536.525160945952,0.01595679298043251,0.05000000074505806,0.18316008150577545,5.105882167816162
4280,1536.8779441732913,0.016505176201462746,0.05000000074505806,0.15663716197013855,4.134614944458008
4281,1537.7288355249912,0.014434612356126308,0.05000000074505806,0.16316506266593933,3.922222375869751
4282,1538.1007091570646,0.016130149364471436,0.05000000074505806,0.17972561717033386,4.141379356384277
4283,1538.4353229142725,0.0157922375947237,0.05000000074505806,0.1690058559179306,4.883333206176758
4284,1538.7450905861333,0.016328951343894005,0.05000000074505806,0.17464788258075714,4.539130210876465
4285,1539.0915624909103,0.01804787665605545,0.05000000074505806,0.16695502400398254,4.660000324249268
4286,1539.3974792892113,0.01670152321457863,0.05000000074505806,0.16845238208770752,4.415384292602539
4287,1539.7068073479459,0.015390888787806034,0.05000000074505806,0.16448445618152618,4.078260898590088
4288,1540.026766720228,0.016207367181777954,0.05000000074505806,0.17578125,5.142856597900391
4289,1540.351025717333,0.01645253412425518,0.05000000074505806,0.16320908069610596,4.384615421295166
4290,1540.669750072062,0.01350926049053669,0.05000000074505806,0.16952554881572723,4.191666603088379
4291,1540.973061525263,0.015288438647985458,0.05000000074505806,0.1660156399011612,4.5722222328186035
4292,1541.364404078573,0.015670403838157654,0.05000000074505806,0.1752767562866211,4.779999732971191
4293,1541.717305441387,0.01956935040652752,0.05000000074505806,0.16161920130252838,4.176000595092773
4294,1542.0785741675645,0.0173084307461977,0.05000000074505806,0.15909090638160706,4.126923084259033
4295,1542.4322098912671,0.015531458891928196,0.05000000074505806,0.17800001800060272,4.621739387512207
4296,1542.7583366241306,0.01581036113202572,0.05000000074505806,0.15597382187843323,4.220000267028809
4297,1543.0666904477403,0.016861796379089355,0.05000000074505806,0.1576070785522461,4.112903594970703
4298,1543.3974623586982,0.016491781920194626,0.05000000074505806,0.17041520774364471,4.395237922668457
4299,1543.7404202576727,0.016052599996328354,0.05000000074505806,0.16260506212711334,4.15925931930542
4300,1544.0799763360992,0.013401206582784653,0.05000000074505806,0.17208120226860046,4.257692337036133
4301,1544.426866932772,0.014476967044174671,0.05000000074505806,0.174199640750885,4.68181848526001
4302,1544.7876433692873,0.01665455289185047,0.05000000074505806,0.16478632390499115,4.616666316986084
4303,1545.143136749044,0.01472764927893877,0.05000000074505806,0.16702453792095184,4.065384387969971
4304,1545.5112466933206,0.014317216351628304,0.05000000074505806,0.17012988030910492,4.743478298187256
4305,1545.8581903520972,0.01874249055981636,0.05000000074505806,0.16908128559589386,4.372221946716309
4306,1546.2712330128998,0.015792516991496086,0.05000000074505806,0.1607843041419983,4.185714244842529
4307,1546.6033249739558,0.01655128411948681,0.05000000074505806,0.17687225341796875,5.458333492279053
4308,1546.9364384487271,0.015086016617715359,0.05000000074505806,0.17865748703479767,4.820000171661377
4309,1547.2676018411294,0.014277222566306591,0.05000000074505806,0.1619970202445984,4.207407474517822
4310,1547.6153762629256,0.015035792253911495,0.05000000074505806,0.16949805617332458,4.413043022155762
4311,1547.9507508110255,0.015710599720478058,0.05000000074505806,0.16654135286808014,4.244444370269775
4312,1548.2852664915845,0.01616786979138851,0.05000000074505806,0.1751798391342163,4.980000019073486
4313,1548.6022246405482,0.016247419640421867,0.05000000074505806,0.17548638582229614,4.784210205078125
4314,1548.9189574234188,0.01668032817542553,0.05000000074505806,0.17009173333644867,4.654999732971191
4315,1549.2434948971495,0.01685604639351368,0.05000000074505806,0.1671641767024994,4.515789031982422
4316,1549.560475799255,0.015668705105781555,0.05000000074505806,0.17003609240055084,4.6526312828063965
4317,1549.9918713485822,0.016231825575232506,0.05000000074505806,0.1643243134021759,4.168181896209717
4318,1550.4011777443811,0.015255180187523365,0.05000000074505806,0.16747404634952545,4.618181228637695
4319,1550.7389656016603,0.01606438308954239,0.05000000074505806,0.1646781861782074,4.322726726531982
4320,1551.2118875682354,0.016276607289910316,0.05000000074505806,0.15912051498889923,4.200000286102295
4321,1551.5218283468857,0.018644249066710472,0.05000000074505806,0.16965517401695251,4.246153831481934
4322,1551.8409051187336,0.015539951622486115,0.05000000074505806,0.18484848737716675,5.212499618530273
4323,1552.1452944241464,0.016688309609889984,0.05000000074505806,0.18103130161762238,4.978947162628174
4324,1552.461015892215,0.01621495932340622,0.05000000074505806,0.17613446712493896,4.638094902038574
4325,1552.7650384120643,0.017772145569324493,0.05000000074505806,0.17080293595790863,4.423809051513672
4326,1553.0690268687904,0.0160717461258173,0.05000000074505806,0.16693811118602753,4.456521987915039
4327,1553.3822723869234,0.016843723133206367,0.05000000074505806,0.17271186411380768,4.400000095367432
4328,1553.6971080359071,0.01501484215259552,0.05000000074505806,0.16543622314929962,4.414285182952881
4329,1554.092548020184,0.014957481063902378,0.05000000074505806,0.16727939248085022,4.40476131439209
4330,1554.5185555061325,0.016295412555336952,0.05000000074505806,0.16234375536441803,4.4666666984558105
4331,1554.8791640829295,0.016014987602829933,0.05000000074505806,0.16397058963775635,4.145454406738281
4332,1555.1821480765939,0.016960034146904945,0.05000000074505806,0.17140287160873413,4.619046688079834
4333,1555.528287872672,0.01697699725627899,0.05000000074505806,0.16337792575359344,4.256521701812744
4334,1555.8629749985412,0.015034358017146587,0.05000000074505806,0.16283783316612244,4.443478584289551
4335,1556.1900420626625,0.01669996604323387,0.05000000074505806,0.168784037232399,4.587500095367432
4336,1556.5496163722128,0.014168652705848217,0.05000000074505806,0.15757575631141663,4.179310321807861
4337,1556.9468653919175,0.017017360776662827,0.05000000074505806,0.17855709791183472,4.605882167816162
4338,1557.2697870945558,0.017264770343899727,0.05000000074505806,0.16092151403427124,4.343478202819824
4339,1557.5800736593083,0.016334934160113335,0.05000000074505806,0.16262975335121155,4.386956691741943
4340,1558.0294422283769,0.01760975271463394,0.05000000074505806,0.16754387319087982,4.0821428298950195
4341,1558.4855574928224,0.014702132903039455,0.05000000074505806,0.1749514490365982,5.013333320617676
4342,1558.9084554286674,0.018940240144729614,0.05000000074505806,0.1706421822309494,4.595237731933594
4343,1559.2138040522113,0.014514122158288956,0.05000000074505806,0.16567863523960114,4.109090805053711
4344,1559.5216089254245,0.01565573923289776,0.05000000074505806,0.16539792716503143,4.622726917266846
4345,1559.8331743516028,0.01628948003053665,0.05000000074505806,0.16132231056690216,4.267999649047852
4346,1560.153669941239,0.01585177518427372,0.05000000074505806,0.16692188382148743,4.25
4347,1560.4863289445639,0.01434761006385088,0.05000000074505806,0.1609756201505661,4.22352933883667
4348,1560.833843995817,0.016744835302233696,0.05000000074505806,0.1674632430076599,4.408695220947266
4349,1561.1490026870742,0.016958005726337433,0.05000000074505806,0.1737142950296402,4.544999599456787
4350,1561.4809243557975,0.018218254670500755,0.05000000074505806,0.17171169817447662,4.650000095367432
4351,1561.8990522976965,0.014499752782285213,0.05000000074505806,0.16609881818294525,4.447826385498047
4352,1562.2080023912713,0.014595714397728443,0.05000000074505806,0.16315791010856628,4.0333333015441895
4353,1562.5142285451293,0.01767311803996563,0.05000000074505806,0.1623745858669281,4.130768775939941
4354,1562.9586093667895,0.016922423616051674,0.05000000074505806,0.16344937682151794,4.4380950927734375
4355,1563.2793868603185,0.015278398990631104,0.05000000074505806,0.17512951791286469,4.586363315582275
4356,1563.6316958488896,0.0140999099239707,0.05000000074505806,0.17440477013587952,4.722222805023193
4357,1564.070551507175,0.016103876754641533,0.05000000074505806,0.17274247109889984,4.308000087738037
4358,1564.3985807234421,0.016566989943385124,0.05000000074505806,0.16888168454170227,4.5958333015441895
4359,1564.743274721317,0.016550211235880852,0.05000000074505806,0.1686340570449829,4.4708333015441895
4360,1565.082570085302,0.017183244228363037,0.05000000074505806,0.15854062139987946,4.100000381469727
4361,1565.4921130072325,0.014436015859246254,0.05000000074505806,0.16620689630508423,4.390000343322754
4362,1565.913419790566,0.01787225343286991,0.05000000074505806,0.16425196826457977,4.236000061035156
4363,1566.2314325869083,0.017070136964321136,0.05000000074505806,0.1662900149822235,4.449999809265137
4364,1566.6658791340888,0.014249236322939396,0.05000000074505806,0.1577170342206955,4.215384483337402
4365,1567.0088927494362,0.015203890390694141,0.05000000074505806,0.17686273157596588,4.636842250823975
4366,1567.463033686392,0.016956783831119537,0.05000000074505806,0.1664893627166748,4.5444440841674805
4367,1567.8777456292883,0.01617162488400936,0.05000000074505806,0.16765189170837402,4.238094806671143
4368,1568.2197412047535,0.019066952168941498,0.05000000074505806,0.16810207068920135,4.26800012588501
4369,1568.5609136139974,0.01626172475516796,0.05000000074505806,0.1680430918931961,4.416666507720947
4370,1568.8851582929492,0.01845376007258892,0.05000000074505806,0.16654478013515472,4.609090805053711
4371,1569.2343517709523,0.015337266959249973,0.05000000074505806,0.16925373673439026,4.26086950302124
4372,1569.5781170707196,0.01518817339092493,0.05000000074505806,0.15718701481819153,4.010714054107666
4373,1569.8921250421554,0.017578618600964546,0.05000000074505806,0.16790778934955597,4.519999980926514
4374,1570.2149943569675,0.01686573214828968,0.05000000074505806,0.166371688246727,4.4380950927734375
4375,1570.5639537321404,0.017394408583641052,0.05000000074505806,0.17463770508766174,4.5
4376,1571.063400552608,0.016627181321382523,0.05000000074505806,0.1563338339328766,4.204000473022461
4377,1571.390508924611,0.017467966303229332,0.05000000074505806,0.1771019846200943,4.4083333015441895
4378,1571.7458838708699,0.014514587819576263,0.05000000074505806,0.1589951515197754,4.368181228637695
4379,1572.0847839862108,0.015255017206072807,0.05000000074505806,0.17541666328907013,4.788888931274414
4380,1572.3880989057943,0.016909345984458923,0.05000000074505806,0.17809364199638367,4.361538410186768
4381,1572.693572735414,0.016693321987986565,0.05000000074505806,0.18199610710144043,5.009999752044678
4382,1572.993004070595,0.01702975481748581,0.05000000074505806,0.17309735715389252,4.410526275634766
4383,1573.296810763888,0.015890421345829964,0.05000000074505806,0.1708674281835556,4.744999885559082
4384,1573.5990760372952,0.016580022871494293,0.05000000074505806,0.17486724257469177,4.591304302215576
4385,1573.903490149416,0.016436686739325523,0.05000000074505806,0.1618538200855255,4.352381229400635
4386,1574.2015033485368,0.01567268930375576,0.05000000074505806,0.1612788736820221,4.169565677642822
4387,1574.5024695405737,0.014744332991540432,0.05000000074505806,0.1631147563457489,4.308000087738037
4388,1575.275654707104,0.016620993614196777,0.05000000074505806,0.1706867665052414,4.508333206176758
4389,1575.6476080706343,0.014880997128784657,0.05000000074505806,0.16672296822071075,4.377777576446533
4390,1576.0152248414233,0.01714487560093403,0.05000000074505806,0.16492146253585815,4.230434894561768
4391,1576.3129112534225,0.015331036411225796,0.05000000074505806,0.17095652222633362,4.499999523162842
4392,1576.6141531569883,0.015867525711655617,0.05000000074505806,0.1678333431482315,4.909999847412109
4393,1576.91326264292,0.015515570528805256,0.05000000074505806,0.17683523893356323,4.21363639831543
4394,1577.2117172088474,0.016606923192739487,0.05000000074505806,0.1597110778093338,4.307692050933838
4395,1577.5094090597704,0.014899211004376411,0.05000000074505806,0.18042226135730743,4.720000267028809
4396,1577.812795655802,0.01557943131774664,0.05000000074505806,0.170695960521698,4.710526466369629
4397,1578.1118902852759,0.016481563448905945,0.05000000074505806,0.17443609237670898,4.828571319580078
4398,1578.4091972978786,0.015539795160293579,0.05000000074505806,0.16707882285118103,4.0
4399,1578.7071281820536,0.015466909855604172,0.05000000074505806,0.17053870856761932,4.6521735191345215
4400,1579.0029940642416,0.016481991857290268,0.05000000074505806,0.16689419746398926,4.284999847412109
4401,1579.3050353033468,0.015361033380031586,0.05000000074505806,0.1643884927034378,4.489473342895508
4402,1579.620359197259,0.016501598060131073,0.05000000074505806,0.16469648480415344,4.223999977111816
4403,1579.9169293837622,0.01471931952983141,0.05000000074505806,0.16526316106319427,4.482608318328857
4404,1580.2138913925737,0.0161819439381361,0.05000000074505806,0.1662992238998413,4.229166507720947
4405,1580.5129057792947,0.01635858044028282,0.05000000074505806,0.16567425429821014,4.27142858505249
4406,1580.8156902249902,0.016040444374084473,0.05000000074505806,0.16496598720550537,4.631817817687988
4407,1581.1135079646483,0.015417489223182201,0.05000000074505806,0.16479860246181488,4.209090709686279
4408,1581.4118615295738,0.017252864316105843,0.05000000074505806,0.16661185026168823,4.308333873748779
4409,1581.7123651672155,0.016820933669805527,0.05000000074505806,0.1657509207725525,4.640908718109131
4410,1582.1220325045288,0.016835827380418777,0.05000000074505806,0.16523811221122742,4.226086616516113
4411,1582.5191775485873,0.01513925101608038,0.05000000074505806,0.1718045175075531,4.377777576446533
4412,1582.8470282061026,0.013586319051682949,0.05000000074505806,0.16231343150138855,4.789999961853027
4413,1583.1940662031993,0.014211365021765232,0.05000000074505806,0.17100916802883148,4.3047614097595215
4414,1583.8274083845317,0.017191018909215927,0.05000000074505806,0.15694229304790497,4.552173614501953
4415,1584.1564852949232,0.01584288664162159,0.05000000074505806,0.16570121049880981,3.9642856121063232
4416,1584.5723789967597,0.015008277259767056,0.05000000074505806,0.1700475513935089,4.221738815307617
4417,1585.150189829059,0.016470566391944885,0.05000000074505806,0.17087718844413757,4.678946495056152
4418,1586.2676478335634,0.016380028799176216,0.05000000074505806,0.1609281599521637,4.0
4419,1586.5831851828843,0.01572740264236927,0.05000000074505806,0.16512000560760498,4.183332920074463
4420,1587.0955809066072,0.01700614206492901,0.05000000074505806,0.16160129010677338,4.303999900817871
4421,1587.4182631755248,0.015585044398903847,0.05000000074505806,0.17123287916183472,4.563636302947998
4422,1587.7541173333302,0.016570495441555977,0.05000000074505806,0.15641401708126068,3.965517282485962
4423,1588.1106444206089,0.013615244068205357,0.05000000074505806,0.170048326253891,4.346153259277344
4424,1588.5448132418096,0.01569860428571701,0.05000000074505806,0.16980107128620148,4.645453929901123
4425,1589.4588399557397,0.015532822348177433,0.05000000074505806,0.16358381509780884,4.166666507720947
4426,1590.2965256581083,0.016871292144060135,0.05000000074505806,0.1619122177362442,4.08695650100708
4427,1591.1273528365418,0.016552012413740158,0.05000000074505806,0.16732852160930634,4.209090709686279
4428,1591.4846892850474,0.01518586277961731,0.05000000074505806,0.17372263967990875,4.818181991577148
4429,1592.0822764653713,0.015078394673764706,0.05000000074505806,0.18032489717006683,4.744999885559082
4430,1592.4333580899984,0.015932217240333557,0.05000000074505806,0.17195874452590942,4.947058200836182
4431,1592.7866234313697,0.016959641128778458,0.05000000074505806,0.15689654648303986,4.025926113128662
4432,1593.1259650913998,0.01586584560573101,0.05000000074505806,0.17142857611179352,4.168181419372559
4433,1593.5925151705742,0.012873782776296139,0.05000000074505806,0.15550000965595245,4.308333396911621
4434,1594.1611712994054,0.01587233692407608,0.05000000074505806,0.16897132992744446,4.224999904632568
4435,1594.544993069023,0.016337694600224495,0.05000000074505806,0.16887298226356506,4.509090900421143
4436,1595.0196482241154,0.014115853235125542,0.05000000074505806,0.17947368323802948,4.712500095367432
4437,1595.3427576627582,0.016294747591018677,0.05000000074505806,0.1718749850988388,4.5
4438,1595.6495110271499,0.018153080716729164,0.05000000074505806,0.1645357757806778,4.357692241668701
4439,1595.9669485678896,0.016180427744984627,0.05000000074505806,0.16727574169635773,4.343478202819824
4440,1596.3326777862385,0.014969303272664547,0.05000000074505806,0.17029519379138947,4.5736846923828125
4441,1596.6349853118882,0.015451490879058838,0.05000000074505806,0.16446946561336517,4.155999660491943
4442,1597.4766141809523,0.015130343846976757,0.05000000074505806,0.1652841866016388,4.288888931274414
4443,1597.8393428782001,0.014341621659696102,0.05000000074505806,0.17195573449134827,4.715000152587891
4444,1599.6864813221619,0.013680961914360523,0.05000000074505806,0.16383647918701172,4.056000232696533
4445,1600.596234661527,0.017737118527293205,0.05000000074505806,0.17443080246448517,4.552380561828613
4446,1600.9662400446832,0.015483492985367775,0.05000000074505806,0.16170941293239594,4.199999809265137
4447,1601.4067065352574,0.015592893585562706,0.05000000074505806,0.16749116778373718,4.456521511077881
4448,1602.892641509883,0.016761569306254387,0.05000000074505806,0.15906541049480438,4.519999980926514
4449,1603.2611255021766,0.016297221183776855,0.05000000074505806,0.15821325778961182,4.0428571701049805
4450,1603.8827855158597,0.014575900509953499,0.05000000074505806,0.17371322214603424,4.262499809265137
4451,1604.7468433370814,0.015179588459432125,0.05000000074505806,0.16755852103233337,4.5333333015441895
4452,1605.085105012171,0.014937268570065498,0.05000000074505806,0.17117750644683838,4.617647171020508
4453,1605.4326726561412,0.016001548618078232,0.05000000074505806,0.16950242221355438,4.390909194946289
4454,1605.7677268702537,0.01419209223240614,0.05000000074505806,0.16318494081497192,4.361905097961426
4455,1606.101068940945,0.01625235565006733,0.05000000074505806,0.16692189872264862,4.261538505554199
4456,1606.4402862759307,0.01573706790804863,0.05000000074505806,0.17158731818199158,4.211111068725586
4457,1606.8087497185916,0.01567046344280243,0.05000000074505806,0.1566869467496872,4.283999443054199
4458,1607.1500641033053,0.016708245500922203,0.05000000074505806,0.16682098805904388,4.092857360839844
4459,1607.7301436383277,0.014667085371911526,0.05000000074505806,0.16213591396808624,4.28000020980835
4460,1608.5247174110264,0.015349055640399456,0.05000000074505806,0.17142857611179352,4.734999656677246
4461,1608.8507925951853,0.01523660123348236,0.05000000074505806,0.17110387980937958,4.4052629470825195
4462,1609.5721809547395,0.016254043206572533,0.05000000074505806,0.16818180680274963,4.549999713897705
4463,1609.9596688654274,0.015487870201468468,0.05000000074505806,0.15360361337661743,4.003704071044922
4464,1610.2982225827873,0.0153541574254632,0.05000000074505806,0.16072727739810944,4.3550004959106445
4465,1610.6246547037736,0.016964396461844444,0.05000000074505806,0.17087198793888092,4.287499904632568
4466,1611.4670933950692,0.016256337985396385,0.05000000074505806,0.1794871836900711,4.727777481079102
4467,1612.2490393305197,0.015109318308532238,0.05000000074505806,0.16445131599903107,4.481817722320557
4468,1612.8867241339758,0.014353981241583824,0.05000000074505806,0.16569343209266663,4.085714340209961
4469,1613.417023934424,0.014384351670742035,0.05000000074505806,0.16941578686237335,4.509523868560791
4470,1613.7391765117645,0.01585911214351654,0.05000000074505806,0.16317568719387054,4.387499809265137
4471,1614.641011142172,0.015355055220425129,0.05000000074505806,0.16322465240955353,4.376190185546875
4472,1615.0409463271499,0.017475957050919533,0.05000000074505806,0.17304347455501556,4.69444465637207
4473,1615.438515833579,0.017041243612766266,0.05000000074505806,0.16906584799289703,4.2083330154418945
4474,1615.7616961877793,0.014088260941207409,0.05000000074505806,0.1658163219690323,4.300000190734863
4475,1616.099821976386,0.015514446422457695,0.05000000074505806,0.1639053225517273,4.315999984741211
4476,1616.960178770125,0.01739237643778324,0.05000000074505806,0.15657895803451538,3.875861883163452
4477,1617.3040518993512,0.015128937549889088,0.05000000074505806,0.16565464437007904,4.408695697784424
4478,1617.7045921999961,0.01473448146134615,0.05000000074505806,0.17233644425868988,4.704761505126953
4479,1618.3271172922105,0.016778042539954185,0.05000000074505806,0.1658986210823059,4.114285469055176
4480,1618.693701967597,0.0151536138728261,0.05000000074505806,0.15571659803390503,4.096153736114502
4481,1619.2873386889696,0.01834731735289097,0.05000000074505806,0.1658206284046173,4.569999694824219
4482,1620.0919414795935,0.016526807099580765,0.05000000074505806,0.1828063428401947,4.609999656677246
4483,1620.922749501653,0.016366753727197647,0.05000000074505806,0.1748175024986267,4.759090900421143
4484,1621.762244278565,0.017120208591222763,0.05000000074505806,0.16794626414775848,4.51578950881958
4485,1622.178223989904,0.016881726682186127,0.05000000074505806,0.16766667366027832,4.525000095367432
4486,1622.5180465998128,0.016056092455983162,0.05000000074505806,0.17495496571063995,4.809999942779541
4487,1622.8350467337295,0.016949284821748734,0.05000000074505806,0.16192810237407684,4.391666889190674
4488,1623.6251376112923,0.01628616638481617,0.05000000074505806,0.1627228558063507,4.1307692527771
4489,1624.0216500060633,0.01646357588469982,0.05000000074505806,0.16661101579666138,4.4380950927734375
4490,1624.7983089936897,0.016222825273871422,0.05000000074505806,0.1688259094953537,4.568749904632568
4491,1625.1378478966653,0.019470911473035812,0.05000000074505806,0.16903114318847656,4.861904144287109
4492,1625.460526891984,0.01491987332701683,0.05000000074505806,0.175471693277359,4.3333330154418945
4493,1625.8154987823218,0.016224831342697144,0.05000000074505806,0.17339999973773956,4.949999809265137
4494,1626.2484585996717,0.012785470113158226,0.05000000074505806,0.16009771823883057,4.186363697052002
4495,1626.9970168583095,0.014188221655786037,0.05000000074505806,0.17307110130786896,4.490908622741699
4496,1627.764327867888,0.014223002828657627,0.05000000074505806,0.17475728690624237,4.370370388031006
4497,1628.369632627815,0.014893852174282074,0.05000000074505806,0.16594596207141876,4.668181896209717
4498,1629.0550161227584,0.016190936788916588,0.05000000074505806,0.16854962706565857,4.1571431159973145
4499,1629.3795633036643,0.015171753242611885,0.05000000074505806,0.16515426337718964,4.410000324249268
4500,1630.1728231702,0.015485625714063644,0.05000000074505806,0.16717171669006348,4.625
4501,1630.516294398345,0.016984092071652412,0.05000000074505806,0.16960951685905457,4.390476226806641
4502,1630.9063128298149,0.014102318324148655,0.05000000074505806,0.16055363416671753,4.2833333015441895
4503,1631.907362923026,0.017044000327587128,0.05000000074505806,0.16628099977970123,4.485713958740234
4504,1632.2604463081807,0.016939666122198105,0.05000000074505806,0.16973911225795746,4.3541669845581055
4505,1633.004609064199,0.015117703936994076,0.05000000074505806,0.15906640887260437,4.334782600402832
4506,1633.3372359527275,0.015197619795799255,0.05000000074505806,0.16727574169635773,4.090000152587891
4507,1633.9480258170515,0.01651861146092415,0.05000000074505806,0.17700421810150146,5.135294437408447
4508,1634.677362754941,0.015708984807133675,0.05000000074505806,0.17072728276252747,4.556521415710449
4509,1635.0263625290245,0.018204204738140106,0.05000000074505806,0.16440071165561676,4.871428489685059
4510,1636.3676229976118,0.01762562245130539,0.05000000074505806,0.1745874583721161,4.140740871429443
4511,1637.189004683867,0.015571469441056252,0.05000000074505806,0.15749183297157288,4.449999809265137
4512,1638.0636644857004,0.01531886775046587,0.05000000074505806,0.1731034368276596,4.614999771118164
4513,1638.7289205472916,0.015268691815435886,0.05000000074505806,0.16359375417232513,4.2076921463012695
4514,1639.1033499045298,0.015259470790624619,0.05000000074505806,0.17716149985790253,4.3115386962890625
4515,1639.441805306822,0.01720125786960125,0.05000000074505806,0.16061705350875854,4.524999618530273
4516,1639.9908880069852,0.016708994284272194,0.05000000074505806,0.16676735877990723,4.199999809265137
4517,1641.3728211866692,0.01642860658466816,0.05000000074505806,0.17073170840740204,4.340909004211426
4518,1642.181733617559,0.015911735594272614,0.05000000074505806,0.172045037150383,4.964999675750732
4519,1643.0335220387205,0.016012288630008698,0.05000000074505806,0.16532903909683228,4.320000171661377
4520,1643.4239692119882,0.013661163859069347,0.05000000074505806,0.17999999225139618,4.449999809265137
4521,1643.8165402961895,0.014667186886072159,0.05000000074505806,0.15017986297607422,4.681249618530273
4522,1644.1482653664425,0.01542050950229168,0.05000000074505806,0.1785714477300644,4.192307472229004
4523,1645.072917203419,0.01451772078871727,0.05000000074505806,0.15490196645259857,4.573683738708496
4524,1645.867389303632,0.014000972732901573,0.05000000074505806,0.16712096333503723,4.286956310272217
4525,1646.230821961537,0.013799876905977726,0.05000000074505806,0.17070706188678741,4.472727298736572
4526,1646.568461299874,0.015544196590781212,0.05000000074505806,0.17562277615070343,4.78181791305542
4527,1647.2724430048838,0.019159888848662376,0.05000000074505806,0.16687999665737152,4.371999740600586
4528,1647.5968517046422,0.015125579200685024,0.05000000074505806,0.1590288281440735,3.927999973297119
4529,1647.902489516884,0.016584359109401703,0.05000000074505806,0.15395189821720123,3.8863637447357178
4530,1648.6300719222054,0.01464615948498249,0.05000000074505806,0.17037701606750488,4.738888740539551
4531,1649.5646534375846,0.018489699810743332,0.05000000074505806,0.17217929661273956,4.292593002319336
4532,1650.4206197094172,0.015415775589644909,0.05000000074505806,0.15823353826999664,4.153846263885498
4533,1651.6323210671544,0.017225749790668488,0.05000000074505806,0.17555177211761475,4.388461589813232
4534,1651.9787069642916,0.015974095091223717,0.05000000074505806,0.1732313483953476,4.90476131439209
4535,1652.78048304189,0.013580070808529854,0.05000000074505806,0.17758315801620483,4.447368621826172
4536,1653.1367604760453,0.017495999112725258,0.05000000074505806,0.17148080468177795,4.506250381469727
4537,1653.776775509119,0.017397386953234673,0.05000000074505806,0.17305605113506317,4.957143306732178
4538,1654.1293911002576,0.01743694767355919,0.05000000074505806,0.16571906208992004,4.176922798156738
4539,1654.738036713563,0.015091500245034695,0.05000000074505806,0.1666666865348816,4.526087284088135
4540,1655.6259428597987,0.014548438601195812,0.05000000074505806,0.16535837948322296,4.361904621124268
4541,1656.5313373617828,0.015502182766795158,0.05000000074505806,0.16450150310993195,4.140741348266602
4542,1657.664063747041,0.014766186475753784,0.05000000074505806,0.17829614877700806,4.887499809265137
4543,1658.4646815406159,0.016225486993789673,0.05000000074505806,0.16777004301548004,4.577272415161133
4544,1658.7794110458344,0.016638878732919693,0.05000000074505806,0.18502496182918549,4.785714149475098
4545,1659.6474802223966,0.01745085045695305,0.05000000074505806,0.1690017580986023,4.508333206176758
4546,1660.1395641230047,0.014727694913744926,0.05000000074505806,0.16708406805992126,4.3956522941589355
4547,1660.5013085948303,0.015088791958987713,0.05000000074505806,0.1657571643590927,4.063333034515381
4548,1660.8571979971603,0.015428991056978703,0.05000000074505806,0.16343751549720764,4.224999904632568
4549,1661.68075016886,0.017602406442165375,0.05000000074505806,0.1671617180109024,4.360000133514404
4550,1663.0370057765394,0.01594567857682705,0.05000000074505806,0.169921875,4.264285564422607
4551,1663.3508430663496,0.01731313019990921,0.05000000074505806,0.17238806188106537,4.80476188659668
4552,1664.0123480632901,0.01659458875656128,0.05000000074505806,0.1599999964237213,4.2079997062683105
4553,1664.9910756694153,0.015871623530983925,0.05000000074505806,0.17237815260887146,4.310714244842529
4554,1665.368776217103,0.015175929293036461,0.05000000074505806,0.16539683938026428,4.230769157409668
4555,1665.9883347703144,0.01632949523627758,0.05000000074505806,0.16170212626457214,4.433332920074463
4556,1666.3610375104472,0.014995772391557693,0.05000000074505806,0.17334386706352234,4.276923179626465
4557,1666.91283512488,0.016633227467536926,0.05000000074505806,0.16450001299381256,4.310526371002197
4558,1667.7306387480348,0.016207119449973106,0.05000000074505806,0.16204269230365753,4.296153545379639
4559,1668.0670022564009,0.014663688838481903,0.05000000074505806,0.1785714328289032,4.491999626159668
4560,1668.4323167372495,0.01568618044257164,0.05000000074505806,0.17114338278770447,4.672222137451172
4561,1668.8644329225644,0.016304967924952507,0.05000000074505806,0.1700819730758667,4.981249809265137
4562,1669.2144128819928,0.01714389957487583,0.05000000074505806,0.17076678574085236,4.183332920074463
4563,1669.5469389138743,0.01531704980880022,0.05000000074505806,0.16495467722415924,4.388461589813232
4564,1670.0802207831293,0.015211852267384529,0.05000000074505806,0.18047446012496948,4.5
4565,1671.690125447698,0.014424564316868782,0.05000000074505806,0.17047451436519623,4.815789222717285
4566,1672.054644365795,0.015091233886778355,0.05000000074505806,0.16564884781837463,4.422727584838867
4567,1672.393185408786,0.016067640855908394,0.05000000074505806,0.1653784215450287,4.103846073150635
4568,1672.748997343704,0.0159326009452343,0.05000000074505806,0.17315436899662018,4.579999923706055
4569,1673.0789370965213,0.020099690183997154,0.05000000074505806,0.16847826540470123,4.4666666984558105
4570,1673.3818888049573,0.01711377315223217,0.05000000074505806,0.18185566365718842,5.005882263183594
4571,1674.1190603971481,0.016256505623459816,0.05000000074505806,0.15974025428295135,4.171999931335449
4572,1674.9329298241064,0.01649201102554798,0.05000000074505806,0.1686084270477295,4.326315879821777
4573,1675.8382560880855,0.014329353347420692,0.05000000074505806,0.16181817650794983,4.308000087738037
4574,1676.265216245316,0.015542969107627869,0.05000000074505806,0.1656535118818283,4.312000274658203
4575,1676.8443174203858,0.014606595039367676,0.05000000074505806,0.1634848564863205,3.954545021057129
4576,1677.7094525089487,0.01606752723455429,0.05000000074505806,0.15447284281253815,4.199999809265137
4577,1678.4946464207023,0.016492651775479317,0.05000000074505806,0.17313167452812195,4.376190185546875
4578,1678.8556584082544,0.016036253422498703,0.05000000074505806,0.1654147207736969,4.236000061035156
4579,1679.4804551946,0.015127786435186863,0.05000000074505806,0.16660118103027344,4.53636360168457
4580,1680.7166680311784,0.01438796054571867,0.05000000074505806,0.17001648247241974,4.322726726531982
4581,1681.488836467266,0.01480658259242773,0.05000000074505806,0.16489183902740479,4.349999904632568
4582,1681.8030118355528,0.01416927482932806,0.05000000074505806,0.1645403504371643,4.558823585510254
4583,1682.1397695280612,0.01755426451563835,0.05000000074505806,0.17449799180030823,4.788234710693359
4584,1682.5021428084,0.017896005883812904,0.05000000074505806,0.17224200069904327,4.680000305175781
4585,1682.8372107949108,0.017061997205018997,0.05000000074505806,0.1735074520111084,4.6045451164245605
4586,1683.6501613343135,0.015335268341004848,0.05000000074505806,0.17096219956874847,4.5083327293396
4587,1684.4301237966865,0.015400875359773636,0.05000000074505806,0.1629568189382553,4.267999649047852
4588,1685.0463310740888,0.01443268172442913,0.05000000074505806,0.16774775087833405,4.394444465637207
4589,1686.8043599622324,0.015670238062739372,0.05000000074505806,0.171875,4.710526466369629
4590,1687.1857371507213,0.014666310511529446,0.05000000074505806,0.1617284119129181,4.291999816894531
4591,1687.8321236241609,0.01679277792572975,0.05000000074505806,0.16836734116077423,4.066666126251221
4592,1688.682096367702,0.01732218638062477,0.05000000074505806,0.16113990545272827,4.614285945892334
4593,1689.4462515041232,0.016084151342511177,0.05000000074505806,0.15884099900722504,3.8826088905334473
4594,1689.7904342543334,0.01426316611468792,0.05000000074505806,0.15901899337768555,4.014285564422607
4595,1690.7758062118664,0.015521704219281673,0.05000000074505806,0.1647222340106964,4.045161724090576
4596,1691.9895220063627,0.016301153227686882,0.05000000074505806,0.15326975286006927,4.048000335693359
4597,1692.8374765627086,0.016411952674388885,0.05000000074505806,0.16661342978477478,4.129629611968994
4598,1693.1771053029224,0.014062440022826195,0.05000000074505806,0.16757188737392426,4.182608604431152
4599,1693.507590985857,0.014986379072070122,0.05000000074505806,0.15918034315109253,4.337500095367432
4600,1693.852069917135,0.01570952497422695,0.05000000074505806,0.1749042272567749,4.630434989929199
4601,1694.7419707272202,0.014367752708494663,0.05000000074505806,0.17664578557014465,4.3913044929504395
4602,1695.101826928556,0.015191893093287945,0.05000000074505806,0.1711864471435547,4.800000190734863
4603,1695.4861083189026,0.015239179134368896,0.05000000074505806,0.1673010289669037,4.376190662384033
4604,1695.8543059406802,0.016400421038269997,0.05000000074505806,0.17122416198253632,4.420000076293945
4605,1696.3108587563038,0.01685716211795807,0.05000000074505806,0.17418771982192993,4.4039998054504395
4606,1697.1380017679185,0.014409230090677738,0.05000000074505806,0.17920605838298798,5.053332805633545
4607,1697.923554749228,0.014615073800086975,0.05000000074505806,0.1552884578704834,4.123076915740967
4608,1698.240337495692,0.01558652613312006,0.05000000074505806,0.16114863753318787,4.370832920074463
4609,1698.7458158303052,0.01689481921494007,0.05000000074505806,0.18566307425498962,4.514286041259766
4610,1699.1027065562084,0.01480570062994957,0.05000000074505806,0.15673652291297913,4.4639997482299805
4611,1699.46996277757,0.015185101889073849,0.05000000074505806,0.16426056623458862,4.077272415161133
4612,1699.8707671761513,0.016584746539592743,0.05000000074505806,0.1733333319425583,4.433333396911621
4613,1700.222944200039,0.016264498233795166,0.05000000074505806,0.16963563859462738,4.783332824707031
4614,1700.5483196526766,0.014806064777076244,0.05000000074505806,0.1770220696926117,4.8789472579956055
4615,1700.8980453619733,0.015993721783161163,0.05000000074505806,0.16289198398590088,4.543478488922119
4616,1701.3321001930162,0.014865589328110218,0.05000000074505806,0.17318952083587646,4.332000255584717
4617,1701.6997806373984,0.015146845951676369,0.05000000074505806,0.17258064448833466,4.289999961853027
4618,1702.3308152277023,0.01543088722974062,0.05000000074505806,0.16003316640853882,4.569565296173096
4619,1702.6820888426155,0.014660495333373547,0.05000000074505806,0.17108844220638275,4.3416666984558105
4620,1703.4407321522012,0.015162494033575058,0.05000000074505806,0.17846715450286865,4.810525894165039
4621,1704.2708121258765,0.014228813350200653,0.05000000074505806,0.1703358292579651,4.799999713897705
4622,1705.1144394148141,0.016233885660767555,0.05000000074505806,0.16413992643356323,4.15925931930542
4623,1705.448159107007,0.016185594722628593,0.05000000074505806,0.17297710478305817,4.231818675994873
4624,1706.088301319629,0.015471422113478184,0.05000000074505806,0.16618555784225464,4.765000343322754
4625,1706.422746877186,0.0153357507660985,0.05000000074505806,0.17017541825771332,4.371428489685059
4626,1706.7668741773814,0.015017681755125523,0.05000000074505806,0.1645544469356537,4.605555534362793
4627,1707.157611688599,0.01565941795706749,0.05000000074505806,0.16440677642822266,4.337499618530273
4628,1707.4764695586637,0.015990737825632095,0.05000000074505806,0.1707482933998108,4.491666316986084
4629,1708.0886449534446,0.015146677382290363,0.05000000074505806,0.1717863231897354,4.466666221618652
4630,1708.9752700636163,0.01626250147819519,0.05000000074505806,0.16568966209888458,4.386363506317139
4631,1709.8293737508357,0.016178319230675697,0.05000000074505806,0.17006172239780426,4.433332920074463
4632,1711.105981213972,0.01563522405922413,0.05000000074505806,0.15798720717430115,4.1041669845581055
4633,1711.9473705450073,0.015516665764153004,0.05000000074505806,0.16660550236701965,4.515789031982422
4634,1712.2901032445952,0.015545723959803581,0.05000000074505806,0.1571936160326004,4.333333492279053
4635,1712.6356705818325,0.015857085585594177,0.05000000074505806,0.16937871277332306,4.066666126251221
4636,1713.0663891229779,0.01495546754449606,0.05000000074505806,0.16449999809265137,4.271999359130859
4637,1713.837680994533,0.014280474744737148,0.05000000074505806,0.1826804280281067,5.10588264465332
4638,1714.7129342621192,0.0157602708786726,0.05000000074505806,0.1730620265007019,4.65500020980835
4639,1716.1712692799047,0.015071225352585316,0.05000000074505806,0.17575758695602417,4.914285659790039
4640,1716.504624793306,0.015514765866100788,0.05000000074505806,0.1644670069217682,4.470000267028809
4641,1717.2740717111155,0.014760580845177174,0.05000000074505806,0.16545456647872925,4.004166603088379
4642,1717.6421331735328,0.015214932151138783,0.05000000074505806,0.17457912862300873,4.403846263885498
4643,1718.2378867305815,0.015399610623717308,0.05000000074505806,0.17154471576213837,4.84999942779541
4644,1718.6108343861997,0.015505879186093807,0.05000000074505806,0.1728070229291916,4.789473533630371
4645,1718.9831205885857,0.01933675818145275,0.05000000074505806,0.15895865857601166,4.062963008880615
4646,1719.3244723929092,0.013477831147611141,0.05000000074505806,0.16653545200824738,4.547618865966797
4647,1719.652064180933,0.015097163617610931,0.05000000074505806,0.17041800916194916,4.257894992828369
4648,1720.0268752872944,0.01511841919273138,0.05000000074505806,0.16678765416145325,4.5
4649,1720.4949532095343,0.01884262077510357,0.05000000074505806,0.15399448573589325,4.011538028717041
4650,1720.9265888500959,0.014506541192531586,0.05000000074505806,0.17114335298538208,4.195000171661377
4651,1721.2635569851846,0.01717302016913891,0.05000000074505806,0.16352000832557678,4.400000095367432
4652,1721.5940052140504,0.016208386048674583,0.05000000074505806,0.17569445073604584,4.5833330154418945
4653,1722.4106217566878,0.014239913783967495,0.05000000074505806,0.1673949658870697,4.424999713897705
4654,1723.326338478364,0.016004784032702446,0.05000000074505806,0.18450979888439178,5.02380895614624
4655,1724.3379149800166,0.016836192458868027,0.05000000074505806,0.17813558876514435,4.529999732971191
4656,1725.0257196351886,0.017570920288562775,0.05000000074505806,0.16514937579631805,4.642857074737549
4657,1725.8433748353273,0.016032911837100983,0.05000000074505806,0.17378279566764832,4.204761505126953
4658,1726.1711655762047,0.014599158428609371,0.05000000074505806,0.1669580489397049,4.4708333015441895
4659,1726.8140214979649,0.015301547944545746,0.05000000074505806,0.172128364443779,4.320000171661377
4660,1727.2198072653264,0.017607154324650764,0.05000000074505806,0.16812299191951752,4.492000102996826
4661,1727.5606505032629,0.01561866607517004,0.05000000074505806,0.16641221940517426,4.56315803527832
4662,1727.8769430769607,0.014728792943060398,0.05000000074505806,0.15318351984024048,4.433332920074463
4663,1728.2394883800298,0.01477428711950779,0.05000000074505806,0.16162362694740295,4.111764907836914
4664,1728.9471454061568,0.01647867262363434,0.05000000074505806,0.1741410493850708,4.74545431137085
4665,1729.2847544290125,0.015083410777151585,0.05000000074505806,0.16692791879177094,4.099999904632568
4666,1729.9063432132825,0.016798678785562515,0.05000000074505806,0.165390282869339,4.491666316986084
4667,1730.7053759014234,0.014389381743967533,0.05000000074505806,0.15578584372997284,4.235999584197998
4668,1731.5573347937316,0.017232436686754227,0.05000000074505806,0.17751798033714294,4.249999523162842
4669,1731.8828999409452,0.015772230923175812,0.05000000074505806,0.16236162185668945,4.550000190734863
4670,1732.2338550630957,0.016781466081738472,0.05000000074505806,0.17105263471603394,4.273077011108398
4671,1732.8662720043212,0.01365757454186678,0.05000000074505806,0.15721231698989868,4.373683929443359
4672,1733.1990169705823,0.014164069667458534,0.05000000074505806,0.15903815627098083,4.216666221618652
4673,1733.5571868903935,0.01699238270521164,0.05000000074505806,0.16395704448223114,3.924999713897705
4674,1734.0590148624033,0.014748359099030495,0.05000000074505806,0.17655311524868011,4.59499979019165
4675,1734.8656239770353,0.017811069265007973,0.05000000074505806,0.1677754819393158,5.139999866485596
4676,1735.2204061718658,0.016987059265375137,0.05000000074505806,0.173380047082901,4.395999908447266
4677,1735.8594926996157,0.014450497925281525,0.05000000074505806,0.17151767015457153,5.261538505554199
4678,1736.2260538106784,0.014513518661260605,0.05000000074505806,0.17247706651687622,4.676190376281738
4679,1736.5620379932225,0.0155497957020998,0.05000000074505806,0.17047618329524994,4.550000190734863
4680,1736.916946966201,0.015498694032430649,0.05000000074505806,0.17344321310520172,4.742856979370117
4681,1737.2533572902903,0.016623470932245255,0.05000000074505806,0.1625199317932129,4.165217399597168
4682,1737.6627858420834,0.01578333228826523,0.05000000074505806,0.18607594072818756,4.985714435577393
4683,1738.0090326732025,0.016435246914625168,0.05000000074505806,0.1755775511264801,4.704999923706055
4684,1738.3433985346928,0.018587635830044746,0.05000000074505806,0.16749176383018494,4.404545307159424
4685,1738.7158537432551,0.015434364788234234,0.05000000074505806,0.16883720457553864,4.379310131072998
4686,1739.5424631871283,0.017674315720796585,0.05000000074505806,0.17207679152488708,4.369999885559082
4687,1740.3967052316293,0.01760534942150116,0.05000000074505806,0.17413794994354248,4.864999771118164
4688,1741.104064386338,0.014920275658369064,0.05000000074505806,0.1631578952074051,4.184615612030029
4689,1741.4806171655655,0.014299201779067516,0.05000000074505806,0.1640511006116867,4.419999599456787
4690,1742.4513911586255,0.016263917088508606,0.05000000074505806,0.1629057079553604,4.328571319580078
4691,1742.7907479358837,0.01613493263721466,0.05000000074505806,0.16679610311985016,4.5923075675964355
4692,1743.1331833628938,0.01612452045083046,0.05000000074505806,0.16393442451953888,4.154545307159424
4693,1743.482374932617,0.01690419390797615,0.05000000074505806,0.1705544888973236,4.824999809265137
4694,1744.788040978834,0.01715223677456379,0.05000000074505806,0.16421404480934143,4.155555248260498
4695,1745.4489564821124,0.017045939341187477,0.05000000074505806,0.17700934410095215,5.017646789550781
4696,1745.761334539391,0.014611709862947464,0.05000000074505806,0.16625766456127167,4.199999809265137
4697,1746.3814616398886,0.015769099816679955,0.05000000074505806,0.16871166229248047,4.244443893432617
4698,1747.2051572315395,0.017446639016270638,0.05000000074505806,0.163147434592247,4.599999904632568
4699,1748.068644048646,0.016293946653604507,0.05000000074505806,0.15855573117733002,4.147368431091309
4700,1748.3776918798685,0.014789007604122162,0.05000000074505806,0.1748310923576355,4.215384483337402
4701,1748.9827770711854,0.013465416617691517,0.05000000074505806,0.16547010838985443,4.452174186706543
4702,1749.8978144126013,0.015010258182883263,0.05000000074505806,0.16363635659217834,4.559091091156006
4703,1750.2506042132154,0.013782265596091747,0.05000000074505806,0.17004992067813873,4.034615516662598
4704,1750.6152255730703,0.0157763808965683,0.05000000074505806,0.17592592537403107,4.829411506652832
4705,1750.9916534647346,0.017902318388223648,0.05000000074505806,0.17539183795452118,4.6541666984558105
4706,1751.3202558327466,0.01517909113317728,0.05000000074505806,0.15678831934928894,3.9862067699432373
4707,1752.0644223773852,0.016737887635827065,0.05000000074505806,0.16958855092525482,4.232000350952148
4708,1752.870218760334,0.014712193980813026,0.05000000074505806,0.18311111629009247,5.446152687072754
4709,1753.4088761387393,0.01602558232843876,0.05000000074505806,0.17806324362754822,5.026315689086914
4710,1753.7687384802848,0.013323304243385792,0.05000000074505806,0.159216970205307,4.339999675750732
4711,1754.4334805654362,0.016191113740205765,0.05000000074505806,0.17586207389831543,4.843749523162842
4712,1755.2740073110908,0.016256041824817657,0.05000000074505806,0.1724238097667694,4.2407402992248535
4713,1756.2081666439772,0.015697775408625603,0.05000000074505806,0.16845636069774628,4.733333587646484
4714,1757.352830809541,0.014010422863066196,0.05000000074505806,0.16614173352718353,4.2076921463012695
4715,1757.6933702779934,0.015868721529841423,0.05000000074505806,0.1638016700744629,4.1999993324279785
4716,1758.0180880613625,0.01538137812167406,0.05000000074505806,0.17428058385849,4.500000476837158
4717,1758.8594898637384,0.018181087449193,0.05000000074505806,0.15852713584899902,4.61904764175415
4718,1759.5752806561068,0.014814880676567554,0.05000000074505806,0.16578072309494019,4.320000171661377
4719,1759.956334115006,0.017351269721984863,0.05000000074505806,0.1619582623243332,4.282608509063721
4720,1760.811557283625,0.015468775294721127,0.05000000074505806,0.1753130555152893,4.3428568840026855
4721,1761.1463953489438,0.016403449699282646,0.05000000074505806,0.16845877468585968,4.686363697052002
4722,1761.7134278481826,0.015370880253612995,0.05000000074505806,0.17703180015087128,4.572727203369141
4723,1762.1001394288614,0.01617421582341194,0.05000000074505806,0.16344085335731506,4.549999713897705
4724,1763.0167371137068,0.015421891584992409,0.05000000074505806,0.16606557369232178,4.100000381469727
4725,1763.34343335405,0.015097877942025661,0.05000000074505806,0.16825395822525024,4.542105197906494
4726,1763.6698522586375,0.016657765954732895,0.05000000074505806,0.1683390885591507,4.5217390060424805
4727,1763.9974454957992,0.015185121446847916,0.05000000074505806,0.17229963839054108,4.621739387512207
4728,1764.3090286124498,0.016501134261488914,0.05000000074505806,0.19040510058403015,4.699999809265137
4729,1765.1689422009513,0.014071148820221424,0.05000000074505806,0.17860780656337738,5.505262851715088
4730,1765.505056140013,0.014600351452827454,0.05000000074505806,0.16830123960971832,4.259999752044678
4731,1765.965614259243,0.015839364379644394,0.05000000074505806,0.17429150640964508,4.849999904632568
4732,1766.6289582885802,0.015409976243972778,0.05000000074505806,0.167489692568779,4.664706230163574
4733,1767.6025257399306,0.013567113317549229,0.05000000074505806,0.16890756785869598,4.504761695861816
4734,1767.9970481898636,0.015763211995363235,0.05000000074505806,0.17221322655677795,4.440908908843994
4735,1768.3571267891675,0.01392467599362135,0.05000000074505806,0.1655045747756958,4.4285712242126465
4736,1768.7237481363118,0.015597008168697357,0.05000000074505806,0.16024306416511536,4.504545211791992
4737,1769.2060603313148,0.015882130712270737,0.05000000074505806,0.17186857759952545,4.525000095367432
4738,1770.1767501747236,0.018512563779950142,0.05000000074505806,0.1719360500574112,4.504347801208496
4739,1770.5147752519697,0.017040174454450607,0.05000000074505806,0.1628742665052414,4.842105388641357
4740,1771.6981299184263,0.014399046078324318,0.05000000074505806,0.16076794266700745,4.105000019073486
4741,1772.0181915163994,0.016298403963446617,0.05000000074505806,0.16371239721775055,4.204348087310791
4742,1772.3999102553353,0.015283308923244476,0.05000000074505806,0.16897162795066833,4.479166507720947
4743,1773.7683813180774,0.015681983903050423,0.05000000074505806,0.18019230663776398,5.068421363830566
4744,1774.110101771541,0.015326562337577343,0.05000000074505806,0.16424579918384552,4.5333333015441895
4745,1774.4543486172333,0.014374886639416218,0.05000000074505806,0.1752244085073471,4.376190185546875
4746,1774.7912334669381,0.015868188813328743,0.05000000074505806,0.17855709791183472,5.109999656677246
4747,1775.2093348857015,0.012976019643247128,0.05000000074505806,0.17504271864891052,4.840000152587891
4748,1776.0873954622075,0.016700925305485725,0.05000000074505806,0.17339450120925903,4.482608795166016
4749,1776.419595150277,0.01533228438347578,0.05000000074505806,0.1745762825012207,4.426666736602783
4750,1777.0635558823124,0.01672353781759739,0.05000000074505806,0.16441820561885834,4.573913097381592
4751,1777.872325164266,0.016343610361218452,0.05000000074505806,0.17410527169704437,4.888235092163086
4752,1778.6781580671668,0.014788348227739334,0.05000000074505806,0.16790352761745453,4.572727203369141
4753,1779.4434854723513,0.016757071018218994,0.05000000074505806,0.1689590960741043,4.637499809265137
4754,1779.8657687800005,0.014201396144926548,0.05000000074505806,0.16514286398887634,4.513636112213135
4755,1780.5289377169684,0.01337939128279686,0.05000000074505806,0.16007393598556519,4.454545974731445
4756,1781.3409972181544,0.014893891289830208,0.05000000074505806,0.17798012495040894,4.5916666984558105
4757,1781.654790258035,0.017339341342449188,0.05000000074505806,0.16655519604682922,4.399999618530273
4758,1781.9945775419474,0.015101050026714802,0.05000000074505806,0.1723967045545578,4.195000171661377
4759,1782.3707533366978,0.014978705905377865,0.05000000074505806,0.15702053904533386,4.3956522941589355
4760,1782.8335278630257,0.018054859712719917,0.05000000074505806,0.16677741706371307,4.328571796417236
4761,1783.188978470862,0.01624554954469204,0.05000000074505806,0.16299639642238617,4.404761791229248
4762,1783.5459337970242,0.015487989410758018,0.05000000074505806,0.17163695394992828,4.630434513092041
4763,1783.8771915333346,0.01479256059974432,0.05000000074505806,0.1602811962366104,4.203999996185303
4764,1784.5199647061527,0.01736040972173214,0.05000000074505806,0.17375479638576508,4.722222328186035
4765,1785.3799578947946,0.01591365411877632,0.05000000074505806,0.1754646897315979,4.722727298736572
4766,1785.7471771156415,0.014257082715630531,0.05000000074505806,0.1666169911623001,4.240740776062012
4767,1786.2213904652745,0.01662297174334526,0.05000000074505806,0.16308853030204773,4.5
4768,1786.541975875385,0.015684839338064194,0.05000000074505806,0.1760435551404953,4.615789890289307
4769,1787.7186696901917,0.015607479959726334,0.05000000074505806,0.16803278028964996,4.554999828338623
4770,1788.0748700844124,0.01423807442188263,0.05000000074505806,0.16672104597091675,4.340000152587891
4771,1788.3965448150411,0.015939967706799507,0.05000000074505806,0.15423142910003662,4.113636493682861
4772,1788.9058029074222,0.017222601920366287,0.05000000074505806,0.17872340977191925,4.400000095367432
4773,1789.3346030842513,0.01554321963340044,0.05000000074505806,0.16798245906829834,4.251852035522461
4774,1789.6786144673824,0.01425541378557682,0.05000000074505806,0.15474452078342438,3.955172538757324
4775,1790.0313126668334,0.014091433957219124,0.05000000074505806,0.17000000178813934,4.315384387969971
4776,1791.3407182330266,0.016807952895760536,0.05000000074505806,0.1610344797372818,4.449999809265137
4777,1792.1588493175805,0.013309521600604057,0.05000000074505806,0.17299145460128784,4.450000286102295
4778,1793.0463535925373,0.015271065756678581,0.05000000074505806,0.1722627729177475,4.499999523162842
4779,1794.4185820547864,0.016578877344727516,0.05000000074505806,0.16931408643722534,4.542105197906494
4780,1794.790845184587,0.01516750454902649,0.05000000074505806,0.16761744022369385,4.484614849090576
4781,1795.1415228033438,0.015040896832942963,0.05000000074505806,0.17270994186401367,4.554999828338623
4782,1795.4788460284472,0.016122614964842796,0.05000000074505806,0.1607876569032669,4.364999771118164
4783,1795.8253101883456,0.014652100391685963,0.05000000074505806,0.16397187113761902,4.634782314300537
4784,1796.3703558491543,0.018495231866836548,0.05000000074505806,0.15755286812782288,3.855555772781372
4785,1796.7506715068594,0.016347574070096016,0.05000000074505806,0.16554488241672516,4.1318182945251465
4786,1797.5709635568783,0.016564270481467247,0.05000000074505806,0.1750871241092682,4.572000026702881
4787,1798.0266254618764,0.01400105282664299,0.05000000074505806,0.16435986757278442,4.44444465637207
4788,1798.8025686535984,0.016828281804919243,0.05000000074505806,0.16339869797229767,4.417391300201416
4789,1799.8150238869712,0.016378378495573997,0.05000000074505806,0.17231328785419464,4.383333206176758
4790,1800.1343704452738,0.01585501804947853,0.05000000074505806,0.16282051801681519,4.199999809265137
4791,1801.169986575842,0.013779689557850361,0.05000000074505806,0.16981519758701324,4.714999675750732
4792,1801.4900041343644,0.016023792326450348,0.05000000074505806,0.16845877468585968,4.456521511077881
4793,1802.1024212297052,0.01625935547053814,0.05000000074505806,0.181370809674263,4.770587921142578
4794,1802.4678484825417,0.01573844812810421,0.05000000074505806,0.1654147207736969,4.4454545974731445
4795,1803.590109067969,0.016376951709389687,0.05000000074505806,0.16331736743450165,4.239130020141602
4796,1804.4448637999594,0.016865579411387444,0.05000000074505806,0.1745736449956894,4.683333396911621
4797,1805.470494628884,0.015081388875842094,0.05000000074505806,0.16379019618034363,4.211538314819336
4798,1805.8058712631464,0.01638237200677395,0.05000000074505806,0.17824497818946838,4.610000133514404
4799,1806.152333038859,0.015937937423586845,0.05000000074505806,0.16532905399799347,4.350000381469727
4800,1806.6453207209706,0.01397822517901659,0.05000000074505806,0.1670433133840561,4.395651817321777
4801,1806.97463130299,0.013200431130826473,0.05000000074505806,0.1671280413866043,4.509999752044678
4802,1807.6595685528591,0.016267452389001846,0.05000000074505806,0.18186916410923004,4.855555057525635
4803,1808.5059750992805,0.014846699312329292,0.05000000074505806,0.16890910267829895,4.5958333015441895
4804,1809.460776310414,0.015778791159391403,0.05000000074505806,0.1645044982433319,4.3111114501953125
4805,1810.3299557920545,0.017274586483836174,0.05000000074505806,0.16714543104171753,4.291304111480713
4806,1810.7635351866484,0.018669888377189636,0.05000000074505806,0.16887754201889038,4.775000095367432
4807,1811.3068171115592,0.0162823386490345,0.05000000074505806,0.17075631022453308,4.353846549987793
4808,1812.0953622749075,0.01680769957602024,0.05000000074505806,0.16087612509727478,4.219230651855469
4809,1812.4204569952562,0.013881106860935688,0.05000000074505806,0.18016032874584198,4.90000057220459
4810,1813.2243331605569,0.016522955149412155,0.05000000074505806,0.1538461595773697,4.072000026702881
4811,1813.538348518312,0.015430976636707783,0.05000000074505806,0.163608580827713,4.125925540924072
4812,1813.8604505183175,0.01488857064396143,0.05000000074505806,0.17201365530490875,4.413636684417725
4813,1814.2036523288116,0.015282774344086647,0.05000000074505806,0.17019544541835785,4.404762268066406
4814,1814.5369649790227,0.017293252050876617,0.05000000074505806,0.16009388864040375,3.9857141971588135
4815,1815.3498281510547,0.016843276098370552,0.05000000074505806,0.1714285910129547,4.7833333015441895
4816,1815.663185893558,0.01678014174103737,0.05000000074505806,0.16320422291755676,4.486363887786865
4817,1816.2519911676645,0.015211706049740314,0.05000000074505806,0.15681470930576324,3.953571319580078
4818,1816.6016529155895,0.012999744154512882,0.05000000074505806,0.16496124863624573,4.556250095367432
4819,1817.1822809763253,0.014899018220603466,0.05000000074505806,0.1675257831811905,3.948147773742676
4820,1817.9796607168391,0.015908492729067802,0.05000000074505806,0.1644781231880188,4.828571319580078
4821,1818.3188801873475,0.016529850661754608,0.05000000074505806,0.1631067842245102,4.011110782623291
4822,1818.6778188189492,0.017118923366069794,0.05000000074505806,0.17151516675949097,4.805882453918457
4823,1819.0085352594033,0.016943994909524918,0.05000000074505806,0.1554585099220276,4.111110687255859
4824,1819.323275346309,0.014744206331670284,0.05000000074505806,0.16898638010025024,4.064000129699707
4825,1820.1462548887357,0.01578560099005699,0.05000000074505806,0.15728157758712769,4.3565216064453125
4826,1821.0428190287203,0.014446602202951908,0.05000000074505806,0.16470588743686676,3.882758378982544
4827,1821.4094239566475,0.015070850029587746,0.05000000074505806,0.1698818802833557,5.231249809265137
4828,1821.77427510079,0.013743259012699127,0.05000000074505806,0.17725807428359985,4.438461780548096
4829,1822.1583738122135,0.016276491805911064,0.05000000074505806,0.1817028969526291,4.82352876663208
4830,1822.479346496053,0.01636648178100586,0.05000000074505806,0.15800318121910095,4.3478264808654785
4831,1822.8037634240463,0.014530609361827374,0.05000000074505806,0.1628751903772354,4.138461589813232
4832,1823.15154007636,0.014845035038888454,0.05000000074505806,0.16839544475078583,4.426086902618408
4833,1823.9196315901354,0.013997321017086506,0.05000000074505806,0.16504065692424774,4.114285469055176
4834,1824.7795523433015,0.01629527099430561,0.05000000074505806,0.17166948318481445,4.71818208694458
4835,1825.604000100866,0.015344319865107536,0.05000000074505806,0.16704362630844116,4.234615802764893
4836,1825.9231716096401,0.015451180748641491,0.05000000074505806,0.17027972638607025,4.605882167816162
4837,1826.275724845007,0.01636662520468235,0.05000000074505806,0.1666666567325592,4.383999824523926
4838,1826.9735975377262,0.014737049117684364,0.05000000074505806,0.16638512909412384,4.328571319580078
4839,1827.9750688178465,0.015319271013140678,0.05000000074505806,0.16575540602207184,4.129167079925537
4840,1828.28861940559,0.012805420905351639,0.05000000074505806,0.17204658687114716,4.548000335693359
4841,1829.0680243941024,0.01438879780471325,0.05000000074505806,0.16004139184951782,4.574999809265137
4842,1829.4403348229825,0.01663137599825859,0.05000000074505806,0.1692449450492859,4.5
4843,1830.0199937196448,0.016341473907232285,0.05000000074505806,0.1621212214231491,4.278947353363037
4844,1830.6919346731156,0.014958742074668407,0.05000000074505806,0.16442140936851501,4.443478107452393
4845,1831.0642842557281,0.017087116837501526,0.05000000074505806,0.16649030148983002,4.299999713897705
4846,1831.825241997838,0.01564434915781021,0.05000000074505806,0.17535212635993958,4.517391204833984
4847,1832.542627141811,0.016951993107795715,0.05000000074505806,0.1593354493379593,4.192592620849609
4848,1832.8701767530292,0.016099631786346436,0.05000000074505806,0.17936772108078003,4.682608604431152
4849,1834.4958881372586,0.015190945006906986,0.05000000074505806,0.15826644003391266,4.165217399597168
4850,1835.8574329148978,0.015729114413261414,0.05000000074505806,0.1707407385110855,4.299999713897705
4851,1836.2130129151046,0.015164724551141262,0.05000000074505806,0.16726385056972504,4.552173614501953
4852,1836.817316618748,0.016171995550394058,0.05000000074505806,0.1670689731836319,4.543477535247803
4853,1837.6158316163346,0.013095743954181671,0.05000000074505806,0.16822105646133423,4.264000415802002
4854,1838.4407978262752,0.015221450477838516,0.05000000074505806,0.1657051146030426,4.4772725105285645
4855,1838.8862741999328,0.014958100393414497,0.05000000074505806,0.16762588918209076,4.150000095367432
4856,1839.4556164871901,0.015040380880236626,0.05000000074505806,0.16762226819992065,4.409523963928223
4857,1840.2414277009666,0.015029115602374077,0.05000000074505806,0.16649214923381805,4.517391204833984
4858,1840.9260339736938,0.01578846387565136,0.05000000074505806,0.15279673039913177,3.959259271621704
4859,1841.2490948876366,0.015975600108504295,0.05000000074505806,0.164000004529953,4.12666654586792
4860,1841.6516638584435,0.015476265922188759,0.05000000074505806,0.16742423176765442,4.294999599456787
4861,1842.0034446138889,0.017135249450802803,0.05000000074505806,0.16442006826400757,4.199999809265137
4862,1842.3469948843122,0.01612427458167076,0.05000000074505806,0.17224080860614777,4.591304302215576
4863,1842.699121043086,0.01576857641339302,0.05000000074505806,0.16553398966789246,4.2260870933532715
4864,1843.2347356267273,0.01584753952920437,0.05000000074505806,0.16529516875743866,4.254545211791992
4865,1843.7363167013973,0.016277099028229713,0.05000000074505806,0.1704947054386139,4.9190473556518555
4866,1844.107808161527,0.016701973974704742,0.05000000074505806,0.17061856389045715,4.299999713897705
4867,1844.468450004235,0.01221495307981968,0.05000000074505806,0.173859640955925,4.730434894561768
4868,1845.3882875060663,0.015972748398780823,0.05000000074505806,0.16838489472866058,4.3045454025268555
4869,1846.3133912561461,0.016969915479421616,0.05000000074505806,0.17761193215847015,4.857142925262451
4870,1846.6433335123584,0.017024802044034004,0.05000000074505806,0.16477064788341522,4.452941417694092
4871,1846.9792057825252,0.015658298507332802,0.05000000074505806,0.16584233939647675,4.539999961853027
4872,1847.3579856855795,0.015164902433753014,0.05000000074505806,0.1607944667339325,4.124999523162842
4873,1848.218829284422,0.016573743894696236,0.05000000074505806,0.15970873832702637,4.263636589050293
4874,1848.5656813997775,0.013834579847753048,0.05000000074505806,0.1679425835609436,4.23703670501709
4875,1849.084004573524,0.0157611146569252,0.05000000074505806,0.17023594677448273,4.483333587646484
4876,1849.9440381061286,0.014429064467549324,0.05000000074505806,0.1726943999528885,4.6173906326293945
4877,1850.2575988871977,0.0169848520308733,0.05000000074505806,0.17513813078403473,4.877778053283691
4878,1850.8403161363676,0.016419891268014908,0.05000000074505806,0.18485981225967407,4.863636493682861
4879,1851.623100564815,0.01605076715350151,0.05000000074505806,0.1718360036611557,4.755000114440918
4880,1852.580741936341,0.015619643963873386,0.05000000074505806,0.1608695685863495,4.073077201843262
4881,1853.3980655986816,0.01577669009566307,0.05000000074505806,0.1662866473197937,4.368182182312012
4882,1853.7963149016723,0.018407050520181656,0.05000000074505806,0.17419354617595673,4.695652008056641
4883,1854.1389553891495,0.015213454142212868,0.05000000074505806,0.16880908608436584,4.531578540802002
4884,1854.5113522652537,0.014578061178326607,0.05000000074505806,0.1754646748304367,4.724999904632568
4885,1854.885373596102,0.0161312036216259,0.05000000074505806,0.1592709869146347,4.34761905670166
4886,1855.454507516697,0.01535770297050476,0.05000000074505806,0.17274335026741028,4.28000020980835
4887,1856.7804617304355,0.01594254933297634,0.05000000074505806,0.17446808516979218,5.123529434204102
4888,1857.1708536660299,0.015876997262239456,0.05000000074505806,0.16910994052886963,4.385714054107666
4889,1857.938669566065,0.01394618023186922,0.05000000074505806,0.17867079377174377,4.619999885559082
4890,1858.2704854793847,0.0164495836943388,0.05000000074505806,0.1702166050672531,4.694118022918701
4891,1858.6006756536663,0.015096805058419704,0.05000000074505806,0.17195121943950653,4.71818208694458
4892,1859.2702213358134,0.015489043667912483,0.05000000074505806,0.16724437475204468,4.627272605895996
4893,1859.6066194260493,0.013576377183198929,0.05000000074505806,0.1725524365901947,4.221052646636963
4894,1860.1930451057851,0.01624024659395218,0.05000000074505806,0.16777779161930084,4.5740742683410645
4895,1860.5446360995993,0.01571619138121605,0.05000000074505806,0.17287522554397583,4.310000419616699
4896,1861.1962308557704,0.016203751787543297,0.05000000074505806,0.17483220994472504,4.811110973358154
4897,1861.5196972303092,0.01635964773595333,0.05000000074505806,0.16842104494571686,4.3444437980651855
4898,1862.0885804565623,0.015585890971124172,0.05000000074505806,0.17661595344543457,4.72857141494751
4899,1862.6384323108941,0.01894770748913288,0.05000000074505806,0.16059602797031403,4.170833587646484
4900,1862.9750751229003,0.016007378697395325,0.05000000074505806,0.17014925181865692,4.54736852645874
4901,1863.29684274178,0.014467681758105755,0.05000000074505806,0.1605396270751953,4.369230270385742
4902,1863.6770630702376,0.014928268268704414,0.05000000074505806,0.18294118344783783,4.684210300445557
4903,1864.0409306371585,0.015292517840862274,0.05000000074505806,0.17684631049633026,4.994443893432617
4904,1864.371836305596,0.015481413342058659,0.05000000074505806,0.16068841516971588,4.4285712242126465
4905,1865.2700334694237,0.01469308603554964,0.05000000074505806,0.16649915277957916,4.155999660491943
4906,1866.1433792011812,0.016562944278120995,0.05000000074505806,0.1703275442123413,4.6999993324279785
4907,1866.9831283232197,0.017320871353149414,0.05000000074505806,0.17943261563777924,4.688889503479004
4908,1867.3141098348424,0.01510797068476677,0.05000000074505806,0.17005443572998047,4.868420124053955
4909,1867.6362799359486,0.016818776726722717,0.05000000074505806,0.17264491319656372,4.695454120635986
4910,1868.2768232086673,0.015723951160907745,0.05000000074505806,0.1648690402507782,4.2076921463012695
4911,1869.1717728422955,0.016453688964247704,0.05000000074505806,0.16338981688022614,4.6526312828063965
4912,1869.6764384349808,0.01763812080025673,0.05000000074505806,0.17382444441318512,4.307407379150391
4913,1870.2136619901285,0.014859919436275959,0.05000000074505806,0.15911413729190826,4.354166507720947
4914,1871.0671017821878,0.017742229625582695,0.05000000074505806,0.17008264362812042,4.057143211364746
4915,1871.9757681675255,0.017329314723610878,0.05000000074505806,0.17556466162204742,5.026315689086914
4916,1872.4711942570284,0.017498629167675972,0.05000000074505806,0.17932961881160736,4.736842155456543
4917,1872.9945254875347,0.01458738837391138,0.05000000074505806,0.1656896471977234,4.422727108001709
4918,1873.7683447441086,0.015103104524314404,0.05000000074505806,0.1816532164812088,4.994117736816406
4919,1874.1160595202819,0.014646481722593307,0.05000000074505806,0.17427466809749603,4.768421173095703
4920,1874.6271704854444,0.014650029130280018,0.05000000074505806,0.1554517149925232,4.275999546051025
4921,1875.0979567524046,0.0164771880954504,0.05000000074505806,0.16091081500053406,4.179999828338623
4922,1875.7393403761089,0.015586352907121181,0.05000000074505806,0.1660565584897995,4.371428489685059
4923,1876.420752105303,0.015939343720674515,0.05000000074505806,0.16555362939834595,4.308332920074463
4924,1876.7523238956928,0.016064733266830444,0.05000000074505806,0.1628899723291397,4.337500095367432
4925,1877.1868635378778,0.014144809916615486,0.05000000074505806,0.16707104444503784,4.461904525756836
4926,1877.5345305418596,0.015186005271971226,0.05000000074505806,0.17639638483524323,4.781818389892578
4927,1878.3266316009685,0.0150981480255723,0.05000000074505806,0.17401033639907837,4.4285712242126465
4928,1878.6590622570366,0.012754113413393497,0.05000000074505806,0.17274436354637146,5.144444465637207
4929,1879.445271701552,0.017108222469687462,0.05000000074505806,0.16039280593395233,4.026316165924072
4930,1880.278925433755,0.014867253601551056,0.05000000074505806,0.17231041193008423,4.660869598388672
4931,1880.66368507687,0.015421970747411251,0.05000000074505806,0.17045839130878448,4.130768775939941
4932,1881.0040078246966,0.016664262861013412,0.05000000074505806,0.16514383256435394,4.58695650100708
4933,1881.8078838689253,0.01645142212510109,0.05000000074505806,0.16265390813350677,3.919999599456787
4934,1882.19561021775,0.016054224222898483,0.05000000074505806,0.1686514914035797,4.4083333015441895
4935,1882.7458124859259,0.015326994471251965,0.05000000074505806,0.1707533299922943,4.190000057220459
4936,1883.1011601611972,0.014955279417335987,0.05000000074505806,0.16816073656082153,4.267857074737549
4937,1883.915281161666,0.015361350029706955,0.05000000074505806,0.1780083030462265,4.710526466369629
4938,1884.254355338402,0.016865860670804977,0.05000000074505806,0.16539129614830017,4.539999961853027
4939,1884.605230204761,0.014958773739635944,0.05000000074505806,0.16624000668525696,4.541666507720947
4940,1885.1867632828653,0.015603993088006973,0.05000000074505806,0.17348067462444305,4.5217390060424805
4941,1885.518152316101,0.016887083649635315,0.05000000074505806,0.16944444179534912,4.640909194946289
4942,1885.8698210567236,0.015575830824673176,0.05000000074505806,0.16163793206214905,4.017857074737549
4943,1886.1922938600183,0.015352144837379456,0.05000000074505806,0.16584566235542297,4.418181896209717
4944,1886.5164686469361,0.015081419609487057,0.05000000074505806,0.1635379195213318,4.461538314819336
4945,1887.2646556831896,0.01550160814076662,0.05000000074505806,0.16036933660507202,4.040625095367432
4946,1888.949236719869,0.01633613556623459,0.05000000074505806,0.16549816727638245,4.3681817054748535
4947,1889.3320999220014,0.013173491694033146,0.05000000074505806,0.1823408603668213,4.847368240356445
4948,1889.6412412952632,0.014322272501885891,0.05000000074505806,0.16013512015342712,4.285714149475098
4949,1890.003250042908,0.015160104259848595,0.05000000074505806,0.170818492770195,4.414999485015869
4950,1890.3397077638656,0.01661880500614643,0.05000000074505806,0.16609524190425873,4.776190757751465
4951,1890.867187029682,0.014260968193411827,0.05000000074505806,0.17491695284843445,4.495237827301025
4952,1891.193912414834,0.017482927069067955,0.05000000074505806,0.16421405971050262,4.335999965667725
4953,1891.5873354496434,0.015222415328025818,0.05000000074505806,0.15587830543518066,3.7733330726623535
4954,1891.9022782472894,0.014877350069582462,0.05000000074505806,0.16746267676353455,4.313043594360352
4955,1892.578024188988,0.0166038665920496,0.05000000074505806,0.1645468920469284,4.15925931930542
4956,1892.9233334986493,0.01628139801323414,0.05000000074505806,0.17166666686534882,4.376190185546875
4957,1893.4886247646064,0.014258812181651592,0.05000000074505806,0.17033332586288452,4.650000095367432
4958,1893.8247428126633,0.015426266007125378,0.05000000074505806,0.16896551847457886,4.476190090179443
4959,1894.1522498289123,0.01737319305539131,0.05000000074505806,0.16075947880744934,4.456249713897705
4960,1894.4883765941486,0.01506569143384695,0.05000000074505806,0.16375404596328735,4.208333492279053
4961,1894.9914317866787,0.014561615884304047,0.05000000074505806,0.163705974817276,4.151851654052734
4962,1896.0401714649051,0.01514991745352745,0.05000000074505806,0.1735401451587677,4.627272605895996
4963,1897.0347590548918,0.015125763602554798,0.05000000074505806,0.16641679406166077,4.391304016113281
4964,1897.3982490766793,0.015365506522357464,0.05000000074505806,0.1577160507440567,4.003571510314941
4965,1897.746759738773,0.01668211817741394,0.05000000074505806,0.17271292209625244,4.400000095367432
4966,1898.4046555850655,0.015361378900706768,0.05000000074505806,0.17232923209667206,4.508695602416992
4967,1898.7680096598342,0.015295281074941158,0.05000000074505806,0.1693979948759079,4.374999523162842
4968,1899.227847499773,0.018170278519392014,0.05000000074505806,0.16582277417182922,4.111538410186768
4969,1899.767354927957,0.016353437677025795,0.05000000074505806,0.1636042445898056,4.586364269256592
4970,1900.1059462791309,0.014910135418176651,0.05000000074505806,0.16777996718883514,4.56315803527832
4971,1900.4435927215964,0.015358763746917248,0.05000000074505806,0.1715315282344818,4.684210300445557
4972,1900.7650767825544,0.016433240845799446,0.05000000074505806,0.16583333909511566,4.333333492279053
4973,1901.0785192186013,0.016800718382000923,0.05000000074505806,0.162820503115654,4.361538410186768
4974,1901.418269874528,0.01563383638858795,0.05000000074505806,0.17184944450855255,4.747058868408203
4975,1901.80330420658,0.017123406752943993,0.05000000074505806,0.1574498414993286,3.890625238418579
4976,1902.6074919300154,0.014413721859455109,0.05000000074505806,0.16842104494571686,4.334782600402832
4977,1903.5874200463295,0.016018325462937355,0.05000000074505806,0.16937269270420074,4.97777795791626
4978,1903.9694531774148,0.01283430214971304,0.05000000074505806,0.1640625298023224,4.103333473205566
4979,1904.5871451944113,0.01671230047941208,0.05000000074505806,0.17379766702651978,4.427272796630859
4980,1904.9080429952592,0.016230817884206772,0.05000000074505806,0.16486956179141998,4.59499979019165
4981,1905.229044644162,0.016854215413331985,0.05000000074505806,0.16778524219989777,4.395833492279053
4982,1905.5779892671853,0.018086981028318405,0.05000000074505806,0.18940091133117676,5.135714054107666
4983,1905.9349740417674,0.01553253922611475,0.05000000074505806,0.16289593279361725,4.2920002937316895
4984,1906.3177626533434,0.014286281540989876,0.05000000074505806,0.16347824037075043,4.391666889190674
4985,1906.6468573343009,0.014795375056564808,0.05000000074505806,0.16556835174560547,4.227999687194824
4986,1907.568897228688,0.014418783597648144,0.05000000074505806,0.16898395121097565,4.5411763191223145
4987,1908.3850688198581,0.014090393669903278,0.05000000074505806,0.15751823782920837,4.107407093048096
4988,1909.205485199578,0.014382299035787582,0.05000000074505806,0.16989079117774963,4.319231033325195
4989,1909.5687143085524,0.014255475252866745,0.05000000074505806,0.1635092943906784,4.067856788635254
4990,1910.010402103886,0.01829957216978073,0.05000000074505806,0.17528089880943298,4.6421051025390625
4991,1910.3260390749201,0.017163479700684547,0.05000000074505806,0.16514913737773895,4.327272415161133
4992,1910.6467950772494,0.01567952148616314,0.05000000074505806,0.16581326723098755,4.3818182945251465
4993,1910.963979148306,0.01652047410607338,0.05000000074505806,0.17001734673976898,4.199999809265137
4994,1911.2983437273651,0.01681067794561386,0.05000000074505806,0.16909091174602509,4.547825813293457
4995,1911.6317762797698,0.01595667563378811,0.05000000074505806,0.17322835326194763,4.40384578704834
4996,1912.030369545333,0.01469474844634533,0.05000000074505806,0.1700587123632431,4.71875
4997,1912.375771800056,0.01485885214060545,0.05000000074505806,0.15327246487140656,4.099999904632568
4998,1913.1656632358208,0.016806647181510925,0.05000000074505806,0.1650717705488205,4.288000106811523
4999,1913.5170769039541,0.014967555180191994,0.05000000074505806,0.16162988543510437,4.259090900421143
