iteration,loss,epsilon,mean_turn_reward,mean_episode_return
0,0.0638718530535698,0.999701976776123,0.1169164627790451,2.810049295425415
1,0.04536577686667442,0.9994039535522461,0.1171962320804596,2.808333396911621
2,0.04319116100668907,0.9991059303283691,0.11774580925703049,2.82546329498291
3,0.04203422740101814,0.9988079071044922,0.11573242396116257,2.7773284912109375
4,0.03931387886404991,0.9985098838806152,0.11752598732709885,2.821445941925049
5,0.03868621587753296,0.9982118606567383,0.1160721555352211,2.7913196086883545
6,0.0325123593211174,0.9979138374328613,0.11464828252792358,2.749387264251709
7,0.04337560757994652,0.9976158142089844,0.11764088273048401,2.818171262741089
8,0.037718646228313446,0.9973177909851074,0.1169014722108841,2.800367832183838
9,0.03560784459114075,0.9970197677612305,0.11638189107179642,2.7911765575408936
10,0.035026080906391144,0.9967217445373535,0.11657673120498657,2.805208444595337
11,0.03523385524749756,0.9964237213134766,0.11557753384113312,2.7750000953674316
12,0.036168087273836136,0.9961256980895996,0.11766087263822556,2.8144609928131104
13,0.03261981159448624,0.9958276748657227,0.11726120859384537,2.8195600509643555
14,0.03680986911058426,0.9955296516418457,0.11770583689212799,2.830392360687256
15,0.04344000294804573,0.9952316284179688,0.1187400072813034,2.844907522201538
16,0.031499575823545456,0.9949336051940918,0.117466039955616,2.8158090114593506
17,0.03191903233528137,0.9946355819702148,0.11619704216718674,2.7906861305236816
18,0.03805500641465187,0.9943375587463379,0.11750100553035736,2.8179397583007812
19,0.037497054785490036,0.9940395355224609,0.11575739085674286,2.7816176414489746
20,0.03635186329483986,0.993741512298584,0.11594724655151367,2.784926414489746
21,0.03407460078597069,0.993443489074707,0.11672163754701614,2.8008103370666504
22,0.038352057337760925,0.9931454658508301,0.11650179326534271,2.7966911792755127
23,0.03365599364042282,0.9928474426269531,0.11685651540756226,2.8009259700775146
24,0.03125685453414917,0.9925494194030762,0.11645683646202087,2.7892158031463623
25,0.03616590052843094,0.9922513961791992,0.11773081868886948,2.8319852352142334
26,0.029717614874243736,0.9919533729553223,0.11795063316822052,2.827662229537964
27,0.03886517509818077,0.9916553497314453,0.11779576539993286,2.828063726425171
28,0.03794878348708153,0.9913573265075684,0.1171163022518158,2.810049057006836
29,0.03256579861044884,0.9910593032836914,0.11633693426847458,2.797337770462036
30,0.03460464999079704,0.9907612800598145,0.11855515837669373,2.84375
31,0.04052750766277313,0.9904632568359375,0.11595723778009415,2.783449172973633
32,0.04233299568295479,0.9901652336120605,0.1161370798945427,2.78063702583313
33,0.039524924010038376,0.9898672103881836,0.11592226475477219,2.78737735748291
34,0.0385487899184227,0.9895691871643066,0.11813049763441086,2.8341434001922607
35,0.04344133660197258,0.9892711639404297,0.11654676496982574,2.7982842922210693
36,0.042167261242866516,0.9889731407165527,0.11732613295316696,2.8159313201904297
37,0.043294887989759445,0.9886751174926758,0.11786571890115738,2.824305534362793
38,0.039803437888622284,0.9883770942687988,0.11721623688936234,2.8164217472076416
39,0.040035516023635864,0.9880790710449219,0.11700140684843063,2.807986259460449
40,0.046210695058107376,0.9877810478210449,0.11463328450918198,2.747549057006836
41,0.03925522416830063,0.987483024597168,0.11660171300172806,2.8024511337280273
42,0.04198376089334488,0.987185001373291,0.11765587329864502,2.8184030055999756
43,0.04164131358265877,0.9868869781494141,0.1172512099146843,2.8177692890167236
44,0.051008448004722595,0.9865889549255371,0.1177457943558693,2.825857639312744
45,0.046437472105026245,0.9862909317016602,0.11661670356988907,2.7956018447875977
46,0.047862179577350616,0.9859929084777832,0.11676159501075745,2.8014705181121826
47,0.04848984628915787,0.9856948852539062,0.11556755751371384,2.7790510654449463
48,0.042911507189273834,0.9853968620300293,0.11699141561985016,2.805391788482666
49,0.03885451331734657,0.9850988388061523,0.11736112833023071,2.8183820247650146
50,0.05131234973669052,0.9848008155822754,0.11783073842525482,2.825810194015503
51,0.0471566803753376,0.9845027923583984,0.11679657548666,2.806495189666748
52,0.05224251374602318,0.9842047691345215,0.1169564351439476,2.8068628311157227
53,0.043959371745586395,0.9839067459106445,0.11718624085187912,2.8125
54,0.04126906022429466,0.9836087226867676,0.11614208668470383,2.7912988662719727
55,0.048044875264167786,0.9833106994628906,0.11761590838432312,2.817013740539551
56,0.04721056669950485,0.9830126762390137,0.11787571012973785,2.82818603515625
57,0.04282590001821518,0.9827146530151367,0.11783573776483536,2.8223040103912354
58,0.048419855535030365,0.9824166297912598,0.11867007613182068,2.850578784942627
59,0.046429283916950226,0.9821186065673828,0.11626199632883072,2.787867784500122
60,0.048249904066324234,0.9818205833435059,0.11668665707111359,2.804288864135742
61,0.041504014283418655,0.9815225601196289,0.1155625581741333,2.774305582046509
62,0.048317912966012955,0.981224536895752,0.11785071343183517,2.8333332538604736
63,0.04433984309434891,0.980926513671875,0.11823541671037674,2.83414363861084
64,0.05086394026875496,0.980628490447998,0.11658673733472824,2.797304153442383
65,0.04706733673810959,0.9803304672241211,0.11835531890392303,2.8421568870544434
66,0.054111581295728683,0.9800324440002441,0.1179356575012207,2.826273202896118
67,0.04497810825705528,0.9797344207763672,0.11716626584529877,2.814215898513794
68,0.04986265301704407,0.9794363975524902,0.11699140071868896,2.8134803771972656
69,0.04743631184101105,0.9791383743286133,0.11689148098230362,2.805208206176758
70,0.055741820484399796,0.9788403511047363,0.11669664829969406,2.7970588207244873
71,0.04885202273726463,0.9785423278808594,0.11759592592716217,2.8210647106170654
72,0.05208493769168854,0.9782443046569824,0.11778577417135239,2.8205881118774414
73,0.052904076874256134,0.9779462814331055,0.11641687899827957,2.8049018383026123
74,0.045787662267684937,0.9776482582092285,0.11887489259243011,2.844444513320923
75,0.05024174600839615,0.9773502349853516,0.11846522241830826,2.8409314155578613
76,0.052449461072683334,0.9770522117614746,0.11744105815887451,2.82745099067688
77,0.04557657241821289,0.9767541885375977,0.1178407222032547,2.829282522201538
78,0.054691534489393234,0.9764561653137207,0.11574739217758179,2.7748773097991943
79,0.05005588382482529,0.9761581420898438,0.11698640137910843,2.805555582046509
80,0.05076190456748009,0.9758601188659668,0.11813049763441086,2.8321077823638916
81,0.04494688659906387,0.9755620956420898,0.11833033710718155,2.8301472663879395
82,0.052422359585762024,0.9752640724182129,0.11781074106693268,2.8377315998077393
83,0.04636732488870621,0.9749660491943359,0.11805056780576706,2.8327202796936035
84,0.049562640488147736,0.974668025970459,0.11832533776760101,2.8397057056427
85,0.04751508682966232,0.974370002746582,0.11871504038572311,2.851736307144165
86,0.04571928828954697,0.9740719795227051,0.11704635620117188,2.8116419315338135
87,0.04298584163188934,0.9737739562988281,0.11724120378494263,2.811342477798462
88,0.046354033052921295,0.9734759330749512,0.11796063929796219,2.8261029720306396
89,0.05168202146887779,0.9731779098510742,0.11789068579673767,2.826960802078247
90,0.05431655794382095,0.9728798866271973,0.11791566759347916,2.8341434001922607
91,0.05643840134143829,0.9725818634033203,0.11763089895248413,2.8216915130615234
92,0.05153816565871239,0.9722838401794434,0.11684153974056244,2.8139705657958984
93,0.0455147922039032,0.9719858169555664,0.11726119369268417,2.812962770462036
94,0.04651867598295212,0.9716877937316895,0.11774580925703049,2.8140928745269775
95,0.05344107002019882,0.9713897705078125,0.11761091649532318,2.830092430114746
96,0.048445627093315125,0.9710917472839355,0.11799560487270355,2.831249952316284
97,0.052800994366407394,0.9707937240600586,0.1178806945681572,2.830024480819702
98,0.046966541558504105,0.9704957008361816,0.11758093535900116,2.8215274810791016
99,0.04857634752988815,0.9701976776123047,0.11765587329864502,2.820343255996704
100,0.04147709161043167,0.9698996543884277,0.11800059676170349,2.834191083908081
101,0.04694540798664093,0.9696016311645508,0.11865507811307907,2.851273536682129
102,0.048548683524131775,0.9693036079406738,0.11895982176065445,2.8544116020202637
103,0.0529334731400013,0.9690055847167969,0.11870003491640091,2.8466434478759766
104,0.0514724925160408,0.9687075614929199,0.1178956851363182,2.825735330581665
105,0.04053022712469101,0.968409538269043,0.11838530004024506,2.8405635356903076
106,0.05398007109761238,0.968111515045166,0.11664168536663055,2.8064815998077393
107,0.06002835929393768,0.9678134918212891,0.11788567155599594,2.8164217472076416
108,0.03710465505719185,0.9675154685974121,0.11708633601665497,2.8252453804016113
109,0.046390652656555176,0.9672174453735352,0.11922962963581085,2.848032236099243
110,0.054995693266391754,0.9669194221496582,0.1179756298661232,2.841299295425415
111,0.05966179817914963,0.9666213989257812,0.11888488382101059,2.8512730598449707
112,0.047161929309368134,0.9663233757019043,0.11780575662851334,2.820343017578125
113,0.050300244241952896,0.9660253524780273,0.11766086518764496,2.8308823108673096
114,0.05169370397925377,0.9657273292541504,0.11722622811794281,2.814120292663574
115,0.04703398793935776,0.9654293060302734,0.11805056780576706,2.833578586578369
116,0.05588236078619957,0.9651312828063965,0.1178007572889328,2.8236520290374756
117,0.043916672468185425,0.9648332595825195,0.11833533644676208,2.8474535942077637
118,0.0422140471637249,0.9645352363586426,0.11847023665904999,2.835416555404663
119,0.048247113823890686,0.9642372131347656,0.11671163886785507,2.804745674133301
120,0.04324815049767494,0.9639391899108887,0.11826039850711823,2.8258581161499023
121,0.04992074519395828,0.9636411666870117,0.1180955171585083,2.8458333015441895
122,0.04335343465209007,0.9633431434631348,0.11839029937982559,2.839468002319336
123,0.04596836119890213,0.9630451202392578,0.11874999850988388,2.852818489074707
124,0.04618561640381813,0.9627470970153809,0.1198391243815422,2.870098114013672
125,0.05059368535876274,0.9624490737915039,0.11770084500312805,2.8340282440185547
126,0.04906141385436058,0.962151050567627,0.11804057657718658,2.8362743854522705
127,0.05449804663658142,0.96185302734375,0.11704635620117188,2.804745674133301
128,0.04640403389930725,0.961555004119873,0.11826539784669876,2.8295342922210693
129,0.0465361550450325,0.9612569808959961,0.11895483732223511,2.860539197921753
130,0.04930216073989868,0.9609589576721191,0.11794564872980118,2.831944227218628
131,0.04631257802248001,0.9606609344482422,0.11903976649045944,2.854044198989868
132,0.05078786239027977,0.9603629112243652,0.11732614785432816,2.8210785388946533
133,0.04051709175109863,0.9600648880004883,0.11869004368782043,2.8454861640930176
134,0.05006858706474304,0.9597668647766113,0.11753098666667938,2.822916269302368
135,0.04874757304787636,0.9594688415527344,0.11668165773153305,2.802083730697632
136,0.0498519204556942,0.9591708183288574,0.1175859346985817,2.8216912746429443
137,0.04928947612643242,0.9588727951049805,0.11849020421504974,2.8436272144317627
138,0.044143639504909515,0.9585747718811035,0.117386095225811,2.8202545642852783
139,0.05151956528425217,0.9582767486572266,0.1177607849240303,2.828676462173462
140,0.05427459254860878,0.9579787254333496,0.11887989938259125,2.8459558486938477
141,0.044966891407966614,0.9576807022094727,0.11857513338327408,2.848263740539551
142,0.05350709706544876,0.9573826789855957,0.11739608645439148,2.822549343109131
143,0.05326268449425697,0.9570846557617188,0.11990407854318619,2.8709490299224854
144,0.05027094483375549,0.9567866325378418,0.11798061430454254,2.82879900932312
145,0.04953920468688011,0.9564886093139648,0.12043364346027374,2.8883581161499023
146,0.04823571816086769,0.9561905860900879,0.117625892162323,2.8268520832061768
147,0.057064030319452286,0.9558925628662109,0.11734612286090851,2.8183820247650146
148,0.04517431557178497,0.955594539642334,0.11939948797225952,2.859436273574829
149,0.04712169989943504,0.955296516418457,0.1189398542046547,2.8625001907348633
150,0.05406557768583298,0.9549984931945801,0.11892485618591309,2.855147123336792
151,0.04578251764178276,0.9547004699707031,0.11917465180158615,2.8564815521240234
152,0.056803617626428604,0.9544024467468262,0.11872502416372299,2.8482844829559326
153,0.053258590400218964,0.9541044235229492,0.12035872042179108,2.881740093231201
154,0.0494595505297184,0.9538064002990723,0.11808552592992783,2.839930534362793
155,0.0508912168443203,0.9535083770751953,0.11857515573501587,2.8469364643096924
156,0.04506601765751839,0.9532103538513184,0.11886990815401077,2.8513479232788086
157,0.047593314200639725,0.9529123306274414,0.11832534521818161,2.842592477798462
158,0.042907603085041046,0.9526143074035645,0.11861512064933777,2.8438727855682373
159,0.04875996708869934,0.9523162841796875,0.11687149107456207,2.8100695610046387
160,0.04674256220459938,0.9520182609558105,0.1185651421546936,2.8476715087890625
161,0.051270321011543274,0.9517202377319336,0.11920463293790817,2.8553922176361084
162,0.046341463923454285,0.9514222145080566,0.11777078360319138,2.8317129611968994
163,0.053785983473062515,0.9511241912841797,0.11903976649045944,2.85392165184021
164,0.06367053836584091,0.9508261680603027,0.11879497766494751,2.8524508476257324
165,0.04761936888098717,0.9505281448364258,0.11853519082069397,2.8454861640930176
166,0.049036670476198196,0.9502301216125488,0.11811550706624985,2.832843065261841
167,0.05963873863220215,0.9499320983886719,0.11822042614221573,2.839467763900757
168,0.046539440751075745,0.9496340751647949,0.11987908184528351,2.8709561824798584
169,0.045570775866508484,0.949336051940918,0.11868505924940109,2.8531861305236816
170,0.048667680472135544,0.949038028717041,0.11901978403329849,2.8561341762542725
171,0.05192001163959503,0.9487400054931641,0.11867506802082062,2.849632501602173
172,0.04373526573181152,0.9484419822692871,0.11913469433784485,2.858945846557617
173,0.04944036900997162,0.9481439590454102,0.11927957832813263,2.8596065044403076
174,0.0542425774037838,0.9478459358215332,0.11884492635726929,2.8609066009521484
175,0.05746262148022652,0.9475479125976562,0.11899479478597641,2.8512730598449707
176,0.05549757182598114,0.9472498893737793,0.11976917833089828,2.876225471496582
177,0.052520230412483215,0.9469518661499023,0.11787569522857666,2.8261029720306396
178,0.059973061084747314,0.9466538429260254,0.1183503270149231,2.84224534034729
179,0.054137520492076874,0.9463558197021484,0.12023880332708359,2.8806374073028564
180,0.04919052869081497,0.9460577964782715,0.11778078973293304,2.826961040496826
181,0.05313217267394066,0.9457597732543945,0.11868505924940109,2.8512728214263916
182,0.04895184561610222,0.9454617500305176,0.11934952437877655,2.8649511337280273
183,0.05186475068330765,0.9451637268066406,0.11744603514671326,2.821296453475952
184,0.056319501250982285,0.9448657035827637,0.11894484609365463,2.856862783432007
185,0.04379631578922272,0.9445676803588867,0.11794564872980118,2.831249952316284
186,0.060671720653772354,0.9442696571350098,0.1188449114561081,2.847222328186035
187,0.05290406197309494,0.9439716339111328,0.11936450749635696,2.8644609451293945
188,0.04524380713701248,0.9436736106872559,0.11942446976900101,2.878676414489746
189,0.048639655113220215,0.9433755874633789,0.11777576059103012,2.8214120864868164
190,0.04593098536133766,0.943077564239502,0.119074746966362,2.855024814605713
191,0.05026925727725029,0.942779541015625,0.11897981911897659,2.8553240299224854
192,0.05163579061627388,0.942481517791748,0.12081334739923477,2.902205467224121
193,0.06577438116073608,0.9421834945678711,0.1200389638543129,2.88455867767334
194,0.052004437893629074,0.9418854713439941,0.11911971867084503,2.8530092239379883
195,0.058215394616127014,0.9415874481201172,0.11948941648006439,2.867647171020508
196,0.053232334554195404,0.9412894248962402,0.11894983798265457,2.8536765575408936
197,0.04908882454037666,0.9409914016723633,0.11966925114393234,2.8785877227783203
198,0.049022093415260315,0.9406933784484863,0.11944444477558136,2.861887216567993
199,0.05730121210217476,0.9403953552246094,0.11999400705099106,2.879282236099243
200,0.05578234791755676,0.9400973320007324,0.11886990815401077,2.846813678741455
201,0.05392138659954071,0.9397993087768555,0.11969424784183502,2.8764705657958984
202,0.05948660150170326,0.9395012855529785,0.11791066080331802,2.830092430114746
203,0.052012473344802856,0.9392032623291016,0.11918964236974716,2.85870099067688
204,0.054660312831401825,0.9389052391052246,0.11834033578634262,2.851593017578125
205,0.05505795776844025,0.9386072158813477,0.12001398950815201,2.877315044403076
206,0.05800841376185417,0.9383091926574707,0.11947442591190338,2.858088493347168
207,0.04673491790890694,0.9380111694335938,0.11884492635726929,2.857407808303833
208,0.05454406142234802,0.9377131462097168,0.12092825770378113,2.90012264251709
209,0.056329768151044846,0.9374151229858398,0.11781575530767441,2.827573537826538
210,0.054249897599220276,0.9371170997619629,0.11823541671037674,2.838078498840332
211,0.05185053497552872,0.9368190765380859,0.12005395442247391,2.888235092163086
212,0.04965883493423462,0.936521053314209,0.11988908797502518,2.8703434467315674
213,0.05787908285856247,0.936223030090332,0.11799560487270355,2.8363423347473145
214,0.05412938445806503,0.9359250068664551,0.11807054281234741,2.82879900932312
215,0.05642994865775108,0.9356269836425781,0.1179756298661232,2.836458206176758
216,0.056961651891469955,0.9353289604187012,0.1196642816066742,2.871323347091675
217,0.05046374350786209,0.9350309371948242,0.11945443600416183,2.8637256622314453
218,0.05753696337342262,0.9347329139709473,0.11815047264099121,2.8390045166015625
219,0.05390841141343117,0.9344348907470703,0.11922463029623032,2.864215612411499
220,0.06412672251462936,0.9341368675231934,0.11910971999168396,2.8585779666900635
221,0.0474420003592968,0.9338388442993164,0.12158273905515671,2.9106478691101074
222,0.0624496228992939,0.9335408210754395,0.1199590340256691,2.877941131591797
223,0.061935581266880035,0.9332427978515625,0.11916467547416687,2.865509271621704
224,0.05213719978928566,0.9329447746276855,0.11836529523134232,2.837254762649536
225,0.059332042932510376,0.9326467514038086,0.12134291231632233,2.909926414489746
226,0.05470459908246994,0.9323487281799316,0.11941945552825928,2.8724539279937744
227,0.06375371664762497,0.9320507049560547,0.11808053404092789,2.8368871212005615
228,0.060202211141586304,0.9317526817321777,0.11972421407699585,2.872548818588257
229,0.058867599815130234,0.9314546585083008,0.11952438950538635,2.86388897895813
230,0.052637964487075806,0.9311566352844238,0.11937450617551804,2.8656861782073975
231,0.05578374117612839,0.9308586120605469,0.11783074587583542,2.8302080631256104
232,0.0684533342719078,0.9305605888366699,0.1197442039847374,2.8692405223846436
233,0.0514412447810173,0.930262565612793,0.11919963359832764,2.86556339263916
234,0.050712790340185165,0.929964542388916,0.11838029325008392,2.839236259460449
235,0.056385815143585205,0.9296665191650391,0.11918465793132782,2.8650734424591064
236,0.06738103181123734,0.9293684959411621,0.11900980025529861,2.8571081161499023
237,0.05601935833692551,0.9290704727172852,0.1196093037724495,2.8656249046325684
238,0.06354980915784836,0.9287724494934082,0.1188199445605278,2.8541669845581055
239,0.05529143661260605,0.9284744262695312,0.11868505924940109,2.848379611968994
240,0.06026348099112511,0.9281764030456543,0.11716127395629883,2.8079657554626465
241,0.0539809912443161,0.9278783798217773,0.12000399827957153,2.885171890258789
242,0.07320915162563324,0.9275803565979004,0.11788568645715714,2.8253469467163086
243,0.05244332551956177,0.9272823333740234,0.11775579303503036,2.8223040103912354
244,0.06104585900902748,0.9269843101501465,0.11973422020673752,2.8783090114593506
245,0.06007315218448639,0.9266862869262695,0.11917465180158615,2.863888740539551
246,0.05928298830986023,0.9263882637023926,0.12022881954908371,2.874387264251709
247,0.054312027990818024,0.9260902404785156,0.11879995465278625,2.860879421234131
248,0.052566491067409515,0.9257922172546387,0.11914968490600586,2.857475519180298
249,0.06662984937429428,0.9254941940307617,0.12032872438430786,2.890073537826538
250,0.06144426390528679,0.9251961708068848,0.12088828533887863,2.8987269401550293
251,0.060096170753240585,0.9248981475830078,0.12052857875823975,2.8921568393707275
252,0.05584158003330231,0.9246001243591309,0.11940447986125946,2.868995189666748
253,0.059382155537605286,0.9243021011352539,0.11983414739370346,2.875809907913208
254,0.04961782693862915,0.924004077911377,0.12000399827957153,2.882720708847046
255,0.05603840574622154,0.9237060546875,0.11894484609365463,2.8523147106170654
256,0.05015592649579048,0.923408031463623,0.1189148798584938,2.855882167816162
257,0.052914250642061234,0.9231100082397461,0.11926459521055222,2.857720375061035
258,0.059351902455091476,0.9228119850158691,0.11981414258480072,2.8737270832061768
259,0.050525814294815063,0.9225139617919922,0.11985411494970322,2.8752450942993164
260,0.05565489083528519,0.9222159385681152,0.11963928490877151,2.8764705657958984
261,0.051932159811258316,0.9219179153442383,0.11862510442733765,2.8511571884155273
262,0.06629287451505661,0.9216198921203613,0.11991406977176666,2.873284101486206
263,0.05538829788565636,0.9213218688964844,0.11907974630594254,2.8597218990325928
264,0.05212311074137688,0.9210238456726074,0.11997402459383011,2.876225471496582
265,0.05132398009300232,0.9207258224487305,0.11904976516962051,2.867892026901245
266,0.05117456987500191,0.9204277992248535,0.1204286590218544,2.8790512084960938
267,0.0527939572930336,0.9201297760009766,0.11861011385917664,2.8530638217926025
268,0.04789123684167862,0.9198317527770996,0.11935451626777649,2.854412078857422
269,0.05198785290122032,0.9195337295532227,0.11974919587373734,2.876967191696167
270,0.04723455384373665,0.9192357063293457,0.12051858752965927,2.8958332538604736
271,0.05045417696237564,0.9189376831054688,0.1195293664932251,2.8690974712371826
272,0.05243821442127228,0.9186396598815918,0.11964929103851318,2.872671604156494
273,0.05261341854929924,0.9183416366577148,0.12078836560249329,2.904412031173706
274,0.04774407669901848,0.9180436134338379,0.11992405354976654,2.8699076175689697
275,0.061582762748003006,0.9177455902099609,0.11960431933403015,2.8661766052246094
276,0.04896462708711624,0.917447566986084,0.12010391801595688,2.888235092163086
277,0.05046071857213974,0.917149543762207,0.12119803577661514,2.9072916507720947
278,0.05640720576047897,0.9168515205383301,0.1200389638543129,2.8817405700683594
279,0.04937635734677315,0.9165534973144531,0.11873501539230347,2.8512730598449707
280,0.05394912511110306,0.9162554740905762,0.11898980289697647,2.8609068393707275
281,0.047710224986076355,0.9159574508666992,0.11998403072357178,2.8751227855682373
282,0.047937896102666855,0.9156594276428223,0.11967925727367401,2.871643543243408
283,0.05185409635305405,0.9153614044189453,0.12057353556156158,2.895465850830078
284,0.05963076651096344,0.9150633811950684,0.11903976649045944,2.8464460372924805
285,0.04960593581199646,0.9147653579711914,0.1184052899479866,2.8549768924713135
286,0.05518283694982529,0.9144673347473145,0.12145783752202988,2.9047794342041016
287,0.05182601511478424,0.9141693115234375,0.11980914324522018,2.881944417953491
288,0.048269256949424744,0.9138712882995605,0.11936451494693756,2.869608163833618
289,0.049828000366687775,0.9135732650756836,0.1192496046423912,2.8579657077789307
290,0.04662683606147766,0.9132752418518066,0.1186450868844986,2.845254421234131
291,0.0511811189353466,0.9129772186279297,0.11986910551786423,2.8818628787994385
292,0.046768590807914734,0.9126791954040527,0.12077337503433228,2.8963234424591064
293,0.05637889355421066,0.9123811721801758,0.11969923228025436,2.873379707336426
294,0.05032653734087944,0.9120831489562988,0.12118304520845413,2.9042890071868896
295,0.04702749475836754,0.9117851257324219,0.12071842700242996,2.9003474712371826
296,0.0647042989730835,0.9114871025085449,0.11994405090808868,2.881004810333252
297,0.05262792482972145,0.911189079284668,0.1207234188914299,2.8970587253570557
298,0.05392073094844818,0.910891056060791,0.11926458775997162,2.857522964477539
299,0.05099751055240631,0.9105930328369141,0.12040367722511292,2.8897056579589844
300,0.05373789370059967,0.9102950096130371,0.11915469169616699,2.8664214611053467
301,0.04584921523928642,0.9099969863891602,0.12011890858411789,2.878356456756592
302,0.050025440752506256,0.9096989631652832,0.11977418512105942,2.880514621734619
303,0.04475568234920502,0.9094009399414062,0.12048361450433731,2.887152671813965
304,0.046428415924310684,0.9091029167175293,0.11977417767047882,2.864215612411499
305,0.05229542404413223,0.9088048934936523,0.12135791778564453,2.9258577823638916
306,0.0441671721637249,0.9085068702697754,0.1207633838057518,2.892939567565918
307,0.04524737969040871,0.9082088470458984,0.11900980025529861,2.856863021850586
308,0.043294914066791534,0.9079108238220215,0.1214878037571907,2.915073871612549
309,0.05095713585615158,0.9076128005981445,0.12004397064447403,2.882291793823242
310,0.045100197196006775,0.9073147773742676,0.11986412107944489,2.878553867340088
311,0.04215969517827034,0.9070167541503906,0.12255696207284927,2.93900465965271
312,0.05036082863807678,0.9067187309265137,0.1208033561706543,2.8968138694763184
313,0.05253727734088898,0.9064207077026367,0.11961431801319122,2.8753676414489746
314,0.0499391034245491,0.9061226844787598,0.11977917701005936,2.8709490299224854
315,0.040300603955984116,0.9058246612548828,0.12070843577384949,2.8970587253570557
316,0.05301385745406151,0.9055266380310059,0.12028376758098602,2.8878676891326904
317,0.04299316182732582,0.9052286148071289,0.1200389638543129,2.8820602893829346
318,0.043516796082258224,0.904930591583252,0.12076837569475174,2.898897171020508
319,0.039179734885692596,0.904632568359375,0.11958931386470795,2.870833396911621
320,0.04738275706768036,0.904334545135498,0.12077338993549347,2.8993871212005615
321,0.04668479040265083,0.9040365219116211,0.12064347416162491,2.8874995708465576
322,0.046054497361183167,0.9037384986877441,0.12117806077003479,2.909606695175171
323,0.05680631846189499,0.9034404754638672,0.11991407722234726,2.8800246715545654
324,0.04829749837517738,0.9031424522399902,0.12016886472702026,2.8920345306396484
325,0.05193694680929184,0.9028444290161133,0.12147282809019089,2.9106485843658447
326,0.049247872084379196,0.9025464057922363,0.12141786515712738,2.9113969802856445
327,0.04533962160348892,0.9022483825683594,0.12095822393894196,2.9045135974884033
328,0.050381049513816833,0.9019503593444824,0.12109313160181046,2.904534101486206
329,0.05031384527683258,0.9016523361206055,0.1199989840388298,2.881005048751831
330,0.04692237824201584,0.9013543128967285,0.12021882832050323,2.8809025287628174
331,0.04514618590474129,0.9010562896728516,0.12145783752202988,2.920220375061035
332,0.053247641772031784,0.9007582664489746,0.12094824016094208,2.908578634262085
333,0.04117724299430847,0.9004602432250977,0.12121302634477615,2.9048612117767334
334,0.051469478756189346,0.9001622200012207,0.1201338991522789,2.885294198989868
335,0.047716498374938965,0.8998641967773438,0.11872002482414246,2.8478009700775146
336,0.04560539126396179,0.8995661735534668,0.12072841823101044,2.89056396484375
337,0.044505130499601364,0.8992681503295898,0.12015888094902039,2.8841912746429443
338,0.03586377575993538,0.8989701271057129,0.12088828533887863,2.9041669368743896
339,0.04498053342103958,0.8986721038818359,0.11967425793409348,2.8783087730407715
340,0.04415455460548401,0.898374080657959,0.12032373249530792,2.8787992000579834
341,0.045104946941137314,0.898076057434082,0.12116806954145432,2.910763740539551
342,0.048123572021722794,0.8977780342102051,0.11981914937496185,2.8881123065948486
343,0.04582025855779648,0.8974800109863281,0.12147781997919083,2.904397964477539
344,0.04797614365816116,0.8971819877624512,0.12043865025043488,2.8861520290374756
345,0.041374433785676956,0.8968839645385742,0.12181753665208817,2.930147171020508
346,0.04117150232195854,0.8965859413146973,0.12163269519805908,2.917592763900757
347,0.04366808757185936,0.8962879180908203,0.12065847963094711,2.895465612411499
348,0.04682420194149017,0.8959898948669434,0.12213730067014694,2.919975519180298
349,0.04562569409608841,0.8956918716430664,0.12135791778564453,2.922337770462036
350,0.04384559765458107,0.8953938484191895,0.12061850726604462,2.894730567932129
351,0.04719080775976181,0.8950958251953125,0.12075839936733246,2.8988423347473145
352,0.042092952877283096,0.8947978019714355,0.1225869283080101,2.941788911819458
353,0.04748084023594856,0.8944997787475586,0.12112808227539062,2.902573585510254
354,0.046512700617313385,0.8942017555236816,0.12245704233646393,2.9371531009674072
355,0.04327520355582237,0.8939037322998047,0.12114308774471283,2.907597780227661
356,0.04196273535490036,0.8936057090759277,0.1199990063905716,2.886519432067871
357,0.03858361393213272,0.8933076858520508,0.12045864015817642,2.8907408714294434
358,0.04243837296962738,0.8930096626281738,0.11999400705099106,2.8812499046325684
359,0.043809790164232254,0.8927116394042969,0.12104316800832748,2.903125286102295
360,0.04122885689139366,0.8924136161804199,0.1218625083565712,2.91776967048645
361,0.0442630760371685,0.892115592956543,0.12130295485258102,2.9142158031463623
362,0.046877168118953705,0.891817569732666,0.12212730944156647,2.9304399490356445
363,0.04596037045121193,0.8915195465087891,0.12036870419979095,2.891911745071411
364,0.04299632087349892,0.8912215232849121,0.12311150878667831,2.952083110809326
365,0.04476988688111305,0.8909235000610352,0.12093324959278107,2.9056713581085205
366,0.03913874179124832,0.8906254768371582,0.12095323950052261,2.905147075653076
367,0.039586931467056274,0.8903274536132812,0.12054856866598129,2.892476797103882
368,0.04269889369606972,0.8900294303894043,0.12165267765522003,2.9216911792755127
369,0.046106044203042984,0.8897314071655273,0.12065348029136658,2.8915441036224365
370,0.04742364212870598,0.8894333839416504,0.12112309783697128,2.9063658714294434
371,0.03845370560884476,0.8891353607177734,0.12044864892959595,2.893627643585205
372,0.03901826962828636,0.8888373374938965,0.12243705987930298,2.9420342445373535
373,0.046445220708847046,0.8885393142700195,0.12090327590703964,2.899768352508545
374,0.0433252714574337,0.8882412910461426,0.12073840945959091,2.904411792755127
375,0.046866729855537415,0.8879432678222656,0.12213728576898575,2.9229166507720947
376,0.0391937755048275,0.8876452445983887,0.12142785638570786,2.912990093231201
377,0.0441674143075943,0.8873472213745117,0.12007895112037659,2.8776962757110596
378,0.04261979088187218,0.8870491981506348,0.12178757041692734,2.926736354827881
379,0.043627653270959854,0.8867511749267578,0.12166766822338104,2.9166669845581055
380,0.038196392357349396,0.8864531517028809,0.12090327590703964,2.9028189182281494
381,0.04017477482557297,0.8861551284790039,0.12116307765245438,2.9131946563720703
382,0.044966407120227814,0.885857105255127,0.12355116754770279,2.9606618881225586
383,0.04135638102889061,0.88555908203125,0.1211530789732933,2.910531997680664
384,0.03962860256433487,0.885261058807373,0.12149779498577118,2.9120099544525146
385,0.0399925597012043,0.8849630355834961,0.12155275791883469,2.924877405166626
386,0.0388043038547039,0.8846650123596191,0.12142785638570786,2.9057867527008057
387,0.04201792925596237,0.8843669891357422,0.1224120706319809,2.940685987472534
388,0.04780657961964607,0.8840689659118652,0.12197242677211761,2.9354166984558105
389,0.03945181146264076,0.8837709426879883,0.12140786647796631,2.9106485843658447
390,0.03873220458626747,0.8834729194641113,0.12223722040653229,2.9377450942993164
391,0.03783908486366272,0.8831748962402344,0.12116305530071259,2.9034719467163086
392,0.03982877731323242,0.8828768730163574,0.12191745638847351,2.9276959896087646
393,0.04208241030573845,0.8825788497924805,0.12018384784460068,2.873897075653076
394,0.04317465052008629,0.8822808265686035,0.12141286581754684,2.9186344146728516
395,0.04191717877984047,0.8819828033447266,0.12232214957475662,2.9366419315338135
396,0.04044675827026367,0.8816847801208496,0.12277179211378098,2.939828634262085
397,0.04110293090343475,0.8813867568969727,0.12109313160181046,2.911226987838745
398,0.04459695145487785,0.8810887336730957,0.12320143729448318,2.9642157554626465
399,0.04183010384440422,0.8807907104492188,0.12181755155324936,2.9223382472991943
400,0.04107912629842758,0.8804926872253418,0.12037868797779083,2.877450942993164
401,0.04135063290596008,0.8801946640014648,0.12125299870967865,2.914705753326416
402,0.04041381552815437,0.8798966407775879,0.12168765813112259,2.924074172973633
403,0.0385773740708828,0.8795986175537109,0.1222521960735321,2.9355390071868896
404,0.04435167461633682,0.879300594329834,0.12153776735067368,2.9192399978637695
405,0.03743976727128029,0.879002571105957,0.12117306888103485,2.906597375869751
406,0.0454585924744606,0.8787045478820801,0.1210581436753273,2.9047794342041016
407,0.041556552052497864,0.8784065246582031,0.12231215834617615,2.93599534034729
408,0.04064357653260231,0.8781085014343262,0.12119803577661514,2.9101717472076416
409,0.03750772774219513,0.8778104782104492,0.1221173107624054,2.9227941036224365
410,0.03546644747257233,0.8775124549865723,0.12305654585361481,2.955787181854248
411,0.044369734823703766,0.8772144317626953,0.12136291712522507,2.909803867340088
412,0.037828005850315094,0.8769164085388184,0.12049859762191772,2.8964459896087646
413,0.03863139450550079,0.8766183853149414,0.12119805067777634,2.9078705310821533
414,0.04468892142176628,0.8763203620910645,0.1208982765674591,2.900979995727539
415,0.03705733269453049,0.8760223388671875,0.1230965182185173,2.954977035522461
416,0.038436517119407654,0.8757243156433105,0.12233712524175644,2.9352943897247314
417,0.037539850920438766,0.8754262924194336,0.12200240045785904,2.9198529720306396
418,0.03697817400097847,0.8751282691955566,0.1216077208518982,2.9251158237457275
419,0.03930908069014549,0.8748302459716797,0.12187749892473221,2.9234068393707275
420,0.039375126361846924,0.8745322227478027,0.12286172062158585,2.9529411792755127
421,0.0377349853515625,0.8742341995239258,0.12121302634477615,2.9151620864868164
422,0.03872666880488396,0.8739361763000488,0.12168765813112259,2.926225185394287
423,0.0432833693921566,0.8736381530761719,0.12267185747623444,2.932986259460449
424,0.039081696420907974,0.8733401298522949,0.12168765068054199,2.919975519180298
425,0.0396004319190979,0.873042106628418,0.12165267765522003,2.9196081161499023
426,0.04017658904194832,0.872744083404541,0.12214729189872742,2.9297454357147217
427,0.04238186031579971,0.8724460601806641,0.12276177853345871,2.9480390548706055
428,0.04040736332535744,0.8721480369567871,0.12298160791397095,2.9515933990478516
429,0.035968948155641556,0.8718500137329102,0.12256694585084915,2.9403934478759766
430,0.04083464667201042,0.8715519905090332,0.12219224870204926,2.9371323585510254
431,0.039918240159749985,0.8712539672851562,0.12241706997156143,2.9353010654449463
432,0.036014288663864136,0.8709559440612793,0.12178757041692734,2.9192399978637695
433,0.03578674793243408,0.8706579208374023,0.12164268642663956,2.921323299407959
434,0.03446654975414276,0.8703598976135254,0.1230965182185173,2.9527781009674072
435,0.04004960134625435,0.8700618743896484,0.12260191887617111,2.9432599544525146
436,0.03947194293141365,0.8697638511657715,0.12021882832050323,2.882843255996704
437,0.0409654900431633,0.8694658279418945,0.12384094297885895,2.9741897583007812
438,0.03804682940244675,0.8691678047180176,0.1219824030995369,2.9262256622314453
439,0.03405456617474556,0.8688697814941406,0.12283673137426376,2.9480326175689697
440,0.041255202144384384,0.8685717582702637,0.12138788402080536,2.9127447605133057
441,0.03563001751899719,0.8682737350463867,0.12205235660076141,2.9283084869384766
442,0.040159642696380615,0.8679757118225098,0.1226269081234932,2.9414350986480713
443,0.03834238648414612,0.8676776885986328,0.1231364905834198,2.9654412269592285
444,0.04433634504675865,0.8673796653747559,0.12273679673671722,2.943505048751831
445,0.03917941451072693,0.8670816421508789,0.12159271538257599,2.9151620864868164
446,0.04187814146280289,0.866783618927002,0.12249699980020523,2.943505048751831
447,0.038647912442684174,0.866485595703125,0.12289170175790787,2.9445600509643555
448,0.04692062363028526,0.866187572479248,0.12295662611722946,2.953798770904541
449,0.03761088848114014,0.8658895492553711,0.12295164167881012,2.944730281829834
450,0.03704366460442543,0.8655915260314941,0.12176760286092758,2.9258100986480713
451,0.04111885279417038,0.8652935028076172,0.12287171185016632,2.951470375061035
452,0.03575073927640915,0.8649954795837402,0.1210731491446495,2.900244951248169
453,0.03623933345079422,0.8646974563598633,0.12196742743253708,2.9306716918945312
454,0.03789801895618439,0.8643994331359863,0.12266186624765396,2.9468138217926025
455,0.03673059493303299,0.8641014099121094,0.1217825785279274,2.920717477798462
456,0.04297405108809471,0.8638033866882324,0.12221721559762955,2.9317405223846436
457,0.036174602806568146,0.8635053634643555,0.12179256975650787,2.9232842922210693
458,0.04000234603881836,0.8632073402404785,0.12279676645994186,2.945138931274414
459,0.042718831449747086,0.8629093170166016,0.12217225879430771,2.9365196228027344
460,0.044932447373867035,0.8626112937927246,0.12244203686714172,2.9341912269592285
461,0.03954443708062172,0.8623132705688477,0.1232314184308052,2.957638740539551
462,0.039555564522743225,0.8620152473449707,0.1220373809337616,2.9312500953674316
463,0.03844974935054779,0.8617172241210938,0.12237709760665894,2.9362270832061768
464,0.04149038344621658,0.8614192008972168,0.12208732962608337,2.929779291152954
465,0.03794747218489647,0.8611211776733398,0.12340628355741501,2.9564950466156006
466,0.03921954333782196,0.8608231544494629,0.12166766822338104,2.9232640266418457
467,0.035175349563360214,0.8605251312255859,0.12279675900936127,2.94362735748291
468,0.03922414034605026,0.860227108001709,0.12403576821088791,2.9829654693603516
469,0.041206277906894684,0.859929084777832,0.12092825770378113,2.9091436862945557
470,0.037321221083402634,0.8596310615539551,0.12301160395145416,2.949509620666504
471,0.037761908024549484,0.8593330383300781,0.12135791778564453,2.91226863861084
472,0.040955401957035065,0.8590350151062012,0.12267185747623444,2.9417896270751953
473,0.03898681327700615,0.8587369918823242,0.12383592873811722,2.973529577255249
474,0.044470593333244324,0.8584389686584473,0.12340129166841507,2.960069417953491
475,0.04521802067756653,0.8581409454345703,0.1228017583489418,2.9462010860443115
476,0.038432225584983826,0.8578429222106934,0.12293663620948792,2.9503676891326904
477,0.035387180745601654,0.8575448989868164,0.12260191887617111,2.9456019401550293
478,0.043457478284835815,0.8572468757629395,0.12421064078807831,2.985048770904541
479,0.03599772974848747,0.8569488525390625,0.12173760682344437,2.920023202896118
480,0.04407211393117905,0.8566508293151855,0.12341626733541489,2.96335768699646
481,0.04177768528461456,0.8563528060913086,0.12314647436141968,2.9511029720306396
482,0.03791928291320801,0.8560547828674316,0.12308654189109802,2.9560184478759766
483,0.039105966687202454,0.8557567596435547,0.12279676645994186,2.948284387588501
484,0.040851373225450516,0.8554587364196777,0.12302659451961517,2.9539217948913574
485,0.04013628512620926,0.8551607131958008,0.12297161668539047,2.9491899013519287
486,0.043172940611839294,0.8548626899719238,0.12182753533124924,2.923161506652832
487,0.03918891027569771,0.8545646667480469,0.1222921684384346,2.9365739822387695
488,0.03637462854385376,0.8542666435241699,0.12307653576135635,2.9601714611053467
489,0.038403719663619995,0.853968620300293,0.12354116886854172,2.9503676891326904
490,0.035310178995132446,0.853670597076416,0.12393087148666382,2.9795138835906982
491,0.037659965455532074,0.8533725738525391,0.12412071228027344,2.977818489074707
492,0.0383656844496727,0.8530745506286621,0.12316647171974182,2.9601714611053467
493,0.04071566089987755,0.8527765274047852,0.12345623970031738,2.960069417953491
494,0.039381857961416245,0.8524785041809082,0.12210731953382492,2.9328434467315674
495,0.03938832879066467,0.8521804809570312,0.1216227114200592,2.9199070930480957
496,0.035315219312906265,0.8518824577331543,0.123056560754776,2.9515931606292725
497,0.03808223083615303,0.8515844345092773,0.12439548224210739,2.989215612411499
498,0.03991086408495903,0.8512864112854004,0.12484513223171234,2.9895832538604736
499,0.037781573832035065,0.8509883880615234,0.12348620593547821,2.968137264251709
500,0.031612198799848557,0.8506903648376465,0.12328136712312698,2.9634807109832764
501,0.03741641342639923,0.8503923416137695,0.1233912780880928,2.95613431930542
502,0.03897172957658768,0.8500943183898926,0.12308154255151749,2.953676462173462
503,0.037145648151636124,0.8497962951660156,0.12267187237739563,2.9453701972961426
504,0.03762141987681389,0.8494982719421387,0.12322141975164413,2.956249713897705
505,0.04089084267616272,0.8492002487182617,0.12189248949289322,2.925490379333496
506,0.03753088042140007,0.8489022254943848,0.12241207808256149,2.936458110809326
507,0.04009309411048889,0.8486042022705078,0.12314147502183914,2.952573537826538
508,0.03447023779153824,0.8483061790466309,0.12303157895803452,2.96262264251709
509,0.033283405005931854,0.8480081558227539,0.12295164167881012,2.9491899013519287
510,0.0396493598818779,0.847710132598877,0.12227217853069305,2.933823585510254
511,0.0413205623626709,0.847412109375,0.1241556778550148,2.9766201972961426
512,0.03665202483534813,0.847114086151123,0.12347622960805893,2.964460849761963
513,0.03601996228098869,0.8468160629272461,0.1242755800485611,2.980882167816162
514,0.03399672359228134,0.8465180397033691,0.12394583970308304,2.977546215057373
515,0.032711129635572433,0.8462200164794922,0.12381096184253693,2.9688727855682373
516,0.03347285836935043,0.8459219932556152,0.12275680154561996,2.9480392932891846
517,0.038452375680208206,0.8456239700317383,0.12392085790634155,2.9688658714294434
518,0.03560929372906685,0.8453259468078613,0.1228417381644249,2.947058916091919
519,0.03960976377129555,0.8450279235839844,0.12295664101839066,2.9553239345550537
520,0.039774514734745026,0.8447299003601074,0.12435051798820496,2.976102828979492
521,0.036339905112981796,0.8444318771362305,0.1238059476017952,2.9792892932891846
522,0.04230409115552902,0.8441338539123535,0.12352119386196136,2.960069417953491
523,0.03662346303462982,0.8438358306884766,0.1226668655872345,2.942401885986328
524,0.04173697531223297,0.8435378074645996,0.1232164204120636,2.960294246673584
525,0.036663737148046494,0.8432397842407227,0.12354616075754166,2.970602035522461
526,0.032668065279722214,0.8429417610168457,0.12559951841831207,3.0063724517822266
527,0.03935065120458603,0.8426437377929688,0.12336631119251251,2.9673614501953125
528,0.03674664720892906,0.8423457145690918,0.12361612170934677,2.963235378265381
529,0.0327242948114872,0.8420476913452148,0.123056560754776,2.9560046195983887
530,0.036012664437294006,0.8417496681213379,0.12411070615053177,2.9762730598449707
531,0.03573978692293167,0.8414516448974609,0.1247451975941658,2.9954657554626465
532,0.03270416706800461,0.841153621673584,0.12325640022754669,2.962009906768799
533,0.03701787441968918,0.840855598449707,0.1235661506652832,2.963888645172119
534,0.03567679971456528,0.8405575752258301,0.12281673401594162,2.9450979232788086
535,0.0358552522957325,0.8402595520019531,0.12370103597640991,2.97025465965271
536,0.040895894169807434,0.8399615287780762,0.12448541820049286,2.9876224994659424
537,0.038836769759655,0.8396635055541992,0.12235710769891739,2.9388482570648193
538,0.03434352949261665,0.8393654823303223,0.12558452785015106,3.0075230598449707
539,0.0395343042910099,0.8390674591064453,0.1235661581158638,2.9714460372924805
540,0.03783823549747467,0.8387694358825684,0.12497501820325851,2.986274480819702
541,0.04184360429644585,0.8384714126586914,0.12302657961845398,2.962268590927124
542,0.03709422051906586,0.8381733894348145,0.1227617859840393,2.9466912746429443
543,0.03349560499191284,0.8378753662109375,0.12361610680818558,2.966898202896118
544,0.03414922207593918,0.8375773429870605,0.1224520355463028,2.9388482570648193
545,0.03257060796022415,0.8372793197631836,0.12422063201665878,2.983333110809326
546,0.03127158433198929,0.8369812965393066,0.12353616952896118,2.9620370864868164
547,0.03752321004867554,0.8366832733154297,0.12405575811862946,2.9738969802856445
548,0.03791045770049095,0.8363852500915527,0.12432055175304413,2.981985092163086
549,0.0382419116795063,0.8360872268676758,0.1241157129406929,2.9826388359069824
550,0.034690387547016144,0.8357892036437988,0.12453538179397583,2.99056339263916
551,0.04194480553269386,0.8354911804199219,0.12386590987443924,2.973263740539551
552,0.036858636885881424,0.8351931571960449,0.1235911175608635,2.969240427017212
553,0.0375969260931015,0.834895133972168,0.12475520372390747,2.9971814155578613
554,0.0375886894762516,0.834597110748291,0.12380596250295639,2.964236259460449
555,0.03726248815655708,0.8342990875244141,0.1235661506652832,2.966911792755127
556,0.031164994463324547,0.8340010643005371,0.1230965182185173,2.9582107067108154
557,0.03675846382975578,0.8337030410766602,0.12368104606866837,2.9618053436279297
558,0.039354611188173294,0.8334050178527832,0.12507493793964386,3.0039215087890625
559,0.033467888832092285,0.8331069946289062,0.12354116886854172,2.966782569885254
560,0.03134450316429138,0.8328089714050293,0.12316647171974182,2.9546570777893066
561,0.036278411746025085,0.8325109481811523,0.12390588968992233,2.975490093231201
562,0.033541239798069,0.8322129249572754,0.12380097061395645,2.9708333015441895
563,0.03344167768955231,0.8319149017333984,0.12393085658550262,2.977205991744995
564,0.03539085388183594,0.8316168785095215,0.1239808201789856,2.976593017578125
565,0.036539897322654724,0.8313188552856445,0.12566447257995605,3.0104167461395264
566,0.035904642194509506,0.8310208320617676,0.12369105219841003,2.97414231300354
567,0.03458239883184433,0.8307228088378906,0.12503497302532196,2.994676113128662
568,0.03308394178748131,0.8304247856140137,0.12459032982587814,2.993504762649536
569,0.03727640211582184,0.8301267623901367,0.12379597127437592,2.970710515975952
570,0.033131398260593414,0.8298287391662598,0.1254696249961853,3.0037035942077637
571,0.03551396727561951,0.8295307159423828,0.12374100834131241,2.9745097160339355
572,0.03404402360320091,0.8292326927185059,0.12356113642454147,2.96262264251709
573,0.03478646278381348,0.8289346694946289,0.12367105484008789,2.972569465637207
574,0.03540932759642601,0.828636646270752,0.12545962631702423,3.0123772621154785
575,0.03406943753361702,0.828338623046875,0.12487009912729263,2.993055820465088
576,0.03128539398312569,0.828040599822998,0.1251748651266098,2.999509811401367
577,0.03805145248770714,0.8277425765991211,0.12315148115158081,2.9611520767211914
578,0.03569259122014046,0.8274445533752441,0.12392085790634155,2.971064805984497
579,0.03528435528278351,0.8271465301513672,0.12387090176343918,2.977818489074707
580,0.03252022713422775,0.8268485069274902,0.1252547949552536,3.0079660415649414
581,0.03472282737493515,0.8265504837036133,0.1230965182185173,2.950925827026367
582,0.036773182451725006,0.8262524604797363,0.12477517873048782,2.9919118881225586
583,0.03771429881453514,0.8259544372558594,0.12446044385433197,2.9903934001922607
584,0.03534913808107376,0.8256564140319824,0.12469524145126343,2.983823537826538
585,0.03347296267747879,0.8253583908081055,0.12431056052446365,2.995220422744751
586,0.03606607764959335,0.8250603675842285,0.12380596995353699,2.96724534034729
587,0.03728487715125084,0.8247623443603516,0.12365607917308807,2.963848114013672
588,0.03471502289175987,0.8244643211364746,0.12528477609157562,3.012009620666504
589,0.04265714809298515,0.8241662979125977,0.12292665988206863,2.95277738571167
590,0.033684998750686646,0.8238682746887207,0.12396582961082458,2.97352933883667
591,0.03804181516170502,0.8235702514648438,0.12421061843633652,2.982060194015503
592,0.038599420338869095,0.8232722282409668,0.12507493793964386,3.004657030105591
593,0.03947817161679268,0.8229742050170898,0.12444543838500977,2.9827208518981934
594,0.03356738016009331,0.8226761817932129,0.12436050921678543,2.983333110809326
595,0.0348823107779026,0.8223781585693359,0.12472023069858551,2.9996325969696045
596,0.040075238794088364,0.822080135345459,0.12501497566699982,2.999387264251709
597,0.03292819857597351,0.821782112121582,0.12436052411794662,2.979051113128662
598,0.03489561751484871,0.8214840888977051,0.12472021579742432,2.9973039627075195
599,0.03379600867629051,0.8211860656738281,0.12435051798820496,2.9846060276031494
600,0.0336918942630291,0.8208880424499512,0.12437549978494644,2.97965669631958
601,0.03220737725496292,0.8205900192260742,0.12481515109539032,2.994607925415039
602,0.03405461087822914,0.8202919960021973,0.12512490153312683,3.0055558681488037
603,0.030527930706739426,0.8199939727783203,0.12561951577663422,3.0134804248809814
604,0.033196769654750824,0.8196959495544434,0.12418565154075623,2.97892165184021
605,0.0385773628950119,0.8193979263305664,0.12347622215747833,2.9728009700775146
606,0.030461028218269348,0.8190999031066895,0.12440548092126846,2.9811275005340576
607,0.03881484642624855,0.8188018798828125,0.12477017939090729,2.996180772781372
608,0.03505970537662506,0.8185038566589355,0.12334131449460983,2.954779624938965
609,0.03524649888277054,0.8182058334350586,0.12308152765035629,2.9660539627075195
610,0.03517421334981918,0.8179078102111816,0.12552958726882935,3.003819465637207
611,0.03261931985616684,0.8176097869873047,0.12310151755809784,2.9553918838500977
612,0.03575378283858299,0.8173117637634277,0.12532475590705872,3.003553867340088
613,0.034772202372550964,0.8170137405395508,0.123056560754776,2.9571757316589355
614,0.03237326443195343,0.8167157173156738,0.12481513619422913,2.993504762649536
615,0.04046177491545677,0.8164176940917969,0.1255645453929901,3.0153939723968506
616,0.03366254270076752,0.8161196708679199,0.12451539188623428,2.989706039428711
617,0.03354151174426079,0.815821647644043,0.12404076755046844,2.9743874073028564
618,0.03636517375707626,0.815523624420166,0.12396083027124405,2.9701390266418457
619,0.03699015825986862,0.8152256011962891,0.12376099824905396,2.986764907836914
620,0.034893181174993515,0.8149275779724121,0.12425559759140015,2.9762253761291504
621,0.035535410046577454,0.8146295547485352,0.12475021183490753,2.9861111640930176
622,0.03595892712473869,0.8143315315246582,0.12444046139717102,2.991053819656372
623,0.03487810492515564,0.8140335083007812,0.12388589233160019,2.973032236099243
624,0.03442173823714256,0.8137354850769043,0.12572942674160004,3.019240140914917
625,0.030828623101115227,0.8134374618530273,0.1250399649143219,2.9953434467315674
626,0.03459198772907257,0.8131394386291504,0.1251998394727707,3.0096065998077393
627,0.034249141812324524,0.8128414154052734,0.12418565899133682,2.984926462173462
628,0.033900875598192215,0.8125433921813965,0.12528477609157562,3.0014708042144775
629,0.035906948149204254,0.8122453689575195,0.125684455037117,3.017824172973633
630,0.034873899072408676,0.8119473457336426,0.1252298206090927,3.0028185844421387
631,0.03605979308485985,0.8116493225097656,0.12490009516477585,2.998032569885254
632,0.03587884455919266,0.8113512992858887,0.1243555098772049,2.97352933883667
633,0.031088100746273994,0.8110532760620117,0.1263289451599121,3.042647123336792
634,0.034311775118112564,0.8107552528381348,0.12545964121818542,3.0104167461395264
635,0.03331812098622322,0.8104572296142578,0.12491507083177567,3.0052692890167236
636,0.036738283932209015,0.8101592063903809,0.12540468573570251,3.00465726852417
637,0.03176649659872055,0.8098611831665039,0.12572942674160004,3.0160882472991943
638,0.03531064838171005,0.809563159942627,0.12464527785778046,2.9876227378845215
639,0.03263068571686745,0.80926513671875,0.12634892761707306,3.0343751907348633
640,0.0306650772690773,0.808967113494873,0.12329136580228806,2.954901933670044
641,0.035718053579330444,0.8086690902709961,0.12652377784252167,3.0344364643096924
642,0.033285271376371384,0.8083710670471191,0.12433052808046341,2.9899306297302246
643,0.032340314239263535,0.8080730438232422,0.12430056929588318,2.979044198989868
644,0.038610175251960754,0.8077750205993652,0.12504996359348297,3.006495237350464
645,0.037633053958415985,0.8074769973754883,0.12474019825458527,2.986689805984497
646,0.03593774139881134,0.8071789741516113,0.12420564144849777,2.982107639312744
647,0.0335366390645504,0.8068809509277344,0.1258992850780487,3.025578737258911
648,0.03872118145227432,0.8065829277038574,0.12439548224210739,2.9750001430511475
649,0.04249289259314537,0.8062849044799805,0.12419065088033676,2.9895832538604736
650,0.03354799002408981,0.8059868812561035,0.1255495548248291,3.012268543243408
651,0.03666266053915024,0.8056888580322266,0.12628398835659027,3.031372308731079
652,0.03705427795648575,0.8053908348083496,0.12354616075754166,2.963357925415039
653,0.032092660665512085,0.8050928115844727,0.12641887366771698,3.0276620388031006
654,0.03636587783694267,0.8047947883605957,0.12342625856399536,2.9743874073028564
655,0.037301480770111084,0.8044967651367188,0.12617404758930206,3.0223379135131836
656,0.031291812658309937,0.8041987419128418,0.12478017807006836,2.998161792755127
657,0.03538736328482628,0.8039007186889648,0.12523981928825378,2.9973039627075195
658,0.03419404849410057,0.8036026954650879,0.12456534802913666,2.993055582046509
659,0.03472897410392761,0.8033046722412109,0.12431054562330246,2.983701229095459
660,0.032259367406368256,0.803006649017334,0.12653876841068268,3.0376222133636475
661,0.0351262167096138,0.802708625793457,0.12504996359348297,3.002546548843384
662,0.0345621220767498,0.8024106025695801,0.1259392499923706,3.0165441036224365
663,0.03670823574066162,0.8021125793457031,0.12522481381893158,3.011111259460449
664,0.03403719142079353,0.8018145561218262,0.12547461688518524,3.007843017578125
665,0.032670147716999054,0.8015165328979492,0.12688350677490234,3.0345590114593506
666,0.03368975222110748,0.8012185096740723,0.12598422169685364,3.0351850986480713
667,0.03381681814789772,0.8009204864501953,0.12554456293582916,3.0147058963775635
668,0.033344022929668427,0.8006224632263184,0.12490507960319519,2.9908087253570557
669,0.03739985078573227,0.8003244400024414,0.12529976665973663,3.0127315521240234
670,0.036778174340724945,0.8000264167785645,0.12428557127714157,2.9833335876464844
671,0.03582657128572464,0.7997283935546875,0.12430554628372192,2.984722375869751
672,0.03536598011851311,0.7994303703308105,0.126368910074234,3.033578395843506
673,0.03668227419257164,0.7991323471069336,0.12441547214984894,2.980024814605713
674,0.031940240412950516,0.7988343238830566,0.12403576821088791,2.9819443225860596
675,0.03538995236158371,0.7985363006591797,0.1251748651266098,2.9990196228027344
676,0.0350634939968586,0.7982382774353027,0.1255095899105072,3.0094361305236816
677,0.037063054740428925,0.7979402542114258,0.12334632873535156,2.969097375869751
678,0.0335562601685524,0.7976422309875488,0.12608414888381958,3.028799057006836
679,0.03498739004135132,0.7973442077636719,0.12499500066041946,2.999305486679077
680,0.0341818705201149,0.7970461845397949,0.12539967894554138,3.005392074584961
681,0.03538159281015396,0.796748161315918,0.12586431205272675,3.021200656890869
682,0.03454108536243439,0.796450138092041,0.1246652603149414,2.9959490299224854
683,0.033622629940509796,0.7961521148681641,0.12699340283870697,3.048161745071411
684,0.037075191736221313,0.7958540916442871,0.12416068464517593,2.9823529720306396
685,0.0373946949839592,0.7955560684204102,0.12569443881511688,3.0112271308898926
686,0.03444318845868111,0.7952580451965332,0.12420064210891724,2.98504900932312
687,0.030945196747779846,0.7949600219726562,0.12535971403121948,3.0071756839752197
688,0.03283662721514702,0.7946619987487793,0.12718823552131653,3.0513482093811035
689,0.03402010351419449,0.7943639755249023,0.12450040131807327,2.981494903564453
690,0.03641749918460846,0.7940659523010254,0.12551957368850708,3.016319513320923
691,0.03511199727654457,0.7937679290771484,0.12617406249046326,3.035538911819458
692,0.029687758535146713,0.7934699058532715,0.12473522126674652,2.993504762649536
693,0.03516371548175812,0.7931718826293945,0.1261540651321411,3.0207173824310303
694,0.036074183881282806,0.7928738594055176,0.12406574934720993,2.9774510860443115
695,0.03660830855369568,0.7925758361816406,0.12586931884288788,3.023263931274414
696,0.035981692373752594,0.7922778129577637,0.12527978420257568,3.0014705657958984
697,0.03710665926337242,0.7919797897338867,0.1265287846326828,3.03737735748291
698,0.033822331577539444,0.7916817665100098,0.12412569671869278,2.9846060276031494
699,0.03370345011353493,0.7913837432861328,0.12412569671869278,2.9833335876464844
700,0.036345891654491425,0.7910857200622559,0.12531475722789764,3.001347780227661
701,0.030959032475948334,0.7907876968383789,0.12449540942907333,2.9864583015441895
702,0.034329887479543686,0.790489673614502,0.12542465329170227,3.0136029720306396
703,0.034281693398952484,0.790191650390625,0.12681853771209717,3.0428240299224854
704,0.030262529850006104,0.789893627166748,0.12438049167394638,2.984436273574829
705,0.03587384894490242,0.7895956039428711,0.12476018816232681,2.992647171020508
706,0.03551999107003212,0.7892975807189941,0.12492506951093674,2.9962964057922363
707,0.033257342875003815,0.7889995574951172,0.12600919604301453,3.0327205657958984
708,0.03628859296441078,0.7887015342712402,0.12520483136177063,2.999877691268921
709,0.03563474863767624,0.7884035110473633,0.1271732747554779,3.048495292663574
710,0.03502189368009567,0.7881054878234863,0.12562450766563416,3.0191173553466797
711,0.029552411288022995,0.7878074645996094,0.1260191947221756,3.022916793823242
712,0.03650433570146561,0.7875094413757324,0.12567445635795593,3.018014669418335
713,0.03403061255812645,0.7872114181518555,0.1260991245508194,3.026348114013672
714,0.0330229327082634,0.7869133949279785,0.12459532171487808,2.9879629611968994
715,0.03363974019885063,0.7866153717041016,0.1258992701768875,3.0231618881225586
716,0.034166522324085236,0.7863173484802246,0.1271183043718338,3.049877405166626
717,0.032601017504930496,0.7860193252563477,0.12733814120292664,3.0585646629333496
718,0.030164659023284912,0.7857213020324707,0.12478518486022949,2.9871323108673096
719,0.0337604284286499,0.7854232788085938,0.1252148151397705,3.0105321407318115
720,0.03585825115442276,0.7851252555847168,0.12492506206035614,2.999509811401367
721,0.03481088951230049,0.7848272323608398,0.12483012676239014,2.995710849761963
722,0.03110782615840435,0.7845292091369629,0.12584932148456573,3.018402576446533
723,0.032965514808893204,0.7842311859130859,0.12586931884288788,3.022916555404663
724,0.0353752002120018,0.783933162689209,0.1263139396905899,3.0322301387786865
725,0.03285546973347664,0.783635139465332,0.12468526512384415,2.993171453475952
726,0.030321400612592697,0.7833371162414551,0.12618404626846313,3.028186559677124
727,0.032488733530044556,0.7830390930175781,0.1252547949552536,3.004861354827881
728,0.034229129552841187,0.7827410697937012,0.12528976798057556,3.0164215564727783
729,0.03272150456905365,0.7824430465698242,0.1263938844203949,3.02107834815979
730,0.032866835594177246,0.7821450233459473,0.12411070615053177,2.9819443225860596
731,0.03282882645726204,0.7818470001220703,0.1261940449476242,3.0268383026123047
732,0.030939484015107155,0.7815489768981934,0.1261790543794632,3.0235297679901123
733,0.03145647794008255,0.7812509536743164,0.1269983947277069,3.0489583015441895
734,0.032555390149354935,0.7809529304504395,0.1264738142490387,3.0346810817718506
735,0.03209826722741127,0.7806549072265625,0.12516985833644867,3.01111102104187
736,0.03352440893650055,0.7803568840026855,0.12487509846687317,2.9936275482177734
737,0.030142532661557198,0.7800588607788086,0.12710832059383392,3.0518383979797363
738,0.030385928228497505,0.7797608375549316,0.12758293747901917,3.0584487915039062
739,0.0307500958442688,0.7794628143310547,0.12705335021018982,3.05294132232666
740,0.03580284118652344,0.7791647911071777,0.12540967762470245,3.009068489074707
741,0.032938167452812195,0.7788667678833008,0.12475518882274628,3.0002317428588867
742,0.03389834240078926,0.7785687446594238,0.12603417038917542,3.0224266052246094
743,0.03379472345113754,0.7782707214355469,0.12490507960319519,2.9975693225860596
744,0.032193075865507126,0.7779726982116699,0.1263938844203949,3.026592969894409
745,0.03373544663190842,0.777674674987793,0.12423062324523926,2.9846813678741455
746,0.03326447308063507,0.777376651763916,0.1266087293624878,3.0378472805023193
747,0.03181878477334976,0.7770786285400391,0.12700840830802917,3.049264669418335
748,0.03208807110786438,0.7767806053161621,0.12613409757614136,3.021691083908081
749,0.03322811424732208,0.7764825820922852,0.12683852016925812,3.0505785942077637
750,0.033046409487724304,0.7761845588684082,0.128377303481102,3.0742647647857666
751,0.03371890261769295,0.7758865356445312,0.1257394254207611,3.026273488998413
752,0.033548325300216675,0.7755885124206543,0.12567946314811707,3.020956039428711
753,0.03077811375260353,0.7752904891967773,0.1266886442899704,3.0338237285614014
754,0.033399660140275955,0.7749924659729004,0.1264188587665558,3.0341434478759766
755,0.029949810355901718,0.7746944427490234,0.12650880217552185,3.0394606590270996
756,0.030350834131240845,0.7743964195251465,0.12463030219078064,2.9852941036224365
757,0.03388223424553871,0.7740983963012695,0.12715327739715576,3.05138897895813
758,0.03279031813144684,0.7738003730773926,0.12520982325077057,3.0127453804016113
759,0.03269084915518761,0.7735023498535156,0.1268635094165802,3.0393521785736084
760,0.030188236385583878,0.7732043266296387,0.1271832436323166,3.0524511337280273
761,0.030254464596509933,0.7729063034057617,0.125684455037117,3.0153186321258545
762,0.03292810916900635,0.7726082801818848,0.1265287846326828,3.034259080886841
763,0.03618711605668068,0.7723102569580078,0.12693345546722412,3.043872594833374
764,0.03157419711351395,0.7720122337341309,0.12630893290042877,3.030759811401367
765,0.030352994799613953,0.7717142105102539,0.12571941316127777,3.0208332538604736
766,0.03446849808096886,0.771416187286377,0.12604917585849762,3.0296568870544434
767,0.03092392161488533,0.7711181640625,0.12662869691848755,3.038078546524048
768,0.0314587764441967,0.770820140838623,0.12872202694416046,3.0850491523742676
769,0.03399573639035225,0.7705221176147461,0.12667866051197052,3.0448529720306396
770,0.03247951343655586,0.7702240943908691,0.12587429583072662,3.021296501159668
771,0.03211512416601181,0.7699260711669922,0.12773780524730682,3.0640931129455566
772,0.03269366919994354,0.7696280479431152,0.12779276072978973,3.0687499046325684
773,0.031183257699012756,0.7693300247192383,0.12730814516544342,3.04837965965271
774,0.032823238521814346,0.7690320014953613,0.12540967762470245,3.019240140914917
775,0.029687484726309776,0.7687339782714844,0.12642885744571686,3.033564805984497
776,0.03277677297592163,0.7684359550476074,0.12594923377037048,3.0259807109832764
777,0.03240537643432617,0.7681379318237305,0.12748301029205322,3.05232834815979
778,0.03304708003997803,0.7678399085998535,0.12594424188137054,3.0253474712371826
779,0.031238358467817307,0.7675418853759766,0.12744304537773132,3.053431272506714
780,0.030273448675870895,0.7672438621520996,0.12595424056053162,3.0305144786834717
781,0.031191159039735794,0.7669458389282227,0.12595422565937042,3.0193285942077637
782,0.032778993248939514,0.7666478157043457,0.1263938993215561,3.039215326309204
783,0.03427593782544136,0.7663497924804688,0.1261790543794632,3.0268518924713135
784,0.032391853630542755,0.7660517692565918,0.12811250984668732,3.07879900932312
785,0.03184623271226883,0.7657537460327148,0.12660372257232666,3.036642074584961
786,0.0303506962954998,0.7654557228088379,0.1266087144613266,3.035069465637207
787,0.028921611607074738,0.7651576995849609,0.12717825174331665,3.05232834815979
788,0.029251636937260628,0.764859676361084,0.12541967630386353,3.017402172088623
789,0.030412985011935234,0.764561653137207,0.1270233690738678,3.04571795463562
790,0.029991639778017998,0.7642636299133301,0.12779276072978973,3.0580883026123047
791,0.03275253623723984,0.7639656066894531,0.1266486793756485,3.0459489822387695
792,0.029454069212079048,0.7636675834655762,0.12787270545959473,3.06789231300354
793,0.030982011929154396,0.7633695602416992,0.12551459670066833,3.0098040103912354
794,0.030765457078814507,0.7630715370178223,0.1273331493139267,3.0607638359069824
795,0.03134508058428764,0.7627735137939453,0.12709331512451172,3.04693603515625
796,0.03130873665213585,0.7624754905700684,0.12846224009990692,3.0776963233947754
797,0.030266476795077324,0.7621774673461914,0.12822742760181427,3.079282522201538
798,0.031222866848111153,0.7618794441223145,0.12590928375720978,3.0305144786834717
799,0.03013160452246666,0.7615814208984375,0.12590426206588745,3.0180554389953613
800,0.031796399503946304,0.7612833976745605,0.12765787541866302,3.062009811401367
801,0.03186902403831482,0.7609853744506836,0.12777778506278992,3.0712010860443115
802,0.02950405701994896,0.7606873512268066,0.1275729387998581,3.058680534362793
803,0.03203803300857544,0.7603893280029297,0.1269834041595459,3.048039197921753
804,0.03142577409744263,0.7600913047790527,0.12735311686992645,3.060539484024048
805,0.030285820364952087,0.7597932815551758,0.12732812762260437,3.049999952316284
806,0.031181296333670616,0.7594952583312988,0.1270633488893509,3.054779052734375
807,0.03183281049132347,0.7591972351074219,0.12595424056053162,3.0210647583007812
808,0.030657127499580383,0.7588992118835449,0.12728317081928253,3.0531861782073975
809,0.030037568882107735,0.758601188659668,0.12810751795768738,3.0754899978637695
810,0.03148943930864334,0.758303165435791,0.12607413530349731,3.0258100032806396
811,0.0339219830930233,0.7580051422119141,0.1263139545917511,3.0305144786834717
812,0.030072294175624847,0.7577071189880371,0.12793265283107758,3.072793960571289
813,0.029796654358506203,0.7574090957641602,0.12711332738399506,3.049189805984497
814,0.03035796619951725,0.7571110725402832,0.12795762717723846,3.0699753761291504
815,0.030729610472917557,0.7568130493164062,0.12709833681583405,3.054050922393799
816,0.03008977323770523,0.7565150260925293,0.1286870539188385,3.087132215499878
817,0.030066564679145813,0.7562170028686523,0.12611910700798035,3.0310049057006836
818,0.03146825730800629,0.7559189796447754,0.12600919604301453,3.024073839187622
819,0.03169333189725876,0.7556209564208984,0.12646383047103882,3.0338237285614014
820,0.030284231528639793,0.7553229331970215,0.12699340283870697,3.0435049533843994
821,0.032049961388111115,0.7550249099731445,0.12792764604091644,3.0642364025115967
822,0.03196133300662041,0.7547268867492676,0.12799760699272156,3.080514669418335
823,0.033366717398166656,0.7544288635253906,0.12860211730003357,3.086574077606201
824,0.02950236015021801,0.7541308403015137,0.12826737761497498,3.0843138694763184
825,0.03055756166577339,0.7538328170776367,0.12732814252376556,3.0389702320098877
826,0.028990868479013443,0.7535347938537598,0.1288219392299652,3.1016204357147217
827,0.029346514493227005,0.7532367706298828,0.12895682454109192,3.090686082839966
828,0.028188390657305717,0.7529387474060059,0.1269434541463852,3.0459556579589844
829,0.027771934866905212,0.7526407241821289,0.128407284617424,3.0791666507720947
830,0.03221031278371811,0.752342700958252,0.1269684135913849,3.0466909408569336
831,0.029355386272072792,0.752044677734375,0.12660370767116547,3.046180486679077
832,0.029704909771680832,0.751746654510498,0.12815748155117035,3.076225519180298
833,0.032876718789339066,0.7514486312866211,0.1271832436323166,3.049264907836914
834,0.03385673463344574,0.7511506080627441,0.12857213616371155,3.086573839187622
835,0.03115500509738922,0.7508525848388672,0.12808755040168762,3.0729167461395264
836,0.029025495052337646,0.7505545616149902,0.12732814252376556,3.056495189666748
837,0.03203045576810837,0.7502565383911133,0.12802757322788239,3.0662038326263428
838,0.03357866406440735,0.7499585151672363,0.12717826664447784,3.068504810333252
839,0.032660387456417084,0.7496604919433594,0.12602916359901428,3.0181713104248047
840,0.027540264651179314,0.7493624687194824,0.12783771753311157,3.0699756145477295
841,0.02906820923089981,0.7490644454956055,0.12857714295387268,3.07745099067688
842,0.028187613934278488,0.7487664222717285,0.12820744514465332,3.080902576446533
843,0.030039042234420776,0.7484683990478516,0.12892186641693115,3.087744951248169
844,0.03301620855927467,0.7481703758239746,0.12899179756641388,3.1001224517822266
845,0.031107978895306587,0.7478723526000977,0.12778277695178986,3.0662035942077637
846,0.030708126723766327,0.7475743293762207,0.12934152781963348,3.107598066329956
847,0.03194641321897507,0.7472763061523438,0.12818247079849243,3.07962965965271
848,0.029107514768838882,0.7469782829284668,0.12884193658828735,3.0939953327178955
849,0.030845701694488525,0.7466802597045898,0.12984612584114075,3.11421537399292
850,0.03155328333377838,0.7463822364807129,0.12779276072978973,3.0700230598449707
851,0.026604805141687393,0.7460842132568359,0.1267136186361313,3.0406861305236816
852,0.028509989380836487,0.745786190032959,0.12798261642456055,3.0753676891326904
853,0.030835798010230064,0.745488166809082,0.12767286598682404,3.0565969944000244
854,0.02545958198606968,0.7451901435852051,0.12719325721263885,3.051103115081787
855,0.031528618186712265,0.7448921203613281,0.12877698242664337,3.0938658714294434
856,0.02926855906844139,0.7445940971374512,0.12768785655498505,3.069239854812622
857,0.030715061351656914,0.7442960739135742,0.1277628093957901,3.065563678741455
858,0.031272754073143005,0.7439980506896973,0.1285271793603897,3.0763888359069824
859,0.029466841369867325,0.7437000274658203,0.1285521686077118,3.0915441513061523
860,0.028888039290905,0.7434020042419434,0.1303357481956482,3.1283090114593506
861,0.030378928408026695,0.7431039810180664,0.12787769734859467,3.0621531009674072
862,0.02886124700307846,0.7428059577941895,0.12816748023033142,3.085416793823242
863,0.030168794095516205,0.7425079345703125,0.1275879293680191,3.0597219467163086
864,0.02670721895992756,0.7422099113464355,0.12712828814983368,3.05294132232666
865,0.03271663188934326,0.7419118881225586,0.12942646443843842,3.105147123336792
866,0.029093867167830467,0.7416138648986816,0.12896183133125305,3.091203451156616
867,0.029110541567206383,0.7413158416748047,0.12727318704128265,3.0584557056427
868,0.030270911753177643,0.7410178184509277,0.12889687716960907,3.0903189182281494
869,0.031104644760489464,0.7407197952270508,0.1276828497648239,3.06516170501709
870,0.02784208580851555,0.7404217720031738,0.1276828497648239,3.067279577255249
871,0.031700894236564636,0.7401237487792969,0.12781773507595062,3.0664353370666504
872,0.03187995031476021,0.7398257255554199,0.12799760699272156,3.0746326446533203
873,0.03095877543091774,0.739527702331543,0.12872202694416046,3.0886030197143555
874,0.030860604718327522,0.739229679107666,0.12794263660907745,3.0687499046325684
875,0.03070721961557865,0.7389316558837891,0.12874199450016022,3.084926128387451
876,0.028518088161945343,0.7386336326599121,0.12775279581546783,3.071446180343628
877,0.03316580131649971,0.7383356094360352,0.12748801708221436,3.053819417953491
878,0.02593364752829075,0.7380375862121582,0.12799261510372162,3.075244903564453
879,0.026966145262122154,0.7377395629882812,0.12713828682899475,3.055323839187622
880,0.029787275940179825,0.7374415397644043,0.12822741270065308,3.0765931606292725
881,0.028386663645505905,0.7371435165405273,0.12882693111896515,3.0851714611053467
882,0.028401870280504227,0.7368454933166504,0.12879694998264313,3.09675931930542
883,0.028691353276371956,0.7365474700927734,0.12864209711551666,3.0857841968536377
884,0.028373053297400475,0.7362494468688965,0.12785272300243378,3.0716912746429443
885,0.029118500649929047,0.7359514236450195,0.126943439245224,3.0481481552124023
886,0.027312591671943665,0.7356534004211426,0.128312349319458,3.0849268436431885
887,0.03215404599905014,0.7353553771972656,0.13033072650432587,3.120486259460449
888,0.030728017911314964,0.7350573539733887,0.1294764280319214,3.106862783432007
889,0.030270982533693314,0.7347593307495117,0.12722322344779968,3.051715612411499
890,0.029220081865787506,0.7344613075256348,0.1284472495317459,3.081944465637207
891,0.03178493306040764,0.7341632843017578,0.12860211730003357,3.0910539627075195
892,0.028101779520511627,0.7338652610778809,0.1290217787027359,3.095587968826294
893,0.029539689421653748,0.7335672378540039,0.1286870390176773,3.0856480598449707
894,0.032184407114982605,0.733269214630127,0.12955136597156525,3.113112449645996
895,0.030448468402028084,0.73297119140625,0.12938649952411652,3.103703498840332
896,0.02976301684975624,0.732673168182373,0.12942646443843842,3.1120097637176514
897,0.026977214962244034,0.7323751449584961,0.12985610961914062,3.111886978149414
898,0.02898712083697319,0.7320771217346191,0.12972122430801392,3.1119213104248047
899,0.027442799881100655,0.7317790985107422,0.12844225764274597,3.083455801010132
900,0.031118934974074364,0.7314810752868652,0.1285671591758728,3.0850489139556885
901,0.028798095881938934,0.7311830520629883,0.1288619041442871,3.089120388031006
902,0.028340956196188927,0.7308850288391113,0.1297062337398529,3.112990379333496
903,0.029403816908597946,0.7305870056152344,0.12836231291294098,3.0848376750946045
904,0.031062137335538864,0.7302889823913574,0.12689848244190216,3.0460784435272217
905,0.03224165737628937,0.7299909591674805,0.12952136993408203,3.1090686321258545
906,0.02781245857477188,0.7296929359436035,0.1289818286895752,3.0913193225860596
907,0.029645055532455444,0.7293949127197266,0.12913669645786285,3.0928921699523926
908,0.02807961031794548,0.7290968894958496,0.12923161685466766,3.106985330581665
909,0.027915023267269135,0.7287988662719727,0.12960630655288696,3.115046262741089
910,0.028871074318885803,0.7285008430480957,0.12724320590496063,3.05232834815979
911,0.02964729629456997,0.7282028198242188,0.1279376596212387,3.070486068725586
912,0.03133006766438484,0.7279047966003418,0.1286720633506775,3.08762264251709
913,0.027168313041329384,0.7276067733764648,0.13018085062503815,3.128553867340088
914,0.029989806935191154,0.7273087501525879,0.1306055188179016,3.131134271621704
915,0.025824926793575287,0.7270107269287109,0.12840227782726288,3.081249713897705
916,0.03133661299943924,0.726712703704834,0.12942644953727722,3.1036765575408936
917,0.02721523866057396,0.726414680480957,0.12729817628860474,3.0626158714294434
918,0.0314621776342392,0.7261166572570801,0.12962627410888672,3.105024814605713
919,0.03268378600478172,0.7258186340332031,0.12852716445922852,3.0866897106170654
920,0.02838899940252304,0.7255206108093262,0.13014088571071625,3.118259906768799
921,0.027087029069662094,0.7252225875854492,0.1294114738702774,3.115440845489502
922,0.02734222449362278,0.7249245643615723,0.12830235064029694,3.074652671813965
923,0.029565250501036644,0.7246265411376953,0.1287020444869995,3.0856616497039795
924,0.03367142379283905,0.7243285179138184,0.13071542978286743,3.14129900932312
925,0.02630225382745266,0.7240304946899414,0.1289817988872528,3.0898149013519287
926,0.02948402240872383,0.7237324714660645,0.12954136729240417,3.1128673553466797
927,0.02934911474585533,0.7234344482421875,0.12985610961914062,3.1197917461395264
928,0.026656784117221832,0.7231364250183105,0.12999099493026733,3.1198530197143555
929,0.02831396646797657,0.7228384017944336,0.12886691093444824,3.1023285388946533
930,0.02876381203532219,0.7225403785705566,0.1300809383392334,3.112152338027954
931,0.027678146958351135,0.7222423553466797,0.1295713484287262,3.110416889190674
932,0.028869716450572014,0.7219443321228027,0.1297062337398529,3.110416889190674
933,0.03237118944525719,0.7216463088989258,0.130415678024292,3.128819227218628
934,0.02700170874595642,0.7213482856750488,0.12863709032535553,3.08419132232666
935,0.027090393006801605,0.7210502624511719,0.12824739515781403,3.0839121341705322
936,0.02779940515756607,0.7207522392272949,0.13018585741519928,3.125490188598633
937,0.0302798543125391,0.720454216003418,0.12876199185848236,3.096813678741455
938,0.026723822578787804,0.720156192779541,0.13149480521678925,3.1457173824310303
939,0.029183190315961838,0.7198581695556641,0.13057054579257965,3.1332106590270996
940,0.028618045151233673,0.7195601463317871,0.12849220633506775,3.0930144786834717
941,0.02892654575407505,0.7192621231079102,0.12783773243427277,3.061689615249634
942,0.03142757713794708,0.7189640998840332,0.12974120676517487,3.110048770904541
943,0.02922118455171585,0.7186660766601562,0.12933653593063354,3.1087965965270996
944,0.028483979403972626,0.7183680534362793,0.1292116343975067,3.1061275005340576
945,0.02951662242412567,0.7180700302124023,0.13013090193271637,3.123161792755127
946,0.028815193101763725,0.7177720069885254,0.13005594909191132,3.114352226257324
947,0.026356644928455353,0.7174739837646484,0.12991106510162354,3.1143383979797363
948,0.033376630395650864,0.7171759605407715,0.1300659477710724,3.1207103729248047
949,0.02905672788619995,0.7168779373168945,0.1299460381269455,3.1221065521240234
950,0.03145645931363106,0.7165799140930176,0.12932653725147247,3.1095588207244873
951,0.027673428878188133,0.7162818908691406,0.12889188528060913,3.091203451156616
952,0.027158107608556747,0.7159838676452637,0.12947142124176025,3.108823776245117
953,0.024988234043121338,0.7156858444213867,0.12904177606105804,3.0977938175201416
954,0.027269994840025902,0.7153878211975098,0.12860211730003357,3.08263897895813
955,0.02821599505841732,0.7150897979736328,0.12986111640930176,3.117156982421875
956,0.0315144844353199,0.7147917747497559,0.13014088571071625,3.123897075653076
957,0.029534058645367622,0.7144937515258789,0.12906675040721893,3.0931713581085205
958,0.026593253016471863,0.714195728302002,0.1300809383392334,3.122058868408203
959,0.028222154825925827,0.713897705078125,0.13015086948871613,3.1297454833984375
960,0.030408361926674843,0.713599681854248,0.13040567934513092,3.134681463241577
961,0.029754450544714928,0.7133016586303711,0.12984614074230194,3.110539197921753
962,0.026069168001413345,0.7130036354064941,0.131609708070755,3.156597375869751
963,0.03190536051988602,0.7127056121826172,0.13008593022823334,3.12977933883667
964,0.027193628251552582,0.7124075889587402,0.1304706335067749,3.11960768699646
965,0.030195318162441254,0.7121095657348633,0.1301758587360382,3.129629611968994
966,0.026052506640553474,0.7118115425109863,0.12992605566978455,3.1115198135375977
967,0.02890341728925705,0.7115135192871094,0.12888188660144806,3.1004629135131836
968,0.030907094478607178,0.7112154960632324,0.1306454837322235,3.138235330581665
969,0.02721850946545601,0.7109174728393555,0.13126999139785767,3.15012264251709
970,0.024973483756184578,0.7106194496154785,0.13036569952964783,3.129629373550415
971,0.02965410239994526,0.7103214263916016,0.13034072518348694,3.123774766921997
972,0.03144646808505058,0.7100234031677246,0.12926658987998962,3.1042890548706055
973,0.02746090292930603,0.7097253799438477,0.1295463591814041,3.103703737258911
974,0.02722686529159546,0.7094273567199707,0.12947142124176025,3.107598066329956
975,0.026200421154499054,0.7091293334960938,0.13028576970100403,3.1315972805023193
976,0.027810676023364067,0.7088313102722168,0.12938149273395538,3.1061272621154785
977,0.02427372708916664,0.7085332870483398,0.13095521926879883,3.1361517906188965
978,0.02735605090856552,0.7082352638244629,0.1310451626777649,3.152893543243408
979,0.029001515358686447,0.7079372406005859,0.12989608943462372,3.1109068393707275
980,0.02802545391023159,0.707639217376709,0.1285671591758728,3.091421604156494
981,0.029322335496544838,0.707341194152832,0.13177458941936493,3.1502315998077393
982,0.03042994812130928,0.7070431709289551,0.13018086552619934,3.139583110809326
983,0.028064223006367683,0.7067451477050781,0.1299460381269455,3.1122684478759766
984,0.026877310127019882,0.7064471244812012,0.13066045939922333,3.135294198989868
985,0.02839531935751438,0.7061491012573242,0.1311950385570526,3.146691083908081
986,0.03149598836898804,0.7058510780334473,0.13038069009780884,3.1307871341705322
987,0.027048330754041672,0.7055530548095703,0.13075540959835052,3.136396884918213
988,0.028193224221467972,0.7052550315856934,0.12980115413665771,3.122058868408203
989,0.02954620122909546,0.7049570083618164,0.1314748227596283,3.1500003337860107
990,0.032645516097545624,0.7046589851379395,0.12926657497882843,3.1049020290374756
991,0.028469353914260864,0.7043609619140625,0.12982113659381866,3.1141204833984375
992,0.02927236072719097,0.7040629386901855,0.1295313686132431,3.1091911792755127
993,0.026793871074914932,0.7037649154663086,0.13077537715435028,3.1300244331359863
994,0.030741378664970398,0.7034668922424316,0.13076040148735046,3.145486354827881
995,0.02675151638686657,0.7031688690185547,0.13143984973430634,3.1457109451293945
996,0.025553666055202484,0.7028708457946777,0.130940243601799,3.1601717472076416
997,0.02759741060435772,0.7025728225708008,0.13026079535484314,3.122453451156616
998,0.025791045278310776,0.7022747993469238,0.1301458775997162,3.1215686798095703
999,0.027425844222307205,0.7019767761230469,0.1300409585237503,3.119328498840332
1000,0.02728295885026455,0.7016787528991699,0.13163968920707703,3.1564950942993164
1001,0.028327956795692444,0.701380729675293,0.1304156631231308,3.127819061279297
1002,0.0317605696618557,0.701082706451416,0.1304556280374527,3.1340277194976807
1003,0.0306018628180027,0.7007846832275391,0.13132493197917938,3.1517157554626465
1004,0.030350584536790848,0.7004866600036621,0.1301758587360382,3.120342969894409
1005,0.028234761208295822,0.7001886367797852,0.12954136729240417,3.1156249046325684
1006,0.026186972856521606,0.6998906135559082,0.13122501969337463,3.1435046195983887
1007,0.028271382674574852,0.6995925903320312,0.12893685698509216,3.102083206176758
1008,0.027955330908298492,0.6992945671081543,0.12891186773777008,3.0936272144317627
1009,0.02862732857465744,0.6989965438842773,0.13145484030246735,3.1535542011260986
1010,0.028729958459734917,0.6986985206604004,0.13106516003608704,3.143981695175171
1011,0.027207693085074425,0.6984004974365234,0.12989608943462372,3.1145832538604736
1012,0.027178797870874405,0.6981024742126465,0.12919163703918457,3.0988972187042236
1013,0.02892887406051159,0.6978044509887695,0.13135990500450134,3.1540510654449463
1014,0.025906549766659737,0.6975064277648926,0.13121002912521362,3.1547794342041016
1015,0.028349271044135094,0.6972084045410156,0.12962129712104797,3.110185146331787
1016,0.029834512621164322,0.6969103813171387,0.12979616224765778,3.1149511337280273
1017,0.029408741742372513,0.6966123580932617,0.12983612716197968,3.1235294342041016
1018,0.028930965811014175,0.6963143348693848,0.13065049052238464,3.1237268447875977
1019,0.029227767139673233,0.6960163116455078,0.13049060106277466,3.13039231300354
1020,0.024989239871501923,0.6957182884216309,0.13051557540893555,3.1306376457214355
1021,0.02905801683664322,0.6954202651977539,0.12901678681373596,3.0989582538604736
1022,0.030523158609867096,0.695122241973877,0.13029077649116516,3.1319854259490967
1023,0.02617315575480461,0.69482421875,0.13134492933750153,3.1525464057922363
1024,0.025614243000745773,0.694526195526123,0.12935151159763336,3.102083444595337
1025,0.02635720558464527,0.6942281723022461,0.13038070499897003,3.133211135864258
1026,0.028493091464042664,0.6939301490783691,0.131594717502594,3.1503469944000244
1027,0.030760567635297775,0.6936321258544922,0.13137491047382355,3.1477935314178467
1028,0.02373516373336315,0.6933341026306152,0.13105016946792603,3.1427695751190186
1029,0.02974751964211464,0.6930360794067383,0.13086530566215515,3.151273012161255
1030,0.028480755165219307,0.6927380561828613,0.13105514645576477,3.149019718170166
1031,0.025112604722380638,0.6924400329589844,0.13042564690113068,3.1289350986480713
1032,0.027771685272455215,0.6921420097351074,0.13166967034339905,3.1644606590270996
1033,0.02699270471930504,0.6918439865112305,0.13027077913284302,3.1265931129455566
1034,0.028012439608573914,0.6915459632873535,0.12902678549289703,3.0928242206573486
1035,0.026787959039211273,0.6912479400634766,0.13183453679084778,3.1639702320098877
1036,0.0312676727771759,0.6909499168395996,0.1301608681678772,3.128063678741455
1037,0.02655000612139702,0.6906518936157227,0.13196443021297455,3.15474534034729
1038,0.02494843117892742,0.6903538703918457,0.1297861784696579,3.116544008255005
1039,0.02713732048869133,0.6900558471679688,0.13000598549842834,3.127662181854248
1040,0.026439791545271873,0.6897578239440918,0.1308702975511551,3.141789436340332
1041,0.026436632499098778,0.6894598007202148,0.13073541224002838,3.1374995708465576
1042,0.028281942009925842,0.6891617774963379,0.1321192979812622,3.1670138835906982
1043,0.027465365827083588,0.6888637542724609,0.12980616092681885,3.111764669418335
1044,0.028259679675102234,0.688565731048584,0.13026079535484314,3.1241421699523926
1045,0.02967694215476513,0.688267707824707,0.13024580478668213,3.1325230598449707
1046,0.02693568915128708,0.6879696846008301,0.13046564161777496,3.127328634262085
1047,0.027097858488559723,0.6876716613769531,0.13072040677070618,3.141319513320923
1048,0.023487484082579613,0.6873736381530762,0.1313399225473404,3.151348114013672
1049,0.028638100251555443,0.6870756149291992,0.1306055188179016,3.13039231300354
1050,0.02820037119090557,0.6867775917053223,0.13028576970100403,3.128819465637207
1051,0.028499364852905273,0.6864795684814453,0.13026079535484314,3.127328395843506
1052,0.02820504829287529,0.6861815452575684,0.12995103001594543,3.1234071254730225
1053,0.027818139642477036,0.6858835220336914,0.13181453943252563,3.156365394592285
1054,0.027506396174430847,0.6855854988098145,0.13079534471035004,3.1401963233947754
1055,0.026034580543637276,0.6852874755859375,0.13252897560596466,3.181828737258911
1056,0.026342783123254776,0.6849894523620605,0.12948140501976013,3.108333110809326
1057,0.02479333057999611,0.6846914291381836,0.13026578724384308,3.118994951248169
1058,0.028550906106829643,0.6843934059143066,0.13057054579257965,3.1335647106170654
1059,0.025468749925494194,0.6840953826904297,0.13023081421852112,3.1307597160339355
1060,0.025146111845970154,0.6837973594665527,0.1321992427110672,3.1644606590270996
1061,0.028616826981306076,0.6834993362426758,0.133058562874794,3.1952548027038574
1062,0.026754634454846382,0.6832013130187988,0.13102518022060394,3.146078586578369
1063,0.02734057977795601,0.6829032897949219,0.13111010193824768,3.1503469944000244
1064,0.02923440933227539,0.6826052665710449,0.12933652102947235,3.1079657077789307
1065,0.027545545250177383,0.682307243347168,0.13240908086299896,3.178676128387451
1066,0.02964378520846367,0.682009220123291,0.13052557408809662,3.128472328186035
1067,0.025172797963023186,0.6817111968994141,0.1302957683801651,3.124509572982788
1068,0.025558171793818474,0.6814131736755371,0.1298661082983017,3.126715660095215
1069,0.024905744940042496,0.6811151504516602,0.1321592777967453,3.1549768447875977
1070,0.02873406931757927,0.6808171272277832,0.1294914036989212,3.1133577823638916
1071,0.032130103558301926,0.6805191040039062,0.13000600039958954,3.1229166984558105
1072,0.02961011230945587,0.6802210807800293,0.13166967034339905,3.1626224517822266
1073,0.027404749765992165,0.6799230575561523,0.12989608943462372,3.1139705181121826
1074,0.02609238773584366,0.6796250343322754,0.13135991990566254,3.1515045166015625
1075,0.02585269697010517,0.6793270111083984,0.12884193658828735,3.0941176414489746
1076,0.027917474508285522,0.6790289878845215,0.13313348591327667,3.185661792755127
1077,0.027020972222089767,0.6787309646606445,0.13175459206104279,3.1681714057922363
1078,0.02511173114180565,0.6784329414367676,0.1312599927186966,3.162254810333252
1079,0.029354382306337357,0.6781349182128906,0.1309252679347992,3.1331019401550293
1080,0.025823047384619713,0.6778368949890137,0.13264888525009155,3.185539484024048
1081,0.02820047363638878,0.6775388717651367,0.13128995895385742,3.155146837234497
1082,0.025063399225473404,0.6772408485412598,0.13238409161567688,3.168518543243408
1083,0.025733182206749916,0.6769428253173828,0.13126499950885773,3.15012264251709
1084,0.026811223477125168,0.6766448020935059,0.13055555522441864,3.1290442943573
1085,0.025218352675437927,0.6763467788696289,0.13276877999305725,3.188309907913208
1086,0.028095729649066925,0.676048755645752,0.132279172539711,3.1703431606292725
1087,0.02781800739467144,0.675750732421875,0.1302158236503601,3.134143352508545
1088,0.023962650448083878,0.675452709197998,0.13067546486854553,3.134558916091919
1089,0.0287464689463377,0.6751546859741211,0.1298111528158188,3.123284101486206
1090,0.02540549263358116,0.6748566627502441,0.1311550736427307,3.138425827026367
1091,0.023901978507637978,0.6745586395263672,0.13062049448490143,3.1341912746429443
1092,0.025940697640180588,0.6742606163024902,0.13113009929656982,3.150735378265381
1093,0.02675655297935009,0.6739625930786133,0.13161471486091614,3.1533565521240234
1094,0.031156161800026894,0.6736645698547363,0.13080036640167236,3.150857925415039
1095,0.028835564851760864,0.6733665466308594,0.1307504028081894,3.1317129135131836
1096,0.024639969691634178,0.6730685234069824,0.1323041468858719,3.168750286102295
1097,0.025710701942443848,0.6727705001831055,0.1307653784751892,3.135784149169922
1098,0.025319604203104973,0.6724724769592285,0.13336829841136932,3.2056713104248047
1099,0.026806406676769257,0.6721744537353516,0.1310601383447647,3.143505334854126
1100,0.025464678183197975,0.6718764305114746,0.13210931420326233,3.1800246238708496
1101,0.026120761409401894,0.6715784072875977,0.13236910104751587,3.1666667461395264
1102,0.03074651211500168,0.6712803840637207,0.13161970674991608,3.1642158031463623
1103,0.02449415624141693,0.6709823608398438,0.13108013570308685,3.1460649967193604
1104,0.029962610453367233,0.6706843376159668,0.12944144010543823,3.105637311935425
1105,0.029107779264450073,0.6703863143920898,0.13161471486091614,3.1577208042144775
1106,0.02494945004582405,0.6700882911682129,0.1316496878862381,3.1594910621643066
1107,0.02603522501885891,0.6697902679443359,0.13183453679084778,3.164705753326416
1108,0.028675459325313568,0.669492244720459,0.13094525039196014,3.138112783432007
1109,0.025577044114470482,0.669194221496582,0.13202935457229614,3.17222261428833
1110,0.02465284988284111,0.6688961982727051,0.1311400830745697,3.143014907836914
1111,0.0305757075548172,0.6685981750488281,0.1298810988664627,3.1229166984558105
1112,0.02714887633919716,0.6683001518249512,0.13183952867984772,3.1618871688842773
1113,0.027206921949982643,0.6680021286010742,0.13062049448490143,3.140563726425171
1114,0.025718379765748978,0.6677041053771973,0.1337679922580719,3.1998844146728516
1115,0.025606665760278702,0.6674060821533203,0.13181455433368683,3.155637264251709
1116,0.025090986862778664,0.6671080589294434,0.13146483898162842,3.169975519180298
1117,0.02719280496239662,0.6668100357055664,0.13222423195838928,3.1686341762542725
1118,0.02701210230588913,0.6665120124816895,0.13201940059661865,3.171201229095459
1119,0.027100112289190292,0.6662139892578125,0.13178956508636475,3.1633100509643555
1120,0.025118043646216393,0.6659159660339355,0.13245902955532074,3.1822307109832764
1121,0.028838716447353363,0.6656179428100586,0.13120505213737488,3.1433825492858887
1122,0.02485574223101139,0.6653199195861816,0.13201938569545746,3.1678240299224854
1123,0.026959991082549095,0.6650218963623047,0.13230416178703308,3.173651933670044
1124,0.02659393474459648,0.6647238731384277,0.13205435872077942,3.1696081161499023
1125,0.027747493237257004,0.6644258499145508,0.13246403634548187,3.179513692855835
1126,0.02722395583987236,0.6641278266906738,0.1287270188331604,3.0941174030303955
1127,0.027701131999492645,0.6638298034667969,0.1320943385362625,3.1674768924713135
1128,0.028576897457242012,0.6635317802429199,0.1319694221019745,3.1649510860443115
1129,0.027698103338479996,0.663233757019043,0.13125000894069672,3.150244951248169
1130,0.02433767169713974,0.662935733795166,0.13140986859798431,3.152893543243408
1131,0.025861196219921112,0.6626377105712891,0.1325989067554474,3.182720422744751
1132,0.026146790012717247,0.6623396873474121,0.13220924139022827,3.168137311935425
1133,0.023467112332582474,0.6620416641235352,0.13005095720291138,3.1259260177612305
1134,0.02421233057975769,0.6617436408996582,0.13263389468193054,3.1876227855682373
1135,0.025747673586010933,0.6614456176757812,0.13333334028720856,3.199652671813965
1136,0.026427414268255234,0.6611475944519043,0.1329236477613449,3.1867644786834717
1137,0.02858455292880535,0.6608495712280273,0.130320742726326,3.132352828979492
1138,0.027376964688301086,0.6605515480041504,0.13188450038433075,3.160069465637207
1139,0.025582360103726387,0.6602535247802734,0.1311950385570526,3.1498775482177734
1140,0.02594352699816227,0.6599555015563965,0.13203437626361847,3.175489902496338
1141,0.025369705632328987,0.6596574783325195,0.13082532584667206,3.134490966796875
1142,0.02349402755498886,0.6593594551086426,0.13164468109607697,3.161151647567749
1143,0.027345143258571625,0.6590614318847656,0.1307254135608673,3.1388888359069824
1144,0.03430570289492607,0.6587634086608887,0.132374107837677,3.1787991523742676
1145,0.028371984139084816,0.6584653854370117,0.1347871720790863,3.2363970279693604
1146,0.025517478585243225,0.6581673622131348,0.13208432495594025,3.1667821407318115
1147,0.028151383623480797,0.6578693389892578,0.13254396617412567,3.180391788482666
1148,0.024677399545907974,0.6575713157653809,0.1320393830537796,3.170588254928589
1149,0.02640448324382305,0.6572732925415039,0.1319844126701355,3.165046215057373
1150,0.02539854682981968,0.656975269317627,0.1320093870162964,3.1780638694763184
1151,0.027010176330804825,0.65667724609375,0.1307503879070282,3.133333206176758
1152,0.026472095400094986,0.656379222869873,0.13197441399097443,3.1618874073028564
1153,0.028194651007652283,0.6560811996459961,0.13288868963718414,3.200612783432007
1154,0.026731878519058228,0.6557831764221191,0.13183453679084778,3.1552083492279053
1155,0.025710755959153175,0.6554851531982422,0.1318894773721695,3.1674020290374756
1156,0.027308886870741844,0.6551871299743652,0.13358813524246216,3.2023284435272217
1157,0.025284599512815475,0.6548891067504883,0.13197942078113556,3.1709489822387695
1158,0.027544526383280754,0.6545910835266113,0.1327637881040573,3.1900737285614014
1159,0.028781525790691376,0.6542930603027344,0.13274380564689636,3.184953451156616
1160,0.026385312899947166,0.6539950370788574,0.13163968920707703,3.1577205657958984
1161,0.023336928337812424,0.6536970138549805,0.13262391090393066,3.1835784912109375
1162,0.02645128406584263,0.6533989906311035,0.1329086571931839,3.1872682571411133
1163,0.025228723883628845,0.6531009674072266,0.13231414556503296,3.1758577823638916
1164,0.026421433314681053,0.6528029441833496,0.13326339423656464,3.1882355213165283
1165,0.025035705417394638,0.6525049209594727,0.13163968920707703,3.171412229537964
1166,0.026071634143590927,0.6522068977355957,0.13247402012348175,3.1768386363983154
1167,0.028897082433104515,0.6519088745117188,0.1313149482011795,3.155902624130249
1168,0.024603119120001793,0.6516108512878418,0.13160471618175507,3.165318489074707
1169,0.026917830109596252,0.6513128280639648,0.13469722867012024,3.2262253761291504
1170,0.026838621124625206,0.6510148048400879,0.1328687071800232,3.1880786418914795
1171,0.026259424164891243,0.6507167816162109,0.13085032999515533,3.1469364166259766
1172,0.02625151351094246,0.650418758392334,0.13306854665279388,3.185784101486206
1173,0.026056665927171707,0.650120735168457,0.13147982954978943,3.152430534362793
1174,0.02448389120399952,0.6498227119445801,0.13095524907112122,3.1408090591430664
1175,0.02576419524848461,0.6495246887207031,0.1326838582754135,3.1909725666046143
1176,0.02485732175409794,0.6492266654968262,0.13224919140338898,3.173774480819702
1177,0.024799026548862457,0.6489286422729492,0.1317446082830429,3.16102933883667
1178,0.02605424076318741,0.6486306190490723,0.13267385959625244,3.1819446086883545
1179,0.023587895557284355,0.6483325958251953,0.13187450170516968,3.1639702320098877
1180,0.030371667817234993,0.6480345726013184,0.13291367888450623,3.196568727493286
1181,0.024030428379774094,0.6477365493774414,0.13218426704406738,3.1681714057922363
1182,0.02425028197467327,0.6474385261535645,0.1329786330461502,3.1957106590270996
1183,0.02378656715154648,0.6471405029296875,0.13373801112174988,3.206597328186035
1184,0.025067470967769623,0.6468424797058105,0.13072042167186737,3.1372549533843994
1185,0.025524694472551346,0.6465444564819336,0.13299860060214996,3.1859068870544434
1186,0.026547197252511978,0.6462464332580566,0.13134992122650146,3.1515047550201416
1187,0.026997270062565804,0.6459484100341797,0.13269884884357452,3.1890931129455566
1188,0.02884475700557232,0.6456503868103027,0.13262391090393066,3.1895833015441895
1189,0.028776170685887337,0.6453523635864258,0.13326838612556458,3.1854169368743896
1190,0.025986937806010246,0.6450543403625488,0.13285371661186218,3.198284387588501
1191,0.023840222507715225,0.6447563171386719,0.1328287273645401,3.1877315044403076
1192,0.024493208155035973,0.6444582939147949,0.13208433985710144,3.168259859085083
1193,0.025721706449985504,0.644160270690918,0.13336330652236938,3.195955753326416
1194,0.021934162825345993,0.643862247467041,0.13197442889213562,3.171180486679077
1195,0.02655750699341297,0.6435642242431641,0.13209931552410126,3.174877643585205
1196,0.025764480233192444,0.6432662010192871,0.13389287889003754,3.2069852352142334
1197,0.02924497239291668,0.6429681777954102,0.13425758481025696,3.228240728378296
1198,0.024697741493582726,0.6426701545715332,0.13445743918418884,3.2188727855682373
1199,0.026719724759459496,0.6423721313476562,0.13299360871315002,3.1979167461395264
1200,0.0255537461489439,0.6420741081237793,0.13141487538814545,3.1595590114593506
1201,0.024429865181446075,0.6417760848999023,0.1323091685771942,3.1660540103912354
1202,0.025027405470609665,0.6414780616760254,0.13270384073257446,3.1862268447875977
1203,0.026439441367983818,0.6411800384521484,0.13261890411376953,3.183211088180542
1204,0.02334531769156456,0.6408820152282715,0.13176459074020386,3.1589460372924805
1205,0.023456085473299026,0.6405839920043945,0.1325889229774475,3.1865739822387695
1206,0.026733770966529846,0.6402859687805176,0.1338329315185547,3.201225519180298
1207,0.024832142516970634,0.6399879455566406,0.13326339423656464,3.2079858779907227
1208,0.025805745273828506,0.6396899223327637,0.13395781815052032,3.205024480819702
1209,0.02537323720753193,0.6393918991088867,0.13341327011585236,3.2082109451293945
1210,0.025497376918792725,0.6390938758850098,0.1323041468858719,3.179166793823242
1211,0.024455899372696877,0.6387958526611328,0.13334332406520844,3.202083110809326
1212,0.024335265159606934,0.6384978294372559,0.13265389204025269,3.1727941036224365
1213,0.023767385631799698,0.6381998062133789,0.13221922516822815,3.180208206176758
1214,0.02522815763950348,0.637901782989502,0.13175959885120392,3.160907030105591
1215,0.027033111080527306,0.637603759765625,0.1334332376718521,3.205787420272827
1216,0.022575678303837776,0.637305736541748,0.13281874358654022,3.1852941513061523
1217,0.024040091782808304,0.6370077133178711,0.1324790120124817,3.181495189666748
1218,0.026483234018087387,0.6367096900939941,0.13505694270133972,3.238194465637207
1219,0.02487332373857498,0.6364116668701172,0.13253897428512573,3.1794116497039795
1220,0.02664336934685707,0.6361136436462402,0.13224421441555023,3.1787989139556885
1221,0.027182811871170998,0.6358156204223633,0.13190947473049164,3.163194417953491
1222,0.025322958827018738,0.6355175971984863,0.132389098405838,3.1817402839660645
1223,0.026541097089648247,0.6352195739746094,0.13294364511966705,3.1873841285705566
1224,0.024203810840845108,0.6349215507507324,0.13357314467430115,3.2100489139556885
1225,0.02677571401000023,0.6346235275268555,0.13421262800693512,3.215808868408203
1226,0.024111228063702583,0.6343255043029785,0.13381794095039368,3.2097222805023193
1227,0.025462714955210686,0.6340274810791016,0.1330985277891159,3.191789150238037
1228,0.025355268269777298,0.6337294578552246,0.1324940174818039,3.1828434467315674
1229,0.024963509291410446,0.6334314346313477,0.13268885016441345,3.1782407760620117
1230,0.022809121757745743,0.6331334114074707,0.13160473108291626,3.1667892932891846
1231,0.022282840684056282,0.6328353881835938,0.13330335915088654,3.1995370388031006
1232,0.02516127936542034,0.6325373649597168,0.13193444907665253,3.16237735748291
1233,0.027891645208001137,0.6322393417358398,0.13410770893096924,3.2149507999420166
1234,0.024026235565543175,0.6319413185119629,0.1330185830593109,3.20277738571167
1235,0.025406938046216965,0.6316432952880859,0.13302858173847198,3.1908087730407715
1236,0.027782605960965157,0.631345272064209,0.13309353590011597,3.1901960372924805
1237,0.02339351549744606,0.631047248840332,0.1344923973083496,3.2276620864868164
1238,0.02769646979868412,0.6307492256164551,0.13282375037670135,3.180147171020508
1239,0.02282216027379036,0.6304512023925781,0.13354817032814026,3.2133102416992188
1240,0.02451714687049389,0.6301531791687012,0.13223421573638916,3.1716911792755127
1241,0.023402566090226173,0.6298551559448242,0.13350819051265717,3.201838493347168
1242,0.027644801884889603,0.6295571327209473,0.13381294906139374,3.2122690677642822
1243,0.024942440912127495,0.6292591094970703,0.1320643424987793,3.170220375061035
1244,0.026087816804647446,0.6289610862731934,0.1328287422657013,3.1817400455474854
1245,0.022461839020252228,0.6286630630493164,0.1332583874464035,3.205787181854248
1246,0.02682129666209221,0.6283650398254395,0.13324840366840363,3.195343017578125
1247,0.02459888532757759,0.6280670166015625,0.13213929533958435,3.1739583015441895
1248,0.02486054040491581,0.6277689933776855,0.1317296326160431,3.164705991744995
1249,0.0275739673525095,0.6274709701538086,0.1333783119916916,3.191666841506958
1250,0.026860231533646584,0.6271729469299316,0.13339827954769135,3.2089121341705322
1251,0.024438828229904175,0.6268749237060547,0.13263890147209167,3.1745097637176514
1252,0.027035357430577278,0.6265769004821777,0.1337130218744278,3.212132453918457
1253,0.02825101464986801,0.6262788772583008,0.13291366398334503,3.188657522201538
1254,0.02658831886947155,0.6259808540344238,0.13419264554977417,3.2263479232788086
1255,0.02660078927874565,0.6256828308105469,0.1326938420534134,3.184837818145752
1256,0.028797609731554985,0.6253848075866699,0.13266386091709137,3.187377691268921
1257,0.02737152948975563,0.625086784362793,0.1322541981935501,3.1745097637176514
1258,0.02537747099995613,0.624788761138916,0.13344325125217438,3.195833444595337
1259,0.020151279866695404,0.6244907379150391,0.13339827954769135,3.19901967048645
1260,0.02792511135339737,0.6241927146911621,0.13356314599514008,3.206862449645996
1261,0.023273151367902756,0.6238946914672852,0.1338878870010376,3.214468002319336
1262,0.02429124526679516,0.6235966682434082,0.1328037679195404,3.1875
1263,0.02387637458741665,0.6232986450195312,0.13356314599514008,3.2067129611968994
1264,0.025347348302602768,0.6230006217956543,0.13274379074573517,3.1789214611053467
1265,0.027408819645643234,0.6227025985717773,0.13397282361984253,3.22352933883667
1266,0.02707088738679886,0.6224045753479004,0.1336880475282669,3.205787181854248
1267,0.025684040039777756,0.6221065521240234,0.13476219773292542,3.23026967048645
1268,0.025785649195313454,0.6218085289001465,0.1329086720943451,3.18823504447937
1269,0.024516349658370018,0.6215105056762695,0.13399280607700348,3.219444513320923
1270,0.022385306656360626,0.6212124824523926,0.1335931271314621,3.2002453804016113
1271,0.023594314232468605,0.6209144592285156,0.13344824314117432,3.2113428115844727
1272,0.024296889081597328,0.6206164360046387,0.13444744050502777,3.2251224517822266
1273,0.025709163397550583,0.6203184127807617,0.13373801112174988,3.209068536758423
1274,0.025851361453533173,0.6200203895568848,0.1335781216621399,3.204976797103882
1275,0.02267635427415371,0.6197223663330078,0.1349470317363739,3.2425243854522705
1276,0.024744713678956032,0.6194243431091309,0.13336332142353058,3.201960563659668
1277,0.025703636929392815,0.6191263198852539,0.13417264819145203,3.2151620388031006
1278,0.023153752088546753,0.618828296661377,0.13259892165660858,3.182107925415039
1279,0.02517031505703926,0.6185302734375,0.1341027170419693,3.2216434478759766
1280,0.024799702689051628,0.618232250213623,0.13243404030799866,3.1752450466156006
1281,0.021722227334976196,0.6179342269897461,0.1339428424835205,3.2207109928131104
1282,0.024446796625852585,0.6176362037658691,0.13366806507110596,3.203125
1283,0.023634573444724083,0.6173381805419922,0.13439248502254486,3.224877119064331
1284,0.025755133479833603,0.6170401573181152,0.13386791944503784,3.206862688064575
1285,0.02561897598206997,0.6167421340942383,0.1330985277891159,3.2045140266418457
1286,0.024819601327180862,0.6164441108703613,0.13201437890529633,3.168750047683716
1287,0.02335325814783573,0.6161460876464844,0.13344824314117432,3.200347423553467
1288,0.024426603689789772,0.6158480644226074,0.13446740806102753,3.2237746715545654
1289,0.024404706433415413,0.6155500411987305,0.1332733929157257,3.20919132232666
1290,0.02423316426575184,0.6152520179748535,0.13435252010822296,3.213773012161255
1291,0.026287604123353958,0.6149539947509766,0.1323191374540329,3.1710782051086426
1292,0.024575063958764076,0.6146559715270996,0.13444244861602783,3.2328431606292725
1293,0.026206588372588158,0.6143579483032227,0.13526178896427155,3.237384080886841
1294,0.029732216149568558,0.6140599250793457,0.13214927911758423,3.183823585510254
1295,0.026723690330982208,0.6137619018554688,0.13373301923274994,3.206481456756592
1296,0.023222854360938072,0.6134638786315918,0.13317346572875977,3.1974263191223145
1297,0.02408173307776451,0.6131658554077148,0.13513189554214478,3.2437498569488525
1298,0.02642105147242546,0.6128678321838379,0.13446243107318878,3.2216432094573975
1299,0.024912230670452118,0.6125698089599609,0.13270384073257446,3.1841909885406494
1300,0.025192929431796074,0.612271785736084,0.13398779928684235,3.2249999046325684
1301,0.025396620854735374,0.611973762512207,0.13448740541934967,3.2211806774139404
1302,0.023105105385184288,0.6116757392883301,0.13286370038986206,3.188847780227661
1303,0.026207752525806427,0.6113777160644531,0.13335831463336945,3.201273202896118
1304,0.022542616352438927,0.6110796928405762,0.13395783305168152,3.2161762714385986
1305,0.02681560069322586,0.6107816696166992,0.13324840366840363,3.180759906768799
1306,0.025418119505047798,0.6104836463928223,0.13326337933540344,3.2150464057922363
1307,0.028404049575328827,0.6101856231689453,0.1344524472951889,3.2202205657958984
1308,0.02577744796872139,0.6098875999450684,0.13409772515296936,3.217647075653076
1309,0.0234849750995636,0.6095895767211914,0.13448239862918854,3.230555534362793
1310,0.024354809895157814,0.6092915534973145,0.1353767067193985,3.243995189666748
1311,0.024216964840888977,0.6089935302734375,0.13403277099132538,3.2246522903442383
1312,0.026498371735215187,0.6086955070495605,0.1340227872133255,3.2129900455474854
1313,0.02596048079431057,0.6083974838256836,0.13440747559070587,3.232475519180298
1314,0.024542877450585365,0.6080994606018066,0.13432255387306213,3.2178237438201904
1315,0.0258755162358284,0.6078014373779297,0.1345473676919937,3.2351717948913574
1316,0.024637149646878242,0.6075034141540527,0.13294363021850586,3.185661792755127
1317,0.024054959416389465,0.6072053909301758,0.1354316622018814,3.2478010654449463
1318,0.024377087131142616,0.6069073677062988,0.13530175387859344,3.246936321258545
1319,0.022698909044265747,0.6066093444824219,0.13287369906902313,3.193866014480591
1320,0.02421608567237854,0.6063113212585449,0.13567645847797394,3.257352828979492
1321,0.024689067155122757,0.606013298034668,0.13492704927921295,3.2305145263671875
1322,0.024993080645799637,0.605715274810791,0.13228917121887207,3.1809027194976807
1323,0.02416289784014225,0.6054172515869141,0.1345473676919937,3.2294116020202637
1324,0.023003140464425087,0.6051192283630371,0.13386790454387665,3.21397066116333
1325,0.02407345548272133,0.6048212051391602,0.13534173369407654,3.238194465637207
1326,0.02493963949382305,0.6045231819152832,0.1367705911397934,3.2905635833740234
1327,0.025389697402715683,0.6042251586914062,0.1328687071800232,3.194328546524048
1328,0.026853319257497787,0.6039271354675293,0.1351219117641449,3.2395832538604736
1329,0.024471329525113106,0.6036291122436523,0.13416767120361328,3.222304105758667
1330,0.0275040902197361,0.6033310890197754,0.13431254029273987,3.219444513320923
1331,0.021920330822467804,0.6030330657958984,0.1345473676919937,3.2322304248809814
1332,0.025065947324037552,0.6027350425720215,0.1338879019021988,3.2136030197143555
1333,0.02378944307565689,0.6024370193481445,0.13425761461257935,3.22175931930542
1334,0.02366849221289158,0.6021389961242676,0.13375799357891083,3.2106616497039795
1335,0.02216835506260395,0.6018409729003906,0.13470223546028137,3.234375
1336,0.026071466505527496,0.6015429496765137,0.13437749445438385,3.223407030105591
1337,0.021730076521635056,0.6012449264526367,0.13252396881580353,3.185661792755127
1338,0.025210201740264893,0.6009469032287598,0.13480715453624725,3.2299768924713135
1339,0.02241947129368782,0.6006488800048828,0.13522681593894958,3.2406864166259766
1340,0.02570602484047413,0.6003508567810059,0.1358862817287445,3.256740093231201
1341,0.022725246846675873,0.6000528335571289,0.13499699532985687,3.2517359256744385
1342,0.025846172124147415,0.599754810333252,0.1359412521123886,3.258333444595337
1343,0.025131667032837868,0.599456787109375,0.13371801376342773,3.213078737258911
1344,0.02468584105372429,0.599158763885498,0.1332434117794037,3.199509859085083
1345,0.02446603588759899,0.5988607406616211,0.13385292887687683,3.2126221656799316
1346,0.02541216090321541,0.5985627174377441,0.13559651374816895,3.2513887882232666
1347,0.02492469921708107,0.5982646942138672,0.13347822427749634,3.2028183937072754
1348,0.02343745157122612,0.5979666709899902,0.1349320411682129,3.227818489074707
1349,0.022310344502329826,0.5976686477661133,0.13590127229690552,3.264583110809326
1350,0.02262447029352188,0.5973706245422363,0.1325189769268036,3.1770832538604736
1351,0.0256655253469944,0.5970726013183594,0.13408273458480835,3.226041793823242
1352,0.02586539275944233,0.5967745780944824,0.13586130738258362,3.2631123065948486
1353,0.023432524874806404,0.5964765548706055,0.136245995759964,3.265073537826538
1354,0.026262471452355385,0.5961785316467285,0.13432255387306213,3.2228009700775146
1355,0.026176871731877327,0.5958805084228516,0.1346772462129593,3.228308916091919
1356,0.02258293330669403,0.5955824851989746,0.13364309072494507,3.2116425037384033
1357,0.02589886263012886,0.5952844619750977,0.13428758084774017,3.2254626750946045
1358,0.023683294653892517,0.5949864387512207,0.13478218019008636,3.2257351875305176
1359,0.024395976215600967,0.5946884155273438,0.13540668785572052,3.2596065998077393
1360,0.027910759672522545,0.5943903923034668,0.1345873326063156,3.230637311935425
1361,0.02595173381268978,0.5940923690795898,0.13372302055358887,3.208700656890869
1362,0.023565024137496948,0.5937943458557129,0.13551658391952515,3.2459487915039062
1363,0.02350432239472866,0.5934963226318359,0.13280875980854034,3.1914217472076416
1364,0.024333225563168526,0.593198299407959,0.13617108762264252,3.266176462173462
1365,0.02607087790966034,0.592900276184082,0.1331784576177597,3.1950230598449707
1366,0.025791995227336884,0.5926022529602051,0.1347472071647644,3.238725185394287
1367,0.025007570162415504,0.5923042297363281,0.13373801112174988,3.2116899490356445
1368,0.028124988079071045,0.5920062065124512,0.13441745936870575,3.2227938175201416
1369,0.023180432617664337,0.5917081832885742,0.13471221923828125,3.2340686321258545
1370,0.024700164794921875,0.5914101600646973,0.13391786813735962,3.213773012161255
1371,0.026646383106708527,0.5911121368408203,0.13595624268054962,3.2627453804016113
1372,0.024464089423418045,0.5908141136169434,0.13456235826015472,3.23370099067688
1373,0.02409347891807556,0.5905160903930664,0.13391287624835968,3.206597328186035
1374,0.02604103274643421,0.5902180671691895,0.13471722602844238,3.2279412746429443
1375,0.02683369070291519,0.5899200439453125,0.13319344818592072,3.2105326652526855
1376,0.022832799702882767,0.5896220207214355,0.13448740541934967,3.2250001430511475
1377,0.02544737420976162,0.5893239974975586,0.1348820924758911,3.228921890258789
1378,0.022251728922128677,0.5890259742736816,0.13513188064098358,3.2521989345550537
1379,0.025713829323649406,0.5887279510498047,0.1336880475282669,3.2101714611053467
1380,0.023911982774734497,0.5884299278259277,0.13363809883594513,3.2080883979797363
1381,0.02220621332526207,0.5881319046020508,0.13592125475406647,3.251157522201538
1382,0.02407139167189598,0.5878338813781738,0.1335131824016571,3.2046568393707275
1383,0.024608619511127472,0.5875358581542969,0.13471722602844238,3.2398147583007812
1384,0.027038808912038803,0.5872378349304199,0.13452239334583282,3.2285540103912354
1385,0.022975662723183632,0.586939811706543,0.13482213020324707,3.237377405166626
1386,0.024568188935518265,0.586641788482666,0.13476218283176422,3.2296297550201416
1387,0.024643102660775185,0.5863437652587891,0.1350669413805008,3.244730234146118
1388,0.02329167164862156,0.5860457420349121,0.1355515569448471,3.251103162765503
1389,0.022877560928463936,0.5857477188110352,0.13439248502254486,3.2238423824310303
1390,0.022979771718382835,0.5854496955871582,0.13500697910785675,3.242647171020508
1391,0.022620707750320435,0.5851516723632812,0.13450239598751068,3.230555772781372
1392,0.02496987208724022,0.5848536491394043,0.13541167974472046,3.2525737285614014
1393,0.025237342342734337,0.5845556259155273,0.13590627908706665,3.259190797805786
1394,0.02421213686466217,0.5842576026916504,0.13495205342769623,3.2376158237457275
1395,0.022627167403697968,0.5839595794677734,0.13503697514533997,3.239215612411499
1396,0.025812411680817604,0.5836615562438965,0.13560651242733002,3.2491421699523926
1397,0.024615056812763214,0.5833635330200195,0.13549160957336426,3.2570602893829346
1398,0.023570077493786812,0.5830655097961426,0.13594624400138855,3.2640931606292725
1399,0.02433827333152294,0.5827674865722656,0.13552159070968628,3.2543981075286865
1400,0.024651536718010902,0.5824694633483887,0.1347072273492813,3.2335784435272217
1401,0.023214073851704597,0.5821714401245117,0.13673561811447144,3.292769432067871
1402,0.02506796456873417,0.5818734169006348,0.13619104027748108,3.2560184001922607
1403,0.023004529997706413,0.5815753936767578,0.13369804620742798,3.207352876663208
1404,0.02534213289618492,0.5812773704528809,0.13330335915088654,3.200122594833374
1405,0.024652406573295593,0.5809793472290039,0.1355515569448471,3.2559030055999756
1406,0.023296168074011803,0.580681324005127,0.13503696024417877,3.2357845306396484
1407,0.027238337323069572,0.58038330078125,0.13448241353034973,3.2299768924713135
1408,0.024223439395427704,0.580085277557373,0.1365957260131836,3.277573585510254
1409,0.024472011253237724,0.5797872543334961,0.13384293019771576,3.214092969894409
1410,0.025339514017105103,0.5794892311096191,0.13404276967048645,3.2188658714294434
1411,0.024928079918026924,0.5791912078857422,0.13631096482276917,3.2658088207244873
1412,0.024295348674058914,0.5788931846618652,0.13569144904613495,3.2585785388946533
1413,0.022055603563785553,0.5785951614379883,0.13684552907943726,3.274421453475952
1414,0.02432401478290558,0.5782971382141113,0.135686457157135,3.27169132232666
1415,0.022593224421143532,0.5779991149902344,0.13562647998332977,3.2513890266418457
1416,0.024386312812566757,0.5777010917663574,0.1340627521276474,3.214705467224121
1417,0.023853590711951256,0.5774030685424805,0.13416267931461334,3.2231619358062744
1418,0.02312224917113781,0.5771050453186035,0.13570143282413483,3.2482638359069824
1419,0.022929059341549873,0.5768070220947266,0.1359662413597107,3.2737746238708496
1420,0.02526739239692688,0.5765089988708496,0.1358713060617447,3.262132167816162
1421,0.02483127824962139,0.5762109756469727,0.13625599443912506,3.2630786895751953
1422,0.025372052565217018,0.5759129524230957,0.1355115920305252,3.254289150238037
1423,0.025638975203037262,0.5756149291992188,0.13475719094276428,3.235184907913208
1424,0.026857927441596985,0.5753169059753418,0.13561150431632996,3.255514621734619
1425,0.02454647421836853,0.5750188827514648,0.1347472071647644,3.2303922176361084
1426,0.024852784350514412,0.5747208595275879,0.13549160957336426,3.2535879611968994
1427,0.023407164961099625,0.5744228363037109,0.1361011117696762,3.2610294818878174
1428,0.024630269035696983,0.574124813079834,0.13534173369407654,3.2484068870544434
1429,0.0262759942561388,0.573826789855957,0.13571642339229584,3.259490966796875
1430,0.021829567849636078,0.5735287666320801,0.13633093237876892,3.274019479751587
1431,0.02438494563102722,0.5732307434082031,0.13654077053070068,3.2776620388031006
1432,0.02354830875992775,0.5729327201843262,0.13550661504268646,3.2557599544525146
1433,0.026162531226873398,0.5726346969604492,0.13472221791744232,3.23370099067688
1434,0.02511308714747429,0.5723366737365723,0.13550660014152527,3.2445602416992188
1435,0.024935703724622726,0.5720386505126953,0.1364508420228958,3.272794008255005
1436,0.025237586349248886,0.5717406272888184,0.13632094860076904,3.2772057056427
1437,0.025059444829821587,0.5714426040649414,0.13641586899757385,3.270948886871338
1438,0.025402158498764038,0.5711445808410645,0.13603118062019348,3.266176700592041
1439,0.023104902356863022,0.5708465576171875,0.13512688875198364,3.2456018924713135
1440,0.0264048520475626,0.5705485343933105,0.13436751067638397,3.2274508476257324
1441,0.024558233097195625,0.5702505111694336,0.13601119816303253,3.2640931606292725
1442,0.02751486375927925,0.5699524879455566,0.13635092973709106,3.265277624130249
1443,0.023651378229260445,0.5696544647216797,0.13537169992923737,3.259681224822998
1444,0.02201005071401596,0.5693564414978027,0.13667066395282745,3.2750000953674316
1445,0.026009397581219673,0.5690584182739258,0.1368105411529541,3.2790510654449463
1446,0.024372059851884842,0.5687603950500488,0.137040376663208,3.2910542488098145
1447,0.026464132592082024,0.5684623718261719,0.13587629795074463,3.261805772781372
1448,0.023502567782998085,0.5681643486022949,0.13611111044883728,3.268014669418335
1449,0.02538551390171051,0.567866325378418,0.1362859606742859,3.271568536758423
1450,0.026591915637254715,0.567568302154541,0.13467226922512054,3.233333110809326
1451,0.023732401430606842,0.5672702789306641,0.13499200344085693,3.2485294342041016
1452,0.026263827458024025,0.5669722557067871,0.13632093369960785,3.2569854259490967
1453,0.02314450778067112,0.5666742324829102,0.13644084334373474,3.2768514156341553
1454,0.023130759596824646,0.5663762092590332,0.1359112709760666,3.264338254928589
1455,0.02485283836722374,0.5660781860351562,0.13627098500728607,3.268749952316284
1456,0.02557949721813202,0.5657801628112793,0.13652077317237854,3.2816176414489746
1457,0.02239794097840786,0.5654821395874023,0.13454236090183258,3.2227942943573
1458,0.02393944561481476,0.5651841163635254,0.1359112709760666,3.260648012161255
1459,0.023036612197756767,0.5648860931396484,0.137534961104393,3.308823585510254
1460,0.02465418167412281,0.5645880699157715,0.13699039816856384,3.277451276779175
1461,0.02039668895304203,0.5642900466918945,0.13622601330280304,3.269444227218628
1462,0.023353509604930878,0.5639920234680176,0.1358313411474228,3.265563726425171
1463,0.02558712847530842,0.5636940002441406,0.1363958865404129,3.272916555404663
1464,0.024999186396598816,0.5633959770202637,0.1362360119819641,3.2731618881225586
1465,0.023053279146552086,0.5630979537963867,0.1361810564994812,3.2682600021362305
1466,0.026787254959344864,0.5627999305725098,0.13593624532222748,3.255671501159668
1467,0.02294105663895607,0.5625019073486328,0.13681554794311523,3.2823524475097656
1468,0.024940576404333115,0.5622038841247559,0.1361810564994812,3.2724266052246094
1469,0.025446731597185135,0.5619058609008789,0.13743506371974945,3.292361259460449
1470,0.024827921763062477,0.561607837677002,0.1367306113243103,3.2888479232788086
1471,0.02263101376593113,0.561309814453125,0.1348671019077301,3.237731456756592
1472,0.022601747885346413,0.561011791229248,0.13605116307735443,3.260784149169922
1473,0.023035086691379547,0.5607137680053711,0.13697542250156403,3.2852938175201416
1474,0.02063644863665104,0.5604157447814941,0.13684551417827606,3.2886571884155273
1475,0.022780150175094604,0.5601177215576172,0.13795964419841766,3.3102943897247314
1476,0.022732537239789963,0.5598196983337402,0.13714027404785156,3.292156934738159
1477,0.02436327002942562,0.5595216751098633,0.13697542250156403,3.2879629135131836
1478,0.026260100305080414,0.5592236518859863,0.1375599503517151,3.3020832538604736
1479,0.022311560809612274,0.5589256286621094,0.1359912008047104,3.2657408714294434
1480,0.025290273129940033,0.5586276054382324,0.13743005692958832,3.296445846557617
1481,0.023854484781622887,0.5583295822143555,0.13738508522510529,3.2933826446533203
1482,0.02179746702313423,0.5580315589904785,0.1366107165813446,3.281712770462036
1483,0.02203657478094101,0.5577335357666016,0.13590626418590546,3.265073537826538
1484,0.0232876967638731,0.5574355125427246,0.13756994903087616,3.2916667461395264
1485,0.02133278362452984,0.5571374893188477,0.1359112709760666,3.268749952316284
1486,0.023171905428171158,0.5568394660949707,0.1363009661436081,3.25955867767334
1487,0.02295040898025036,0.5565414428710938,0.1368105411529541,3.2974534034729004
1488,0.023536458611488342,0.5562434196472168,0.13556654751300812,3.258455753326416
1489,0.023494036868214607,0.5559453964233398,0.1356314867734909,3.2545342445373535
1490,0.02720448188483715,0.5556473731994629,0.1367456018924713,3.277083158493042
1491,0.0238712839782238,0.5553493499755859,0.1365307718515396,3.2754902839660645
1492,0.022727925330400467,0.555051326751709,0.13696043193340302,3.284191370010376
1493,0.024834642186760902,0.554753303527832,0.1361810564994812,3.2673611640930176
1494,0.023240577429533005,0.5544552803039551,0.13609613478183746,3.267524480819702
1495,0.022400815039873123,0.5541572570800781,0.13493704795837402,3.243518590927124
1496,0.025728363543748856,0.5538592338562012,0.1383942812681198,3.322059154510498
1497,0.023147940635681152,0.5535612106323242,0.13871902227401733,3.3387250900268555
1498,0.02500765398144722,0.5532631874084473,0.13674061000347137,3.2715275287628174
1499,0.024267714470624924,0.5529651641845703,0.1364608258008957,3.2768380641937256
1500,0.021547364071011543,0.5526671409606934,0.13653075695037842,3.27181339263916
1501,0.0263838954269886,0.5523691177368164,0.1359512358903885,3.2668981552124023
1502,0.02369745820760727,0.5520710945129395,0.13652579486370087,3.280147075653076
1503,0.020608847960829735,0.5517730712890625,0.13680554926395416,3.2817132472991943
1504,0.02329987846314907,0.5514750480651855,0.13673558831214905,3.2799017429351807
1505,0.023103628307580948,0.5511770248413086,0.1364108771085739,3.2756125926971436
1506,0.0247245654463768,0.5508790016174316,0.1376548856496811,3.302198648452759
1507,0.024963097646832466,0.5505809783935547,0.1365307718515396,3.2767155170440674
1508,0.025568382814526558,0.5502829551696777,0.1368904858827591,3.280759811401367
1509,0.024813588708639145,0.5499849319458008,0.1364758163690567,3.273611307144165
1510,0.02293115109205246,0.5496869087219238,0.1361560821533203,3.273897171020508
1511,0.02340381219983101,0.5493888854980469,0.13614608347415924,3.2688658237457275
1512,0.022541822865605354,0.5490908622741699,0.13700540363788605,3.296323537826538
1513,0.023234141990542412,0.548792839050293,0.1376548707485199,3.298039197921753
1514,0.022169694304466248,0.548494815826416,0.13699041306972504,3.285069465637207
1515,0.023098623380064964,0.5481967926025391,0.13661572337150574,3.2772061824798584
1516,0.026418088003993034,0.5478987693786621,0.13713029026985168,3.2846810817718506
1517,0.023707572370767593,0.5476007461547852,0.13723021745681763,3.296064615249634
1518,0.02216905914247036,0.5473027229309082,0.13787969946861267,3.316176414489746
1519,0.024334553629159927,0.5470046997070312,0.13578137755393982,3.2589120864868164
1520,0.02469673752784729,0.5467066764831543,0.1380045861005783,3.314215898513794
1521,0.023048818111419678,0.5464086532592773,0.13663068413734436,3.276348114013672
1522,0.02324904315173626,0.5461106300354004,0.13709533214569092,3.2928240299224854
1523,0.02341843582689762,0.5458126068115234,0.1357663869857788,3.248284339904785
1524,0.023981701582670212,0.5455145835876465,0.13633093237876892,3.278799057006836
1525,0.022630084306001663,0.5452165603637695,0.13646084070205688,3.273263931274414
1526,0.02365700900554657,0.5449185371398926,0.13768984377384186,3.3001224994659424
1527,0.022417671978473663,0.5446205139160156,0.13813947141170502,3.321643590927124
1528,0.02179618552327156,0.5443224906921387,0.13728517293930054,3.2976715564727783
1529,0.020766668021678925,0.5440244674682617,0.13676059246063232,3.272916793823242
1530,0.022888589650392532,0.5437264442443848,0.13793963193893433,3.3127315044403076
1531,0.024754708632826805,0.5434284210205078,0.13787969946861267,3.306004762649536
1532,0.023348316550254822,0.5431303977966309,0.13731513917446136,3.3025734424591064
1533,0.021765120327472687,0.5428323745727539,0.1366906613111496,3.278935194015503
1534,0.021237242966890335,0.542534351348877,0.1358463317155838,3.254901647567749
1535,0.02539977803826332,0.542236328125,0.1380046010017395,3.317823886871338
1536,0.02289484068751335,0.541938304901123,0.1382194310426712,3.3156864643096924
1537,0.02347973920404911,0.5416402816772461,0.13771481812000275,3.309926748275757
1538,0.02331988885998726,0.5413422584533691,0.13632595539093018,3.2699077129364014
1539,0.02358141541481018,0.5410442352294922,0.1379895955324173,3.3080883026123047
1540,0.022585583850741386,0.5407462120056152,0.1378946751356125,3.30784273147583
1541,0.022401146590709686,0.5404481887817383,0.1382044404745102,3.3190972805023193
1542,0.02371550165116787,0.5401501655578613,0.1384992003440857,3.3290441036224365
1543,0.022854601964354515,0.5398521423339844,0.1375899314880371,3.3008103370666504
1544,0.021007610484957695,0.5395541191101074,0.1368904858827591,3.2822301387786865
1545,0.024393610656261444,0.5392560958862305,0.1376548707485199,3.3121323585510254
1546,0.02285946160554886,0.5389580726623535,0.1377747803926468,3.3020832538604736
1547,0.025129331275820732,0.5386600494384766,0.13795463740825653,3.304656982421875
1548,0.025395937263965607,0.5383620262145996,0.1366107165813446,3.281740427017212
1549,0.02267896942794323,0.5380640029907227,0.13815449178218842,3.3156251907348633
1550,0.02164238877594471,0.5377659797668457,0.13656075298786163,3.2799017429351807
1551,0.02289479598402977,0.5374679565429688,0.13737010955810547,3.2956018447875977
1552,0.028272036463022232,0.5371699333190918,0.13687050342559814,3.2876224517822266
1553,0.02268628403544426,0.5368719100952148,0.1387939602136612,3.335294246673584
1554,0.025072067975997925,0.5365738868713379,0.13695043325424194,3.279397964477539
1555,0.024646220728754997,0.5362758636474609,0.13910871744155884,3.341176748275757
1556,0.02287101373076439,0.535977840423584,0.13712531328201294,3.28664231300354
1557,0.023597687482833862,0.535679817199707,0.1377897709608078,3.3065969944000244
1558,0.02248305454850197,0.5353817939758301,0.13764987885951996,3.299877643585205
1559,0.02337059937417507,0.5350837707519531,0.13880395889282227,3.3378469944000244
1560,0.02398993819952011,0.5347857475280762,0.13598120212554932,3.25943660736084
1561,0.025161825120449066,0.5344877243041992,0.1391187161207199,3.3524508476257324
1562,0.024568084627389908,0.5341897010803223,0.13756996393203735,3.2916669845581055
1563,0.026116300374269485,0.5338916778564453,0.1376798450946808,3.309436321258545
1564,0.02175351232290268,0.5335936546325684,0.13885392248630524,3.3188726902008057
1565,0.02163298800587654,0.5332956314086914,0.13758493959903717,3.3081021308898926
1566,0.024195464327931404,0.5329976081848145,0.13872402906417847,3.3332107067108154
1567,0.02390178292989731,0.5326995849609375,0.13773980736732483,3.3062500953674316
1568,0.021356428042054176,0.5324015617370605,0.13605615496635437,3.2676470279693604
1569,0.02531595714390278,0.5321035385131836,0.13841426372528076,3.3150737285614014
1570,0.022371936589479446,0.5318055152893066,0.1381395012140274,3.318171501159668
1571,0.02661272883415222,0.5315074920654297,0.13732513785362244,3.299142360687256
1572,0.021693188697099686,0.5312094688415527,0.13796962797641754,3.3084557056427
1573,0.023167239502072334,0.5309114456176758,0.13822442293167114,3.3145830631256104
1574,0.02277202531695366,0.5306134223937988,0.13845425844192505,3.3207106590270996
1575,0.019992921501398087,0.5303153991699219,0.1357663869857788,3.264930486679077
1576,0.02516661211848259,0.5300173759460449,0.13752499222755432,3.2995097637176514
1577,0.025438465178012848,0.529719352722168,0.13752499222755432,3.307107925415039
1578,0.02405797317624092,0.529421329498291,0.13680057227611542,3.2790513038635254
1579,0.021742312237620354,0.5291233062744141,0.13778476417064667,3.307720422744751
1580,0.02622978389263153,0.5288252830505371,0.1384192705154419,3.3102943897247314
1581,0.022896025329828262,0.5285272598266602,0.13804955780506134,3.3190972805023193
1582,0.027223430573940277,0.5282292366027832,0.13668066263198853,3.2916667461395264
1583,0.02301221713423729,0.5279312133789062,0.13815446197986603,3.308217763900757
1584,0.02345116250216961,0.5276331901550293,0.13740506768226624,3.297426223754883
1585,0.02364204451441765,0.5273351669311523,0.135671466588974,3.262010097503662
1586,0.02582668326795101,0.5270371437072754,0.13683554530143738,3.2784719467163086
1587,0.02375934273004532,0.5267391204833984,0.1381394863128662,3.3132355213165283
1588,0.02476828545331955,0.5264410972595215,0.1380845308303833,3.307598114013672
1589,0.024753937497735023,0.5261430740356445,0.13787470757961273,3.3057870864868164
1590,0.022360587492585182,0.5258450508117676,0.13727517426013947,3.2982845306396484
1591,0.023047104477882385,0.5255470275878906,0.13768984377384186,3.3122689723968506
1592,0.024282662197947502,0.5252490043640137,0.13780975341796875,3.3067402839660645
1593,0.021627655252814293,0.5249509811401367,0.13874399662017822,3.331740379333496
1594,0.025728346779942513,0.5246529579162598,0.13864408433437347,3.3238422870635986
1595,0.02282451093196869,0.5243549346923828,0.13763488829135895,3.3037989139556885
1596,0.021412722766399384,0.5240569114685059,0.13915866613388062,3.333456039428711
1597,0.023804746568202972,0.5237588882446289,0.1367555856704712,3.2929399013519287
1598,0.0235859714448452,0.523460865020752,0.13843925297260284,3.3090686798095703
1599,0.02229640819132328,0.523162841796875,0.136850506067276,3.2966432571411133
1600,0.02199321798980236,0.522864818572998,0.13881394267082214,3.3200981616973877
1601,0.023490216583013535,0.5225667953491211,0.13849420845508575,3.341421604156494
1602,0.023729247972369194,0.5222687721252441,0.13832932710647583,3.3092594146728516
1603,0.023112105205655098,0.5219707489013672,0.13831934332847595,3.320833444595337
1604,0.02366451732814312,0.5216727256774902,0.13941845297813416,3.343750238418579
1605,0.0219346322119236,0.5213747024536133,0.1387290060520172,3.3312501907348633
1606,0.01815107837319374,0.5210766792297363,0.13801456987857819,3.3134801387786865
1607,0.024940036237239838,0.5207786560058594,0.1391986459493637,3.3435184955596924
1608,0.024144113063812256,0.5204806327819824,0.1375499665737152,3.307842969894409
1609,0.026366030797362328,0.5201826095581055,0.1362060308456421,3.263725519180298
1610,0.023814063519239426,0.5198845863342285,0.13654078543186188,3.273958206176758
1611,0.023494772613048553,0.5195865631103516,0.13804955780506134,3.3117644786834717
1612,0.023485703393816948,0.5192885398864746,0.1393435299396515,3.329166889190674
1613,0.020588468760252,0.5189905166625977,0.13807953894138336,3.328819513320923
1614,0.025960829108953476,0.5186924934387207,0.14038768410682678,3.368382453918457
1615,0.02126997523009777,0.5183944702148438,0.13834433257579803,3.32511568069458
1616,0.021428538486361504,0.5180964469909668,0.13844424486160278,3.321446180343628
1617,0.023607270792126656,0.5177984237670898,0.1390887349843979,3.3447303771972656
1618,0.023720894008874893,0.5175004005432129,0.13860413432121277,3.3158559799194336
1619,0.021780414506793022,0.5172023773193359,0.13980814814567566,3.356372356414795
1620,0.020579393953084946,0.516904354095459,0.13779976963996887,3.3061275482177734
1621,0.02369380183517933,0.516606330871582,0.1379896104335785,3.3126158714294434
1622,0.0213682409375906,0.5163083076477051,0.13901378214359283,3.3350489139556885
1623,0.02430194616317749,0.5160102844238281,0.13829435408115387,3.3263888359069824
1624,0.022449420765042305,0.5157122611999512,0.1376149207353592,3.30306339263916
1625,0.025558769702911377,0.5154142379760742,0.13793964684009552,3.3122549057006836
1626,0.023178331553936005,0.5151162147521973,0.13987310230731964,3.3503475189208984
1627,0.021366911008954048,0.5148181915283203,0.13755497336387634,3.305882453918457
1628,0.023776452988386154,0.5145201683044434,0.13830436766147614,3.319117784500122
1629,0.023833654820919037,0.5142221450805664,0.1387939602136612,3.3210647106170654
1630,0.021491607651114464,0.5139241218566895,0.13781973719596863,3.3175246715545654
1631,0.024144386872649193,0.5136260986328125,0.13866905868053436,3.326157569885254
1632,0.023102473467588425,0.5133280754089355,0.1378147453069687,3.306495189666748
1633,0.023627763614058495,0.5130300521850586,0.13907372951507568,3.334803819656372
1634,0.02109285444021225,0.5127320289611816,0.1388239562511444,3.332407236099243
1635,0.02377191185951233,0.5124340057373047,0.1367306113243103,3.284191131591797
1636,0.020680584013462067,0.5121359825134277,0.13811451196670532,3.3115196228027344
1637,0.02020738646388054,0.5118379592895508,0.13978317379951477,3.3521993160247803
1638,0.02158498391509056,0.5115399360656738,0.13748501241207123,3.3067402839660645
1639,0.022775594145059586,0.5112419128417969,0.13832932710647583,3.316666841506958
1640,0.02325592003762722,0.5109438896179199,0.1379646211862564,3.3079657554626465
1641,0.02452061139047146,0.510645866394043,0.13756494224071503,3.3013482093811035
1642,0.024756554514169693,0.510347843170166,0.13964828848838806,3.3504629135131836
1643,0.024605752900242805,0.5100498199462891,0.13810952007770538,3.321568489074707
1644,0.025111990049481392,0.5097517967224121,0.13852418959140778,3.324632167816162
1645,0.023134645074605942,0.5094537734985352,0.1386490762233734,3.3184030055999756
1646,0.024329960346221924,0.5091557502746582,0.13900381326675415,3.3381128311157227
1647,0.022900352254509926,0.5088577270507812,0.13954336941242218,3.351388692855835
1648,0.02200590819120407,0.5085597038269043,0.13814948499202728,3.3187501430511475
1649,0.02171894535422325,0.5082616806030273,0.13862410187721252,3.327083110809326
1650,0.024175003170967102,0.5079636573791504,0.13817445933818817,3.3134257793426514
1651,0.025165745988488197,0.5076656341552734,0.13834932446479797,3.3165442943573
1652,0.021267877891659737,0.5073676109313965,0.13926859200000763,3.347426414489746
1653,0.02430708147585392,0.5070695877075195,0.13744504749774933,3.2913196086883545
1654,0.02249465510249138,0.5067715644836426,0.13799460232257843,3.3115196228027344
1655,0.02109217830002308,0.5064735412597656,0.13822941482067108,3.32511568069458
1656,0.02428620681166649,0.5061755180358887,0.1396932452917099,3.3512256145477295
1657,0.023273268714547157,0.5058774948120117,0.1380595564842224,3.319730520248413
1658,0.02380063384771347,0.5055794715881348,0.13970324397087097,3.3440968990325928
1659,0.022217024117708206,0.5052814483642578,0.13888388872146606,3.332720994949341
1660,0.021359387785196304,0.5049834251403809,0.138394296169281,3.320343017578125
1661,0.02197999320924282,0.5046854019165039,0.139638289809227,3.34976863861084
1662,0.021289056167006493,0.504387378692627,0.13884392380714417,3.3337011337280273
1663,0.023507047444581985,0.50408935546875,0.1387939602136612,3.335416793823242
1664,0.023069128394126892,0.503791332244873,0.14103716611862183,3.391788959503174
1665,0.024394143372774124,0.5034933090209961,0.14066247642040253,3.3686273097991943
1666,0.023076839745044708,0.5031952857971191,0.13873401284217834,3.3303239345550537
1667,0.02078019641339779,0.5028972625732422,0.13968324661254883,3.3487744331359863
1668,0.024672813713550568,0.5025992393493652,0.13976818323135376,3.355146884918213
1669,0.02174353413283825,0.5023012161254883,0.13937348127365112,3.3461804389953613
1670,0.021577933803200722,0.5020031929016113,0.13879896700382233,3.333087921142578
1671,0.026322705671191216,0.5017051696777344,0.13973821699619293,3.354861259460449
1672,0.02037741430103779,0.5014071464538574,0.13723522424697876,3.294485330581665
1673,0.02195344679057598,0.5011091232299805,0.1402577906847,3.3698530197143555
1674,0.025454260408878326,0.5008111000061035,0.13968327641487122,3.3405094146728516
1675,0.022290347144007683,0.5005130767822266,0.13821442425251007,3.3207106590270996
1676,0.022245753556489944,0.5002150535583496,0.13824941217899323,3.311887264251709
1677,0.024586210027337074,0.4998755156993866,0.13866907358169556,3.3317127227783203
1678,0.021948551759123802,0.49942848086357117,0.13716526329517365,3.293994903564453
1679,0.02166156843304634,0.49898144602775574,0.14074239134788513,3.3785879611968994
1680,0.022847536951303482,0.4985344111919403,0.1397731751203537,3.351102828979492
1681,0.026432909071445465,0.4980873763561249,0.13957834243774414,3.3553922176361084
1682,0.0217555183917284,0.49764034152030945,0.1392236202955246,3.338657855987549
1683,0.02556939795613289,0.497193306684494,0.13854916393756866,3.326960802078247
1684,0.022933440282940865,0.4967462718486786,0.138888880610466,3.3273284435272217
1685,0.024535875767469406,0.49629923701286316,0.13919863104820251,3.3325231075286865
1686,0.02244632877409458,0.49585220217704773,0.13895383477210999,3.34301495552063
1687,0.026562396436929703,0.4954051673412323,0.13861410319805145,3.332407236099243
1688,0.02162247523665428,0.49495813250541687,0.13871902227401733,3.329289197921753
1689,0.02275793068110943,0.49451109766960144,0.13961830735206604,3.3453428745269775
1690,0.021508438512682915,0.494064062833786,0.13700039684772491,3.29236102104187
1691,0.024181585758924484,0.4936170279979706,0.1397332400083542,3.3555147647857666
1692,0.023123780265450478,0.49316999316215515,0.14035771787166595,3.363602876663208
1693,0.025234762579202652,0.4927229583263397,0.1402428150177002,3.365856647491455
1694,0.0229348037391901,0.4922759234905243,0.13940846920013428,3.347303867340088
1695,0.02556540258228779,0.49182888865470886,0.14123700559139252,3.39212965965271
1696,0.02265710011124611,0.49138185381889343,0.13913869857788086,3.3405635356903076
1697,0.02124713733792305,0.490934818983078,0.1385141909122467,3.3132355213165283
1698,0.02248263545334339,0.4904877841472626,0.14043764770030975,3.3755786418914795
1699,0.020940354093909264,0.49004074931144714,0.14046762883663177,3.3681371212005615
1700,0.02222231775522232,0.4895937144756317,0.1407374143600464,3.3727941513061523
1701,0.01802743598818779,0.4891466796398163,0.1410621553659439,3.3903932571411133
1702,0.020667921751737595,0.48869964480400085,0.13921363651752472,3.3392155170440674
1703,0.021634431555867195,0.4882526099681854,0.14001798629760742,3.366898536682129
1704,0.021360673010349274,0.48780557513237,0.14092226326465607,3.3778183460235596
1705,0.023962602019309998,0.48735854029655457,0.13772481679916382,3.3062498569488525
1706,0.023875027894973755,0.48691150546073914,0.13984811305999756,3.3572919368743896
1707,0.023062532767653465,0.4864644706249237,0.14027278125286102,3.364215612411499
1708,0.021581120789051056,0.4860174357891083,0.13808952271938324,3.3189947605133057
1709,0.02013854868710041,0.48557040095329285,0.14108213782310486,3.3736114501953125
1710,0.0196022167801857,0.4851233661174774,0.14041267335414886,3.377941370010376
1711,0.022229768335819244,0.484676331281662,0.13827437162399292,3.3226852416992188
1712,0.026147130876779556,0.48422929644584656,0.13995802402496338,3.3535540103912354
1713,0.022614439949393272,0.48378226161003113,0.14099721610546112,3.383946180343628
1714,0.023367958143353462,0.4833352267742157,0.1404176652431488,3.3740739822387695
1715,0.020552929490804672,0.48288819193840027,0.1386890560388565,3.332352876663208
1716,0.01926231011748314,0.48244115710258484,0.14123700559139252,3.3794116973876953
1717,0.024023601785302162,0.4819941222667694,0.142106294631958,3.410069227218628
1718,0.022882014513015747,0.481547087430954,0.13797461986541748,3.317401885986328
1719,0.022014981135725975,0.48110005259513855,0.1399880051612854,3.3590281009674072
1720,0.0230842437595129,0.4806530177593231,0.1408073604106903,3.376838445663452
1721,0.02361764758825302,0.4802059829235077,0.13839927315711975,3.329779624938965
1722,0.021010462194681168,0.47975894808769226,0.139653280377388,3.346064805984497
1723,0.02306542731821537,0.47931191325187683,0.1378547102212906,3.306617259979248
1724,0.02127951569855213,0.4788648784160614,0.14013789594173431,3.363725185394287
1725,0.022577809169888496,0.47841784358024597,0.14027777314186096,3.3622684478759766
1726,0.02604709379374981,0.47797080874443054,0.1404726356267929,3.3650736808776855
1727,0.02155073545873165,0.4775237739086151,0.13892385363578796,3.3459489345550537
1728,0.024708310142159462,0.4770767390727997,0.13885891437530518,3.331862688064575
1729,0.022387143224477768,0.47662970423698425,0.1397482007741928,3.3487746715545654
1730,0.022022942081093788,0.4761826694011688,0.13958831131458282,3.3553240299224854
1731,0.020729565992951393,0.4757356345653534,0.14080235362052917,3.3751227855682373
1732,0.022818991914391518,0.47528859972953796,0.14031274616718292,3.366666793823242
1733,0.024476012215018272,0.47484156489372253,0.13995802402496338,3.355555295944214
1734,0.021693497896194458,0.4743945300579071,0.13978317379951477,3.359313726425171
1735,0.02094709686934948,0.4739474952220917,0.1408873051404953,3.384953498840332
1736,0.023867519572377205,0.47350046038627625,0.14104215800762177,3.3850488662719727
1737,0.019391683861613274,0.4730534255504608,0.13975320756435394,3.355146884918213
1738,0.02290557697415352,0.4726063907146454,0.1420513540506363,3.406712770462036
1739,0.024748874828219414,0.47215935587882996,0.13917365670204163,3.335538864135742
1740,0.02398405782878399,0.4717123210430145,0.13919365406036377,3.346691131591797
1741,0.02003519795835018,0.4712652862071991,0.14065246284008026,3.3684024810791016
1742,0.021443121135234833,0.47081825137138367,0.14044761657714844,3.367279291152954
1743,0.025913815945386887,0.47037121653556824,0.1388739049434662,3.342129707336426
1744,0.02531256712973118,0.4699241816997528,0.14114707708358765,3.390195846557617
1745,0.02353999763727188,0.4694771468639374,0.14105217158794403,3.382352828979492
1746,0.02266377955675125,0.46903011202812195,0.14085730910301208,3.3755788803100586
1747,0.02276879921555519,0.4685830771923065,0.1406974345445633,3.3776960372924805
1748,0.02182418666779995,0.4681360423564911,0.13944344222545624,3.3495099544525146
1749,0.0215443167835474,0.46768900752067566,0.1413968801498413,3.387962818145752
1750,0.021511800587177277,0.46724197268486023,0.1405125856399536,3.380882501602173
1751,0.023892730474472046,0.4667949378490448,0.14137689769268036,3.3905091285705566
1752,0.02287658117711544,0.46634790301322937,0.1402428150177002,3.3638479709625244
1753,0.02504880167543888,0.46590086817741394,0.14034272730350494,3.3601715564727783
1754,0.02185194380581379,0.4654538333415985,0.14038270711898804,3.372685194015503
1755,0.019510354846715927,0.4650067985057831,0.14092224836349487,3.388847827911377
1756,0.022383879870176315,0.46455976366996765,0.13991306722164154,3.3567399978637695
1757,0.022271623834967613,0.4641127288341522,0.13931354880332947,3.3379626274108887
1758,0.02127755433320999,0.4636656939983368,0.13967324793338776,3.358088254928589
1759,0.02071087434887886,0.46321865916252136,0.13997802138328552,3.360995292663574
1760,0.022279975935816765,0.46277162432670593,0.13992807269096375,3.356863021850586
1761,0.021048529073596,0.4623245894908905,0.1405525505542755,3.3692400455474854
1762,0.023832079023122787,0.4618775546550751,0.1401229053735733,3.3690974712371826
1763,0.02376518025994301,0.46143051981925964,0.1402028352022171,3.3530638217926025
1764,0.0220494382083416,0.4609834849834442,0.1418764889240265,3.402573585510254
1765,0.020560411736369133,0.4605364501476288,0.1396932452917099,3.366319417953491
1766,0.0224321149289608,0.46008941531181335,0.1398131549358368,3.3490192890167236
1767,0.019538292661309242,0.4596423804759979,0.13937850296497345,3.3518519401550293
1768,0.021685486659407616,0.4591953456401825,0.141611710190773,3.3998775482177734
1769,0.0240878127515316,0.45874831080436707,0.14033274352550507,3.36004900932312
1770,0.02221229486167431,0.45830127596855164,0.14041267335414886,3.3729166984558105
1771,0.02478688210248947,0.4578542411327362,0.14056755602359772,3.383455991744995
1772,0.019986238330602646,0.4574072062969208,0.14240607619285583,3.4083333015441895
1773,0.023728743195533752,0.45696017146110535,0.14109711349010468,3.3854167461395264
1774,0.02339024655520916,0.4565131366252899,0.13921363651752472,3.337132215499878
1775,0.022846084088087082,0.4560661017894745,0.14151179790496826,3.403472423553467
1776,0.02224191091954708,0.45561906695365906,0.14062251150608063,3.3781867027282715
1777,0.022772300988435745,0.45517203211784363,0.14146682620048523,3.3999998569488525
1778,0.022402219474315643,0.4547249972820282,0.1419064849615097,3.3961806297302246
1779,0.020846910774707794,0.45427796244621277,0.13849420845508575,3.3273282051086426
1780,0.022084752097725868,0.45383092761039734,0.14172662794589996,3.3987743854522705
1781,0.020755404606461525,0.4533838927745819,0.141771599650383,3.4021990299224854
1782,0.021459463983774185,0.4529368579387665,0.14292067289352417,3.4258577823638916
1783,0.021536897867918015,0.45248982310295105,0.1407773792743683,3.3831019401550293
1784,0.021047621965408325,0.4520427882671356,0.14085230231285095,3.378553867340088
1785,0.021852947771549225,0.4515957534313202,0.14160172641277313,3.3998773097991943
1786,0.021594949066638947,0.45114871859550476,0.14262588322162628,3.4215281009674072
1787,0.020365256816148758,0.45070168375968933,0.1405925303697586,3.37561297416687
1788,0.02265148051083088,0.4502546489238739,0.141102135181427,3.386887550354004
1789,0.02167823351919651,0.44980761408805847,0.1405225694179535,3.3644678592681885
1790,0.022930128499865532,0.44936057925224304,0.14250598847866058,3.428921937942505
1791,0.019709421321749687,0.4489135444164276,0.14153677225112915,3.396296501159668
1792,0.021648136898875237,0.4484665095806122,0.14053256809711456,3.373284101486206
1793,0.021904848515987396,0.44801947474479675,0.13963328301906586,3.3596813678741455
1794,0.024002771824598312,0.4475724399089813,0.14225620031356812,3.4023149013519287
1795,0.022526394575834274,0.4471254050731659,0.14185652136802673,3.406740427017212
1796,0.024826141074299812,0.44667837023735046,0.14184653759002686,3.396568775177002
1797,0.02005700021982193,0.44623133540153503,0.1420263797044754,3.405787229537964
1798,0.021220022812485695,0.4457843005657196,0.14098221063613892,3.3998773097991943
1799,0.022675368934869766,0.4453372657299042,0.1414618343114853,3.388772964477539
1800,0.022006930783391,0.44489023089408875,0.14060251414775848,3.3784310817718506
1801,0.021149978041648865,0.4444431960582733,0.141611710190773,3.39534330368042
1802,0.02146642468869686,0.4439961612224579,0.14057253301143646,3.370022773742676
1803,0.02060651406645775,0.44354912638664246,0.1417565941810608,3.399754762649536
1804,0.023615308105945587,0.443102091550827,0.14178158342838287,3.4069855213165283
1805,0.02558986470103264,0.4426550567150116,0.14229115843772888,3.4048614501953125
1806,0.02436072565615177,0.44220802187919617,0.13893386721611023,3.3378679752349854
1807,0.0251065194606781,0.44176098704338074,0.14089229702949524,3.3888888359069824
1808,0.022892089560627937,0.4413139522075653,0.14123700559139252,3.392401933670044
1809,0.021734725683927536,0.4408669173717499,0.14124201238155365,3.3915441036224365
1810,0.021388160064816475,0.44041988253593445,0.1430855244398117,3.42303204536438
1811,0.023282932117581367,0.439972847700119,0.14119204878807068,3.3963236808776855
1812,0.0210852213203907,0.4395258128643036,0.1415167897939682,3.38590669631958
1813,0.020027512684464455,0.43907877802848816,0.14246104657649994,3.4129629135131836
1814,0.023763664066791534,0.43863174319267273,0.1417016237974167,3.41237735748291
1815,0.022825585678219795,0.4381847083568573,0.14328037202358246,3.439467430114746
1816,0.019827842712402344,0.43773767352104187,0.14390987157821655,3.4571077823638916
1817,0.02056574448943138,0.43729063868522644,0.14021284878253937,3.365318775177002
1818,0.023297498002648354,0.436843603849411,0.14197641611099243,3.397106647491455
1819,0.022897154092788696,0.4363965690135956,0.1423211544752121,3.411764621734619
1820,0.022523611783981323,0.43594953417778015,0.14162668585777283,3.4064950942993164
1821,0.021035514771938324,0.4355024993419647,0.14224620163440704,3.408564805984497
1822,0.02106969617307186,0.4350554645061493,0.13958333432674408,3.35465669631958
1823,0.023334287106990814,0.43460842967033386,0.14309053122997284,3.4365739822387695
1824,0.02287748083472252,0.43416139483451843,0.14160171151161194,3.400980234146118
1825,0.0213214959949255,0.433714359998703,0.1413419246673584,3.397181510925293
1826,0.02319246716797352,0.4332673251628876,0.14345024526119232,3.4299771785736084
1827,0.021402427926659584,0.43282029032707214,0.14199639856815338,3.4028189182281494
1828,0.021644799038767815,0.4323732554912567,0.14271582663059235,3.4312500953674316
1829,0.021796897053718567,0.4319262206554413,0.1417166292667389,3.4000000953674316
1830,0.024152815341949463,0.43147918581962585,0.14282076060771942,3.423529624938965
1831,0.020813724026083946,0.4310321509838104,0.14194145798683167,3.4158568382263184
1832,0.021141596138477325,0.430585116147995,0.14203636348247528,3.410539150238037
1833,0.02206394448876381,0.43013808131217957,0.14284572005271912,3.430147171020508
1834,0.020431777462363243,0.42969104647636414,0.14016787707805634,3.361574172973633
1835,0.02023380994796753,0.4292440116405487,0.14210130274295807,3.4102942943573
1836,0.023645605891942978,0.4287969768047333,0.14202138781547546,3.4096813201904297
1837,0.02124091610312462,0.42834994196891785,0.14177656173706055,3.3931713104248047
1838,0.01806536316871643,0.4279029071331024,0.1420263946056366,3.4191176891326904
1839,0.022036263719201088,0.427455872297287,0.1409822255373001,3.3843748569488525
1840,0.02191169373691082,0.42700883746147156,0.14204636216163635,3.408088207244873
1841,0.021212907508015633,0.42656180262565613,0.14251598715782166,3.4203429222106934
1842,0.019744709134101868,0.4261147677898407,0.1421462744474411,3.4086806774139404
1843,0.021807033568620682,0.42566773295402527,0.14225618541240692,3.42181396484375
1844,0.022171882912516594,0.42522069811820984,0.14138689637184143,3.38664174079895
1845,0.021028555929660797,0.4247736632823944,0.14267586171627045,3.4206018447875977
1846,0.022116223350167274,0.424326628446579,0.14262090623378754,3.4294116497039795
1847,0.019374238327145576,0.42387959361076355,0.14178156852722168,3.4030094146728516
1848,0.02064458280801773,0.4234325587749481,0.14096222817897797,3.377450942993164
1849,0.021553631871938705,0.4229855239391327,0.1415567547082901,3.407352924346924
1850,0.02254847064614296,0.42253848910331726,0.14258094131946564,3.4143519401550293
1851,0.02211834117770195,0.42209145426750183,0.14266085624694824,3.4197304248809814
1852,0.021572547033429146,0.4216444194316864,0.14276079833507538,3.4280638694763184
1853,0.022597910836338997,0.42119738459587097,0.14305554330348969,3.433680534362793
1854,0.019638560712337494,0.42075034976005554,0.1426408886909485,3.4137256145477295
1855,0.022712204605340958,0.4203033149242401,0.14158174395561218,3.4116899967193604
1856,0.021800542250275612,0.4198562800884247,0.1404975950717926,3.374509572982788
1857,0.021733155474066734,0.41940924525260925,0.14288568496704102,3.4223036766052246
1858,0.021806366741657257,0.4189622104167938,0.14163169264793396,3.4011576175689697
1859,0.022561542689800262,0.4185151755809784,0.14182154834270477,3.407597780227661
1860,0.021008118987083435,0.41806814074516296,0.1413419246673584,3.395955801010132
1861,0.021088678389787674,0.41762110590934753,0.1439298540353775,3.439351797103882
1862,0.01981307752430439,0.4171740710735321,0.1413668990135193,3.4029409885406494
1863,0.020932920277118683,0.4167270362377167,0.1414218693971634,3.392592430114746
1864,0.024202141910791397,0.41628000140190125,0.140912264585495,3.38590669631958
1865,0.021357201039791107,0.4158329665660858,0.14184653759002686,3.397794246673584
1866,0.02067754603922367,0.4153859317302704,0.14273081719875336,3.4212963581085205
1867,0.020486820489168167,0.41493889689445496,0.1433003693819046,3.4397056102752686
1868,0.019485395401716232,0.4144918620586395,0.14207135140895844,3.409804105758667
1869,0.020575331524014473,0.4140448272228241,0.1434752196073532,3.4444446563720703
1870,0.020551592111587524,0.41359779238700867,0.14313548803329468,3.429656744003296
1871,0.020968440920114517,0.41315075755119324,0.14243106544017792,3.4270832538604736
1872,0.019925324246287346,0.4127037227153778,0.14330536127090454,3.431004762649536
1873,0.022225163877010345,0.4122566878795624,0.14441946148872375,3.4709558486938477
1874,0.019221726804971695,0.41180965304374695,0.14073742926120758,3.3842592239379883
1875,0.02306472696363926,0.4113626182079315,0.14314548671245575,3.431617498397827
1876,0.02084476314485073,0.4109155833721161,0.14391985535621643,3.453554153442383
1877,0.01989015005528927,0.41046854853630066,0.1422811895608902,3.4163191318511963
1878,0.021829672157764435,0.41002151370048523,0.14333033561706543,3.436274528503418
1879,0.019769173115491867,0.4095744788646698,0.14122702181339264,3.3976850509643555
1880,0.022487472742795944,0.40912744402885437,0.1420263946056366,3.4075982570648193
1881,0.021388381719589233,0.40868040919303894,0.14120203256607056,3.3908090591430664
1882,0.021535545587539673,0.4082333743572235,0.14152677357196808,3.393749952316284
1883,0.02259618602693081,0.4077863395214081,0.14158673584461212,3.3993873596191406
1884,0.019708581268787384,0.40733930468559265,0.14290566742420197,3.4226715564727783
1885,0.02061743661761284,0.4068922698497772,0.14289069175720215,3.4299769401550293
1886,0.02379375882446766,0.4064452350139618,0.14219623804092407,3.4215688705444336
1887,0.023600611835718155,0.40599820017814636,0.14297062158584595,3.4285879135131836
1888,0.022710692137479782,0.40555116534233093,0.14305058121681213,3.4317405223846436
1889,0.02272750437259674,0.4051041305065155,0.14393985271453857,3.4631128311157227
1890,0.022054119035601616,0.4046570956707001,0.1428057700395584,3.417708158493042
1891,0.022103186696767807,0.40421006083488464,0.14274081587791443,3.425980567932129
1892,0.020665287971496582,0.4037630259990692,0.14389988780021667,3.4485294818878174
1893,0.021517381072044373,0.4033159911632538,0.14361511170864105,3.444676160812378
1894,0.02142663672566414,0.40286895632743835,0.14176158607006073,3.4126222133636475
1895,0.019283119589090347,0.4024219214916229,0.14135190844535828,3.3935184478759766
1896,0.02120302803814411,0.4019748866558075,0.14364507794380188,3.44828462600708
1897,0.02290983498096466,0.40152785181999207,0.14223122596740723,3.4139702320098877
1898,0.022577805444598198,0.40108081698417664,0.14352019131183624,3.439352035522461
1899,0.01964621990919113,0.4006337821483612,0.1432453989982605,3.4352943897247314
1900,0.02048242837190628,0.4001867473125458,0.14209632575511932,3.418259859085083
1901,0.020309412851929665,0.39973971247673035,0.14238609373569489,3.407870292663574
1902,0.02155146189033985,0.3992926776409149,0.1426408886909485,3.433701276779175
1903,0.021459851413965225,0.3988456428050995,0.14467425644397736,3.4688658714294434
1904,0.021108372136950493,0.39839860796928406,0.14306555688381195,3.443014621734619
1905,0.019823726266622543,0.39795157313346863,0.14476919174194336,3.471078634262085
1906,0.02261408045887947,0.3975045382976532,0.14488908648490906,3.469907522201538
1907,0.020281577482819557,0.39705750346183777,0.14495903253555298,3.472916603088379
1908,0.02086300402879715,0.39661046862602234,0.14251598715782166,3.426102876663208
1909,0.02215908281505108,0.3961634337902069,0.14321044087409973,3.428819179534912
1910,0.02232661470770836,0.3957163989543915,0.14469924569129944,3.4817402362823486
1911,0.02458760142326355,0.39526936411857605,0.14274580776691437,3.428703784942627
1912,0.022117000073194504,0.3948223292827606,0.14349520206451416,3.441053867340088
1913,0.02076101303100586,0.3943752944469452,0.1430455595254898,3.4384801387786865
1914,0.022538181394338608,0.39392825961112976,0.1426408737897873,3.4209492206573486
1915,0.02008984610438347,0.39348122477531433,0.14221623539924622,3.408578395843506
1916,0.02259000763297081,0.3930341899394989,0.142376109957695,3.4186275005340576
1917,0.02009475789964199,0.39258715510368347,0.1421612799167633,3.412384033203125
1918,0.02294795960187912,0.39214012026786804,0.1440097987651825,3.448897123336792
1919,0.022244272753596306,0.3916930854320526,0.14168663322925568,3.411921262741089
1920,0.022558651864528656,0.3912460505962372,0.144304558634758,3.457230567932129
1921,0.021250924095511436,0.39079901576042175,0.14175160229206085,3.405759811401367
1922,0.022388208657503128,0.3903519809246063,0.14348521828651428,3.440856456756592
1923,0.02230721339583397,0.3899049460887909,0.14391487836837769,3.4539215564727783
1924,0.021752646192908287,0.38945791125297546,0.1443295180797577,3.4683823585510254
1925,0.023432867601513863,0.38901087641716003,0.14389988780021667,3.453935384750366
1926,0.01948244497179985,0.3885638415813446,0.14284072816371918,3.426102876663208
1927,0.022640587761998177,0.3881168067455292,0.14526379108428955,3.4868056774139404
1928,0.020854055881500244,0.38766977190971375,0.14050260186195374,3.3770835399627686
1929,0.02386043220758438,0.3872227370738983,0.1418115347623825,3.4018380641937256
1930,0.020794950425624847,0.3867757022380829,0.1439698189496994,3.4509260654449463
1931,0.019186880439519882,0.38632866740226746,0.14411473274230957,3.4578425884246826
1932,0.0219891220331192,0.385881632566452,0.1438499093055725,3.451960802078247
1933,0.020370636135339737,0.3854345977306366,0.14420963823795319,3.457638740539551
1934,0.01796344295144081,0.38498756289482117,0.14433953166007996,3.4743874073028564
1935,0.021170688793063164,0.38454052805900574,0.1435951143503189,3.4399306774139404
1936,0.02146477811038494,0.3840934932231903,0.1443694829940796,3.4618871212005615
1937,0.020897276699543,0.3836464583873749,0.14556854963302612,3.4930148124694824
1938,0.020361268892884254,0.38319942355155945,0.14468923211097717,3.4745371341705322
1939,0.020246297121047974,0.382752388715744,0.14422962069511414,3.463848114013672
1940,0.02099188230931759,0.3823053538799286,0.14374001324176788,3.4427692890167236
1941,0.020375791937112808,0.38185831904411316,0.1452438086271286,3.4837963581085205
1942,0.021505387499928474,0.38141128420829773,0.14564847946166992,3.4901957511901855
1943,0.019720066338777542,0.3809642493724823,0.14293566346168518,3.444444417953491
1944,0.021620258688926697,0.38051721453666687,0.14389987289905548,3.464092969894409
1945,0.01940935105085373,0.38007017970085144,0.14308054745197296,3.417646884918213
1946,0.023673268035054207,0.379623144865036,0.14386491477489471,3.455439805984497
1947,0.020564256235957146,0.3791761100292206,0.14518386125564575,3.4914214611053467
1948,0.021748676896095276,0.37872907519340515,0.14476419985294342,3.471200704574585
1949,0.0227364469319582,0.3782820403575897,0.14447443187236786,3.456944465637207
1950,0.020701896399259567,0.3778350055217743,0.14385491609573364,3.4522058963775635
1951,0.023111889138817787,0.37738797068595886,0.14348521828651428,3.4540507793426514
1952,0.02499249577522278,0.37694093585014343,0.14333534240722656,3.441054105758667
1953,0.020687909796833992,0.376493901014328,0.14305058121681213,3.435661792755127
1954,0.022560501471161842,0.3760468661785126,0.14463429152965546,3.464930772781372
1955,0.019329197704792023,0.37559983134269714,0.14315547049045563,3.4366419315338135
1956,0.02065195143222809,0.3751527965068817,0.14460930228233337,3.4671568870544434
1957,0.021559076383709908,0.3747057616710663,0.14285071194171906,3.4307873249053955
1958,0.024463951587677002,0.37425872683525085,0.1437150239944458,3.4455883502960205
1959,0.02079472504556179,0.3738116919994354,0.1439698189496994,3.461111068725586
1960,0.024090144783258438,0.37336465716362,0.14391987025737762,3.451960802078247
1961,0.021053070202469826,0.37291762232780457,0.14428956806659698,3.4703431129455566
1962,0.020669247955083847,0.37247058749198914,0.1454036831855774,3.482175827026367
1963,0.02144506573677063,0.3720235526561737,0.14561350643634796,3.4872543811798096
1964,0.020852968096733093,0.3715765178203583,0.14456933736801147,3.470710515975952
1965,0.019048064947128296,0.37112948298454285,0.14492404460906982,3.4726853370666504
1966,0.022314023226499557,0.3706824481487274,0.14529377222061157,3.503553867340088
1967,0.02203681692481041,0.370235413312912,0.14378997683525085,3.4495370388031006
1968,0.022508975118398666,0.36978837847709656,0.14464928209781647,3.471691370010376
1969,0.01923869363963604,0.36934134364128113,0.1472022384405136,3.542769432067871
1970,0.021504493430256844,0.3688943088054657,0.1447741836309433,3.4586806297302246
1971,0.020409682765603065,0.36844727396965027,0.14454936981201172,3.474632740020752
1972,0.020704589784145355,0.36800023913383484,0.1448041796684265,3.4756128787994385
1973,0.019231297075748444,0.3675532042980194,0.144399493932724,3.467245101928711
1974,0.021243728697299957,0.367106169462204,0.14494405686855316,3.469240427017212
1975,0.022629771381616592,0.36665913462638855,0.1467575877904892,3.530208110809326
1976,0.021742675453424454,0.3662120997905731,0.14413969218730927,3.46397066116333
1977,0.020290378481149673,0.3657650649547577,0.1441047340631485,3.4504899978637695
1978,0.022655848413705826,0.36531803011894226,0.1454436331987381,3.4918980598449707
1979,0.02227196842432022,0.36487099528312683,0.14491407573223114,3.467034339904785
1980,0.018601829186081886,0.3644239604473114,0.14467425644397736,3.4774510860443115
1981,0.02229028195142746,0.36397692561149597,0.14583833515644073,3.4989583492279053
1982,0.02117794379591942,0.36352989077568054,0.1435401737689972,3.4431374073028564
1983,0.020276544615626335,0.3630828559398651,0.14473919570446014,3.481250047683716
1984,0.02141345851123333,0.3626358211040497,0.1454036831855774,3.494117498397827
1985,0.022394787520170212,0.36218878626823425,0.1464628279209137,3.5127453804016113
1986,0.022060230374336243,0.3617417514324188,0.14464928209781647,3.4692132472991943
1987,0.020941469818353653,0.3612947165966034,0.14437949657440186,3.4659316539764404
1988,0.019597657024860382,0.36084768176078796,0.14499899744987488,3.4845588207244873
1989,0.01873829960823059,0.36040064692497253,0.14614808559417725,3.4945600032806396
1990,0.01972741074860096,0.3599536120891571,0.14359013736248016,3.453186273574829
1991,0.020809393376111984,0.3595065772533417,0.14473919570446014,3.474884271621704
1992,0.021095287054777145,0.35905954241752625,0.1469074785709381,3.525980234146118
1993,0.018742244690656662,0.3586125075817108,0.14428457617759705,3.458456039428711
1994,0.020766830071806908,0.3581654727458954,0.1468774974346161,3.5271987915039062
1995,0.020207799971103668,0.35771843791007996,0.14602318406105042,3.4973037242889404
1996,0.021748796105384827,0.3572714030742645,0.14666268229484558,3.528921604156494
1997,0.020160164684057236,0.3568243682384491,0.14524878561496735,3.4818286895751953
1998,0.021723877638578415,0.35637733340263367,0.1455535590648651,3.4962007999420166
1999,0.02297925390303135,0.35593029856681824,0.14440448582172394,3.4681713581085205
2000,0.020628543570637703,0.3554832637310028,0.14550361037254333,3.4859068393707275
2001,0.021515605971217155,0.3550362288951874,0.14540867507457733,3.5085785388946533
2002,0.019493235275149345,0.35458919405937195,0.1449740082025528,3.4648149013519287
2003,0.023108553141355515,0.3541421592235565,0.14358514547348022,3.447549343109131
2004,0.020962560549378395,0.3536951243877411,0.1478167474269867,3.544975519180298
2005,0.020996280014514923,0.35324808955192566,0.14462430775165558,3.469212770462036
2006,0.0216143149882555,0.35280105471611023,0.14621801674365997,3.5087008476257324
2007,0.01936398446559906,0.3523540198802948,0.14521880447864532,3.493171215057373
2008,0.020903071388602257,0.35190698504447937,0.1429506242275238,3.431495189666748
2009,0.020857712253928185,0.35145995020866394,0.1454736292362213,3.492769479751587
2010,0.021010836586356163,0.3510129153728485,0.14613808691501617,3.5032405853271484
2011,0.017621783539652824,0.3505658805370331,0.1455535590648651,3.4943625926971436
2012,0.02058805711567402,0.35011884570121765,0.14497403800487518,3.4857845306396484
2013,0.01835078001022339,0.3496718108654022,0.146342933177948,3.499189853668213
2014,0.01886599510908127,0.3492247760295868,0.1456984430551529,3.495342969894409
2015,0.02167181856930256,0.34877774119377136,0.14479418098926544,3.482407808303833
2016,0.02152673713862896,0.34833070635795593,0.1446792632341385,3.4685046672821045
2017,0.02175113931298256,0.3478836715221405,0.14531375467777252,3.4996325969696045
2018,0.01860092207789421,0.3474366366863251,0.14605316519737244,3.4952547550201416
2019,0.020404089242219925,0.34698960185050964,0.14476419985294342,3.4787986278533936
2020,0.020766254514455795,0.3465425670146942,0.1445593386888504,3.462132453918457
2021,0.02124137245118618,0.3460955321788788,0.14543864130973816,3.4879629611968994
2022,0.02227090671658516,0.34564849734306335,0.14644783735275269,3.513847589492798
2023,0.01866627112030983,0.3452014625072479,0.1464228481054306,3.5203704833984375
2024,0.01983589120209217,0.3447544276714325,0.14298060536384583,3.4346814155578613
2025,0.021249918267130852,0.34430739283561707,0.14485912024974823,3.469240188598633
2026,0.019160689786076546,0.34386035799980164,0.1452288180589676,3.4819445610046387
2027,0.02139456942677498,0.3434133231639862,0.14593325555324554,3.5040442943573
2028,0.020878178998827934,0.3429662883281708,0.14632295072078705,3.51151967048645
2029,0.02108745649456978,0.34251925349235535,0.14620302617549896,3.5077548027038574
2030,0.018341483548283577,0.3420722186565399,0.1449490487575531,3.4726715087890625
2031,0.022622326388955116,0.3416251838207245,0.1456584632396698,3.507176160812378
2032,0.020407356321811676,0.34117814898490906,0.14623801410198212,3.512622356414795
2033,0.01956673339009285,0.34073111414909363,0.1472272276878357,3.5243873596191406
2034,0.020250078290700912,0.3402840793132782,0.14692744612693787,3.5292820930480957
2035,0.0215230043977499,0.33983704447746277,0.1472272127866745,3.5352938175201416
2036,0.02312464825809002,0.33939000964164734,0.14699241518974304,3.518627405166626
2037,0.020717978477478027,0.3389429748058319,0.14513888955116272,3.4850690364837646
2038,0.018639763817191124,0.3384959399700165,0.14516887068748474,3.4817397594451904
2039,0.021917274221777916,0.33804890513420105,0.1449340581893921,3.490856647491455
2040,0.01925286091864109,0.3376018702983856,0.14499899744987488,3.4852938652038574
2041,0.020134706050157547,0.3371548354625702,0.14555855095386505,3.4841911792755127
2042,0.018275823444128036,0.33670780062675476,0.14296063780784607,3.4354166984558105
2043,0.020415691658854485,0.33626076579093933,0.14506396651268005,3.482597827911377
2044,0.02255038544535637,0.3358137309551239,0.1457933634519577,3.49387264251709
2045,0.01968841627240181,0.33536669611930847,0.14585334062576294,3.499537467956543
2046,0.02234550565481186,0.33491966128349304,0.14653275907039642,3.5176472663879395
2047,0.020580200478434563,0.3344726264476776,0.14692248404026031,3.5303239822387695
2048,0.019467700272798538,0.3340255916118622,0.14446942508220673,3.4732844829559326
2049,0.019638679921627045,0.33357855677604675,0.14459432661533356,3.4685049057006836
2050,0.02158035710453987,0.3331315219402313,0.14754197001457214,3.529745101928711
2051,0.02215063013136387,0.3326844871044159,0.1466376930475235,3.5176472663879395
2052,0.020353402942419052,0.33223745226860046,0.14551860094070435,3.483945846557617
2053,0.022107433527708054,0.33179041743278503,0.14674760401248932,3.5326390266418457
2054,0.01794710010290146,0.3313433825969696,0.14551857113838196,3.4936275482177734
2055,0.02011122554540634,0.3308963477611542,0.1463429182767868,3.5134260654449463
2056,0.021431241184473038,0.33044931292533875,0.14315547049045563,3.441788911819458
2057,0.022499747574329376,0.3300022780895233,0.14825639128684998,3.5490198135375977
2058,0.01947801560163498,0.3295552432537079,0.1465577483177185,3.514583110809326
2059,0.018600931391119957,0.32910820841789246,0.14619304239749908,3.508455753326416
2060,0.02414698339998722,0.328661173582077,0.14684252440929413,3.5256125926971436
2061,0.01940613053739071,0.3282141387462616,0.1457383930683136,3.5031251907348633
2062,0.020214276388287544,0.32776710391044617,0.14572341740131378,3.4931371212005615
2063,0.022559063509106636,0.32732006907463074,0.14519885182380676,3.4884259700775146
2064,0.01971764862537384,0.3268730342388153,0.14411471784114838,3.4589459896087646
2065,0.020207958295941353,0.3264259994029999,0.14623300731182098,3.5080883502960205
2066,0.023196259513497353,0.32597896456718445,0.14730216562747955,3.5329864025115967
2067,0.02109496295452118,0.325531929731369,0.1453237384557724,3.47965669631958
2068,0.019529053941369057,0.3250848948955536,0.14565348625183105,3.499387264251709
2069,0.019300313666462898,0.32463786005973816,0.14660771191120148,3.5180554389953613
2070,0.02018796280026436,0.32419082522392273,0.14688248932361603,3.5166664123535156
2071,0.02063192054629326,0.3237437903881073,0.1461830586194992,3.5219907760620117
2072,0.019277796149253845,0.32329675555229187,0.14621803164482117,3.5050244331359863
2073,0.01982414349913597,0.32284972071647644,0.14728717505931854,3.534191131591797
2074,0.0196204986423254,0.322402685880661,0.14803656935691833,3.5516204833984375
2075,0.020399240776896477,0.3219556510448456,0.14763689041137695,3.551715612411499
2076,0.019728876650333405,0.32150861620903015,0.14629296958446503,3.5037992000579834
2077,0.020023640245199203,0.3210615813732147,0.14732713997364044,3.5253469944000244
2078,0.02109050564467907,0.3206145465373993,0.14684252440929413,3.5297791957855225
2079,0.019400980323553085,0.32016751170158386,0.14445441961288452,3.477546453475952
2080,0.01931663602590561,0.31972047686576843,0.14635291695594788,3.5122549533843994
2081,0.022638533264398575,0.319273442029953,0.14825139939785004,3.557720422744751
2082,0.023064296692609787,0.3188264071941376,0.145658478140831,3.498379707336426
2083,0.020377160981297493,0.31837937235832214,0.14688751101493835,3.5200982093811035
2084,0.02109302207827568,0.3179323375225067,0.1452587991952896,3.4786763191223145
2085,0.023160792887210846,0.3174853026866913,0.1462879776954651,3.5200228691101074
2086,0.020352860912680626,0.31703826785087585,0.1460082083940506,3.5099265575408936
2087,0.021293897181749344,0.3165912330150604,0.14507395029067993,3.479398012161255
2088,0.020747369155287743,0.316144198179245,0.14768685400485992,3.5428922176361084
2089,0.021254193037748337,0.31569716334342957,0.14612311124801636,3.513235092163086
2090,0.019692592322826385,0.31525012850761414,0.14723221957683563,3.5280089378356934
2091,0.020284980535507202,0.3148030936717987,0.1460331827402115,3.5022058486938477
2092,0.018297895789146423,0.3143560588359833,0.14759193360805511,3.534926414489746
2093,0.019882863387465477,0.31390902400016785,0.14670763909816742,3.522801160812378
2094,0.0225827693939209,0.3134619891643524,0.14576339721679688,3.501347780227661
2095,0.021309684962034225,0.313014954328537,0.14639288187026978,3.5188658237457275
2096,0.02159736305475235,0.31256791949272156,0.14761191606521606,3.549999952316284
2097,0.022370142862200737,0.31212088465690613,0.14756694436073303,3.5392158031463623
2098,0.019922200590372086,0.3116738498210907,0.14696241915225983,3.5188655853271484
2099,0.021986529231071472,0.31122681498527527,0.14865607023239136,3.5598039627075195
2100,0.021027598530054092,0.31077978014945984,0.14790667593479156,3.549264907836914
2101,0.01935391128063202,0.3103327453136444,0.14698241651058197,3.5319442749023438
2102,0.020114922896027565,0.309885710477829,0.14733213186264038,3.5346813201904297
2103,0.0205489844083786,0.30943867564201355,0.1474270522594452,3.548379421234131
2104,0.020556552335619926,0.3089916408061981,0.14563849568367004,3.492647171020508
2105,0.022499101236462593,0.3085446059703827,0.14628297090530396,3.519240140914917
2106,0.020331639796495438,0.30809757113456726,0.14772681891918182,3.5348379611968994
2107,0.018636859953403473,0.30765053629875183,0.14529874920845032,3.4899511337280273
2108,0.0194574985653162,0.3072035014629364,0.1469874083995819,3.52034330368042
2109,0.022528132423758507,0.30675646662712097,0.14613810181617737,3.512847423553467
2110,0.020444119349122047,0.30630943179130554,0.14539366960525513,3.485539197921753
2111,0.020485762506723404,0.3058623969554901,0.14940547943115234,3.588773488998413
2112,0.019407905638217926,0.3054153621196747,0.14614807069301605,3.511274814605713
2113,0.022857457399368286,0.30496832728385925,0.14623801410198212,3.5123772621154785
2114,0.020548542961478233,0.3045212924480438,0.14646781980991364,3.503472328186035
2115,0.020889757201075554,0.3040742576122284,0.146342933177948,3.5136027336120605
2116,0.020409144461154938,0.30362722277641296,0.1478167623281479,3.54681396484375
2117,0.019541170448064804,0.30318018794059753,0.14725719392299652,3.5337963104248047
2118,0.02006974071264267,0.3027331531047821,0.14745202660560608,3.543382167816162
2119,0.019047975540161133,0.3022861182689667,0.14653277397155762,3.5181713104248047
2120,0.02076740749180317,0.30183908343315125,0.14759692549705505,3.5430147647857666
2121,0.02243552729487419,0.3013920485973358,0.1473471075296402,3.535539150238037
2122,0.019790438935160637,0.3009450137615204,0.1477917730808258,3.546527624130249
2123,0.018880680203437805,0.30049797892570496,0.14739207923412323,3.5399508476257324
2124,0.02177119068801403,0.3000509440898895,0.14580833911895752,3.494730234146118
2125,0.02274339273571968,0.2996039092540741,0.14664269983768463,3.5196759700775146
2126,0.02138402685523033,0.29915687441825867,0.1475619375705719,3.55232834815979
2127,0.020748455077409744,0.29870983958244324,0.14831635355949402,3.5505785942077637
2128,0.022043151780962944,0.2982628047466278,0.14862608909606934,3.564338207244873
2129,0.02085115574300289,0.2978157699108124,0.14681753516197205,3.5286762714385986
2130,0.01733943074941635,0.29736873507499695,0.14716728031635284,3.5276622772216797
2131,0.020936213433742523,0.2969217002391815,0.1479116529226303,3.543872594833374
2132,0.02215629257261753,0.2964746654033661,0.14707233011722565,3.5303924083709717
2133,0.019607054069638252,0.29602763056755066,0.14681755006313324,3.5291666984558105
2134,0.01937418431043625,0.29558059573173523,0.14557352662086487,3.4912991523742676
2135,0.020163238048553467,0.2951335608959198,0.14560352265834808,3.5001158714294434
2136,0.020346783101558685,0.29468652606010437,0.14886590838432312,3.5807597637176514
2137,0.02023099549114704,0.29423949122428894,0.1473221480846405,3.532965660095215
2138,0.02007833868265152,0.2937924563884735,0.1467575877904892,3.5165510177612305
2139,0.019506331533193588,0.2933454215526581,0.14670763909816742,3.512132167816162
2140,0.020150018855929375,0.29289838671684265,0.14834631979465485,3.5651960372924805
2141,0.02260487712919712,0.2924513518810272,0.1468774974346161,3.523726463317871
2142,0.020748579874634743,0.2920043170452118,0.14771683514118195,3.5470588207244873
2143,0.01906042918562889,0.29155728220939636,0.14688749611377716,3.531712770462036
2144,0.020162329077720642,0.29111024737358093,0.14902077615261078,3.579779624938965
2145,0.020185088738799095,0.2906632125377655,0.14892585575580597,3.5741424560546875
2146,0.021946841850876808,0.2902161777019501,0.14866608381271362,3.562152624130249
2147,0.022184714674949646,0.28976914286613464,0.14806655049324036,3.5519607067108154
2148,0.019515089690685272,0.2893221080303192,0.14758694171905518,3.54767107963562
2149,0.02263457700610161,0.2888750731945038,0.14837130904197693,3.5515048503875732
2150,0.02053019218146801,0.28842803835868835,0.14932553470134735,3.591176748275757
2151,0.023074861615896225,0.2879810035228729,0.14722222089767456,3.5361111164093018
2152,0.020967718213796616,0.2875339686870575,0.14742204546928406,3.540318489074707
2153,0.021688295528292656,0.28708693385124207,0.14903077483177185,3.575000047683716
2154,0.020829468965530396,0.28663989901542664,0.14747701585292816,3.538078546524048
2155,0.018554123118519783,0.2861928641796112,0.14450940489768982,3.4623775482177734
2156,0.01959512010216713,0.2857458293437958,0.1461430788040161,3.509559154510498
2157,0.020073728635907173,0.28529879450798035,0.1484861969947815,3.5572917461395264
2158,0.020563771948218346,0.2848517596721649,0.14692744612693787,3.539093017578125
2159,0.020855849608778954,0.2844047248363495,0.1487410068511963,3.5649306774139404
2160,0.019670892506837845,0.28395769000053406,0.15027476847171783,3.605759620666504
2161,0.021551668643951416,0.28351065516471863,0.14820143580436707,3.562990427017212
2162,0.02042088471353054,0.2830636203289032,0.1495753526687622,3.5791666507720947
2163,0.01973140425980091,0.28261658549308777,0.14724218845367432,3.5400733947753906
2164,0.020412683486938477,0.28216955065727234,0.14770182967185974,3.542769193649292
2165,0.0191336777061224,0.2817225158214569,0.1485961228609085,3.5585649013519287
2166,0.01979060098528862,0.2812754809856415,0.1487410068511963,3.5776963233947754
2167,0.019122514873743057,0.28082844614982605,0.14826638996601105,3.5593748092651367
2168,0.01905963197350502,0.2803814113140106,0.14723220467567444,3.53198504447937
2169,0.02019103802740574,0.2799343764781952,0.1467026323080063,3.5194852352142334
2170,0.018801601603627205,0.27948734164237976,0.148890882730484,3.5657408237457275
2171,0.019191820174455643,0.27904030680656433,0.14517885446548462,3.4924018383026123
2172,0.02118678390979767,0.2785932719707489,0.1490107923746109,3.5742645263671875
2173,0.020043479278683662,0.27814623713493347,0.14813649654388428,3.551388740539551
2174,0.02110852673649788,0.27769920229911804,0.14626798033714294,3.5100488662719727
2175,0.020892782136797905,0.2772521674633026,0.1472521871328354,3.539930582046509
2176,0.020931171253323555,0.2768051326274872,0.1476718634366989,3.5484068393707275
2177,0.017514869570732117,0.27635809779167175,0.1484462469816208,3.5656864643096924
2178,0.020328717306256294,0.2759110629558563,0.14900080859661102,3.567129611968994
2179,0.022891437634825706,0.2754640281200409,0.14839129149913788,3.555759906768799
2180,0.021006204187870026,0.27501699328422546,0.14981015026569366,3.610539436340332
2181,0.01928085647523403,0.27456995844841003,0.14971522986888885,3.570948839187622
2182,0.01910332590341568,0.2741229236125946,0.14840129017829895,3.5713233947753906
2183,0.018780909478664398,0.2736758887767792,0.14825139939785004,3.5630786418914795
2184,0.021935535594820976,0.27322885394096375,0.14970025420188904,3.594240427017212
2185,0.02059587836265564,0.2727818191051483,0.146247997879982,3.502941131591797
2186,0.019173715263605118,0.2723347842693329,0.1484612226486206,3.5667827129364014
2187,0.017085468396544456,0.27188774943351746,0.14776678383350372,3.5398285388946533
2188,0.0195383932441473,0.271440714597702,0.1504446417093277,3.6126224994659424
2189,0.02114175632596016,0.2709936797618866,0.15020984411239624,3.598263740539551
2190,0.021168379113078117,0.27054664492607117,0.1479516327381134,3.5628674030303955
2191,0.021825917065143585,0.27009961009025574,0.14780177175998688,3.547569513320923
2192,0.01929888129234314,0.2696525752544403,0.1480565369129181,3.5556373596191406
2193,0.01894044503569603,0.2692055404186249,0.14828138053417206,3.5579655170440674
2194,0.01989099569618702,0.26875850558280945,0.14833632111549377,3.5567126274108887
2195,0.019476279616355896,0.268311470746994,0.14943045377731323,3.590195894241333
2196,0.019223013892769814,0.2678644359111786,0.1490107923746109,3.560783863067627
2197,0.021629557013511658,0.26741740107536316,0.15129394829273224,3.631481647491455
2198,0.019725998863577843,0.26697036623954773,0.14965029060840607,3.6001226902008057
2199,0.02129901386797428,0.2665233314037323,0.1491307020187378,3.5818283557891846
2200,0.019456282258033752,0.26607629656791687,0.15041466057300568,3.608333110809326
2201,0.02084161341190338,0.26562926173210144,0.15012489259243011,3.606372594833374
2202,0.019699405878782272,0.265182226896286,0.14861610531806946,3.565971851348877
2203,0.01749751716852188,0.2647351920604706,0.14778178930282593,3.5411765575408936
2204,0.0201810821890831,0.26428815722465515,0.15041466057300568,3.6050240993499756
2205,0.01930639147758484,0.2638411223888397,0.14713729918003082,3.5409719944000244
2206,0.021765580400824547,0.2633940875530243,0.1499100774526596,3.5887255668640137
2207,0.020928578451275826,0.26294705271720886,0.14734213054180145,3.5493054389953613
2208,0.020210593938827515,0.26250001788139343,0.14982013404369354,3.591176748275757
2209,0.02026320993900299,0.262052983045578,0.1478966772556305,3.551837921142578
2210,0.019409064203500748,0.2616059482097626,0.1473371386528015,3.5366897583007812
2211,0.02013266459107399,0.26115891337394714,0.14852619171142578,3.5574755668640137
2212,0.019269557669758797,0.2607118785381317,0.14721223711967468,3.541053533554077
2213,0.01995418779551983,0.2602648437023163,0.1478167623281479,3.546064615249634
2214,0.02111758291721344,0.25981780886650085,0.14511391520500183,3.486887216567993
2215,0.021137753501534462,0.2593707740306854,0.14608313143253326,3.5059025287628174
2216,0.021817950531840324,0.25892373919487,0.1482314169406891,3.557107925415039
2217,0.019031690433621407,0.25847670435905457,0.14904077351093292,3.577573776245117
2218,0.020842449739575386,0.25802966952323914,0.14852117002010345,3.560532569885254
2219,0.016890663653612137,0.2575826346874237,0.1468675136566162,3.515563726425171
2220,0.018544167280197144,0.2571355998516083,0.14845125377178192,3.5687501430511475
2221,0.017169656231999397,0.25668856501579285,0.14927558600902557,3.5827548503875732
2222,0.01842638850212097,0.2562415301799774,0.14879097044467926,3.573896884918213
2223,0.020266497507691383,0.255794495344162,0.1492006629705429,3.583101511001587
2224,0.01963651180267334,0.25534746050834656,0.14943046867847443,3.5933823585510254
2225,0.019797436892986298,0.25490042567253113,0.14838629961013794,3.562990188598633
2226,0.01797751896083355,0.2544533908367157,0.1492656022310257,3.5748841762542725
2227,0.020112231373786926,0.25400635600090027,0.1479666382074356,3.541421890258789
2228,0.020100414752960205,0.25355932116508484,0.14889587461948395,3.5776963233947754
2229,0.021347230300307274,0.2531122863292694,0.14744703471660614,3.541435480117798
2230,0.018908772617578506,0.252665251493454,0.1480715423822403,3.5568623542785645
2231,0.018100615590810776,0.25221821665763855,0.14911071956157684,3.577314853668213
2232,0.02011021599173546,0.2517711818218231,0.14619804918766022,3.5111517906188965
2233,0.019336124882102013,0.2513241469860077,0.14977017045021057,3.6024510860443115
2234,0.01844959147274494,0.25087711215019226,0.14950039982795715,3.579282522201538
2235,0.018947143107652664,0.25043007731437683,0.14936551451683044,3.580024480819702
2236,0.019313188269734383,0.24998587369918823,0.14978016912937164,3.5947303771972656
2237,0.02016780525445938,0.24961334466934204,0.14885590970516205,3.5622684955596924
2238,0.02046622335910797,0.24924081563949585,0.14922061562538147,3.5872552394866943
2239,0.019533906131982803,0.24886828660964966,0.14971022307872772,3.599884510040283
2240,0.018896158784627914,0.24849575757980347,0.1495203971862793,3.5928921699523926
2241,0.017076002433896065,0.24812322854995728,0.15284274518489838,3.661151885986328
2242,0.02017575316131115,0.24775069952011108,0.1486910581588745,3.5715277194976807
2243,0.02026989869773388,0.2473781704902649,0.1472272276878357,3.5272057056427
2244,0.020432664081454277,0.2470056414604187,0.14754696190357208,3.54276967048645
2245,0.019997164607048035,0.2466331124305725,0.14759191870689392,3.546180248260498
2246,0.01845872774720192,0.24626058340072632,0.14954037964344025,3.587867498397827
2247,0.018970834091305733,0.24588805437088013,0.1508093625307083,3.621180772781372
2248,0.02010708674788475,0.24551552534103394,0.14995503425598145,3.5990192890167236
2249,0.019439738243818283,0.24514299631118774,0.14994004368782043,3.599632501602173
2250,0.020260179415345192,0.24477046728134155,0.15102916955947876,3.617361068725586
2251,0.018748819828033447,0.24439793825149536,0.14872603118419647,3.583455801010132
2252,0.022054487839341164,0.24402540922164917,0.15063448250293732,3.5965685844421387
2253,0.020988041535019875,0.24365288019180298,0.14789168536663055,3.552314519882202
2254,0.018863776698708534,0.2432803511619568,0.14636290073394775,3.5208330154418945
2255,0.018328074365854263,0.2429078221321106,0.15092426538467407,3.620138645172119
2256,0.02036276087164879,0.2425352931022644,0.1486360877752304,3.5700976848602295
2257,0.019425835460424423,0.2421627640724182,0.14889590442180634,3.577573776245117
2258,0.019393183290958405,0.24179023504257202,0.15086930990219116,3.6086807250976562
2259,0.01832672953605652,0.24141770601272583,0.1488759070634842,3.5670342445373535
2260,0.018609145656228065,0.24104517698287964,0.14840127527713776,3.556985378265381
2261,0.020164193585515022,0.24067264795303345,0.14954037964344025,3.59375
2262,0.019676081836223602,0.24030011892318726,0.1484062820672989,3.557842493057251
2263,0.018311740830540657,0.23992758989334106,0.1485561579465866,3.577430486679077
2264,0.01862202398478985,0.23955506086349487,0.14747200906276703,3.5359065532684326
2265,0.02065207064151764,0.23918253183364868,0.15007993578910828,3.61004900932312
2266,0.021331975236535072,0.2388100028038025,0.14776679873466492,3.537384033203125
2267,0.01934805139899254,0.2384374737739563,0.14921563863754272,3.5901966094970703
2268,0.01986587420105934,0.2380649447441101,0.1486610621213913,3.5628674030303955
2269,0.021424874663352966,0.23769241571426392,0.14868107438087463,3.55648136138916
2270,0.018522243946790695,0.23731988668441772,0.15026479959487915,3.6185052394866943
2271,0.019006742164492607,0.23694735765457153,0.14806154370307922,3.5570602416992188
2272,0.01934901252388954,0.23657482862472534,0.15030476450920105,3.6091909408569336
2273,0.018556982278823853,0.23620229959487915,0.1496952474117279,3.589583396911621
2274,0.020481634885072708,0.23582977056503296,0.1524280607700348,3.650578737258911
2275,0.01910288631916046,0.23545724153518677,0.1502997726202011,3.6174020767211914
2276,0.018130576238036156,0.23508471250534058,0.14950039982795715,3.578676462173462
2277,0.02078513614833355,0.23471218347549438,0.14846622943878174,3.567476987838745
2278,0.019631898030638695,0.2343396544456482,0.148206427693367,3.5575976371765137
2279,0.01893051713705063,0.233967125415802,0.1526578664779663,3.6629626750946045
2280,0.01979818381369114,0.2335945963859558,0.1493854969739914,3.59313702583313
2281,0.019149914383888245,0.23322206735610962,0.14782173931598663,3.5400733947753906
2282,0.01982906647026539,0.23284953832626343,0.1499500423669815,3.5954861640930176
2283,0.018353892490267754,0.23247700929641724,0.149575337767601,3.5874998569488525
2284,0.018054768443107605,0.23210448026657104,0.1505245715379715,3.6162991523742676
2285,0.018995065242052078,0.23173195123672485,0.14992506802082062,3.5898146629333496
2286,0.020335514098405838,0.23135942220687866,0.14686749875545502,3.5253679752349854
2287,0.019186241552233696,0.23098689317703247,0.14992006123065948,3.6049771308898926
2288,0.019078649580478668,0.23061436414718628,0.1498151421546936,3.5970587730407715
2289,0.019275754690170288,0.2302418351173401,0.14985013008117676,3.5969364643096924
2290,0.02048887498676777,0.2298693060874939,0.15238307416439056,3.650926113128662
2291,0.019868381321430206,0.2294967770576477,0.14941547811031342,3.5856621265411377
2292,0.017530757933855057,0.2291242480278015,0.14805157482624054,3.542279005050659
2293,0.020631898194551468,0.22875171899795532,0.15101918578147888,3.628356456756592
2294,0.018759645521640778,0.22837918996810913,0.14933054149150848,3.5893380641937256
2295,0.01874990202486515,0.22800666093826294,0.1486510932445526,3.570138692855835
2296,0.01904470846056938,0.22763413190841675,0.15243305265903473,3.662254810333252
2297,0.020806118845939636,0.22726160287857056,0.1513689011335373,3.631004810333252
2298,0.01770623028278351,0.22688907384872437,0.1495053917169571,3.58263897895813
2299,0.01926828920841217,0.22651654481887817,0.1508193463087082,3.620220422744751
2300,0.019687918946146965,0.22614401578903198,0.1484062820672989,3.562990188598633
2301,0.02058294229209423,0.2257714867591858,0.1518135517835617,3.6403932571411133
2302,0.019856709986925125,0.2253989577293396,0.14918066561222076,3.582843065261841
2303,0.01960543915629387,0.2250264286994934,0.15117405354976654,3.6298611164093018
2304,0.020893201231956482,0.22465389966964722,0.14986510574817657,3.5987744331359863
2305,0.020349254831671715,0.22428137063980103,0.15078435838222504,3.6144607067108154
2306,0.021104268729686737,0.22390884160995483,0.14979515969753265,3.5916666984558105
2307,0.018344052135944366,0.22353631258010864,0.15119904279708862,3.627573251724243
2308,0.0213910024613142,0.22316378355026245,0.15040966868400574,3.6120097637176514
2309,0.0183380339294672,0.22279125452041626,0.1512639820575714,3.6267361640930176
2310,0.022136546671390533,0.22241872549057007,0.15014488995075226,3.6008574962615967
2311,0.01864786259829998,0.22204619646072388,0.1490757316350937,3.5896987915039062
2312,0.018669288605451584,0.22167366743087769,0.15073442459106445,3.6221814155578613
2313,0.019800594076514244,0.2213011384010315,0.14806155860424042,3.552450656890869
2314,0.018406067043542862,0.2209286093711853,0.14934054017066956,3.5798611640930176
2315,0.017735812813043594,0.2205560803413391,0.14966027438640594,3.5938727855682373
2316,0.018446143716573715,0.22018355131149292,0.14965027570724487,3.5838234424591064
2317,0.01982090435922146,0.21981102228164673,0.15325739979743958,3.6694443225860596
2318,0.02012958563864231,0.21943849325180054,0.14941546320915222,3.594240427017212
2319,0.021351927891373634,0.21906596422195435,0.14874599874019623,3.5748841762542725
2320,0.017566634342074394,0.21869343519210815,0.14879097044467926,3.5716912746429443
2321,0.018830660730600357,0.21832090616226196,0.15141884982585907,3.6335785388946533
2322,0.02072826772928238,0.21794837713241577,0.15030474960803986,3.601620674133301
2323,0.018483946099877357,0.21757584810256958,0.1493605226278305,3.580514907836914
2324,0.01904941350221634,0.2172033190727234,0.14927057921886444,3.587254762649536
2325,0.018273629248142242,0.2168307900428772,0.14978016912937164,3.5913195610046387
2326,0.023238589987158775,0.216458261013031,0.15066947042942047,3.6210784912109375
2327,0.020583316683769226,0.21608573198318481,0.1503896862268448,3.6122684478759766
2328,0.01838175393640995,0.21571320295333862,0.1511690616607666,3.6265931129455566
2329,0.020178312435746193,0.21534067392349243,0.15170365571975708,3.6438724994659424
2330,0.019724754616618156,0.21496814489364624,0.15050958096981049,3.611227035522461
2331,0.01873287931084633,0.21459561586380005,0.14922061562538147,3.570465326309204
2332,0.019840115681290627,0.21422308683395386,0.1508343368768692,3.626837730407715
2333,0.020992230623960495,0.21385055780410767,0.15254296362400055,3.658564805984497
2334,0.020787881687283516,0.21347802877426147,0.15148381888866425,3.6348040103912354
2335,0.019623583182692528,0.21310549974441528,0.14874601364135742,3.5771989822387695
2336,0.019863875582814217,0.2127329707145691,0.1512889713048935,3.6306374073028564
2337,0.020509744063019753,0.2123604416847229,0.15028975903987885,3.61004900932312
2338,0.01826881617307663,0.2119879126548767,0.1491456925868988,3.572453498840332
2339,0.020137382671236992,0.21161538362503052,0.15223820507526398,3.653064250946045
2340,0.0201051477342844,0.21124285459518433,0.1509942263364792,3.624877691268921
2341,0.020070265978574753,0.21087032556533813,0.15030474960803986,3.606712579727173
2342,0.020204976201057434,0.21049779653549194,0.14947542548179626,3.585416316986084
2343,0.018299881368875504,0.21012526750564575,0.1500699371099472,3.6107637882232666
2344,0.019020486623048782,0.20975273847579956,0.1505395621061325,3.6149511337280273
2345,0.018683506175875664,0.20938020944595337,0.15064948797225952,3.61556339263916
2346,0.019579749554395676,0.20900768041610718,0.14970023930072784,3.5901620388031006
2347,0.02138066664338112,0.208635151386261,0.1505795419216156,3.615318536758423
2348,0.016841694712638855,0.2082626223564148,0.15051957964897156,3.6030635833740234
2349,0.017794117331504822,0.2078900933265686,0.1515038013458252,3.6341440677642822
2350,0.01840805448591709,0.2075175642967224,0.15299759805202484,3.6726715564727783
2351,0.020659692585468292,0.20714503526687622,0.1501099169254303,3.6137735843658447
2352,0.01974531263113022,0.20677250623703003,0.1503896862268448,3.613480567932129
2353,0.020461004227399826,0.20639997720718384,0.15039469301700592,3.6025731563568115
2354,0.019437691196799278,0.20602744817733765,0.14990007877349854,3.595602035522461
2355,0.020169422030448914,0.20565491914749146,0.1511840522289276,3.626102924346924
2356,0.017902320250868797,0.20528239011764526,0.1502697914838791,3.613725185394287
2357,0.018197784200310707,0.20490986108779907,0.1506045162677765,3.6045138835906982
2358,0.020622670650482178,0.20453733205795288,0.1498551219701767,3.5988967418670654
2359,0.01593245193362236,0.2041648030281067,0.1515038013458252,3.6431713104248047
2360,0.019277099519968033,0.2037922739982605,0.15090927481651306,3.623161554336548
2361,0.018170924857258797,0.2034197449684143,0.1517036408185959,3.6344361305236816
2362,0.017453880980610847,0.20304721593856812,0.15217325091362,3.65590238571167
2363,0.01888865791261196,0.20267468690872192,0.15152877569198608,3.6395835876464844
2364,0.018415922299027443,0.20230215787887573,0.15169364213943481,3.6306374073028564
2365,0.019012726843357086,0.20192962884902954,0.15134891867637634,3.633680582046509
2366,0.020517949014902115,0.20155709981918335,0.14981015026569366,3.598529577255249
2367,0.020069796591997147,0.20118457078933716,0.1511690616607666,3.6305556297302246
2368,0.020418943837285042,0.20081204175949097,0.14968524873256683,3.594975471496582
2369,0.0187172070145607,0.20043951272964478,0.15182353556156158,3.6476714611053467
2370,0.018428977578878403,0.20006698369979858,0.1516536921262741,3.630671262741089
2371,0.020094813778996468,0.1996944546699524,0.15140888094902039,3.6397058963775635
2372,0.019032659009099007,0.1993219256401062,0.14986011385917664,3.5890934467315674
2373,0.018853768706321716,0.19894939661026,0.1517985612154007,3.640277624130249
2374,0.01917160302400589,0.19857686758041382,0.14904576539993286,3.582352876663208
2375,0.019157569855451584,0.19820433855056763,0.15031476318836212,3.607754707336426
2376,0.022930873557925224,0.19783180952072144,0.14861610531806946,3.569608211517334
2377,0.017730047926306725,0.19745928049087524,0.15301759541034698,3.670097827911377
2378,0.019323065876960754,0.19708675146102905,0.1522032469511032,3.6440975666046143
2379,0.019093958660960197,0.19671422243118286,0.1507943719625473,3.6223037242889404
2380,0.021229442209005356,0.19634169340133667,0.1520933210849762,3.643505096435547
2381,0.020186930894851685,0.19596916437149048,0.1524280607700348,3.658217430114746
2382,0.018808653578162193,0.1955966353416443,0.15033473074436188,3.614706039428711
2383,0.019241271540522575,0.1952241063117981,0.1508743017911911,3.624189615249634
2384,0.01892109215259552,0.1948515772819519,0.1523481160402298,3.656740427017212
2385,0.01850076951086521,0.1944790482521057,0.15024979412555695,3.608945608139038
2386,0.017151962965726852,0.19410651922225952,0.15070444345474243,3.61087965965271
2387,0.018249351531267166,0.19373399019241333,0.1539018750190735,3.692157030105591
2388,0.019917381927371025,0.19336146116256714,0.15139387547969818,3.6321074962615967
2389,0.018499089404940605,0.19298893213272095,0.15123900771141052,3.631481647491455
2390,0.018120672553777695,0.19261640310287476,0.14935050904750824,3.5856616497039795
2391,0.017454447224736214,0.19224387407302856,0.1508493274450302,3.6243057250976562
2392,0.019102470949292183,0.19187134504318237,0.1507943719625473,3.62573504447937
2393,0.018865257501602173,0.19149881601333618,0.15150879323482513,3.6324756145477295
2394,0.019335240125656128,0.19112628698349,0.15284273028373718,3.659027576446533
2395,0.017917098477482796,0.1907537579536438,0.15207333862781525,3.650245189666748
2396,0.019661733880639076,0.1903812289237976,0.1516386866569519,3.639338493347168
2397,0.020717844367027283,0.19000869989395142,0.152348130941391,3.652430772781372
2398,0.01938687078654766,0.18963617086410522,0.15082432329654694,3.6203434467315674
2399,0.019870640709996223,0.18926364183425903,0.1513039618730545,3.638657569885254
2400,0.01777973398566246,0.18889111280441284,0.15202836692333221,3.651960849761963
2401,0.019091537222266197,0.18851858377456665,0.15282273292541504,3.6613969802856445
2402,0.01614578813314438,0.18814605474472046,0.1506994366645813,3.618171453475952
2403,0.018145881593227386,0.18777352571487427,0.1524680256843567,3.6558823585510254
2404,0.020008448511362076,0.18740099668502808,0.14967526495456696,3.6025733947753906
2405,0.018880367279052734,0.18702846765518188,0.15134893357753754,3.6202547550201416
2406,0.018157223239541054,0.1866559386253357,0.1511690616607666,3.6290438175201416
2407,0.0192016139626503,0.1862834095954895,0.14998000860214233,3.6079859733581543
2408,0.01810057833790779,0.1859108805656433,0.15017485618591309,3.607107639312744
2409,0.020568102598190308,0.18553835153579712,0.15171362459659576,3.632720708847046
2410,0.020608920603990555,0.18516582250595093,0.1506045162677765,3.616088390350342
2411,0.018986394628882408,0.18479329347610474,0.1501898616552353,3.6018383502960205
2412,0.019203146919608116,0.18442076444625854,0.14992007613182068,3.5987746715545654
2413,0.020400574430823326,0.18404823541641235,0.15142886340618134,3.6324076652526855
2414,0.018383778631687164,0.18367570638656616,0.15194344520568848,3.641666889190674
2415,0.01855998858809471,0.18330317735671997,0.1512090265750885,3.6403932571411133
2416,0.018087895587086678,0.18293064832687378,0.15046462416648865,3.617647171020508
2417,0.017555832862854004,0.1825581192970276,0.14976517856121063,3.590686321258545
2418,0.01777198538184166,0.1821855902671814,0.1522931605577469,3.6472222805023193
2419,0.019711783155798912,0.1818130612373352,0.1496003270149231,3.5939953327178955
2420,0.01844494417309761,0.181440532207489,0.15051458775997162,3.59987735748291
2421,0.01579514518380165,0.18106800317764282,0.15031474828720093,3.6045141220092773
2422,0.018944017589092255,0.18069547414779663,0.1502198427915573,3.6113970279693604
2423,0.01859862357378006,0.18032294511795044,0.14953038096427917,3.5980327129364014
2424,0.01809563674032688,0.17995041608810425,0.15120403468608856,3.6307597160339355
2425,0.018066244199872017,0.17957788705825806,0.15220823884010315,3.64607834815979
2426,0.0177517868578434,0.17920535802841187,0.15031474828720093,3.606250286102295
2427,0.017668431624770164,0.17883282899856567,0.14937050640583038,3.5922791957855225
2428,0.01818685233592987,0.17846029996871948,0.15445144474506378,3.6950979232788086
2429,0.018735649064183235,0.1780877709388733,0.1515437662601471,3.6366896629333496
2430,0.019042909145355225,0.1777152419090271,0.1505795419216156,3.626102924346924
2431,0.017466172575950623,0.1773427128791809,0.15328237414360046,3.6774306297302246
2432,0.02020748145878315,0.17697018384933472,0.15333734452724457,3.681004762649536
2433,0.01823294349014759,0.17659765481948853,0.14952537417411804,3.5935046672821045
2434,0.015611700713634491,0.17622512578964233,0.15245802700519562,3.650925874710083
2435,0.017134398221969604,0.17585259675979614,0.15078435838222504,3.618382453918457
2436,0.018715042620897293,0.17548006772994995,0.15116406977176666,3.6197307109832764
2437,0.017342304810881615,0.17510753870010376,0.1496003270149231,3.589930534362793
2438,0.017532330006361008,0.17473500967025757,0.14988508820533752,3.5982842445373535
2439,0.018298355862498283,0.17436248064041138,0.15253795683383942,3.6696760654449463
2440,0.01848379150032997,0.17398995161056519,0.15218324959278107,3.6577205657958984
2441,0.01918858289718628,0.173617422580719,0.15070943534374237,3.6138482093811035
2442,0.019079934805631638,0.1732448935508728,0.1542516052722931,3.6888887882232666
2443,0.018028520047664642,0.1728723645210266,0.15311750769615173,3.6823530197143555
2444,0.01814749464392662,0.17249983549118042,0.15103918313980103,3.6221814155578613
2445,0.019248640164732933,0.17212730646133423,0.15293265879154205,3.667708158493042
2446,0.01868029311299324,0.17175477743148804,0.1525779366493225,3.6691176891326904
2447,0.017939964309334755,0.17138224840164185,0.15244804322719574,3.6579861640930176
2448,0.019327571615576744,0.17100971937179565,0.15389688313007355,3.6979167461395264
2449,0.018902603536844254,0.17063719034194946,0.15292267501354218,3.665931224822998
2450,0.019090240821242332,0.17026466131210327,0.1522682011127472,3.655092477798462
2451,0.019105015322566032,0.16989213228225708,0.152378112077713,3.6499996185302734
2452,0.019400112330913544,0.1695196032524109,0.15279774367809296,3.6661765575408936
2453,0.02022668905556202,0.1691470742225647,0.15189848840236664,3.638078451156616
2454,0.019518423825502396,0.1687745451927185,0.15083932876586914,3.6290438175201416
2455,0.01785699836909771,0.16840201616287231,0.1508493274450302,3.628472328186035
2456,0.020751163363456726,0.16802948713302612,0.15336230397224426,3.684558868408203
2457,0.018208451569080353,0.16765695810317993,0.1532074213027954,3.670220375061035
2458,0.01931869424879551,0.16728442907333374,0.15372201800346375,3.685300827026367
2459,0.021003015339374542,0.16691190004348755,0.15270784497261047,3.6732842922210693
2460,0.016745852306485176,0.16653937101364136,0.14979515969753265,3.585538864135742
2461,0.017687080428004265,0.16616684198379517,0.1516786515712738,3.640625
2462,0.01932532899081707,0.16579431295394897,0.15121403336524963,3.6287992000579834
2463,0.0166318379342556,0.16542178392410278,0.15020982921123505,3.6134259700775146
2464,0.02143022045493126,0.1650492548942566,0.15299762785434723,3.675980567932129
2465,0.018911659717559814,0.1646767258644104,0.15143385529518127,3.6278185844421387
2466,0.020528504624962807,0.1643041968345642,0.15239307284355164,3.6575229167938232
2467,0.018639545887708664,0.16393166780471802,0.15059950947761536,3.61409330368042
2468,0.017885582521557808,0.16355913877487183,0.15350720286369324,3.673529624938965
2469,0.018912533298134804,0.16318660974502563,0.1531924456357956,3.682291269302368
2470,0.017773039638996124,0.16281408071517944,0.1512240320444107,3.621446132659912
2471,0.019557662308216095,0.16244155168533325,0.15364207327365875,3.6990740299224854
2472,0.018036456778645515,0.16206902265548706,0.15283773839473724,3.67181396484375
2473,0.017147211357951164,0.16169649362564087,0.15090927481651306,3.6199753284454346
2474,0.017429642379283905,0.16132396459579468,0.15418164432048798,3.692476987838745
2475,0.0197222251445055,0.1609514355659485,0.15296263992786407,3.673161506652832
2476,0.021947694942355156,0.1605789065361023,0.15406174957752228,3.7011029720306396
2477,0.01709095388650894,0.1602063775062561,0.15399181842803955,3.682522773742676
2478,0.020098846405744553,0.1598338484764099,0.15160371363162994,3.6408090591430664
2479,0.018697917461395264,0.15946131944656372,0.15338729321956635,3.6896989345550537
2480,0.01980547234416008,0.15908879041671753,0.15366706252098083,3.691789150238037
2481,0.019636245444417,0.15871626138687134,0.1544664353132248,3.6960785388946533
2482,0.019702192395925522,0.15834373235702515,0.15384693443775177,3.6922454833984375
2483,0.016876211389899254,0.15797120332717896,0.15179356932640076,3.648529291152954
2484,0.019396964460611343,0.15759867429733276,0.15070444345474243,3.607598066329956
2485,0.01625373587012291,0.15722614526748657,0.15109410881996155,3.6298611164093018
2486,0.01614542491734028,0.15685361623764038,0.15294264256954193,3.668137311935425
2487,0.018616266548633575,0.1564810872077942,0.15383191406726837,3.700810432434082
2488,0.019856102764606476,0.156108558177948,0.15110410749912262,3.631495237350464
2489,0.018467698246240616,0.1557360291481018,0.15297262370586395,3.6674020290374756
2490,0.018473567441105843,0.15536350011825562,0.1504296511411667,3.6035878658294678
2491,0.01702195405960083,0.15499097108840942,0.15294264256954193,3.6762256622314453
2492,0.017376473173499107,0.15461844205856323,0.15335732698440552,3.676102638244629
2493,0.01875184290111065,0.15424591302871704,0.15245802700519562,3.660416841506958
2494,0.019966967403888702,0.15387338399887085,0.15530574321746826,3.7251226902008057
2495,0.018942201510071754,0.15350085496902466,0.15382692217826843,3.6994214057922363
2496,0.016271596774458885,0.15312832593917847,0.15486112236976624,3.718259811401367
2497,0.018066421151161194,0.15275579690933228,0.15343725681304932,3.678553819656372
2498,0.01871633529663086,0.15238326787948608,0.15265287458896637,3.6667826175689697
2499,0.019003165885806084,0.1520107388496399,0.15287768840789795,3.665318727493286
2500,0.016951367259025574,0.1516382098197937,0.1512340009212494,3.6294119358062744
2501,0.018499169498682022,0.1512656807899475,0.15480615198612213,3.705324172973633
2502,0.01761656627058983,0.15089315176010132,0.15129394829273224,3.638848066329956
2503,0.016367262229323387,0.15052062273025513,0.15249799191951752,3.664004325866699
2504,0.019409935921430588,0.15014809370040894,0.15518085658550262,3.730637311935425
2505,0.01790742017328739,0.14977556467056274,0.15398180484771729,3.6855387687683105
2506,0.019581837579607964,0.14940303564071655,0.15115906298160553,3.629166841506958
2507,0.017733661457896233,0.14903050661087036,0.15207333862781525,3.6524507999420166
2508,0.02015417255461216,0.14865797758102417,0.15285271406173706,3.6504902839660645
2509,0.015991322696208954,0.14828544855117798,0.15316246449947357,3.6870367527008057
2510,0.01888648234307766,0.1479129195213318,0.15160371363162994,3.637009620666504
2511,0.01854991540312767,0.1475403904914856,0.15277276933193207,3.675347328186035
2512,0.0173475444316864,0.1471678614616394,0.15295763313770294,3.6746323108673096
2513,0.01871946081519127,0.1467953324317932,0.15113408863544464,3.6258578300476074
2514,0.01617639884352684,0.14642280340194702,0.15553058683872223,3.7224538326263428
2515,0.01680484227836132,0.14605027437210083,0.15268786251544952,3.6704652309417725
2516,0.020389607176184654,0.14567774534225464,0.15553557872772217,3.7207109928131104
2517,0.017763255164027214,0.14530521631240845,0.15262289345264435,3.670254707336426
2518,0.02100413851439953,0.14493268728256226,0.1526978313922882,3.6626222133636475
2519,0.018633611500263214,0.14456015825271606,0.15080934762954712,3.628124952316284
2520,0.01522075105458498,0.14418762922286987,0.15406174957752228,3.7041661739349365
2521,0.01921379193663597,0.14381510019302368,0.15193845331668854,3.64068603515625
2522,0.019209446385502815,0.1434425711631775,0.15200339257717133,3.6483795642852783
2523,0.01712862029671669,0.1430700421333313,0.15396182239055634,3.689706325531006
2524,0.017011623829603195,0.1426975131034851,0.15265287458896637,3.6530635356903076
2525,0.018146459013223648,0.14232498407363892,0.15556056797504425,3.7364583015441895
2526,0.01671450398862362,0.14195245504379272,0.15350718796253204,3.6848037242889404
2527,0.02124818228185177,0.14157992601394653,0.14885590970516205,3.5856480598449707
2528,0.018538787961006165,0.14120739698410034,0.15298759937286377,3.6805148124694824
2529,0.01828525960445404,0.14083486795425415,0.15224319696426392,3.647794246673584
2530,0.019298508763313293,0.14046233892440796,0.15408672392368317,3.6914350986480713
2531,0.018877405673265457,0.14008980989456177,0.15254294872283936,3.6644604206085205
2532,0.01947423256933689,0.13971728086471558,0.1527377963066101,3.6535539627075195
2533,0.019955532625317574,0.13934475183486938,0.1522432118654251,3.6620371341705322
2534,0.017415426671504974,0.1389722228050232,0.15200339257717133,3.6476712226867676
2535,0.015848975628614426,0.138599693775177,0.15322740375995636,3.6802079677581787
2536,0.01858663558959961,0.1382271647453308,0.15490606427192688,3.7111520767211914
2537,0.01801266334950924,0.13785463571548462,0.15196841955184937,3.655024528503418
2538,0.01750897243618965,0.13748210668563843,0.15304256975650787,3.670833110809326
2539,0.018777994439005852,0.13710957765579224,0.1511290967464447,3.624387264251709
2540,0.01983141526579857,0.13673704862594604,0.15357713401317596,3.686887264251709
2541,0.015690192580223083,0.13636451959609985,0.15382693707942963,3.690162181854248
2542,0.019062884151935577,0.13599199056625366,0.1516786515712738,3.638357639312744
2543,0.018134700134396553,0.13561946153640747,0.15479116141796112,3.7180557250976562
2544,0.018208861351013184,0.13524693250656128,0.15435652434825897,3.705514669418335
2545,0.02009418234229088,0.1348744034767151,0.1534871906042099,3.680269718170166
2546,0.016089770942926407,0.1345018744468689,0.15494604408740997,3.7133102416992188
2547,0.017757724970579147,0.1341293454170227,0.1521083116531372,3.6536762714385986
2548,0.01579076424241066,0.1337568163871765,0.15274782478809357,3.659803867340088
2549,0.015826793387532234,0.13338428735733032,0.15563549101352692,3.729861259460449
2550,0.017292184755206108,0.13301175832748413,0.15403176844120026,3.6980392932891846
2551,0.02097640372812748,0.13263922929763794,0.15303756296634674,3.684722423553467
2552,0.017629995942115784,0.13226670026779175,0.15326237678527832,3.6841909885406494
2553,0.01780725084245205,0.13189417123794556,0.15253297984600067,3.654534339904785
2554,0.01957203447818756,0.13152164220809937,0.1539718210697174,3.694328546524048
2555,0.018537046387791634,0.13114911317825317,0.15335731208324432,3.6795341968536377
2556,0.015535394661128521,0.13077658414840698,0.15250800549983978,3.6547794342041016
2557,0.01755380816757679,0.1304040551185608,0.15227816998958588,3.652430295944214
2558,0.01834750548005104,0.1300315260887146,0.15283773839473724,3.6666667461395264
2559,0.01736549288034439,0.1296589970588684,0.15296761691570282,3.681828737258911
2560,0.01675587147474289,0.12928646802902222,0.1531125009059906,3.6813721656799316
2561,0.019219309091567993,0.12891393899917603,0.1546163111925125,3.7047791481018066
2562,0.017859702929854393,0.12854140996932983,0.15234814584255219,3.6526622772216797
2563,0.019679365679621696,0.12816888093948364,0.1533123403787613,3.677450656890869
2564,0.01930524967610836,0.12779635190963745,0.15332233905792236,3.683823823928833
2565,0.018057992681860924,0.12742382287979126,0.15339727699756622,3.676041841506958
2566,0.018778817728161812,0.12705129384994507,0.15186350047588348,3.6497552394866943
2567,0.019435949623584747,0.12667876482009888,0.1517186462879181,3.6450228691101074
2568,0.018303925171494484,0.12630623579025269,0.15588529407978058,3.7485291957855225
2569,0.0165572389960289,0.1259337067604065,0.15322741866111755,3.6654412746429443
2570,0.01877618581056595,0.1255611777305603,0.15174858272075653,3.6460649967193604
2571,0.018932227045297623,0.1251886487007141,0.1535971313714981,3.687009572982788
2572,0.016270963475108147,0.12481611967086792,0.1544514149427414,3.696323871612549
2573,0.017474159598350525,0.12444359064102173,0.1528577208518982,3.672685146331787
2574,0.018636193126440048,0.12407106161117554,0.15332233905792236,3.684314012527466
2575,0.01649934984743595,0.12369853258132935,0.1528727114200592,3.674189805984497
2576,0.019742708653211594,0.12332600355148315,0.15477116405963898,3.714951276779175
2577,0.01772703416645527,0.12295347452163696,0.15353216230869293,3.683088779449463
2578,0.019429560750722885,0.12258094549179077,0.15255795419216156,3.664699077606201
2579,0.01835709437727928,0.12220841646194458,0.15373200178146362,3.6818625926971436
2580,0.019569769501686096,0.12183588743209839,0.1556205004453659,3.7365198135375977
2581,0.01981433480978012,0.1214633584022522,0.1523081511259079,3.65358829498291
2582,0.018046848475933075,0.121090829372406,0.15137389302253723,3.63590669631958
2583,0.017543623223900795,0.12071830034255981,0.154226616024971,3.7060184478759766
2584,0.016002682968974113,0.12034577131271362,0.15366706252098083,3.6866421699523926
2585,0.018352631479501724,0.11997324228286743,0.1547062247991562,3.703186273574829
2586,0.018337512388825417,0.11960071325302124,0.1529526561498642,3.675694465637207
2587,0.018347181379795074,0.11922818422317505,0.15433652698993683,3.7052698135375977
2588,0.016765065491199493,0.11885565519332886,0.1553906947374344,3.725367546081543
2589,0.017435647547245026,0.11848312616348267,0.15293262898921967,3.676504373550415
2590,0.01816214993596077,0.11811059713363647,0.15379196405410767,3.687009334564209
2591,0.018213242292404175,0.11773806810379028,0.15347221493721008,3.692476987838745
2592,0.018796345219016075,0.11736553907394409,0.15313750505447388,3.6834561824798584
2593,0.01793188415467739,0.1169930100440979,0.15400679409503937,3.6908090114593506
2594,0.017993411049246788,0.11662048101425171,0.153717041015625,3.6811342239379883
2595,0.016784464940428734,0.11624795198440552,0.15718424320220947,3.7720587253570557
2596,0.01903574913740158,0.11587542295455933,0.15421663224697113,3.69840669631958
2597,0.01875145174562931,0.11550289392471313,0.15494604408740997,3.714583158493042
2598,0.018838807940483093,0.11513036489486694,0.15542066097259521,3.7430148124694824
2599,0.020496360957622528,0.11475783586502075,0.156264990568161,3.7502315044403076
2600,0.01713496446609497,0.11438530683517456,0.15430155396461487,3.7046566009521484
2601,0.0177618321031332,0.11401277780532837,0.15468624234199524,3.7166666984558105
2602,0.02002973109483719,0.11364024877548218,0.15555055439472198,3.7204861640930176
2603,0.019061556085944176,0.11326771974563599,0.15490108728408813,3.7226717472076416
2604,0.019090207293629646,0.1128951907157898,0.1560351848602295,3.737255096435547
2605,0.016216501593589783,0.1125226616859436,0.15626999735832214,3.754629373550415
2606,0.018694212660193443,0.11215013265609741,0.1553107649087906,3.7177696228027344
2607,0.01796003244817257,0.11177760362625122,0.15427657961845398,3.7166666984558105
2608,0.018088633194565773,0.11140507459640503,0.1517735719680786,3.6492645740509033
2609,0.01708357036113739,0.11103254556655884,0.15505094826221466,3.7129900455474854
2610,0.018072515726089478,0.11066001653671265,0.15534572303295135,3.7238428592681885
2611,0.01710665412247181,0.11028748750686646,0.1541716605424881,3.6950981616973877
2612,0.016687003895640373,0.10991495847702026,0.15696442127227783,3.7600488662719727
2613,0.020081207156181335,0.10954242944717407,0.15310251712799072,3.680324077606201
2614,0.01797482557594776,0.10916990041732788,0.15270285308361053,3.674264907836914
2615,0.01943979784846306,0.10879737138748169,0.15415668487548828,3.7021987438201904
2616,0.017786936834454536,0.1084248423576355,0.15357713401317596,3.697793960571289
2617,0.018276382237672806,0.1080523133277893,0.15253296494483948,3.6401963233947754
2618,0.01798303611576557,0.10767978429794312,0.15446144342422485,3.711921453475952
2619,0.01999259740114212,0.10730725526809692,0.15462130308151245,3.7100486755371094
2620,0.019695747643709183,0.10693472623825073,0.15458135306835175,3.7075982093811035
2621,0.019268248230218887,0.10656219720840454,0.1513439416885376,3.635300874710083
2622,0.016120538115501404,0.10618966817855835,0.15522581338882446,3.7274510860443115
2623,0.01906432770192623,0.10581713914871216,0.1538619101047516,3.696296215057373
2624,0.017001397907733917,0.10544461011886597,0.15482613444328308,3.706862449645996
2625,0.018991274759173393,0.10507208108901978,0.1531125158071518,3.680391788482666
2626,0.018268290907144547,0.10469955205917358,0.15427657961845398,3.7017362117767334
2627,0.018539531156420708,0.10432702302932739,0.1523880809545517,3.6602942943573
2628,0.01642591878771782,0.1039544939994812,0.154816135764122,3.7074756622314453
2629,0.018717505037784576,0.10358196496963501,0.1558603197336197,3.7380788326263428
2630,0.017801638692617416,0.10320943593978882,0.15293265879154205,3.6732845306396484
2631,0.01500329002737999,0.10283690690994263,0.15445144474506378,3.7123842239379883
2632,0.01757040247321129,0.10246437788009644,0.1552707999944687,3.7268383502960205
2633,0.01602880097925663,0.10209184885025024,0.15592528879642487,3.7447307109832764
2634,0.01942146196961403,0.10171931982040405,0.15543563663959503,3.727546215057373
2635,0.018976975232362747,0.10134679079055786,0.15391185879707336,3.693014621734619
2636,0.018057435750961304,0.10097426176071167,0.15469124913215637,3.7118873596191406
2637,0.01902511715888977,0.10060173273086548,0.15522083640098572,3.718402624130249
2638,0.018272871151566505,0.10022920370101929,0.1553906947374344,3.7291667461395264
2639,0.017557764425873756,0.0998566746711731,0.15398181974887848,3.7047455310821533
2640,0.018915576860308647,0.0994841456413269,0.15594524145126343,3.7454655170440674
2641,0.01911947876214981,0.09911161661148071,0.15330736339092255,3.674755096435547
2642,0.01885366439819336,0.09873908758163452,0.1543864756822586,3.7037036418914795
2643,0.017371971160173416,0.09836655855178833,0.152952641248703,3.6686275005340576
2644,0.019006820395588875,0.09799402952194214,0.15374699234962463,3.6908087730407715
2645,0.016232438385486603,0.09762150049209595,0.1540517657995224,3.6937499046325684
2646,0.016890935599803925,0.09724897146224976,0.15519584715366364,3.7250001430511475
2647,0.01910979673266411,0.09687644243240356,0.15231814980506897,3.665046215057373
2648,0.017781035974621773,0.09650391340255737,0.15555055439472198,3.7354164123535156
2649,0.0173458531498909,0.09613138437271118,0.1544264554977417,3.714583396911621
2650,0.015573136508464813,0.09575885534286499,0.15549561381340027,3.711921215057373
2651,0.016941288486123085,0.0953863263130188,0.15460631251335144,3.718749761581421
2652,0.016675259917974472,0.09501379728317261,0.15384192764759064,3.687622308731079
2653,0.015624445863068104,0.09464126825332642,0.15229317545890808,3.6527774333953857
2654,0.017817005515098572,0.09426873922348022,0.15509092807769775,3.727327823638916
2655,0.0177485179156065,0.09389621019363403,0.15437649190425873,3.7106480598449707
2656,0.017184531316161156,0.09352368116378784,0.15593025088310242,3.752450704574585
2657,0.01713905669748783,0.09315115213394165,0.15351718664169312,3.6806373596191406
2658,0.018400780856609344,0.09277862310409546,0.1555006057024002,3.7144672870635986
2659,0.017819594591856003,0.09240609407424927,0.15584033727645874,3.744730234146118
2660,0.018238505348563194,0.09203356504440308,0.15511590242385864,3.7101712226867676
2661,0.01717512682080269,0.09166103601455688,0.1561700850725174,3.754166603088379
2662,0.016303054988384247,0.0912885069847107,0.1543715000152588,3.7083332538604736
2663,0.018458165228366852,0.0909159779548645,0.15527577698230743,3.7347218990325928
2664,0.018027067184448242,0.09054344892501831,0.15608514845371246,3.7490196228027344
2665,0.01869731768965721,0.09017091989517212,0.15469126403331757,3.707230567932129
2666,0.01808653585612774,0.08979839086532593,0.1556604653596878,3.734027624130249
2667,0.017862342298030853,0.08942586183547974,0.15704935789108276,3.763970375061035
2668,0.018306298181414604,0.08905333280563354,0.15561050176620483,3.7299022674560547
2669,0.01757040061056614,0.08868080377578735,0.15460631251335144,3.716435194015503
2670,0.015959646552801132,0.08830827474594116,0.15423160791397095,3.7077205181121826
2671,0.017136860638856888,0.08793574571609497,0.1532723754644394,3.682870388031006
2672,0.016338422894477844,0.08756321668624878,0.15290266275405884,3.6698527336120605
2673,0.015529043972492218,0.08719068765640259,0.1552457958459854,3.7231616973876953
2674,0.016347963362932205,0.0868181586265564,0.15682953596115112,3.7581021785736084
2675,0.0183001309633255,0.0864456295967102,0.15601517260074615,3.741666555404663
2676,0.017444899305701256,0.08607310056686401,0.1558752954006195,3.7466909885406494
2677,0.018998917192220688,0.08570057153701782,0.15532073378562927,3.7219908237457275
2678,0.01766073890030384,0.08532804250717163,0.1540118008852005,3.7017154693603516
2679,0.01730009727180004,0.08495551347732544,0.1556055247783661,3.737731695175171
2680,0.018482636660337448,0.08458298444747925,0.1548311412334442,3.7202205657958984
2681,0.015822863206267357,0.08421045541763306,0.15326239168643951,3.6830880641937256
2682,0.016347870230674744,0.08383792638778687,0.15801359713077545,3.7710649967193604
2683,0.018613038584589958,0.08346539735794067,0.15617506206035614,3.753553867340088
2684,0.018565304577350616,0.08309286832809448,0.15668964385986328,3.75539231300354
2685,0.017910121008753777,0.08272033929824829,0.15392686426639557,3.692129611968994
2686,0.01855604536831379,0.0823478102684021,0.15427657961845398,3.711642026901245
2687,0.017528098076581955,0.08197528123855591,0.1543315351009369,3.7091434001922607
2688,0.01916956901550293,0.08160275220870972,0.1534222513437271,3.6871325969696045
2689,0.01966729760169983,0.08123022317886353,0.15613508224487305,3.75073504447937
2690,0.018298661336302757,0.08085769414901733,0.15677958726882935,3.7505786418914795
2691,0.017723839730024338,0.08048516511917114,0.15497101843357086,3.7118873596191406
2692,0.01838649809360504,0.08011263608932495,0.15669465065002441,3.7726714611053467
2693,0.01543374639004469,0.07974010705947876,0.15435153245925903,3.6923611164093018
2694,0.01820991188287735,0.07936757802963257,0.15586529672145844,3.7430145740509033
2695,0.018225200474262238,0.07899504899978638,0.15622001886367798,3.758101463317871
2696,0.019743524491786957,0.07862251996994019,0.1555255651473999,3.7409307956695557
2697,0.016524288803339005,0.078249990940094,0.15514588356018066,3.7142155170440674
2698,0.016651460900902748,0.0778774619102478,0.1525079905986786,3.6561338901519775
2699,0.018845604732632637,0.07750493288040161,0.1560201793909073,3.7441179752349854
2700,0.01925705559551716,0.07713240385055542,0.15693944692611694,3.769240140914917
2701,0.01762554608285427,0.07675987482070923,0.15510091185569763,3.7177083492279053
2702,0.02026151493191719,0.07638734579086304,0.15565046668052673,3.7408084869384766
2703,0.01634422317147255,0.07601481676101685,0.15485112369060516,3.7232635021209717
2704,0.01823766902089119,0.07564228773117065,0.15497101843357086,3.7243871688842773
2705,0.0165815781801939,0.07526975870132446,0.15793366730213165,3.7816176414489746
2706,0.017879964783787727,0.07489722967147827,0.15724921226501465,3.773263692855835
2707,0.018239714205265045,0.07452470064163208,0.15514588356018066,3.7215683460235596
2708,0.01827945001423359,0.07415217161178589,0.1548411101102829,3.715686559677124
2709,0.016721269115805626,0.0737796425819397,0.15604017674922943,3.737731456756592
2710,0.017123831436038017,0.0734071135520935,0.1562899649143219,3.7594361305236816
2711,0.019300885498523712,0.07303458452224731,0.15463630855083466,3.7166662216186523
2712,0.01817639172077179,0.07266205549240112,0.1550709456205368,3.719362735748291
2713,0.015933139249682426,0.07228952646255493,0.15551058948040009,3.7395832538604736
2714,0.01701430231332779,0.07191699743270874,0.1565197855234146,3.745138645172119
2715,0.018150299787521362,0.07154446840286255,0.15551058948040009,3.733211040496826
2716,0.018858876079320908,0.07117193937301636,0.1554856151342392,3.727696180343628
2717,0.017099540680646896,0.07079941034317017,0.15539568662643433,3.7300922870635986
2718,0.01658801920711994,0.07042688131332397,0.15615509450435638,3.7417893409729004
2719,0.019324420019984245,0.07005435228347778,0.15404176712036133,3.7120370864868164
2720,0.017059938982129097,0.06968182325363159,0.15616007149219513,3.747058868408203
2721,0.016558755189180374,0.0693092942237854,0.15536071360111237,3.730882167816162
2722,0.017501913011074066,0.06893676519393921,0.15204834938049316,3.647916555404663
2723,0.01623089425265789,0.06856423616409302,0.15596024692058563,3.7420339584350586
2724,0.015868226066231728,0.06819170713424683,0.15657472610473633,3.751715660095215
2725,0.01764203980565071,0.06781917810440063,0.1575789451599121,3.777430534362793
2726,0.018247069790959358,0.06744664907455444,0.15517085790634155,3.722916603088379
2727,0.02023904398083687,0.06707412004470825,0.1554606407880783,3.7452547550201416
2728,0.018528195098042488,0.06670159101486206,0.15676958858966827,3.764338254928589
2729,0.015877747908234596,0.06632906198501587,0.15592525899410248,3.740931272506714
2730,0.017849793657660484,0.06595653295516968,0.15680454671382904,3.7562501430511475
2731,0.018079029396176338,0.06558400392532349,0.15686951577663422,3.76568603515625
2732,0.017798257991671562,0.0652114748954773,0.15668964385986328,3.745833396911621
2733,0.017696749418973923,0.0648389458656311,0.156919464468956,3.775926113128662
2734,0.016900379210710526,0.06446641683578491,0.15805856883525848,3.8050243854522705
2735,0.020505348220467567,0.06409388780593872,0.15415668487548828,3.700810194015503
2736,0.01693599857389927,0.06372135877609253,0.15397681295871735,3.695220708847046
2737,0.01637747697532177,0.06334882974624634,0.15688949823379517,3.7676470279693604
2738,0.017087094485759735,0.06297630071640015,0.15519583225250244,3.721874713897705
2739,0.01659480854868889,0.06260377168655396,0.1538769006729126,3.6920344829559326
2740,0.018856730312108994,0.062231242656707764,0.15592524409294128,3.741666793823242
2741,0.018056929111480713,0.06185871362686157,0.1561850607395172,3.7402780055999756
2742,0.017254924401640892,0.06148618459701538,0.15561550855636597,3.737990379333496
2743,0.02018284797668457,0.06111365556716919,0.15443146228790283,3.713772773742676
2744,0.016256624832749367,0.060741126537323,0.15671463310718536,3.767279624938965
2745,0.016054127365350723,0.06036859750747681,0.155660480260849,3.7357845306396484
2746,0.018671022728085518,0.059996068477630615,0.1557653844356537,3.7277777194976807
2747,0.018461007624864578,0.059623539447784424,0.1563299596309662,3.7533087730407715
2748,0.01913231797516346,0.05925101041793823,0.1543315351009369,3.701225757598877
2749,0.01593577302992344,0.05887848138809204,0.1553357094526291,3.7261571884155273
2750,0.016324389725923538,0.05850595235824585,0.15593525767326355,3.741666793823242
2751,0.0171623807400465,0.05813342332839966,0.154991015791893,3.7296297550201416
2752,0.017701979726552963,0.05776089429855347,0.15689949691295624,3.77181339263916
2753,0.01807444542646408,0.057388365268707275,0.15625500679016113,3.737867832183838
2754,0.01676798239350319,0.057015836238861084,0.1586230844259262,3.8061342239379883
2755,0.015749536454677582,0.05664330720901489,0.15373700857162476,3.6873772144317627
2756,0.016200115904211998,0.0562707781791687,0.15777377784252167,3.779534339904785
2757,0.01802225410938263,0.05589824914932251,0.1569594293832779,3.7707178592681885
2758,0.01600131019949913,0.05552572011947632,0.1569594144821167,3.7656867504119873
2759,0.014703085646033287,0.05515319108963013,0.1567745953798294,3.7726852893829346
2760,0.01698261871933937,0.054780662059783936,0.15518087148666382,3.7341911792755127
2761,0.016558177769184113,0.054408133029937744,0.15578536689281464,3.7389705181121826
2762,0.01540890708565712,0.05403560400009155,0.15660971403121948,3.7442128658294678
2763,0.01826081983745098,0.05366307497024536,0.15561050176620483,3.733823537826538
2764,0.015634026378393173,0.05329054594039917,0.15403178334236145,3.695220708847046
2765,0.017006414011120796,0.05291801691055298,0.15411671996116638,3.693981409072876
2766,0.016225427389144897,0.05254548788070679,0.1562899649143219,3.7508578300476074
2767,0.01649017259478569,0.052172958850860596,0.1577388197183609,3.7959492206573486
2768,0.01763727515935898,0.051800429821014404,0.1558753103017807,3.7431371212005615
2769,0.0151222450658679,0.05142790079116821,0.15491105616092682,3.7178921699523926
2770,0.017569435760378838,0.05105537176132202,0.1574440449476242,3.7658565044403076
2771,0.017603101208806038,0.05068284273147583,0.15403178334236145,3.703554153442383
2772,0.01731753721833229,0.05031031370162964,0.15704935789108276,3.7671566009521484
2773,0.01857587695121765,0.05000000074505806,0.15542066097259521,3.7211804389953613
2774,0.0160209983587265,0.05000000074505806,0.15786370635032654,3.789092779159546
2775,0.015520179644227028,0.05000000074505806,0.1562100350856781,3.762847423553467
2776,0.019086020067334175,0.05000000074505806,0.15428657829761505,3.7057597637176514
2777,0.016364555805921555,0.05000000074505806,0.1559002697467804,3.7409307956695557
2778,0.01713145710527897,0.05000000074505806,0.15557554364204407,3.725578784942627
2779,0.017440343275666237,0.05000000074505806,0.15745902061462402,3.766911506652832
2780,0.016863377764821053,0.05000000074505806,0.15610012412071228,3.7501227855682373
2781,0.017526064068078995,0.05000000074505806,0.15666966140270233,3.76446795463562
2782,0.01855117827653885,0.05000000074505806,0.1561001092195511,3.745342969894409
2783,0.016872771084308624,0.05000000074505806,0.15519583225250244,3.7357637882232666
2784,0.017501670867204666,0.05000000074505806,0.15445642173290253,3.708455801010132
2785,0.01855996437370777,0.05000000074505806,0.15376697480678558,3.6897056102752686
2786,0.018566381186246872,0.05000000074505806,0.1565997153520584,3.7502317428588867
2787,0.016870277002453804,0.05000000074505806,0.15530076622962952,3.722303867340088
2788,0.015352094545960426,0.05000000074505806,0.15639488399028778,3.7525737285614014
2789,0.018412059172987938,0.05000000074505806,0.1567596048116684,3.7597219944000244
2790,0.015131027437746525,0.05000000074505806,0.15461128950119019,3.7220585346221924
2791,0.015058809891343117,0.05000000074505806,0.15732912719249725,3.775578498840332
2792,0.016285359859466553,0.05000000074505806,0.1592126488685608,3.821568489074707
2793,0.017916155979037285,0.05000000074505806,0.154991015791893,3.7238969802856445
2794,0.016288643702864647,0.05000000074505806,0.15765386819839478,3.775925874710083
2795,0.016022777184844017,0.05000000074505806,0.15620502829551697,3.75477933883667
2796,0.020795702934265137,0.05000000074505806,0.1587829738855362,3.800490379333496
2797,0.019203845411539078,0.05000000074505806,0.15664467215538025,3.756828546524048
2798,0.018310662358999252,0.05000000074505806,0.15366707742214203,3.694117546081543
2799,0.018820831552147865,0.05000000074505806,0.1556604653596878,3.740161657333374
2800,0.01873081922531128,0.05000000074505806,0.15547561645507812,3.737377166748047
2801,0.016308048740029335,0.05000000074505806,0.1577787697315216,3.785907030105591
2802,0.01674007996916771,0.05000000074505806,0.15695443749427795,3.756944417953491
2803,0.015364008024334908,0.05000000074505806,0.15543565154075623,3.727205753326416
2804,0.014570685103535652,0.05000000074505806,0.15936750173568726,3.8104166984558105
2805,0.017073357477784157,0.05000000074505806,0.15694443881511688,3.7791666984558105
2806,0.018700899556279182,0.05000000074505806,0.15635491907596588,3.7522056102752686
2807,0.018649877980351448,0.05000000074505806,0.15603017807006836,3.754861354827881
2808,0.01627117395401001,0.05000000074505806,0.15777377784252167,3.795710563659668
2809,0.01854882389307022,0.05000000074505806,0.15802858769893646,3.793260097503662
2810,0.017540719360113144,0.05000000074505806,0.15793366730213165,3.779397964477539
2811,0.017511822283267975,0.05000000074505806,0.1576838493347168,3.7796568870544434
2812,0.01611507497727871,0.05000000074505806,0.1589977890253067,3.8098039627075195
2813,0.015207706019282341,0.05000000074505806,0.15649481117725372,3.7653934955596924
2814,0.01602805405855179,0.05000000074505806,0.15856313705444336,3.8007354736328125
2815,0.018664129078388214,0.05000000074505806,0.1571892499923706,3.7821757793426514
2816,0.017878586426377296,0.05000000074505806,0.1560751348733902,3.7479166984558105
2817,0.016390753909945488,0.05000000074505806,0.1574040800333023,3.7792890071868896
2818,0.018781522288918495,0.05000000074505806,0.15529076755046844,3.7190968990325928
2819,0.016531329602003098,0.05000000074505806,0.15637491643428802,3.7533090114593506
2820,0.016830455511808395,0.05000000074505806,0.15819844603538513,3.788357973098755
2821,0.016257943585515022,0.05000000074505806,0.15804855525493622,3.7972218990325928
2822,0.017099078744649887,0.05000000074505806,0.15673960745334625,3.7639708518981934
2823,0.01729045808315277,0.05000000074505806,0.1558353304862976,3.747337579727173
2824,0.017453782260417938,0.05000000074505806,0.15701939165592194,3.773406982421875
2825,0.016796978190541267,0.05000000074505806,0.15855316817760468,3.8049020767211914
2826,0.01745634526014328,0.05000000074505806,0.15819844603538513,3.783217430114746
2827,0.01821766421198845,0.05000000074505806,0.15712429583072662,3.782475709915161
2828,0.016188086941838264,0.05000000074505806,0.1564898043870926,3.738112449645996
2829,0.017178097739815712,0.05000000074505806,0.15794864296913147,3.7893519401550293
2830,0.01705995202064514,0.05000000074505806,0.15710432827472687,3.775245189666748
2831,0.016270415857434273,0.05000000074505806,0.15803857147693634,3.8028931617736816
2832,0.019019994884729385,0.05000000074505806,0.15427158772945404,3.702083110809326
2833,0.016184302046895027,0.05000000074505806,0.15668965876102448,3.7617642879486084
2834,0.018402576446533203,0.05000000074505806,0.15869304537773132,3.798727035522461
2835,0.016802487894892693,0.05000000074505806,0.1556854397058487,3.7421562671661377
2836,0.01675417274236679,0.05000000074505806,0.15694443881511688,3.7629902362823486
2837,0.018073609098792076,0.05000000074505806,0.15659473836421967,3.7489583492279053
2838,0.0180254727602005,0.05000000074505806,0.15661969780921936,3.7557594776153564
2839,0.016791129484772682,0.05000000074505806,0.1571742594242096,3.788078546524048
2840,0.015372946858406067,0.05000000074505806,0.156329944729805,3.751225471496582
2841,0.016532957553863525,0.05000000074505806,0.1577388048171997,3.7846810817718506
2842,0.0167514868080616,0.05000000074505806,0.15489110350608826,3.720602035522461
2843,0.0171612948179245,0.05000000074505806,0.15657974779605865,3.750490188598633
2844,0.016146065667271614,0.05000000074505806,0.15749399363994598,3.772303819656372
2845,0.015501939691603184,0.05000000074505806,0.1559802144765854,3.7449076175689697
2846,0.017177073284983635,0.05000000074505806,0.15620005130767822,3.7567405700683594
2847,0.016853615641593933,0.05000000074505806,0.1587180197238922,3.8137729167938232
2848,0.01791391894221306,0.05000000074505806,0.1568944752216339,3.77647066116333
2849,0.01960756629705429,0.05000000074505806,0.15660971403121948,3.750612735748291
2850,0.017146706581115723,0.05000000074505806,0.15605516731739044,3.739698886871338
2851,0.017558161169290543,0.05000000074505806,0.15561050176620483,3.7351715564727783
2852,0.017379634082317352,0.05000000074505806,0.15718424320220947,3.767892360687256
2853,0.015958590433001518,0.05000000074505806,0.15629994869232178,3.7479169368743896
2854,0.01785864867269993,0.05000000074505806,0.15567046403884888,3.739093065261841
2855,0.0171419195830822,0.05000000074505806,0.15386192500591278,3.7021987438201904
2856,0.016427472233772278,0.05000000074505806,0.15797863900661469,3.7996323108673096
2857,0.016799287870526314,0.05000000074505806,0.1576988250017166,3.7819855213165283
2858,0.01735549047589302,0.05000000074505806,0.15666966140270233,3.7563655376434326
2859,0.016456400975584984,0.05000000074505806,0.15553556382656097,3.7219364643096924
2860,0.016659587621688843,0.05000000074505806,0.15802858769893646,3.7855396270751953
2861,0.01801752857863903,0.05000000074505806,0.1559952050447464,3.7464120388031006
2862,0.017170852050185204,0.05000000074505806,0.1561301052570343,3.7562501430511475
2863,0.01650526188313961,0.05000000074505806,0.15649978816509247,3.762268304824829
2864,0.018207473680377007,0.05000000074505806,0.15596024692058563,3.7425243854522705
2865,0.017190031707286835,0.05000000074505806,0.1571742743253708,3.7743871212005615
2866,0.01685815490782261,0.05000000074505806,0.15625499188899994,3.7422451972961426
2867,0.01904933899641037,0.05000000074505806,0.15872801840305328,3.814950704574585
2868,0.01529016438871622,0.05000000074505806,0.15633991360664368,3.7435052394866943
2869,0.017023183405399323,0.05000000074505806,0.1562749743461609,3.752777576446533
2870,0.016161903738975525,0.05000000074505806,0.15643484890460968,3.7508575916290283
2871,0.017460167407989502,0.05000000074505806,0.15730415284633636,3.786574125289917
2872,0.01853085495531559,0.05000000074505806,0.1544664204120636,3.7075979709625244
2873,0.019139893352985382,0.05000000074505806,0.15688949823379517,3.7702205181121826
2874,0.017472978681325912,0.05000000074505806,0.1569744050502777,3.753472328186035
2875,0.014911346137523651,0.05000000074505806,0.15705935657024384,3.764338254928589
2876,0.01744517683982849,0.05000000074505806,0.15839828550815582,3.799264907836914
2877,0.016218848526477814,0.05000000074505806,0.1573890894651413,3.7829859256744385
2878,0.017270632088184357,0.05000000074505806,0.15779876708984375,3.7881128787994385
2879,0.015690527856349945,0.05000000074505806,0.15567046403884888,3.7460649013519287
2880,0.017223134636878967,0.05000000074505806,0.1557254195213318,3.7424020767211914
2881,0.016046948730945587,0.05000000074505806,0.1568794995546341,3.77034330368042
2882,0.017483290284872055,0.05000000074505806,0.15739908814430237,3.761805534362793
2883,0.01979777216911316,0.05000000074505806,0.1580185741186142,3.789828062057495
2884,0.016351968050003052,0.05000000074505806,0.1587829887866974,3.808211088180542
2885,0.01654195785522461,0.05000000074505806,0.1565997153520584,3.7601852416992188
2886,0.017567940056324005,0.05000000074505806,0.15506595373153687,3.7238967418670654
2887,0.016864167526364326,0.05000000074505806,0.1584632247686386,3.808680534362793
2888,0.016828542575240135,0.05000000074505806,0.1555105745792389,3.7377450466156006
2889,0.015977881848812103,0.05000000074505806,0.15734413266181946,3.7633581161499023
2890,0.01814461126923561,0.05000000074505806,0.1541716754436493,3.7010416984558105
2891,0.017505954951047897,0.05000000074505806,0.1544664353132248,3.7107841968536377
2892,0.01946619711816311,0.05000000074505806,0.15476618707180023,3.7101712226867676
2893,0.01745978556573391,0.05000000074505806,0.15768885612487793,3.78090238571167
2894,0.015420116484165192,0.05000000074505806,0.1569744199514389,3.7767155170440674
2895,0.01700698584318161,0.05000000074505806,0.15780876576900482,3.7870371341705322
2896,0.018727373331785202,0.05000000074505806,0.15690945088863373,3.773284673690796
2897,0.016743764281272888,0.05000000074505806,0.15560051798820496,3.727695941925049
2898,0.0154088931158185,0.05000000074505806,0.15735910832881927,3.769097328186035
2899,0.018575526773929596,0.05000000074505806,0.15735411643981934,3.770587921142578
2900,0.017136482521891594,0.05000000074505806,0.15790867805480957,3.793382167816162
2901,0.017510060220956802,0.05000000074505806,0.1588379144668579,3.8096063137054443
2902,0.016969803720712662,0.05000000074505806,0.15703435242176056,3.768137216567993
2903,0.01772087812423706,0.05000000074505806,0.15589028596878052,3.7525460720062256
2904,0.01640973798930645,0.05000000074505806,0.1570543497800827,3.778798818588257
2905,0.01551843248307705,0.05000000074505806,0.15665966272354126,3.7563724517822266
2906,0.01717289537191391,0.05000000074505806,0.15557554364204407,3.727893352508545
2907,0.01631460338830948,0.05000000074505806,0.15805356204509735,3.787989854812622
2908,0.01691998541355133,0.05000000074505806,0.1587030291557312,3.80294132232666
2909,0.017661742866039276,0.05000000074505806,0.15633493661880493,3.7548611164093018
2910,0.016680313274264336,0.05000000074505806,0.15710432827472687,3.77512264251709
2911,0.017021648585796356,0.05000000074505806,0.15810351073741913,3.800231456756592
2912,0.019250944256782532,0.05000000074505806,0.15593525767326355,3.7406861782073975
2913,0.01838589459657669,0.05000000074505806,0.1576838493347168,3.791421890258789
2914,0.016409199684858322,0.05000000074505806,0.15888290107250214,3.8019673824310303
2915,0.01662493124604225,0.05000000074505806,0.1554306447505951,3.7324750423431396
2916,0.018129050731658936,0.05000000074505806,0.15672962367534637,3.751103162765503
2917,0.019172202795743942,0.05000000074505806,0.15822842717170715,3.7962963581085205
2918,0.015720129013061523,0.05000000074505806,0.15721921622753143,3.776592969894409
2919,0.01860266923904419,0.05000000074505806,0.1579386442899704,3.7982635498046875
2920,0.016440758481621742,0.05000000074505806,0.1585032045841217,3.8105387687683105
2921,0.014971771277487278,0.05000000074505806,0.15708933770656586,3.7640931606292725
2922,0.019064966589212418,0.05000000074505806,0.15707434713840485,3.7623844146728516
2923,0.016389401629567146,0.05000000074505806,0.15529076755046844,3.734313726425171
2924,0.0188349150121212,0.05000000074505806,0.15708933770656586,3.7605392932891846
2925,0.01717178337275982,0.05000000074505806,0.1563699096441269,3.7504632472991943
2926,0.0174556951969862,0.05000000074505806,0.15569046139717102,3.742156982421875
2927,0.017340874299407005,0.05000000074505806,0.1580335795879364,3.798032522201538
2928,0.017129549756646156,0.05000000074505806,0.15810351073741913,3.7971816062927246
2929,0.018035005778074265,0.05000000074505806,0.15639987587928772,3.766911745071411
2930,0.016356496140360832,0.05000000074505806,0.15748901665210724,3.7578704357147217
2931,0.016203034669160843,0.05000000074505806,0.15661470592021942,3.76495099067688
2932,0.01708541251718998,0.05000000074505806,0.15804357826709747,3.788480043411255
2933,0.01731589436531067,0.05000000074505806,0.15670964121818542,3.759953737258911
2934,0.018358848989009857,0.05000000074505806,0.15661470592021942,3.7580883502960205
2935,0.017667435109615326,0.05000000074505806,0.156344935297966,3.759953737258911
2936,0.01648590713739395,0.05000000074505806,0.15937750041484833,3.8289217948913574
2937,0.017474915832281113,0.05000000074505806,0.1581684648990631,3.797426700592041
2938,0.017570147290825844,0.05000000074505806,0.15752898156642914,3.772800922393799
2939,0.01827329397201538,0.05000000074505806,0.15885792672634125,3.812377691268921
2940,0.016806919127702713,0.05000000074505806,0.15871301293373108,3.80637264251709
2941,0.017101556062698364,0.05000000074505806,0.15628497302532196,3.7475695610046387
2942,0.01604209654033184,0.05000000074505806,0.1562100350856781,3.763847827911377
2943,0.01797473058104515,0.05000000074505806,0.15682455897331238,3.76226806640625
2944,0.019127806648612022,0.05000000074505806,0.1586780697107315,3.8110291957855225
2945,0.0187547467648983,0.05000000074505806,0.1578986644744873,3.7916669845581055
2946,0.015545953065156937,0.05000000074505806,0.15741905570030212,3.770138740539551
2947,0.01825583539903164,0.05000000074505806,0.15759892761707306,3.78737735748291
2948,0.018123317509889603,0.05000000074505806,0.15689948201179504,3.7534310817718506
2949,0.01746729016304016,0.05000000074505806,0.15669961273670197,3.763657569885254
2950,0.01663169078528881,0.05000000074505806,0.15622001886367798,3.752450704574585
2951,0.017199570313096046,0.05000000074505806,0.15685951709747314,3.7700231075286865
2952,0.01793738454580307,0.05000000074505806,0.15738409757614136,3.7816174030303955
2953,0.018007202073931694,0.05000000074505806,0.15797361731529236,3.784435749053955
2954,0.018653083592653275,0.05000000074505806,0.1562749743461609,3.750810146331787
2955,0.016287287697196007,0.05000000074505806,0.15345722436904907,3.6800243854522705
2956,0.01746423728764057,0.05000000074505806,0.15732413530349731,3.762622833251953
2957,0.018069524317979813,0.05000000074505806,0.15577538311481476,3.7467591762542725
2958,0.015317629091441631,0.05000000074505806,0.15780875086784363,3.7935049533843994
2959,0.01726655662059784,0.05000000074505806,0.1568644940853119,3.769444227218628
2960,0.016837410628795624,0.05000000074505806,0.15698440372943878,3.776470422744751
2961,0.017544280737638474,0.05000000074505806,0.1561151146888733,3.733823537826538
2962,0.0174615029245615,0.05000000074505806,0.15641985833644867,3.751852035522461
2963,0.015156049281358719,0.05000000074505806,0.1570693552494049,3.7726714611053467
2964,0.01657385192811489,0.05000000074505806,0.15760891139507294,3.776960849761963
2965,0.017283670604228973,0.05000000074505806,0.15870803594589233,3.8078701496124268
2966,0.018040545284748077,0.05000000074505806,0.15733912587165833,3.7742645740509033
2967,0.01662057265639305,0.05000000074505806,0.15439148247241974,3.7181711196899414
2968,0.015216821804642677,0.05000000074505806,0.15645484626293182,3.765073299407959
2969,0.017979057505726814,0.05000000074505806,0.1569594293832779,3.7544119358062744
2970,0.017476854845881462,0.05000000074505806,0.1595873385667801,3.824768304824829
2971,0.017790693789720535,0.05000000074505806,0.15845324099063873,3.8087007999420166
2972,0.01712411269545555,0.05000000074505806,0.15622001886367798,3.72830867767334
2973,0.01822568103671074,0.05000000074505806,0.15676459670066833,3.771296262741089
2974,0.0199737511575222,0.05000000074505806,0.15782375633716583,3.7905638217926025
2975,0.01850884221494198,0.05000000074505806,0.15608012676239014,3.7555556297302246
2976,0.01956445723772049,0.05000000074505806,0.157603919506073,3.781372308731079
2977,0.017955685034394264,0.05000000074505806,0.1547611951828003,3.7178924083709717
2978,0.01837628334760666,0.05000000074505806,0.15814349055290222,3.784027576446533
2979,0.017114631831645966,0.05000000074505806,0.1580185890197754,3.799264669418335
2980,0.016150066629052162,0.05000000074505806,0.15669463574886322,3.753798723220825
2981,0.02018420770764351,0.05000000074505806,0.1589728146791458,3.810300827026367
2982,0.018504399806261063,0.05000000074505806,0.15763387084007263,3.7905638217926025
2983,0.017735496163368225,0.05000000074505806,0.15884792804718018,3.8152780532836914
2984,0.01843120902776718,0.05000000074505806,0.15724420547485352,3.7732841968536377
2985,0.016579370945692062,0.05000000074505806,0.15905775129795074,3.8186280727386475
2986,0.01823486015200615,0.05000000074505806,0.15733912587165833,3.7756946086883545
2987,0.0173982884734869,0.05000000074505806,0.15855814516544342,3.8025734424591064
2988,0.013997050002217293,0.05000000074505806,0.15614508092403412,3.744607925415039
2989,0.016364090144634247,0.05000000074505806,0.15735411643981934,3.778935194015503
2990,0.0180178415030241,0.05000000074505806,0.15614010393619537,3.744117498397827
2991,0.019434945657849312,0.05000000074505806,0.15514089167118073,3.7312498092651367
2992,0.01613539084792137,0.05000000074505806,0.1564648300409317,3.76090669631958
2993,0.016924411058425903,0.05000000074505806,0.1557953655719757,3.740931272506714
2994,0.018636107444763184,0.05000000074505806,0.1584632247686386,3.791203737258911
2995,0.017602303996682167,0.05000000074505806,0.15559051930904388,3.7322304248809814
2996,0.015780560672283173,0.05000000074505806,0.15896283090114594,3.806985378265381
2997,0.01585514470934868,0.05000000074505806,0.15807853639125824,3.7917821407318115
2998,0.018078964203596115,0.05000000074505806,0.15720422565937042,3.7838237285614014
2999,0.016531655564904213,0.05000000074505806,0.15716427564620972,3.7752315998077393
3000,0.017666680738329887,0.05000000074505806,0.15725919604301453,3.7822301387786865
3001,0.015626685693860054,0.05000000074505806,0.15702936053276062,3.767033815383911
3002,0.016418099403381348,0.05000000074505806,0.1568794995546341,3.757986307144165
3003,0.01590898260474205,0.05000000074505806,0.15847821533679962,3.800490140914917
3004,0.016885098069906235,0.05000000074505806,0.15847322344779968,3.8003673553466797
3005,0.015011094510555267,0.05000000074505806,0.15944744646549225,3.8218746185302734
3006,0.017305748537182808,0.05000000074505806,0.15633991360664368,3.757352828979492
3007,0.016440780833363533,0.05000000074505806,0.1569594442844391,3.7731480598449707
3008,0.016581658273935318,0.05000000074505806,0.1605415642261505,3.8650736808776855
3009,0.016636449843645096,0.05000000074505806,0.1591077297925949,3.814216136932373
3010,0.01725047640502453,0.05000000074505806,0.15756894648075104,3.7722222805023193
3011,0.016608474776148796,0.05000000074505806,0.15800359845161438,3.79142165184021
3012,0.01805063709616661,0.05000000074505806,0.15873801708221436,3.803431272506714
3013,0.018248263746500015,0.05000000074505806,0.156329944729805,3.755324125289917
3014,0.016865767538547516,0.05000000074505806,0.15698939561843872,3.772059202194214
3015,0.017262227833271027,0.05000000074505806,0.1578737050294876,3.793750047683716
3016,0.017004607245326042,0.05000000074505806,0.15567545592784882,3.74460768699646
3017,0.017405008897185326,0.05000000074505806,0.1570943295955658,3.763235330581665
3018,0.01809326931834221,0.05000000074505806,0.15635989606380463,3.7479169368743896
3019,0.01714925840497017,0.05000000074505806,0.15539567172527313,3.727695941925049
3020,0.015975775197148323,0.05000000074505806,0.15704438090324402,3.7599260807037354
3021,0.0173947811126709,0.05000000074505806,0.15784871578216553,3.796180486679077
3022,0.01667701080441475,0.05000000074505806,0.15795862674713135,3.7916669845581055
3023,0.01760900393128395,0.05000000074505806,0.1569744199514389,3.77164363861084
3024,0.01570892333984375,0.05000000074505806,0.15868304669857025,3.8165438175201416
3025,0.01757442206144333,0.05000000074505806,0.1580335646867752,3.7910542488098145
3026,0.017944876104593277,0.05000000074505806,0.15700939297676086,3.7628469467163086
3027,0.01709708571434021,0.05000000074505806,0.15583032369613647,3.746445894241333
3028,0.015017667785286903,0.05000000074505806,0.15633492171764374,3.7371323108673096
3029,0.016654592007398605,0.05000000074505806,0.15697942674160004,3.7645833492279053
3030,0.016469668596982956,0.05000000074505806,0.15802857279777527,3.7960782051086426
3031,0.016107840463519096,0.05000000074505806,0.15581034123897552,3.7483794689178467
3032,0.016021814197301865,0.05000000074505806,0.15821842849254608,3.8073527812957764
3033,0.016300486400723457,0.05000000074505806,0.1569744050502777,3.75539231300354
3034,0.016698259860277176,0.05000000074505806,0.15600019693374634,3.741666793823242
3035,0.017024118453264236,0.05000000074505806,0.15746404230594635,3.7851717472076416
3036,0.015388972125947475,0.05000000074505806,0.15781375765800476,3.779902219772339
3037,0.016812734305858612,0.05000000074505806,0.16041666269302368,3.8430557250976562
3038,0.017282230779528618,0.05000000074505806,0.1579786241054535,3.7996323108673096
3039,0.015270141884684563,0.05000000074505806,0.15673960745334625,3.7665510177612305
3040,0.016887489706277847,0.05000000074505806,0.15560051798820496,3.737377405166626
3041,0.017000507563352585,0.05000000074505806,0.1567346155643463,3.7591915130615234
3042,0.018197476863861084,0.05000000074505806,0.15752898156642914,3.7746527194976807
3043,0.015212589874863625,0.05000000074505806,0.15813350677490234,3.7941176891326904
3044,0.015824120491743088,0.05000000074505806,0.15808354318141937,3.793994903564453
3045,0.018271539360284805,0.05000000074505806,0.1573890894651413,3.7690975666046143
3046,0.017215855419635773,0.05000000074505806,0.15661969780921936,3.7645835876464844
3047,0.019136054441332817,0.05000000074505806,0.15788869559764862,3.797337770462036
3048,0.018614327535033226,0.05000000074505806,0.15808352828025818,3.8002450466156006
3049,0.015293275006115437,0.05000000074505806,0.1576588898897171,3.7714459896087646
3050,0.017324883490800858,0.05000000074505806,0.15815848112106323,3.7986111640930176
3051,0.01716398075222969,0.05000000074505806,0.15882793068885803,3.8104164600372314
3052,0.015534362755715847,0.05000000074505806,0.15527576208114624,3.727083683013916
3053,0.01699071004986763,0.05000000074505806,0.15908272564411163,3.8089122772216797
3054,0.017930688336491585,0.05000000074505806,0.15715427696704865,3.772916555404663
3055,0.015720082446932793,0.05000000074505806,0.15735912322998047,3.7864582538604736
3056,0.01702267676591873,0.05000000074505806,0.15584531426429749,3.738603115081787
3057,0.01617545261979103,0.05000000074505806,0.15700940787792206,3.7735297679901123
3058,0.015991950407624245,0.05000000074505806,0.1583932787179947,3.79421329498291
3059,0.015689177438616753,0.05000000074505806,0.15729917585849762,3.7779409885406494
3060,0.01631082221865654,0.05000000074505806,0.15628498792648315,3.742769718170166
3061,0.017367620021104813,0.05000000074505806,0.15804855525493622,3.786226987838745
3062,0.017764313146471977,0.05000000074505806,0.1569744199514389,3.7773277759552
3063,0.01755588874220848,0.05000000074505806,0.15861310064792633,3.8089120388031006
3064,0.016801564022898674,0.05000000074505806,0.1576988399028778,3.7813727855682373
3065,0.015367479994893074,0.05000000074505806,0.15530575811862946,3.736764669418335
3066,0.017045285552740097,0.05000000074505806,0.156170055270195,3.7376158237457275
3067,0.01588485948741436,0.05000000074505806,0.15672960877418518,3.76017165184021
3068,0.015990516170859337,0.05000000074505806,0.1584332436323166,3.795710802078247
3069,0.019422952085733414,0.05000000074505806,0.15739406645298004,3.77858829498291
3070,0.016369881108403206,0.05000000074505806,0.15996702015399933,3.842647075653076
3071,0.018032804131507874,0.05000000074505806,0.15733414888381958,3.7856481075286865
3072,0.017847899347543716,0.05000000074505806,0.15851318836212158,3.8091912269592285
3073,0.016015537083148956,0.05000000074505806,0.1562899798154831,3.743504762649536
3074,0.016522221267223358,0.05000000074505806,0.15837331116199493,3.797685384750366
3075,0.019497539848089218,0.05000000074505806,0.1593475192785263,3.828676700592041
3076,0.01581140048801899,0.05000000074505806,0.15721921622753143,3.7688724994659424
3077,0.01626145839691162,0.05000000074505806,0.15900279581546783,3.807638645172119
3078,0.0184492114931345,0.05000000074505806,0.156264990568161,3.761887550354004
3079,0.018227791413664818,0.05000000074505806,0.15663470327854156,3.7613422870635986
3080,0.015583076514303684,0.05000000074505806,0.15885291993618011,3.821690797805786
3081,0.017617154866456985,0.05000000074505806,0.15771383047103882,3.7761030197143555
3082,0.01814105547964573,0.05000000074505806,0.15955735743045807,3.8263890743255615
3083,0.016630668193101883,0.05000000074505806,0.15910270810127258,3.8104166984558105
3084,0.016152262687683105,0.05000000074505806,0.1571343094110489,3.7671568393707275
3085,0.015427512116730213,0.05000000074505806,0.1563049554824829,3.7574071884155273
3086,0.017599329352378845,0.05000000074505806,0.15723422169685364,3.774632453918457
3087,0.016904659569263458,0.05000000074505806,0.1559552401304245,3.7519679069519043
3088,0.01645337976515293,0.05000000074505806,0.1576438844203949,3.7882351875305176
3089,0.018107596784830093,0.05000000074505806,0.15765388309955597,3.780024528503418
3090,0.016109338030219078,0.05000000074505806,0.1576738804578781,3.777893543243408
3091,0.017439045011997223,0.05000000074505806,0.1571742594242096,3.7852938175201416
3092,0.016684720292687416,0.05000000074505806,0.15752898156642914,3.759681224822998
3093,0.016947109252214432,0.05000000074505806,0.15529076755046844,3.734027624130249
3094,0.01632705330848694,0.05000000074505806,0.15557055175304413,3.741053581237793
3095,0.015176747925579548,0.05000000074505806,0.15753397345542908,3.780208110809326
3096,0.016312304884195328,0.05000000074505806,0.15495604276657104,3.725857973098755
3097,0.01757841184735298,0.05000000074505806,0.15924760699272156,3.810539484024048
3098,0.018531767651438713,0.05000000074505806,0.15945743024349213,3.821990966796875
3099,0.014856361784040928,0.05000000074505806,0.15823842585086823,3.8007352352142334
3100,0.018088821321725845,0.05000000074505806,0.1579536348581314,3.778921365737915
3101,0.016836265102028847,0.05000000074505806,0.15740907192230225,3.7843751907348633
3102,0.017382599413394928,0.05000000074505806,0.15665468573570251,3.76495099067688
3103,0.018404392525553703,0.05000000074505806,0.1570143848657608,3.7731480598449707
3104,0.019772863015532494,0.05000000074505806,0.1573641002178192,3.783087968826294
3105,0.016922907903790474,0.05000000074505806,0.15703438222408295,3.77034330368042
3106,0.01724018156528473,0.05000000074505806,0.16035673022270203,3.829745054244995
3107,0.016883280128240585,0.05000000074505806,0.15998701751232147,3.8405635356903076
3108,0.016699131578207016,0.05000000074505806,0.15775880217552185,3.784313440322876
3109,0.01900985836982727,0.05000000074505806,0.1574690192937851,3.7798609733581543
3110,0.017194323241710663,0.05000000074505806,0.15802358090877533,3.7922797203063965
3111,0.015450509265065193,0.05000000074505806,0.15384194254875183,3.706249952316284
3112,0.017353598028421402,0.05000000074505806,0.15772882103919983,3.7976715564727783
3113,0.016522500663995743,0.05000000074505806,0.15767386555671692,3.7779409885406494
3114,0.01800498180091381,0.05000000074505806,0.1576688438653946,3.7714121341705322
3115,0.01697678491473198,0.05000000074505806,0.15804357826709747,3.794485092163086
3116,0.020180106163024902,0.05000000074505806,0.15753395855426788,3.7732839584350586
3117,0.020269034430384636,0.05000000074505806,0.15749898552894592,3.7803239822387695
3118,0.016436293721199036,0.05000000074505806,0.15672960877418518,3.7713236808776855
3119,0.01691782847046852,0.05000000074505806,0.15808852016925812,3.7967591285705566
3120,0.0185067318379879,0.05000000074505806,0.15607015788555145,3.757352590560913
3121,0.016696833074092865,0.05000000074505806,0.15873299539089203,3.7985291481018066
3122,0.01821647584438324,0.05000000074505806,0.15589529275894165,3.7401621341705322
3123,0.01559291873127222,0.05000000074505806,0.15703436732292175,3.7648282051086426
3124,0.018084775656461716,0.05000000074505806,0.16056154668331146,3.8484065532684326
3125,0.016463808715343475,0.05000000074505806,0.15776878595352173,3.788425922393799
3126,0.01813644915819168,0.05000000074505806,0.15714427828788757,3.779043674468994
3127,0.01853569783270359,0.05000000074505806,0.15906773507595062,3.818634271621704
3128,0.017346378415822983,0.05000000074505806,0.15680454671382904,3.77107834815979
3129,0.01580648683011532,0.05000000074505806,0.1569344401359558,3.7520833015441895
3130,0.017663579434156418,0.05000000074505806,0.15768885612487793,3.7902777194976807
3131,0.016733543947339058,0.05000000074505806,0.1578836888074875,3.780637264251709
3132,0.01679040864109993,0.05000000074505806,0.15791867673397064,3.791421413421631
3133,0.015418310649693012,0.05000000074505806,0.15735909342765808,3.7731480598449707
3134,0.01581227034330368,0.05000000074505806,0.15914767980575562,3.820833444595337
3135,0.015218979679048061,0.05000000074505806,0.15666969120502472,3.7708330154418945
3136,0.015212427824735641,0.05000000074505806,0.1550309658050537,3.721323251724243
3137,0.01879771798849106,0.05000000074505806,0.1581135094165802,3.7977941036224365
3138,0.01768912933766842,0.05000000074505806,0.15551058948040009,3.723726987838745
3139,0.01664460077881813,0.05000000074505806,0.15658973157405853,3.7558817863464355
3140,0.01642404869198799,0.05000000074505806,0.15937750041484833,3.826961040496826
3141,0.018039310351014137,0.05000000074505806,0.15680456161499023,3.761805772781372
3142,0.018823519349098206,0.05000000074505806,0.15692444145679474,3.768014430999756
3143,0.015842361375689507,0.05000000074505806,0.15719424188137054,3.779629707336426
3144,0.016665760427713394,0.05000000074505806,0.15786869823932648,3.794975519180298
3145,0.017744164913892746,0.05000000074505806,0.15480615198612213,3.7087013721466064
3146,0.017573267221450806,0.05000000074505806,0.15892785787582397,3.810995578765869
3147,0.016550198197364807,0.05000000074505806,0.15976719558238983,3.830024480819702
3148,0.020150065422058105,0.05000000074505806,0.15793366730213165,3.7857842445373535
3149,0.01873931474983692,0.05000000074505806,0.15724420547485352,3.776736259460449
3150,0.015152804553508759,0.05000000074505806,0.1553107500076294,3.7299020290374756
3151,0.01705084927380085,0.05000000074505806,0.15494604408740997,3.726041793823242
3152,0.016869887709617615,0.05000000074505806,0.15500099956989288,3.7197303771972656
3153,0.01712477020919323,0.05000000074505806,0.15740907192230225,3.7666664123535156
3154,0.017442531883716583,0.05000000074505806,0.15731915831565857,3.7810184955596924
3155,0.018166882917284966,0.05000000074505806,0.1579236537218094,3.795588493347168
3156,0.016287002712488174,0.05000000074505806,0.15755395591259003,3.7707107067108154
3157,0.01725883223116398,0.05000000074505806,0.15779376029968262,3.7855327129364014
3158,0.015529068186879158,0.05000000074505806,0.15706434845924377,3.770955801010132
3159,0.01627810113132,0.05000000074505806,0.15521083772182465,3.7361111640930176
3160,0.018957458436489105,0.05000000074505806,0.15731915831565857,3.7822301387786865
3161,0.015292281284928322,0.05000000074505806,0.1560101956129074,3.735538959503174
3162,0.01739591173827648,0.05000000074505806,0.1579236537218094,3.7872684001922607
3163,0.01769181527197361,0.05000000074505806,0.15832334756851196,3.8049020767211914
3164,0.017580507323145866,0.05000000074505806,0.15373201668262482,3.6789212226867676
3165,0.018294885754585266,0.05000000074505806,0.15738409757614136,3.7723376750946045
3166,0.018207432702183723,0.05000000074505806,0.15543566644191742,3.7419116497039795
3167,0.016447503119707108,0.05000000074505806,0.15675459802150726,3.763309955596924
3168,0.018540341407060623,0.05000000074505806,0.15599022805690765,3.7537992000579834
3169,0.017754115164279938,0.05000000074505806,0.15808354318141937,3.7857842445373535
3170,0.017409857362508774,0.05000000074505806,0.15702937543392181,3.769444465637207
3171,0.017969787120819092,0.05000000074505806,0.1572841852903366,3.7622551918029785
3172,0.016824275255203247,0.05000000074505806,0.1585131734609604,3.800612688064575
3173,0.01817561499774456,0.05000000074505806,0.15667465329170227,3.7623841762542725
3174,0.016922252252697945,0.05000000074505806,0.15911272168159485,3.8193626403808594
3175,0.018404655158519745,0.05000000074505806,0.15545561909675598,3.7445602416992188
3176,0.020257476717233658,0.05000000074505806,0.15669463574886322,3.7647056579589844
3177,0.016306878998875618,0.05000000074505806,0.1591576784849167,3.8175244331359863
3178,0.016811899840831757,0.05000000074505806,0.15750400722026825,3.7741899490356445
3179,0.01828932762145996,0.05000000074505806,0.15459132194519043,3.717524528503418
3180,0.016929589211940765,0.05000000074505806,0.1598571091890335,3.8175244331359863
3181,0.014661544933915138,0.05000000074505806,0.15750400722026825,3.78576397895813
3182,0.016304779797792435,0.05000000074505806,0.15805354714393616,3.794485330581665
3183,0.01693703606724739,0.05000000074505806,0.1564498394727707,3.764583110809326
3184,0.015192361548542976,0.05000000074505806,0.15779376029968262,3.788970708847046
3185,0.016305897384881973,0.05000000074505806,0.15927258133888245,3.8200981616973877
3186,0.018168296664953232,0.05000000074505806,0.15633992850780487,3.750347375869751
3187,0.01621781848371029,0.05000000074505806,0.15794864296913147,3.798529624938965
3188,0.015040961094200611,0.05000000074505806,0.1604566127061844,3.831739902496338
3189,0.01604459434747696,0.05000000074505806,0.1579786092042923,3.7951385974884033
3190,0.01501668244600296,0.05000000074505806,0.15656475722789764,3.7672791481018066
3191,0.017440756782889366,0.05000000074505806,0.15548062324523926,3.736342430114746
3192,0.017535528168082237,0.05000000074505806,0.1573241502046585,3.778308868408203
3193,0.01759033463895321,0.05000000074505806,0.15979215502738953,3.8351714611053467
3194,0.015883952379226685,0.05000000074505806,0.15488110482692719,3.7151620388031006
3195,0.015421520918607712,0.05000000074505806,0.15731416642665863,3.769362449645996
3196,0.01615227945148945,0.05000000074505806,0.1584332436323166,3.7984068393707275
3197,0.019519567489624023,0.05000000074505806,0.15731416642665863,3.7795138359069824
3198,0.01551725436002016,0.05000000074505806,0.15665467083454132,3.762009620666504
3199,0.016205836087465286,0.05000000074505806,0.1552058458328247,3.7331018447875977
3200,0.018987005576491356,0.05000000074505806,0.15677958726882935,3.768749713897705
3201,0.01542721875011921,0.05000000074505806,0.15718425810337067,3.7689950466156006
3202,0.016643766313791275,0.05000000074505806,0.15758392214775085,3.7733798027038574
3203,0.01666977070271969,0.05000000074505806,0.15791867673397064,3.792034387588501
3204,0.01765209622681141,0.05000000074505806,0.15828338265419006,3.7856616973876953
3205,0.014743794687092304,0.05000000074505806,0.1571492850780487,3.78275465965271
3206,0.016695909202098846,0.05000000074505806,0.15743404626846313,3.780759811401367
3207,0.016193106770515442,0.05000000074505806,0.15753397345542908,3.7843751907348633
3208,0.016366971656680107,0.05000000074505806,0.15783372521400452,3.794362783432007
3209,0.01749284751713276,0.05000000074505806,0.15735910832881927,3.7735297679901123
3210,0.014698220416903496,0.05000000074505806,0.15747402608394623,3.776620388031006
3211,0.01575402542948723,0.05000000074505806,0.15684950351715088,3.757965326309204
3212,0.01800633780658245,0.05000000074505806,0.15811850130558014,3.7970588207244873
3213,0.017502732574939728,0.05000000074505806,0.15739908814430237,3.769906997680664
3214,0.0180838443338871,0.05000000074505806,0.15514588356018066,3.730147123336792
3215,0.015149908140301704,0.05000000074505806,0.15721923112869263,3.7775461673736572
3216,0.01561455987393856,0.05000000074505806,0.1565597504377365,3.771078586578369
3217,0.01569247804582119,0.05000000074505806,0.15623001754283905,3.7354164123535156
3218,0.016040785238146782,0.05000000074505806,0.15702436864376068,3.761458158493042
3219,0.017325516790151596,0.05000000074505806,0.15874798595905304,3.808210849761963
3220,0.016551945358514786,0.05000000074505806,0.1579536348581314,3.7960784435272217
3221,0.017754601314663887,0.05000000074505806,0.156344935297966,3.7502317428588867
3222,0.015248178504407406,0.05000000074505806,0.15855315327644348,3.8116419315338135
3223,0.01884896494448185,0.05000000074505806,0.15790867805480957,3.7914352416992188
3224,0.017014307901263237,0.05000000074505806,0.15576539933681488,3.748284339904785
3225,0.015964588150382042,0.05000000074505806,0.15753896534442902,3.7850492000579834
3226,0.01776757650077343,0.05000000074505806,0.15714427828788757,3.753472328186035
3227,0.016147354617714882,0.05000000074505806,0.15837331116199493,3.798529624938965
3228,0.01791173778474331,0.05000000074505806,0.15708933770656586,3.772426128387451
3229,0.01631293073296547,0.05000000074505806,0.15844324231147766,3.7949070930480957
3230,0.017002735286951065,0.05000000074505806,0.1566646695137024,3.764951229095459
3231,0.019531726837158203,0.05000000074505806,0.1583133488893509,3.805208206176758
3232,0.015586310997605324,0.05000000074505806,0.15637490153312683,3.7557594776153564
3233,0.01914365030825138,0.05000000074505806,0.15967227518558502,3.830024242401123
3234,0.017055220901966095,0.05000000074505806,0.1551508605480194,3.7239582538604736
3235,0.015976808965206146,0.05000000074505806,0.15878796577453613,3.8073530197143555
3236,0.01709369756281376,0.05000000074505806,0.15904776751995087,3.818504810333252
3237,0.017862677574157715,0.05000000074505806,0.15796363353729248,3.7856478691101074
3238,0.015572790056467056,0.05000000074505806,0.15773381292819977,3.7953431606292725
3239,0.017386358231306076,0.05000000074505806,0.15687450766563416,3.7665507793426514
3240,0.01520339585840702,0.05000000074505806,0.1573091596364975,3.7810046672821045
3241,0.016457704827189445,0.05000000074505806,0.15959231555461884,3.82414174079895
3242,0.016037076711654663,0.05000000074505806,0.15735912322998047,3.7707173824310303
3243,0.019765859469771385,0.05000000074505806,0.15730415284633636,3.7882349491119385
3244,0.01510666310787201,0.05000000074505806,0.15783372521400452,3.771568536758423
3245,0.016337111592292786,0.05000000074505806,0.15752898156642914,3.784259080886841
3246,0.016469379886984825,0.05000000074505806,0.15908773243427277,3.8207106590270996
3247,0.018370088189840317,0.05000000074505806,0.15635491907596588,3.7590274810791016
3248,0.017026958987116814,0.05000000074505806,0.1547761857509613,3.7215685844421387
3249,0.016425717622041702,0.05000000074505806,0.15563049912452698,3.7280635833740234
3250,0.01595858298242092,0.05000000074505806,0.15704935789108276,3.765162229537964
3251,0.016411855816841125,0.05000000074505806,0.15711930394172668,3.770956039428711
3252,0.01567695289850235,0.05000000074505806,0.15584531426429749,3.73921537399292
3253,0.016996517777442932,0.05000000074505806,0.15790367126464844,3.7841432094573975
3254,0.016815660521388054,0.05000000074505806,0.15712429583072662,3.7724268436431885
3255,0.013248277828097343,0.05000000074505806,0.15843825042247772,3.807522773742676
3256,0.01859656348824501,0.05000000074505806,0.1569993942975998,3.777083158493042
3257,0.018054530024528503,0.05000000074505806,0.158113494515419,3.787989854812622
3258,0.01615580916404724,0.05000000074505806,0.1576288938522339,3.7784719467163086
3259,0.01766773872077465,0.05000000074505806,0.15724919736385345,3.7689950466156006
3260,0.017218206077814102,0.05000000074505806,0.15509092807769775,3.715686082839966
3261,0.017797360196709633,0.05000000074505806,0.15727917850017548,3.772453546524048
3262,0.016934165731072426,0.05000000074505806,0.15743903815746307,3.7959558963775635
3263,0.016160733997821808,0.05000000074505806,0.15715426206588745,3.769791603088379
3264,0.017515042796730995,0.05000000074505806,0.15782374143600464,3.7942402362823486
3265,0.017681948840618134,0.05000000074505806,0.1551658660173416,3.7208333015441895
3266,0.018420938402414322,0.05000000074505806,0.15724420547485352,3.7657406330108643
3267,0.014514155685901642,0.05000000074505806,0.15616507828235626,3.744117259979248
3268,0.019256088882684708,0.05000000074505806,0.15750400722026825,3.7743873596191406
3269,0.016287803649902344,0.05000000074505806,0.15678457915782928,3.7680556774139404
3270,0.016352953389286995,0.05000000074505806,0.15625500679016113,3.753676414489746
3271,0.01717253215610981,0.05000000074505806,0.1572691947221756,3.77858829498291
3272,0.017955191433429718,0.05000000074505806,0.1576838493347168,3.7892160415649414
3273,0.016634678468108177,0.05000000074505806,0.15826837718486786,3.794607400894165
3274,0.01757713034749031,0.05000000074505806,0.15717926621437073,3.772916793823242
3275,0.01526277419179678,0.05000000074505806,0.1575789451599121,3.7810049057006836
3276,0.01887517049908638,0.05000000074505806,0.1576738804578781,3.773406982421875
3277,0.017184967175126076,0.05000000074505806,0.1561450958251953,3.753472328186035
3278,0.01616363786160946,0.05000000074505806,0.15691448748111725,3.7622549533843994
3279,0.01773560792207718,0.05000000074505806,0.15841825306415558,3.809953451156616
3280,0.018031548708677292,0.05000000074505806,0.1572292149066925,3.778799057006836
3281,0.016956645995378494,0.05000000074505806,0.156170055270195,3.745098114013672
3282,0.015761539340019226,0.05000000074505806,0.15791866183280945,3.787846565246582
3283,0.016369126737117767,0.05000000074505806,0.15764887630939484,3.7785537242889404
3284,0.014286312274634838,0.05000000074505806,0.1587979644536972,3.802941083908081
3285,0.016374792903661728,0.05000000074505806,0.15754395723342896,3.778934955596924
3286,0.01649249531328678,0.05000000074505806,0.15927258133888245,3.831005096435547
3287,0.01611580327153206,0.05000000074505806,0.15574541687965393,3.7464122772216797
3288,0.01664145290851593,0.05000000074505806,0.15484611690044403,3.7210779190063477
3289,0.015722086653113365,0.05000000074505806,0.15844325721263885,3.790931224822998
3290,0.01799951307475567,0.05000000074505806,0.15723921358585358,3.7768518924713135
3291,0.01547295693308115,0.05000000074505806,0.1591976284980774,3.815563440322876
3292,0.015134180895984173,0.05000000074505806,0.15759892761707306,3.782843589782715
3293,0.01563340798020363,0.05000000074505806,0.15720422565937042,3.7730321884155273
3294,0.019323943182826042,0.05000000074505806,0.1559952050447464,3.7425243854522705
3295,0.01604994758963585,0.05000000074505806,0.15624001622200012,3.7596065998077393
3296,0.017070436850190163,0.05000000074505806,0.1580185741186142,3.801837921142578
3297,0.015529347583651543,0.05000000074505806,0.15603016316890717,3.736029624938965
3298,0.018182048574090004,0.05000000074505806,0.15860812366008759,3.8004629611968994
3299,0.01622575893998146,0.05000000074505806,0.15554557740688324,3.7351715564727783
3300,0.01610417105257511,0.05000000074505806,0.15949241816997528,3.8115198612213135
3301,0.015263534151017666,0.05000000074505806,0.15998701751232147,3.844444513320923
3302,0.01766527071595192,0.05000000074505806,0.15522581338882446,3.730759859085083
3303,0.017457861453294754,0.05000000074505806,0.15588030219078064,3.746990919113159
3304,0.018291180953383446,0.05000000074505806,0.15592025220394135,3.7420341968536377
3305,0.017825035378336906,0.05000000074505806,0.15679457783699036,3.7598040103912354
3306,0.016937319189310074,0.05000000074505806,0.15787868201732635,3.7833337783813477
3307,0.015742793679237366,0.05000000074505806,0.15487609803676605,3.7189953327178955
3308,0.018738124519586563,0.05000000074505806,0.15563049912452698,3.7335784435272217
3309,0.017098931595683098,0.05000000074505806,0.15714427828788757,3.7663192749023438
3310,0.016644611954689026,0.05000000074505806,0.15632493793964386,3.7525737285614014
3311,0.015430203638970852,0.05000000074505806,0.1565047949552536,3.7658567428588867
3312,0.018654566258192062,0.05000000074505806,0.1567196249961853,3.7735297679901123
3313,0.017692286521196365,0.05000000074505806,0.15784373879432678,3.774019956588745
3314,0.01599515974521637,0.05000000074505806,0.1581684798002243,3.7964115142822266
3315,0.016956523060798645,0.05000000074505806,0.15844324231147766,3.8018383979797363
3316,0.01683264970779419,0.05000000074505806,0.1564898043870926,3.750490188598633
3317,0.01895596832036972,0.05000000074505806,0.15962229669094086,3.825347423553467
3318,0.017642730847001076,0.05000000074505806,0.15729916095733643,3.7707107067108154
3319,0.017885548993945122,0.05000000074505806,0.1561550796031952,3.7631945610046387
3320,0.01623113825917244,0.05000000074505806,0.158113494515419,3.8007352352142334
3321,0.017022883519530296,0.05000000074505806,0.1583283394575119,3.794363021850586
3322,0.016911763697862625,0.05000000074505806,0.15794864296913147,3.790046215057373
3323,0.01759369485080242,0.05000000074505806,0.15498101711273193,3.7196078300476074
3324,0.017668060958385468,0.05000000074505806,0.15639488399028778,3.742769241333008
3325,0.01686031185090542,0.05000000074505806,0.15637989342212677,3.7537035942077637
3326,0.017204053699970245,0.05000000074505806,0.15728916227817535,3.776960849761963
3327,0.016652911901474,0.05000000074505806,0.15515588223934174,3.732870101928711
3328,0.01865610107779503,0.05000000074505806,0.1585431694984436,3.8078434467315674
3329,0.01764775812625885,0.05000000074505806,0.15827837586402893,3.799755334854126
3330,0.018798764795064926,0.05000000074505806,0.1574840098619461,3.776273488998413
3331,0.016915975138545036,0.05000000074505806,0.1589328497648239,3.8109071254730225
3332,0.017696602270007133,0.05000000074505806,0.15853817760944366,3.8018386363983154
3333,0.017757853493094444,0.05000000074505806,0.15684953331947327,3.761458158493042
3334,0.016541501507163048,0.05000000074505806,0.1572142243385315,3.780759572982788
3335,0.01775907538831234,0.05000000074505806,0.15578538179397583,3.7444443702697754
3336,0.017119022086262703,0.05000000074505806,0.15752898156642914,3.79215669631958
3337,0.016481243073940277,0.05000000074505806,0.15596522390842438,3.738112449645996
3338,0.017265046015381813,0.05000000074505806,0.1578037589788437,3.7714121341705322
3339,0.019445188343524933,0.05000000074505806,0.15818347036838531,3.8045341968536377
3340,0.01774447038769722,0.05000000074505806,0.15783372521400452,3.785416603088379
3341,0.015645617619156837,0.05000000074505806,0.158303365111351,3.7916669845581055
3342,0.01578092761337757,0.05000000074505806,0.15828837454319,3.8045341968536377
3343,0.017491545528173447,0.05000000074505806,0.15771383047103882,3.7910878658294678
3344,0.016624148935079575,0.05000000074505806,0.15710432827472687,3.775979995727539
3345,0.0154080456122756,0.05000000074505806,0.15896782279014587,3.8140931129455566
3346,0.017622163519263268,0.05000000074505806,0.15725919604301453,3.7678239345550537
3347,0.01553985383361578,0.05000000074505806,0.15864808857440948,3.80159330368042
3348,0.01779387705028057,0.05000000074505806,0.15959732234477997,3.830392360687256
3349,0.018920283764600754,0.05000000074505806,0.15739908814430237,3.776273488998413
3350,0.017762651666998863,0.05000000074505806,0.15821343660354614,3.8078434467315674
3351,0.01670899987220764,0.05000000074505806,0.15679456293582916,3.7655093669891357
3352,0.016241364181041718,0.05000000074505806,0.15731915831565857,3.7797794342041016
3353,0.01919707842171192,0.05000000074505806,0.1576988399028778,3.7791664600372314
3354,0.015637382864952087,0.05000000074505806,0.15833833813667297,3.798495292663574
3355,0.017187703400850296,0.05000000074505806,0.15693943202495575,3.7636029720306396
3356,0.01686149090528488,0.05000000074505806,0.15732914209365845,3.765686273574829
3357,0.016650138422846794,0.05000000074505806,0.15707434713840485,3.7775464057922363
3358,0.017548125237226486,0.05000000074505806,0.1576288938522339,3.782475471496582
3359,0.01726735569536686,0.05000000074505806,0.15791365504264832,3.797222375869751
3360,0.015897583216428757,0.05000000074505806,0.15655475854873657,3.752941370010376
3361,0.020308101549744606,0.05000000074505806,0.1569993942975998,3.777083158493042
3362,0.018564507365226746,0.05000000074505806,0.15847322344779968,3.7887730598449707
3363,0.016875039786100388,0.05000000074505806,0.15910270810127258,3.818504810333252
3364,0.017629263922572136,0.05000000074505806,0.15665468573570251,3.753063678741455
3365,0.017269479110836983,0.05000000074505806,0.15784871578216553,3.78425931930542
3366,0.016619086265563965,0.05000000074505806,0.15595023334026337,3.7540442943573
3367,0.018984543159604073,0.05000000074505806,0.1560201793909073,3.753356456756592
3368,0.01645836979150772,0.05000000074505806,0.15818347036838531,3.806985378265381
3369,0.015437779016792774,0.05000000074505806,0.15818347036838531,3.7889702320098877
3370,0.017605038359761238,0.05000000074505806,0.15534071624279022,3.724421501159668
3371,0.017944881692528725,0.05000000074505806,0.15935751795768738,3.82340669631958
3372,0.018368646502494812,0.05000000074505806,0.15818843245506287,3.794607639312744
3373,0.017339613288640976,0.05000000074505806,0.15817347168922424,3.790508985519409
3374,0.01806778460741043,0.05000000074505806,0.15775379538536072,3.791421413421631
3375,0.01900327578186989,0.05000000074505806,0.15428157150745392,3.713078737258911
3376,0.017485609278082848,0.05000000074505806,0.15669463574886322,3.7708330154418945
3377,0.01761130429804325,0.05000000074505806,0.15804357826709747,3.783700942993164
3378,0.016865083947777748,0.05000000074505806,0.15716427564620972,3.768981456756592
3379,0.017885485664010048,0.05000000074505806,0.15735910832881927,3.7797791957855225
3380,0.018703045323491096,0.05000000074505806,0.1572691947221756,3.7691173553466797
3381,0.016968607902526855,0.05000000074505806,0.15771882236003876,3.779050827026367
3382,0.018185915425419807,0.05000000074505806,0.15595024824142456,3.750490188598633
3383,0.018227141350507736,0.05000000074505806,0.15859313309192657,3.807523012161255
3384,0.01791173219680786,0.05000000074505806,0.15703435242176056,3.7785539627075195
3385,0.016846913844347,0.05000000074505806,0.15606515109539032,3.7330877780914307
3386,0.016199292615056038,0.05000000074505806,0.15720424056053162,3.7718749046325684
3387,0.017335982993245125,0.05000000074505806,0.1599620133638382,3.828063726425171
3388,0.01725567877292633,0.05000000074505806,0.15569043159484863,3.7302701473236084
3389,0.01687665656208992,0.05000000074505806,0.15959732234477997,3.836458206176758
3390,0.0171088594943285,0.05000000074505806,0.15857812762260437,3.821078062057495
3391,0.015660762786865234,0.05000000074505806,0.1575639396905899,3.779397964477539
3392,0.0169206615537405,0.05000000074505806,0.15793366730213165,3.790196180343628
3393,0.016514852643013,0.05000000074505806,0.15810352563858032,3.784681797027588
3394,0.016371412202715874,0.05000000074505806,0.15613508224487305,3.7598378658294678
3395,0.015102296136319637,0.05000000074505806,0.157588928937912,3.775489568710327
3396,0.018251359462738037,0.05000000074505806,0.15808354318141937,3.7953431606292725
3397,0.018114939332008362,0.05000000074505806,0.15927258133888245,3.8170135021209717
3398,0.015667542815208435,0.05000000074505806,0.1570693552494049,3.764583110809326
3399,0.016914542764425278,0.05000000074505806,0.15570543706417084,3.7509262561798096
3400,0.01733669452369213,0.05000000074505806,0.15865808725357056,3.811274766921997
3401,0.020204635336995125,0.05000000074505806,0.1581684798002243,3.7943623065948486
3402,0.01596951112151146,0.05000000074505806,0.15764887630939484,3.7834489345550537
3403,0.017818037420511246,0.05000000074505806,0.15464627742767334,3.7057597637176514
3404,0.01466662622988224,0.05000000074505806,0.16002698242664337,3.834068536758423
3405,0.016881858929991722,0.05000000074505806,0.15493105351924896,3.7216432094573975
3406,0.016356345266103745,0.05000000074505806,0.1600319892168045,3.8502447605133057
3407,0.01518309023231268,0.05000000074505806,0.15445144474506378,3.711226463317871
3408,0.01583663374185562,0.05000000074505806,0.15759392082691193,3.7892158031463623
3409,0.018560979515314102,0.05000000074505806,0.15798860788345337,3.7850492000579834
3410,0.01643737033009529,0.05000000074505806,0.15694445371627808,3.7638888359069824
3411,0.017600197345018387,0.05000000074505806,0.1559802144765854,3.74399471282959
3412,0.016737721860408783,0.05000000074505806,0.15486612915992737,3.704289436340332
3413,0.01648205704987049,0.05000000074505806,0.158303365111351,3.801157236099243
3414,0.017055785283446312,0.05000000074505806,0.15237309038639069,3.6582109928131104
3415,0.01878751441836357,0.05000000074505806,0.1576438844203949,3.7895829677581787
3416,0.01735178753733635,0.05000000074505806,0.15624499320983887,3.758455991744995
3417,0.015639882534742355,0.05000000074505806,0.15780876576900482,3.774019718170166
3418,0.014935184270143509,0.05000000074505806,0.15616007149219513,3.7502317428588867
3419,0.01645806059241295,0.05000000074505806,0.1542665958404541,3.703063726425171
3420,0.01760242134332657,0.05000000074505806,0.15686951577663422,3.751838445663452
3421,0.01791813038289547,0.05000000074505806,0.15664967894554138,3.7680556774139404
3422,0.018268506973981857,0.05000000074505806,0.15861310064792633,3.7996323108673096
3423,0.015797007828950882,0.05000000074505806,0.15456634759902954,3.724073886871338
3424,0.016141096130013466,0.05000000074505806,0.15533071756362915,3.7311275005340576
3425,0.016043202951550484,0.05000000074505806,0.15767385065555573,3.781862735748291
3426,0.017445646226406097,0.05000000074505806,0.15865309536457062,3.7994210720062256
3427,0.0162014402449131,0.05000000074505806,0.15524080395698547,3.731863021850586
3428,0.01673457957804203,0.05000000074505806,0.15806354582309723,3.7840685844421387
3429,0.01666594296693802,0.05000000074505806,0.15766388177871704,3.7803242206573486
3430,0.01734076626598835,0.05000000074505806,0.1567046344280243,3.761397123336792
3431,0.016317229717969894,0.05000000074505806,0.15669463574886322,3.771759033203125
3432,0.01657900959253311,0.05000000074505806,0.1562650054693222,3.7594361305236816
3433,0.018886690959334373,0.05000000074505806,0.15724919736385345,3.75955867767334
3434,0.01561497338116169,0.05000000074505806,0.15715427696704865,3.7718749046325684
3435,0.018684258684515953,0.05000000074505806,0.1579136699438095,3.789461135864258
3436,0.016566436737775803,0.05000000074505806,0.1565047949552536,3.7492642402648926
3437,0.015758393332362175,0.05000000074505806,0.1567196249961853,3.7643518447875977
3438,0.017917856574058533,0.05000000074505806,0.15639986097812653,3.7540442943573
3439,0.017177816480398178,0.05000000074505806,0.1577637940645218,3.793750047683716
3440,0.018590617924928665,0.05000000074505806,0.1553507298231125,3.7371325492858887
3441,0.016488052904605865,0.05000000074505806,0.158303365111351,3.7857840061187744
3442,0.017235716804862022,0.05000000074505806,0.15777377784252167,3.7844908237457275
3443,0.01968446746468544,0.05000000074505806,0.1578437238931656,3.7827205657958984
3444,0.018576551228761673,0.05000000074505806,0.1575639396905899,3.787132501602173
3445,0.018939755856990814,0.05000000074505806,0.15675461292266846,3.759953498840332
3446,0.0169144906103611,0.05000000074505806,0.15770383179187775,3.7888476848602295
3447,0.016981378197669983,0.05000000074505806,0.15576039254665375,3.744675874710083
3448,0.014662668108940125,0.05000000074505806,0.15751400589942932,3.7887253761291504
3449,0.016833312809467316,0.05000000074505806,0.15637989342212677,3.747671604156494
3450,0.016901077702641487,0.05000000074505806,0.15699440240859985,3.762962818145752
3451,0.017021406441926956,0.05000000074505806,0.15812350809574127,3.792279005050659
3452,0.01716316118836403,0.05000000074505806,0.1555405557155609,3.738602876663208
3453,0.019499536603689194,0.05000000074505806,0.15852318704128265,3.788888692855835
3454,0.0150600615888834,0.05000000074505806,0.1579636186361313,3.80220627784729
3455,0.016531124711036682,0.05000000074505806,0.1550559550523758,3.7265045642852783
3456,0.015536732971668243,0.05000000074505806,0.15727917850017548,3.783578634262085
3457,0.01652558147907257,0.05000000074505806,0.1577388048171997,3.7790441513061523
3458,0.017160728573799133,0.05000000074505806,0.15798360109329224,3.7890045642852783
3459,0.01696663722395897,0.05000000074505806,0.1589328497648239,3.8024511337280273
3460,0.016466867178678513,0.05000000074505806,0.15828338265419006,3.799264669418335
3461,0.016754524782299995,0.05000000074505806,0.15890787541866302,3.8146989345550537
3462,0.017588555812835693,0.05000000074505806,0.1556205004453659,3.735048770904541
3463,0.018102208152413368,0.05000000074505806,0.15655477344989777,3.7670140266418457
3464,0.016724225133657455,0.05000000074505806,0.1574840247631073,3.784313678741455
3465,0.01571233756840229,0.05000000074505806,0.15797360241413116,3.789828062057495
3466,0.01703266240656376,0.05000000074505806,0.15917764604091644,3.812962770462036
3467,0.015892770141363144,0.05000000074505806,0.15904776751995087,3.8210787773132324
3468,0.015782643109560013,0.05000000074505806,0.15900780260562897,3.8013479709625244
3469,0.017197398468852043,0.05000000074505806,0.1566396951675415,3.767245292663574
3470,0.015438743866980076,0.05000000074505806,0.15763390064239502,3.7840685844421387
3471,0.016232561320066452,0.05000000074505806,0.1562500149011612,3.7581021785736084
3472,0.017399098724126816,0.05000000074505806,0.15565547347068787,3.7420341968536377
3473,0.015955660492181778,0.05000000074505806,0.15534572303295135,3.72352933883667
3474,0.016680344939231873,0.05000000074505806,0.15895281732082367,3.8028934001922607
3475,0.015093446709215641,0.05000000074505806,0.1577388048171997,3.7875001430511475
3476,0.0168312955647707,0.05000000074505806,0.15902777016162872,3.8079655170440674
3477,0.017295613884925842,0.05000000074505806,0.15497101843357086,3.7295141220092773
3478,0.016368195414543152,0.05000000074505806,0.15669463574886322,3.7653186321258545
3479,0.0194136593490839,0.05000000074505806,0.156934455037117,3.768749713897705
3480,0.01772456429898739,0.05000000074505806,0.15943743288516998,3.8321075439453125
3481,0.01600722037255764,0.05000000074505806,0.15571042895317078,3.736764669418335
3482,0.017337219789624214,0.05000000074505806,0.1557653844356537,3.732407569885254
3483,0.016803471371531487,0.05000000074505806,0.15762388706207275,3.7846813201904297
3484,0.015081264078617096,0.05000000074505806,0.15682454407215118,3.758946180343628
3485,0.017473025247454643,0.05000000074505806,0.15743905305862427,3.7718751430511475
3486,0.01583528146147728,0.05000000074505806,0.15884792804718018,3.812009334564209
3487,0.01553155668079853,0.05000000074505806,0.1548711061477661,3.7319443225860596
3488,0.01625821739435196,0.05000000074505806,0.1565047949552536,3.763235569000244
3489,0.014490756206214428,0.05000000074505806,0.15624499320983887,3.745098114013672
3490,0.017565947026014328,0.05000000074505806,0.15606015920639038,3.7422451972961426
3491,0.01469490397721529,0.05000000074505806,0.15788869559764862,3.784681797027588
3492,0.015484941191971302,0.05000000074505806,0.15770383179187775,3.7765934467315674
3493,0.016951102763414383,0.05000000074505806,0.15704436600208282,3.770254611968994
3494,0.01483863964676857,0.05000000074505806,0.15845324099063873,3.814215660095215
3495,0.016010303050279617,0.05000000074505806,0.15694944560527802,3.769791603088379
3496,0.016309553757309914,0.05000000074505806,0.15711931884288788,3.770465612411499
3497,0.01708296127617359,0.05000000074505806,0.1588379293680191,3.801715612411499
3498,0.01663917489349842,0.05000000074505806,0.15630994737148285,3.760416269302368
3499,0.017014458775520325,0.05000000074505806,0.15691447257995605,3.761519432067871
3500,0.01691412925720215,0.05000000074505806,0.1589728146791458,3.80784273147583
3501,0.01590600609779358,0.05000000074505806,0.15799860656261444,3.79421329498291
3502,0.015464631840586662,0.05000000074505806,0.15793366730213165,3.793872594833374
3503,0.018148507922887802,0.05000000074505806,0.15757392346858978,3.790393590927124
3504,0.017375661060214043,0.05000000074505806,0.15667465329170227,3.7699756622314453
3505,0.016179336234927177,0.05000000074505806,0.15900281071662903,3.807230234146118
3506,0.015797581523656845,0.05000000074505806,0.1602468192577362,3.8365743160247803
3507,0.016357814893126488,0.05000000074505806,0.15922261774539948,3.8294122219085693
3508,0.018337449058890343,0.05000000074505806,0.1585981249809265,3.7933826446533203
3509,0.01482581626623869,0.05000000074505806,0.15735411643981934,3.7790510654449463
3510,0.016329597681760788,0.05000000074505806,0.1570943295955658,3.7725489139556885
3511,0.017695320770144463,0.05000000074505806,0.1552707850933075,3.7361109256744385
3512,0.015886200591921806,0.05000000074505806,0.15702438354492188,3.7705886363983154
3513,0.015861190855503082,0.05000000074505806,0.15851818025112152,3.810049057006836
3514,0.017613288015127182,0.05000000074505806,0.15800358355045319,3.7783563137054443
3515,0.01694348268210888,0.05000000074505806,0.15707933902740479,3.7743868827819824
3516,0.014315944164991379,0.05000000074505806,0.15826837718486786,3.7859065532684326
3517,0.01701006293296814,0.05000000074505806,0.15825338661670685,3.8001155853271484
3518,0.017372142523527145,0.05000000074505806,0.1565197855234146,3.763970375061035
3519,0.01717151328921318,0.05000000074505806,0.15299761295318604,3.6796295642852783
3520,0.015355972573161125,0.05000000074505806,0.15834331512451172,3.809558868408203
3521,0.01652234047651291,0.05000000074505806,0.16021683812141418,3.843627691268921
3522,0.018285537138581276,0.05000000074505806,0.1562749743461609,3.7440967559814453
3523,0.014768658205866814,0.05000000074505806,0.15838828682899475,3.804656982421875
3524,0.01589350216090679,0.05000000074505806,0.1570943295955658,3.763357639312744
3525,0.016810555011034012,0.05000000074505806,0.1571892648935318,3.762962818145752
3526,0.01806955225765705,0.05000000074505806,0.15731415152549744,3.7862746715545654
3527,0.017887461930513382,0.05000000074505806,0.15585532784461975,3.7471065521240234
3528,0.01670483686029911,0.05000000074505806,0.15747901797294617,3.7870094776153564
3529,0.01650332473218441,0.05000000074505806,0.156919464468956,3.7591912746429443
3530,0.0173040721565485,0.05000000074505806,0.15908773243427277,3.809953212738037
3531,0.01736510917544365,0.05000000074505806,0.15685951709747314,3.766054153442383
3532,0.013709254562854767,0.05000000074505806,0.15856313705444336,3.800612449645996
3533,0.014595394022762775,0.05000000074505806,0.15687449276447296,3.764930248260498
3534,0.016592664644122124,0.05000000074505806,0.15820841491222382,3.799264669418335
3535,0.017188619822263718,0.05000000074505806,0.15680955350399017,3.7722225189208984
3536,0.014633501879870892,0.05000000074505806,0.15633992850780487,3.7636027336120605
3537,0.015932200476527214,0.05000000074505806,0.15748900175094604,3.7580881118774414
3538,0.01580996625125408,0.05000000074505806,0.15661470592021942,3.7662036418914795
3539,0.01770947501063347,0.05000000074505806,0.15646983683109283,3.7507355213165283
3540,0.016946300864219666,0.05000000074505806,0.1608213484287262,3.856985330581665
3541,0.015716776251792908,0.05000000074505806,0.15604016184806824,3.746875047683716
3542,0.01728159748017788,0.05000000074505806,0.15406173467636108,3.7011029720306396
3543,0.019017621874809265,0.05000000074505806,0.1583133488893509,3.803356409072876
3544,0.017862394452095032,0.05000000074505806,0.15748901665210724,3.783700942993164
3545,0.01747899502515793,0.05000000074505806,0.16010689735412598,3.835906744003296
3546,0.018978724256157875,0.05000000074505806,0.15763889253139496,3.784722328186035
3547,0.017070099711418152,0.05000000074505806,0.1576438993215561,3.778921127319336
3548,0.017818838357925415,0.05000000074505806,0.15445144474506378,3.710294246673584
3549,0.020003024488687515,0.05000000074505806,0.15728917717933655,3.764814615249634
3550,0.01586095429956913,0.05000000074505806,0.1577388048171997,3.7893378734588623
3551,0.01605299860239029,0.05000000074505806,0.15739409625530243,3.7864582538604736
3552,0.018465492874383926,0.05000000074505806,0.15896783769130707,3.8194849491119385
3553,0.01820456236600876,0.05000000074505806,0.15581534802913666,3.736642360687256
3554,0.017227470874786377,0.05000000074505806,0.1572541892528534,3.7693288326263428
3555,0.01696394942700863,0.05000000074505806,0.15827837586402893,3.7977941036224365
3556,0.017492592334747314,0.05000000074505806,0.15536071360111237,3.7236523628234863
3557,0.01677084155380726,0.05000000074505806,0.15934254229068756,3.8244211673736572
3558,0.01763448305428028,0.05000000074505806,0.15872302651405334,3.806617498397827
3559,0.015610650181770325,0.05000000074505806,0.15836331248283386,3.809953451156616
3560,0.01602678745985031,0.05000000074505806,0.15711432695388794,3.7767159938812256
3561,0.016126947477459908,0.05000000074505806,0.15767885744571686,3.782475471496582
3562,0.01644023321568966,0.05000000074505806,0.15596522390842438,3.733333110809326
3563,0.015539024956524372,0.05000000074505806,0.15680953860282898,3.768505096435547
3564,0.018145672976970673,0.05000000074505806,0.15612511336803436,3.740931272506714
3565,0.017494913190603256,0.05000000074505806,0.15843825042247772,3.8001160621643066
3566,0.01535119116306305,0.05000000074505806,0.15711931884288788,3.774631977081299
3567,0.015865344554185867,0.05000000074505806,0.15567046403884888,3.7424769401550293
3568,0.016666702926158905,0.05000000074505806,0.15574541687965393,3.741053819656372
3569,0.017119847238063812,0.05000000074505806,0.1589978039264679,3.8115196228027344
3570,0.015488052740693092,0.05000000074505806,0.15727917850017548,3.7740743160247803
3571,0.01455950178205967,0.05000000074505806,0.1573341339826584,3.770465612411499
3572,0.016741763800382614,0.05000000074505806,0.15839329361915588,3.795097827911377
3573,0.01681346260011196,0.05000000074505806,0.15789368748664856,3.7910876274108887
3574,0.01590200886130333,0.05000000074505806,0.15554557740688324,3.740441083908081
3575,0.01611379161477089,0.05000000074505806,0.15543566644191742,3.7357640266418457
3576,0.018367920070886612,0.05000000074505806,0.15562549233436584,3.7425246238708496
3577,0.017755161970853806,0.05000000074505806,0.1557653844356537,3.736887216567993
3578,0.01745855063199997,0.05000000074505806,0.15702937543392181,3.7554397583007812
3579,0.01675308495759964,0.05000000074505806,0.15613508224487305,3.751715660095215
3580,0.01722518727183342,0.05000000074505806,0.15680955350399017,3.7454655170440674
3581,0.01617008075118065,0.05000000074505806,0.15645484626293182,3.7571756839752197
3582,0.017053626477718353,0.05000000074505806,0.1563299298286438,3.7587008476257324
3583,0.017986789345741272,0.05000000074505806,0.1580985188484192,3.803356409072876
3584,0.015885472297668457,0.05000000074505806,0.15973220765590668,3.839460849761963
3585,0.015790393576025963,0.05000000074505806,0.1571892350912094,3.7647061347961426
3586,0.015582747757434845,0.05000000074505806,0.15895283222198486,3.8135416507720947
3587,0.01965002343058586,0.05000000074505806,0.15670962631702423,3.755882501602173
3588,0.016236072406172752,0.05000000074505806,0.15931254625320435,3.8259804248809814
3589,0.014808978885412216,0.05000000074505806,0.1582883894443512,3.7932870388031006
3590,0.017433829605579376,0.05000000074505806,0.15662968158721924,3.765195846557617
3591,0.01509544625878334,0.05000000074505806,0.15974220633506775,3.8366899490356445
3592,0.018735909834504128,0.05000000074505806,0.15698440372943878,3.777573585510254
3593,0.01662682741880417,0.05000000074505806,0.15991705656051636,3.8254902362823486
3594,0.017734194174408913,0.05000000074505806,0.1578836888074875,3.7856481075286865
3595,0.016887204721570015,0.05000000074505806,0.15707434713840485,3.7776966094970703
3596,0.015174822881817818,0.05000000074505806,0.1576688587665558,3.778799057006836
3597,0.018067853525280952,0.05000000074505806,0.157588928937912,3.7807867527008057
3598,0.01669711247086525,0.05000000074505806,0.15704436600208282,3.766176462173462
3599,0.016565846279263496,0.05000000074505806,0.15775880217552185,3.793750286102295
3600,0.01896352879703045,0.05000000074505806,0.15584033727645874,3.745833158493042
3601,0.014575932174921036,0.05000000074505806,0.15719923377037048,3.7647058963775635
3602,0.01426864042878151,0.05000000074505806,0.160246804356575,3.8413193225860596
3603,0.016586024314165115,0.05000000074505806,0.1559702455997467,3.7438721656799316
3604,0.01826724410057068,0.05000000074505806,0.15732912719249725,3.774631977081299
3605,0.016473861411213875,0.05000000074505806,0.15346722304821014,3.6814815998077393
3606,0.014325184747576714,0.05000000074505806,0.15513089299201965,3.726102828979492
3607,0.019013427197933197,0.05000000074505806,0.1589428335428238,3.8179397583007812
3608,0.019075363874435425,0.05000000074505806,0.1561001092195511,3.751225471496582
3609,0.017654042690992355,0.05000000074505806,0.15712429583072662,3.7676472663879395
3610,0.01721217669546604,0.05000000074505806,0.1577388048171997,3.779629707336426
3611,0.01622830517590046,0.05000000074505806,0.15635989606380463,3.7449755668640137
3612,0.015470652841031551,0.05000000074505806,0.1580335795879364,3.792156457901001
3613,0.014869204722344875,0.05000000074505806,0.15763887763023376,3.78310227394104
3614,0.016478314995765686,0.05000000074505806,0.15595024824142456,3.7466909885406494
3615,0.017289496958255768,0.05000000074505806,0.1578587293624878,3.7951388359069824
3616,0.016047583892941475,0.05000000074505806,0.15542565286159515,3.7340686321258545
3617,0.016697678714990616,0.05000000074505806,0.15780875086784363,3.7792890071868896
3618,0.018350614234805107,0.05000000074505806,0.1576988399028778,3.786226511001587
3619,0.017013229429721832,0.05000000074505806,0.1583133488893509,3.799264907836914
3620,0.016172168776392937,0.05000000074505806,0.15852317214012146,3.7911763191223145
3621,0.016395917162299156,0.05000000074505806,0.15620005130767822,3.761458158493042
3622,0.01622043363749981,0.05000000074505806,0.15690447390079498,3.7647056579589844
3623,0.017258254811167717,0.05000000074505806,0.15727417171001434,3.7791662216186523
3624,0.018454480916261673,0.05000000074505806,0.15543566644191742,3.7401959896087646
3625,0.01636679843068123,0.05000000074505806,0.15702438354492188,3.7699756622314453
3626,0.015738561749458313,0.05000000074505806,0.15725919604301453,3.758448600769043
3627,0.019459495320916176,0.05000000074505806,0.15479117631912231,3.711519718170166
3628,0.017007438465952873,0.05000000074505806,0.1585681438446045,3.799509286880493
3629,0.01654428243637085,0.05000000074505806,0.1590127944946289,3.8146989345550537
3630,0.014008740894496441,0.05000000074505806,0.15680955350399017,3.7705883979797363
3631,0.016549091786146164,0.05000000074505806,0.1553657054901123,3.736227035522461
3632,0.017691396176815033,0.05000000074505806,0.1575489640235901,3.787990093231201
3633,0.015672927722334862,0.05000000074505806,0.15871302783489227,3.8025734424591064
3634,0.015980729833245277,0.05000000074505806,0.1575489640235901,3.778125047683716
3635,0.017161747440695763,0.05000000074505806,0.15698440372943878,3.7637250423431396
3636,0.018725989386439323,0.05000000074505806,0.1585281789302826,3.802450656890869
3637,0.015124371275305748,0.05000000074505806,0.15710432827472687,3.772453546524048
3638,0.014970985241234303,0.05000000074505806,0.15555055439472198,3.737989902496338
3639,0.016727181151509285,0.05000000074505806,0.15660971403121948,3.7616899013519287
3640,0.01819104328751564,0.05000000074505806,0.15634991228580475,3.7522056102752686
3641,0.015561792068183422,0.05000000074505806,0.15574540197849274,3.744607925415039
3642,0.01574530079960823,0.05000000074505806,0.15732413530349731,3.768981695175171
3643,0.01839299686253071,0.05000000074505806,0.1576588749885559,3.78125
3644,0.01747199520468712,0.05000000074505806,0.15584032237529755,3.7363970279693604
3645,0.017039017751812935,0.05000000074505806,0.1571093201637268,3.764004945755005
3646,0.016609111800789833,0.05000000074505806,0.15681953728199005,3.764583110809326
3647,0.01562372874468565,0.05000000074505806,0.15672463178634644,3.7723376750946045
3648,0.016455627977848053,0.05000000074505806,0.15584532916545868,3.746201276779175
3649,0.018215147778391838,0.05000000074505806,0.15817344188690186,3.7947306632995605
3650,0.015448846854269505,0.05000000074505806,0.15732413530349731,3.767592430114746
3651,0.017484363168478012,0.05000000074505806,0.1563698947429657,3.7550246715545654
3652,0.017467394471168518,0.05000000074505806,0.15651477873325348,3.7545342445373535
3653,0.016252148896455765,0.05000000074505806,0.15697942674160004,3.766087770462036
3654,0.01564238779246807,0.05000000074505806,0.15722422301769257,3.773406982421875
3655,0.015671970322728157,0.05000000074505806,0.15665966272354126,3.764467239379883
3656,0.014721626415848732,0.05000000074505806,0.1550959348678589,3.7316176891326904
3657,0.016706038266420364,0.05000000074505806,0.1582883596420288,3.792034149169922
3658,0.01571120321750641,0.05000000074505806,0.15800358355045319,3.786921262741089
3659,0.019132936373353004,0.05000000074505806,0.15809352695941925,3.7851715087890625
3660,0.016648678109049797,0.05000000074505806,0.15459132194519043,3.710294246673584
3661,0.017340971156954765,0.05000000074505806,0.1585831493139267,3.802198886871338
3662,0.01750955544412136,0.05000000074505806,0.1574040651321411,3.7828428745269775
3663,0.018897799775004387,0.05000000074505806,0.1574040800333023,3.784721851348877
3664,0.016954144462943077,0.05000000074505806,0.1546812504529953,3.7124998569488525
3665,0.015293913893401623,0.05000000074505806,0.15690447390079498,3.768627166748047
3666,0.014361672103404999,0.05000000074505806,0.15877297520637512,3.7986111640930176
3667,0.015254446305334568,0.05000000074505806,0.15881794691085815,3.80649471282959
3668,0.016205457970499992,0.05000000074505806,0.15891286730766296,3.821568727493286
3669,0.01842319592833519,0.05000000074505806,0.1567995548248291,3.75300931930542
3670,0.01786712557077408,0.05000000074505806,0.1557653844356537,3.7569849491119385
3671,0.014857026748359203,0.05000000074505806,0.156854510307312,3.76261568069458
3672,0.017638077959418297,0.05000000074505806,0.15770882368087769,3.7881126403808594
3673,0.01686260662972927,0.05000000074505806,0.15728415548801422,3.780024528503418
3674,0.01618324965238571,0.05000000074505806,0.15641985833644867,3.740741014480591
3675,0.015133991837501526,0.05000000074505806,0.157508984208107,3.7846810817718506
3676,0.014920145273208618,0.05000000074505806,0.15881295502185822,3.8121325969696045
3677,0.01467378530651331,0.05000000074505806,0.15624001622200012,3.7398147583007812
3678,0.017057903110980988,0.05000000074505806,0.1567445993423462,3.764460802078247
3679,0.016777798533439636,0.05000000074505806,0.15729917585849762,3.78576397895813
3680,0.016573555767536163,0.05000000074505806,0.15781375765800476,3.796813726425171
3681,0.014669956639409065,0.05000000074505806,0.1572941690683365,3.7688724994659424
3682,0.01672743819653988,0.05000000074505806,0.1579136848449707,3.784606456756592
3683,0.016648871824145317,0.05000000074505806,0.15885290503501892,3.8067400455474854
3684,0.015919575467705727,0.05000000074505806,0.1566796600818634,3.76629900932312
3685,0.015311041846871376,0.05000000074505806,0.15742406249046326,3.7692129611968994
3686,0.015787364915013313,0.05000000074505806,0.15639987587928772,3.7604167461395264
3687,0.016436273232102394,0.05000000074505806,0.15909771621227264,3.821180582046509
3688,0.018334876745939255,0.05000000074505806,0.15657474100589752,3.7629902362823486
3689,0.016522493213415146,0.05000000074505806,0.15656974911689758,3.7508580684661865
3690,0.015985246747732162,0.05000000074505806,0.156854510307312,3.762962818145752
3691,0.016119353473186493,0.05000000074505806,0.15705934166908264,3.766911506652832
3692,0.016702920198440552,0.05000000074505806,0.15662971138954163,3.75073504447937
3693,0.016751017421483994,0.05000000074505806,0.15649978816509247,3.761458158493042
3694,0.017799949273467064,0.05000000074505806,0.1580335646867752,3.794607639312744
3695,0.014817476272583008,0.05000000074505806,0.15599019825458527,3.7512731552124023
3696,0.0168708935379982,0.05000000074505806,0.15771882236003876,3.7919116020202637
3697,0.016583522781729698,0.05000000074505806,0.15765388309955597,3.7786762714385986
3698,0.017257358878850937,0.05000000074505806,0.1591576784849167,3.8175923824310303
3699,0.01522271428257227,0.05000000074505806,0.15812350809574127,3.7851715087890625
3700,0.0173910204321146,0.05000000074505806,0.15755896270275116,3.7856616973876953
3701,0.017086608335375786,0.05000000074505806,0.15684951841831207,3.7582178115844727
3702,0.017617203295230865,0.05000000074505806,0.15673959255218506,3.7612740993499756
3703,0.015863755717873573,0.05000000074505806,0.15720422565937042,3.7849533557891846
3704,0.01729198731482029,0.05000000074505806,0.15760892629623413,3.7844364643096924
3705,0.016571607440710068,0.05000000074505806,0.15770882368087769,3.791421890258789
3706,0.01625334471464157,0.05000000074505806,0.15666967630386353,3.7494215965270996
3707,0.019782135263085365,0.05000000074505806,0.157014399766922,3.7672791481018066
3708,0.016836296766996384,0.05000000074505806,0.1591976284980774,3.813480854034424
3709,0.021814636886119843,0.05000000074505806,0.15594026446342468,3.745022773742676
3710,0.014427854679524899,0.05000000074505806,0.1586480736732483,3.8073527812957764
3711,0.01631266437470913,0.05000000074505806,0.1592126190662384,3.831481695175171
3712,0.01789667457342148,0.05000000074505806,0.1561151146888733,3.749509572982788
3713,0.017277639359235764,0.05000000074505806,0.15933753550052643,3.8225488662719727
3714,0.015835190191864967,0.05000000074505806,0.15639987587928772,3.750347375869751
3715,0.016890525817871094,0.05000000074505806,0.15746404230594635,3.7763476371765137
3716,0.017232898622751236,0.05000000074505806,0.1571892499923706,3.7732841968536377
3717,0.016107892617583275,0.05000000074505806,0.15641485154628754,3.753124713897705
3718,0.017131036147475243,0.05000000074505806,0.15687450766563416,3.765073537826538
3719,0.01667655259370804,0.05000000074505806,0.1596972495317459,3.837268352508545
3720,0.015134197659790516,0.05000000074505806,0.15394684672355652,3.701348066329956
3721,0.017427710816264153,0.05000000074505806,0.15792864561080933,3.7833333015441895
3722,0.017148634418845177,0.05000000074505806,0.15845824778079987,3.7997682094573975
3723,0.017325425520539284,0.05000000074505806,0.1571492850780487,3.768014907836914
3724,0.018561413511633873,0.05000000074505806,0.15783372521400452,3.7805144786834717
3725,0.016972895711660385,0.05000000074505806,0.15734411776065826,3.7745373249053955
3726,0.01789707876741886,0.05000000074505806,0.15551558136940002,3.741666555404663
3727,0.01582699455320835,0.05000000074505806,0.15791365504264832,3.7932870388031006
3728,0.0173205453902483,0.05000000074505806,0.1564098745584488,3.758333206176758
3729,0.015874696895480156,0.05000000074505806,0.15694445371627808,3.7622549533843994
3730,0.016525346785783768,0.05000000074505806,0.15696443617343903,3.763425827026367
3731,0.016951143741607666,0.05000000074505806,0.1587829738855362,3.8110294342041016
3732,0.01557491347193718,0.05000000074505806,0.1588379144668579,3.8123772144317627
3733,0.015605823136866093,0.05000000074505806,0.1586231142282486,3.800694465637207
3734,0.016475941985845566,0.05000000074505806,0.1560351848602295,3.742279291152954
3735,0.014845973812043667,0.05000000074505806,0.1569993942975998,3.7795138359069824
3736,0.015352403745055199,0.05000000074505806,0.15803857147693634,3.7995100021362305
3737,0.017497021704912186,0.05000000074505806,0.15669964253902435,3.761396884918213
3738,0.0164212454110384,0.05000000074505806,0.15821842849254608,3.786921262741089
3739,0.016909515485167503,0.05000000074505806,0.1565297693014145,3.749509811401367
3740,0.016806812956929207,0.05000000074505806,0.16000200808048248,3.8409316539764404
3741,0.015287831425666809,0.05000000074505806,0.1590127944946289,3.81585693359375
3742,0.01554402057081461,0.05000000074505806,0.15828837454319,3.8001227378845215
3743,0.017237387597560883,0.05000000074505806,0.1586880385875702,3.815509080886841
3744,0.015145760029554367,0.05000000074505806,0.15853816270828247,3.805269718170166
3745,0.014537638053297997,0.05000000074505806,0.15814848244190216,3.809436559677124
3746,0.016564304009079933,0.05000000074505806,0.15710432827472687,3.7575230598449707
3747,0.01643381454050541,0.05000000074505806,0.1571742743253708,3.7713234424591064
3748,0.017178405076265335,0.05000000074505806,0.15789368748664856,3.7821078300476074
3749,0.017438434064388275,0.05000000074505806,0.1587180197238922,3.8039350509643555
3750,0.017100650817155838,0.05000000074505806,0.15759392082691193,3.7840683460235596
3751,0.01663501001894474,0.05000000074505806,0.1567995548248291,3.7748842239379883
3752,0.016719819977879524,0.05000000074505806,0.15880295634269714,3.8181374073028564
3753,0.015777790918946266,0.05000000074505806,0.15690447390079498,3.767524480819702
3754,0.01654607243835926,0.05000000074505806,0.15988707542419434,3.82662034034729
3755,0.015925832092761993,0.05000000074505806,0.15743903815746307,3.7732839584350586
3756,0.017074165865778923,0.05000000074505806,0.15836329758167267,3.794485330581665
3757,0.018235333263874054,0.05000000074505806,0.15641488134860992,3.7555558681488037
3758,0.014986194670200348,0.05000000074505806,0.15538069605827332,3.740318536758423
3759,0.01782165840268135,0.05000000074505806,0.15805856883525848,3.792708158493042
3760,0.01802399940788746,0.05000000074505806,0.15778377652168274,3.793872594833374
3761,0.015419515781104565,0.05000000074505806,0.15818345546722412,3.7936275005340576
3762,0.016311950981616974,0.05000000074505806,0.15762390196323395,3.778703451156616
3763,0.017241040244698524,0.05000000074505806,0.15705935657024384,3.766911745071411
3764,0.016725610941648483,0.05000000074505806,0.1561850607395172,3.732598304748535
3765,0.016804153099656105,0.05000000074505806,0.1576438993215561,3.795833110809326
3766,0.0211841631680727,0.05000000074505806,0.15774379670619965,3.7813720703125
3767,0.0188780315220356,0.05000000074505806,0.15702438354492188,3.777893543243408
3768,0.016414569690823555,0.05000000074505806,0.15666964650154114,3.7702202796936035
3769,0.018417879939079285,0.05000000074505806,0.15592525899410248,3.7352941036224365
3770,0.016821065917611122,0.05000000074505806,0.15873302519321442,3.7993054389953613
3771,0.016027946025133133,0.05000000074505806,0.15902277827262878,3.81874942779541
3772,0.015442301519215107,0.05000000074505806,0.15907274186611176,3.8036768436431885
3773,0.015416217036545277,0.05000000074505806,0.1567845642566681,3.7743053436279297
3774,0.017040105536580086,0.05000000074505806,0.1563449203968048,3.759681463241577
3775,0.017006659880280495,0.05000000074505806,0.15810851752758026,3.793402671813965
3776,0.0171170886605978,0.05000000074505806,0.15664967894554138,3.7685046195983887
3777,0.01714598946273327,0.05000000074505806,0.15698441863059998,3.7622551918029785
3778,0.018148992210626602,0.05000000074505806,0.15898281335830688,3.8031246662139893
3779,0.017220288515090942,0.05000000074505806,0.15720924735069275,3.781372308731079
3780,0.01817762851715088,0.05000000074505806,0.154991015791893,3.715808868408203
3781,0.015439501032233238,0.05000000074505806,0.15759892761707306,3.777083396911621
3782,0.01685214415192604,0.05000000074505806,0.15581035614013672,3.7444849014282227
3783,0.016014013439416885,0.05000000074505806,0.15896283090114594,3.81516170501709
3784,0.015783458948135376,0.05000000074505806,0.1562899649143219,3.754166841506958
3785,0.015457578003406525,0.05000000074505806,0.15722422301769257,3.775980234146118
3786,0.016640543937683105,0.05000000074505806,0.1576588749885559,3.7750000953674316
3787,0.016554560512304306,0.05000000074505806,0.15788869559764862,3.7816176414489746
3788,0.01497782114893198,0.05000000074505806,0.15716928243637085,3.7699756622314453
3789,0.01735575683414936,0.05000000074505806,0.15646982192993164,3.7589120864868164
3790,0.016557257622480392,0.05000000074505806,0.15530574321746826,3.7268381118774414
3791,0.015518451109528542,0.05000000074505806,0.1577388048171997,3.79386568069458
3792,0.015512367710471153,0.05000000074505806,0.1565047949552536,3.766789197921753
3793,0.01711362972855568,0.05000000074505806,0.15865308046340942,3.808701276779175
3794,0.016906142234802246,0.05000000074505806,0.15974220633506775,3.8172454833984375
3795,0.015200188383460045,0.05000000074505806,0.1600569486618042,3.837010145187378
3796,0.01889592409133911,0.05000000074505806,0.15831834077835083,3.8055145740509033
3797,0.016394680365920067,0.05000000074505806,0.15586531162261963,3.739698648452759
3798,0.01897534914314747,0.05000000074505806,0.15741406381130219,3.772303819656372
3799,0.01618877425789833,0.05000000074505806,0.15736910700798035,3.7886576652526855
3800,0.01516431849449873,0.05000000074505806,0.1565047949552536,3.7582106590270996
3801,0.016439804807305336,0.05000000074505806,0.15762890875339508,3.7888479232788086
3802,0.0180707685649395,0.05000000074505806,0.15729917585849762,3.7609951496124268
3803,0.016649048775434494,0.05000000074505806,0.15928256511688232,3.8285534381866455
3804,0.014360396191477776,0.05000000074505806,0.15630994737148285,3.743872880935669
3805,0.018370982259511948,0.05000000074505806,0.15655475854873657,3.7567129135131836
3806,0.015285712666809559,0.05000000074505806,0.15618005394935608,3.749631881713867
3807,0.014805094338953495,0.05000000074505806,0.15627998113632202,3.7597224712371826
3808,0.01726076751947403,0.05000000074505806,0.1576988399028778,3.787132740020752
3809,0.017242107540369034,0.05000000074505806,0.15888787806034088,3.808945894241333
3810,0.01641857624053955,0.05000000074505806,0.15825839340686798,3.7979166507720947
3811,0.018082600086927414,0.05000000074505806,0.1587030291557312,3.8045339584350586
3812,0.015215883031487465,0.05000000074505806,0.15714427828788757,3.7803921699523926
3813,0.01675828918814659,0.05000000074505806,0.1572142243385315,3.759953737258911
3814,0.0161579642444849,0.05000000074505806,0.1578586995601654,3.795098066329956
3815,0.014708980917930603,0.05000000074505806,0.15691445767879486,3.7723379135131836
3816,0.016912031918764114,0.05000000074505806,0.15724921226501465,3.7773287296295166
3817,0.015763776376843452,0.05000000074505806,0.15641488134860992,3.758333683013916
3818,0.016831589862704277,0.05000000074505806,0.15801359713077545,3.778935194015503
3819,0.015996411442756653,0.05000000074505806,0.15728417038917542,3.775245189666748
3820,0.01562623493373394,0.05000000074505806,0.15589027106761932,3.736029624938965
3821,0.019472315907478333,0.05000000074505806,0.1583433300256729,3.7971065044403076
3822,0.017085367813706398,0.05000000074505806,0.15807853639125824,3.7933828830718994
3823,0.01696886122226715,0.05000000074505806,0.15774880349636078,3.797685146331787
3824,0.015848858281970024,0.05000000074505806,0.1589428335428238,3.820833206176758
3825,0.015025543048977852,0.05000000074505806,0.15925759077072144,3.817157030105591
3826,0.017822427675127983,0.05000000074505806,0.15774379670619965,3.7821760177612305
3827,0.016323313117027283,0.05000000074505806,0.15698441863059998,3.7726714611053467
3828,0.015634583309292793,0.05000000074505806,0.15809352695941925,3.786764621734619
3829,0.01523489411920309,0.05000000074505806,0.15643984079360962,3.751851797103882
3830,0.017693394795060158,0.05000000074505806,0.15803857147693634,3.7976715564727783
3831,0.017324313521385193,0.05000000074505806,0.15764887630939484,3.7891201972961426
3832,0.015803666785359383,0.05000000074505806,0.15688449144363403,3.773529052734375
3833,0.016908681020140648,0.05000000074505806,0.1573890894651413,3.778186082839966
3834,0.01629066839814186,0.05000000074505806,0.15859311819076538,3.7902777194976807
3835,0.01614990457892418,0.05000000074505806,0.15534572303295135,3.725980281829834
3836,0.017480088397860527,0.05000000074505806,0.1570693403482437,3.763357639312744
3837,0.01605510339140892,0.05000000074505806,0.15755395591259003,3.784606456756592
3838,0.01655523292720318,0.05000000074505806,0.15787869691848755,3.7875001430511475
3839,0.01797792874276638,0.05000000074505806,0.15858812630176544,3.8164350986480713
3840,0.01694978028535843,0.05000000074505806,0.15735411643981934,3.7825982570648193
3841,0.01794266887009144,0.05000000074505806,0.15637490153312683,3.754901647567749
3842,0.01866445690393448,0.05000000074505806,0.15560050308704376,3.7270829677581787
3843,0.016273219138383865,0.05000000074505806,0.15687450766563416,3.7658090591430664
3844,0.015729762613773346,0.05000000074505806,0.15842826664447784,3.789093017578125
3845,0.016586607322096825,0.05000000074505806,0.15707434713840485,3.7791669368743896
3846,0.01689099706709385,0.05000000074505806,0.1589028686285019,3.812009572982788
3847,0.016327351331710815,0.05000000074505806,0.15767386555671692,3.7898147106170654
3848,0.01719444803893566,0.05000000074505806,0.15794864296913147,3.7947304248809814
3849,0.015962347388267517,0.05000000074505806,0.1565297693014145,3.7497549057006836
3850,0.015833180397748947,0.05000000074505806,0.1582084447145462,3.794675588607788
3851,0.0158519446849823,0.05000000074505806,0.1603916883468628,3.841912031173706
3852,0.01596989296376705,0.05000000074505806,0.15855816006660461,3.8039214611053467
3853,0.016263511031866074,0.05000000074505806,0.15908773243427277,3.8221065998077393
3854,0.014286202378571033,0.05000000074505806,0.15773381292819977,3.7846813201904297
3855,0.0173791591078043,0.05000000074505806,0.16038669645786285,3.8572916984558105
3856,0.017191393300890923,0.05000000074505806,0.15806853771209717,3.7943623065948486
3857,0.017242997884750366,0.05000000074505806,0.15763889253139496,3.8003673553466797
3858,0.016306472942233086,0.05000000074505806,0.15665468573570251,3.7406249046325684
3859,0.018182100728154182,0.05000000074505806,0.15779376029968262,3.7857844829559326
3860,0.01763196289539337,0.05000000074505806,0.15749400854110718,3.77512264251709
3861,0.017378808930516243,0.05000000074505806,0.15668466687202454,3.7559030055999756
3862,0.017660975456237793,0.05000000074505806,0.15745404362678528,3.7856619358062744
3863,0.017449894919991493,0.05000000074505806,0.1567346155643463,3.770254611968994
3864,0.016946779564023018,0.05000000074505806,0.1585831344127655,3.8187501430511475
3865,0.01668616756796837,0.05000000074505806,0.15704436600208282,3.7622549533843994
3866,0.015915002673864365,0.05000000074505806,0.15600520372390747,3.740509271621704
3867,0.016501963138580322,0.05000000074505806,0.15774381160736084,3.783823251724243
3868,0.01561666838824749,0.05000000074505806,0.1584232598543167,3.7906858921051025
3869,0.01639239862561226,0.05000000074505806,0.1593725085258484,3.8240737915039062
3870,0.016190174967050552,0.05000000074505806,0.15707933902740479,3.776592969894409
3871,0.017066819593310356,0.05000000074505806,0.15748901665210724,3.785417079925537
3872,0.017003873363137245,0.05000000074505806,0.1571492999792099,3.7810049057006836
3873,0.015367219224572182,0.05000000074505806,0.15853315591812134,3.795588254928589
3874,0.017777634784579277,0.05000000074505806,0.15957732498645782,3.8240740299224854
3875,0.018033679574728012,0.05000000074505806,0.15747901797294617,3.7796571254730225
3876,0.017064396291971207,0.05000000074505806,0.1584632247686386,3.8025732040405273
3877,0.016631819307804108,0.05000000074505806,0.15888789296150208,3.806133985519409
3878,0.01719086617231369,0.05000000074505806,0.15695442259311676,3.771078586578369
3879,0.018911905586719513,0.05000000074505806,0.15927258133888245,3.8278939723968506
3880,0.016819186508655548,0.05000000074505806,0.15854816138744354,3.816053867340088
3881,0.016218367964029312,0.05000000074505806,0.15844324231147766,3.7807602882385254
3882,0.017630191519856453,0.05000000074505806,0.1570693403482437,3.7741897106170654
3883,0.016679519787430763,0.05000000074505806,0.15688948333263397,3.774509906768799
3884,0.01635126769542694,0.05000000074505806,0.15781375765800476,3.7677695751190186
3885,0.016598256304860115,0.05000000074505806,0.1560351848602295,3.7509260177612305
3886,0.015477010048925877,0.05000000074505806,0.1601918488740921,3.850857973098755
3887,0.017390726134181023,0.05000000074505806,0.15624499320983887,3.7585647106170654
3888,0.014462031424045563,0.05000000074505806,0.15484613180160522,3.7227938175201416
3889,0.01656835898756981,0.05000000074505806,0.15851818025112152,3.8036766052246094
3890,0.016526399180293083,0.05000000074505806,0.15931755304336548,3.811689853668213
3891,0.016444850713014603,0.05000000074505806,0.15816347301006317,3.7925243377685547
3892,0.016586558893322945,0.05000000074505806,0.15760891139507294,3.7844364643096924
3893,0.01648798957467079,0.05000000074505806,0.15707434713840485,3.7677087783813477
3894,0.01651172898709774,0.05000000074505806,0.15864808857440948,3.798774242401123
3895,0.014691858552396297,0.05000000074505806,0.15627996623516083,3.769097328186035
3896,0.018928978592157364,0.05000000074505806,0.15669465065002441,3.7677693367004395
3897,0.017157813534140587,0.05000000074505806,0.15818844735622406,3.7973036766052246
3898,0.015507809817790985,0.05000000074505806,0.1556205153465271,3.727430582046509
3899,0.016850724816322327,0.05000000074505806,0.1572841852903366,3.768749952316284
3900,0.016556544229388237,0.05000000074505806,0.15611010789871216,3.7490196228027344
3901,0.017869653180241585,0.05000000074505806,0.15688949823379517,3.7649307250976562
3902,0.01629202626645565,0.05000000074505806,0.15702438354492188,3.764461040496826
3903,0.01717306673526764,0.05000000074505806,0.158877894282341,3.8207173347473145
3904,0.01586907170712948,0.05000000074505806,0.15750400722026825,3.7881128787994385
3905,0.016808072105050087,0.05000000074505806,0.1571342945098877,3.7749998569488525
3906,0.015975631773471832,0.05000000074505806,0.15904776751995087,3.7986111640930176
3907,0.016344144940376282,0.05000000074505806,0.1579936146736145,3.7948529720306396
3908,0.015534918755292892,0.05000000074505806,0.1571492850780487,3.771200656890869
3909,0.017453908920288086,0.05000000074505806,0.15672461688518524,3.761805772781372
3910,0.016971919685602188,0.05000000074505806,0.15665967762470245,3.757965326309204
3911,0.015863224864006042,0.05000000074505806,0.15577538311481476,3.7451391220092773
3912,0.017128927633166313,0.05000000074505806,0.15652978420257568,3.764583110809326
3913,0.015648502856492996,0.05000000074505806,0.15596522390842438,3.74399471282959
3914,0.0168171226978302,0.05000000074505806,0.16004696488380432,3.825000047683716
3915,0.016235046088695526,0.05000000074505806,0.15911270678043365,3.8224265575408936
3916,0.01745680719614029,0.05000000074505806,0.15782375633716583,3.781740427017212
3917,0.017380118370056152,0.05000000074505806,0.1568145453929901,3.7604169845581055
3918,0.01524107251316309,0.05000000074505806,0.15883292257785797,3.809314012527466
3919,0.017379948869347572,0.05000000074505806,0.15637490153312683,3.7685184478759766
3920,0.018873702734708786,0.05000000074505806,0.1565847247838974,3.7665441036224365
3921,0.016567032784223557,0.05000000074505806,0.158273383975029,3.793872594833374
3922,0.02065178006887436,0.05000000074505806,0.15898780524730682,3.8065969944000244
3923,0.015956496819853783,0.05000000074505806,0.15684951841831207,3.762009620666504
3924,0.01705382578074932,0.05000000074505806,0.1590527594089508,3.8140931129455566
3925,0.017120718955993652,0.05000000074505806,0.15747901797294617,3.779745578765869
3926,0.01601976528763771,0.05000000074505806,0.1582334041595459,3.791421413421631
3927,0.015594147145748138,0.05000000074505806,0.1555655598640442,3.7510416507720947
3928,0.017598969861865044,0.05000000074505806,0.1576438844203949,3.78602933883667
3929,0.016577353700995445,0.05000000074505806,0.15802358090877533,3.7959561347961426
3930,0.01857779361307621,0.05000000074505806,0.15683451294898987,3.752662181854248
3931,0.017892958596348763,0.05000000074505806,0.15769383311271667,3.788480281829834
3932,0.014444543048739433,0.05000000074505806,0.1576588749885559,3.7743871212005615
3933,0.016209308058023453,0.05000000074505806,0.1575489640235901,3.7813658714294434
3934,0.014480473473668098,0.05000000074505806,0.1563049554824829,3.758946180343628
3935,0.019921576604247093,0.05000000074505806,0.15625499188899994,3.755208730697632
3936,0.017069241032004356,0.05000000074505806,0.15849322080612183,3.8085777759552
3937,0.01724782958626747,0.05000000074505806,0.15864308178424835,3.8031861782073975
3938,0.016644440591335297,0.05000000074505806,0.15777379274368286,3.7854161262512207
3939,0.016169095411896706,0.05000000074505806,0.1578187346458435,3.785048723220825
3940,0.01532047614455223,0.05000000074505806,0.1579786241054535,3.7791664600372314
3941,0.016409216448664665,0.05000000074505806,0.1561950445175171,3.752777576446533
3942,0.014694275334477425,0.05000000074505806,0.15745903551578522,3.783700942993164
3943,0.017382163554430008,0.05000000074505806,0.15420663356781006,3.712268352508545
3944,0.015918878838419914,0.05000000074505806,0.15781374275684357,3.8033087253570557
3945,0.016945574432611465,0.05000000074505806,0.15796862542629242,3.7814950942993164
3946,0.01618838682770729,0.05000000074505806,0.15654975175857544,3.74699068069458
3947,0.017415087670087814,0.05000000074505806,0.15796364843845367,3.784926414489746
3948,0.016384130343794823,0.05000000074505806,0.15652978420257568,3.7636027336120605
3949,0.01859799027442932,0.05000000074505806,0.15955735743045807,3.8233797550201416
3950,0.01853972300887108,0.05000000074505806,0.15758393704891205,3.7816176414489746
3951,0.015382888726890087,0.05000000074505806,0.1560501605272293,3.7559030055999756
3952,0.015599343925714493,0.05000000074505806,0.1563299298286438,3.7623775005340576
3953,0.016887035220861435,0.05000000074505806,0.15777377784252167,3.773529291152954
3954,0.014155818149447441,0.05000000074505806,0.15625499188899994,3.74884295463562
3955,0.017313629388809204,0.05000000074505806,0.1569744497537613,3.7682597637176514
3956,0.016319124028086662,0.05000000074505806,0.1574840098619461,3.767892360687256
3957,0.017112888395786285,0.05000000074505806,0.15747402608394623,3.785069465637207
3958,0.01719553768634796,0.05000000074505806,0.15822342038154602,3.798039436340332
3959,0.01609286665916443,0.05000000074505806,0.15806855261325836,3.801504611968994
3960,0.01709086075425148,0.05000000074505806,0.1572292149066925,3.78051495552063
3961,0.018896210938692093,0.05000000074505806,0.1560501605272293,3.7430148124694824
3962,0.01689961552619934,0.05000000074505806,0.15747901797294617,3.7708332538604736
3963,0.016156978905200958,0.05000000074505806,0.156934455037117,3.7604167461395264
3964,0.015711579471826553,0.05000000074505806,0.15864308178424835,3.797548770904541
3965,0.017974592745304108,0.05000000074505806,0.15741905570030212,3.7818286418914795
3966,0.015588400885462761,0.05000000074505806,0.159532368183136,3.8360297679901123
3967,0.01728632301092148,0.05000000074505806,0.15885291993618011,3.8203704357147217
3968,0.0176315288990736,0.05000000074505806,0.15708933770656586,3.776470422744751
3969,0.017682060599327087,0.05000000074505806,0.1572292149066925,3.7714459896087646
3970,0.014439313672482967,0.05000000074505806,0.15743905305862427,3.7666666507720947
3971,0.015894807875156403,0.05000000074505806,0.15912270545959473,3.8312504291534424
3972,0.01641559973359108,0.05000000074505806,0.1573341339826584,3.762132167816162
3973,0.01806139573454857,0.05000000074505806,0.15794363617897034,3.7898147106170654
3974,0.016371574252843857,0.05000000074505806,0.1581684648990631,3.7947304248809814
3975,0.016149263828992844,0.05000000074505806,0.15721921622753143,3.7853009700775146
3976,0.01510022021830082,0.05000000074505806,0.15908272564411163,3.827695846557617
3977,0.015780754387378693,0.05000000074505806,0.15611010789871216,3.7501227855682373
3978,0.017656680196523666,0.05000000074505806,0.15797361731529236,3.774074077606201
3979,0.016140345484018326,0.05000000074505806,0.16042666137218475,3.849264621734619
3980,0.01602848619222641,0.05000000074505806,0.1570943295955658,3.7648282051086426
3981,0.01753949001431465,0.05000000074505806,0.15547062456607819,3.73703670501709
3982,0.017470788210630417,0.05000000074505806,0.15727916359901428,3.7893383502960205
3983,0.015763897448778152,0.05000000074505806,0.15856316685676575,3.798495292663574
3984,0.016000451520085335,0.05000000074505806,0.15688449144363403,3.7659313678741455
3985,0.017316322773694992,0.05000000074505806,0.1578337401151657,3.790931224822998
3986,0.016564197838306427,0.05000000074505806,0.15692444145679474,3.760301113128662
3987,0.01584683544933796,0.05000000074505806,0.15692946314811707,3.7594361305236816
3988,0.015841105952858925,0.05000000074505806,0.15831336379051208,3.802328586578369
3989,0.01623932272195816,0.05000000074505806,0.15732912719249725,3.7730321884155273
3990,0.01600058190524578,0.05000000074505806,0.15600518882274628,3.7550246715545654
3991,0.01606341078877449,0.05000000074505806,0.1583283394575119,3.7979166507720947
3992,0.016179919242858887,0.05000000074505806,0.15836331248283386,3.810171365737915
3993,0.015399409458041191,0.05000000074505806,0.15626998245716095,3.7437500953674316
3994,0.015752052888274193,0.05000000074505806,0.15581533312797546,3.73703670501709
3995,0.016762973740696907,0.05000000074505806,0.1572691947221756,3.775244951248169
3996,0.01722547970712185,0.05000000074505806,0.15780875086784363,3.781127691268921
3997,0.016220493242144585,0.05000000074505806,0.1580185741186142,3.7840280532836914
3998,0.01685510016977787,0.05000000074505806,0.15864311158657074,3.82205867767334
3999,0.015497616492211819,0.05000000074505806,0.15721924602985382,3.7746527194976807
4000,0.017865801230072975,0.05000000074505806,0.15697942674160004,3.7796571254730225
4001,0.016682272776961327,0.05000000074505806,0.15782372653484344,3.7827205657958984
4002,0.01548778172582388,0.05000000074505806,0.15614508092403412,3.7383100986480713
4003,0.016529768705368042,0.05000000074505806,0.1568944752216339,3.759068250656128
4004,0.016763532534241676,0.05000000074505806,0.1565047949552536,3.7577202320098877
4005,0.016761161386966705,0.05000000074505806,0.1581684648990631,3.7917821407318115
4006,0.015236535109579563,0.05000000074505806,0.15784871578216553,3.786642074584961
4007,0.015435833483934402,0.05000000074505806,0.15784871578216553,3.8008103370666504
4008,0.014850745908915997,0.05000000074505806,0.15653975307941437,3.7629899978637695
4009,0.017903758212924004,0.05000000074505806,0.15586529672145844,3.738602876663208
4010,0.01713215559720993,0.05000000074505806,0.15712930262088776,3.762615919113159
4011,0.017794139683246613,0.05000000074505806,0.15732912719249725,3.7870094776153564
4012,0.015553123317658901,0.05000000074505806,0.1577388048171997,3.779411792755127
4013,0.014494761824607849,0.05000000074505806,0.1579786092042923,3.780439853668213
4014,0.0165056474506855,0.05000000074505806,0.1568944901227951,3.77647066116333
4015,0.02062193863093853,0.05000000074505806,0.15822342038154602,3.796064853668213
4016,0.01881112903356552,0.05000000074505806,0.1585431694984436,3.807107925415039
4017,0.01835760846734047,0.05000000074505806,0.15983712673187256,3.831617832183838
4018,0.01912490837275982,0.05000000074505806,0.15721921622753143,3.7722225189208984
4019,0.016476212069392204,0.05000000074505806,0.1582883894443512,3.793872356414795
4020,0.016810374334454536,0.05000000074505806,0.1598321497440338,3.8356616497039795
4021,0.01606909930706024,0.05000000074505806,0.1582483947277069,3.7974536418914795
4022,0.016711097210645676,0.05000000074505806,0.1566397100687027,3.767401933670044
4023,0.017997536808252335,0.05000000074505806,0.15898780524730682,3.818171501159668
4024,0.01590902730822563,0.05000000074505806,0.15637490153312683,3.762009859085083
4025,0.014973617158830166,0.05000000074505806,0.1572142243385315,3.7756125926971436
4026,0.015127151273190975,0.05000000074505806,0.1570143848657608,3.7574076652526855
4027,0.019491132348775864,0.05000000074505806,0.15825340151786804,3.7888479232788086
4028,0.016565127298235893,0.05000000074505806,0.15842826664447784,3.798529624938965
4029,0.016138602048158646,0.05000000074505806,0.15746401250362396,3.790046453475952
4030,0.017620805650949478,0.05000000074505806,0.1565047949552536,3.7551472187042236
4031,0.018220214173197746,0.05000000074505806,0.15751898288726807,3.782870292663574
4032,0.016390647739171982,0.05000000074505806,0.1610611528158188,3.869117498397827
4033,0.016309624537825584,0.05000000074505806,0.15698441863059998,3.7714459896087646
4034,0.018314724788069725,0.05000000074505806,0.15770883858203888,3.778125047683716
4035,0.01774471625685692,0.05000000074505806,0.15733912587165833,3.7756125926971436
4036,0.017508523538708687,0.05000000074505806,0.1585531383752823,3.7971816062927246
4037,0.0177652258425951,0.05000000074505806,0.15667465329170227,3.7608795166015625
4038,0.01461733691394329,0.05000000074505806,0.1584632396697998,3.808333396911621
4039,0.015789048746228218,0.05000000074505806,0.15781375765800476,3.792593002319336
4040,0.017763257026672363,0.05000000074505806,0.15941748023033142,3.834926128387451
4041,0.015484831295907497,0.05000000074505806,0.15515588223934174,3.7280635833740234
4042,0.018044162541627884,0.05000000074505806,0.16161568462848663,3.856018543243408
4043,0.015961874276399612,0.05000000074505806,0.15861810743808746,3.811765193939209
4044,0.017582951113581657,0.05000000074505806,0.1585182100534439,3.7924017906188965
4045,0.018726490437984467,0.05000000074505806,0.15727916359901428,3.7776620388031006
4046,0.014773985370993614,0.05000000074505806,0.1563049554824829,3.7551469802856445
4047,0.01590082049369812,0.05000000074505806,0.15660971403121948,3.766782522201538
4048,0.01586385816335678,0.05000000074505806,0.15660972893238068,3.7676470279693604
4049,0.016259178519248962,0.05000000074505806,0.15753398835659027,3.7790441513061523
4050,0.015715258195996284,0.05000000074505806,0.15763890743255615,3.7748842239379883
4051,0.016901053488254547,0.05000000074505806,0.15523581206798553,3.7197301387786865
4052,0.01555476151406765,0.05000000074505806,0.15958234667778015,3.81862735748291
4053,0.015435798093676567,0.05000000074505806,0.15737909078598022,3.7855327129364014
4054,0.015282467007637024,0.05000000074505806,0.15775877237319946,3.793259620666504
4055,0.016627753153443336,0.05000000074505806,0.157508984208107,3.7826385498046875
4056,0.0171207245439291,0.05000000074505806,0.15706433355808258,3.774509906768799
4057,0.017963195219635963,0.05000000074505806,0.158303365111351,3.7995097637176514
4058,0.015563637018203735,0.05000000074505806,0.15825340151786804,3.787036657333374
4059,0.01999026909470558,0.05000000074505806,0.1575789451599121,3.79215669631958
4060,0.017113063484430313,0.05000000074505806,0.1578587144613266,3.774509906768799
4061,0.015960969030857086,0.05000000074505806,0.15851320326328278,3.8031249046325684
4062,0.017927231267094612,0.05000000074505806,0.1580335795879364,3.8002450466156006
4063,0.016960198059678078,0.05000000074505806,0.15703937411308289,3.772453546524048
4064,0.017346791923046112,0.05000000074505806,0.15790867805480957,3.794975519180298
4065,0.016292739659547806,0.05000000074505806,0.1581384837627411,3.794362783432007
4066,0.015750054270029068,0.05000000074505806,0.15921762585639954,3.81851863861084
4067,0.015550818294286728,0.05000000074505806,0.15620003640651703,3.7448527812957764
4068,0.016590891405940056,0.05000000074505806,0.15679457783699036,3.7557597160339355
4069,0.016417449340224266,0.05000000074505806,0.1569594293832779,3.766319513320923
4070,0.018221501260995865,0.05000000074505806,0.15852318704128265,3.805392026901245
4071,0.01472322829067707,0.05000000074505806,0.15912769734859467,3.8260419368743896
4072,0.01644270308315754,0.05000000074505806,0.15544064342975616,3.7346813678741455
4073,0.01523356419056654,0.05000000074505806,0.15639987587928772,3.7496325969696045
4074,0.017177967354655266,0.05000000074505806,0.1579136699438095,3.782870292663574
4075,0.016204964369535446,0.05000000074505806,0.1581284999847412,3.801102876663208
4076,0.01524520292878151,0.05000000074505806,0.16050657629966736,3.835784673690796
4077,0.016531337052583694,0.05000000074505806,0.1579636186361313,3.79386568069458
4078,0.017625097185373306,0.05000000074505806,0.15734411776065826,3.7846813201904297
4079,0.015658996999263763,0.05000000074505806,0.15710431337356567,3.776273488998413
4080,0.016599101945757866,0.05000000074505806,0.15629495680332184,3.754901647567749
4081,0.017410749569535255,0.05000000074505806,0.15673960745334625,3.765195846557617
4082,0.015543913468718529,0.05000000074505806,0.1590127795934677,3.8034722805023193
4083,0.016037268564105034,0.05000000074505806,0.15729916095733643,3.77107834815979
4084,0.015468880534172058,0.05000000074505806,0.15888288617134094,3.8079657554626465
4085,0.015237430110573769,0.05000000074505806,0.1565197855234146,3.756944417953491
4086,0.018927039578557014,0.05000000074505806,0.1580086052417755,3.7995097637176514
4087,0.016743451356887817,0.05000000074505806,0.15575039386749268,3.7462966442108154
4088,0.017372259870171547,0.05000000074505806,0.1578986942768097,3.795710563659668
4089,0.017076442018151283,0.05000000074505806,0.16028177738189697,3.8476715087890625
4090,0.017284108325839043,0.05000000074505806,0.15918266773223877,3.811689615249634
4091,0.015606619417667389,0.05000000074505806,0.15811851620674133,3.797916889190674
4092,0.016043100506067276,0.05000000074505806,0.15692445635795593,3.7574756145477295
4093,0.01595555804669857,0.05000000074505806,0.15653978288173676,3.75960636138916
4094,0.01620045304298401,0.05000000074505806,0.15751399099826813,3.780759811401367
4095,0.01767001301050186,0.05000000074505806,0.15665467083454132,3.7657408714294434
4096,0.016727205365896225,0.05000000074505806,0.15680456161499023,3.7688724994659424
4097,0.016419529914855957,0.05000000074505806,0.15562549233436584,3.735538959503174
4098,0.014526431448757648,0.05000000074505806,0.15960730612277985,3.819444417953491
4099,0.01722259819507599,0.05000000074505806,0.15711930394172668,3.769362449645996
4100,0.018014688044786453,0.05000000074505806,0.1567995548248291,3.7563722133636475
4101,0.01828094944357872,0.05000000074505806,0.1575489491224289,3.779397964477539
4102,0.016781700775027275,0.05000000074505806,0.15514588356018066,3.7360291481018066
4103,0.017172768712043762,0.05000000074505806,0.15650978684425354,3.7554397583007812
4104,0.01580236107110977,0.05000000074505806,0.15717925131320953,3.7761032581329346
4105,0.016097938641905785,0.05000000074505806,0.15562549233436584,3.741544246673584
4106,0.014282191172242165,0.05000000074505806,0.15881295502185822,3.7962965965270996
4107,0.019840402528643608,0.05000000074505806,0.1562349945306778,3.7471816539764404
4108,0.014459929428994656,0.05000000074505806,0.1564798206090927,3.751225471496582
4109,0.017586709931492805,0.05000000074505806,0.15790867805480957,3.7864582538604736
4110,0.015349402092397213,0.05000000074505806,0.15819844603538513,3.8056373596191406
4111,0.016476433724164963,0.05000000074505806,0.1553257405757904,3.7331020832061768
4112,0.015215549618005753,0.05000000074505806,0.15900279581546783,3.814950704574585
4113,0.01426024455577135,0.05000000074505806,0.1587979793548584,3.8128674030303955
4114,0.015672864392399788,0.05000000074505806,0.15909771621227264,3.8175923824310303
4115,0.01564963534474373,0.05000000074505806,0.15653976798057556,3.753676414489746
4116,0.017264459282159805,0.05000000074505806,0.15749400854110718,3.774019718170166
4117,0.01482175849378109,0.05000000074505806,0.15639488399028778,3.7519679069519043
4118,0.015476055443286896,0.05000000074505806,0.1571093201637268,3.776960849761963
4119,0.0173539686948061,0.05000000074505806,0.15485112369060516,3.723263740539551
4120,0.0156744085252285,0.05000000074505806,0.15758894383907318,3.794485092163086
4121,0.01676242984831333,0.05000000074505806,0.15796862542629242,3.787867546081543
4122,0.01619192212820053,0.05000000074505806,0.15698941051959991,3.762962579727173
4123,0.015074089169502258,0.05000000074505806,0.15987209975719452,3.820220947265625
4124,0.015054477378726006,0.05000000074505806,0.15896281599998474,3.8140928745269775
4125,0.016465263441205025,0.05000000074505806,0.1567596048116684,3.769097328186035
4126,0.01679965667426586,0.05000000074505806,0.15579037368297577,3.742279291152954
4127,0.014866742305457592,0.05000000074505806,0.15900777280330658,3.8203701972961426
4128,0.01634131371974945,0.05000000074505806,0.1561700701713562,3.756495237350464
4129,0.018076397478580475,0.05000000074505806,0.15366706252098083,3.6830878257751465
4130,0.016623830422759056,0.05000000074505806,0.15855816006660461,3.7929399013519287
4131,0.016538050025701523,0.05000000074505806,0.15554556250572205,3.7394604682922363
4132,0.016949176788330078,0.05000000074505806,0.1578187346458435,3.7799017429351807
4133,0.015885544940829277,0.05000000074505806,0.15727418661117554,3.7703704833984375
4134,0.015494837425649166,0.05000000074505806,0.15937750041484833,3.824019193649292
4135,0.016244877129793167,0.05000000074505806,0.15672962367534637,3.7746524810791016
4136,0.01749548129737377,0.05000000074505806,0.15746401250362396,3.781862735748291
4137,0.016046641394495964,0.05000000074505806,0.15676458179950714,3.759681224822998
4138,0.016832826659083366,0.05000000074505806,0.15770384669303894,3.782407760620117
4139,0.014415386132895947,0.05000000074505806,0.156934455037117,3.7647058963775635
4140,0.01485452614724636,0.05000000074505806,0.15708933770656586,3.767524480819702
4141,0.017757942900061607,0.05000000074505806,0.1581534892320633,3.792013645172119
4142,0.015860335901379585,0.05000000074505806,0.15699440240859985,3.7672791481018066
4143,0.016381392255425453,0.05000000074505806,0.1551508754491806,3.7344908714294434
4144,0.016490645706653595,0.05000000074505806,0.1560351848602295,3.7498772144317627
4145,0.017384203150868416,0.05000000074505806,0.15685951709747314,3.7713234424591064
4146,0.017862947657704353,0.05000000074505806,0.15875300765037537,3.792361259460449
4147,0.01759931445121765,0.05000000074505806,0.158208429813385,3.801102876663208
4148,0.016508447006344795,0.05000000074505806,0.15736910700798035,3.77034330368042
4149,0.01688072644174099,0.05000000074505806,0.1588629186153412,3.811689853668213
4150,0.01731598749756813,0.05000000074505806,0.15779876708984375,3.777573347091675
4151,0.01701597310602665,0.05000000074505806,0.1559552401304245,3.7604167461395264
4152,0.015301317907869816,0.05000000074505806,0.1585681438446045,3.808945894241333
4153,0.016679907217621803,0.05000000074505806,0.1574440449476242,3.7802696228027344
4154,0.016981694847345352,0.05000000074505806,0.1577388048171997,3.7765045166015625
4155,0.0173789095133543,0.05000000074505806,0.15689946711063385,3.7749998569488525
4156,0.01880624331533909,0.05000000074505806,0.15961231291294098,3.812990188598633
4157,0.01739267259836197,0.05000000074505806,0.1568145453929901,3.768402576446533
4158,0.01626339741051197,0.05000000074505806,0.15792864561080933,3.7939953804016113
4159,0.016730014234781265,0.05000000074505806,0.15770882368087769,3.790740489959717
4160,0.019967520609498024,0.05000000074505806,0.15704937279224396,3.7742650508880615
4161,0.014913997612893581,0.05000000074505806,0.15854817628860474,3.7973036766052246
4162,0.015900427475571632,0.05000000074505806,0.15785372257232666,3.790046453475952
4163,0.015917988494038582,0.05000000074505806,0.15871302783489227,3.8045341968536377
4164,0.016091283410787582,0.05000000074505806,0.16137588024139404,3.864093065261841
4165,0.016425056383013725,0.05000000074505806,0.1580185890197754,3.7949070930480957
4166,0.01662658154964447,0.05000000074505806,0.15736910700798035,3.7834556102752686
4167,0.015948958694934845,0.05000000074505806,0.15715426206588745,3.7791669368743896
4168,0.01855960674583912,0.05000000074505806,0.1577388048171997,3.789705753326416
4169,0.01676841266453266,0.05000000074505806,0.15819844603538513,3.805759906768799
4170,0.015532325953245163,0.05000000074505806,0.15940247476100922,3.8115737438201904
4171,0.016027966514229774,0.05000000074505806,0.157603919506073,3.779533863067627
4172,0.015710314735770226,0.05000000074505806,0.15710431337356567,3.7624995708465576
4173,0.01639978587627411,0.05000000074505806,0.1588379442691803,3.810995578765869
4174,0.01690213568508625,0.05000000074505806,0.1580585539340973,3.793872356414795
4175,0.018311865627765656,0.05000000074505806,0.15734411776065826,3.7871525287628174
4176,0.01584651693701744,0.05000000074505806,0.1551109105348587,3.728431224822998
4177,0.016947157680988312,0.05000000074505806,0.15793365240097046,3.785907030105591
4178,0.017136575654149055,0.05000000074505806,0.1584632396697998,3.796064615249634
4179,0.017491929233074188,0.05000000074505806,0.15992705523967743,3.8427696228027344
4180,0.017131246626377106,0.05000000074505806,0.15811851620674133,3.786520004272461
4181,0.01636645756661892,0.05000000074505806,0.15747402608394623,3.7758102416992188
4182,0.016628216952085495,0.05000000074505806,0.15648479759693146,3.763357639312744
4183,0.018367836251854897,0.05000000074505806,0.1593874841928482,3.8287036418914795
4184,0.01749574765563011,0.05000000074505806,0.15612511336803436,3.754411220550537
4185,0.01676342822611332,0.05000000074505806,0.15884295105934143,3.8125
4186,0.01654578186571598,0.05000000074505806,0.1572691798210144,3.7631943225860596
4187,0.01467472966760397,0.05000000074505806,0.15814846754074097,3.8012256622314453
4188,0.017393283545970917,0.05000000074505806,0.1581684648990631,3.7876222133636475
4189,0.01441962830722332,0.05000000074505806,0.15767386555671692,3.780439853668213
4190,0.017883997410535812,0.05000000074505806,0.1571492850780487,3.7785537242889404
4191,0.01606062799692154,0.05000000074505806,0.15657474100589752,3.762847423553467
4192,0.01610267162322998,0.05000000074505806,0.15747402608394623,3.785416841506958
4193,0.0166659913957119,0.05000000074505806,0.15808352828025818,3.7979164123535156
4194,0.016160208731889725,0.05000000074505806,0.1591876596212387,3.808680295944214
4195,0.018008548766374588,0.05000000074505806,0.15871301293373108,3.805147171020508
4196,0.01672181859612465,0.05000000074505806,0.15657974779605865,3.7508580684661865
4197,0.01481357030570507,0.05000000074505806,0.16010692715644836,3.8383100032806396
4198,0.017753617838025093,0.05000000074505806,0.15753896534442902,3.7863969802856445
4199,0.018339037895202637,0.05000000074505806,0.15567547082901,3.746528148651123
4200,0.01740363985300064,0.05000000074505806,0.1565597504377365,3.7563722133636475
4201,0.015887141227722168,0.05000000074505806,0.15922261774539948,3.8283088207244873
4202,0.017014535143971443,0.05000000074505806,0.1583283245563507,3.789583206176758
4203,0.016710009425878525,0.05000000074505806,0.15698941051959991,3.762010097503662
4204,0.015696154907345772,0.05000000074505806,0.15565046668052673,3.7419116497039795
4205,0.016095444560050964,0.05000000074505806,0.15843825042247772,3.789236068725586
4206,0.01706383191049099,0.05000000074505806,0.1586780697107315,3.8224263191223145
4207,0.015949450433254242,0.05000000074505806,0.15757893025875092,3.784259080886841
4208,0.01606345735490322,0.05000000074505806,0.15631994605064392,3.7575979232788086
4209,0.01521778479218483,0.05000000074505806,0.1573641151189804,3.76973032951355
4210,0.01624091900885105,0.05000000074505806,0.15670962631702423,3.756944417953491
4211,0.017496684566140175,0.05000000074505806,0.15672962367534637,3.7647056579589844
4212,0.016149654984474182,0.05000000074505806,0.15855816006660461,3.802205801010132
4213,0.01773632876574993,0.05000000074505806,0.15775379538536072,3.785416603088379
4214,0.01496199145913124,0.05000000074505806,0.15976719558238983,3.8302695751190186
4215,0.01770400069653988,0.05000000074505806,0.1592126488685608,3.830439805984497
4216,0.015924867242574692,0.05000000074505806,0.15687450766563416,3.769362449645996
4217,0.01609623245894909,0.05000000074505806,0.15740908682346344,3.7708330154418945
4218,0.014611029997467995,0.05000000074505806,0.15822842717170715,3.793750047683716
4219,0.015305228531360626,0.05000000074505806,0.156934455037117,3.7714459896087646
4220,0.017117373645305634,0.05000000074505806,0.15936250984668732,3.8200979232788086
4221,0.015900559723377228,0.05000000074505806,0.1564098745584488,3.75266170501709
4222,0.01601583883166313,0.05000000074505806,0.1565197855234146,3.757843255996704
4223,0.015493389219045639,0.05000000074505806,0.15741907060146332,3.783912181854248
4224,0.015690051019191742,0.05000000074505806,0.15835830569267273,3.811397075653076
4225,0.01605803519487381,0.05000000074505806,0.1553906947374344,3.722304105758667
4226,0.016747158020734787,0.05000000074505806,0.15739908814430237,3.7700235843658447
4227,0.01472032256424427,0.05000000074505806,0.15881295502185822,3.8068625926971436
4228,0.01658494397997856,0.05000000074505806,0.15753896534442902,3.778921365737915
4229,0.01698969677090645,0.05000000074505806,0.15686950087547302,3.766782522201538
4230,0.01770111545920372,0.05000000074505806,0.15774378180503845,3.789705753326416
4231,0.016819173470139503,0.05000000074505806,0.15696443617343903,3.7731480598449707
4232,0.016536539420485497,0.05000000074505806,0.15979216992855072,3.836519718170166
4233,0.01808188296854496,0.05000000074505806,0.15657474100589752,3.7598040103912354
4234,0.0157779473811388,0.05000000074505806,0.1594824194908142,3.8184030055999756
4235,0.01814001426100731,0.05000000074505806,0.15776878595352173,3.79203462600708
4236,0.016267333179712296,0.05000000074505806,0.15848322212696075,3.788970708847046
4237,0.017002712935209274,0.05000000074505806,0.15966226160526276,3.8318285942077637
4238,0.015121794305741787,0.05000000074505806,0.15608014166355133,3.7473042011260986
4239,0.016403716057538986,0.05000000074505806,0.15560053288936615,3.7462964057922363
4240,0.016467735171318054,0.05000000074505806,0.15702937543392181,3.7741425037384033
4241,0.01734580658376217,0.05000000074505806,0.15765388309955597,3.788602828979492
4242,0.01582951657474041,0.05000000074505806,0.15895281732082367,3.8005785942077637
4243,0.017180660739541054,0.05000000074505806,0.1595223844051361,3.830024480819702
4244,0.01726088486611843,0.05000000074505806,0.15700937807559967,3.7610294818878174
4245,0.015960007905960083,0.05000000074505806,0.15914766490459442,3.818981409072876
4246,0.014766911044716835,0.05000000074505806,0.15851819515228271,3.799264669418335
4247,0.017371665686368942,0.05000000074505806,0.15815848112106323,3.809143543243408
4248,0.015697279945015907,0.05000000074505806,0.15637490153312683,3.7515931129455566
4249,0.016960762441158295,0.05000000074505806,0.15653976798057556,3.764460563659668
4250,0.016217097640037537,0.05000000074505806,0.1578587293624878,3.7798612117767334
4251,0.017371436581015587,0.05000000074505806,0.15702438354492188,3.7685046195983887
4252,0.016241606324911118,0.05000000074505806,0.15745903551578522,3.766176462173462
4253,0.016113247722387314,0.05000000074505806,0.15641988813877106,3.7581019401550293
4254,0.017353354021906853,0.05000000074505806,0.1561450958251953,3.7497549057006836
4255,0.016877710819244385,0.05000000074505806,0.15836332738399506,3.807638645172119
4256,0.018462760373950005,0.05000000074505806,0.15590527653694153,3.747058868408203
4257,0.016171425580978394,0.05000000074505806,0.1576438993215561,3.7774507999420166
4258,0.01578817144036293,0.05000000074505806,0.16063649952411652,3.84525465965271
4259,0.017530538141727448,0.05000000074505806,0.1568545252084732,3.7671568393707275
4260,0.016950543969869614,0.05000000074505806,0.15737910568714142,3.7736523151397705
4261,0.014518007636070251,0.05000000074505806,0.15704935789108276,3.7702548503875732
4262,0.016145072877407074,0.05000000074505806,0.15654976665973663,3.759558916091919
4263,0.01685684733092785,0.05000000074505806,0.15742406249046326,3.7825229167938232
4264,0.015262492932379246,0.05000000074505806,0.15687450766563416,3.7731616497039795
4265,0.016312632709741592,0.05000000074505806,0.15665468573570251,3.750368118286133
4266,0.016179705038666725,0.05000000074505806,0.15828338265419006,3.795022964477539
4267,0.0176379457116127,0.05000000074505806,0.1561950445175171,3.754166603088379
4268,0.01641249470412731,0.05000000074505806,0.15725919604301453,3.7557597160339355
4269,0.016830043867230415,0.05000000074505806,0.1566646546125412,3.7621524333953857
4270,0.015826456248760223,0.05000000074505806,0.15778878331184387,3.79142165184021
4271,0.015542151406407356,0.05000000074505806,0.1575639545917511,3.79085636138916
4272,0.016494203358888626,0.05000000074505806,0.15656974911689758,3.766789197921753
4273,0.016400186344981194,0.05000000074505806,0.15526078641414642,3.7189948558807373
4274,0.01632644608616829,0.05000000074505806,0.1579136699438095,3.7863423824310303
4275,0.01949772797524929,0.05000000074505806,0.15787869691848755,3.7768380641937256
4276,0.01642267405986786,0.05000000074505806,0.15495601296424866,3.7208330631256104
4277,0.015565713867545128,0.05000000074505806,0.15682953596115112,3.762152671813965
4278,0.0156355332583189,0.05000000074505806,0.15537570416927338,3.7297794818878174
4279,0.01723252236843109,0.05000000074505806,0.15668964385986328,3.7703704833984375
4280,0.014807910658419132,0.05000000074505806,0.15988709032535553,3.846935749053955
4281,0.015153761953115463,0.05000000074505806,0.15665467083454132,3.7551469802856445
4282,0.016406767070293427,0.05000000074505806,0.15581035614013672,3.738194227218628
4283,0.01554896030575037,0.05000000074505806,0.1608763039112091,3.850980758666992
4284,0.015824763104319572,0.05000000074505806,0.1576988399028778,3.786642074584961
4285,0.017372559756040573,0.05000000074505806,0.1574990153312683,3.7758102416992188
4286,0.016896894201636314,0.05000000074505806,0.15895284712314606,3.820955753326416
4287,0.01633058674633503,0.05000000074505806,0.15833832323551178,3.8067128658294678
4288,0.015793919563293457,0.05000000074505806,0.15768885612487793,3.7904412746429443
4289,0.019708100706338882,0.05000000074505806,0.15630994737148285,3.7558820247650146
4290,0.015608122572302818,0.05000000074505806,0.1599120795726776,3.821180582046509
4291,0.015992173925042152,0.05000000074505806,0.15684454143047333,3.7593138217926025
4292,0.01634758710861206,0.05000000074505806,0.15892784297466278,3.814950942993164
4293,0.01573810912668705,0.05000000074505806,0.15824340283870697,3.7958333492279053
4294,0.016355589032173157,0.05000000074505806,0.15593524277210236,3.7442400455474854
4295,0.016332613304257393,0.05000000074505806,0.15834331512451172,3.807291269302368
4296,0.018786998465657234,0.05000000074505806,0.155565544962883,3.742769241333008
4297,0.015779418870806694,0.05000000074505806,0.15698941051959991,3.7658088207244873
4298,0.018241211771965027,0.05000000074505806,0.15828336775302887,3.786921262741089
4299,0.017051856964826584,0.05000000074505806,0.15648481249809265,3.7587008476257324
4300,0.015764130279421806,0.05000000074505806,0.15523582696914673,3.7196075916290283
4301,0.01549901906400919,0.05000000074505806,0.1586630642414093,3.7984955310821533
4302,0.01697228103876114,0.05000000074505806,0.15732413530349731,3.7868874073028564
4303,0.017704473808407784,0.05000000074505806,0.1591326892375946,3.8200230598449707
4304,0.014812560752034187,0.05000000074505806,0.1564898043870926,3.7634804248809814
4305,0.015196206979453564,0.05000000074505806,0.1578437238931656,3.7834558486938477
4306,0.01699364371597767,0.05000000074505806,0.1601918488740921,3.83923602104187
4307,0.017038874328136444,0.05000000074505806,0.15645484626293182,3.7515928745269775
4308,0.019327832385897636,0.05000000074505806,0.15837828814983368,3.7970588207244873
4309,0.016763992607593536,0.05000000074505806,0.15474121272563934,3.7155091762542725
4310,0.018088355660438538,0.05000000074505806,0.15653477609157562,3.759681224822998
4311,0.01889757066965103,0.05000000074505806,0.15534073114395142,3.7342591285705566
4312,0.016877468675374985,0.05000000074505806,0.15796363353729248,3.794975519180298
4313,0.015356183983385563,0.05000000074505806,0.15789368748664856,3.7942399978637695
4314,0.015705758705735207,0.05000000074505806,0.15881794691085815,3.8012728691101074
4315,0.01656017266213894,0.05000000074505806,0.15504595637321472,3.7221810817718506
4316,0.015864288434386253,0.05000000074505806,0.1567346155643463,3.757352828979492
4317,0.014620127156376839,0.05000000074505806,0.15795864164829254,3.7799763679504395
4318,0.017337869852781296,0.05000000074505806,0.154801145195961,3.728921890258789
4319,0.016388822346925735,0.05000000074505806,0.15742404758930206,3.7775461673736572
4320,0.015286102890968323,0.05000000074505806,0.15858812630176544,3.8109071254730225
4321,0.017269888892769814,0.05000000074505806,0.15511590242385864,3.7189950942993164
4322,0.016498463228344917,0.05000000074505806,0.15692445635795593,3.7597219944000244
4323,0.01826845109462738,0.05000000074505806,0.15719923377037048,3.7670345306396484
4324,0.015595105476677418,0.05000000074505806,0.15724919736385345,3.7784314155578613
4325,0.018779760226607323,0.05000000074505806,0.1573641002178192,3.77523136138916
4326,0.01711086370050907,0.05000000074505806,0.15915268659591675,3.815563678741455
4327,0.016235217452049255,0.05000000074505806,0.15634992718696594,3.7659718990325928
4328,0.016388224437832832,0.05000000074505806,0.15773381292819977,3.7953431606292725
4329,0.018031921237707138,0.05000000074505806,0.15743404626846313,3.774142026901245
4330,0.016599643975496292,0.05000000074505806,0.16191048920154572,3.879976987838745
4331,0.016312137246131897,0.05000000074505806,0.15755894780158997,3.775245189666748
4332,0.01563422381877899,0.05000000074505806,0.1590927243232727,3.809558629989624
4333,0.017554929479956627,0.05000000074505806,0.15759392082691193,3.782060146331787
4334,0.015613642521202564,0.05000000074505806,0.1550709456205368,3.718259572982788
4335,0.015522418543696404,0.05000000074505806,0.15569545328617096,3.752314805984497
4336,0.017243845388293266,0.05000000074505806,0.15571044385433197,3.739337921142578
4337,0.016673646867275238,0.05000000074505806,0.15764887630939484,3.783700942993164
4338,0.015449417755007744,0.05000000074505806,0.1540767401456833,3.6975693702697754
4339,0.015304682776331902,0.05000000074505806,0.15802858769893646,3.7947301864624023
4340,0.016706451773643494,0.05000000074505806,0.15910272300243378,3.8111517429351807
4341,0.016414321959018707,0.05000000074505806,0.15735411643981934,3.772106885910034
4342,0.01515640877187252,0.05000000074505806,0.1584732085466385,3.804044246673584
4343,0.01587964966893196,0.05000000074505806,0.1568545252084732,3.7754628658294678
4344,0.015222664922475815,0.05000000074505806,0.15625,3.751225471496582
4345,0.014818917028605938,0.05000000074505806,0.15844322741031647,3.7990193367004395
4346,0.016470953822135925,0.05000000074505806,0.15864309668540955,3.8093748092651367
4347,0.017332952469587326,0.05000000074505806,0.15602517127990723,3.7395830154418945
4348,0.018310192972421646,0.05000000074505806,0.15567545592784882,3.735661506652832
4349,0.01643233746290207,0.05000000074505806,0.1574840098619461,3.7722222805023193
4350,0.01717148721218109,0.05000000074505806,0.1579936146736145,3.793260097503662
4351,0.018234580755233765,0.05000000074505806,0.158113494515419,3.803356647491455
4352,0.016755810007452965,0.05000000074505806,0.15458634495735168,3.7207109928131104
4353,0.015363876707851887,0.05000000074505806,0.15747901797294617,3.775367498397827
4354,0.01685183495283127,0.05000000074505806,0.15865807235240936,3.7981479167938232
4355,0.014855117537081242,0.05000000074505806,0.156839519739151,3.762622594833374
4356,0.01783326268196106,0.05000000074505806,0.15961231291294098,3.822303533554077
4357,0.01485997624695301,0.05000000074505806,0.1566796451807022,3.762268543243408
4358,0.01640484854578972,0.05000000074505806,0.15766386687755585,3.787745237350464
4359,0.01658870093524456,0.05000000074505806,0.1567995548248291,3.770138740539551
4360,0.015648288652300835,0.05000000074505806,0.15757893025875092,3.7845587730407715
4361,0.0165712907910347,0.05000000074505806,0.15731915831565857,3.7747552394866943
4362,0.015759920701384544,0.05000000074505806,0.1588629186153412,3.809837818145752
4363,0.014367114752531052,0.05000000074505806,0.15867306292057037,3.7971813678741455
4364,0.018074706196784973,0.05000000074505806,0.15720923244953156,3.777205467224121
4365,0.015627548098564148,0.05000000074505806,0.15946242213249207,3.8225693702697754
4366,0.014641706831753254,0.05000000074505806,0.15679457783699036,3.7623772621154785
4367,0.0163869671523571,0.05000000074505806,0.15586529672145844,3.7521986961364746
4368,0.01693529263138771,0.05000000074505806,0.15735910832881927,3.781372308731079
4369,0.016295814886689186,0.05000000074505806,0.15892785787582397,3.816789150238037
4370,0.01681455411016941,0.05000000074505806,0.157618910074234,3.772569179534912
4371,0.014957863837480545,0.05000000074505806,0.15763889253139496,3.784803867340088
4372,0.016132455319166183,0.05000000074505806,0.1571342945098877,3.775980234146118
4373,0.017389651387929916,0.05000000074505806,0.15655474364757538,3.7445602416992188
4374,0.01817253977060318,0.05000000074505806,0.15861308574676514,3.810661554336548
4375,0.017575228586792946,0.05000000074505806,0.1574290543794632,3.7866897583007812
4376,0.016781173646450043,0.05000000074505806,0.15848322212696075,3.8140928745269775
4377,0.01543496549129486,0.05000000074505806,0.15580536425113678,3.740318536758423
4378,0.01701914332807064,0.05000000074505806,0.15699440240859985,3.7512731552124023
4379,0.01583806984126568,0.05000000074505806,0.15927757322788239,3.832352876663208
4380,0.015639230608940125,0.05000000074505806,0.15931254625320435,3.8079659938812256
4381,0.019224416464567184,0.05000000074505806,0.15932753682136536,3.823263645172119
4382,0.016795821487903595,0.05000000074505806,0.15864808857440948,3.809558868408203
4383,0.01728024333715439,0.05000000074505806,0.15663470327854156,3.7708332538604736
4384,0.01630421355366707,0.05000000074505806,0.15741406381130219,3.7850492000579834
4385,0.016619853675365448,0.05000000074505806,0.1590127795934677,3.816789150238037
4386,0.01705171912908554,0.05000000074505806,0.16010190546512604,3.825578451156616
4387,0.01733100600540638,0.05000000074505806,0.158368319272995,3.8024513721466064
4388,0.01610860601067543,0.05000000074505806,0.15802356600761414,3.7888479232788086
4389,0.015477439388632774,0.05000000074505806,0.1589977890253067,3.8105320930480957
4390,0.017754515632987022,0.05000000074505806,0.15696941316127777,3.7762253284454346
4391,0.016587821766734123,0.05000000074505806,0.1568145453929901,3.7704861164093018
4392,0.01732109673321247,0.05000000074505806,0.1573641151189804,3.7802696228027344
4393,0.015518216416239738,0.05000000074505806,0.1573091447353363,3.782352924346924
4394,0.01801523007452488,0.05000000074505806,0.1577388048171997,3.773263692855835
4395,0.016649551689624786,0.05000000074505806,0.15671460330486298,3.753676414489746
4396,0.016892744228243828,0.05000000074505806,0.15739908814430237,3.7802696228027344
4397,0.01895887218415737,0.05000000074505806,0.15448640286922455,3.706481456756592
4398,0.017797881737351418,0.05000000074505806,0.1550559550523758,3.7214460372924805
4399,0.013748515397310257,0.05000000074505806,0.15775878727436066,3.794675827026367
4400,0.0160916019231081,0.05000000074505806,0.15713928639888763,3.785907030105591
4401,0.017294149845838547,0.05000000074505806,0.15757393836975098,3.769117832183838
4402,0.015502437017858028,0.05000000074505806,0.15786869823932648,3.7821757793426514
4403,0.015567673370242119,0.05000000074505806,0.1578037589788437,3.783088445663452
4404,0.018231403082609177,0.05000000074505806,0.16001199185848236,3.843259811401367
4405,0.015813497826457024,0.05000000074505806,0.15762390196323395,3.7780094146728516
4406,0.017887771129608154,0.05000000074505806,0.15496602654457092,3.735661745071411
4407,0.016343098133802414,0.05000000074505806,0.15653976798057556,3.7527780532836914
4408,0.014853538945317268,0.05000000074505806,0.1574440449476242,3.786151885986328
4409,0.014571303501725197,0.05000000074505806,0.15645484626293182,3.7557597160339355
4410,0.016045037657022476,0.05000000074505806,0.15864808857440948,3.801041603088379
4411,0.015539039857685566,0.05000000074505806,0.15699440240859985,3.760416269302368
4412,0.014144524931907654,0.05000000074505806,0.15834833681583405,3.794607639312744
4413,0.016740920022130013,0.05000000074505806,0.15862809121608734,3.8039352893829346
4414,0.017447520047426224,0.05000000074505806,0.15696941316127777,3.7791664600372314
4415,0.016635213047266006,0.05000000074505806,0.15616008639335632,3.7494213581085205
4416,0.015207832679152489,0.05000000074505806,0.15727418661117554,3.778308629989624
4417,0.01715303398668766,0.05000000074505806,0.15638989210128784,3.7508575916290283
4418,0.016550637781620026,0.05000000074505806,0.15753896534442902,3.771991014480591
4419,0.01578599587082863,0.05000000074505806,0.15798361599445343,3.798039197921753
4420,0.017066247761249542,0.05000000074505806,0.1589178740978241,3.802206039428711
4421,0.015848245471715927,0.05000000074505806,0.15621504187583923,3.754513740539551
4422,0.015251664444804192,0.05000000074505806,0.15643484890460968,3.751716136932373
4423,0.014251848682761192,0.05000000074505806,0.15570543706417084,3.749305486679077
4424,0.017865492030978203,0.05000000074505806,0.1566646546125412,3.766911745071411
4425,0.017110425978899002,0.05000000074505806,0.15697942674160004,3.7682600021362305
4426,0.016322972252964973,0.05000000074505806,0.15771383047103882,3.774421453475952
4427,0.017482418566942215,0.05000000074505806,0.15702438354492188,3.766789197921753
4428,0.016433754935860634,0.05000000074505806,0.1568794995546341,3.7552692890167236
4429,0.016210924834012985,0.05000000074505806,0.1593075692653656,3.8229167461395264
4430,0.0167990829795599,0.05000000074505806,0.1577937752008438,3.793382167816162
4431,0.014546720311045647,0.05000000074505806,0.15880796313285828,3.8164350986480713
4432,0.016245653852820396,0.05000000074505806,0.15889288485050201,3.81789231300354
4433,0.016404710710048676,0.05000000074505806,0.15620003640651703,3.748774528503418
4434,0.015661440789699554,0.05000000074505806,0.15923261642456055,3.8144679069519043
4435,0.015326440334320068,0.05000000074505806,0.157523974776268,3.7819855213165283
4436,0.015687933191657066,0.05000000074505806,0.15832334756851196,3.7892158031463623
4437,0.014952654018998146,0.05000000074505806,0.15543565154075623,3.734027624130249
4438,0.016789738088846207,0.05000000074505806,0.15711931884288788,3.7712011337280273
4439,0.017107481136918068,0.05000000074505806,0.1570393592119217,3.7775461673736572
4440,0.016355566680431366,0.05000000074505806,0.1566796600818634,3.766054153442383
4441,0.016241885721683502,0.05000000074505806,0.15871302783489227,3.808945894241333
4442,0.015543081797659397,0.05000000074505806,0.15686450898647308,3.7554399967193604
4443,0.0174329224973917,0.05000000074505806,0.15886789560317993,3.8074753284454346
4444,0.014547936618328094,0.05000000074505806,0.15771381556987762,3.7834558486938477
4445,0.01706569455564022,0.05000000074505806,0.15573540329933167,3.7452547550201416
4446,0.016891324892640114,0.05000000074505806,0.1588529348373413,3.8187501430511475
4447,0.01528671570122242,0.05000000074505806,0.15967726707458496,3.831249952316284
4448,0.016047030687332153,0.05000000074505806,0.1558452993631363,3.7474262714385986
4449,0.016798611730337143,0.05000000074505806,0.15669465065002441,3.7658088207244873
4450,0.01696339249610901,0.05000000074505806,0.1573091596364975,3.7597219944000244
4451,0.018873995169997215,0.05000000074505806,0.15696942806243896,3.769240379333496
4452,0.016392001882195473,0.05000000074505806,0.1560351848602295,3.7408087253570557
4453,0.01666368916630745,0.05000000074505806,0.157603919506073,3.7773146629333496
4454,0.01746518164873123,0.05000000074505806,0.15920263528823853,3.821568489074707
4455,0.016510609537363052,0.05000000074505806,0.15597021579742432,3.753819704055786
4456,0.017023421823978424,0.05000000074505806,0.1589728146791458,3.8171565532684326
4457,0.01593737117946148,0.05000000074505806,0.15829837322235107,3.795833110809326
4458,0.015521512366831303,0.05000000074505806,0.15794864296913147,3.791203498840332
4459,0.014554107561707497,0.05000000074505806,0.15681953728199005,3.754044532775879
4460,0.01557946763932705,0.05000000074505806,0.15475618839263916,3.724019765853882
4461,0.018221711739897728,0.05000000074505806,0.15612010657787323,3.7391204833984375
4462,0.016240065917372704,0.05000000074505806,0.15923260152339935,3.8181374073028564
4463,0.01506082247942686,0.05000000074505806,0.156919464468956,3.779398202896118
4464,0.01615549996495247,0.05000000074505806,0.15534573793411255,3.733823299407959
4465,0.018680226057767868,0.05000000074505806,0.15778377652168274,3.7840685844421387
4466,0.013899294659495354,0.05000000074505806,0.15918265283107758,3.8137731552124023
4467,0.016294727101922035,0.05000000074505806,0.15508593618869781,3.7209558486938477
4468,0.0175513606518507,0.05000000074505806,0.15881794691085815,3.8020832538604736
4469,0.01705036871135235,0.05000000074505806,0.15702438354492188,3.7754628658294678
4470,0.01859145797789097,0.05000000074505806,0.15631495416164398,3.7522058486938477
4471,0.017616689205169678,0.05000000074505806,0.15791867673397064,3.7931716442108154
4472,0.015570554882287979,0.05000000074505806,0.1592525988817215,3.8330883979797363
4473,0.016099099069833755,0.05000000074505806,0.15742407739162445,3.7767157554626465
4474,0.015479848720133305,0.05000000074505806,0.1573091596364975,3.766087770462036
4475,0.017797498032450676,0.05000000074505806,0.15703938901424408,3.7731616497039795
4476,0.016105161979794502,0.05000000074505806,0.1579386442899704,3.780146837234497
4477,0.016664795577526093,0.05000000074505806,0.1585182100534439,3.8005785942077637
4478,0.014961699023842812,0.05000000074505806,0.15645982325077057,3.762500047683716
4479,0.015381340868771076,0.05000000074505806,0.15637990832328796,3.7565972805023193
4480,0.014612207189202309,0.05000000074505806,0.15688449144363403,3.775735378265381
4481,0.016885261982679367,0.05000000074505806,0.15610012412071228,3.73848032951355
4482,0.01714298687875271,0.05000000074505806,0.15624499320983887,3.746875047683716
4483,0.015848342329263687,0.05000000074505806,0.15764887630939484,3.78664231300354
4484,0.016650687903165817,0.05000000074505806,0.1554856151342392,3.724142074584961
4485,0.01652805134654045,0.05000000074505806,0.1549110859632492,3.7089121341705322
4486,0.01770513318479061,0.05000000074505806,0.15531575679779053,3.7311272621154785
4487,0.016581526026129723,0.05000000074505806,0.15612010657787323,3.7585647106170654
4488,0.016505420207977295,0.05000000074505806,0.1579536348581314,3.7948529720306396
4489,0.017170004546642303,0.05000000074505806,0.15800358355045319,3.7905638217926025
4490,0.014882872812449932,0.05000000074505806,0.1578986942768097,3.7861111164093018
4491,0.017238551750779152,0.05000000074505806,0.15860311686992645,3.8026957511901855
4492,0.018105551600456238,0.05000000074505806,0.15804356336593628,3.7852938175201416
4493,0.017387952655553818,0.05000000074505806,0.15588529407978058,3.74884295463562
4494,0.01495832484215498,0.05000000074505806,0.15737910568714142,3.770955801010132
4495,0.01827484928071499,0.05000000074505806,0.15812848508358002,3.8070602416992188
4496,0.018034419044852257,0.05000000074505806,0.15827837586402893,3.806495189666748
4497,0.014966077171266079,0.05000000074505806,0.15826837718486786,3.7952208518981934
4498,0.01581653207540512,0.05000000074505806,0.15608014166355133,3.7440974712371826
4499,0.01639959216117859,0.05000000074505806,0.15639987587928772,3.747058868408203
4500,0.01766085810959339,0.05000000074505806,0.15594525635242462,3.737499952316284
4501,0.014868728816509247,0.05000000074505806,0.15757893025875092,3.7795138359069824
4502,0.017258020117878914,0.05000000074505806,0.15548062324523926,3.7377452850341797
4503,0.01513962633907795,0.05000000074505806,0.15665967762470245,3.765162229537964
4504,0.01625347137451172,0.05000000074505806,0.15675458312034607,3.766789197921753
4505,0.015264120884239674,0.05000000074505806,0.15767385065555573,3.7725491523742676
4506,0.019979583099484444,0.05000000074505806,0.15810850262641907,3.7990739345550537
4507,0.01768600195646286,0.05000000074505806,0.1565847396850586,3.7519609928131104
4508,0.017051976174116135,0.05000000074505806,0.15847322344779968,3.7958335876464844
4509,0.017658203840255737,0.05000000074505806,0.15641486644744873,3.7627315521240234
4510,0.017849639058113098,0.05000000074505806,0.15836331248283386,3.8031861782073975
4511,0.015756281092762947,0.05000000074505806,0.1570693403482437,3.774421453475952
4512,0.016184819862246513,0.05000000074505806,0.15697942674160004,3.770587921142578
4513,0.018821949139237404,0.05000000074505806,0.15755896270275116,3.783700942993164
4514,0.01657571643590927,0.05000000074505806,0.1578337401151657,3.779629707336426
4515,0.01620466634631157,0.05000000074505806,0.16048163175582886,3.8549017906188965
4516,0.016273923218250275,0.05000000074505806,0.15864309668540955,3.7881128787994385
4517,0.018590012565255165,0.05000000074505806,0.15700940787792206,3.7771990299224854
4518,0.017660146579146385,0.05000000074505806,0.15365707874298096,3.698284387588501
4519,0.016711920499801636,0.05000000074505806,0.15837830305099487,3.79988431930542
4520,0.01497284509241581,0.05000000074505806,0.1556055098772049,3.733823299407959
4521,0.0180212315171957,0.05000000074505806,0.15764889121055603,3.7792890071868896
4522,0.01495223306119442,0.05000000074505806,0.15858812630176544,3.8062498569488525
4523,0.016089387238025665,0.05000000074505806,0.15869306027889252,3.8049020767211914
4524,0.017096027731895447,0.05000000074505806,0.15884792804718018,3.808210849761963
4525,0.015882622450590134,0.05000000074505806,0.15929755568504333,3.823611259460449
4526,0.014957422390580177,0.05000000074505806,0.15840327739715576,3.798651933670044
4527,0.01651887223124504,0.05000000074505806,0.15859311819076538,3.818171262741089
4528,0.016636330634355545,0.05000000074505806,0.1565197855234146,3.762500047683716
4529,0.017118601128458977,0.05000000074505806,0.1575789451599121,3.777573823928833
4530,0.018377693369984627,0.05000000074505806,0.15843825042247772,3.792245388031006
4531,0.01584610529243946,0.05000000074505806,0.15684452652931213,3.7685046195983887
4532,0.016542915254831314,0.05000000074505806,0.1567845642566681,3.7508578300476074
4533,0.016931094229221344,0.05000000074505806,0.15874800086021423,3.815972328186035
4534,0.01661328598856926,0.05000000074505806,0.15645983815193176,3.7563726902008057
4535,0.01701878383755684,0.05000000074505806,0.15726417303085327,3.779745101928711
4536,0.01598268747329712,0.05000000074505806,0.1572542041540146,3.7779412269592285
4537,0.01534690149128437,0.05000000074505806,0.1594274640083313,3.8237743377685547
4538,0.015618592500686646,0.05000000074505806,0.1564798206090927,3.7539350986480713
4539,0.01553950086236,0.05000000074505806,0.1590927243232727,3.808701276779175
4540,0.016688626259565353,0.05000000074505806,0.15794864296913147,3.796813726425171
4541,0.018344689160585403,0.05000000074505806,0.15900778770446777,3.812037229537964
4542,0.01672949455678463,0.05000000074505806,0.15800358355045319,3.7942402362823486
4543,0.01603325828909874,0.05000000074505806,0.1568545252084732,3.772453546524048
4544,0.01639137975871563,0.05000000074505806,0.1568944752216339,3.7671566009521484
4545,0.01534754503518343,0.05000000074505806,0.15898782014846802,3.8110291957855225
4546,0.015942320227622986,0.05000000074505806,0.15892785787582397,3.810879945755005
4547,0.017675142735242844,0.05000000074505806,0.15846824645996094,3.8033084869384766
4548,0.01628262922167778,0.05000000074505806,0.1558752804994583,3.7406861782073975
4549,0.015937678515911102,0.05000000074505806,0.1587429940700531,3.8040506839752197
4550,0.01754673197865486,0.05000000074505806,0.15943247079849243,3.8301470279693604
4551,0.018215790390968323,0.05000000074505806,0.15694944560527802,3.774768352508545
4552,0.018524203449487686,0.05000000074505806,0.15493105351924896,3.727205753326416
4553,0.014544646255671978,0.05000000074505806,0.15778876841068268,3.769730567932129
4554,0.016515178605914116,0.05000000074505806,0.1574839949607849,3.7856481075286865
4555,0.015561848878860474,0.05000000074505806,0.15783871710300446,3.789705753326416
4556,0.016323037445545197,0.05000000074505806,0.15716427564620972,3.7629902362823486
4557,0.01634262129664421,0.05000000074505806,0.15563048422336578,3.73553204536438
4558,0.01574348658323288,0.05000000074505806,0.15516087412834167,3.7213237285614014
4559,0.015469856560230255,0.05000000074505806,0.15710432827472687,3.780902624130249
4560,0.01585228368639946,0.05000000074505806,0.1575889140367508,3.7883574962615967
4561,0.01601465977728367,0.05000000074505806,0.15635491907596588,3.7496323585510254
4562,0.017342526465654373,0.05000000074505806,0.15640486776828766,3.7497684955596924
4563,0.017345119267702103,0.05000000074505806,0.1578337401151657,3.7862744331359863
4564,0.0197265837341547,0.05000000074505806,0.1584882289171219,3.797426462173462
4565,0.018494421616196632,0.05000000074505806,0.15862807631492615,3.8103010654449463
4566,0.016345513984560966,0.05000000074505806,0.15500099956989288,3.709681510925293
4567,0.01750311441719532,0.05000000074505806,0.15752898156642914,3.7944443225860596
4568,0.015426389873027802,0.05000000074505806,0.15564048290252686,3.7394607067108154
4569,0.015907902270555496,0.05000000074505806,0.15856815874576569,3.8013479709625244
4570,0.016549939289689064,0.05000000074505806,0.15745903551578522,3.777083158493042
4571,0.0151042016223073,0.05000000074505806,0.15811853110790253,3.795710563659668
4572,0.016500253230333328,0.05000000074505806,0.1598271280527115,3.81862735748291
4573,0.01715421862900257,0.05000000074505806,0.15572041273117065,3.749537229537964
4574,0.01723260059952736,0.05000000074505806,0.15842826664447784,3.8042895793914795
4575,0.016521265730261803,0.05000000074505806,0.15571042895317078,3.745023488998413
4576,0.017544636502861977,0.05000000074505806,0.15814347565174103,3.808946132659912
4577,0.015602645464241505,0.05000000074505806,0.15988707542419434,3.8236517906188965
4578,0.014731856063008308,0.05000000074505806,0.1569744199514389,3.76527738571167
4579,0.017552053555846214,0.05000000074505806,0.15901778638362885,3.8193626403808594
4580,0.015948276966810226,0.05000000074505806,0.15824340283870697,3.7935047149658203
4581,0.01582988165318966,0.05000000074505806,0.15716427564620972,3.7715280055999756
4582,0.01650680974125862,0.05000000074505806,0.15864808857440948,3.808455467224121
4583,0.016355285421013832,0.05000000074505806,0.1561151146888733,3.754976511001587
4584,0.01742100529372692,0.05000000074505806,0.1553507149219513,3.738112449645996
4585,0.017478298395872116,0.05000000074505806,0.1593724936246872,3.80637264251709
4586,0.015180619433522224,0.05000000074505806,0.15908773243427277,3.8199079036712646
4587,0.01744810864329338,0.05000000074505806,0.15853318572044373,3.7928922176361084
4588,0.01501515693962574,0.05000000074505806,0.15651480853557587,3.758945941925049
4589,0.017786063253879547,0.05000000074505806,0.1576588898897171,3.7851850986480713
4590,0.017085332423448563,0.05000000074505806,0.15742406249046326,3.782475233078003
4591,0.016818329691886902,0.05000000074505806,0.15741907060146332,3.7864580154418945
4592,0.01779143139719963,0.05000000074505806,0.15917764604091644,3.827695846557617
4593,0.016413478180766106,0.05000000074505806,0.1572292149066925,3.7767155170440674
4594,0.015730777755379677,0.05000000074505806,0.15887290239334106,3.798379421234131
4595,0.017728781327605247,0.05000000074505806,0.15652978420257568,3.7519609928131104
4596,0.018420428037643433,0.05000000074505806,0.15711432695388794,3.7688724994659424
4597,0.01636911928653717,0.05000000074505806,0.15862809121608734,3.8027780055999756
4598,0.014638561755418777,0.05000000074505806,0.15761390328407288,3.7910540103912354
4599,0.01757308840751648,0.05000000074505806,0.1575489640235901,3.7863423824310303
4600,0.01715470477938652,0.05000000074505806,0.15965726971626282,3.834190845489502
4601,0.015371516346931458,0.05000000074505806,0.15717928111553192,3.777696132659912
4602,0.01669098436832428,0.05000000074505806,0.15743404626846313,3.7655091285705566
4603,0.015995200723409653,0.05000000074505806,0.15805356204509735,3.7959558963775635
4604,0.014916706830263138,0.05000000074505806,0.1578737050294876,3.781249761581421
4605,0.015983223915100098,0.05000000074505806,0.1583133339881897,3.7979166507720947
4606,0.01690083183348179,0.05000000074505806,0.1583283394575119,3.8109071254730225
4607,0.015375791117548943,0.05000000074505806,0.15752898156642914,3.7833333015441895
4608,0.016045264899730682,0.05000000074505806,0.15660972893238068,3.7708330154418945
4609,0.01711355708539486,0.05000000074505806,0.1573341339826584,3.7683823108673096
4610,0.01690581440925598,0.05000000074505806,0.15623502433300018,3.7437500953674316
4611,0.018911704421043396,0.05000000074505806,0.15641987323760986,3.7498772144317627
4612,0.017852189019322395,0.05000000074505806,0.1572142243385315,3.768137216567993
4613,0.018222609534859657,0.05000000074505806,0.15581533312797546,3.7503468990325928
4614,0.01729264110326767,0.05000000074505806,0.1580985188484192,3.784803867340088
4615,0.01641184091567993,0.05000000074505806,0.15869805216789246,3.817824125289917
4616,0.017424222081899643,0.05000000074505806,0.15637487173080444,3.759068489074707
4617,0.015692241489887238,0.05000000074505806,0.16085131466388702,3.8583335876464844
4618,0.017815977334976196,0.05000000074505806,0.15714429318904877,3.765972375869751
4619,0.015593264251947403,0.05000000074505806,0.1566396951675415,3.755514621734619
4620,0.01557205244898796,0.05000000074505806,0.1595223993062973,3.81311297416687
4621,0.018534677103161812,0.05000000074505806,0.1577787697315216,3.7927088737487793
4622,0.016092125326395035,0.05000000074505806,0.1582483947277069,3.8019609451293945
4623,0.01815211959183216,0.05000000074505806,0.15637490153312683,3.7662036418914795
4624,0.01885630190372467,0.05000000074505806,0.15435650944709778,3.709191083908081
4625,0.016489583998918533,0.05000000074505806,0.15847821533679962,3.800489902496338
4626,0.017185358330607414,0.05000000074505806,0.15846824645996094,3.7937498092651367
4627,0.01776823028922081,0.05000000074505806,0.15668965876102448,3.762744665145874
4628,0.01694783940911293,0.05000000074505806,0.15942245721817017,3.8156864643096924
4629,0.016518063843250275,0.05000000074505806,0.15612509846687317,3.75115704536438
4630,0.016372131183743477,0.05000000074505806,0.15349720418453217,3.690685987472534
4631,0.014353393577039242,0.05000000074505806,0.1559402495622635,3.746875047683716
4632,0.015446500852704048,0.05000000074505806,0.15761391818523407,3.7876226902008057
4633,0.015562595799565315,0.05000000074505806,0.15774881839752197,3.7911763191223145
4634,0.015309215523302555,0.05000000074505806,0.15920764207839966,3.8067128658294678
4635,0.01710391230881214,0.05000000074505806,0.15736910700798035,3.771690845489502
4636,0.015062326565384865,0.05000000074505806,0.1563049554824829,3.7502450942993164
4637,0.016314182430505753,0.05000000074505806,0.1564798206090927,3.75
4638,0.017591234296560287,0.05000000074505806,0.1572691798210144,3.7871320247650146
4639,0.016965782269835472,0.05000000074505806,0.1578836739063263,3.791898488998413
4640,0.01838558353483677,0.05000000074505806,0.1571492850780487,3.772426128387451
4641,0.01862119697034359,0.05000000074505806,0.15716925263404846,3.767033815383911
4642,0.016528023406863213,0.05000000074505806,0.1581135243177414,3.795717239379883
4643,0.017386997118592262,0.05000000074505806,0.15778377652168274,3.7796568870544434
4644,0.015425344929099083,0.05000000074505806,0.15646982192993164,3.7591912746429443
4645,0.015737278386950493,0.05000000074505806,0.15678457915782928,3.7550923824310303
4646,0.015231776982545853,0.05000000074505806,0.15721920132637024,3.781127691268921
4647,0.017890699207782745,0.05000000074505806,0.1557004302740097,3.743865966796875
4648,0.016913380473852158,0.05000000074505806,0.1561300903558731,3.7574753761291504
4649,0.014978083781898022,0.05000000074505806,0.15903276205062866,3.8096814155578613
4650,0.014780035242438316,0.05000000074505806,0.15825340151786804,3.791550874710083
4651,0.017022155225276947,0.05000000074505806,0.15801358222961426,3.788357973098755
4652,0.016531191766262054,0.05000000074505806,0.15804357826709747,3.780759572982788
4653,0.015780270099639893,0.05000000074505806,0.15770882368087769,3.7909719944000244
4654,0.016168296337127686,0.05000000074505806,0.15761391818523407,3.780759811401367
4655,0.015823619440197945,0.05000000074505806,0.1552058309316635,3.7414352893829346
4656,0.017622992396354675,0.05000000074505806,0.15719425678253174,3.7832109928131104
4657,0.014074673876166344,0.05000000074505806,0.15894784033298492,3.805147171020508
4658,0.016282662749290466,0.05000000074505806,0.16201038658618927,3.8768513202667236
4659,0.01685454323887825,0.05000000074505806,0.15876299142837524,3.811887264251709
4660,0.014240450225770473,0.05000000074505806,0.15488608181476593,3.717034101486206
4661,0.01559431478381157,0.05000000074505806,0.15616506338119507,3.7467591762542725
4662,0.015451183542609215,0.05000000074505806,0.1573091447353363,3.772181272506714
4663,0.017475692555308342,0.05000000074505806,0.15735910832881927,3.787384271621704
4664,0.01622069627046585,0.05000000074505806,0.1547611951828003,3.724877119064331
4665,0.015583790838718414,0.05000000074505806,0.15872302651405334,3.803676128387451
4666,0.01470765471458435,0.05000000074505806,0.1580335795879364,3.7833330631256104
4667,0.01823440194129944,0.05000000074505806,0.15612009167671204,3.7485294342041016
4668,0.017866062000393867,0.05000000074505806,0.15906773507595062,3.8084561824798584
4669,0.015082784928381443,0.05000000074505806,0.1565847247838974,3.7596065998077393
4670,0.01735200546681881,0.05000000074505806,0.15819844603538513,3.80637264251709
4671,0.01672409661114216,0.05000000074505806,0.15692946314811707,3.7680554389953613
4672,0.01774757169187069,0.05000000074505806,0.15655474364757538,3.7588233947753906
4673,0.017855606973171234,0.05000000074505806,0.15619006752967834,3.754901885986328
4674,0.019093306735157967,0.05000000074505806,0.15721921622753143,3.766087532043457
4675,0.016569944098591805,0.05000000074505806,0.15804855525493622,3.7916667461395264
4676,0.0153910918161273,0.05000000074505806,0.15788869559764862,3.7754900455474854
4677,0.01505835261195898,0.05000000074505806,0.15672463178634644,3.760648012161255
4678,0.015130745247006416,0.05000000074505806,0.15443645417690277,3.7208335399627686
4679,0.016515817493200302,0.05000000074505806,0.16022181510925293,3.8431711196899414
4680,0.016179578378796577,0.05000000074505806,0.15720924735069275,3.7778186798095703
4681,0.016461126506328583,0.05000000074505806,0.1575489640235901,3.783578395843506
4682,0.015150921419262886,0.05000000074505806,0.1571892499923706,3.761111259460449
4683,0.01506301760673523,0.05000000074505806,0.15755894780158997,3.7803919315338135
4684,0.016298538073897362,0.05000000074505806,0.15814849734306335,3.7908082008361816
4685,0.01502848882228136,0.05000000074505806,0.15781374275684357,3.782407522201538
4686,0.015874119475483894,0.05000000074505806,0.15705935657024384,3.7802696228027344
4687,0.014754034578800201,0.05000000074505806,0.15714429318904877,3.776736259460449
4688,0.016165923327207565,0.05000000074505806,0.1576438844203949,3.7893381118774414
4689,0.015653956681489944,0.05000000074505806,0.15719424188137054,3.778799057006836
4690,0.015606878325343132,0.05000000074505806,0.15929755568504333,3.807175874710083
4691,0.016450325027108192,0.05000000074505806,0.15786869823932648,3.78602933883667
4692,0.01796124503016472,0.05000000074505806,0.15753397345542908,3.7786762714385986
4693,0.016537856310606003,0.05000000074505806,0.15900780260562897,3.819444417953491
4694,0.016068466007709503,0.05000000074505806,0.15773382782936096,3.7828428745269775
4695,0.01688266173005104,0.05000000074505806,0.1571742445230484,3.778587818145752
4696,0.015659769997000694,0.05000000074505806,0.1590927243232727,3.8183817863464355
4697,0.015312151052057743,0.05000000074505806,0.15971721708774567,3.834803819656372
4698,0.01597711630165577,0.05000000074505806,0.15653477609157562,3.7560181617736816
4699,0.01743822544813156,0.05000000074505806,0.1584482342004776,3.8033087253570557
4700,0.01573384553194046,0.05000000074505806,0.1568395495414734,3.7533090114593506
4701,0.015967555344104767,0.05000000074505806,0.15629494190216064,3.7585647106170654
4702,0.017353512346744537,0.05000000074505806,0.15872302651405334,3.8049020767211914
4703,0.01745517924427986,0.05000000074505806,0.15821343660354614,3.8065974712371826
4704,0.017068961635231972,0.05000000074505806,0.15625500679016113,3.7502450942993164
4705,0.016341961920261383,0.05000000074505806,0.15647481381893158,3.75551438331604
4706,0.01749293878674507,0.05000000074505806,0.15743404626846313,3.7699077129364014
4707,0.01808052323758602,0.05000000074505806,0.15839329361915588,3.809558868408203
4708,0.016979333013296127,0.05000000074505806,0.15867304801940918,3.796323537826538
4709,0.016761381179094315,0.05000000074505806,0.15723422169685364,3.779745101928711
4710,0.017630256712436676,0.05000000074505806,0.15822340548038483,3.801102876663208
4711,0.016733527183532715,0.05000000074505806,0.15569044649600983,3.740741014480591
4712,0.015792610123753548,0.05000000074505806,0.15578536689281464,3.7496325969696045
4713,0.016314765438437462,0.05000000074505806,0.1585032045841217,3.8003673553466797
4714,0.018249548971652985,0.05000000074505806,0.15860812366008759,3.7956020832061768
4715,0.01548638567328453,0.05000000074505806,0.15722422301769257,3.7736520767211914
4716,0.014932390302419662,0.05000000074505806,0.15901778638362885,3.811397075653076
4717,0.017393406480550766,0.05000000074505806,0.15891286730766296,3.808680295944214
4718,0.016317253932356834,0.05000000074505806,0.15753395855426788,3.7857842445373535
4719,0.01601002924144268,0.05000000074505806,0.15882794559001923,3.8182871341705322
4720,0.015902573242783546,0.05000000074505806,0.15717925131320953,3.7779409885406494
4721,0.016347775235772133,0.05000000074505806,0.1597072184085846,3.8362743854522705
4722,0.014932578429579735,0.05000000074505806,0.15542066097259521,3.7249999046325684
4723,0.016296707093715668,0.05000000074505806,0.15881295502185822,3.809926748275757
4724,0.014828898943960667,0.05000000074505806,0.15770882368087769,3.7786762714385986
4725,0.016322575509548187,0.05000000074505806,0.15775878727436066,3.7849533557891846
4726,0.017226187512278557,0.05000000074505806,0.15765386819839478,3.7827205657958984
4727,0.01674841344356537,0.05000000074505806,0.15753395855426788,3.790393352508545
4728,0.01755227893590927,0.05000000074505806,0.15604515373706818,3.747058629989624
4729,0.016705891117453575,0.05000000074505806,0.15708933770656586,3.773897171020508
4730,0.017630938440561295,0.05000000074505806,0.16089627146720886,3.847569465637207
4731,0.017990337684750557,0.05000000074505806,0.15682953596115112,3.763235092163086
4732,0.014963832683861256,0.05000000074505806,0.15676958858966827,3.765686273574829
4733,0.014313064515590668,0.05000000074505806,0.15754395723342896,3.7788193225860596
4734,0.01747545786201954,0.05000000074505806,0.1548561155796051,3.705514430999756
4735,0.01667141169309616,0.05000000074505806,0.15880295634269714,3.823148488998413
4736,0.01490701548755169,0.05000000074505806,0.15764887630939484,3.793872356414795
4737,0.015994813293218613,0.05000000074505806,0.15581035614013672,3.728921413421631
4738,0.018157461658120155,0.05000000074505806,0.15737910568714142,3.7761576175689697
4739,0.01757071167230606,0.05000000074505806,0.15678457915782928,3.7621326446533203
4740,0.01806085929274559,0.05000000074505806,0.15914767980575562,3.8061273097991943
4741,0.01729694940149784,0.05000000074505806,0.1582184135913849,3.8009259700775146
4742,0.01679864339530468,0.05000000074505806,0.15616007149219513,3.753185987472534
4743,0.01665065623819828,0.05000000074505806,0.1566246896982193,3.764004707336426
4744,0.01766318641602993,0.05000000074505806,0.15800859034061432,3.7988970279693604
4745,0.016423765569925308,0.05000000074505806,0.156854510307312,3.769240140914917
4746,0.018240468576550484,0.05000000074505806,0.15729916095733643,3.7615742683410645
4747,0.01691432297229767,0.05000000074505806,0.15815848112106323,3.7893383502960205
4748,0.014238654635846615,0.05000000074505806,0.15648481249809265,3.760906934738159
4749,0.014757107943296432,0.05000000074505806,0.15733912587165833,3.7700228691101074
4750,0.01619151048362255,0.05000000074505806,0.15645982325077057,3.7587010860443115
4751,0.01774018071591854,0.05000000074505806,0.15713927149772644,3.777777671813965
4752,0.018222035840153694,0.05000000074505806,0.15891286730766296,3.8219361305236816
4753,0.01563931256532669,0.05000000074505806,0.1593625247478485,3.819117784500122
4754,0.016178715974092484,0.05000000074505806,0.15756894648075104,3.778472423553467
4755,0.017400162294507027,0.05000000074505806,0.15694445371627808,3.7640931606292725
4756,0.015801740810275078,0.05000000074505806,0.15904776751995087,3.8188722133636475
4757,0.014573200605809689,0.05000000074505806,0.1562100350856781,3.74398136138916
4758,0.016121529042720795,0.05000000074505806,0.15700939297676086,3.769117832183838
4759,0.017354236915707588,0.05000000074505806,0.15674462914466858,3.771296262741089
4760,0.015999380499124527,0.05000000074505806,0.15797361731529236,3.7965686321258545
4761,0.016449326649308205,0.05000000074505806,0.15896782279014587,3.8181371688842773
4762,0.01626095548272133,0.05000000074505806,0.15847322344779968,3.7916667461395264
4763,0.014575736597180367,0.05000000074505806,0.15577039122581482,3.74460768699646
4764,0.016523435711860657,0.05000000074505806,0.15808852016925812,3.783700942993164
4765,0.01600942388176918,0.05000000074505806,0.15884792804718018,3.8085649013519287
4766,0.01415156852453947,0.05000000074505806,0.15829336643218994,3.8102941513061523
4767,0.014806248247623444,0.05000000074505806,0.15829336643218994,3.7984955310821533
4768,0.015837732702493668,0.05000000074505806,0.15777376294136047,3.7930145263671875
4769,0.016522059217095375,0.05000000074505806,0.1560601443052292,3.747549295425415
4770,0.01818765141069889,0.05000000074505806,0.15845821797847748,3.792592763900757
4771,0.015685733407735825,0.05000000074505806,0.15467125177383423,3.700735330581665
4772,0.016396334394812584,0.05000000074505806,0.15877299010753632,3.8116421699523926
4773,0.01739545725286007,0.05000000074505806,0.1566396802663803,3.761805295944214
4774,0.017393825575709343,0.05000000074505806,0.15679457783699036,3.7628676891326904
4775,0.016800014302134514,0.05000000074505806,0.15652477741241455,3.7653932571411133
4776,0.016020527109503746,0.05000000074505806,0.15869303047657013,3.816298723220825
4777,0.016839496791362762,0.05000000074505806,0.15597021579742432,3.7401959896087646
4778,0.015207642689347267,0.05000000074505806,0.15779876708984375,3.778935194015503
4779,0.017489006742835045,0.05000000074505806,0.15682953596115112,3.759681463241577
4780,0.015933122485876083,0.05000000074505806,0.15776878595352173,3.7875001430511475
4781,0.018020782619714737,0.05000000074505806,0.155755415558815,3.7334489822387695
4782,0.017567500472068787,0.05000000074505806,0.15940247476100922,3.832230567932129
4783,0.01724432036280632,0.05000000074505806,0.15521584451198578,3.7342591285705566
4784,0.016399962827563286,0.05000000074505806,0.15524080395698547,3.734313726425171
4785,0.01616988703608513,0.05000000074505806,0.15795862674713135,3.785416603088379
4786,0.01628609001636505,0.05000000074505806,0.15665966272354126,3.7582178115844727
4787,0.016540320590138435,0.05000000074505806,0.15577538311481476,3.7390925884246826
4788,0.016420233994722366,0.05000000074505806,0.15728916227817535,3.7642154693603516
4789,0.016776971518993378,0.05000000074505806,0.15827837586402893,3.796180248260498
4790,0.016270846128463745,0.05000000074505806,0.1557154357433319,3.7359070777893066
4791,0.015529579482972622,0.05000000074505806,0.1583283394575119,3.808680534362793
4792,0.015853742137551308,0.05000000074505806,0.15677958726882935,3.769117832183838
4793,0.015478625893592834,0.05000000074505806,0.1585431545972824,3.8040435314178467
4794,0.017056772485375404,0.05000000074505806,0.15762390196323395,3.770949125289917
4795,0.01662326417863369,0.05000000074505806,0.15719923377037048,3.770465850830078
4796,0.018635326996445656,0.05000000074505806,0.158303365111351,3.804166555404663
4797,0.015480471774935722,0.05000000074505806,0.15695442259311676,3.7593750953674316
4798,0.015130233950912952,0.05000000074505806,0.15721921622753143,3.7844364643096924
4799,0.016416603699326515,0.05000000074505806,0.15889288485050201,3.8143513202667236
4800,0.01692204363644123,0.05000000074505806,0.159547358751297,3.830392360687256
4801,0.01469407882541418,0.05000000074505806,0.16013188660144806,3.8477942943573
4802,0.014058299362659454,0.05000000074505806,0.1572941541671753,3.7718749046325684
4803,0.015055734664201736,0.05000000074505806,0.15705935657024384,3.7725489139556885
4804,0.015747543424367905,0.05000000074505806,0.15762890875339508,3.769117832183838
4805,0.01693159155547619,0.05000000074505806,0.15996204316616058,3.8347222805023193
4806,0.016019925475120544,0.05000000074505806,0.15709932148456573,3.780147075653076
4807,0.01815624162554741,0.05000000074505806,0.15726417303085327,3.7776620388031006
4808,0.01611471176147461,0.05000000074505806,0.15703438222408295,3.7792890071868896
4809,0.01621175743639469,0.05000000074505806,0.15690447390079498,3.7579658031463623
4810,0.01624751091003418,0.05000000074505806,0.16000698506832123,3.832986354827881
4811,0.015793005004525185,0.05000000074505806,0.1564498394727707,3.7599260807037354
4812,0.015388043597340584,0.05000000074505806,0.16107115149497986,3.83762264251709
4813,0.01469380408525467,0.05000000074505806,0.15731415152549744,3.7879626750946045
4814,0.017537826672196388,0.05000000074505806,0.15681955218315125,3.7730393409729004
4815,0.014806753024458885,0.05000000074505806,0.15940746665000916,3.827662467956543
4816,0.01686214655637741,0.05000000074505806,0.15603017807006836,3.7515931129455566
4817,0.01846975088119507,0.05000000074505806,0.1591726690530777,3.814951181411743
4818,0.015551007352769375,0.05000000074505806,0.15633991360664368,3.7444443702697754
4819,0.015856385231018066,0.05000000074505806,0.15870803594589233,3.8164215087890625
4820,0.017178671434521675,0.05000000074505806,0.15695442259311676,3.766788959503174
4821,0.015208078548312187,0.05000000074505806,0.15838828682899475,3.7922451496124268
4822,0.017436061054468155,0.05000000074505806,0.15888787806034088,3.816053867340088
4823,0.017568333074450493,0.05000000074505806,0.15634992718696594,3.760416269302368
4824,0.016814885661005974,0.05000000074505806,0.15921762585639954,3.825735330581665
4825,0.015420779585838318,0.05000000074505806,0.15876799821853638,3.8055148124694824
4826,0.01626618020236492,0.05000000074505806,0.15878796577453613,3.80949068069458
4827,0.016347812488675117,0.05000000074505806,0.15788871049880981,3.792647123336792
4828,0.01756557822227478,0.05000000074505806,0.1572691798210144,3.7593135833740234
4829,0.017036214470863342,0.05000000074505806,0.15953736007213593,3.8287036418914795
4830,0.017197156324982643,0.05000000074505806,0.1564648449420929,3.769484758377075
4831,0.01714322343468666,0.05000000074505806,0.1591876596212387,3.817014455795288
4832,0.018753131851553917,0.05000000074505806,0.15612009167671204,3.751838207244873
4833,0.015580323524773121,0.05000000074505806,0.15801358222961426,3.790195941925049
4834,0.015490513294935226,0.05000000074505806,0.15686450898647308,3.7608795166015625
4835,0.016531972214579582,0.05000000074505806,0.15682953596115112,3.7611520290374756
4836,0.018166914582252502,0.05000000074505806,0.15676459670066833,3.7587008476257324
4837,0.0168243907392025,0.05000000074505806,0.15804357826709747,3.788541793823242
4838,0.015978077426552773,0.05000000074505806,0.15851818025112152,3.809558868408203
4839,0.015487580560147762,0.05000000074505806,0.1565597504377365,3.7645833492279053
4840,0.017942629754543304,0.05000000074505806,0.1556205004453659,3.7436275482177734
4841,0.017907941713929176,0.05000000074505806,0.15635992586612701,3.740318775177002
4842,0.015124584548175335,0.05000000074505806,0.15913771092891693,3.815509080886841
4843,0.01732434518635273,0.05000000074505806,0.15910272300243378,3.8170340061187744
4844,0.019331863150000572,0.05000000074505806,0.15717926621437073,3.77034330368042
4845,0.01604786142706871,0.05000000074505806,0.15717925131320953,3.774074077606201
4846,0.015877412632107735,0.05000000074505806,0.15726417303085327,3.7720587253570557
4847,0.018001798540353775,0.05000000074505806,0.15879297256469727,3.818634033203125
4848,0.01648891530930996,0.05000000074505806,0.15680956840515137,3.7687504291534424
4849,0.01696803607046604,0.05000000074505806,0.1591576784849167,3.8189947605133057
4850,0.01726200245320797,0.05000000074505806,0.15783873200416565,3.7784719467163086
4851,0.016125984489917755,0.05000000074505806,0.15551559627056122,3.7275733947753906
4852,0.015329624526202679,0.05000000074505806,0.15904776751995087,3.81801438331604
4853,0.015791092067956924,0.05000000074505806,0.15796862542629242,3.7809031009674072
4854,0.01838097907602787,0.05000000074505806,0.16049158573150635,3.855637311935425
4855,0.01829330436885357,0.05000000074505806,0.15612509846687317,3.7650463581085205
4856,0.017557455226778984,0.05000000074505806,0.15817345678806305,3.8037991523742676
4857,0.015295679681003094,0.05000000074505806,0.15850819647312164,3.7982842922210693
4858,0.017049269750714302,0.05000000074505806,0.1570543646812439,3.7645833492279053
4859,0.01682591624557972,0.05000000074505806,0.1580735445022583,3.792279005050659
4860,0.015010625123977661,0.05000000074505806,0.15855814516544342,3.8018383979797363
4861,0.014701791107654572,0.05000000074505806,0.15711930394172668,3.774073839187622
4862,0.015173657797276974,0.05000000074505806,0.15920263528823853,3.8279409408569336
4863,0.017166856676340103,0.05000000074505806,0.15653976798057556,3.7589120864868164
4864,0.015563728287816048,0.05000000074505806,0.15746402740478516,3.783088207244873
4865,0.014305710792541504,0.05000000074505806,0.15849819779396057,3.814093589782715
4866,0.015246749855577946,0.05000000074505806,0.15872801840305328,3.792592763900757
4867,0.015429588966071606,0.05000000074505806,0.15763889253139496,3.78051495552063
4868,0.01743192784488201,0.05000000074505806,0.15781375765800476,3.780881881713867
4869,0.01747540757060051,0.05000000074505806,0.15797361731529236,3.795370578765869
4870,0.019099056720733643,0.05000000074505806,0.15649980306625366,3.7503674030303955
4871,0.015834257006645203,0.05000000074505806,0.15745903551578522,3.7916667461395264
4872,0.016778677701950073,0.05000000074505806,0.1578187346458435,3.792646884918213
4873,0.015837088227272034,0.05000000074505806,0.15834830701351166,3.791543960571289
4874,0.01621347665786743,0.05000000074505806,0.1584632247686386,3.808680772781372
4875,0.015730319544672966,0.05000000074505806,0.1583433300256729,3.7953431606292725
4876,0.017509646713733673,0.05000000074505806,0.15691447257995605,3.7658090591430664
4877,0.016747796908020973,0.05000000074505806,0.15622001886367798,3.7444441318511963
4878,0.015959959477186203,0.05000000074505806,0.1582184135913849,3.8008577823638916
4879,0.017954600974917412,0.05000000074505806,0.15870803594589233,3.8135416507720947
4880,0.016727568581700325,0.05000000074505806,0.15719424188137054,3.7736518383026123
4881,0.016606448218226433,0.05000000074505806,0.1596422791481018,3.8333332538604736
4882,0.014522894285619259,0.05000000074505806,0.15847821533679962,3.795717477798462
4883,0.018982980400323868,0.05000000074505806,0.1587330400943756,3.808333158493042
4884,0.017120476812124252,0.05000000074505806,0.15784871578216553,3.7850492000579834
4885,0.01591763086616993,0.05000000074505806,0.15656474232673645,3.7596065998077393
4886,0.01666829362511635,0.05000000074505806,0.15762390196323395,3.7925243377685547
4887,0.01703202724456787,0.05000000074505806,0.15870803594589233,3.807985544204712
4888,0.017786826938390732,0.05000000074505806,0.1557404100894928,3.746445894241333
4889,0.017197715118527412,0.05000000074505806,0.1578587293624878,3.7893383502960205
4890,0.013983145356178284,0.05000000074505806,0.1591177135705948,3.804861068725586
4891,0.01631608046591282,0.05000000074505806,0.1583932787179947,3.805759906768799
4892,0.0180458202958107,0.05000000074505806,0.15949241816997528,3.8210785388946533
4893,0.015227267518639565,0.05000000074505806,0.1574690341949463,3.7803239822387695
4894,0.016938768327236176,0.05000000074505806,0.1589428335428238,3.8165442943573
4895,0.01674695312976837,0.05000000074505806,0.15595023334026337,3.7487268447875977
4896,0.016537930816411972,0.05000000074505806,0.1596423089504242,3.832965850830078
4897,0.014911990612745285,0.05000000074505806,0.1583433300256729,3.8073530197143555
4898,0.015762194991111755,0.05000000074505806,0.1580335646867752,3.7837960720062256
4899,0.017228595912456512,0.05000000074505806,0.15604515373706818,3.7430145740509033
4900,0.018920373171567917,0.05000000074505806,0.1583283543586731,3.7857844829559326
4901,0.0165269635617733,0.05000000074505806,0.15790367126464844,3.799189805984497
4902,0.016150759533047676,0.05000000074505806,0.1573341339826584,3.774019718170166
4903,0.016393715515732765,0.05000000074505806,0.15597522258758545,3.753472328186035
4904,0.016769813373684883,0.05000000074505806,0.15761889517307281,3.7868871688842773
4905,0.01677573099732399,0.05000000074505806,0.1565697342157364,3.761397123336792
4906,0.01662570983171463,0.05000000074505806,0.15934252738952637,3.80949068069458
4907,0.017325323075056076,0.05000000074505806,0.15737909078598022,3.775735378265381
4908,0.017095094546675682,0.05000000074505806,0.15801359713077545,3.7876222133636475
4909,0.016129683703184128,0.05000000074505806,0.16017186641693115,3.840740919113159
4910,0.015379452146589756,0.05000000074505806,0.15861311554908752,3.812622308731079
4911,0.01789388433098793,0.05000000074505806,0.15882793068885803,3.8182871341705322
4912,0.016189906746149063,0.05000000074505806,0.1589728146791458,3.8224263191223145
4913,0.013936039060354233,0.05000000074505806,0.156839519739151,3.7604167461395264
4914,0.01639687269926071,0.05000000074505806,0.15763390064239502,3.781712770462036
4915,0.016688400879502296,0.05000000074505806,0.1587030440568924,3.793259620666504
4916,0.016013015061616898,0.05000000074505806,0.1586081087589264,3.812990188598633
4917,0.014090640470385551,0.05000000074505806,0.16049160063266754,3.842939615249634
4918,0.01711200922727585,0.05000000074505806,0.15780875086784363,3.794607639312744
4919,0.01821756362915039,0.05000000074505806,0.15716925263404846,3.7805557250976562
4920,0.017292797565460205,0.05000000074505806,0.15652477741241455,3.7659313678741455
4921,0.016545284539461136,0.05000000074505806,0.15683452785015106,3.764951229095459
4922,0.017324939370155334,0.05000000074505806,0.15811853110790253,3.7805557250976562
4923,0.01611422561109066,0.05000000074505806,0.15585032105445862,3.733210563659668
4924,0.016092844307422638,0.05000000074505806,0.1583433300256729,3.7990195751190186
4925,0.01674318127334118,0.05000000074505806,0.15717926621437073,3.7722222805023193
4926,0.016874799504876137,0.05000000074505806,0.15745405852794647,3.786642074584961
4927,0.01733195222914219,0.05000000074505806,0.15848322212696075,3.8065969944000244
4928,0.015329399146139622,0.05000000074505806,0.15812848508358002,3.799386978149414
4929,0.017953524366021156,0.05000000074505806,0.15547062456607819,3.730637550354004
4930,0.017161227762699127,0.05000000074505806,0.15719425678253174,3.7716434001922607
4931,0.01680682972073555,0.05000000074505806,0.1573091596364975,3.7707107067108154
4932,0.016704902052879333,0.05000000074505806,0.1583932787179947,3.7889702320098877
4933,0.016454512253403664,0.05000000074505806,0.15525579452514648,3.731018543243408
4934,0.01590913161635399,0.05000000074505806,0.1598421335220337,3.8482842445373535
4935,0.01677032560110092,0.05000000074505806,0.15681953728199005,3.7646989822387695
4936,0.014746719039976597,0.05000000074505806,0.15829835832118988,3.8014705181121826
4937,0.017410317435860634,0.05000000074505806,0.15672461688518524,3.75955867767334
4938,0.016280923038721085,0.05000000074505806,0.15512590110301971,3.7209489345550537
4939,0.01929907687008381,0.05000000074505806,0.1564798206090927,3.7575979232788086
4940,0.016732536256313324,0.05000000074505806,0.15876299142837524,3.805759906768799
4941,0.015534879639744759,0.05000000074505806,0.15913768112659454,3.8122682571411133
4942,0.016081420704722404,0.05000000074505806,0.1555006057024002,3.738602876663208
4943,0.01680377684533596,0.05000000074505806,0.15577538311481476,3.7445602416992188
4944,0.016167744994163513,0.05000000074505806,0.15705935657024384,3.779411792755127
4945,0.01964748278260231,0.05000000074505806,0.15807853639125824,3.785907030105591
4946,0.01815498061478138,0.05000000074505806,0.15886290371418,3.8081018924713135
4947,0.01654542237520218,0.05000000074505806,0.1569594442844391,3.764583110809326
4948,0.016483597457408905,0.05000000074505806,0.15648482739925385,3.746201276779175
4949,0.017302649095654488,0.05000000074505806,0.15864308178424835,3.811342477798462
4950,0.016721468418836594,0.05000000074505806,0.15615007281303406,3.7471814155578613
4951,0.014384870417416096,0.05000000074505806,0.1569744199514389,3.774768352508545
4952,0.0142164072021842,0.05000000074505806,0.15841825306415558,3.8090689182281494
4953,0.01687799021601677,0.05000000074505806,0.15946243703365326,3.820955991744995
4954,0.017436785623431206,0.05000000074505806,0.1583283245563507,3.7969906330108643
4955,0.015555867925286293,0.05000000074505806,0.15695443749427795,3.761519432067871
4956,0.01605856418609619,0.05000000074505806,0.15832334756851196,3.791666269302368
4957,0.01646948978304863,0.05000000074505806,0.15723420679569244,3.7806713581085205
4958,0.01659080944955349,0.05000000074505806,0.1575789451599121,3.78664231300354
4959,0.016937948763370514,0.05000000074505806,0.15921762585639954,3.8241899013519287
4960,0.015162731520831585,0.05000000074505806,0.15772880613803864,3.7960782051086426
4961,0.017501501366496086,0.05000000074505806,0.15681953728199005,3.7564947605133057
4962,0.015906665474176407,0.05000000074505806,0.15652476251125336,3.7537033557891846
4963,0.016798801720142365,0.05000000074505806,0.1587979644536972,3.8055145740509033
4964,0.01623627357184887,0.05000000074505806,0.15829336643218994,3.798651695251465
4965,0.015206418931484222,0.05000000074505806,0.15576039254665375,3.7387731075286865
4966,0.016305718570947647,0.05000000074505806,0.1567346155643463,3.7694852352142334
4967,0.018125120550394058,0.05000000074505806,0.15915267169475555,3.8184025287628174
4968,0.016623008996248245,0.05000000074505806,0.15530574321746826,3.7377450466156006
4969,0.0178036130964756,0.05000000074505806,0.15737910568714142,3.7725489139556885
4970,0.015889372676610947,0.05000000074505806,0.15916268527507782,3.8120367527008057
4971,0.01660998910665512,0.05000000074505806,0.15841825306415558,3.798039436340332
4972,0.01593787781894207,0.05000000074505806,0.15781375765800476,3.781740427017212
4973,0.016749262809753418,0.05000000074505806,0.1562250256538391,3.7517361640930176
4974,0.01890118606388569,0.05000000074505806,0.15443645417690277,3.7034313678741455
4975,0.016748450696468353,0.05000000074505806,0.1576438993215561,3.793055534362793
4976,0.01562698930501938,0.05000000074505806,0.15608014166355133,3.7557594776153564
4977,0.01633344031870365,0.05000000074505806,0.15931254625320435,3.8150737285614014
4978,0.01858869194984436,0.05000000074505806,0.159467414021492,3.8229167461395264
4979,0.018135569989681244,0.05000000074505806,0.1570393592119217,3.7756128311157227
4980,0.018596354871988297,0.05000000074505806,0.15678457915782928,3.747058629989624
4981,0.01625623181462288,0.05000000074505806,0.15657474100589752,3.7582178115844727
4982,0.016867278143763542,0.05000000074505806,0.15759892761707306,3.791543960571289
4983,0.01715884357690811,0.05000000074505806,0.15782874822616577,3.788888931274414
4984,0.017428623512387276,0.05000000074505806,0.15600520372390747,3.7588231563568115
4985,0.016830837354063988,0.05000000074505806,0.15561051666736603,3.7257349491119385
4986,0.01599813811480999,0.05000000074505806,0.15700438618659973,3.7589123249053955
4987,0.017020657658576965,0.05000000074505806,0.15770882368087769,3.783700942993164
4988,0.019608289003372192,0.05000000074505806,0.15537069737911224,3.716421604156494
4989,0.015298920683562756,0.05000000074505806,0.15630994737148285,3.7600696086883545
4990,0.016223536804318428,0.05000000074505806,0.1565597653388977,3.7545344829559326
4991,0.015582838095724583,0.05000000074505806,0.1600819230079651,3.8489582538604736
4992,0.01646578684449196,0.05000000074505806,0.1568794995546341,3.771200656890869
4993,0.017768220975995064,0.05000000074505806,0.1580086052417755,3.7977938652038574
4994,0.017323298379778862,0.05000000074505806,0.1607663929462433,3.8423609733581543
4995,0.015805009752511978,0.05000000074505806,0.15802857279777527,3.786641836166382
4996,0.017435897141695023,0.05000000074505806,0.15935751795768738,3.8188724517822266
